mode,target,modality,regressor,feature_count_request,feature_count_resolved,feature,selected_folds,outer_folds,selection_frequency,mean_feature_score
individual,arousal,eeg,knn,10,10,eeg_bp_alpha__C3,20,5,0.08695652173913043,1.0570281377793729
individual,arousal,eeg,knn,10,10,eeg_bp_alpha__C4,20,5,0.08695652173913043,1.175513270473575
individual,arousal,eeg,knn,10,10,eeg_bp_alpha__Cz,13,5,0.05652173913043478,0.911260024650569
individual,arousal,eeg,knn,10,10,eeg_bp_alpha__Fz,17,5,0.07391304347826087,1.0391709200356047
individual,arousal,eeg,knn,10,10,eeg_bp_alpha__Oz,13,5,0.05652173913043478,1.044199251078774
individual,arousal,eeg,knn,10,10,eeg_bp_alpha__PO7,26,5,0.11304347826086956,1.2762432694024646
individual,arousal,eeg,knn,10,10,eeg_bp_alpha__PO8,13,5,0.05652173913043478,1.066317466469483
individual,arousal,eeg,knn,10,10,eeg_bp_alpha__Pz,17,5,0.07391304347826087,1.0419570647787717
individual,arousal,eeg,knn,10,10,eeg_bp_beta__C3,18,5,0.0782608695652174,1.1752646673321407
individual,arousal,eeg,knn,10,10,eeg_bp_beta__C4,23,5,0.1,1.3884769930964833
individual,arousal,eeg,knn,10,10,eeg_bp_beta__Cz,9,5,0.0391304347826087,1.0366827553345677
individual,arousal,eeg,knn,10,10,eeg_bp_beta__Fz,28,5,0.12173913043478261,1.4422294244329907
individual,arousal,eeg,knn,10,10,eeg_bp_beta__Oz,18,5,0.0782608695652174,1.2212882115562607
individual,arousal,eeg,knn,10,10,eeg_bp_beta__PO7,22,5,0.09565217391304348,1.466711301229227
individual,arousal,eeg,knn,10,10,eeg_bp_beta__PO8,17,5,0.07391304347826087,1.0880043596520916
individual,arousal,eeg,knn,10,10,eeg_bp_beta__Pz,20,5,0.08695652173913043,1.3498839933705054
individual,arousal,eeg,knn,10,10,eeg_bp_delta__C3,9,5,0.0391304347826087,0.8567542654516139
individual,arousal,eeg,knn,10,10,eeg_bp_delta__C4,9,5,0.0391304347826087,1.0646763858288468
individual,arousal,eeg,knn,10,10,eeg_bp_delta__Cz,13,5,0.05652173913043478,1.1289912137231028
individual,arousal,eeg,knn,10,10,eeg_bp_delta__Fz,29,5,0.12608695652173912,1.3618836886806778
individual,arousal,eeg,knn,10,10,eeg_bp_delta__Oz,11,5,0.04782608695652174,1.2298752350154583
individual,arousal,eeg,knn,10,10,eeg_bp_delta__PO7,23,5,0.1,1.140925318908619
individual,arousal,eeg,knn,10,10,eeg_bp_delta__PO8,16,5,0.06956521739130435,1.1874017084915442
individual,arousal,eeg,knn,10,10,eeg_bp_delta__Pz,16,5,0.06956521739130435,0.9398068926420048
individual,arousal,eeg,knn,10,10,eeg_bp_gamma__C3,21,5,0.09130434782608696,1.133989439967218
individual,arousal,eeg,knn,10,10,eeg_bp_gamma__C4,18,5,0.0782608695652174,1.1847003070340172
individual,arousal,eeg,knn,10,10,eeg_bp_gamma__Cz,27,5,0.11739130434782609,1.2478973161869449
individual,arousal,eeg,knn,10,10,eeg_bp_gamma__Fz,20,5,0.08695652173913043,1.0366231639647467
individual,arousal,eeg,knn,10,10,eeg_bp_gamma__Oz,24,5,0.10434782608695652,1.2831350712683705
individual,arousal,eeg,knn,10,10,eeg_bp_gamma__PO7,26,5,0.11304347826086956,1.284744196046049
individual,arousal,eeg,knn,10,10,eeg_bp_gamma__PO8,26,5,0.11304347826086956,1.3239800547025364
individual,arousal,eeg,knn,10,10,eeg_bp_gamma__Pz,32,5,0.1391304347826087,1.3328275855328309
individual,arousal,eeg,knn,10,10,eeg_bp_theta__C3,17,5,0.07391304347826087,1.3648569960139727
individual,arousal,eeg,knn,10,10,eeg_bp_theta__C4,22,5,0.09565217391304348,1.285117838064382
individual,arousal,eeg,knn,10,10,eeg_bp_theta__Cz,25,5,0.10869565217391304,1.2861971511335526
individual,arousal,eeg,knn,10,10,eeg_bp_theta__Fz,6,5,0.02608695652173913,0.7393944110360005
individual,arousal,eeg,knn,10,10,eeg_bp_theta__Oz,23,5,0.1,1.323421939248315
individual,arousal,eeg,knn,10,10,eeg_bp_theta__PO7,15,5,0.06521739130434782,1.1652736632016891
individual,arousal,eeg,knn,10,10,eeg_bp_theta__PO8,27,5,0.11739130434782609,1.3141519071341266
individual,arousal,eeg,knn,10,10,eeg_bp_theta__Pz,15,5,0.06521739130434782,1.055523626808761
individual,arousal,eeg,knn,10,10,eeg_hc__C3,12,5,0.05217391304347826,1.0660406717516038
individual,arousal,eeg,knn,10,10,eeg_hc__C4,23,5,0.1,1.247365807467276
individual,arousal,eeg,knn,10,10,eeg_hc__Cz,22,5,0.09565217391304348,1.2041141216402131
individual,arousal,eeg,knn,10,10,eeg_hc__Fz,26,5,0.11304347826086956,1.4960298403147687
individual,arousal,eeg,knn,10,10,eeg_hc__Oz,11,5,0.04782608695652174,0.9926228562544502
individual,arousal,eeg,knn,10,10,eeg_hc__PO7,16,5,0.06956521739130435,1.083247606519791
individual,arousal,eeg,knn,10,10,eeg_hc__PO8,22,5,0.09565217391304348,1.4838895434348003
individual,arousal,eeg,knn,10,10,eeg_hc__Pz,13,5,0.05652173913043478,1.099675858884008
individual,arousal,eeg,knn,10,10,eeg_hm__C3,16,5,0.06956521739130435,1.0473250776196132
individual,arousal,eeg,knn,10,10,eeg_hm__C4,18,5,0.0782608695652174,1.0912244795852284
individual,arousal,eeg,knn,10,10,eeg_hm__Cz,12,5,0.05217391304347826,1.1283320746250443
individual,arousal,eeg,knn,10,10,eeg_hm__Fz,16,5,0.06956521739130435,1.2110913166035384
individual,arousal,eeg,knn,10,10,eeg_hm__Oz,19,5,0.08260869565217391,1.1931932597007702
individual,arousal,eeg,knn,10,10,eeg_hm__PO7,27,5,0.11739130434782609,1.5519008563471097
individual,arousal,eeg,knn,10,10,eeg_hm__PO8,30,5,0.13043478260869565,1.534639010435952
individual,arousal,eeg,knn,10,10,eeg_hm__Pz,19,5,0.08260869565217391,1.1116133555836885
individual,arousal,eeg,knn,10,10,eeg_mf_hz__C3,20,5,0.08695652173913043,1.1104984212060673
individual,arousal,eeg,knn,10,10,eeg_mf_hz__C4,19,5,0.08260869565217391,1.2853098251758914
individual,arousal,eeg,knn,10,10,eeg_mf_hz__Cz,29,5,0.12608695652173912,1.5282992068292813
individual,arousal,eeg,knn,10,10,eeg_mf_hz__Fz,24,5,0.10434782608695652,1.304191334807583
individual,arousal,eeg,knn,10,10,eeg_mf_hz__Oz,12,5,0.05217391304347826,0.9677919672560519
individual,arousal,eeg,knn,10,10,eeg_mf_hz__PO7,11,5,0.04782608695652174,1.018300809975963
individual,arousal,eeg,knn,10,10,eeg_mf_hz__PO8,31,5,0.13478260869565217,1.6062635750473353
individual,arousal,eeg,knn,10,10,eeg_mf_hz__Pz,12,5,0.05217391304347826,0.9614204983197219
individual,arousal,eeg,knn,10,10,eeg_sd__C3,17,5,0.07391304347826087,1.2181157465013939
individual,arousal,eeg,knn,10,10,eeg_sd__C4,26,5,0.11304347826086956,1.4426250458051195
individual,arousal,eeg,knn,10,10,eeg_sd__Cz,9,5,0.0391304347826087,0.9841031475050623
individual,arousal,eeg,knn,10,10,eeg_sd__Fz,9,5,0.0391304347826087,0.9013691331595624
individual,arousal,eeg,knn,10,10,eeg_sd__Oz,6,5,0.02608695652173913,1.1120311063030386
individual,arousal,eeg,knn,10,10,eeg_sd__PO7,29,5,0.12608695652173912,1.3654009247569179
individual,arousal,eeg,knn,10,10,eeg_sd__PO8,9,5,0.0391304347826087,0.8601873650061131
individual,arousal,eeg,knn,10,10,eeg_sd__Pz,18,5,0.0782608695652174,1.0466066922572672
individual,arousal,eeg,knn,10,10,eeg_se__C3,15,5,0.06521739130434782,0.9651395743084433
individual,arousal,eeg,knn,10,10,eeg_se__C4,19,5,0.08260869565217391,1.1170934604369638
individual,arousal,eeg,knn,10,10,eeg_se__Cz,23,5,0.1,1.211394653234914
individual,arousal,eeg,knn,10,10,eeg_se__Fz,13,5,0.05652173913043478,1.0514375792659074
individual,arousal,eeg,knn,10,10,eeg_se__Oz,15,5,0.06521739130434782,1.1008425294057926
individual,arousal,eeg,knn,10,10,eeg_se__PO7,12,5,0.05217391304347826,1.0638445389666185
individual,arousal,eeg,knn,10,10,eeg_se__PO8,30,5,0.13043478260869565,1.5486702547489524
individual,arousal,eeg,knn,10,10,eeg_se__Pz,16,5,0.06956521739130435,1.0613722306558004
individual,arousal,eeg,knn,10,10,eeg_se_alpha__C3,18,5,0.0782608695652174,1.1035239131416605
individual,arousal,eeg,knn,10,10,eeg_se_alpha__C4,30,5,0.13043478260869565,1.3188929472323723
individual,arousal,eeg,knn,10,10,eeg_se_alpha__Cz,12,5,0.05217391304347826,0.9020102672774958
individual,arousal,eeg,knn,10,10,eeg_se_alpha__Fz,33,5,0.14347826086956522,1.5079679512561246
individual,arousal,eeg,knn,10,10,eeg_se_alpha__Oz,27,5,0.11739130434782609,1.1852732253983667
individual,arousal,eeg,knn,10,10,eeg_se_alpha__PO7,17,5,0.07391304347826087,0.9975414837513263
individual,arousal,eeg,knn,10,10,eeg_se_alpha__PO8,28,5,0.12173913043478261,1.3279846781411138
individual,arousal,eeg,knn,10,10,eeg_se_alpha__Pz,18,5,0.0782608695652174,1.0133518599311635
individual,arousal,eeg,knn,10,10,eeg_se_beta__C3,10,5,0.043478260869565216,0.845515993875119
individual,arousal,eeg,knn,10,10,eeg_se_beta__C4,13,5,0.05652173913043478,0.8669819197094595
individual,arousal,eeg,knn,10,10,eeg_se_beta__Cz,23,5,0.1,1.1815795995421714
individual,arousal,eeg,knn,10,10,eeg_se_beta__Fz,17,5,0.07391304347826087,1.068254052290481
individual,arousal,eeg,knn,10,10,eeg_se_beta__Oz,30,5,0.13043478260869565,1.3359496371361452
individual,arousal,eeg,knn,10,10,eeg_se_beta__PO7,18,5,0.0782608695652174,1.0146632542615028
individual,arousal,eeg,knn,10,10,eeg_se_beta__PO8,24,5,0.10434782608695652,1.1119945269654834
individual,arousal,eeg,knn,10,10,eeg_se_beta__Pz,10,5,0.043478260869565216,0.7065129414625744
individual,arousal,eeg,knn,10,10,eeg_se_delta__C3,10,5,0.043478260869565216,0.7957972464224746
individual,arousal,eeg,knn,10,10,eeg_se_delta__C4,22,5,0.09565217391304348,1.1478115517919893
individual,arousal,eeg,knn,10,10,eeg_se_delta__Cz,29,5,0.12608695652173912,1.4421718296703183
individual,arousal,eeg,knn,10,10,eeg_se_delta__Fz,23,5,0.1,1.0969927981272674
individual,arousal,eeg,knn,10,10,eeg_se_delta__Oz,15,5,0.06521739130434782,0.8078195118554636
individual,arousal,eeg,knn,10,10,eeg_se_delta__PO7,26,5,0.11304347826086956,1.0953371979156625
individual,arousal,eeg,knn,10,10,eeg_se_delta__PO8,10,5,0.043478260869565216,0.7961507929801972
individual,arousal,eeg,knn,10,10,eeg_se_delta__Pz,15,5,0.06521739130434782,0.9472157468856833
individual,arousal,eeg,knn,10,10,eeg_se_gamma__C3,15,5,0.06521739130434782,0.8633431147667391
individual,arousal,eeg,knn,10,10,eeg_se_gamma__C4,16,5,0.06956521739130435,1.1612884104279055
individual,arousal,eeg,knn,10,10,eeg_se_gamma__Cz,16,5,0.06956521739130435,1.0868290014922781
individual,arousal,eeg,knn,10,10,eeg_se_gamma__Fz,40,5,0.17391304347826086,1.5338902202548976
individual,arousal,eeg,knn,10,10,eeg_se_gamma__Oz,20,5,0.08695652173913043,0.9953375096110936
individual,arousal,eeg,knn,10,10,eeg_se_gamma__PO7,9,5,0.0391304347826087,0.7077108788721743
individual,arousal,eeg,knn,10,10,eeg_se_gamma__PO8,23,5,0.1,1.1008916826367063
individual,arousal,eeg,knn,10,10,eeg_se_gamma__Pz,28,5,0.12173913043478261,1.3599548378750466
individual,arousal,eeg,knn,10,10,eeg_se_theta__C3,20,5,0.08695652173913043,1.0088467792785967
individual,arousal,eeg,knn,10,10,eeg_se_theta__C4,24,5,0.10434782608695652,1.131248260805728
individual,arousal,eeg,knn,10,10,eeg_se_theta__Cz,24,5,0.10434782608695652,1.0453309345112243
individual,arousal,eeg,knn,10,10,eeg_se_theta__Fz,11,5,0.04782608695652174,0.8175581622798831
individual,arousal,eeg,knn,10,10,eeg_se_theta__Oz,17,5,0.07391304347826087,1.0097489800013733
individual,arousal,eeg,knn,10,10,eeg_se_theta__PO7,19,5,0.08260869565217391,1.0245213206568247
individual,arousal,eeg,knn,10,10,eeg_se_theta__PO8,23,5,0.1,1.247553142320234
individual,arousal,eeg,knn,10,10,eeg_se_theta__Pz,27,5,0.11739130434782609,1.182851239506684
individual,arousal,eeg,knn,20,20,eeg_bp_alpha__C3,30,5,0.13043478260869565,1.0570281377793729
individual,arousal,eeg,knn,20,20,eeg_bp_alpha__C4,38,5,0.16521739130434782,1.175513270473575
individual,arousal,eeg,knn,20,20,eeg_bp_alpha__Cz,30,5,0.13043478260869565,0.911260024650569
individual,arousal,eeg,knn,20,20,eeg_bp_alpha__Fz,32,5,0.1391304347826087,1.0391709200356047
individual,arousal,eeg,knn,20,20,eeg_bp_alpha__Oz,39,5,0.16956521739130434,1.044199251078774
individual,arousal,eeg,knn,20,20,eeg_bp_alpha__PO7,51,5,0.2217391304347826,1.2762432694024646
individual,arousal,eeg,knn,20,20,eeg_bp_alpha__PO8,34,5,0.14782608695652175,1.066317466469483
individual,arousal,eeg,knn,20,20,eeg_bp_alpha__Pz,36,5,0.1565217391304348,1.0419570647787717
individual,arousal,eeg,knn,20,20,eeg_bp_beta__C3,34,5,0.14782608695652175,1.1752646673321407
individual,arousal,eeg,knn,20,20,eeg_bp_beta__C4,51,5,0.2217391304347826,1.3884769930964833
individual,arousal,eeg,knn,20,20,eeg_bp_beta__Cz,36,5,0.1565217391304348,1.0366827553345677
individual,arousal,eeg,knn,20,20,eeg_bp_beta__Fz,51,5,0.2217391304347826,1.4422294244329907
individual,arousal,eeg,knn,20,20,eeg_bp_beta__Oz,41,5,0.1782608695652174,1.2212882115562607
individual,arousal,eeg,knn,20,20,eeg_bp_beta__PO7,52,5,0.22608695652173913,1.466711301229227
individual,arousal,eeg,knn,20,20,eeg_bp_beta__PO8,26,5,0.11304347826086956,1.0880043596520916
individual,arousal,eeg,knn,20,20,eeg_bp_beta__Pz,48,5,0.20869565217391303,1.3498839933705054
individual,arousal,eeg,knn,20,20,eeg_bp_delta__C3,25,5,0.10869565217391304,0.8567542654516139
individual,arousal,eeg,knn,20,20,eeg_bp_delta__C4,33,5,0.14347826086956522,1.0646763858288468
individual,arousal,eeg,knn,20,20,eeg_bp_delta__Cz,31,5,0.13478260869565217,1.1289912137231028
individual,arousal,eeg,knn,20,20,eeg_bp_delta__Fz,49,5,0.21304347826086956,1.3618836886806778
individual,arousal,eeg,knn,20,20,eeg_bp_delta__Oz,45,5,0.1956521739130435,1.2298752350154583
individual,arousal,eeg,knn,20,20,eeg_bp_delta__PO7,41,5,0.1782608695652174,1.140925318908619
individual,arousal,eeg,knn,20,20,eeg_bp_delta__PO8,40,5,0.17391304347826086,1.1874017084915442
individual,arousal,eeg,knn,20,20,eeg_bp_delta__Pz,32,5,0.1391304347826087,0.9398068926420048
individual,arousal,eeg,knn,20,20,eeg_bp_gamma__C3,35,5,0.15217391304347827,1.133989439967218
individual,arousal,eeg,knn,20,20,eeg_bp_gamma__C4,44,5,0.19130434782608696,1.1847003070340172
individual,arousal,eeg,knn,20,20,eeg_bp_gamma__Cz,47,5,0.20434782608695654,1.2478973161869449
individual,arousal,eeg,knn,20,20,eeg_bp_gamma__Fz,35,5,0.15217391304347827,1.0366231639647467
individual,arousal,eeg,knn,20,20,eeg_bp_gamma__Oz,48,5,0.20869565217391303,1.2831350712683705
individual,arousal,eeg,knn,20,20,eeg_bp_gamma__PO7,46,5,0.2,1.284744196046049
individual,arousal,eeg,knn,20,20,eeg_bp_gamma__PO8,42,5,0.1826086956521739,1.3239800547025364
individual,arousal,eeg,knn,20,20,eeg_bp_gamma__Pz,55,5,0.2391304347826087,1.3328275855328309
individual,arousal,eeg,knn,20,20,eeg_bp_theta__C3,45,5,0.1956521739130435,1.3648569960139727
individual,arousal,eeg,knn,20,20,eeg_bp_theta__C4,50,5,0.21739130434782608,1.285117838064382
individual,arousal,eeg,knn,20,20,eeg_bp_theta__Cz,52,5,0.22608695652173913,1.2861971511335526
individual,arousal,eeg,knn,20,20,eeg_bp_theta__Fz,17,5,0.07391304347826087,0.7393944110360005
individual,arousal,eeg,knn,20,20,eeg_bp_theta__Oz,46,5,0.2,1.323421939248315
individual,arousal,eeg,knn,20,20,eeg_bp_theta__PO7,45,5,0.1956521739130435,1.1652736632016891
individual,arousal,eeg,knn,20,20,eeg_bp_theta__PO8,51,5,0.2217391304347826,1.3141519071341266
individual,arousal,eeg,knn,20,20,eeg_bp_theta__Pz,37,5,0.1608695652173913,1.055523626808761
individual,arousal,eeg,knn,20,20,eeg_hc__C3,28,5,0.12173913043478261,1.0660406717516038
individual,arousal,eeg,knn,20,20,eeg_hc__C4,43,5,0.18695652173913044,1.247365807467276
individual,arousal,eeg,knn,20,20,eeg_hc__Cz,36,5,0.1565217391304348,1.2041141216402131
individual,arousal,eeg,knn,20,20,eeg_hc__Fz,48,5,0.20869565217391303,1.4960298403147687
individual,arousal,eeg,knn,20,20,eeg_hc__Oz,28,5,0.12173913043478261,0.9926228562544502
individual,arousal,eeg,knn,20,20,eeg_hc__PO7,29,5,0.12608695652173912,1.083247606519791
individual,arousal,eeg,knn,20,20,eeg_hc__PO8,48,5,0.20869565217391303,1.4838895434348003
individual,arousal,eeg,knn,20,20,eeg_hc__Pz,33,5,0.14347826086956522,1.099675858884008
individual,arousal,eeg,knn,20,20,eeg_hm__C3,37,5,0.1608695652173913,1.0473250776196132
individual,arousal,eeg,knn,20,20,eeg_hm__C4,35,5,0.15217391304347827,1.0912244795852284
individual,arousal,eeg,knn,20,20,eeg_hm__Cz,31,5,0.13478260869565217,1.1283320746250443
individual,arousal,eeg,knn,20,20,eeg_hm__Fz,38,5,0.16521739130434782,1.2110913166035384
individual,arousal,eeg,knn,20,20,eeg_hm__Oz,37,5,0.1608695652173913,1.1931932597007702
individual,arousal,eeg,knn,20,20,eeg_hm__PO7,50,5,0.21739130434782608,1.5519008563471097
individual,arousal,eeg,knn,20,20,eeg_hm__PO8,48,5,0.20869565217391303,1.534639010435952
individual,arousal,eeg,knn,20,20,eeg_hm__Pz,36,5,0.1565217391304348,1.1116133555836885
individual,arousal,eeg,knn,20,20,eeg_mf_hz__C3,30,5,0.13043478260869565,1.1104984212060673
individual,arousal,eeg,knn,20,20,eeg_mf_hz__C4,46,5,0.2,1.2853098251758914
individual,arousal,eeg,knn,20,20,eeg_mf_hz__Cz,56,5,0.24347826086956523,1.5282992068292813
individual,arousal,eeg,knn,20,20,eeg_mf_hz__Fz,49,5,0.21304347826086956,1.304191334807583
individual,arousal,eeg,knn,20,20,eeg_mf_hz__Oz,26,5,0.11304347826086956,0.9677919672560519
individual,arousal,eeg,knn,20,20,eeg_mf_hz__PO7,24,5,0.10434782608695652,1.018300809975963
individual,arousal,eeg,knn,20,20,eeg_mf_hz__PO8,54,5,0.23478260869565218,1.6062635750473353
individual,arousal,eeg,knn,20,20,eeg_mf_hz__Pz,33,5,0.14347826086956522,0.9614204983197219
individual,arousal,eeg,knn,20,20,eeg_sd__C3,36,5,0.1565217391304348,1.2181157465013939
individual,arousal,eeg,knn,20,20,eeg_sd__C4,47,5,0.20434782608695654,1.4426250458051195
individual,arousal,eeg,knn,20,20,eeg_sd__Cz,26,5,0.11304347826086956,0.9841031475050623
individual,arousal,eeg,knn,20,20,eeg_sd__Fz,34,5,0.14782608695652175,0.9013691331595624
individual,arousal,eeg,knn,20,20,eeg_sd__Oz,36,5,0.1565217391304348,1.1120311063030386
individual,arousal,eeg,knn,20,20,eeg_sd__PO7,50,5,0.21739130434782608,1.3654009247569179
individual,arousal,eeg,knn,20,20,eeg_sd__PO8,20,5,0.08695652173913043,0.8601873650061131
individual,arousal,eeg,knn,20,20,eeg_sd__Pz,45,5,0.1956521739130435,1.0466066922572672
individual,arousal,eeg,knn,20,20,eeg_se__C3,32,5,0.1391304347826087,0.9651395743084433
individual,arousal,eeg,knn,20,20,eeg_se__C4,31,5,0.13478260869565217,1.1170934604369638
individual,arousal,eeg,knn,20,20,eeg_se__Cz,45,5,0.1956521739130435,1.211394653234914
individual,arousal,eeg,knn,20,20,eeg_se__Fz,30,5,0.13043478260869565,1.0514375792659074
individual,arousal,eeg,knn,20,20,eeg_se__Oz,31,5,0.13478260869565217,1.1008425294057926
individual,arousal,eeg,knn,20,20,eeg_se__PO7,31,5,0.13478260869565217,1.0638445389666185
individual,arousal,eeg,knn,20,20,eeg_se__PO8,45,5,0.1956521739130435,1.5486702547489524
individual,arousal,eeg,knn,20,20,eeg_se__Pz,36,5,0.1565217391304348,1.0613722306558004
individual,arousal,eeg,knn,20,20,eeg_se_alpha__C3,44,5,0.19130434782608696,1.1035239131416605
individual,arousal,eeg,knn,20,20,eeg_se_alpha__C4,51,5,0.2217391304347826,1.3188929472323723
individual,arousal,eeg,knn,20,20,eeg_se_alpha__Cz,26,5,0.11304347826086956,0.9020102672774958
individual,arousal,eeg,knn,20,20,eeg_se_alpha__Fz,53,5,0.23043478260869565,1.5079679512561246
individual,arousal,eeg,knn,20,20,eeg_se_alpha__Oz,42,5,0.1826086956521739,1.1852732253983667
individual,arousal,eeg,knn,20,20,eeg_se_alpha__PO7,31,5,0.13478260869565217,0.9975414837513263
individual,arousal,eeg,knn,20,20,eeg_se_alpha__PO8,49,5,0.21304347826086956,1.3279846781411138
individual,arousal,eeg,knn,20,20,eeg_se_alpha__Pz,36,5,0.1565217391304348,1.0133518599311635
individual,arousal,eeg,knn,20,20,eeg_se_beta__C3,30,5,0.13043478260869565,0.845515993875119
individual,arousal,eeg,knn,20,20,eeg_se_beta__C4,27,5,0.11739130434782609,0.8669819197094595
individual,arousal,eeg,knn,20,20,eeg_se_beta__Cz,36,5,0.1565217391304348,1.1815795995421714
individual,arousal,eeg,knn,20,20,eeg_se_beta__Fz,33,5,0.14347826086956522,1.068254052290481
individual,arousal,eeg,knn,20,20,eeg_se_beta__Oz,50,5,0.21739130434782608,1.3359496371361452
individual,arousal,eeg,knn,20,20,eeg_se_beta__PO7,37,5,0.1608695652173913,1.0146632542615028
individual,arousal,eeg,knn,20,20,eeg_se_beta__PO8,43,5,0.18695652173913044,1.1119945269654834
individual,arousal,eeg,knn,20,20,eeg_se_beta__Pz,21,5,0.09130434782608696,0.7065129414625744
individual,arousal,eeg,knn,20,20,eeg_se_delta__C3,24,5,0.10434782608695652,0.7957972464224746
individual,arousal,eeg,knn,20,20,eeg_se_delta__C4,38,5,0.16521739130434782,1.1478115517919893
individual,arousal,eeg,knn,20,20,eeg_se_delta__Cz,53,5,0.23043478260869565,1.4421718296703183
individual,arousal,eeg,knn,20,20,eeg_se_delta__Fz,35,5,0.15217391304347827,1.0969927981272674
individual,arousal,eeg,knn,20,20,eeg_se_delta__Oz,24,5,0.10434782608695652,0.8078195118554636
individual,arousal,eeg,knn,20,20,eeg_se_delta__PO7,38,5,0.16521739130434782,1.0953371979156625
individual,arousal,eeg,knn,20,20,eeg_se_delta__PO8,24,5,0.10434782608695652,0.7961507929801972
individual,arousal,eeg,knn,20,20,eeg_se_delta__Pz,27,5,0.11739130434782609,0.9472157468856833
individual,arousal,eeg,knn,20,20,eeg_se_gamma__C3,31,5,0.13478260869565217,0.8633431147667391
individual,arousal,eeg,knn,20,20,eeg_se_gamma__C4,40,5,0.17391304347826086,1.1612884104279055
individual,arousal,eeg,knn,20,20,eeg_se_gamma__Cz,33,5,0.14347826086956522,1.0868290014922781
individual,arousal,eeg,knn,20,20,eeg_se_gamma__Fz,58,5,0.25217391304347825,1.5338902202548976
individual,arousal,eeg,knn,20,20,eeg_se_gamma__Oz,30,5,0.13043478260869565,0.9953375096110936
individual,arousal,eeg,knn,20,20,eeg_se_gamma__PO7,22,5,0.09565217391304348,0.7077108788721743
individual,arousal,eeg,knn,20,20,eeg_se_gamma__PO8,49,5,0.21304347826086956,1.1008916826367063
individual,arousal,eeg,knn,20,20,eeg_se_gamma__Pz,51,5,0.2217391304347826,1.3599548378750466
individual,arousal,eeg,knn,20,20,eeg_se_theta__C3,34,5,0.14782608695652175,1.0088467792785967
individual,arousal,eeg,knn,20,20,eeg_se_theta__C4,43,5,0.18695652173913044,1.131248260805728
individual,arousal,eeg,knn,20,20,eeg_se_theta__Cz,35,5,0.15217391304347827,1.0453309345112243
individual,arousal,eeg,knn,20,20,eeg_se_theta__Fz,19,5,0.08260869565217391,0.8175581622798831
individual,arousal,eeg,knn,20,20,eeg_se_theta__Oz,35,5,0.15217391304347827,1.0097489800013733
individual,arousal,eeg,knn,20,20,eeg_se_theta__PO7,42,5,0.1826086956521739,1.0245213206568247
individual,arousal,eeg,knn,20,20,eeg_se_theta__PO8,46,5,0.2,1.247553142320234
individual,arousal,eeg,knn,20,20,eeg_se_theta__Pz,42,5,0.1826086956521739,1.182851239506684
individual,arousal,eeg,knn,5,5,eeg_bp_alpha__C3,11,5,0.04782608695652174,1.0570281377793729
individual,arousal,eeg,knn,5,5,eeg_bp_alpha__C4,9,5,0.0391304347826087,1.175513270473575
individual,arousal,eeg,knn,5,5,eeg_bp_alpha__Cz,4,5,0.017391304347826087,0.911260024650569
individual,arousal,eeg,knn,5,5,eeg_bp_alpha__Fz,8,5,0.034782608695652174,1.0391709200356047
individual,arousal,eeg,knn,5,5,eeg_bp_alpha__Oz,4,5,0.017391304347826087,1.044199251078774
individual,arousal,eeg,knn,5,5,eeg_bp_alpha__PO7,13,5,0.05652173913043478,1.2762432694024646
individual,arousal,eeg,knn,5,5,eeg_bp_alpha__PO8,6,5,0.02608695652173913,1.066317466469483
individual,arousal,eeg,knn,5,5,eeg_bp_alpha__Pz,2,5,0.008695652173913044,1.0419570647787717
individual,arousal,eeg,knn,5,5,eeg_bp_beta__C3,8,5,0.034782608695652174,1.1752646673321407
individual,arousal,eeg,knn,5,5,eeg_bp_beta__C4,5,5,0.021739130434782608,1.3884769930964833
individual,arousal,eeg,knn,5,5,eeg_bp_beta__Cz,3,5,0.013043478260869565,1.0366827553345677
individual,arousal,eeg,knn,5,5,eeg_bp_beta__Fz,16,5,0.06956521739130435,1.4422294244329907
individual,arousal,eeg,knn,5,5,eeg_bp_beta__Oz,7,5,0.030434782608695653,1.2212882115562607
individual,arousal,eeg,knn,5,5,eeg_bp_beta__PO7,12,5,0.05217391304347826,1.466711301229227
individual,arousal,eeg,knn,5,5,eeg_bp_beta__PO8,11,5,0.04782608695652174,1.0880043596520916
individual,arousal,eeg,knn,5,5,eeg_bp_beta__Pz,9,5,0.0391304347826087,1.3498839933705054
individual,arousal,eeg,knn,5,5,eeg_bp_delta__C3,3,5,0.013043478260869565,0.8567542654516139
individual,arousal,eeg,knn,5,5,eeg_bp_delta__C4,3,5,0.013043478260869565,1.0646763858288468
individual,arousal,eeg,knn,5,5,eeg_bp_delta__Cz,6,5,0.02608695652173913,1.1289912137231028
individual,arousal,eeg,knn,5,5,eeg_bp_delta__Fz,12,5,0.05217391304347826,1.3618836886806778
individual,arousal,eeg,knn,5,5,eeg_bp_delta__Oz,2,5,0.008695652173913044,1.2298752350154583
individual,arousal,eeg,knn,5,5,eeg_bp_delta__PO7,8,5,0.034782608695652174,1.140925318908619
individual,arousal,eeg,knn,5,5,eeg_bp_delta__PO8,8,5,0.034782608695652174,1.1874017084915442
individual,arousal,eeg,knn,5,5,eeg_bp_delta__Pz,8,5,0.034782608695652174,0.9398068926420048
individual,arousal,eeg,knn,5,5,eeg_bp_gamma__C3,12,5,0.05217391304347826,1.133989439967218
individual,arousal,eeg,knn,5,5,eeg_bp_gamma__C4,10,5,0.043478260869565216,1.1847003070340172
individual,arousal,eeg,knn,5,5,eeg_bp_gamma__Cz,16,5,0.06956521739130435,1.2478973161869449
individual,arousal,eeg,knn,5,5,eeg_bp_gamma__Fz,8,5,0.034782608695652174,1.0366231639647467
individual,arousal,eeg,knn,5,5,eeg_bp_gamma__Oz,13,5,0.05652173913043478,1.2831350712683705
individual,arousal,eeg,knn,5,5,eeg_bp_gamma__PO7,13,5,0.05652173913043478,1.284744196046049
individual,arousal,eeg,knn,5,5,eeg_bp_gamma__PO8,16,5,0.06956521739130435,1.3239800547025364
individual,arousal,eeg,knn,5,5,eeg_bp_gamma__Pz,19,5,0.08260869565217391,1.3328275855328309
individual,arousal,eeg,knn,5,5,eeg_bp_theta__C3,15,5,0.06521739130434782,1.3648569960139727
individual,arousal,eeg,knn,5,5,eeg_bp_theta__C4,12,5,0.05217391304347826,1.285117838064382
individual,arousal,eeg,knn,5,5,eeg_bp_theta__Cz,14,5,0.06086956521739131,1.2861971511335526
individual,arousal,eeg,knn,5,5,eeg_bp_theta__Fz,1,5,0.004347826086956522,0.7393944110360005
individual,arousal,eeg,knn,5,5,eeg_bp_theta__Oz,12,5,0.05217391304347826,1.323421939248315
individual,arousal,eeg,knn,5,5,eeg_bp_theta__PO7,3,5,0.013043478260869565,1.1652736632016891
individual,arousal,eeg,knn,5,5,eeg_bp_theta__PO8,12,5,0.05217391304347826,1.3141519071341266
individual,arousal,eeg,knn,5,5,eeg_bp_theta__Pz,6,5,0.02608695652173913,1.055523626808761
individual,arousal,eeg,knn,5,5,eeg_hc__C3,5,5,0.021739130434782608,1.0660406717516038
individual,arousal,eeg,knn,5,5,eeg_hc__C4,8,5,0.034782608695652174,1.247365807467276
individual,arousal,eeg,knn,5,5,eeg_hc__Cz,10,5,0.043478260869565216,1.2041141216402131
individual,arousal,eeg,knn,5,5,eeg_hc__Fz,15,5,0.06521739130434782,1.4960298403147687
individual,arousal,eeg,knn,5,5,eeg_hc__Oz,5,5,0.021739130434782608,0.9926228562544502
individual,arousal,eeg,knn,5,5,eeg_hc__PO7,5,5,0.021739130434782608,1.083247606519791
individual,arousal,eeg,knn,5,5,eeg_hc__PO8,12,5,0.05217391304347826,1.4838895434348003
individual,arousal,eeg,knn,5,5,eeg_hc__Pz,6,5,0.02608695652173913,1.099675858884008
individual,arousal,eeg,knn,5,5,eeg_hm__C3,6,5,0.02608695652173913,1.0473250776196132
individual,arousal,eeg,knn,5,5,eeg_hm__C4,11,5,0.04782608695652174,1.0912244795852284
individual,arousal,eeg,knn,5,5,eeg_hm__Cz,7,5,0.030434782608695653,1.1283320746250443
individual,arousal,eeg,knn,5,5,eeg_hm__Fz,8,5,0.034782608695652174,1.2110913166035384
individual,arousal,eeg,knn,5,5,eeg_hm__Oz,10,5,0.043478260869565216,1.1931932597007702
individual,arousal,eeg,knn,5,5,eeg_hm__PO7,14,5,0.06086956521739131,1.5519008563471097
individual,arousal,eeg,knn,5,5,eeg_hm__PO8,18,5,0.0782608695652174,1.534639010435952
individual,arousal,eeg,knn,5,5,eeg_hm__Pz,8,5,0.034782608695652174,1.1116133555836885
individual,arousal,eeg,knn,5,5,eeg_mf_hz__C3,7,5,0.030434782608695653,1.1104984212060673
individual,arousal,eeg,knn,5,5,eeg_mf_hz__C4,10,5,0.043478260869565216,1.2853098251758914
individual,arousal,eeg,knn,5,5,eeg_mf_hz__Cz,11,5,0.04782608695652174,1.5282992068292813
individual,arousal,eeg,knn,5,5,eeg_mf_hz__Fz,11,5,0.04782608695652174,1.304191334807583
individual,arousal,eeg,knn,5,5,eeg_mf_hz__Oz,6,5,0.02608695652173913,0.9677919672560519
individual,arousal,eeg,knn,5,5,eeg_mf_hz__PO7,4,5,0.017391304347826087,1.018300809975963
individual,arousal,eeg,knn,5,5,eeg_mf_hz__PO8,13,5,0.05652173913043478,1.6062635750473353
individual,arousal,eeg,knn,5,5,eeg_mf_hz__Pz,6,5,0.02608695652173913,0.9614204983197219
individual,arousal,eeg,knn,5,5,eeg_sd__C3,8,5,0.034782608695652174,1.2181157465013939
individual,arousal,eeg,knn,5,5,eeg_sd__C4,13,5,0.05652173913043478,1.4426250458051195
individual,arousal,eeg,knn,5,5,eeg_sd__Cz,3,5,0.013043478260869565,0.9841031475050623
individual,arousal,eeg,knn,5,5,eeg_sd__Fz,6,5,0.02608695652173913,0.9013691331595624
individual,arousal,eeg,knn,5,5,eeg_sd__Oz,4,5,0.017391304347826087,1.1120311063030386
individual,arousal,eeg,knn,5,5,eeg_sd__PO7,19,5,0.08260869565217391,1.3654009247569179
individual,arousal,eeg,knn,5,5,eeg_sd__PO8,5,5,0.021739130434782608,0.8601873650061131
individual,arousal,eeg,knn,5,5,eeg_sd__Pz,6,5,0.02608695652173913,1.0466066922572672
individual,arousal,eeg,knn,5,5,eeg_se__C3,9,5,0.0391304347826087,0.9651395743084433
individual,arousal,eeg,knn,5,5,eeg_se__C4,8,5,0.034782608695652174,1.1170934604369638
individual,arousal,eeg,knn,5,5,eeg_se__Cz,12,5,0.05217391304347826,1.211394653234914
individual,arousal,eeg,knn,5,5,eeg_se__Fz,5,5,0.021739130434782608,1.0514375792659074
individual,arousal,eeg,knn,5,5,eeg_se__Oz,9,5,0.0391304347826087,1.1008425294057926
individual,arousal,eeg,knn,5,5,eeg_se__PO7,6,5,0.02608695652173913,1.0638445389666185
individual,arousal,eeg,knn,5,5,eeg_se__PO8,16,5,0.06956521739130435,1.5486702547489524
individual,arousal,eeg,knn,5,5,eeg_se__Pz,9,5,0.0391304347826087,1.0613722306558004
individual,arousal,eeg,knn,5,5,eeg_se_alpha__C3,9,5,0.0391304347826087,1.1035239131416605
individual,arousal,eeg,knn,5,5,eeg_se_alpha__C4,19,5,0.08260869565217391,1.3188929472323723
individual,arousal,eeg,knn,5,5,eeg_se_alpha__Cz,7,5,0.030434782608695653,0.9020102672774958
individual,arousal,eeg,knn,5,5,eeg_se_alpha__Fz,19,5,0.08260869565217391,1.5079679512561246
individual,arousal,eeg,knn,5,5,eeg_se_alpha__Oz,17,5,0.07391304347826087,1.1852732253983667
individual,arousal,eeg,knn,5,5,eeg_se_alpha__PO7,8,5,0.034782608695652174,0.9975414837513263
individual,arousal,eeg,knn,5,5,eeg_se_alpha__PO8,17,5,0.07391304347826087,1.3279846781411138
individual,arousal,eeg,knn,5,5,eeg_se_alpha__Pz,6,5,0.02608695652173913,1.0133518599311635
individual,arousal,eeg,knn,5,5,eeg_se_beta__C3,6,5,0.02608695652173913,0.845515993875119
individual,arousal,eeg,knn,5,5,eeg_se_beta__C4,7,5,0.030434782608695653,0.8669819197094595
individual,arousal,eeg,knn,5,5,eeg_se_beta__Cz,16,5,0.06956521739130435,1.1815795995421714
individual,arousal,eeg,knn,5,5,eeg_se_beta__Fz,7,5,0.030434782608695653,1.068254052290481
individual,arousal,eeg,knn,5,5,eeg_se_beta__Oz,18,5,0.0782608695652174,1.3359496371361452
individual,arousal,eeg,knn,5,5,eeg_se_beta__PO7,7,5,0.030434782608695653,1.0146632542615028
individual,arousal,eeg,knn,5,5,eeg_se_beta__PO8,14,5,0.06086956521739131,1.1119945269654834
individual,arousal,eeg,knn,5,5,eeg_se_beta__Pz,3,5,0.013043478260869565,0.7065129414625744
individual,arousal,eeg,knn,5,5,eeg_se_delta__C3,4,5,0.017391304347826087,0.7957972464224746
individual,arousal,eeg,knn,5,5,eeg_se_delta__C4,14,5,0.06086956521739131,1.1478115517919893
individual,arousal,eeg,knn,5,5,eeg_se_delta__Cz,21,5,0.09130434782608696,1.4421718296703183
individual,arousal,eeg,knn,5,5,eeg_se_delta__Fz,18,5,0.0782608695652174,1.0969927981272674
individual,arousal,eeg,knn,5,5,eeg_se_delta__Oz,5,5,0.021739130434782608,0.8078195118554636
individual,arousal,eeg,knn,5,5,eeg_se_delta__PO7,12,5,0.05217391304347826,1.0953371979156625
individual,arousal,eeg,knn,5,5,eeg_se_delta__PO8,3,5,0.013043478260869565,0.7961507929801972
individual,arousal,eeg,knn,5,5,eeg_se_delta__Pz,5,5,0.021739130434782608,0.9472157468856833
individual,arousal,eeg,knn,5,5,eeg_se_gamma__C3,4,5,0.017391304347826087,0.8633431147667391
individual,arousal,eeg,knn,5,5,eeg_se_gamma__C4,10,5,0.043478260869565216,1.1612884104279055
individual,arousal,eeg,knn,5,5,eeg_se_gamma__Cz,8,5,0.034782608695652174,1.0868290014922781
individual,arousal,eeg,knn,5,5,eeg_se_gamma__Fz,22,5,0.09565217391304348,1.5338902202548976
individual,arousal,eeg,knn,5,5,eeg_se_gamma__Oz,11,5,0.04782608695652174,0.9953375096110936
individual,arousal,eeg,knn,5,5,eeg_se_gamma__PO7,4,5,0.017391304347826087,0.7077108788721743
individual,arousal,eeg,knn,5,5,eeg_se_gamma__PO8,11,5,0.04782608695652174,1.1008916826367063
individual,arousal,eeg,knn,5,5,eeg_se_gamma__Pz,17,5,0.07391304347826087,1.3599548378750466
individual,arousal,eeg,knn,5,5,eeg_se_theta__C3,10,5,0.043478260869565216,1.0088467792785967
individual,arousal,eeg,knn,5,5,eeg_se_theta__C4,13,5,0.05652173913043478,1.131248260805728
individual,arousal,eeg,knn,5,5,eeg_se_theta__Cz,14,5,0.06086956521739131,1.0453309345112243
individual,arousal,eeg,knn,5,5,eeg_se_theta__Fz,7,5,0.030434782608695653,0.8175581622798831
individual,arousal,eeg,knn,5,5,eeg_se_theta__Oz,9,5,0.0391304347826087,1.0097489800013733
individual,arousal,eeg,knn,5,5,eeg_se_theta__PO7,8,5,0.034782608695652174,1.0245213206568247
individual,arousal,eeg,knn,5,5,eeg_se_theta__PO8,12,5,0.05217391304347826,1.247553142320234
individual,arousal,eeg,knn,5,5,eeg_se_theta__Pz,14,5,0.06086956521739131,1.182851239506684
individual,arousal,eeg,knn,all,all,eeg_bp_alpha__C3,230,5,1.0,
individual,arousal,eeg,knn,all,all,eeg_bp_alpha__C4,230,5,1.0,
individual,arousal,eeg,knn,all,all,eeg_bp_alpha__Cz,230,5,1.0,
individual,arousal,eeg,knn,all,all,eeg_bp_alpha__Fz,230,5,1.0,
individual,arousal,eeg,knn,all,all,eeg_bp_alpha__Oz,230,5,1.0,
individual,arousal,eeg,knn,all,all,eeg_bp_alpha__PO7,230,5,1.0,
individual,arousal,eeg,knn,all,all,eeg_bp_alpha__PO8,230,5,1.0,
individual,arousal,eeg,knn,all,all,eeg_bp_alpha__Pz,230,5,1.0,
individual,arousal,eeg,knn,all,all,eeg_bp_beta__C3,230,5,1.0,
individual,arousal,eeg,knn,all,all,eeg_bp_beta__C4,230,5,1.0,
individual,arousal,eeg,knn,all,all,eeg_bp_beta__Cz,230,5,1.0,
individual,arousal,eeg,knn,all,all,eeg_bp_beta__Fz,230,5,1.0,
individual,arousal,eeg,knn,all,all,eeg_bp_beta__Oz,230,5,1.0,
individual,arousal,eeg,knn,all,all,eeg_bp_beta__PO7,230,5,1.0,
individual,arousal,eeg,knn,all,all,eeg_bp_beta__PO8,230,5,1.0,
individual,arousal,eeg,knn,all,all,eeg_bp_beta__Pz,230,5,1.0,
individual,arousal,eeg,knn,all,all,eeg_bp_delta__C3,230,5,1.0,
individual,arousal,eeg,knn,all,all,eeg_bp_delta__C4,230,5,1.0,
individual,arousal,eeg,knn,all,all,eeg_bp_delta__Cz,230,5,1.0,
individual,arousal,eeg,knn,all,all,eeg_bp_delta__Fz,230,5,1.0,
individual,arousal,eeg,knn,all,all,eeg_bp_delta__Oz,230,5,1.0,
individual,arousal,eeg,knn,all,all,eeg_bp_delta__PO7,230,5,1.0,
individual,arousal,eeg,knn,all,all,eeg_bp_delta__PO8,230,5,1.0,
individual,arousal,eeg,knn,all,all,eeg_bp_delta__Pz,230,5,1.0,
individual,arousal,eeg,knn,all,all,eeg_bp_gamma__C3,230,5,1.0,
individual,arousal,eeg,knn,all,all,eeg_bp_gamma__C4,230,5,1.0,
individual,arousal,eeg,knn,all,all,eeg_bp_gamma__Cz,230,5,1.0,
individual,arousal,eeg,knn,all,all,eeg_bp_gamma__Fz,230,5,1.0,
individual,arousal,eeg,knn,all,all,eeg_bp_gamma__Oz,230,5,1.0,
individual,arousal,eeg,knn,all,all,eeg_bp_gamma__PO7,230,5,1.0,
individual,arousal,eeg,knn,all,all,eeg_bp_gamma__PO8,230,5,1.0,
individual,arousal,eeg,knn,all,all,eeg_bp_gamma__Pz,230,5,1.0,
individual,arousal,eeg,knn,all,all,eeg_bp_theta__C3,230,5,1.0,
individual,arousal,eeg,knn,all,all,eeg_bp_theta__C4,230,5,1.0,
individual,arousal,eeg,knn,all,all,eeg_bp_theta__Cz,230,5,1.0,
individual,arousal,eeg,knn,all,all,eeg_bp_theta__Fz,230,5,1.0,
individual,arousal,eeg,knn,all,all,eeg_bp_theta__Oz,230,5,1.0,
individual,arousal,eeg,knn,all,all,eeg_bp_theta__PO7,230,5,1.0,
individual,arousal,eeg,knn,all,all,eeg_bp_theta__PO8,230,5,1.0,
individual,arousal,eeg,knn,all,all,eeg_bp_theta__Pz,230,5,1.0,
individual,arousal,eeg,knn,all,all,eeg_hc__C3,230,5,1.0,
individual,arousal,eeg,knn,all,all,eeg_hc__C4,230,5,1.0,
individual,arousal,eeg,knn,all,all,eeg_hc__Cz,230,5,1.0,
individual,arousal,eeg,knn,all,all,eeg_hc__Fz,230,5,1.0,
individual,arousal,eeg,knn,all,all,eeg_hc__Oz,230,5,1.0,
individual,arousal,eeg,knn,all,all,eeg_hc__PO7,230,5,1.0,
individual,arousal,eeg,knn,all,all,eeg_hc__PO8,230,5,1.0,
individual,arousal,eeg,knn,all,all,eeg_hc__Pz,230,5,1.0,
individual,arousal,eeg,knn,all,all,eeg_hm__C3,230,5,1.0,
individual,arousal,eeg,knn,all,all,eeg_hm__C4,230,5,1.0,
individual,arousal,eeg,knn,all,all,eeg_hm__Cz,230,5,1.0,
individual,arousal,eeg,knn,all,all,eeg_hm__Fz,230,5,1.0,
individual,arousal,eeg,knn,all,all,eeg_hm__Oz,230,5,1.0,
individual,arousal,eeg,knn,all,all,eeg_hm__PO7,230,5,1.0,
individual,arousal,eeg,knn,all,all,eeg_hm__PO8,230,5,1.0,
individual,arousal,eeg,knn,all,all,eeg_hm__Pz,230,5,1.0,
individual,arousal,eeg,knn,all,all,eeg_mf_hz__C3,230,5,1.0,
individual,arousal,eeg,knn,all,all,eeg_mf_hz__C4,230,5,1.0,
individual,arousal,eeg,knn,all,all,eeg_mf_hz__Cz,230,5,1.0,
individual,arousal,eeg,knn,all,all,eeg_mf_hz__Fz,230,5,1.0,
individual,arousal,eeg,knn,all,all,eeg_mf_hz__Oz,230,5,1.0,
individual,arousal,eeg,knn,all,all,eeg_mf_hz__PO7,230,5,1.0,
individual,arousal,eeg,knn,all,all,eeg_mf_hz__PO8,230,5,1.0,
individual,arousal,eeg,knn,all,all,eeg_mf_hz__Pz,230,5,1.0,
individual,arousal,eeg,knn,all,all,eeg_sd__C3,230,5,1.0,
individual,arousal,eeg,knn,all,all,eeg_sd__C4,230,5,1.0,
individual,arousal,eeg,knn,all,all,eeg_sd__Cz,230,5,1.0,
individual,arousal,eeg,knn,all,all,eeg_sd__Fz,230,5,1.0,
individual,arousal,eeg,knn,all,all,eeg_sd__Oz,230,5,1.0,
individual,arousal,eeg,knn,all,all,eeg_sd__PO7,230,5,1.0,
individual,arousal,eeg,knn,all,all,eeg_sd__PO8,230,5,1.0,
individual,arousal,eeg,knn,all,all,eeg_sd__Pz,230,5,1.0,
individual,arousal,eeg,knn,all,all,eeg_se__C3,230,5,1.0,
individual,arousal,eeg,knn,all,all,eeg_se__C4,230,5,1.0,
individual,arousal,eeg,knn,all,all,eeg_se__Cz,230,5,1.0,
individual,arousal,eeg,knn,all,all,eeg_se__Fz,230,5,1.0,
individual,arousal,eeg,knn,all,all,eeg_se__Oz,230,5,1.0,
individual,arousal,eeg,knn,all,all,eeg_se__PO7,230,5,1.0,
individual,arousal,eeg,knn,all,all,eeg_se__PO8,230,5,1.0,
individual,arousal,eeg,knn,all,all,eeg_se__Pz,230,5,1.0,
individual,arousal,eeg,knn,all,all,eeg_se_alpha__C3,230,5,1.0,
individual,arousal,eeg,knn,all,all,eeg_se_alpha__C4,230,5,1.0,
individual,arousal,eeg,knn,all,all,eeg_se_alpha__Cz,230,5,1.0,
individual,arousal,eeg,knn,all,all,eeg_se_alpha__Fz,230,5,1.0,
individual,arousal,eeg,knn,all,all,eeg_se_alpha__Oz,230,5,1.0,
individual,arousal,eeg,knn,all,all,eeg_se_alpha__PO7,230,5,1.0,
individual,arousal,eeg,knn,all,all,eeg_se_alpha__PO8,230,5,1.0,
individual,arousal,eeg,knn,all,all,eeg_se_alpha__Pz,230,5,1.0,
individual,arousal,eeg,knn,all,all,eeg_se_beta__C3,230,5,1.0,
individual,arousal,eeg,knn,all,all,eeg_se_beta__C4,230,5,1.0,
individual,arousal,eeg,knn,all,all,eeg_se_beta__Cz,230,5,1.0,
individual,arousal,eeg,knn,all,all,eeg_se_beta__Fz,230,5,1.0,
individual,arousal,eeg,knn,all,all,eeg_se_beta__Oz,230,5,1.0,
individual,arousal,eeg,knn,all,all,eeg_se_beta__PO7,230,5,1.0,
individual,arousal,eeg,knn,all,all,eeg_se_beta__PO8,230,5,1.0,
individual,arousal,eeg,knn,all,all,eeg_se_beta__Pz,230,5,1.0,
individual,arousal,eeg,knn,all,all,eeg_se_delta__C3,230,5,1.0,
individual,arousal,eeg,knn,all,all,eeg_se_delta__C4,230,5,1.0,
individual,arousal,eeg,knn,all,all,eeg_se_delta__Cz,230,5,1.0,
individual,arousal,eeg,knn,all,all,eeg_se_delta__Fz,230,5,1.0,
individual,arousal,eeg,knn,all,all,eeg_se_delta__Oz,230,5,1.0,
individual,arousal,eeg,knn,all,all,eeg_se_delta__PO7,230,5,1.0,
individual,arousal,eeg,knn,all,all,eeg_se_delta__PO8,230,5,1.0,
individual,arousal,eeg,knn,all,all,eeg_se_delta__Pz,230,5,1.0,
individual,arousal,eeg,knn,all,all,eeg_se_gamma__C3,230,5,1.0,
individual,arousal,eeg,knn,all,all,eeg_se_gamma__C4,230,5,1.0,
individual,arousal,eeg,knn,all,all,eeg_se_gamma__Cz,230,5,1.0,
individual,arousal,eeg,knn,all,all,eeg_se_gamma__Fz,230,5,1.0,
individual,arousal,eeg,knn,all,all,eeg_se_gamma__Oz,230,5,1.0,
individual,arousal,eeg,knn,all,all,eeg_se_gamma__PO7,230,5,1.0,
individual,arousal,eeg,knn,all,all,eeg_se_gamma__PO8,230,5,1.0,
individual,arousal,eeg,knn,all,all,eeg_se_gamma__Pz,230,5,1.0,
individual,arousal,eeg,knn,all,all,eeg_se_theta__C3,230,5,1.0,
individual,arousal,eeg,knn,all,all,eeg_se_theta__C4,230,5,1.0,
individual,arousal,eeg,knn,all,all,eeg_se_theta__Cz,230,5,1.0,
individual,arousal,eeg,knn,all,all,eeg_se_theta__Fz,230,5,1.0,
individual,arousal,eeg,knn,all,all,eeg_se_theta__Oz,230,5,1.0,
individual,arousal,eeg,knn,all,all,eeg_se_theta__PO7,230,5,1.0,
individual,arousal,eeg,knn,all,all,eeg_se_theta__PO8,230,5,1.0,
individual,arousal,eeg,knn,all,all,eeg_se_theta__Pz,230,5,1.0,
individual,arousal,eeg,ridge,10,10,eeg_bp_alpha__C3,20,5,0.08695652173913043,1.0570281377793729
individual,arousal,eeg,ridge,10,10,eeg_bp_alpha__C4,20,5,0.08695652173913043,1.175513270473575
individual,arousal,eeg,ridge,10,10,eeg_bp_alpha__Cz,13,5,0.05652173913043478,0.911260024650569
individual,arousal,eeg,ridge,10,10,eeg_bp_alpha__Fz,17,5,0.07391304347826087,1.0391709200356047
individual,arousal,eeg,ridge,10,10,eeg_bp_alpha__Oz,13,5,0.05652173913043478,1.044199251078774
individual,arousal,eeg,ridge,10,10,eeg_bp_alpha__PO7,26,5,0.11304347826086956,1.2762432694024646
individual,arousal,eeg,ridge,10,10,eeg_bp_alpha__PO8,13,5,0.05652173913043478,1.066317466469483
individual,arousal,eeg,ridge,10,10,eeg_bp_alpha__Pz,17,5,0.07391304347826087,1.0419570647787717
individual,arousal,eeg,ridge,10,10,eeg_bp_beta__C3,18,5,0.0782608695652174,1.1752646673321407
individual,arousal,eeg,ridge,10,10,eeg_bp_beta__C4,23,5,0.1,1.3884769930964833
individual,arousal,eeg,ridge,10,10,eeg_bp_beta__Cz,9,5,0.0391304347826087,1.0366827553345677
individual,arousal,eeg,ridge,10,10,eeg_bp_beta__Fz,28,5,0.12173913043478261,1.4422294244329907
individual,arousal,eeg,ridge,10,10,eeg_bp_beta__Oz,18,5,0.0782608695652174,1.2212882115562607
individual,arousal,eeg,ridge,10,10,eeg_bp_beta__PO7,22,5,0.09565217391304348,1.466711301229227
individual,arousal,eeg,ridge,10,10,eeg_bp_beta__PO8,17,5,0.07391304347826087,1.0880043596520916
individual,arousal,eeg,ridge,10,10,eeg_bp_beta__Pz,20,5,0.08695652173913043,1.3498839933705054
individual,arousal,eeg,ridge,10,10,eeg_bp_delta__C3,9,5,0.0391304347826087,0.8567542654516139
individual,arousal,eeg,ridge,10,10,eeg_bp_delta__C4,9,5,0.0391304347826087,1.0646763858288468
individual,arousal,eeg,ridge,10,10,eeg_bp_delta__Cz,13,5,0.05652173913043478,1.1289912137231028
individual,arousal,eeg,ridge,10,10,eeg_bp_delta__Fz,29,5,0.12608695652173912,1.3618836886806778
individual,arousal,eeg,ridge,10,10,eeg_bp_delta__Oz,11,5,0.04782608695652174,1.2298752350154583
individual,arousal,eeg,ridge,10,10,eeg_bp_delta__PO7,23,5,0.1,1.140925318908619
individual,arousal,eeg,ridge,10,10,eeg_bp_delta__PO8,16,5,0.06956521739130435,1.1874017084915442
individual,arousal,eeg,ridge,10,10,eeg_bp_delta__Pz,16,5,0.06956521739130435,0.9398068926420048
individual,arousal,eeg,ridge,10,10,eeg_bp_gamma__C3,21,5,0.09130434782608696,1.133989439967218
individual,arousal,eeg,ridge,10,10,eeg_bp_gamma__C4,18,5,0.0782608695652174,1.1847003070340172
individual,arousal,eeg,ridge,10,10,eeg_bp_gamma__Cz,27,5,0.11739130434782609,1.2478973161869449
individual,arousal,eeg,ridge,10,10,eeg_bp_gamma__Fz,20,5,0.08695652173913043,1.0366231639647467
individual,arousal,eeg,ridge,10,10,eeg_bp_gamma__Oz,24,5,0.10434782608695652,1.2831350712683705
individual,arousal,eeg,ridge,10,10,eeg_bp_gamma__PO7,26,5,0.11304347826086956,1.284744196046049
individual,arousal,eeg,ridge,10,10,eeg_bp_gamma__PO8,26,5,0.11304347826086956,1.3239800547025364
individual,arousal,eeg,ridge,10,10,eeg_bp_gamma__Pz,32,5,0.1391304347826087,1.3328275855328309
individual,arousal,eeg,ridge,10,10,eeg_bp_theta__C3,17,5,0.07391304347826087,1.3648569960139727
individual,arousal,eeg,ridge,10,10,eeg_bp_theta__C4,22,5,0.09565217391304348,1.285117838064382
individual,arousal,eeg,ridge,10,10,eeg_bp_theta__Cz,25,5,0.10869565217391304,1.2861971511335526
individual,arousal,eeg,ridge,10,10,eeg_bp_theta__Fz,6,5,0.02608695652173913,0.7393944110360005
individual,arousal,eeg,ridge,10,10,eeg_bp_theta__Oz,23,5,0.1,1.323421939248315
individual,arousal,eeg,ridge,10,10,eeg_bp_theta__PO7,15,5,0.06521739130434782,1.1652736632016891
individual,arousal,eeg,ridge,10,10,eeg_bp_theta__PO8,27,5,0.11739130434782609,1.3141519071341266
individual,arousal,eeg,ridge,10,10,eeg_bp_theta__Pz,15,5,0.06521739130434782,1.055523626808761
individual,arousal,eeg,ridge,10,10,eeg_hc__C3,12,5,0.05217391304347826,1.0660406717516038
individual,arousal,eeg,ridge,10,10,eeg_hc__C4,23,5,0.1,1.247365807467276
individual,arousal,eeg,ridge,10,10,eeg_hc__Cz,22,5,0.09565217391304348,1.2041141216402131
individual,arousal,eeg,ridge,10,10,eeg_hc__Fz,26,5,0.11304347826086956,1.4960298403147687
individual,arousal,eeg,ridge,10,10,eeg_hc__Oz,11,5,0.04782608695652174,0.9926228562544502
individual,arousal,eeg,ridge,10,10,eeg_hc__PO7,16,5,0.06956521739130435,1.083247606519791
individual,arousal,eeg,ridge,10,10,eeg_hc__PO8,22,5,0.09565217391304348,1.4838895434348003
individual,arousal,eeg,ridge,10,10,eeg_hc__Pz,13,5,0.05652173913043478,1.099675858884008
individual,arousal,eeg,ridge,10,10,eeg_hm__C3,16,5,0.06956521739130435,1.0473250776196132
individual,arousal,eeg,ridge,10,10,eeg_hm__C4,18,5,0.0782608695652174,1.0912244795852284
individual,arousal,eeg,ridge,10,10,eeg_hm__Cz,12,5,0.05217391304347826,1.1283320746250443
individual,arousal,eeg,ridge,10,10,eeg_hm__Fz,16,5,0.06956521739130435,1.2110913166035384
individual,arousal,eeg,ridge,10,10,eeg_hm__Oz,19,5,0.08260869565217391,1.1931932597007702
individual,arousal,eeg,ridge,10,10,eeg_hm__PO7,27,5,0.11739130434782609,1.5519008563471097
individual,arousal,eeg,ridge,10,10,eeg_hm__PO8,30,5,0.13043478260869565,1.534639010435952
individual,arousal,eeg,ridge,10,10,eeg_hm__Pz,19,5,0.08260869565217391,1.1116133555836885
individual,arousal,eeg,ridge,10,10,eeg_mf_hz__C3,20,5,0.08695652173913043,1.1104984212060673
individual,arousal,eeg,ridge,10,10,eeg_mf_hz__C4,19,5,0.08260869565217391,1.2853098251758914
individual,arousal,eeg,ridge,10,10,eeg_mf_hz__Cz,29,5,0.12608695652173912,1.5282992068292813
individual,arousal,eeg,ridge,10,10,eeg_mf_hz__Fz,24,5,0.10434782608695652,1.304191334807583
individual,arousal,eeg,ridge,10,10,eeg_mf_hz__Oz,12,5,0.05217391304347826,0.9677919672560519
individual,arousal,eeg,ridge,10,10,eeg_mf_hz__PO7,11,5,0.04782608695652174,1.018300809975963
individual,arousal,eeg,ridge,10,10,eeg_mf_hz__PO8,31,5,0.13478260869565217,1.6062635750473353
individual,arousal,eeg,ridge,10,10,eeg_mf_hz__Pz,12,5,0.05217391304347826,0.9614204983197219
individual,arousal,eeg,ridge,10,10,eeg_sd__C3,17,5,0.07391304347826087,1.2181157465013939
individual,arousal,eeg,ridge,10,10,eeg_sd__C4,26,5,0.11304347826086956,1.4426250458051195
individual,arousal,eeg,ridge,10,10,eeg_sd__Cz,9,5,0.0391304347826087,0.9841031475050623
individual,arousal,eeg,ridge,10,10,eeg_sd__Fz,9,5,0.0391304347826087,0.9013691331595624
individual,arousal,eeg,ridge,10,10,eeg_sd__Oz,6,5,0.02608695652173913,1.1120311063030386
individual,arousal,eeg,ridge,10,10,eeg_sd__PO7,29,5,0.12608695652173912,1.3654009247569179
individual,arousal,eeg,ridge,10,10,eeg_sd__PO8,9,5,0.0391304347826087,0.8601873650061131
individual,arousal,eeg,ridge,10,10,eeg_sd__Pz,18,5,0.0782608695652174,1.0466066922572672
individual,arousal,eeg,ridge,10,10,eeg_se__C3,15,5,0.06521739130434782,0.9651395743084433
individual,arousal,eeg,ridge,10,10,eeg_se__C4,19,5,0.08260869565217391,1.1170934604369638
individual,arousal,eeg,ridge,10,10,eeg_se__Cz,23,5,0.1,1.211394653234914
individual,arousal,eeg,ridge,10,10,eeg_se__Fz,13,5,0.05652173913043478,1.0514375792659074
individual,arousal,eeg,ridge,10,10,eeg_se__Oz,15,5,0.06521739130434782,1.1008425294057926
individual,arousal,eeg,ridge,10,10,eeg_se__PO7,12,5,0.05217391304347826,1.0638445389666185
individual,arousal,eeg,ridge,10,10,eeg_se__PO8,30,5,0.13043478260869565,1.5486702547489524
individual,arousal,eeg,ridge,10,10,eeg_se__Pz,16,5,0.06956521739130435,1.0613722306558004
individual,arousal,eeg,ridge,10,10,eeg_se_alpha__C3,18,5,0.0782608695652174,1.1035239131416605
individual,arousal,eeg,ridge,10,10,eeg_se_alpha__C4,30,5,0.13043478260869565,1.3188929472323723
individual,arousal,eeg,ridge,10,10,eeg_se_alpha__Cz,12,5,0.05217391304347826,0.9020102672774958
individual,arousal,eeg,ridge,10,10,eeg_se_alpha__Fz,33,5,0.14347826086956522,1.5079679512561246
individual,arousal,eeg,ridge,10,10,eeg_se_alpha__Oz,27,5,0.11739130434782609,1.1852732253983667
individual,arousal,eeg,ridge,10,10,eeg_se_alpha__PO7,17,5,0.07391304347826087,0.9975414837513263
individual,arousal,eeg,ridge,10,10,eeg_se_alpha__PO8,28,5,0.12173913043478261,1.3279846781411138
individual,arousal,eeg,ridge,10,10,eeg_se_alpha__Pz,18,5,0.0782608695652174,1.0133518599311635
individual,arousal,eeg,ridge,10,10,eeg_se_beta__C3,10,5,0.043478260869565216,0.845515993875119
individual,arousal,eeg,ridge,10,10,eeg_se_beta__C4,13,5,0.05652173913043478,0.8669819197094595
individual,arousal,eeg,ridge,10,10,eeg_se_beta__Cz,23,5,0.1,1.1815795995421714
individual,arousal,eeg,ridge,10,10,eeg_se_beta__Fz,17,5,0.07391304347826087,1.068254052290481
individual,arousal,eeg,ridge,10,10,eeg_se_beta__Oz,30,5,0.13043478260869565,1.3359496371361452
individual,arousal,eeg,ridge,10,10,eeg_se_beta__PO7,18,5,0.0782608695652174,1.0146632542615028
individual,arousal,eeg,ridge,10,10,eeg_se_beta__PO8,24,5,0.10434782608695652,1.1119945269654834
individual,arousal,eeg,ridge,10,10,eeg_se_beta__Pz,10,5,0.043478260869565216,0.7065129414625744
individual,arousal,eeg,ridge,10,10,eeg_se_delta__C3,10,5,0.043478260869565216,0.7957972464224746
individual,arousal,eeg,ridge,10,10,eeg_se_delta__C4,22,5,0.09565217391304348,1.1478115517919893
individual,arousal,eeg,ridge,10,10,eeg_se_delta__Cz,29,5,0.12608695652173912,1.4421718296703183
individual,arousal,eeg,ridge,10,10,eeg_se_delta__Fz,23,5,0.1,1.0969927981272674
individual,arousal,eeg,ridge,10,10,eeg_se_delta__Oz,15,5,0.06521739130434782,0.8078195118554636
individual,arousal,eeg,ridge,10,10,eeg_se_delta__PO7,26,5,0.11304347826086956,1.0953371979156625
individual,arousal,eeg,ridge,10,10,eeg_se_delta__PO8,10,5,0.043478260869565216,0.7961507929801972
individual,arousal,eeg,ridge,10,10,eeg_se_delta__Pz,15,5,0.06521739130434782,0.9472157468856833
individual,arousal,eeg,ridge,10,10,eeg_se_gamma__C3,15,5,0.06521739130434782,0.8633431147667391
individual,arousal,eeg,ridge,10,10,eeg_se_gamma__C4,16,5,0.06956521739130435,1.1612884104279055
individual,arousal,eeg,ridge,10,10,eeg_se_gamma__Cz,16,5,0.06956521739130435,1.0868290014922781
individual,arousal,eeg,ridge,10,10,eeg_se_gamma__Fz,40,5,0.17391304347826086,1.5338902202548976
individual,arousal,eeg,ridge,10,10,eeg_se_gamma__Oz,20,5,0.08695652173913043,0.9953375096110936
individual,arousal,eeg,ridge,10,10,eeg_se_gamma__PO7,9,5,0.0391304347826087,0.7077108788721743
individual,arousal,eeg,ridge,10,10,eeg_se_gamma__PO8,23,5,0.1,1.1008916826367063
individual,arousal,eeg,ridge,10,10,eeg_se_gamma__Pz,28,5,0.12173913043478261,1.3599548378750466
individual,arousal,eeg,ridge,10,10,eeg_se_theta__C3,20,5,0.08695652173913043,1.0088467792785967
individual,arousal,eeg,ridge,10,10,eeg_se_theta__C4,24,5,0.10434782608695652,1.131248260805728
individual,arousal,eeg,ridge,10,10,eeg_se_theta__Cz,24,5,0.10434782608695652,1.0453309345112243
individual,arousal,eeg,ridge,10,10,eeg_se_theta__Fz,11,5,0.04782608695652174,0.8175581622798831
individual,arousal,eeg,ridge,10,10,eeg_se_theta__Oz,17,5,0.07391304347826087,1.0097489800013733
individual,arousal,eeg,ridge,10,10,eeg_se_theta__PO7,19,5,0.08260869565217391,1.0245213206568247
individual,arousal,eeg,ridge,10,10,eeg_se_theta__PO8,23,5,0.1,1.247553142320234
individual,arousal,eeg,ridge,10,10,eeg_se_theta__Pz,27,5,0.11739130434782609,1.182851239506684
individual,arousal,eeg,ridge,20,20,eeg_bp_alpha__C3,30,5,0.13043478260869565,1.0570281377793729
individual,arousal,eeg,ridge,20,20,eeg_bp_alpha__C4,38,5,0.16521739130434782,1.175513270473575
individual,arousal,eeg,ridge,20,20,eeg_bp_alpha__Cz,30,5,0.13043478260869565,0.911260024650569
individual,arousal,eeg,ridge,20,20,eeg_bp_alpha__Fz,32,5,0.1391304347826087,1.0391709200356047
individual,arousal,eeg,ridge,20,20,eeg_bp_alpha__Oz,39,5,0.16956521739130434,1.044199251078774
individual,arousal,eeg,ridge,20,20,eeg_bp_alpha__PO7,51,5,0.2217391304347826,1.2762432694024646
individual,arousal,eeg,ridge,20,20,eeg_bp_alpha__PO8,34,5,0.14782608695652175,1.066317466469483
individual,arousal,eeg,ridge,20,20,eeg_bp_alpha__Pz,36,5,0.1565217391304348,1.0419570647787717
individual,arousal,eeg,ridge,20,20,eeg_bp_beta__C3,34,5,0.14782608695652175,1.1752646673321407
individual,arousal,eeg,ridge,20,20,eeg_bp_beta__C4,51,5,0.2217391304347826,1.3884769930964833
individual,arousal,eeg,ridge,20,20,eeg_bp_beta__Cz,36,5,0.1565217391304348,1.0366827553345677
individual,arousal,eeg,ridge,20,20,eeg_bp_beta__Fz,51,5,0.2217391304347826,1.4422294244329907
individual,arousal,eeg,ridge,20,20,eeg_bp_beta__Oz,41,5,0.1782608695652174,1.2212882115562607
individual,arousal,eeg,ridge,20,20,eeg_bp_beta__PO7,52,5,0.22608695652173913,1.466711301229227
individual,arousal,eeg,ridge,20,20,eeg_bp_beta__PO8,26,5,0.11304347826086956,1.0880043596520916
individual,arousal,eeg,ridge,20,20,eeg_bp_beta__Pz,48,5,0.20869565217391303,1.3498839933705054
individual,arousal,eeg,ridge,20,20,eeg_bp_delta__C3,25,5,0.10869565217391304,0.8567542654516139
individual,arousal,eeg,ridge,20,20,eeg_bp_delta__C4,33,5,0.14347826086956522,1.0646763858288468
individual,arousal,eeg,ridge,20,20,eeg_bp_delta__Cz,31,5,0.13478260869565217,1.1289912137231028
individual,arousal,eeg,ridge,20,20,eeg_bp_delta__Fz,49,5,0.21304347826086956,1.3618836886806778
individual,arousal,eeg,ridge,20,20,eeg_bp_delta__Oz,45,5,0.1956521739130435,1.2298752350154583
individual,arousal,eeg,ridge,20,20,eeg_bp_delta__PO7,41,5,0.1782608695652174,1.140925318908619
individual,arousal,eeg,ridge,20,20,eeg_bp_delta__PO8,40,5,0.17391304347826086,1.1874017084915442
individual,arousal,eeg,ridge,20,20,eeg_bp_delta__Pz,32,5,0.1391304347826087,0.9398068926420048
individual,arousal,eeg,ridge,20,20,eeg_bp_gamma__C3,35,5,0.15217391304347827,1.133989439967218
individual,arousal,eeg,ridge,20,20,eeg_bp_gamma__C4,44,5,0.19130434782608696,1.1847003070340172
individual,arousal,eeg,ridge,20,20,eeg_bp_gamma__Cz,47,5,0.20434782608695654,1.2478973161869449
individual,arousal,eeg,ridge,20,20,eeg_bp_gamma__Fz,35,5,0.15217391304347827,1.0366231639647467
individual,arousal,eeg,ridge,20,20,eeg_bp_gamma__Oz,48,5,0.20869565217391303,1.2831350712683705
individual,arousal,eeg,ridge,20,20,eeg_bp_gamma__PO7,46,5,0.2,1.284744196046049
individual,arousal,eeg,ridge,20,20,eeg_bp_gamma__PO8,42,5,0.1826086956521739,1.3239800547025364
individual,arousal,eeg,ridge,20,20,eeg_bp_gamma__Pz,55,5,0.2391304347826087,1.3328275855328309
individual,arousal,eeg,ridge,20,20,eeg_bp_theta__C3,45,5,0.1956521739130435,1.3648569960139727
individual,arousal,eeg,ridge,20,20,eeg_bp_theta__C4,50,5,0.21739130434782608,1.285117838064382
individual,arousal,eeg,ridge,20,20,eeg_bp_theta__Cz,52,5,0.22608695652173913,1.2861971511335526
individual,arousal,eeg,ridge,20,20,eeg_bp_theta__Fz,17,5,0.07391304347826087,0.7393944110360005
individual,arousal,eeg,ridge,20,20,eeg_bp_theta__Oz,46,5,0.2,1.323421939248315
individual,arousal,eeg,ridge,20,20,eeg_bp_theta__PO7,45,5,0.1956521739130435,1.1652736632016891
individual,arousal,eeg,ridge,20,20,eeg_bp_theta__PO8,51,5,0.2217391304347826,1.3141519071341266
individual,arousal,eeg,ridge,20,20,eeg_bp_theta__Pz,37,5,0.1608695652173913,1.055523626808761
individual,arousal,eeg,ridge,20,20,eeg_hc__C3,28,5,0.12173913043478261,1.0660406717516038
individual,arousal,eeg,ridge,20,20,eeg_hc__C4,43,5,0.18695652173913044,1.247365807467276
individual,arousal,eeg,ridge,20,20,eeg_hc__Cz,36,5,0.1565217391304348,1.2041141216402131
individual,arousal,eeg,ridge,20,20,eeg_hc__Fz,48,5,0.20869565217391303,1.4960298403147687
individual,arousal,eeg,ridge,20,20,eeg_hc__Oz,28,5,0.12173913043478261,0.9926228562544502
individual,arousal,eeg,ridge,20,20,eeg_hc__PO7,29,5,0.12608695652173912,1.083247606519791
individual,arousal,eeg,ridge,20,20,eeg_hc__PO8,48,5,0.20869565217391303,1.4838895434348003
individual,arousal,eeg,ridge,20,20,eeg_hc__Pz,33,5,0.14347826086956522,1.099675858884008
individual,arousal,eeg,ridge,20,20,eeg_hm__C3,37,5,0.1608695652173913,1.0473250776196132
individual,arousal,eeg,ridge,20,20,eeg_hm__C4,35,5,0.15217391304347827,1.0912244795852284
individual,arousal,eeg,ridge,20,20,eeg_hm__Cz,31,5,0.13478260869565217,1.1283320746250443
individual,arousal,eeg,ridge,20,20,eeg_hm__Fz,38,5,0.16521739130434782,1.2110913166035384
individual,arousal,eeg,ridge,20,20,eeg_hm__Oz,37,5,0.1608695652173913,1.1931932597007702
individual,arousal,eeg,ridge,20,20,eeg_hm__PO7,50,5,0.21739130434782608,1.5519008563471097
individual,arousal,eeg,ridge,20,20,eeg_hm__PO8,48,5,0.20869565217391303,1.534639010435952
individual,arousal,eeg,ridge,20,20,eeg_hm__Pz,36,5,0.1565217391304348,1.1116133555836885
individual,arousal,eeg,ridge,20,20,eeg_mf_hz__C3,30,5,0.13043478260869565,1.1104984212060673
individual,arousal,eeg,ridge,20,20,eeg_mf_hz__C4,46,5,0.2,1.2853098251758914
individual,arousal,eeg,ridge,20,20,eeg_mf_hz__Cz,56,5,0.24347826086956523,1.5282992068292813
individual,arousal,eeg,ridge,20,20,eeg_mf_hz__Fz,49,5,0.21304347826086956,1.304191334807583
individual,arousal,eeg,ridge,20,20,eeg_mf_hz__Oz,26,5,0.11304347826086956,0.9677919672560519
individual,arousal,eeg,ridge,20,20,eeg_mf_hz__PO7,24,5,0.10434782608695652,1.018300809975963
individual,arousal,eeg,ridge,20,20,eeg_mf_hz__PO8,54,5,0.23478260869565218,1.6062635750473353
individual,arousal,eeg,ridge,20,20,eeg_mf_hz__Pz,33,5,0.14347826086956522,0.9614204983197219
individual,arousal,eeg,ridge,20,20,eeg_sd__C3,36,5,0.1565217391304348,1.2181157465013939
individual,arousal,eeg,ridge,20,20,eeg_sd__C4,47,5,0.20434782608695654,1.4426250458051195
individual,arousal,eeg,ridge,20,20,eeg_sd__Cz,26,5,0.11304347826086956,0.9841031475050623
individual,arousal,eeg,ridge,20,20,eeg_sd__Fz,34,5,0.14782608695652175,0.9013691331595624
individual,arousal,eeg,ridge,20,20,eeg_sd__Oz,36,5,0.1565217391304348,1.1120311063030386
individual,arousal,eeg,ridge,20,20,eeg_sd__PO7,50,5,0.21739130434782608,1.3654009247569179
individual,arousal,eeg,ridge,20,20,eeg_sd__PO8,20,5,0.08695652173913043,0.8601873650061131
individual,arousal,eeg,ridge,20,20,eeg_sd__Pz,45,5,0.1956521739130435,1.0466066922572672
individual,arousal,eeg,ridge,20,20,eeg_se__C3,32,5,0.1391304347826087,0.9651395743084433
individual,arousal,eeg,ridge,20,20,eeg_se__C4,31,5,0.13478260869565217,1.1170934604369638
individual,arousal,eeg,ridge,20,20,eeg_se__Cz,45,5,0.1956521739130435,1.211394653234914
individual,arousal,eeg,ridge,20,20,eeg_se__Fz,30,5,0.13043478260869565,1.0514375792659074
individual,arousal,eeg,ridge,20,20,eeg_se__Oz,31,5,0.13478260869565217,1.1008425294057926
individual,arousal,eeg,ridge,20,20,eeg_se__PO7,31,5,0.13478260869565217,1.0638445389666185
individual,arousal,eeg,ridge,20,20,eeg_se__PO8,45,5,0.1956521739130435,1.5486702547489524
individual,arousal,eeg,ridge,20,20,eeg_se__Pz,36,5,0.1565217391304348,1.0613722306558004
individual,arousal,eeg,ridge,20,20,eeg_se_alpha__C3,44,5,0.19130434782608696,1.1035239131416605
individual,arousal,eeg,ridge,20,20,eeg_se_alpha__C4,51,5,0.2217391304347826,1.3188929472323723
individual,arousal,eeg,ridge,20,20,eeg_se_alpha__Cz,26,5,0.11304347826086956,0.9020102672774958
individual,arousal,eeg,ridge,20,20,eeg_se_alpha__Fz,53,5,0.23043478260869565,1.5079679512561246
individual,arousal,eeg,ridge,20,20,eeg_se_alpha__Oz,42,5,0.1826086956521739,1.1852732253983667
individual,arousal,eeg,ridge,20,20,eeg_se_alpha__PO7,31,5,0.13478260869565217,0.9975414837513263
individual,arousal,eeg,ridge,20,20,eeg_se_alpha__PO8,49,5,0.21304347826086956,1.3279846781411138
individual,arousal,eeg,ridge,20,20,eeg_se_alpha__Pz,36,5,0.1565217391304348,1.0133518599311635
individual,arousal,eeg,ridge,20,20,eeg_se_beta__C3,30,5,0.13043478260869565,0.845515993875119
individual,arousal,eeg,ridge,20,20,eeg_se_beta__C4,27,5,0.11739130434782609,0.8669819197094595
individual,arousal,eeg,ridge,20,20,eeg_se_beta__Cz,36,5,0.1565217391304348,1.1815795995421714
individual,arousal,eeg,ridge,20,20,eeg_se_beta__Fz,33,5,0.14347826086956522,1.068254052290481
individual,arousal,eeg,ridge,20,20,eeg_se_beta__Oz,50,5,0.21739130434782608,1.3359496371361452
individual,arousal,eeg,ridge,20,20,eeg_se_beta__PO7,37,5,0.1608695652173913,1.0146632542615028
individual,arousal,eeg,ridge,20,20,eeg_se_beta__PO8,43,5,0.18695652173913044,1.1119945269654834
individual,arousal,eeg,ridge,20,20,eeg_se_beta__Pz,21,5,0.09130434782608696,0.7065129414625744
individual,arousal,eeg,ridge,20,20,eeg_se_delta__C3,24,5,0.10434782608695652,0.7957972464224746
individual,arousal,eeg,ridge,20,20,eeg_se_delta__C4,38,5,0.16521739130434782,1.1478115517919893
individual,arousal,eeg,ridge,20,20,eeg_se_delta__Cz,53,5,0.23043478260869565,1.4421718296703183
individual,arousal,eeg,ridge,20,20,eeg_se_delta__Fz,35,5,0.15217391304347827,1.0969927981272674
individual,arousal,eeg,ridge,20,20,eeg_se_delta__Oz,24,5,0.10434782608695652,0.8078195118554636
individual,arousal,eeg,ridge,20,20,eeg_se_delta__PO7,38,5,0.16521739130434782,1.0953371979156625
individual,arousal,eeg,ridge,20,20,eeg_se_delta__PO8,24,5,0.10434782608695652,0.7961507929801972
individual,arousal,eeg,ridge,20,20,eeg_se_delta__Pz,27,5,0.11739130434782609,0.9472157468856833
individual,arousal,eeg,ridge,20,20,eeg_se_gamma__C3,31,5,0.13478260869565217,0.8633431147667391
individual,arousal,eeg,ridge,20,20,eeg_se_gamma__C4,40,5,0.17391304347826086,1.1612884104279055
individual,arousal,eeg,ridge,20,20,eeg_se_gamma__Cz,33,5,0.14347826086956522,1.0868290014922781
individual,arousal,eeg,ridge,20,20,eeg_se_gamma__Fz,58,5,0.25217391304347825,1.5338902202548976
individual,arousal,eeg,ridge,20,20,eeg_se_gamma__Oz,30,5,0.13043478260869565,0.9953375096110936
individual,arousal,eeg,ridge,20,20,eeg_se_gamma__PO7,22,5,0.09565217391304348,0.7077108788721743
individual,arousal,eeg,ridge,20,20,eeg_se_gamma__PO8,49,5,0.21304347826086956,1.1008916826367063
individual,arousal,eeg,ridge,20,20,eeg_se_gamma__Pz,51,5,0.2217391304347826,1.3599548378750466
individual,arousal,eeg,ridge,20,20,eeg_se_theta__C3,34,5,0.14782608695652175,1.0088467792785967
individual,arousal,eeg,ridge,20,20,eeg_se_theta__C4,43,5,0.18695652173913044,1.131248260805728
individual,arousal,eeg,ridge,20,20,eeg_se_theta__Cz,35,5,0.15217391304347827,1.0453309345112243
individual,arousal,eeg,ridge,20,20,eeg_se_theta__Fz,19,5,0.08260869565217391,0.8175581622798831
individual,arousal,eeg,ridge,20,20,eeg_se_theta__Oz,35,5,0.15217391304347827,1.0097489800013733
individual,arousal,eeg,ridge,20,20,eeg_se_theta__PO7,42,5,0.1826086956521739,1.0245213206568247
individual,arousal,eeg,ridge,20,20,eeg_se_theta__PO8,46,5,0.2,1.247553142320234
individual,arousal,eeg,ridge,20,20,eeg_se_theta__Pz,42,5,0.1826086956521739,1.182851239506684
individual,arousal,eeg,ridge,5,5,eeg_bp_alpha__C3,11,5,0.04782608695652174,1.0570281377793729
individual,arousal,eeg,ridge,5,5,eeg_bp_alpha__C4,9,5,0.0391304347826087,1.175513270473575
individual,arousal,eeg,ridge,5,5,eeg_bp_alpha__Cz,4,5,0.017391304347826087,0.911260024650569
individual,arousal,eeg,ridge,5,5,eeg_bp_alpha__Fz,8,5,0.034782608695652174,1.0391709200356047
individual,arousal,eeg,ridge,5,5,eeg_bp_alpha__Oz,4,5,0.017391304347826087,1.044199251078774
individual,arousal,eeg,ridge,5,5,eeg_bp_alpha__PO7,13,5,0.05652173913043478,1.2762432694024646
individual,arousal,eeg,ridge,5,5,eeg_bp_alpha__PO8,6,5,0.02608695652173913,1.066317466469483
individual,arousal,eeg,ridge,5,5,eeg_bp_alpha__Pz,2,5,0.008695652173913044,1.0419570647787717
individual,arousal,eeg,ridge,5,5,eeg_bp_beta__C3,8,5,0.034782608695652174,1.1752646673321407
individual,arousal,eeg,ridge,5,5,eeg_bp_beta__C4,5,5,0.021739130434782608,1.3884769930964833
individual,arousal,eeg,ridge,5,5,eeg_bp_beta__Cz,3,5,0.013043478260869565,1.0366827553345677
individual,arousal,eeg,ridge,5,5,eeg_bp_beta__Fz,16,5,0.06956521739130435,1.4422294244329907
individual,arousal,eeg,ridge,5,5,eeg_bp_beta__Oz,7,5,0.030434782608695653,1.2212882115562607
individual,arousal,eeg,ridge,5,5,eeg_bp_beta__PO7,12,5,0.05217391304347826,1.466711301229227
individual,arousal,eeg,ridge,5,5,eeg_bp_beta__PO8,11,5,0.04782608695652174,1.0880043596520916
individual,arousal,eeg,ridge,5,5,eeg_bp_beta__Pz,9,5,0.0391304347826087,1.3498839933705054
individual,arousal,eeg,ridge,5,5,eeg_bp_delta__C3,3,5,0.013043478260869565,0.8567542654516139
individual,arousal,eeg,ridge,5,5,eeg_bp_delta__C4,3,5,0.013043478260869565,1.0646763858288468
individual,arousal,eeg,ridge,5,5,eeg_bp_delta__Cz,6,5,0.02608695652173913,1.1289912137231028
individual,arousal,eeg,ridge,5,5,eeg_bp_delta__Fz,12,5,0.05217391304347826,1.3618836886806778
individual,arousal,eeg,ridge,5,5,eeg_bp_delta__Oz,2,5,0.008695652173913044,1.2298752350154583
individual,arousal,eeg,ridge,5,5,eeg_bp_delta__PO7,8,5,0.034782608695652174,1.140925318908619
individual,arousal,eeg,ridge,5,5,eeg_bp_delta__PO8,8,5,0.034782608695652174,1.1874017084915442
individual,arousal,eeg,ridge,5,5,eeg_bp_delta__Pz,8,5,0.034782608695652174,0.9398068926420048
individual,arousal,eeg,ridge,5,5,eeg_bp_gamma__C3,12,5,0.05217391304347826,1.133989439967218
individual,arousal,eeg,ridge,5,5,eeg_bp_gamma__C4,10,5,0.043478260869565216,1.1847003070340172
individual,arousal,eeg,ridge,5,5,eeg_bp_gamma__Cz,16,5,0.06956521739130435,1.2478973161869449
individual,arousal,eeg,ridge,5,5,eeg_bp_gamma__Fz,8,5,0.034782608695652174,1.0366231639647467
individual,arousal,eeg,ridge,5,5,eeg_bp_gamma__Oz,13,5,0.05652173913043478,1.2831350712683705
individual,arousal,eeg,ridge,5,5,eeg_bp_gamma__PO7,13,5,0.05652173913043478,1.284744196046049
individual,arousal,eeg,ridge,5,5,eeg_bp_gamma__PO8,16,5,0.06956521739130435,1.3239800547025364
individual,arousal,eeg,ridge,5,5,eeg_bp_gamma__Pz,19,5,0.08260869565217391,1.3328275855328309
individual,arousal,eeg,ridge,5,5,eeg_bp_theta__C3,15,5,0.06521739130434782,1.3648569960139727
individual,arousal,eeg,ridge,5,5,eeg_bp_theta__C4,12,5,0.05217391304347826,1.285117838064382
individual,arousal,eeg,ridge,5,5,eeg_bp_theta__Cz,14,5,0.06086956521739131,1.2861971511335526
individual,arousal,eeg,ridge,5,5,eeg_bp_theta__Fz,1,5,0.004347826086956522,0.7393944110360005
individual,arousal,eeg,ridge,5,5,eeg_bp_theta__Oz,12,5,0.05217391304347826,1.323421939248315
individual,arousal,eeg,ridge,5,5,eeg_bp_theta__PO7,3,5,0.013043478260869565,1.1652736632016891
individual,arousal,eeg,ridge,5,5,eeg_bp_theta__PO8,12,5,0.05217391304347826,1.3141519071341266
individual,arousal,eeg,ridge,5,5,eeg_bp_theta__Pz,6,5,0.02608695652173913,1.055523626808761
individual,arousal,eeg,ridge,5,5,eeg_hc__C3,5,5,0.021739130434782608,1.0660406717516038
individual,arousal,eeg,ridge,5,5,eeg_hc__C4,8,5,0.034782608695652174,1.247365807467276
individual,arousal,eeg,ridge,5,5,eeg_hc__Cz,10,5,0.043478260869565216,1.2041141216402131
individual,arousal,eeg,ridge,5,5,eeg_hc__Fz,15,5,0.06521739130434782,1.4960298403147687
individual,arousal,eeg,ridge,5,5,eeg_hc__Oz,5,5,0.021739130434782608,0.9926228562544502
individual,arousal,eeg,ridge,5,5,eeg_hc__PO7,5,5,0.021739130434782608,1.083247606519791
individual,arousal,eeg,ridge,5,5,eeg_hc__PO8,12,5,0.05217391304347826,1.4838895434348003
individual,arousal,eeg,ridge,5,5,eeg_hc__Pz,6,5,0.02608695652173913,1.099675858884008
individual,arousal,eeg,ridge,5,5,eeg_hm__C3,6,5,0.02608695652173913,1.0473250776196132
individual,arousal,eeg,ridge,5,5,eeg_hm__C4,11,5,0.04782608695652174,1.0912244795852284
individual,arousal,eeg,ridge,5,5,eeg_hm__Cz,7,5,0.030434782608695653,1.1283320746250443
individual,arousal,eeg,ridge,5,5,eeg_hm__Fz,8,5,0.034782608695652174,1.2110913166035384
individual,arousal,eeg,ridge,5,5,eeg_hm__Oz,10,5,0.043478260869565216,1.1931932597007702
individual,arousal,eeg,ridge,5,5,eeg_hm__PO7,14,5,0.06086956521739131,1.5519008563471097
individual,arousal,eeg,ridge,5,5,eeg_hm__PO8,18,5,0.0782608695652174,1.534639010435952
individual,arousal,eeg,ridge,5,5,eeg_hm__Pz,8,5,0.034782608695652174,1.1116133555836885
individual,arousal,eeg,ridge,5,5,eeg_mf_hz__C3,7,5,0.030434782608695653,1.1104984212060673
individual,arousal,eeg,ridge,5,5,eeg_mf_hz__C4,10,5,0.043478260869565216,1.2853098251758914
individual,arousal,eeg,ridge,5,5,eeg_mf_hz__Cz,11,5,0.04782608695652174,1.5282992068292813
individual,arousal,eeg,ridge,5,5,eeg_mf_hz__Fz,11,5,0.04782608695652174,1.304191334807583
individual,arousal,eeg,ridge,5,5,eeg_mf_hz__Oz,6,5,0.02608695652173913,0.9677919672560519
individual,arousal,eeg,ridge,5,5,eeg_mf_hz__PO7,4,5,0.017391304347826087,1.018300809975963
individual,arousal,eeg,ridge,5,5,eeg_mf_hz__PO8,13,5,0.05652173913043478,1.6062635750473353
individual,arousal,eeg,ridge,5,5,eeg_mf_hz__Pz,6,5,0.02608695652173913,0.9614204983197219
individual,arousal,eeg,ridge,5,5,eeg_sd__C3,8,5,0.034782608695652174,1.2181157465013939
individual,arousal,eeg,ridge,5,5,eeg_sd__C4,13,5,0.05652173913043478,1.4426250458051195
individual,arousal,eeg,ridge,5,5,eeg_sd__Cz,3,5,0.013043478260869565,0.9841031475050623
individual,arousal,eeg,ridge,5,5,eeg_sd__Fz,6,5,0.02608695652173913,0.9013691331595624
individual,arousal,eeg,ridge,5,5,eeg_sd__Oz,4,5,0.017391304347826087,1.1120311063030386
individual,arousal,eeg,ridge,5,5,eeg_sd__PO7,19,5,0.08260869565217391,1.3654009247569179
individual,arousal,eeg,ridge,5,5,eeg_sd__PO8,5,5,0.021739130434782608,0.8601873650061131
individual,arousal,eeg,ridge,5,5,eeg_sd__Pz,6,5,0.02608695652173913,1.0466066922572672
individual,arousal,eeg,ridge,5,5,eeg_se__C3,9,5,0.0391304347826087,0.9651395743084433
individual,arousal,eeg,ridge,5,5,eeg_se__C4,8,5,0.034782608695652174,1.1170934604369638
individual,arousal,eeg,ridge,5,5,eeg_se__Cz,12,5,0.05217391304347826,1.211394653234914
individual,arousal,eeg,ridge,5,5,eeg_se__Fz,5,5,0.021739130434782608,1.0514375792659074
individual,arousal,eeg,ridge,5,5,eeg_se__Oz,9,5,0.0391304347826087,1.1008425294057926
individual,arousal,eeg,ridge,5,5,eeg_se__PO7,6,5,0.02608695652173913,1.0638445389666185
individual,arousal,eeg,ridge,5,5,eeg_se__PO8,16,5,0.06956521739130435,1.5486702547489524
individual,arousal,eeg,ridge,5,5,eeg_se__Pz,9,5,0.0391304347826087,1.0613722306558004
individual,arousal,eeg,ridge,5,5,eeg_se_alpha__C3,9,5,0.0391304347826087,1.1035239131416605
individual,arousal,eeg,ridge,5,5,eeg_se_alpha__C4,19,5,0.08260869565217391,1.3188929472323723
individual,arousal,eeg,ridge,5,5,eeg_se_alpha__Cz,7,5,0.030434782608695653,0.9020102672774958
individual,arousal,eeg,ridge,5,5,eeg_se_alpha__Fz,19,5,0.08260869565217391,1.5079679512561246
individual,arousal,eeg,ridge,5,5,eeg_se_alpha__Oz,17,5,0.07391304347826087,1.1852732253983667
individual,arousal,eeg,ridge,5,5,eeg_se_alpha__PO7,8,5,0.034782608695652174,0.9975414837513263
individual,arousal,eeg,ridge,5,5,eeg_se_alpha__PO8,17,5,0.07391304347826087,1.3279846781411138
individual,arousal,eeg,ridge,5,5,eeg_se_alpha__Pz,6,5,0.02608695652173913,1.0133518599311635
individual,arousal,eeg,ridge,5,5,eeg_se_beta__C3,6,5,0.02608695652173913,0.845515993875119
individual,arousal,eeg,ridge,5,5,eeg_se_beta__C4,7,5,0.030434782608695653,0.8669819197094595
individual,arousal,eeg,ridge,5,5,eeg_se_beta__Cz,16,5,0.06956521739130435,1.1815795995421714
individual,arousal,eeg,ridge,5,5,eeg_se_beta__Fz,7,5,0.030434782608695653,1.068254052290481
individual,arousal,eeg,ridge,5,5,eeg_se_beta__Oz,18,5,0.0782608695652174,1.3359496371361452
individual,arousal,eeg,ridge,5,5,eeg_se_beta__PO7,7,5,0.030434782608695653,1.0146632542615028
individual,arousal,eeg,ridge,5,5,eeg_se_beta__PO8,14,5,0.06086956521739131,1.1119945269654834
individual,arousal,eeg,ridge,5,5,eeg_se_beta__Pz,3,5,0.013043478260869565,0.7065129414625744
individual,arousal,eeg,ridge,5,5,eeg_se_delta__C3,4,5,0.017391304347826087,0.7957972464224746
individual,arousal,eeg,ridge,5,5,eeg_se_delta__C4,14,5,0.06086956521739131,1.1478115517919893
individual,arousal,eeg,ridge,5,5,eeg_se_delta__Cz,21,5,0.09130434782608696,1.4421718296703183
individual,arousal,eeg,ridge,5,5,eeg_se_delta__Fz,18,5,0.0782608695652174,1.0969927981272674
individual,arousal,eeg,ridge,5,5,eeg_se_delta__Oz,5,5,0.021739130434782608,0.8078195118554636
individual,arousal,eeg,ridge,5,5,eeg_se_delta__PO7,12,5,0.05217391304347826,1.0953371979156625
individual,arousal,eeg,ridge,5,5,eeg_se_delta__PO8,3,5,0.013043478260869565,0.7961507929801972
individual,arousal,eeg,ridge,5,5,eeg_se_delta__Pz,5,5,0.021739130434782608,0.9472157468856833
individual,arousal,eeg,ridge,5,5,eeg_se_gamma__C3,4,5,0.017391304347826087,0.8633431147667391
individual,arousal,eeg,ridge,5,5,eeg_se_gamma__C4,10,5,0.043478260869565216,1.1612884104279055
individual,arousal,eeg,ridge,5,5,eeg_se_gamma__Cz,8,5,0.034782608695652174,1.0868290014922781
individual,arousal,eeg,ridge,5,5,eeg_se_gamma__Fz,22,5,0.09565217391304348,1.5338902202548976
individual,arousal,eeg,ridge,5,5,eeg_se_gamma__Oz,11,5,0.04782608695652174,0.9953375096110936
individual,arousal,eeg,ridge,5,5,eeg_se_gamma__PO7,4,5,0.017391304347826087,0.7077108788721743
individual,arousal,eeg,ridge,5,5,eeg_se_gamma__PO8,11,5,0.04782608695652174,1.1008916826367063
individual,arousal,eeg,ridge,5,5,eeg_se_gamma__Pz,17,5,0.07391304347826087,1.3599548378750466
individual,arousal,eeg,ridge,5,5,eeg_se_theta__C3,10,5,0.043478260869565216,1.0088467792785967
individual,arousal,eeg,ridge,5,5,eeg_se_theta__C4,13,5,0.05652173913043478,1.131248260805728
individual,arousal,eeg,ridge,5,5,eeg_se_theta__Cz,14,5,0.06086956521739131,1.0453309345112243
individual,arousal,eeg,ridge,5,5,eeg_se_theta__Fz,7,5,0.030434782608695653,0.8175581622798831
individual,arousal,eeg,ridge,5,5,eeg_se_theta__Oz,9,5,0.0391304347826087,1.0097489800013733
individual,arousal,eeg,ridge,5,5,eeg_se_theta__PO7,8,5,0.034782608695652174,1.0245213206568247
individual,arousal,eeg,ridge,5,5,eeg_se_theta__PO8,12,5,0.05217391304347826,1.247553142320234
individual,arousal,eeg,ridge,5,5,eeg_se_theta__Pz,14,5,0.06086956521739131,1.182851239506684
individual,arousal,eeg,ridge,all,all,eeg_bp_alpha__C3,230,5,1.0,
individual,arousal,eeg,ridge,all,all,eeg_bp_alpha__C4,230,5,1.0,
individual,arousal,eeg,ridge,all,all,eeg_bp_alpha__Cz,230,5,1.0,
individual,arousal,eeg,ridge,all,all,eeg_bp_alpha__Fz,230,5,1.0,
individual,arousal,eeg,ridge,all,all,eeg_bp_alpha__Oz,230,5,1.0,
individual,arousal,eeg,ridge,all,all,eeg_bp_alpha__PO7,230,5,1.0,
individual,arousal,eeg,ridge,all,all,eeg_bp_alpha__PO8,230,5,1.0,
individual,arousal,eeg,ridge,all,all,eeg_bp_alpha__Pz,230,5,1.0,
individual,arousal,eeg,ridge,all,all,eeg_bp_beta__C3,230,5,1.0,
individual,arousal,eeg,ridge,all,all,eeg_bp_beta__C4,230,5,1.0,
individual,arousal,eeg,ridge,all,all,eeg_bp_beta__Cz,230,5,1.0,
individual,arousal,eeg,ridge,all,all,eeg_bp_beta__Fz,230,5,1.0,
individual,arousal,eeg,ridge,all,all,eeg_bp_beta__Oz,230,5,1.0,
individual,arousal,eeg,ridge,all,all,eeg_bp_beta__PO7,230,5,1.0,
individual,arousal,eeg,ridge,all,all,eeg_bp_beta__PO8,230,5,1.0,
individual,arousal,eeg,ridge,all,all,eeg_bp_beta__Pz,230,5,1.0,
individual,arousal,eeg,ridge,all,all,eeg_bp_delta__C3,230,5,1.0,
individual,arousal,eeg,ridge,all,all,eeg_bp_delta__C4,230,5,1.0,
individual,arousal,eeg,ridge,all,all,eeg_bp_delta__Cz,230,5,1.0,
individual,arousal,eeg,ridge,all,all,eeg_bp_delta__Fz,230,5,1.0,
individual,arousal,eeg,ridge,all,all,eeg_bp_delta__Oz,230,5,1.0,
individual,arousal,eeg,ridge,all,all,eeg_bp_delta__PO7,230,5,1.0,
individual,arousal,eeg,ridge,all,all,eeg_bp_delta__PO8,230,5,1.0,
individual,arousal,eeg,ridge,all,all,eeg_bp_delta__Pz,230,5,1.0,
individual,arousal,eeg,ridge,all,all,eeg_bp_gamma__C3,230,5,1.0,
individual,arousal,eeg,ridge,all,all,eeg_bp_gamma__C4,230,5,1.0,
individual,arousal,eeg,ridge,all,all,eeg_bp_gamma__Cz,230,5,1.0,
individual,arousal,eeg,ridge,all,all,eeg_bp_gamma__Fz,230,5,1.0,
individual,arousal,eeg,ridge,all,all,eeg_bp_gamma__Oz,230,5,1.0,
individual,arousal,eeg,ridge,all,all,eeg_bp_gamma__PO7,230,5,1.0,
individual,arousal,eeg,ridge,all,all,eeg_bp_gamma__PO8,230,5,1.0,
individual,arousal,eeg,ridge,all,all,eeg_bp_gamma__Pz,230,5,1.0,
individual,arousal,eeg,ridge,all,all,eeg_bp_theta__C3,230,5,1.0,
individual,arousal,eeg,ridge,all,all,eeg_bp_theta__C4,230,5,1.0,
individual,arousal,eeg,ridge,all,all,eeg_bp_theta__Cz,230,5,1.0,
individual,arousal,eeg,ridge,all,all,eeg_bp_theta__Fz,230,5,1.0,
individual,arousal,eeg,ridge,all,all,eeg_bp_theta__Oz,230,5,1.0,
individual,arousal,eeg,ridge,all,all,eeg_bp_theta__PO7,230,5,1.0,
individual,arousal,eeg,ridge,all,all,eeg_bp_theta__PO8,230,5,1.0,
individual,arousal,eeg,ridge,all,all,eeg_bp_theta__Pz,230,5,1.0,
individual,arousal,eeg,ridge,all,all,eeg_hc__C3,230,5,1.0,
individual,arousal,eeg,ridge,all,all,eeg_hc__C4,230,5,1.0,
individual,arousal,eeg,ridge,all,all,eeg_hc__Cz,230,5,1.0,
individual,arousal,eeg,ridge,all,all,eeg_hc__Fz,230,5,1.0,
individual,arousal,eeg,ridge,all,all,eeg_hc__Oz,230,5,1.0,
individual,arousal,eeg,ridge,all,all,eeg_hc__PO7,230,5,1.0,
individual,arousal,eeg,ridge,all,all,eeg_hc__PO8,230,5,1.0,
individual,arousal,eeg,ridge,all,all,eeg_hc__Pz,230,5,1.0,
individual,arousal,eeg,ridge,all,all,eeg_hm__C3,230,5,1.0,
individual,arousal,eeg,ridge,all,all,eeg_hm__C4,230,5,1.0,
individual,arousal,eeg,ridge,all,all,eeg_hm__Cz,230,5,1.0,
individual,arousal,eeg,ridge,all,all,eeg_hm__Fz,230,5,1.0,
individual,arousal,eeg,ridge,all,all,eeg_hm__Oz,230,5,1.0,
individual,arousal,eeg,ridge,all,all,eeg_hm__PO7,230,5,1.0,
individual,arousal,eeg,ridge,all,all,eeg_hm__PO8,230,5,1.0,
individual,arousal,eeg,ridge,all,all,eeg_hm__Pz,230,5,1.0,
individual,arousal,eeg,ridge,all,all,eeg_mf_hz__C3,230,5,1.0,
individual,arousal,eeg,ridge,all,all,eeg_mf_hz__C4,230,5,1.0,
individual,arousal,eeg,ridge,all,all,eeg_mf_hz__Cz,230,5,1.0,
individual,arousal,eeg,ridge,all,all,eeg_mf_hz__Fz,230,5,1.0,
individual,arousal,eeg,ridge,all,all,eeg_mf_hz__Oz,230,5,1.0,
individual,arousal,eeg,ridge,all,all,eeg_mf_hz__PO7,230,5,1.0,
individual,arousal,eeg,ridge,all,all,eeg_mf_hz__PO8,230,5,1.0,
individual,arousal,eeg,ridge,all,all,eeg_mf_hz__Pz,230,5,1.0,
individual,arousal,eeg,ridge,all,all,eeg_sd__C3,230,5,1.0,
individual,arousal,eeg,ridge,all,all,eeg_sd__C4,230,5,1.0,
individual,arousal,eeg,ridge,all,all,eeg_sd__Cz,230,5,1.0,
individual,arousal,eeg,ridge,all,all,eeg_sd__Fz,230,5,1.0,
individual,arousal,eeg,ridge,all,all,eeg_sd__Oz,230,5,1.0,
individual,arousal,eeg,ridge,all,all,eeg_sd__PO7,230,5,1.0,
individual,arousal,eeg,ridge,all,all,eeg_sd__PO8,230,5,1.0,
individual,arousal,eeg,ridge,all,all,eeg_sd__Pz,230,5,1.0,
individual,arousal,eeg,ridge,all,all,eeg_se__C3,230,5,1.0,
individual,arousal,eeg,ridge,all,all,eeg_se__C4,230,5,1.0,
individual,arousal,eeg,ridge,all,all,eeg_se__Cz,230,5,1.0,
individual,arousal,eeg,ridge,all,all,eeg_se__Fz,230,5,1.0,
individual,arousal,eeg,ridge,all,all,eeg_se__Oz,230,5,1.0,
individual,arousal,eeg,ridge,all,all,eeg_se__PO7,230,5,1.0,
individual,arousal,eeg,ridge,all,all,eeg_se__PO8,230,5,1.0,
individual,arousal,eeg,ridge,all,all,eeg_se__Pz,230,5,1.0,
individual,arousal,eeg,ridge,all,all,eeg_se_alpha__C3,230,5,1.0,
individual,arousal,eeg,ridge,all,all,eeg_se_alpha__C4,230,5,1.0,
individual,arousal,eeg,ridge,all,all,eeg_se_alpha__Cz,230,5,1.0,
individual,arousal,eeg,ridge,all,all,eeg_se_alpha__Fz,230,5,1.0,
individual,arousal,eeg,ridge,all,all,eeg_se_alpha__Oz,230,5,1.0,
individual,arousal,eeg,ridge,all,all,eeg_se_alpha__PO7,230,5,1.0,
individual,arousal,eeg,ridge,all,all,eeg_se_alpha__PO8,230,5,1.0,
individual,arousal,eeg,ridge,all,all,eeg_se_alpha__Pz,230,5,1.0,
individual,arousal,eeg,ridge,all,all,eeg_se_beta__C3,230,5,1.0,
individual,arousal,eeg,ridge,all,all,eeg_se_beta__C4,230,5,1.0,
individual,arousal,eeg,ridge,all,all,eeg_se_beta__Cz,230,5,1.0,
individual,arousal,eeg,ridge,all,all,eeg_se_beta__Fz,230,5,1.0,
individual,arousal,eeg,ridge,all,all,eeg_se_beta__Oz,230,5,1.0,
individual,arousal,eeg,ridge,all,all,eeg_se_beta__PO7,230,5,1.0,
individual,arousal,eeg,ridge,all,all,eeg_se_beta__PO8,230,5,1.0,
individual,arousal,eeg,ridge,all,all,eeg_se_beta__Pz,230,5,1.0,
individual,arousal,eeg,ridge,all,all,eeg_se_delta__C3,230,5,1.0,
individual,arousal,eeg,ridge,all,all,eeg_se_delta__C4,230,5,1.0,
individual,arousal,eeg,ridge,all,all,eeg_se_delta__Cz,230,5,1.0,
individual,arousal,eeg,ridge,all,all,eeg_se_delta__Fz,230,5,1.0,
individual,arousal,eeg,ridge,all,all,eeg_se_delta__Oz,230,5,1.0,
individual,arousal,eeg,ridge,all,all,eeg_se_delta__PO7,230,5,1.0,
individual,arousal,eeg,ridge,all,all,eeg_se_delta__PO8,230,5,1.0,
individual,arousal,eeg,ridge,all,all,eeg_se_delta__Pz,230,5,1.0,
individual,arousal,eeg,ridge,all,all,eeg_se_gamma__C3,230,5,1.0,
individual,arousal,eeg,ridge,all,all,eeg_se_gamma__C4,230,5,1.0,
individual,arousal,eeg,ridge,all,all,eeg_se_gamma__Cz,230,5,1.0,
individual,arousal,eeg,ridge,all,all,eeg_se_gamma__Fz,230,5,1.0,
individual,arousal,eeg,ridge,all,all,eeg_se_gamma__Oz,230,5,1.0,
individual,arousal,eeg,ridge,all,all,eeg_se_gamma__PO7,230,5,1.0,
individual,arousal,eeg,ridge,all,all,eeg_se_gamma__PO8,230,5,1.0,
individual,arousal,eeg,ridge,all,all,eeg_se_gamma__Pz,230,5,1.0,
individual,arousal,eeg,ridge,all,all,eeg_se_theta__C3,230,5,1.0,
individual,arousal,eeg,ridge,all,all,eeg_se_theta__C4,230,5,1.0,
individual,arousal,eeg,ridge,all,all,eeg_se_theta__Cz,230,5,1.0,
individual,arousal,eeg,ridge,all,all,eeg_se_theta__Fz,230,5,1.0,
individual,arousal,eeg,ridge,all,all,eeg_se_theta__Oz,230,5,1.0,
individual,arousal,eeg,ridge,all,all,eeg_se_theta__PO7,230,5,1.0,
individual,arousal,eeg,ridge,all,all,eeg_se_theta__PO8,230,5,1.0,
individual,arousal,eeg,ridge,all,all,eeg_se_theta__Pz,230,5,1.0,
individual,arousal,eeg,svr,10,10,eeg_bp_alpha__C3,20,5,0.08695652173913043,1.0570281377793729
individual,arousal,eeg,svr,10,10,eeg_bp_alpha__C4,20,5,0.08695652173913043,1.175513270473575
individual,arousal,eeg,svr,10,10,eeg_bp_alpha__Cz,13,5,0.05652173913043478,0.911260024650569
individual,arousal,eeg,svr,10,10,eeg_bp_alpha__Fz,17,5,0.07391304347826087,1.0391709200356047
individual,arousal,eeg,svr,10,10,eeg_bp_alpha__Oz,13,5,0.05652173913043478,1.044199251078774
individual,arousal,eeg,svr,10,10,eeg_bp_alpha__PO7,26,5,0.11304347826086956,1.2762432694024646
individual,arousal,eeg,svr,10,10,eeg_bp_alpha__PO8,13,5,0.05652173913043478,1.066317466469483
individual,arousal,eeg,svr,10,10,eeg_bp_alpha__Pz,17,5,0.07391304347826087,1.0419570647787717
individual,arousal,eeg,svr,10,10,eeg_bp_beta__C3,18,5,0.0782608695652174,1.1752646673321407
individual,arousal,eeg,svr,10,10,eeg_bp_beta__C4,23,5,0.1,1.3884769930964833
individual,arousal,eeg,svr,10,10,eeg_bp_beta__Cz,9,5,0.0391304347826087,1.0366827553345677
individual,arousal,eeg,svr,10,10,eeg_bp_beta__Fz,28,5,0.12173913043478261,1.4422294244329907
individual,arousal,eeg,svr,10,10,eeg_bp_beta__Oz,18,5,0.0782608695652174,1.2212882115562607
individual,arousal,eeg,svr,10,10,eeg_bp_beta__PO7,22,5,0.09565217391304348,1.466711301229227
individual,arousal,eeg,svr,10,10,eeg_bp_beta__PO8,17,5,0.07391304347826087,1.0880043596520916
individual,arousal,eeg,svr,10,10,eeg_bp_beta__Pz,20,5,0.08695652173913043,1.3498839933705054
individual,arousal,eeg,svr,10,10,eeg_bp_delta__C3,9,5,0.0391304347826087,0.8567542654516139
individual,arousal,eeg,svr,10,10,eeg_bp_delta__C4,9,5,0.0391304347826087,1.0646763858288468
individual,arousal,eeg,svr,10,10,eeg_bp_delta__Cz,13,5,0.05652173913043478,1.1289912137231028
individual,arousal,eeg,svr,10,10,eeg_bp_delta__Fz,29,5,0.12608695652173912,1.3618836886806778
individual,arousal,eeg,svr,10,10,eeg_bp_delta__Oz,11,5,0.04782608695652174,1.2298752350154583
individual,arousal,eeg,svr,10,10,eeg_bp_delta__PO7,23,5,0.1,1.140925318908619
individual,arousal,eeg,svr,10,10,eeg_bp_delta__PO8,16,5,0.06956521739130435,1.1874017084915442
individual,arousal,eeg,svr,10,10,eeg_bp_delta__Pz,16,5,0.06956521739130435,0.9398068926420048
individual,arousal,eeg,svr,10,10,eeg_bp_gamma__C3,21,5,0.09130434782608696,1.133989439967218
individual,arousal,eeg,svr,10,10,eeg_bp_gamma__C4,18,5,0.0782608695652174,1.1847003070340172
individual,arousal,eeg,svr,10,10,eeg_bp_gamma__Cz,27,5,0.11739130434782609,1.2478973161869449
individual,arousal,eeg,svr,10,10,eeg_bp_gamma__Fz,20,5,0.08695652173913043,1.0366231639647467
individual,arousal,eeg,svr,10,10,eeg_bp_gamma__Oz,24,5,0.10434782608695652,1.2831350712683705
individual,arousal,eeg,svr,10,10,eeg_bp_gamma__PO7,26,5,0.11304347826086956,1.284744196046049
individual,arousal,eeg,svr,10,10,eeg_bp_gamma__PO8,26,5,0.11304347826086956,1.3239800547025364
individual,arousal,eeg,svr,10,10,eeg_bp_gamma__Pz,32,5,0.1391304347826087,1.3328275855328309
individual,arousal,eeg,svr,10,10,eeg_bp_theta__C3,17,5,0.07391304347826087,1.3648569960139727
individual,arousal,eeg,svr,10,10,eeg_bp_theta__C4,22,5,0.09565217391304348,1.285117838064382
individual,arousal,eeg,svr,10,10,eeg_bp_theta__Cz,25,5,0.10869565217391304,1.2861971511335526
individual,arousal,eeg,svr,10,10,eeg_bp_theta__Fz,6,5,0.02608695652173913,0.7393944110360005
individual,arousal,eeg,svr,10,10,eeg_bp_theta__Oz,23,5,0.1,1.323421939248315
individual,arousal,eeg,svr,10,10,eeg_bp_theta__PO7,15,5,0.06521739130434782,1.1652736632016891
individual,arousal,eeg,svr,10,10,eeg_bp_theta__PO8,27,5,0.11739130434782609,1.3141519071341266
individual,arousal,eeg,svr,10,10,eeg_bp_theta__Pz,15,5,0.06521739130434782,1.055523626808761
individual,arousal,eeg,svr,10,10,eeg_hc__C3,12,5,0.05217391304347826,1.0660406717516038
individual,arousal,eeg,svr,10,10,eeg_hc__C4,23,5,0.1,1.247365807467276
individual,arousal,eeg,svr,10,10,eeg_hc__Cz,22,5,0.09565217391304348,1.2041141216402131
individual,arousal,eeg,svr,10,10,eeg_hc__Fz,26,5,0.11304347826086956,1.4960298403147687
individual,arousal,eeg,svr,10,10,eeg_hc__Oz,11,5,0.04782608695652174,0.9926228562544502
individual,arousal,eeg,svr,10,10,eeg_hc__PO7,16,5,0.06956521739130435,1.083247606519791
individual,arousal,eeg,svr,10,10,eeg_hc__PO8,22,5,0.09565217391304348,1.4838895434348003
individual,arousal,eeg,svr,10,10,eeg_hc__Pz,13,5,0.05652173913043478,1.099675858884008
individual,arousal,eeg,svr,10,10,eeg_hm__C3,16,5,0.06956521739130435,1.0473250776196132
individual,arousal,eeg,svr,10,10,eeg_hm__C4,18,5,0.0782608695652174,1.0912244795852284
individual,arousal,eeg,svr,10,10,eeg_hm__Cz,12,5,0.05217391304347826,1.1283320746250443
individual,arousal,eeg,svr,10,10,eeg_hm__Fz,16,5,0.06956521739130435,1.2110913166035384
individual,arousal,eeg,svr,10,10,eeg_hm__Oz,19,5,0.08260869565217391,1.1931932597007702
individual,arousal,eeg,svr,10,10,eeg_hm__PO7,27,5,0.11739130434782609,1.5519008563471097
individual,arousal,eeg,svr,10,10,eeg_hm__PO8,30,5,0.13043478260869565,1.534639010435952
individual,arousal,eeg,svr,10,10,eeg_hm__Pz,19,5,0.08260869565217391,1.1116133555836885
individual,arousal,eeg,svr,10,10,eeg_mf_hz__C3,20,5,0.08695652173913043,1.1104984212060673
individual,arousal,eeg,svr,10,10,eeg_mf_hz__C4,19,5,0.08260869565217391,1.2853098251758914
individual,arousal,eeg,svr,10,10,eeg_mf_hz__Cz,29,5,0.12608695652173912,1.5282992068292813
individual,arousal,eeg,svr,10,10,eeg_mf_hz__Fz,24,5,0.10434782608695652,1.304191334807583
individual,arousal,eeg,svr,10,10,eeg_mf_hz__Oz,12,5,0.05217391304347826,0.9677919672560519
individual,arousal,eeg,svr,10,10,eeg_mf_hz__PO7,11,5,0.04782608695652174,1.018300809975963
individual,arousal,eeg,svr,10,10,eeg_mf_hz__PO8,31,5,0.13478260869565217,1.6062635750473353
individual,arousal,eeg,svr,10,10,eeg_mf_hz__Pz,12,5,0.05217391304347826,0.9614204983197219
individual,arousal,eeg,svr,10,10,eeg_sd__C3,17,5,0.07391304347826087,1.2181157465013939
individual,arousal,eeg,svr,10,10,eeg_sd__C4,26,5,0.11304347826086956,1.4426250458051195
individual,arousal,eeg,svr,10,10,eeg_sd__Cz,9,5,0.0391304347826087,0.9841031475050623
individual,arousal,eeg,svr,10,10,eeg_sd__Fz,9,5,0.0391304347826087,0.9013691331595624
individual,arousal,eeg,svr,10,10,eeg_sd__Oz,6,5,0.02608695652173913,1.1120311063030386
individual,arousal,eeg,svr,10,10,eeg_sd__PO7,29,5,0.12608695652173912,1.3654009247569179
individual,arousal,eeg,svr,10,10,eeg_sd__PO8,9,5,0.0391304347826087,0.8601873650061131
individual,arousal,eeg,svr,10,10,eeg_sd__Pz,18,5,0.0782608695652174,1.0466066922572672
individual,arousal,eeg,svr,10,10,eeg_se__C3,15,5,0.06521739130434782,0.9651395743084433
individual,arousal,eeg,svr,10,10,eeg_se__C4,19,5,0.08260869565217391,1.1170934604369638
individual,arousal,eeg,svr,10,10,eeg_se__Cz,23,5,0.1,1.211394653234914
individual,arousal,eeg,svr,10,10,eeg_se__Fz,13,5,0.05652173913043478,1.0514375792659074
individual,arousal,eeg,svr,10,10,eeg_se__Oz,15,5,0.06521739130434782,1.1008425294057926
individual,arousal,eeg,svr,10,10,eeg_se__PO7,12,5,0.05217391304347826,1.0638445389666185
individual,arousal,eeg,svr,10,10,eeg_se__PO8,30,5,0.13043478260869565,1.5486702547489524
individual,arousal,eeg,svr,10,10,eeg_se__Pz,16,5,0.06956521739130435,1.0613722306558004
individual,arousal,eeg,svr,10,10,eeg_se_alpha__C3,18,5,0.0782608695652174,1.1035239131416605
individual,arousal,eeg,svr,10,10,eeg_se_alpha__C4,30,5,0.13043478260869565,1.3188929472323723
individual,arousal,eeg,svr,10,10,eeg_se_alpha__Cz,12,5,0.05217391304347826,0.9020102672774958
individual,arousal,eeg,svr,10,10,eeg_se_alpha__Fz,33,5,0.14347826086956522,1.5079679512561246
individual,arousal,eeg,svr,10,10,eeg_se_alpha__Oz,27,5,0.11739130434782609,1.1852732253983667
individual,arousal,eeg,svr,10,10,eeg_se_alpha__PO7,17,5,0.07391304347826087,0.9975414837513263
individual,arousal,eeg,svr,10,10,eeg_se_alpha__PO8,28,5,0.12173913043478261,1.3279846781411138
individual,arousal,eeg,svr,10,10,eeg_se_alpha__Pz,18,5,0.0782608695652174,1.0133518599311635
individual,arousal,eeg,svr,10,10,eeg_se_beta__C3,10,5,0.043478260869565216,0.845515993875119
individual,arousal,eeg,svr,10,10,eeg_se_beta__C4,13,5,0.05652173913043478,0.8669819197094595
individual,arousal,eeg,svr,10,10,eeg_se_beta__Cz,23,5,0.1,1.1815795995421714
individual,arousal,eeg,svr,10,10,eeg_se_beta__Fz,17,5,0.07391304347826087,1.068254052290481
individual,arousal,eeg,svr,10,10,eeg_se_beta__Oz,30,5,0.13043478260869565,1.3359496371361452
individual,arousal,eeg,svr,10,10,eeg_se_beta__PO7,18,5,0.0782608695652174,1.0146632542615028
individual,arousal,eeg,svr,10,10,eeg_se_beta__PO8,24,5,0.10434782608695652,1.1119945269654834
individual,arousal,eeg,svr,10,10,eeg_se_beta__Pz,10,5,0.043478260869565216,0.7065129414625744
individual,arousal,eeg,svr,10,10,eeg_se_delta__C3,10,5,0.043478260869565216,0.7957972464224746
individual,arousal,eeg,svr,10,10,eeg_se_delta__C4,22,5,0.09565217391304348,1.1478115517919893
individual,arousal,eeg,svr,10,10,eeg_se_delta__Cz,29,5,0.12608695652173912,1.4421718296703183
individual,arousal,eeg,svr,10,10,eeg_se_delta__Fz,23,5,0.1,1.0969927981272674
individual,arousal,eeg,svr,10,10,eeg_se_delta__Oz,15,5,0.06521739130434782,0.8078195118554636
individual,arousal,eeg,svr,10,10,eeg_se_delta__PO7,26,5,0.11304347826086956,1.0953371979156625
individual,arousal,eeg,svr,10,10,eeg_se_delta__PO8,10,5,0.043478260869565216,0.7961507929801972
individual,arousal,eeg,svr,10,10,eeg_se_delta__Pz,15,5,0.06521739130434782,0.9472157468856833
individual,arousal,eeg,svr,10,10,eeg_se_gamma__C3,15,5,0.06521739130434782,0.8633431147667391
individual,arousal,eeg,svr,10,10,eeg_se_gamma__C4,16,5,0.06956521739130435,1.1612884104279055
individual,arousal,eeg,svr,10,10,eeg_se_gamma__Cz,16,5,0.06956521739130435,1.0868290014922781
individual,arousal,eeg,svr,10,10,eeg_se_gamma__Fz,40,5,0.17391304347826086,1.5338902202548976
individual,arousal,eeg,svr,10,10,eeg_se_gamma__Oz,20,5,0.08695652173913043,0.9953375096110936
individual,arousal,eeg,svr,10,10,eeg_se_gamma__PO7,9,5,0.0391304347826087,0.7077108788721743
individual,arousal,eeg,svr,10,10,eeg_se_gamma__PO8,23,5,0.1,1.1008916826367063
individual,arousal,eeg,svr,10,10,eeg_se_gamma__Pz,28,5,0.12173913043478261,1.3599548378750466
individual,arousal,eeg,svr,10,10,eeg_se_theta__C3,20,5,0.08695652173913043,1.0088467792785967
individual,arousal,eeg,svr,10,10,eeg_se_theta__C4,24,5,0.10434782608695652,1.131248260805728
individual,arousal,eeg,svr,10,10,eeg_se_theta__Cz,24,5,0.10434782608695652,1.0453309345112243
individual,arousal,eeg,svr,10,10,eeg_se_theta__Fz,11,5,0.04782608695652174,0.8175581622798831
individual,arousal,eeg,svr,10,10,eeg_se_theta__Oz,17,5,0.07391304347826087,1.0097489800013733
individual,arousal,eeg,svr,10,10,eeg_se_theta__PO7,19,5,0.08260869565217391,1.0245213206568247
individual,arousal,eeg,svr,10,10,eeg_se_theta__PO8,23,5,0.1,1.247553142320234
individual,arousal,eeg,svr,10,10,eeg_se_theta__Pz,27,5,0.11739130434782609,1.182851239506684
individual,arousal,eeg,svr,20,20,eeg_bp_alpha__C3,30,5,0.13043478260869565,1.0570281377793729
individual,arousal,eeg,svr,20,20,eeg_bp_alpha__C4,38,5,0.16521739130434782,1.175513270473575
individual,arousal,eeg,svr,20,20,eeg_bp_alpha__Cz,30,5,0.13043478260869565,0.911260024650569
individual,arousal,eeg,svr,20,20,eeg_bp_alpha__Fz,32,5,0.1391304347826087,1.0391709200356047
individual,arousal,eeg,svr,20,20,eeg_bp_alpha__Oz,39,5,0.16956521739130434,1.044199251078774
individual,arousal,eeg,svr,20,20,eeg_bp_alpha__PO7,51,5,0.2217391304347826,1.2762432694024646
individual,arousal,eeg,svr,20,20,eeg_bp_alpha__PO8,34,5,0.14782608695652175,1.066317466469483
individual,arousal,eeg,svr,20,20,eeg_bp_alpha__Pz,36,5,0.1565217391304348,1.0419570647787717
individual,arousal,eeg,svr,20,20,eeg_bp_beta__C3,34,5,0.14782608695652175,1.1752646673321407
individual,arousal,eeg,svr,20,20,eeg_bp_beta__C4,51,5,0.2217391304347826,1.3884769930964833
individual,arousal,eeg,svr,20,20,eeg_bp_beta__Cz,36,5,0.1565217391304348,1.0366827553345677
individual,arousal,eeg,svr,20,20,eeg_bp_beta__Fz,51,5,0.2217391304347826,1.4422294244329907
individual,arousal,eeg,svr,20,20,eeg_bp_beta__Oz,41,5,0.1782608695652174,1.2212882115562607
individual,arousal,eeg,svr,20,20,eeg_bp_beta__PO7,52,5,0.22608695652173913,1.466711301229227
individual,arousal,eeg,svr,20,20,eeg_bp_beta__PO8,26,5,0.11304347826086956,1.0880043596520916
individual,arousal,eeg,svr,20,20,eeg_bp_beta__Pz,48,5,0.20869565217391303,1.3498839933705054
individual,arousal,eeg,svr,20,20,eeg_bp_delta__C3,25,5,0.10869565217391304,0.8567542654516139
individual,arousal,eeg,svr,20,20,eeg_bp_delta__C4,33,5,0.14347826086956522,1.0646763858288468
individual,arousal,eeg,svr,20,20,eeg_bp_delta__Cz,31,5,0.13478260869565217,1.1289912137231028
individual,arousal,eeg,svr,20,20,eeg_bp_delta__Fz,49,5,0.21304347826086956,1.3618836886806778
individual,arousal,eeg,svr,20,20,eeg_bp_delta__Oz,45,5,0.1956521739130435,1.2298752350154583
individual,arousal,eeg,svr,20,20,eeg_bp_delta__PO7,41,5,0.1782608695652174,1.140925318908619
individual,arousal,eeg,svr,20,20,eeg_bp_delta__PO8,40,5,0.17391304347826086,1.1874017084915442
individual,arousal,eeg,svr,20,20,eeg_bp_delta__Pz,32,5,0.1391304347826087,0.9398068926420048
individual,arousal,eeg,svr,20,20,eeg_bp_gamma__C3,35,5,0.15217391304347827,1.133989439967218
individual,arousal,eeg,svr,20,20,eeg_bp_gamma__C4,44,5,0.19130434782608696,1.1847003070340172
individual,arousal,eeg,svr,20,20,eeg_bp_gamma__Cz,47,5,0.20434782608695654,1.2478973161869449
individual,arousal,eeg,svr,20,20,eeg_bp_gamma__Fz,35,5,0.15217391304347827,1.0366231639647467
individual,arousal,eeg,svr,20,20,eeg_bp_gamma__Oz,48,5,0.20869565217391303,1.2831350712683705
individual,arousal,eeg,svr,20,20,eeg_bp_gamma__PO7,46,5,0.2,1.284744196046049
individual,arousal,eeg,svr,20,20,eeg_bp_gamma__PO8,42,5,0.1826086956521739,1.3239800547025364
individual,arousal,eeg,svr,20,20,eeg_bp_gamma__Pz,55,5,0.2391304347826087,1.3328275855328309
individual,arousal,eeg,svr,20,20,eeg_bp_theta__C3,45,5,0.1956521739130435,1.3648569960139727
individual,arousal,eeg,svr,20,20,eeg_bp_theta__C4,50,5,0.21739130434782608,1.285117838064382
individual,arousal,eeg,svr,20,20,eeg_bp_theta__Cz,52,5,0.22608695652173913,1.2861971511335526
individual,arousal,eeg,svr,20,20,eeg_bp_theta__Fz,17,5,0.07391304347826087,0.7393944110360005
individual,arousal,eeg,svr,20,20,eeg_bp_theta__Oz,46,5,0.2,1.323421939248315
individual,arousal,eeg,svr,20,20,eeg_bp_theta__PO7,45,5,0.1956521739130435,1.1652736632016891
individual,arousal,eeg,svr,20,20,eeg_bp_theta__PO8,51,5,0.2217391304347826,1.3141519071341266
individual,arousal,eeg,svr,20,20,eeg_bp_theta__Pz,37,5,0.1608695652173913,1.055523626808761
individual,arousal,eeg,svr,20,20,eeg_hc__C3,28,5,0.12173913043478261,1.0660406717516038
individual,arousal,eeg,svr,20,20,eeg_hc__C4,43,5,0.18695652173913044,1.247365807467276
individual,arousal,eeg,svr,20,20,eeg_hc__Cz,36,5,0.1565217391304348,1.2041141216402131
individual,arousal,eeg,svr,20,20,eeg_hc__Fz,48,5,0.20869565217391303,1.4960298403147687
individual,arousal,eeg,svr,20,20,eeg_hc__Oz,28,5,0.12173913043478261,0.9926228562544502
individual,arousal,eeg,svr,20,20,eeg_hc__PO7,29,5,0.12608695652173912,1.083247606519791
individual,arousal,eeg,svr,20,20,eeg_hc__PO8,48,5,0.20869565217391303,1.4838895434348003
individual,arousal,eeg,svr,20,20,eeg_hc__Pz,33,5,0.14347826086956522,1.099675858884008
individual,arousal,eeg,svr,20,20,eeg_hm__C3,37,5,0.1608695652173913,1.0473250776196132
individual,arousal,eeg,svr,20,20,eeg_hm__C4,35,5,0.15217391304347827,1.0912244795852284
individual,arousal,eeg,svr,20,20,eeg_hm__Cz,31,5,0.13478260869565217,1.1283320746250443
individual,arousal,eeg,svr,20,20,eeg_hm__Fz,38,5,0.16521739130434782,1.2110913166035384
individual,arousal,eeg,svr,20,20,eeg_hm__Oz,37,5,0.1608695652173913,1.1931932597007702
individual,arousal,eeg,svr,20,20,eeg_hm__PO7,50,5,0.21739130434782608,1.5519008563471097
individual,arousal,eeg,svr,20,20,eeg_hm__PO8,48,5,0.20869565217391303,1.534639010435952
individual,arousal,eeg,svr,20,20,eeg_hm__Pz,36,5,0.1565217391304348,1.1116133555836885
individual,arousal,eeg,svr,20,20,eeg_mf_hz__C3,30,5,0.13043478260869565,1.1104984212060673
individual,arousal,eeg,svr,20,20,eeg_mf_hz__C4,46,5,0.2,1.2853098251758914
individual,arousal,eeg,svr,20,20,eeg_mf_hz__Cz,56,5,0.24347826086956523,1.5282992068292813
individual,arousal,eeg,svr,20,20,eeg_mf_hz__Fz,49,5,0.21304347826086956,1.304191334807583
individual,arousal,eeg,svr,20,20,eeg_mf_hz__Oz,26,5,0.11304347826086956,0.9677919672560519
individual,arousal,eeg,svr,20,20,eeg_mf_hz__PO7,24,5,0.10434782608695652,1.018300809975963
individual,arousal,eeg,svr,20,20,eeg_mf_hz__PO8,54,5,0.23478260869565218,1.6062635750473353
individual,arousal,eeg,svr,20,20,eeg_mf_hz__Pz,33,5,0.14347826086956522,0.9614204983197219
individual,arousal,eeg,svr,20,20,eeg_sd__C3,36,5,0.1565217391304348,1.2181157465013939
individual,arousal,eeg,svr,20,20,eeg_sd__C4,47,5,0.20434782608695654,1.4426250458051195
individual,arousal,eeg,svr,20,20,eeg_sd__Cz,26,5,0.11304347826086956,0.9841031475050623
individual,arousal,eeg,svr,20,20,eeg_sd__Fz,34,5,0.14782608695652175,0.9013691331595624
individual,arousal,eeg,svr,20,20,eeg_sd__Oz,36,5,0.1565217391304348,1.1120311063030386
individual,arousal,eeg,svr,20,20,eeg_sd__PO7,50,5,0.21739130434782608,1.3654009247569179
individual,arousal,eeg,svr,20,20,eeg_sd__PO8,20,5,0.08695652173913043,0.8601873650061131
individual,arousal,eeg,svr,20,20,eeg_sd__Pz,45,5,0.1956521739130435,1.0466066922572672
individual,arousal,eeg,svr,20,20,eeg_se__C3,32,5,0.1391304347826087,0.9651395743084433
individual,arousal,eeg,svr,20,20,eeg_se__C4,31,5,0.13478260869565217,1.1170934604369638
individual,arousal,eeg,svr,20,20,eeg_se__Cz,45,5,0.1956521739130435,1.211394653234914
individual,arousal,eeg,svr,20,20,eeg_se__Fz,30,5,0.13043478260869565,1.0514375792659074
individual,arousal,eeg,svr,20,20,eeg_se__Oz,31,5,0.13478260869565217,1.1008425294057926
individual,arousal,eeg,svr,20,20,eeg_se__PO7,31,5,0.13478260869565217,1.0638445389666185
individual,arousal,eeg,svr,20,20,eeg_se__PO8,45,5,0.1956521739130435,1.5486702547489524
individual,arousal,eeg,svr,20,20,eeg_se__Pz,36,5,0.1565217391304348,1.0613722306558004
individual,arousal,eeg,svr,20,20,eeg_se_alpha__C3,44,5,0.19130434782608696,1.1035239131416605
individual,arousal,eeg,svr,20,20,eeg_se_alpha__C4,51,5,0.2217391304347826,1.3188929472323723
individual,arousal,eeg,svr,20,20,eeg_se_alpha__Cz,26,5,0.11304347826086956,0.9020102672774958
individual,arousal,eeg,svr,20,20,eeg_se_alpha__Fz,53,5,0.23043478260869565,1.5079679512561246
individual,arousal,eeg,svr,20,20,eeg_se_alpha__Oz,42,5,0.1826086956521739,1.1852732253983667
individual,arousal,eeg,svr,20,20,eeg_se_alpha__PO7,31,5,0.13478260869565217,0.9975414837513263
individual,arousal,eeg,svr,20,20,eeg_se_alpha__PO8,49,5,0.21304347826086956,1.3279846781411138
individual,arousal,eeg,svr,20,20,eeg_se_alpha__Pz,36,5,0.1565217391304348,1.0133518599311635
individual,arousal,eeg,svr,20,20,eeg_se_beta__C3,30,5,0.13043478260869565,0.845515993875119
individual,arousal,eeg,svr,20,20,eeg_se_beta__C4,27,5,0.11739130434782609,0.8669819197094595
individual,arousal,eeg,svr,20,20,eeg_se_beta__Cz,36,5,0.1565217391304348,1.1815795995421714
individual,arousal,eeg,svr,20,20,eeg_se_beta__Fz,33,5,0.14347826086956522,1.068254052290481
individual,arousal,eeg,svr,20,20,eeg_se_beta__Oz,50,5,0.21739130434782608,1.3359496371361452
individual,arousal,eeg,svr,20,20,eeg_se_beta__PO7,37,5,0.1608695652173913,1.0146632542615028
individual,arousal,eeg,svr,20,20,eeg_se_beta__PO8,43,5,0.18695652173913044,1.1119945269654834
individual,arousal,eeg,svr,20,20,eeg_se_beta__Pz,21,5,0.09130434782608696,0.7065129414625744
individual,arousal,eeg,svr,20,20,eeg_se_delta__C3,24,5,0.10434782608695652,0.7957972464224746
individual,arousal,eeg,svr,20,20,eeg_se_delta__C4,38,5,0.16521739130434782,1.1478115517919893
individual,arousal,eeg,svr,20,20,eeg_se_delta__Cz,53,5,0.23043478260869565,1.4421718296703183
individual,arousal,eeg,svr,20,20,eeg_se_delta__Fz,35,5,0.15217391304347827,1.0969927981272674
individual,arousal,eeg,svr,20,20,eeg_se_delta__Oz,24,5,0.10434782608695652,0.8078195118554636
individual,arousal,eeg,svr,20,20,eeg_se_delta__PO7,38,5,0.16521739130434782,1.0953371979156625
individual,arousal,eeg,svr,20,20,eeg_se_delta__PO8,24,5,0.10434782608695652,0.7961507929801972
individual,arousal,eeg,svr,20,20,eeg_se_delta__Pz,27,5,0.11739130434782609,0.9472157468856833
individual,arousal,eeg,svr,20,20,eeg_se_gamma__C3,31,5,0.13478260869565217,0.8633431147667391
individual,arousal,eeg,svr,20,20,eeg_se_gamma__C4,40,5,0.17391304347826086,1.1612884104279055
individual,arousal,eeg,svr,20,20,eeg_se_gamma__Cz,33,5,0.14347826086956522,1.0868290014922781
individual,arousal,eeg,svr,20,20,eeg_se_gamma__Fz,58,5,0.25217391304347825,1.5338902202548976
individual,arousal,eeg,svr,20,20,eeg_se_gamma__Oz,30,5,0.13043478260869565,0.9953375096110936
individual,arousal,eeg,svr,20,20,eeg_se_gamma__PO7,22,5,0.09565217391304348,0.7077108788721743
individual,arousal,eeg,svr,20,20,eeg_se_gamma__PO8,49,5,0.21304347826086956,1.1008916826367063
individual,arousal,eeg,svr,20,20,eeg_se_gamma__Pz,51,5,0.2217391304347826,1.3599548378750466
individual,arousal,eeg,svr,20,20,eeg_se_theta__C3,34,5,0.14782608695652175,1.0088467792785967
individual,arousal,eeg,svr,20,20,eeg_se_theta__C4,43,5,0.18695652173913044,1.131248260805728
individual,arousal,eeg,svr,20,20,eeg_se_theta__Cz,35,5,0.15217391304347827,1.0453309345112243
individual,arousal,eeg,svr,20,20,eeg_se_theta__Fz,19,5,0.08260869565217391,0.8175581622798831
individual,arousal,eeg,svr,20,20,eeg_se_theta__Oz,35,5,0.15217391304347827,1.0097489800013733
individual,arousal,eeg,svr,20,20,eeg_se_theta__PO7,42,5,0.1826086956521739,1.0245213206568247
individual,arousal,eeg,svr,20,20,eeg_se_theta__PO8,46,5,0.2,1.247553142320234
individual,arousal,eeg,svr,20,20,eeg_se_theta__Pz,42,5,0.1826086956521739,1.182851239506684
individual,arousal,eeg,svr,5,5,eeg_bp_alpha__C3,11,5,0.04782608695652174,1.0570281377793729
individual,arousal,eeg,svr,5,5,eeg_bp_alpha__C4,9,5,0.0391304347826087,1.175513270473575
individual,arousal,eeg,svr,5,5,eeg_bp_alpha__Cz,4,5,0.017391304347826087,0.911260024650569
individual,arousal,eeg,svr,5,5,eeg_bp_alpha__Fz,8,5,0.034782608695652174,1.0391709200356047
individual,arousal,eeg,svr,5,5,eeg_bp_alpha__Oz,4,5,0.017391304347826087,1.044199251078774
individual,arousal,eeg,svr,5,5,eeg_bp_alpha__PO7,13,5,0.05652173913043478,1.2762432694024646
individual,arousal,eeg,svr,5,5,eeg_bp_alpha__PO8,6,5,0.02608695652173913,1.066317466469483
individual,arousal,eeg,svr,5,5,eeg_bp_alpha__Pz,2,5,0.008695652173913044,1.0419570647787717
individual,arousal,eeg,svr,5,5,eeg_bp_beta__C3,8,5,0.034782608695652174,1.1752646673321407
individual,arousal,eeg,svr,5,5,eeg_bp_beta__C4,5,5,0.021739130434782608,1.3884769930964833
individual,arousal,eeg,svr,5,5,eeg_bp_beta__Cz,3,5,0.013043478260869565,1.0366827553345677
individual,arousal,eeg,svr,5,5,eeg_bp_beta__Fz,16,5,0.06956521739130435,1.4422294244329907
individual,arousal,eeg,svr,5,5,eeg_bp_beta__Oz,7,5,0.030434782608695653,1.2212882115562607
individual,arousal,eeg,svr,5,5,eeg_bp_beta__PO7,12,5,0.05217391304347826,1.466711301229227
individual,arousal,eeg,svr,5,5,eeg_bp_beta__PO8,11,5,0.04782608695652174,1.0880043596520916
individual,arousal,eeg,svr,5,5,eeg_bp_beta__Pz,9,5,0.0391304347826087,1.3498839933705054
individual,arousal,eeg,svr,5,5,eeg_bp_delta__C3,3,5,0.013043478260869565,0.8567542654516139
individual,arousal,eeg,svr,5,5,eeg_bp_delta__C4,3,5,0.013043478260869565,1.0646763858288468
individual,arousal,eeg,svr,5,5,eeg_bp_delta__Cz,6,5,0.02608695652173913,1.1289912137231028
individual,arousal,eeg,svr,5,5,eeg_bp_delta__Fz,12,5,0.05217391304347826,1.3618836886806778
individual,arousal,eeg,svr,5,5,eeg_bp_delta__Oz,2,5,0.008695652173913044,1.2298752350154583
individual,arousal,eeg,svr,5,5,eeg_bp_delta__PO7,8,5,0.034782608695652174,1.140925318908619
individual,arousal,eeg,svr,5,5,eeg_bp_delta__PO8,8,5,0.034782608695652174,1.1874017084915442
individual,arousal,eeg,svr,5,5,eeg_bp_delta__Pz,8,5,0.034782608695652174,0.9398068926420048
individual,arousal,eeg,svr,5,5,eeg_bp_gamma__C3,12,5,0.05217391304347826,1.133989439967218
individual,arousal,eeg,svr,5,5,eeg_bp_gamma__C4,10,5,0.043478260869565216,1.1847003070340172
individual,arousal,eeg,svr,5,5,eeg_bp_gamma__Cz,16,5,0.06956521739130435,1.2478973161869449
individual,arousal,eeg,svr,5,5,eeg_bp_gamma__Fz,8,5,0.034782608695652174,1.0366231639647467
individual,arousal,eeg,svr,5,5,eeg_bp_gamma__Oz,13,5,0.05652173913043478,1.2831350712683705
individual,arousal,eeg,svr,5,5,eeg_bp_gamma__PO7,13,5,0.05652173913043478,1.284744196046049
individual,arousal,eeg,svr,5,5,eeg_bp_gamma__PO8,16,5,0.06956521739130435,1.3239800547025364
individual,arousal,eeg,svr,5,5,eeg_bp_gamma__Pz,19,5,0.08260869565217391,1.3328275855328309
individual,arousal,eeg,svr,5,5,eeg_bp_theta__C3,15,5,0.06521739130434782,1.3648569960139727
individual,arousal,eeg,svr,5,5,eeg_bp_theta__C4,12,5,0.05217391304347826,1.285117838064382
individual,arousal,eeg,svr,5,5,eeg_bp_theta__Cz,14,5,0.06086956521739131,1.2861971511335526
individual,arousal,eeg,svr,5,5,eeg_bp_theta__Fz,1,5,0.004347826086956522,0.7393944110360005
individual,arousal,eeg,svr,5,5,eeg_bp_theta__Oz,12,5,0.05217391304347826,1.323421939248315
individual,arousal,eeg,svr,5,5,eeg_bp_theta__PO7,3,5,0.013043478260869565,1.1652736632016891
individual,arousal,eeg,svr,5,5,eeg_bp_theta__PO8,12,5,0.05217391304347826,1.3141519071341266
individual,arousal,eeg,svr,5,5,eeg_bp_theta__Pz,6,5,0.02608695652173913,1.055523626808761
individual,arousal,eeg,svr,5,5,eeg_hc__C3,5,5,0.021739130434782608,1.0660406717516038
individual,arousal,eeg,svr,5,5,eeg_hc__C4,8,5,0.034782608695652174,1.247365807467276
individual,arousal,eeg,svr,5,5,eeg_hc__Cz,10,5,0.043478260869565216,1.2041141216402131
individual,arousal,eeg,svr,5,5,eeg_hc__Fz,15,5,0.06521739130434782,1.4960298403147687
individual,arousal,eeg,svr,5,5,eeg_hc__Oz,5,5,0.021739130434782608,0.9926228562544502
individual,arousal,eeg,svr,5,5,eeg_hc__PO7,5,5,0.021739130434782608,1.083247606519791
individual,arousal,eeg,svr,5,5,eeg_hc__PO8,12,5,0.05217391304347826,1.4838895434348003
individual,arousal,eeg,svr,5,5,eeg_hc__Pz,6,5,0.02608695652173913,1.099675858884008
individual,arousal,eeg,svr,5,5,eeg_hm__C3,6,5,0.02608695652173913,1.0473250776196132
individual,arousal,eeg,svr,5,5,eeg_hm__C4,11,5,0.04782608695652174,1.0912244795852284
individual,arousal,eeg,svr,5,5,eeg_hm__Cz,7,5,0.030434782608695653,1.1283320746250443
individual,arousal,eeg,svr,5,5,eeg_hm__Fz,8,5,0.034782608695652174,1.2110913166035384
individual,arousal,eeg,svr,5,5,eeg_hm__Oz,10,5,0.043478260869565216,1.1931932597007702
individual,arousal,eeg,svr,5,5,eeg_hm__PO7,14,5,0.06086956521739131,1.5519008563471097
individual,arousal,eeg,svr,5,5,eeg_hm__PO8,18,5,0.0782608695652174,1.534639010435952
individual,arousal,eeg,svr,5,5,eeg_hm__Pz,8,5,0.034782608695652174,1.1116133555836885
individual,arousal,eeg,svr,5,5,eeg_mf_hz__C3,7,5,0.030434782608695653,1.1104984212060673
individual,arousal,eeg,svr,5,5,eeg_mf_hz__C4,10,5,0.043478260869565216,1.2853098251758914
individual,arousal,eeg,svr,5,5,eeg_mf_hz__Cz,11,5,0.04782608695652174,1.5282992068292813
individual,arousal,eeg,svr,5,5,eeg_mf_hz__Fz,11,5,0.04782608695652174,1.304191334807583
individual,arousal,eeg,svr,5,5,eeg_mf_hz__Oz,6,5,0.02608695652173913,0.9677919672560519
individual,arousal,eeg,svr,5,5,eeg_mf_hz__PO7,4,5,0.017391304347826087,1.018300809975963
individual,arousal,eeg,svr,5,5,eeg_mf_hz__PO8,13,5,0.05652173913043478,1.6062635750473353
individual,arousal,eeg,svr,5,5,eeg_mf_hz__Pz,6,5,0.02608695652173913,0.9614204983197219
individual,arousal,eeg,svr,5,5,eeg_sd__C3,8,5,0.034782608695652174,1.2181157465013939
individual,arousal,eeg,svr,5,5,eeg_sd__C4,13,5,0.05652173913043478,1.4426250458051195
individual,arousal,eeg,svr,5,5,eeg_sd__Cz,3,5,0.013043478260869565,0.9841031475050623
individual,arousal,eeg,svr,5,5,eeg_sd__Fz,6,5,0.02608695652173913,0.9013691331595624
individual,arousal,eeg,svr,5,5,eeg_sd__Oz,4,5,0.017391304347826087,1.1120311063030386
individual,arousal,eeg,svr,5,5,eeg_sd__PO7,19,5,0.08260869565217391,1.3654009247569179
individual,arousal,eeg,svr,5,5,eeg_sd__PO8,5,5,0.021739130434782608,0.8601873650061131
individual,arousal,eeg,svr,5,5,eeg_sd__Pz,6,5,0.02608695652173913,1.0466066922572672
individual,arousal,eeg,svr,5,5,eeg_se__C3,9,5,0.0391304347826087,0.9651395743084433
individual,arousal,eeg,svr,5,5,eeg_se__C4,8,5,0.034782608695652174,1.1170934604369638
individual,arousal,eeg,svr,5,5,eeg_se__Cz,12,5,0.05217391304347826,1.211394653234914
individual,arousal,eeg,svr,5,5,eeg_se__Fz,5,5,0.021739130434782608,1.0514375792659074
individual,arousal,eeg,svr,5,5,eeg_se__Oz,9,5,0.0391304347826087,1.1008425294057926
individual,arousal,eeg,svr,5,5,eeg_se__PO7,6,5,0.02608695652173913,1.0638445389666185
individual,arousal,eeg,svr,5,5,eeg_se__PO8,16,5,0.06956521739130435,1.5486702547489524
individual,arousal,eeg,svr,5,5,eeg_se__Pz,9,5,0.0391304347826087,1.0613722306558004
individual,arousal,eeg,svr,5,5,eeg_se_alpha__C3,9,5,0.0391304347826087,1.1035239131416605
individual,arousal,eeg,svr,5,5,eeg_se_alpha__C4,19,5,0.08260869565217391,1.3188929472323723
individual,arousal,eeg,svr,5,5,eeg_se_alpha__Cz,7,5,0.030434782608695653,0.9020102672774958
individual,arousal,eeg,svr,5,5,eeg_se_alpha__Fz,19,5,0.08260869565217391,1.5079679512561246
individual,arousal,eeg,svr,5,5,eeg_se_alpha__Oz,17,5,0.07391304347826087,1.1852732253983667
individual,arousal,eeg,svr,5,5,eeg_se_alpha__PO7,8,5,0.034782608695652174,0.9975414837513263
individual,arousal,eeg,svr,5,5,eeg_se_alpha__PO8,17,5,0.07391304347826087,1.3279846781411138
individual,arousal,eeg,svr,5,5,eeg_se_alpha__Pz,6,5,0.02608695652173913,1.0133518599311635
individual,arousal,eeg,svr,5,5,eeg_se_beta__C3,6,5,0.02608695652173913,0.845515993875119
individual,arousal,eeg,svr,5,5,eeg_se_beta__C4,7,5,0.030434782608695653,0.8669819197094595
individual,arousal,eeg,svr,5,5,eeg_se_beta__Cz,16,5,0.06956521739130435,1.1815795995421714
individual,arousal,eeg,svr,5,5,eeg_se_beta__Fz,7,5,0.030434782608695653,1.068254052290481
individual,arousal,eeg,svr,5,5,eeg_se_beta__Oz,18,5,0.0782608695652174,1.3359496371361452
individual,arousal,eeg,svr,5,5,eeg_se_beta__PO7,7,5,0.030434782608695653,1.0146632542615028
individual,arousal,eeg,svr,5,5,eeg_se_beta__PO8,14,5,0.06086956521739131,1.1119945269654834
individual,arousal,eeg,svr,5,5,eeg_se_beta__Pz,3,5,0.013043478260869565,0.7065129414625744
individual,arousal,eeg,svr,5,5,eeg_se_delta__C3,4,5,0.017391304347826087,0.7957972464224746
individual,arousal,eeg,svr,5,5,eeg_se_delta__C4,14,5,0.06086956521739131,1.1478115517919893
individual,arousal,eeg,svr,5,5,eeg_se_delta__Cz,21,5,0.09130434782608696,1.4421718296703183
individual,arousal,eeg,svr,5,5,eeg_se_delta__Fz,18,5,0.0782608695652174,1.0969927981272674
individual,arousal,eeg,svr,5,5,eeg_se_delta__Oz,5,5,0.021739130434782608,0.8078195118554636
individual,arousal,eeg,svr,5,5,eeg_se_delta__PO7,12,5,0.05217391304347826,1.0953371979156625
individual,arousal,eeg,svr,5,5,eeg_se_delta__PO8,3,5,0.013043478260869565,0.7961507929801972
individual,arousal,eeg,svr,5,5,eeg_se_delta__Pz,5,5,0.021739130434782608,0.9472157468856833
individual,arousal,eeg,svr,5,5,eeg_se_gamma__C3,4,5,0.017391304347826087,0.8633431147667391
individual,arousal,eeg,svr,5,5,eeg_se_gamma__C4,10,5,0.043478260869565216,1.1612884104279055
individual,arousal,eeg,svr,5,5,eeg_se_gamma__Cz,8,5,0.034782608695652174,1.0868290014922781
individual,arousal,eeg,svr,5,5,eeg_se_gamma__Fz,22,5,0.09565217391304348,1.5338902202548976
individual,arousal,eeg,svr,5,5,eeg_se_gamma__Oz,11,5,0.04782608695652174,0.9953375096110936
individual,arousal,eeg,svr,5,5,eeg_se_gamma__PO7,4,5,0.017391304347826087,0.7077108788721743
individual,arousal,eeg,svr,5,5,eeg_se_gamma__PO8,11,5,0.04782608695652174,1.1008916826367063
individual,arousal,eeg,svr,5,5,eeg_se_gamma__Pz,17,5,0.07391304347826087,1.3599548378750466
individual,arousal,eeg,svr,5,5,eeg_se_theta__C3,10,5,0.043478260869565216,1.0088467792785967
individual,arousal,eeg,svr,5,5,eeg_se_theta__C4,13,5,0.05652173913043478,1.131248260805728
individual,arousal,eeg,svr,5,5,eeg_se_theta__Cz,14,5,0.06086956521739131,1.0453309345112243
individual,arousal,eeg,svr,5,5,eeg_se_theta__Fz,7,5,0.030434782608695653,0.8175581622798831
individual,arousal,eeg,svr,5,5,eeg_se_theta__Oz,9,5,0.0391304347826087,1.0097489800013733
individual,arousal,eeg,svr,5,5,eeg_se_theta__PO7,8,5,0.034782608695652174,1.0245213206568247
individual,arousal,eeg,svr,5,5,eeg_se_theta__PO8,12,5,0.05217391304347826,1.247553142320234
individual,arousal,eeg,svr,5,5,eeg_se_theta__Pz,14,5,0.06086956521739131,1.182851239506684
individual,arousal,eeg,svr,all,all,eeg_bp_alpha__C3,230,5,1.0,
individual,arousal,eeg,svr,all,all,eeg_bp_alpha__C4,230,5,1.0,
individual,arousal,eeg,svr,all,all,eeg_bp_alpha__Cz,230,5,1.0,
individual,arousal,eeg,svr,all,all,eeg_bp_alpha__Fz,230,5,1.0,
individual,arousal,eeg,svr,all,all,eeg_bp_alpha__Oz,230,5,1.0,
individual,arousal,eeg,svr,all,all,eeg_bp_alpha__PO7,230,5,1.0,
individual,arousal,eeg,svr,all,all,eeg_bp_alpha__PO8,230,5,1.0,
individual,arousal,eeg,svr,all,all,eeg_bp_alpha__Pz,230,5,1.0,
individual,arousal,eeg,svr,all,all,eeg_bp_beta__C3,230,5,1.0,
individual,arousal,eeg,svr,all,all,eeg_bp_beta__C4,230,5,1.0,
individual,arousal,eeg,svr,all,all,eeg_bp_beta__Cz,230,5,1.0,
individual,arousal,eeg,svr,all,all,eeg_bp_beta__Fz,230,5,1.0,
individual,arousal,eeg,svr,all,all,eeg_bp_beta__Oz,230,5,1.0,
individual,arousal,eeg,svr,all,all,eeg_bp_beta__PO7,230,5,1.0,
individual,arousal,eeg,svr,all,all,eeg_bp_beta__PO8,230,5,1.0,
individual,arousal,eeg,svr,all,all,eeg_bp_beta__Pz,230,5,1.0,
individual,arousal,eeg,svr,all,all,eeg_bp_delta__C3,230,5,1.0,
individual,arousal,eeg,svr,all,all,eeg_bp_delta__C4,230,5,1.0,
individual,arousal,eeg,svr,all,all,eeg_bp_delta__Cz,230,5,1.0,
individual,arousal,eeg,svr,all,all,eeg_bp_delta__Fz,230,5,1.0,
individual,arousal,eeg,svr,all,all,eeg_bp_delta__Oz,230,5,1.0,
individual,arousal,eeg,svr,all,all,eeg_bp_delta__PO7,230,5,1.0,
individual,arousal,eeg,svr,all,all,eeg_bp_delta__PO8,230,5,1.0,
individual,arousal,eeg,svr,all,all,eeg_bp_delta__Pz,230,5,1.0,
individual,arousal,eeg,svr,all,all,eeg_bp_gamma__C3,230,5,1.0,
individual,arousal,eeg,svr,all,all,eeg_bp_gamma__C4,230,5,1.0,
individual,arousal,eeg,svr,all,all,eeg_bp_gamma__Cz,230,5,1.0,
individual,arousal,eeg,svr,all,all,eeg_bp_gamma__Fz,230,5,1.0,
individual,arousal,eeg,svr,all,all,eeg_bp_gamma__Oz,230,5,1.0,
individual,arousal,eeg,svr,all,all,eeg_bp_gamma__PO7,230,5,1.0,
individual,arousal,eeg,svr,all,all,eeg_bp_gamma__PO8,230,5,1.0,
individual,arousal,eeg,svr,all,all,eeg_bp_gamma__Pz,230,5,1.0,
individual,arousal,eeg,svr,all,all,eeg_bp_theta__C3,230,5,1.0,
individual,arousal,eeg,svr,all,all,eeg_bp_theta__C4,230,5,1.0,
individual,arousal,eeg,svr,all,all,eeg_bp_theta__Cz,230,5,1.0,
individual,arousal,eeg,svr,all,all,eeg_bp_theta__Fz,230,5,1.0,
individual,arousal,eeg,svr,all,all,eeg_bp_theta__Oz,230,5,1.0,
individual,arousal,eeg,svr,all,all,eeg_bp_theta__PO7,230,5,1.0,
individual,arousal,eeg,svr,all,all,eeg_bp_theta__PO8,230,5,1.0,
individual,arousal,eeg,svr,all,all,eeg_bp_theta__Pz,230,5,1.0,
individual,arousal,eeg,svr,all,all,eeg_hc__C3,230,5,1.0,
individual,arousal,eeg,svr,all,all,eeg_hc__C4,230,5,1.0,
individual,arousal,eeg,svr,all,all,eeg_hc__Cz,230,5,1.0,
individual,arousal,eeg,svr,all,all,eeg_hc__Fz,230,5,1.0,
individual,arousal,eeg,svr,all,all,eeg_hc__Oz,230,5,1.0,
individual,arousal,eeg,svr,all,all,eeg_hc__PO7,230,5,1.0,
individual,arousal,eeg,svr,all,all,eeg_hc__PO8,230,5,1.0,
individual,arousal,eeg,svr,all,all,eeg_hc__Pz,230,5,1.0,
individual,arousal,eeg,svr,all,all,eeg_hm__C3,230,5,1.0,
individual,arousal,eeg,svr,all,all,eeg_hm__C4,230,5,1.0,
individual,arousal,eeg,svr,all,all,eeg_hm__Cz,230,5,1.0,
individual,arousal,eeg,svr,all,all,eeg_hm__Fz,230,5,1.0,
individual,arousal,eeg,svr,all,all,eeg_hm__Oz,230,5,1.0,
individual,arousal,eeg,svr,all,all,eeg_hm__PO7,230,5,1.0,
individual,arousal,eeg,svr,all,all,eeg_hm__PO8,230,5,1.0,
individual,arousal,eeg,svr,all,all,eeg_hm__Pz,230,5,1.0,
individual,arousal,eeg,svr,all,all,eeg_mf_hz__C3,230,5,1.0,
individual,arousal,eeg,svr,all,all,eeg_mf_hz__C4,230,5,1.0,
individual,arousal,eeg,svr,all,all,eeg_mf_hz__Cz,230,5,1.0,
individual,arousal,eeg,svr,all,all,eeg_mf_hz__Fz,230,5,1.0,
individual,arousal,eeg,svr,all,all,eeg_mf_hz__Oz,230,5,1.0,
individual,arousal,eeg,svr,all,all,eeg_mf_hz__PO7,230,5,1.0,
individual,arousal,eeg,svr,all,all,eeg_mf_hz__PO8,230,5,1.0,
individual,arousal,eeg,svr,all,all,eeg_mf_hz__Pz,230,5,1.0,
individual,arousal,eeg,svr,all,all,eeg_sd__C3,230,5,1.0,
individual,arousal,eeg,svr,all,all,eeg_sd__C4,230,5,1.0,
individual,arousal,eeg,svr,all,all,eeg_sd__Cz,230,5,1.0,
individual,arousal,eeg,svr,all,all,eeg_sd__Fz,230,5,1.0,
individual,arousal,eeg,svr,all,all,eeg_sd__Oz,230,5,1.0,
individual,arousal,eeg,svr,all,all,eeg_sd__PO7,230,5,1.0,
individual,arousal,eeg,svr,all,all,eeg_sd__PO8,230,5,1.0,
individual,arousal,eeg,svr,all,all,eeg_sd__Pz,230,5,1.0,
individual,arousal,eeg,svr,all,all,eeg_se__C3,230,5,1.0,
individual,arousal,eeg,svr,all,all,eeg_se__C4,230,5,1.0,
individual,arousal,eeg,svr,all,all,eeg_se__Cz,230,5,1.0,
individual,arousal,eeg,svr,all,all,eeg_se__Fz,230,5,1.0,
individual,arousal,eeg,svr,all,all,eeg_se__Oz,230,5,1.0,
individual,arousal,eeg,svr,all,all,eeg_se__PO7,230,5,1.0,
individual,arousal,eeg,svr,all,all,eeg_se__PO8,230,5,1.0,
individual,arousal,eeg,svr,all,all,eeg_se__Pz,230,5,1.0,
individual,arousal,eeg,svr,all,all,eeg_se_alpha__C3,230,5,1.0,
individual,arousal,eeg,svr,all,all,eeg_se_alpha__C4,230,5,1.0,
individual,arousal,eeg,svr,all,all,eeg_se_alpha__Cz,230,5,1.0,
individual,arousal,eeg,svr,all,all,eeg_se_alpha__Fz,230,5,1.0,
individual,arousal,eeg,svr,all,all,eeg_se_alpha__Oz,230,5,1.0,
individual,arousal,eeg,svr,all,all,eeg_se_alpha__PO7,230,5,1.0,
individual,arousal,eeg,svr,all,all,eeg_se_alpha__PO8,230,5,1.0,
individual,arousal,eeg,svr,all,all,eeg_se_alpha__Pz,230,5,1.0,
individual,arousal,eeg,svr,all,all,eeg_se_beta__C3,230,5,1.0,
individual,arousal,eeg,svr,all,all,eeg_se_beta__C4,230,5,1.0,
individual,arousal,eeg,svr,all,all,eeg_se_beta__Cz,230,5,1.0,
individual,arousal,eeg,svr,all,all,eeg_se_beta__Fz,230,5,1.0,
individual,arousal,eeg,svr,all,all,eeg_se_beta__Oz,230,5,1.0,
individual,arousal,eeg,svr,all,all,eeg_se_beta__PO7,230,5,1.0,
individual,arousal,eeg,svr,all,all,eeg_se_beta__PO8,230,5,1.0,
individual,arousal,eeg,svr,all,all,eeg_se_beta__Pz,230,5,1.0,
individual,arousal,eeg,svr,all,all,eeg_se_delta__C3,230,5,1.0,
individual,arousal,eeg,svr,all,all,eeg_se_delta__C4,230,5,1.0,
individual,arousal,eeg,svr,all,all,eeg_se_delta__Cz,230,5,1.0,
individual,arousal,eeg,svr,all,all,eeg_se_delta__Fz,230,5,1.0,
individual,arousal,eeg,svr,all,all,eeg_se_delta__Oz,230,5,1.0,
individual,arousal,eeg,svr,all,all,eeg_se_delta__PO7,230,5,1.0,
individual,arousal,eeg,svr,all,all,eeg_se_delta__PO8,230,5,1.0,
individual,arousal,eeg,svr,all,all,eeg_se_delta__Pz,230,5,1.0,
individual,arousal,eeg,svr,all,all,eeg_se_gamma__C3,230,5,1.0,
individual,arousal,eeg,svr,all,all,eeg_se_gamma__C4,230,5,1.0,
individual,arousal,eeg,svr,all,all,eeg_se_gamma__Cz,230,5,1.0,
individual,arousal,eeg,svr,all,all,eeg_se_gamma__Fz,230,5,1.0,
individual,arousal,eeg,svr,all,all,eeg_se_gamma__Oz,230,5,1.0,
individual,arousal,eeg,svr,all,all,eeg_se_gamma__PO7,230,5,1.0,
individual,arousal,eeg,svr,all,all,eeg_se_gamma__PO8,230,5,1.0,
individual,arousal,eeg,svr,all,all,eeg_se_gamma__Pz,230,5,1.0,
individual,arousal,eeg,svr,all,all,eeg_se_theta__C3,230,5,1.0,
individual,arousal,eeg,svr,all,all,eeg_se_theta__C4,230,5,1.0,
individual,arousal,eeg,svr,all,all,eeg_se_theta__Cz,230,5,1.0,
individual,arousal,eeg,svr,all,all,eeg_se_theta__Fz,230,5,1.0,
individual,arousal,eeg,svr,all,all,eeg_se_theta__Oz,230,5,1.0,
individual,arousal,eeg,svr,all,all,eeg_se_theta__PO7,230,5,1.0,
individual,arousal,eeg,svr,all,all,eeg_se_theta__PO8,230,5,1.0,
individual,arousal,eeg,svr,all,all,eeg_se_theta__Pz,230,5,1.0,
individual,arousal,face,knn,10,10,video_enso_norm_mean,230,5,1.0,1.4364162351043126
individual,arousal,face,knn,10,10,video_enso_norm_std,230,5,1.0,2.0914496640124027
individual,arousal,face,knn,10,10,video_eso_norm_mean,230,5,1.0,1.418145744681501
individual,arousal,face,knn,10,10,video_eso_norm_std,230,5,1.0,1.8716240192885252
individual,arousal,face,knn,10,10,video_irisdo_norm_mean,230,5,1.0,1.8771322691649224
individual,arousal,face,knn,10,10,video_irisdo_norm_std,230,5,1.0,1.8049908656162905
individual,arousal,face,knn,10,10,video_mnso_norm_mean,230,5,1.0,1.3450637100746226
individual,arousal,face,knn,10,10,video_mnso_norm_std,230,5,1.0,1.2543580103685112
individual,arousal,face,knn,10,10,video_mwo_norm_mean,230,5,1.0,1.3144850802565424
individual,arousal,face,knn,10,10,video_mwo_norm_std,230,5,1.0,1.3223886598579055
individual,arousal,face,knn,20,10,video_enso_norm_mean,230,5,1.0,1.4364162351043126
individual,arousal,face,knn,20,10,video_enso_norm_std,230,5,1.0,2.0914496640124027
individual,arousal,face,knn,20,10,video_eso_norm_mean,230,5,1.0,1.418145744681501
individual,arousal,face,knn,20,10,video_eso_norm_std,230,5,1.0,1.8716240192885252
individual,arousal,face,knn,20,10,video_irisdo_norm_mean,230,5,1.0,1.8771322691649224
individual,arousal,face,knn,20,10,video_irisdo_norm_std,230,5,1.0,1.8049908656162905
individual,arousal,face,knn,20,10,video_mnso_norm_mean,230,5,1.0,1.3450637100746226
individual,arousal,face,knn,20,10,video_mnso_norm_std,230,5,1.0,1.2543580103685112
individual,arousal,face,knn,20,10,video_mwo_norm_mean,230,5,1.0,1.3144850802565424
individual,arousal,face,knn,20,10,video_mwo_norm_std,230,5,1.0,1.3223886598579055
individual,arousal,face,knn,5,5,video_enso_norm_mean,130,5,0.5652173913043478,1.4364162351043126
individual,arousal,face,knn,5,5,video_enso_norm_std,141,5,0.6130434782608696,2.0914496640124027
individual,arousal,face,knn,5,5,video_eso_norm_mean,104,5,0.45217391304347826,1.418145744681501
individual,arousal,face,knn,5,5,video_eso_norm_std,134,5,0.5826086956521739,1.8716240192885252
individual,arousal,face,knn,5,5,video_irisdo_norm_mean,133,5,0.5782608695652174,1.8771322691649224
individual,arousal,face,knn,5,5,video_irisdo_norm_std,117,5,0.508695652173913,1.8049908656162905
individual,arousal,face,knn,5,5,video_mnso_norm_mean,103,5,0.44782608695652176,1.3450637100746226
individual,arousal,face,knn,5,5,video_mnso_norm_std,94,5,0.40869565217391307,1.2543580103685112
individual,arousal,face,knn,5,5,video_mwo_norm_mean,90,5,0.391304347826087,1.3144850802565424
individual,arousal,face,knn,5,5,video_mwo_norm_std,104,5,0.45217391304347826,1.3223886598579055
individual,arousal,face,knn,all,all,video_enso_norm_mean,230,5,1.0,
individual,arousal,face,knn,all,all,video_enso_norm_std,230,5,1.0,
individual,arousal,face,knn,all,all,video_eso_norm_mean,230,5,1.0,
individual,arousal,face,knn,all,all,video_eso_norm_std,230,5,1.0,
individual,arousal,face,knn,all,all,video_irisdo_norm_mean,230,5,1.0,
individual,arousal,face,knn,all,all,video_irisdo_norm_std,230,5,1.0,
individual,arousal,face,knn,all,all,video_mnso_norm_mean,230,5,1.0,
individual,arousal,face,knn,all,all,video_mnso_norm_std,230,5,1.0,
individual,arousal,face,knn,all,all,video_mwo_norm_mean,230,5,1.0,
individual,arousal,face,knn,all,all,video_mwo_norm_std,230,5,1.0,
individual,arousal,face,ridge,10,10,video_enso_norm_mean,230,5,1.0,1.4364162351043126
individual,arousal,face,ridge,10,10,video_enso_norm_std,230,5,1.0,2.0914496640124027
individual,arousal,face,ridge,10,10,video_eso_norm_mean,230,5,1.0,1.418145744681501
individual,arousal,face,ridge,10,10,video_eso_norm_std,230,5,1.0,1.8716240192885252
individual,arousal,face,ridge,10,10,video_irisdo_norm_mean,230,5,1.0,1.8771322691649224
individual,arousal,face,ridge,10,10,video_irisdo_norm_std,230,5,1.0,1.8049908656162905
individual,arousal,face,ridge,10,10,video_mnso_norm_mean,230,5,1.0,1.3450637100746226
individual,arousal,face,ridge,10,10,video_mnso_norm_std,230,5,1.0,1.2543580103685112
individual,arousal,face,ridge,10,10,video_mwo_norm_mean,230,5,1.0,1.3144850802565424
individual,arousal,face,ridge,10,10,video_mwo_norm_std,230,5,1.0,1.3223886598579055
individual,arousal,face,ridge,20,10,video_enso_norm_mean,230,5,1.0,1.4364162351043126
individual,arousal,face,ridge,20,10,video_enso_norm_std,230,5,1.0,2.0914496640124027
individual,arousal,face,ridge,20,10,video_eso_norm_mean,230,5,1.0,1.418145744681501
individual,arousal,face,ridge,20,10,video_eso_norm_std,230,5,1.0,1.8716240192885252
individual,arousal,face,ridge,20,10,video_irisdo_norm_mean,230,5,1.0,1.8771322691649224
individual,arousal,face,ridge,20,10,video_irisdo_norm_std,230,5,1.0,1.8049908656162905
individual,arousal,face,ridge,20,10,video_mnso_norm_mean,230,5,1.0,1.3450637100746226
individual,arousal,face,ridge,20,10,video_mnso_norm_std,230,5,1.0,1.2543580103685112
individual,arousal,face,ridge,20,10,video_mwo_norm_mean,230,5,1.0,1.3144850802565424
individual,arousal,face,ridge,20,10,video_mwo_norm_std,230,5,1.0,1.3223886598579055
individual,arousal,face,ridge,5,5,video_enso_norm_mean,130,5,0.5652173913043478,1.4364162351043126
individual,arousal,face,ridge,5,5,video_enso_norm_std,141,5,0.6130434782608696,2.0914496640124027
individual,arousal,face,ridge,5,5,video_eso_norm_mean,104,5,0.45217391304347826,1.418145744681501
individual,arousal,face,ridge,5,5,video_eso_norm_std,134,5,0.5826086956521739,1.8716240192885252
individual,arousal,face,ridge,5,5,video_irisdo_norm_mean,133,5,0.5782608695652174,1.8771322691649224
individual,arousal,face,ridge,5,5,video_irisdo_norm_std,117,5,0.508695652173913,1.8049908656162905
individual,arousal,face,ridge,5,5,video_mnso_norm_mean,103,5,0.44782608695652176,1.3450637100746226
individual,arousal,face,ridge,5,5,video_mnso_norm_std,94,5,0.40869565217391307,1.2543580103685112
individual,arousal,face,ridge,5,5,video_mwo_norm_mean,90,5,0.391304347826087,1.3144850802565424
individual,arousal,face,ridge,5,5,video_mwo_norm_std,104,5,0.45217391304347826,1.3223886598579055
individual,arousal,face,ridge,all,all,video_enso_norm_mean,230,5,1.0,
individual,arousal,face,ridge,all,all,video_enso_norm_std,230,5,1.0,
individual,arousal,face,ridge,all,all,video_eso_norm_mean,230,5,1.0,
individual,arousal,face,ridge,all,all,video_eso_norm_std,230,5,1.0,
individual,arousal,face,ridge,all,all,video_irisdo_norm_mean,230,5,1.0,
individual,arousal,face,ridge,all,all,video_irisdo_norm_std,230,5,1.0,
individual,arousal,face,ridge,all,all,video_mnso_norm_mean,230,5,1.0,
individual,arousal,face,ridge,all,all,video_mnso_norm_std,230,5,1.0,
individual,arousal,face,ridge,all,all,video_mwo_norm_mean,230,5,1.0,
individual,arousal,face,ridge,all,all,video_mwo_norm_std,230,5,1.0,
individual,arousal,face,svr,10,10,video_enso_norm_mean,230,5,1.0,1.4364162351043126
individual,arousal,face,svr,10,10,video_enso_norm_std,230,5,1.0,2.0914496640124027
individual,arousal,face,svr,10,10,video_eso_norm_mean,230,5,1.0,1.418145744681501
individual,arousal,face,svr,10,10,video_eso_norm_std,230,5,1.0,1.8716240192885252
individual,arousal,face,svr,10,10,video_irisdo_norm_mean,230,5,1.0,1.8771322691649224
individual,arousal,face,svr,10,10,video_irisdo_norm_std,230,5,1.0,1.8049908656162905
individual,arousal,face,svr,10,10,video_mnso_norm_mean,230,5,1.0,1.3450637100746226
individual,arousal,face,svr,10,10,video_mnso_norm_std,230,5,1.0,1.2543580103685112
individual,arousal,face,svr,10,10,video_mwo_norm_mean,230,5,1.0,1.3144850802565424
individual,arousal,face,svr,10,10,video_mwo_norm_std,230,5,1.0,1.3223886598579055
individual,arousal,face,svr,20,10,video_enso_norm_mean,230,5,1.0,1.4364162351043126
individual,arousal,face,svr,20,10,video_enso_norm_std,230,5,1.0,2.0914496640124027
individual,arousal,face,svr,20,10,video_eso_norm_mean,230,5,1.0,1.418145744681501
individual,arousal,face,svr,20,10,video_eso_norm_std,230,5,1.0,1.8716240192885252
individual,arousal,face,svr,20,10,video_irisdo_norm_mean,230,5,1.0,1.8771322691649224
individual,arousal,face,svr,20,10,video_irisdo_norm_std,230,5,1.0,1.8049908656162905
individual,arousal,face,svr,20,10,video_mnso_norm_mean,230,5,1.0,1.3450637100746226
individual,arousal,face,svr,20,10,video_mnso_norm_std,230,5,1.0,1.2543580103685112
individual,arousal,face,svr,20,10,video_mwo_norm_mean,230,5,1.0,1.3144850802565424
individual,arousal,face,svr,20,10,video_mwo_norm_std,230,5,1.0,1.3223886598579055
individual,arousal,face,svr,5,5,video_enso_norm_mean,130,5,0.5652173913043478,1.4364162351043126
individual,arousal,face,svr,5,5,video_enso_norm_std,141,5,0.6130434782608696,2.0914496640124027
individual,arousal,face,svr,5,5,video_eso_norm_mean,104,5,0.45217391304347826,1.418145744681501
individual,arousal,face,svr,5,5,video_eso_norm_std,134,5,0.5826086956521739,1.8716240192885252
individual,arousal,face,svr,5,5,video_irisdo_norm_mean,133,5,0.5782608695652174,1.8771322691649224
individual,arousal,face,svr,5,5,video_irisdo_norm_std,117,5,0.508695652173913,1.8049908656162905
individual,arousal,face,svr,5,5,video_mnso_norm_mean,103,5,0.44782608695652176,1.3450637100746226
individual,arousal,face,svr,5,5,video_mnso_norm_std,94,5,0.40869565217391307,1.2543580103685112
individual,arousal,face,svr,5,5,video_mwo_norm_mean,90,5,0.391304347826087,1.3144850802565424
individual,arousal,face,svr,5,5,video_mwo_norm_std,104,5,0.45217391304347826,1.3223886598579055
individual,arousal,face,svr,all,all,video_enso_norm_mean,230,5,1.0,
individual,arousal,face,svr,all,all,video_enso_norm_std,230,5,1.0,
individual,arousal,face,svr,all,all,video_eso_norm_mean,230,5,1.0,
individual,arousal,face,svr,all,all,video_eso_norm_std,230,5,1.0,
individual,arousal,face,svr,all,all,video_irisdo_norm_mean,230,5,1.0,
individual,arousal,face,svr,all,all,video_irisdo_norm_std,230,5,1.0,
individual,arousal,face,svr,all,all,video_mnso_norm_mean,230,5,1.0,
individual,arousal,face,svr,all,all,video_mnso_norm_std,230,5,1.0,
individual,arousal,face,svr,all,all,video_mwo_norm_mean,230,5,1.0,
individual,arousal,face,svr,all,all,video_mwo_norm_std,230,5,1.0,
individual,arousal,multimodal,knn,10,10,eeg_bp_alpha__C3,18,5,0.0782608695652174,1.0570281377793729
individual,arousal,multimodal,knn,10,10,eeg_bp_alpha__C4,17,5,0.07391304347826087,1.175513270473575
individual,arousal,multimodal,knn,10,10,eeg_bp_alpha__Cz,11,5,0.04782608695652174,0.911260024650569
individual,arousal,multimodal,knn,10,10,eeg_bp_alpha__Fz,15,5,0.06521739130434782,1.0391709200356047
individual,arousal,multimodal,knn,10,10,eeg_bp_alpha__Oz,12,5,0.05217391304347826,1.044199251078774
individual,arousal,multimodal,knn,10,10,eeg_bp_alpha__PO7,22,5,0.09565217391304348,1.2762432694024646
individual,arousal,multimodal,knn,10,10,eeg_bp_alpha__PO8,11,5,0.04782608695652174,1.066317466469483
individual,arousal,multimodal,knn,10,10,eeg_bp_alpha__Pz,15,5,0.06521739130434782,1.0419570647787717
individual,arousal,multimodal,knn,10,10,eeg_bp_beta__C3,17,5,0.07391304347826087,1.1752646673321407
individual,arousal,multimodal,knn,10,10,eeg_bp_beta__C4,15,5,0.06521739130434782,1.3884769930964833
individual,arousal,multimodal,knn,10,10,eeg_bp_beta__Cz,7,5,0.030434782608695653,1.0366827553345677
individual,arousal,multimodal,knn,10,10,eeg_bp_beta__Fz,27,5,0.11739130434782609,1.4422294244329907
individual,arousal,multimodal,knn,10,10,eeg_bp_beta__Oz,14,5,0.06086956521739131,1.2212882115562607
individual,arousal,multimodal,knn,10,10,eeg_bp_beta__PO7,20,5,0.08695652173913043,1.466711301229227
individual,arousal,multimodal,knn,10,10,eeg_bp_beta__PO8,17,5,0.07391304347826087,1.0880043596520916
individual,arousal,multimodal,knn,10,10,eeg_bp_beta__Pz,15,5,0.06521739130434782,1.3498839933705054
individual,arousal,multimodal,knn,10,10,eeg_bp_delta__C3,8,5,0.034782608695652174,0.8567542654516139
individual,arousal,multimodal,knn,10,10,eeg_bp_delta__C4,6,5,0.02608695652173913,1.0646763858288468
individual,arousal,multimodal,knn,10,10,eeg_bp_delta__Cz,10,5,0.043478260869565216,1.1289912137231028
individual,arousal,multimodal,knn,10,10,eeg_bp_delta__Fz,20,5,0.08695652173913043,1.3618836886806778
individual,arousal,multimodal,knn,10,10,eeg_bp_delta__Oz,8,5,0.034782608695652174,1.2298752350154583
individual,arousal,multimodal,knn,10,10,eeg_bp_delta__PO7,21,5,0.09130434782608696,1.140925318908619
individual,arousal,multimodal,knn,10,10,eeg_bp_delta__PO8,13,5,0.05652173913043478,1.1874017084915442
individual,arousal,multimodal,knn,10,10,eeg_bp_delta__Pz,14,5,0.06086956521739131,0.9398068926420048
individual,arousal,multimodal,knn,10,10,eeg_bp_gamma__C3,13,5,0.05652173913043478,1.133989439967218
individual,arousal,multimodal,knn,10,10,eeg_bp_gamma__C4,16,5,0.06956521739130435,1.1847003070340172
individual,arousal,multimodal,knn,10,10,eeg_bp_gamma__Cz,27,5,0.11739130434782609,1.2478973161869449
individual,arousal,multimodal,knn,10,10,eeg_bp_gamma__Fz,18,5,0.0782608695652174,1.0366231639647467
individual,arousal,multimodal,knn,10,10,eeg_bp_gamma__Oz,21,5,0.09130434782608696,1.2831350712683705
individual,arousal,multimodal,knn,10,10,eeg_bp_gamma__PO7,24,5,0.10434782608695652,1.284744196046049
individual,arousal,multimodal,knn,10,10,eeg_bp_gamma__PO8,24,5,0.10434782608695652,1.3239800547025364
individual,arousal,multimodal,knn,10,10,eeg_bp_gamma__Pz,29,5,0.12608695652173912,1.3328275855328309
individual,arousal,multimodal,knn,10,10,eeg_bp_theta__C3,17,5,0.07391304347826087,1.3648569960139727
individual,arousal,multimodal,knn,10,10,eeg_bp_theta__C4,18,5,0.0782608695652174,1.285117838064382
individual,arousal,multimodal,knn,10,10,eeg_bp_theta__Cz,24,5,0.10434782608695652,1.2861971511335526
individual,arousal,multimodal,knn,10,10,eeg_bp_theta__Fz,6,5,0.02608695652173913,0.7393944110360005
individual,arousal,multimodal,knn,10,10,eeg_bp_theta__Oz,22,5,0.09565217391304348,1.323421939248315
individual,arousal,multimodal,knn,10,10,eeg_bp_theta__PO7,12,5,0.05217391304347826,1.1652736632016891
individual,arousal,multimodal,knn,10,10,eeg_bp_theta__PO8,22,5,0.09565217391304348,1.3141519071341266
individual,arousal,multimodal,knn,10,10,eeg_bp_theta__Pz,13,5,0.05652173913043478,1.055523626808761
individual,arousal,multimodal,knn,10,10,eeg_hc__C3,11,5,0.04782608695652174,1.0660406717516038
individual,arousal,multimodal,knn,10,10,eeg_hc__C4,14,5,0.06086956521739131,1.247365807467276
individual,arousal,multimodal,knn,10,10,eeg_hc__Cz,17,5,0.07391304347826087,1.2041141216402131
individual,arousal,multimodal,knn,10,10,eeg_hc__Fz,21,5,0.09130434782608696,1.4960298403147687
individual,arousal,multimodal,knn,10,10,eeg_hc__Oz,8,5,0.034782608695652174,0.9926228562544502
individual,arousal,multimodal,knn,10,10,eeg_hc__PO7,15,5,0.06521739130434782,1.083247606519791
individual,arousal,multimodal,knn,10,10,eeg_hc__PO8,21,5,0.09130434782608696,1.4838895434348003
individual,arousal,multimodal,knn,10,10,eeg_hc__Pz,11,5,0.04782608695652174,1.099675858884008
individual,arousal,multimodal,knn,10,10,eeg_hm__C3,15,5,0.06521739130434782,1.0473250776196132
individual,arousal,multimodal,knn,10,10,eeg_hm__C4,17,5,0.07391304347826087,1.0912244795852284
individual,arousal,multimodal,knn,10,10,eeg_hm__Cz,11,5,0.04782608695652174,1.1283320746250443
individual,arousal,multimodal,knn,10,10,eeg_hm__Fz,13,5,0.05652173913043478,1.2110913166035384
individual,arousal,multimodal,knn,10,10,eeg_hm__Oz,17,5,0.07391304347826087,1.1931932597007702
individual,arousal,multimodal,knn,10,10,eeg_hm__PO7,26,5,0.11304347826086956,1.5519008563471097
individual,arousal,multimodal,knn,10,10,eeg_hm__PO8,29,5,0.12608695652173912,1.534639010435952
individual,arousal,multimodal,knn,10,10,eeg_hm__Pz,14,5,0.06086956521739131,1.1116133555836885
individual,arousal,multimodal,knn,10,10,eeg_mf_hz__C3,17,5,0.07391304347826087,1.1104984212060673
individual,arousal,multimodal,knn,10,10,eeg_mf_hz__C4,18,5,0.0782608695652174,1.2853098251758914
individual,arousal,multimodal,knn,10,10,eeg_mf_hz__Cz,27,5,0.11739130434782609,1.5282992068292813
individual,arousal,multimodal,knn,10,10,eeg_mf_hz__Fz,20,5,0.08695652173913043,1.304191334807583
individual,arousal,multimodal,knn,10,10,eeg_mf_hz__Oz,11,5,0.04782608695652174,0.9677919672560519
individual,arousal,multimodal,knn,10,10,eeg_mf_hz__PO7,11,5,0.04782608695652174,1.018300809975963
individual,arousal,multimodal,knn,10,10,eeg_mf_hz__PO8,28,5,0.12173913043478261,1.6062635750473353
individual,arousal,multimodal,knn,10,10,eeg_mf_hz__Pz,10,5,0.043478260869565216,0.9614204983197219
individual,arousal,multimodal,knn,10,10,eeg_sd__C3,16,5,0.06956521739130435,1.2181157465013939
individual,arousal,multimodal,knn,10,10,eeg_sd__C4,24,5,0.10434782608695652,1.4426250458051195
individual,arousal,multimodal,knn,10,10,eeg_sd__Cz,7,5,0.030434782608695653,0.9841031475050623
individual,arousal,multimodal,knn,10,10,eeg_sd__Fz,7,5,0.030434782608695653,0.9013691331595624
individual,arousal,multimodal,knn,10,10,eeg_sd__Oz,5,5,0.021739130434782608,1.1120311063030386
individual,arousal,multimodal,knn,10,10,eeg_sd__PO7,26,5,0.11304347826086956,1.3654009247569179
individual,arousal,multimodal,knn,10,10,eeg_sd__PO8,8,5,0.034782608695652174,0.8601873650061131
individual,arousal,multimodal,knn,10,10,eeg_sd__Pz,14,5,0.06086956521739131,1.0466066922572672
individual,arousal,multimodal,knn,10,10,eeg_se__C3,13,5,0.05652173913043478,0.9651395743084433
individual,arousal,multimodal,knn,10,10,eeg_se__C4,17,5,0.07391304347826087,1.1170934604369638
individual,arousal,multimodal,knn,10,10,eeg_se__Cz,19,5,0.08260869565217391,1.211394653234914
individual,arousal,multimodal,knn,10,10,eeg_se__Fz,12,5,0.05217391304347826,1.0514375792659074
individual,arousal,multimodal,knn,10,10,eeg_se__Oz,14,5,0.06086956521739131,1.1008425294057926
individual,arousal,multimodal,knn,10,10,eeg_se__PO7,10,5,0.043478260869565216,1.0638445389666185
individual,arousal,multimodal,knn,10,10,eeg_se__PO8,28,5,0.12173913043478261,1.5486702547489524
individual,arousal,multimodal,knn,10,10,eeg_se__Pz,14,5,0.06086956521739131,1.0613722306558004
individual,arousal,multimodal,knn,10,10,eeg_se_alpha__C3,17,5,0.07391304347826087,1.1035239131416605
individual,arousal,multimodal,knn,10,10,eeg_se_alpha__C4,26,5,0.11304347826086956,1.3188929472323723
individual,arousal,multimodal,knn,10,10,eeg_se_alpha__Cz,10,5,0.043478260869565216,0.9020102672774958
individual,arousal,multimodal,knn,10,10,eeg_se_alpha__Fz,26,5,0.11304347826086956,1.5079679512561246
individual,arousal,multimodal,knn,10,10,eeg_se_alpha__Oz,23,5,0.1,1.1852732253983667
individual,arousal,multimodal,knn,10,10,eeg_se_alpha__PO7,15,5,0.06521739130434782,0.9975414837513263
individual,arousal,multimodal,knn,10,10,eeg_se_alpha__PO8,26,5,0.11304347826086956,1.3279846781411138
individual,arousal,multimodal,knn,10,10,eeg_se_alpha__Pz,15,5,0.06521739130434782,1.0133518599311635
individual,arousal,multimodal,knn,10,10,eeg_se_beta__C3,8,5,0.034782608695652174,0.845515993875119
individual,arousal,multimodal,knn,10,10,eeg_se_beta__C4,12,5,0.05217391304347826,0.8669819197094595
individual,arousal,multimodal,knn,10,10,eeg_se_beta__Cz,22,5,0.09565217391304348,1.1815795995421714
individual,arousal,multimodal,knn,10,10,eeg_se_beta__Fz,13,5,0.05652173913043478,1.068254052290481
individual,arousal,multimodal,knn,10,10,eeg_se_beta__Oz,29,5,0.12608695652173912,1.3359496371361452
individual,arousal,multimodal,knn,10,10,eeg_se_beta__PO7,14,5,0.06086956521739131,1.0146632542615028
individual,arousal,multimodal,knn,10,10,eeg_se_beta__PO8,21,5,0.09130434782608696,1.1119945269654834
individual,arousal,multimodal,knn,10,10,eeg_se_beta__Pz,8,5,0.034782608695652174,0.7065129414625744
individual,arousal,multimodal,knn,10,10,eeg_se_delta__C3,10,5,0.043478260869565216,0.7957972464224746
individual,arousal,multimodal,knn,10,10,eeg_se_delta__C4,20,5,0.08695652173913043,1.1478115517919893
individual,arousal,multimodal,knn,10,10,eeg_se_delta__Cz,29,5,0.12608695652173912,1.4421718296703183
individual,arousal,multimodal,knn,10,10,eeg_se_delta__Fz,23,5,0.1,1.0969927981272674
individual,arousal,multimodal,knn,10,10,eeg_se_delta__Oz,14,5,0.06086956521739131,0.8078195118554636
individual,arousal,multimodal,knn,10,10,eeg_se_delta__PO7,21,5,0.09130434782608696,1.0953371979156625
individual,arousal,multimodal,knn,10,10,eeg_se_delta__PO8,7,5,0.030434782608695653,0.7961507929801972
individual,arousal,multimodal,knn,10,10,eeg_se_delta__Pz,15,5,0.06521739130434782,0.9472157468856833
individual,arousal,multimodal,knn,10,10,eeg_se_gamma__C3,14,5,0.06086956521739131,0.8633431147667391
individual,arousal,multimodal,knn,10,10,eeg_se_gamma__C4,16,5,0.06956521739130435,1.1612884104279055
individual,arousal,multimodal,knn,10,10,eeg_se_gamma__Cz,15,5,0.06521739130434782,1.0868290014922781
individual,arousal,multimodal,knn,10,10,eeg_se_gamma__Fz,37,5,0.1608695652173913,1.5338902202548976
individual,arousal,multimodal,knn,10,10,eeg_se_gamma__Oz,16,5,0.06956521739130435,0.9953375096110936
individual,arousal,multimodal,knn,10,10,eeg_se_gamma__PO7,7,5,0.030434782608695653,0.7077108788721743
individual,arousal,multimodal,knn,10,10,eeg_se_gamma__PO8,21,5,0.09130434782608696,1.1008916826367063
individual,arousal,multimodal,knn,10,10,eeg_se_gamma__Pz,24,5,0.10434782608695652,1.3599548378750466
individual,arousal,multimodal,knn,10,10,eeg_se_theta__C3,18,5,0.0782608695652174,1.0088467792785967
individual,arousal,multimodal,knn,10,10,eeg_se_theta__C4,23,5,0.1,1.131248260805728
individual,arousal,multimodal,knn,10,10,eeg_se_theta__Cz,20,5,0.08695652173913043,1.0453309345112243
individual,arousal,multimodal,knn,10,10,eeg_se_theta__Fz,11,5,0.04782608695652174,0.8175581622798831
individual,arousal,multimodal,knn,10,10,eeg_se_theta__Oz,17,5,0.07391304347826087,1.0097489800013733
individual,arousal,multimodal,knn,10,10,eeg_se_theta__PO7,17,5,0.07391304347826087,1.0245213206568247
individual,arousal,multimodal,knn,10,10,eeg_se_theta__PO8,20,5,0.08695652173913043,1.247553142320234
individual,arousal,multimodal,knn,10,10,eeg_se_theta__Pz,24,5,0.10434782608695652,1.182851239506684
individual,arousal,multimodal,knn,10,10,video_enso_norm_mean,26,5,0.11304347826086956,1.411031089654006
individual,arousal,multimodal,knn,10,10,video_enso_norm_std,44,5,0.19130434782608696,1.7988665309917586
individual,arousal,multimodal,knn,10,10,video_eso_norm_mean,27,5,0.11739130434782609,1.419412789371039
individual,arousal,multimodal,knn,10,10,video_eso_norm_std,33,5,0.14347826086956522,1.5407711638552695
individual,arousal,multimodal,knn,10,10,video_irisdo_norm_mean,35,5,0.15217391304347827,1.8078084545362636
individual,arousal,multimodal,knn,10,10,video_irisdo_norm_std,30,5,0.13043478260869565,1.4647629812338419
individual,arousal,multimodal,knn,10,10,video_mnso_norm_mean,25,5,0.10869565217391304,1.3065502707922667
individual,arousal,multimodal,knn,10,10,video_mnso_norm_std,18,5,0.0782608695652174,1.055216600434974
individual,arousal,multimodal,knn,10,10,video_mwo_norm_mean,23,5,0.1,1.2215965847615222
individual,arousal,multimodal,knn,10,10,video_mwo_norm_std,20,5,0.08695652173913043,1.1843624684007021
individual,arousal,multimodal,knn,20,20,eeg_bp_alpha__C3,28,5,0.12173913043478261,1.0570281377793729
individual,arousal,multimodal,knn,20,20,eeg_bp_alpha__C4,34,5,0.14782608695652175,1.175513270473575
individual,arousal,multimodal,knn,20,20,eeg_bp_alpha__Cz,24,5,0.10434782608695652,0.911260024650569
individual,arousal,multimodal,knn,20,20,eeg_bp_alpha__Fz,28,5,0.12173913043478261,1.0391709200356047
individual,arousal,multimodal,knn,20,20,eeg_bp_alpha__Oz,35,5,0.15217391304347827,1.044199251078774
individual,arousal,multimodal,knn,20,20,eeg_bp_alpha__PO7,46,5,0.2,1.2762432694024646
individual,arousal,multimodal,knn,20,20,eeg_bp_alpha__PO8,30,5,0.13043478260869565,1.066317466469483
individual,arousal,multimodal,knn,20,20,eeg_bp_alpha__Pz,34,5,0.14782608695652175,1.0419570647787717
individual,arousal,multimodal,knn,20,20,eeg_bp_beta__C3,32,5,0.1391304347826087,1.1752646673321407
individual,arousal,multimodal,knn,20,20,eeg_bp_beta__C4,43,5,0.18695652173913044,1.3884769930964833
individual,arousal,multimodal,knn,20,20,eeg_bp_beta__Cz,31,5,0.13478260869565217,1.0366827553345677
individual,arousal,multimodal,knn,20,20,eeg_bp_beta__Fz,46,5,0.2,1.4422294244329907
individual,arousal,multimodal,knn,20,20,eeg_bp_beta__Oz,36,5,0.1565217391304348,1.2212882115562607
individual,arousal,multimodal,knn,20,20,eeg_bp_beta__PO7,49,5,0.21304347826086956,1.466711301229227
individual,arousal,multimodal,knn,20,20,eeg_bp_beta__PO8,25,5,0.10869565217391304,1.0880043596520916
individual,arousal,multimodal,knn,20,20,eeg_bp_beta__Pz,45,5,0.1956521739130435,1.3498839933705054
individual,arousal,multimodal,knn,20,20,eeg_bp_delta__C3,21,5,0.09130434782608696,0.8567542654516139
individual,arousal,multimodal,knn,20,20,eeg_bp_delta__C4,28,5,0.12173913043478261,1.0646763858288468
individual,arousal,multimodal,knn,20,20,eeg_bp_delta__Cz,25,5,0.10869565217391304,1.1289912137231028
individual,arousal,multimodal,knn,20,20,eeg_bp_delta__Fz,43,5,0.18695652173913044,1.3618836886806778
individual,arousal,multimodal,knn,20,20,eeg_bp_delta__Oz,41,5,0.1782608695652174,1.2298752350154583
individual,arousal,multimodal,knn,20,20,eeg_bp_delta__PO7,37,5,0.1608695652173913,1.140925318908619
individual,arousal,multimodal,knn,20,20,eeg_bp_delta__PO8,32,5,0.1391304347826087,1.1874017084915442
individual,arousal,multimodal,knn,20,20,eeg_bp_delta__Pz,28,5,0.12173913043478261,0.9398068926420048
individual,arousal,multimodal,knn,20,20,eeg_bp_gamma__C3,33,5,0.14347826086956522,1.133989439967218
individual,arousal,multimodal,knn,20,20,eeg_bp_gamma__C4,39,5,0.16956521739130434,1.1847003070340172
individual,arousal,multimodal,knn,20,20,eeg_bp_gamma__Cz,43,5,0.18695652173913044,1.2478973161869449
individual,arousal,multimodal,knn,20,20,eeg_bp_gamma__Fz,32,5,0.1391304347826087,1.0366231639647467
individual,arousal,multimodal,knn,20,20,eeg_bp_gamma__Oz,44,5,0.19130434782608696,1.2831350712683705
individual,arousal,multimodal,knn,20,20,eeg_bp_gamma__PO7,42,5,0.1826086956521739,1.284744196046049
individual,arousal,multimodal,knn,20,20,eeg_bp_gamma__PO8,37,5,0.1608695652173913,1.3239800547025364
individual,arousal,multimodal,knn,20,20,eeg_bp_gamma__Pz,49,5,0.21304347826086956,1.3328275855328309
individual,arousal,multimodal,knn,20,20,eeg_bp_theta__C3,39,5,0.16956521739130434,1.3648569960139727
individual,arousal,multimodal,knn,20,20,eeg_bp_theta__C4,44,5,0.19130434782608696,1.285117838064382
individual,arousal,multimodal,knn,20,20,eeg_bp_theta__Cz,45,5,0.1956521739130435,1.2861971511335526
individual,arousal,multimodal,knn,20,20,eeg_bp_theta__Fz,12,5,0.05217391304347826,0.7393944110360005
individual,arousal,multimodal,knn,20,20,eeg_bp_theta__Oz,43,5,0.18695652173913044,1.323421939248315
individual,arousal,multimodal,knn,20,20,eeg_bp_theta__PO7,38,5,0.16521739130434782,1.1652736632016891
individual,arousal,multimodal,knn,20,20,eeg_bp_theta__PO8,49,5,0.21304347826086956,1.3141519071341266
individual,arousal,multimodal,knn,20,20,eeg_bp_theta__Pz,32,5,0.1391304347826087,1.055523626808761
individual,arousal,multimodal,knn,20,20,eeg_hc__C3,28,5,0.12173913043478261,1.0660406717516038
individual,arousal,multimodal,knn,20,20,eeg_hc__C4,37,5,0.1608695652173913,1.247365807467276
individual,arousal,multimodal,knn,20,20,eeg_hc__Cz,34,5,0.14782608695652175,1.2041141216402131
individual,arousal,multimodal,knn,20,20,eeg_hc__Fz,44,5,0.19130434782608696,1.4960298403147687
individual,arousal,multimodal,knn,20,20,eeg_hc__Oz,27,5,0.11739130434782609,0.9926228562544502
individual,arousal,multimodal,knn,20,20,eeg_hc__PO7,24,5,0.10434782608695652,1.083247606519791
individual,arousal,multimodal,knn,20,20,eeg_hc__PO8,42,5,0.1826086956521739,1.4838895434348003
individual,arousal,multimodal,knn,20,20,eeg_hc__Pz,28,5,0.12173913043478261,1.099675858884008
individual,arousal,multimodal,knn,20,20,eeg_hm__C3,33,5,0.14347826086956522,1.0473250776196132
individual,arousal,multimodal,knn,20,20,eeg_hm__C4,33,5,0.14347826086956522,1.0912244795852284
individual,arousal,multimodal,knn,20,20,eeg_hm__Cz,30,5,0.13043478260869565,1.1283320746250443
individual,arousal,multimodal,knn,20,20,eeg_hm__Fz,36,5,0.1565217391304348,1.2110913166035384
individual,arousal,multimodal,knn,20,20,eeg_hm__Oz,34,5,0.14782608695652175,1.1931932597007702
individual,arousal,multimodal,knn,20,20,eeg_hm__PO7,44,5,0.19130434782608696,1.5519008563471097
individual,arousal,multimodal,knn,20,20,eeg_hm__PO8,47,5,0.20434782608695654,1.534639010435952
individual,arousal,multimodal,knn,20,20,eeg_hm__Pz,35,5,0.15217391304347827,1.1116133555836885
individual,arousal,multimodal,knn,20,20,eeg_mf_hz__C3,29,5,0.12608695652173912,1.1104984212060673
individual,arousal,multimodal,knn,20,20,eeg_mf_hz__C4,43,5,0.18695652173913044,1.2853098251758914
individual,arousal,multimodal,knn,20,20,eeg_mf_hz__Cz,53,5,0.23043478260869565,1.5282992068292813
individual,arousal,multimodal,knn,20,20,eeg_mf_hz__Fz,46,5,0.2,1.304191334807583
individual,arousal,multimodal,knn,20,20,eeg_mf_hz__Oz,25,5,0.10869565217391304,0.9677919672560519
individual,arousal,multimodal,knn,20,20,eeg_mf_hz__PO7,18,5,0.0782608695652174,1.018300809975963
individual,arousal,multimodal,knn,20,20,eeg_mf_hz__PO8,51,5,0.2217391304347826,1.6062635750473353
individual,arousal,multimodal,knn,20,20,eeg_mf_hz__Pz,29,5,0.12608695652173912,0.9614204983197219
individual,arousal,multimodal,knn,20,20,eeg_sd__C3,32,5,0.1391304347826087,1.2181157465013939
individual,arousal,multimodal,knn,20,20,eeg_sd__C4,43,5,0.18695652173913044,1.4426250458051195
individual,arousal,multimodal,knn,20,20,eeg_sd__Cz,20,5,0.08695652173913043,0.9841031475050623
individual,arousal,multimodal,knn,20,20,eeg_sd__Fz,30,5,0.13043478260869565,0.9013691331595624
individual,arousal,multimodal,knn,20,20,eeg_sd__Oz,30,5,0.13043478260869565,1.1120311063030386
individual,arousal,multimodal,knn,20,20,eeg_sd__PO7,43,5,0.18695652173913044,1.3654009247569179
individual,arousal,multimodal,knn,20,20,eeg_sd__PO8,20,5,0.08695652173913043,0.8601873650061131
individual,arousal,multimodal,knn,20,20,eeg_sd__Pz,40,5,0.17391304347826086,1.0466066922572672
individual,arousal,multimodal,knn,20,20,eeg_se__C3,29,5,0.12608695652173912,0.9651395743084433
individual,arousal,multimodal,knn,20,20,eeg_se__C4,27,5,0.11739130434782609,1.1170934604369638
individual,arousal,multimodal,knn,20,20,eeg_se__Cz,40,5,0.17391304347826086,1.211394653234914
individual,arousal,multimodal,knn,20,20,eeg_se__Fz,25,5,0.10869565217391304,1.0514375792659074
individual,arousal,multimodal,knn,20,20,eeg_se__Oz,28,5,0.12173913043478261,1.1008425294057926
individual,arousal,multimodal,knn,20,20,eeg_se__PO7,27,5,0.11739130434782609,1.0638445389666185
individual,arousal,multimodal,knn,20,20,eeg_se__PO8,41,5,0.1782608695652174,1.5486702547489524
individual,arousal,multimodal,knn,20,20,eeg_se__Pz,34,5,0.14782608695652175,1.0613722306558004
individual,arousal,multimodal,knn,20,20,eeg_se_alpha__C3,37,5,0.1608695652173913,1.1035239131416605
individual,arousal,multimodal,knn,20,20,eeg_se_alpha__C4,49,5,0.21304347826086956,1.3188929472323723
individual,arousal,multimodal,knn,20,20,eeg_se_alpha__Cz,22,5,0.09565217391304348,0.9020102672774958
individual,arousal,multimodal,knn,20,20,eeg_se_alpha__Fz,50,5,0.21739130434782608,1.5079679512561246
individual,arousal,multimodal,knn,20,20,eeg_se_alpha__Oz,36,5,0.1565217391304348,1.1852732253983667
individual,arousal,multimodal,knn,20,20,eeg_se_alpha__PO7,27,5,0.11739130434782609,0.9975414837513263
individual,arousal,multimodal,knn,20,20,eeg_se_alpha__PO8,44,5,0.19130434782608696,1.3279846781411138
individual,arousal,multimodal,knn,20,20,eeg_se_alpha__Pz,32,5,0.1391304347826087,1.0133518599311635
individual,arousal,multimodal,knn,20,20,eeg_se_beta__C3,26,5,0.11304347826086956,0.845515993875119
individual,arousal,multimodal,knn,20,20,eeg_se_beta__C4,22,5,0.09565217391304348,0.8669819197094595
individual,arousal,multimodal,knn,20,20,eeg_se_beta__Cz,35,5,0.15217391304347827,1.1815795995421714
individual,arousal,multimodal,knn,20,20,eeg_se_beta__Fz,29,5,0.12608695652173912,1.068254052290481
individual,arousal,multimodal,knn,20,20,eeg_se_beta__Oz,46,5,0.2,1.3359496371361452
individual,arousal,multimodal,knn,20,20,eeg_se_beta__PO7,31,5,0.13478260869565217,1.0146632542615028
individual,arousal,multimodal,knn,20,20,eeg_se_beta__PO8,39,5,0.16956521739130434,1.1119945269654834
individual,arousal,multimodal,knn,20,20,eeg_se_beta__Pz,18,5,0.0782608695652174,0.7065129414625744
individual,arousal,multimodal,knn,20,20,eeg_se_delta__C3,19,5,0.08260869565217391,0.7957972464224746
individual,arousal,multimodal,knn,20,20,eeg_se_delta__C4,34,5,0.14782608695652175,1.1478115517919893
individual,arousal,multimodal,knn,20,20,eeg_se_delta__Cz,45,5,0.1956521739130435,1.4421718296703183
individual,arousal,multimodal,knn,20,20,eeg_se_delta__Fz,34,5,0.14782608695652175,1.0969927981272674
individual,arousal,multimodal,knn,20,20,eeg_se_delta__Oz,23,5,0.1,0.8078195118554636
individual,arousal,multimodal,knn,20,20,eeg_se_delta__PO7,36,5,0.1565217391304348,1.0953371979156625
individual,arousal,multimodal,knn,20,20,eeg_se_delta__PO8,19,5,0.08260869565217391,0.7961507929801972
individual,arousal,multimodal,knn,20,20,eeg_se_delta__Pz,24,5,0.10434782608695652,0.9472157468856833
individual,arousal,multimodal,knn,20,20,eeg_se_gamma__C3,27,5,0.11739130434782609,0.8633431147667391
individual,arousal,multimodal,knn,20,20,eeg_se_gamma__C4,33,5,0.14347826086956522,1.1612884104279055
individual,arousal,multimodal,knn,20,20,eeg_se_gamma__Cz,30,5,0.13043478260869565,1.0868290014922781
individual,arousal,multimodal,knn,20,20,eeg_se_gamma__Fz,56,5,0.24347826086956523,1.5338902202548976
individual,arousal,multimodal,knn,20,20,eeg_se_gamma__Oz,27,5,0.11739130434782609,0.9953375096110936
individual,arousal,multimodal,knn,20,20,eeg_se_gamma__PO7,20,5,0.08695652173913043,0.7077108788721743
individual,arousal,multimodal,knn,20,20,eeg_se_gamma__PO8,44,5,0.19130434782608696,1.1008916826367063
individual,arousal,multimodal,knn,20,20,eeg_se_gamma__Pz,43,5,0.18695652173913044,1.3599548378750466
individual,arousal,multimodal,knn,20,20,eeg_se_theta__C3,31,5,0.13478260869565217,1.0088467792785967
individual,arousal,multimodal,knn,20,20,eeg_se_theta__C4,40,5,0.17391304347826086,1.131248260805728
individual,arousal,multimodal,knn,20,20,eeg_se_theta__Cz,32,5,0.1391304347826087,1.0453309345112243
individual,arousal,multimodal,knn,20,20,eeg_se_theta__Fz,16,5,0.06956521739130435,0.8175581622798831
individual,arousal,multimodal,knn,20,20,eeg_se_theta__Oz,32,5,0.1391304347826087,1.0097489800013733
individual,arousal,multimodal,knn,20,20,eeg_se_theta__PO7,37,5,0.1608695652173913,1.0245213206568247
individual,arousal,multimodal,knn,20,20,eeg_se_theta__PO8,43,5,0.18695652173913044,1.247553142320234
individual,arousal,multimodal,knn,20,20,eeg_se_theta__Pz,39,5,0.16956521739130434,1.182851239506684
individual,arousal,multimodal,knn,20,20,video_enso_norm_mean,45,5,0.1956521739130435,1.411031089654006
individual,arousal,multimodal,knn,20,20,video_enso_norm_std,63,5,0.27391304347826084,1.7988665309917586
individual,arousal,multimodal,knn,20,20,video_eso_norm_mean,42,5,0.1826086956521739,1.419412789371039
individual,arousal,multimodal,knn,20,20,video_eso_norm_std,52,5,0.22608695652173913,1.5407711638552695
individual,arousal,multimodal,knn,20,20,video_irisdo_norm_mean,62,5,0.26956521739130435,1.8078084545362636
individual,arousal,multimodal,knn,20,20,video_irisdo_norm_std,49,5,0.21304347826086956,1.4647629812338419
individual,arousal,multimodal,knn,20,20,video_mnso_norm_mean,46,5,0.2,1.3065502707922667
individual,arousal,multimodal,knn,20,20,video_mnso_norm_std,36,5,0.1565217391304348,1.055216600434974
individual,arousal,multimodal,knn,20,20,video_mwo_norm_mean,37,5,0.1608695652173913,1.2215965847615222
individual,arousal,multimodal,knn,20,20,video_mwo_norm_std,40,5,0.17391304347826086,1.1843624684007021
individual,arousal,multimodal,knn,5,5,eeg_bp_alpha__C3,11,5,0.04782608695652174,1.0570281377793729
individual,arousal,multimodal,knn,5,5,eeg_bp_alpha__C4,7,5,0.030434782608695653,1.175513270473575
individual,arousal,multimodal,knn,5,5,eeg_bp_alpha__Cz,3,5,0.013043478260869565,0.911260024650569
individual,arousal,multimodal,knn,5,5,eeg_bp_alpha__Fz,6,5,0.02608695652173913,1.0391709200356047
individual,arousal,multimodal,knn,5,5,eeg_bp_alpha__Oz,3,5,0.013043478260869565,1.044199251078774
individual,arousal,multimodal,knn,5,5,eeg_bp_alpha__PO7,10,5,0.043478260869565216,1.2762432694024646
individual,arousal,multimodal,knn,5,5,eeg_bp_alpha__PO8,5,5,0.021739130434782608,1.066317466469483
individual,arousal,multimodal,knn,5,5,eeg_bp_alpha__Pz,2,5,0.008695652173913044,1.0419570647787717
individual,arousal,multimodal,knn,5,5,eeg_bp_beta__C3,8,5,0.034782608695652174,1.1752646673321407
individual,arousal,multimodal,knn,5,5,eeg_bp_beta__C4,3,5,0.013043478260869565,1.3884769930964833
individual,arousal,multimodal,knn,5,5,eeg_bp_beta__Cz,2,5,0.008695652173913044,1.0366827553345677
individual,arousal,multimodal,knn,5,5,eeg_bp_beta__Fz,12,5,0.05217391304347826,1.4422294244329907
individual,arousal,multimodal,knn,5,5,eeg_bp_beta__Oz,7,5,0.030434782608695653,1.2212882115562607
individual,arousal,multimodal,knn,5,5,eeg_bp_beta__PO7,12,5,0.05217391304347826,1.466711301229227
individual,arousal,multimodal,knn,5,5,eeg_bp_beta__PO8,9,5,0.0391304347826087,1.0880043596520916
individual,arousal,multimodal,knn,5,5,eeg_bp_beta__Pz,6,5,0.02608695652173913,1.3498839933705054
individual,arousal,multimodal,knn,5,5,eeg_bp_delta__C3,3,5,0.013043478260869565,0.8567542654516139
individual,arousal,multimodal,knn,5,5,eeg_bp_delta__C4,2,5,0.008695652173913044,1.0646763858288468
individual,arousal,multimodal,knn,5,5,eeg_bp_delta__Cz,3,5,0.013043478260869565,1.1289912137231028
individual,arousal,multimodal,knn,5,5,eeg_bp_delta__Fz,10,5,0.043478260869565216,1.3618836886806778
individual,arousal,multimodal,knn,5,5,eeg_bp_delta__Oz,1,5,0.004347826086956522,1.2298752350154583
individual,arousal,multimodal,knn,5,5,eeg_bp_delta__PO7,6,5,0.02608695652173913,1.140925318908619
individual,arousal,multimodal,knn,5,5,eeg_bp_delta__PO8,8,5,0.034782608695652174,1.1874017084915442
individual,arousal,multimodal,knn,5,5,eeg_bp_delta__Pz,7,5,0.030434782608695653,0.9398068926420048
individual,arousal,multimodal,knn,5,5,eeg_bp_gamma__C3,12,5,0.05217391304347826,1.133989439967218
individual,arousal,multimodal,knn,5,5,eeg_bp_gamma__C4,9,5,0.0391304347826087,1.1847003070340172
individual,arousal,multimodal,knn,5,5,eeg_bp_gamma__Cz,15,5,0.06521739130434782,1.2478973161869449
individual,arousal,multimodal,knn,5,5,eeg_bp_gamma__Fz,7,5,0.030434782608695653,1.0366231639647467
individual,arousal,multimodal,knn,5,5,eeg_bp_gamma__Oz,11,5,0.04782608695652174,1.2831350712683705
individual,arousal,multimodal,knn,5,5,eeg_bp_gamma__PO7,11,5,0.04782608695652174,1.284744196046049
individual,arousal,multimodal,knn,5,5,eeg_bp_gamma__PO8,14,5,0.06086956521739131,1.3239800547025364
individual,arousal,multimodal,knn,5,5,eeg_bp_gamma__Pz,15,5,0.06521739130434782,1.3328275855328309
individual,arousal,multimodal,knn,5,5,eeg_bp_theta__C3,15,5,0.06521739130434782,1.3648569960139727
individual,arousal,multimodal,knn,5,5,eeg_bp_theta__C4,8,5,0.034782608695652174,1.285117838064382
individual,arousal,multimodal,knn,5,5,eeg_bp_theta__Cz,11,5,0.04782608695652174,1.2861971511335526
individual,arousal,multimodal,knn,5,5,eeg_bp_theta__Fz,1,5,0.004347826086956522,0.7393944110360005
individual,arousal,multimodal,knn,5,5,eeg_bp_theta__Oz,12,5,0.05217391304347826,1.323421939248315
individual,arousal,multimodal,knn,5,5,eeg_bp_theta__PO7,3,5,0.013043478260869565,1.1652736632016891
individual,arousal,multimodal,knn,5,5,eeg_bp_theta__PO8,12,5,0.05217391304347826,1.3141519071341266
individual,arousal,multimodal,knn,5,5,eeg_bp_theta__Pz,6,5,0.02608695652173913,1.055523626808761
individual,arousal,multimodal,knn,5,5,eeg_hc__C3,5,5,0.021739130434782608,1.0660406717516038
individual,arousal,multimodal,knn,5,5,eeg_hc__C4,6,5,0.02608695652173913,1.247365807467276
individual,arousal,multimodal,knn,5,5,eeg_hc__Cz,8,5,0.034782608695652174,1.2041141216402131
individual,arousal,multimodal,knn,5,5,eeg_hc__Fz,13,5,0.05652173913043478,1.4960298403147687
individual,arousal,multimodal,knn,5,5,eeg_hc__Oz,3,5,0.013043478260869565,0.9926228562544502
individual,arousal,multimodal,knn,5,5,eeg_hc__PO7,5,5,0.021739130434782608,1.083247606519791
individual,arousal,multimodal,knn,5,5,eeg_hc__PO8,12,5,0.05217391304347826,1.4838895434348003
individual,arousal,multimodal,knn,5,5,eeg_hc__Pz,5,5,0.021739130434782608,1.099675858884008
individual,arousal,multimodal,knn,5,5,eeg_hm__C3,5,5,0.021739130434782608,1.0473250776196132
individual,arousal,multimodal,knn,5,5,eeg_hm__C4,11,5,0.04782608695652174,1.0912244795852284
individual,arousal,multimodal,knn,5,5,eeg_hm__Cz,7,5,0.030434782608695653,1.1283320746250443
individual,arousal,multimodal,knn,5,5,eeg_hm__Fz,7,5,0.030434782608695653,1.2110913166035384
individual,arousal,multimodal,knn,5,5,eeg_hm__Oz,8,5,0.034782608695652174,1.1931932597007702
individual,arousal,multimodal,knn,5,5,eeg_hm__PO7,13,5,0.05652173913043478,1.5519008563471097
individual,arousal,multimodal,knn,5,5,eeg_hm__PO8,18,5,0.0782608695652174,1.534639010435952
individual,arousal,multimodal,knn,5,5,eeg_hm__Pz,6,5,0.02608695652173913,1.1116133555836885
individual,arousal,multimodal,knn,5,5,eeg_mf_hz__C3,6,5,0.02608695652173913,1.1104984212060673
individual,arousal,multimodal,knn,5,5,eeg_mf_hz__C4,8,5,0.034782608695652174,1.2853098251758914
individual,arousal,multimodal,knn,5,5,eeg_mf_hz__Cz,10,5,0.043478260869565216,1.5282992068292813
individual,arousal,multimodal,knn,5,5,eeg_mf_hz__Fz,8,5,0.034782608695652174,1.304191334807583
individual,arousal,multimodal,knn,5,5,eeg_mf_hz__Oz,6,5,0.02608695652173913,0.9677919672560519
individual,arousal,multimodal,knn,5,5,eeg_mf_hz__PO7,4,5,0.017391304347826087,1.018300809975963
individual,arousal,multimodal,knn,5,5,eeg_mf_hz__PO8,13,5,0.05652173913043478,1.6062635750473353
individual,arousal,multimodal,knn,5,5,eeg_mf_hz__Pz,6,5,0.02608695652173913,0.9614204983197219
individual,arousal,multimodal,knn,5,5,eeg_sd__C3,6,5,0.02608695652173913,1.2181157465013939
individual,arousal,multimodal,knn,5,5,eeg_sd__C4,8,5,0.034782608695652174,1.4426250458051195
individual,arousal,multimodal,knn,5,5,eeg_sd__Cz,3,5,0.013043478260869565,0.9841031475050623
individual,arousal,multimodal,knn,5,5,eeg_sd__Fz,4,5,0.017391304347826087,0.9013691331595624
individual,arousal,multimodal,knn,5,5,eeg_sd__Oz,4,5,0.017391304347826087,1.1120311063030386
individual,arousal,multimodal,knn,5,5,eeg_sd__PO7,18,5,0.0782608695652174,1.3654009247569179
individual,arousal,multimodal,knn,5,5,eeg_sd__PO8,4,5,0.017391304347826087,0.8601873650061131
individual,arousal,multimodal,knn,5,5,eeg_sd__Pz,4,5,0.017391304347826087,1.0466066922572672
individual,arousal,multimodal,knn,5,5,eeg_se__C3,7,5,0.030434782608695653,0.9651395743084433
individual,arousal,multimodal,knn,5,5,eeg_se__C4,4,5,0.017391304347826087,1.1170934604369638
individual,arousal,multimodal,knn,5,5,eeg_se__Cz,10,5,0.043478260869565216,1.211394653234914
individual,arousal,multimodal,knn,5,5,eeg_se__Fz,4,5,0.017391304347826087,1.0514375792659074
individual,arousal,multimodal,knn,5,5,eeg_se__Oz,9,5,0.0391304347826087,1.1008425294057926
individual,arousal,multimodal,knn,5,5,eeg_se__PO7,6,5,0.02608695652173913,1.0638445389666185
individual,arousal,multimodal,knn,5,5,eeg_se__PO8,16,5,0.06956521739130435,1.5486702547489524
individual,arousal,multimodal,knn,5,5,eeg_se__Pz,6,5,0.02608695652173913,1.0613722306558004
individual,arousal,multimodal,knn,5,5,eeg_se_alpha__C3,7,5,0.030434782608695653,1.1035239131416605
individual,arousal,multimodal,knn,5,5,eeg_se_alpha__C4,18,5,0.0782608695652174,1.3188929472323723
individual,arousal,multimodal,knn,5,5,eeg_se_alpha__Cz,7,5,0.030434782608695653,0.9020102672774958
individual,arousal,multimodal,knn,5,5,eeg_se_alpha__Fz,14,5,0.06086956521739131,1.5079679512561246
individual,arousal,multimodal,knn,5,5,eeg_se_alpha__Oz,14,5,0.06086956521739131,1.1852732253983667
individual,arousal,multimodal,knn,5,5,eeg_se_alpha__PO7,5,5,0.021739130434782608,0.9975414837513263
individual,arousal,multimodal,knn,5,5,eeg_se_alpha__PO8,14,5,0.06086956521739131,1.3279846781411138
individual,arousal,multimodal,knn,5,5,eeg_se_alpha__Pz,6,5,0.02608695652173913,1.0133518599311635
individual,arousal,multimodal,knn,5,5,eeg_se_beta__C3,6,5,0.02608695652173913,0.845515993875119
individual,arousal,multimodal,knn,5,5,eeg_se_beta__C4,6,5,0.02608695652173913,0.8669819197094595
individual,arousal,multimodal,knn,5,5,eeg_se_beta__Cz,14,5,0.06086956521739131,1.1815795995421714
individual,arousal,multimodal,knn,5,5,eeg_se_beta__Fz,7,5,0.030434782608695653,1.068254052290481
individual,arousal,multimodal,knn,5,5,eeg_se_beta__Oz,14,5,0.06086956521739131,1.3359496371361452
individual,arousal,multimodal,knn,5,5,eeg_se_beta__PO7,7,5,0.030434782608695653,1.0146632542615028
individual,arousal,multimodal,knn,5,5,eeg_se_beta__PO8,10,5,0.043478260869565216,1.1119945269654834
individual,arousal,multimodal,knn,5,5,eeg_se_beta__Pz,2,5,0.008695652173913044,0.7065129414625744
individual,arousal,multimodal,knn,5,5,eeg_se_delta__C3,4,5,0.017391304347826087,0.7957972464224746
individual,arousal,multimodal,knn,5,5,eeg_se_delta__C4,12,5,0.05217391304347826,1.1478115517919893
individual,arousal,multimodal,knn,5,5,eeg_se_delta__Cz,18,5,0.0782608695652174,1.4421718296703183
individual,arousal,multimodal,knn,5,5,eeg_se_delta__Fz,16,5,0.06956521739130435,1.0969927981272674
individual,arousal,multimodal,knn,5,5,eeg_se_delta__Oz,5,5,0.021739130434782608,0.8078195118554636
individual,arousal,multimodal,knn,5,5,eeg_se_delta__PO7,9,5,0.0391304347826087,1.0953371979156625
individual,arousal,multimodal,knn,5,5,eeg_se_delta__PO8,2,5,0.008695652173913044,0.7961507929801972
individual,arousal,multimodal,knn,5,5,eeg_se_delta__Pz,5,5,0.021739130434782608,0.9472157468856833
individual,arousal,multimodal,knn,5,5,eeg_se_gamma__C3,4,5,0.017391304347826087,0.8633431147667391
individual,arousal,multimodal,knn,5,5,eeg_se_gamma__C4,9,5,0.0391304347826087,1.1612884104279055
individual,arousal,multimodal,knn,5,5,eeg_se_gamma__Cz,5,5,0.021739130434782608,1.0868290014922781
individual,arousal,multimodal,knn,5,5,eeg_se_gamma__Fz,19,5,0.08260869565217391,1.5338902202548976
individual,arousal,multimodal,knn,5,5,eeg_se_gamma__Oz,11,5,0.04782608695652174,0.9953375096110936
individual,arousal,multimodal,knn,5,5,eeg_se_gamma__PO7,4,5,0.017391304347826087,0.7077108788721743
individual,arousal,multimodal,knn,5,5,eeg_se_gamma__PO8,11,5,0.04782608695652174,1.1008916826367063
individual,arousal,multimodal,knn,5,5,eeg_se_gamma__Pz,14,5,0.06086956521739131,1.3599548378750466
individual,arousal,multimodal,knn,5,5,eeg_se_theta__C3,7,5,0.030434782608695653,1.0088467792785967
individual,arousal,multimodal,knn,5,5,eeg_se_theta__C4,10,5,0.043478260869565216,1.131248260805728
individual,arousal,multimodal,knn,5,5,eeg_se_theta__Cz,13,5,0.05652173913043478,1.0453309345112243
individual,arousal,multimodal,knn,5,5,eeg_se_theta__Fz,5,5,0.021739130434782608,0.8175581622798831
individual,arousal,multimodal,knn,5,5,eeg_se_theta__Oz,9,5,0.0391304347826087,1.0097489800013733
individual,arousal,multimodal,knn,5,5,eeg_se_theta__PO7,5,5,0.021739130434782608,1.0245213206568247
individual,arousal,multimodal,knn,5,5,eeg_se_theta__PO8,9,5,0.0391304347826087,1.247553142320234
individual,arousal,multimodal,knn,5,5,eeg_se_theta__Pz,14,5,0.06086956521739131,1.182851239506684
individual,arousal,multimodal,knn,5,5,video_enso_norm_mean,15,5,0.06521739130434782,1.411031089654006
individual,arousal,multimodal,knn,5,5,video_enso_norm_std,26,5,0.11304347826086956,1.7988665309917586
individual,arousal,multimodal,knn,5,5,video_eso_norm_mean,15,5,0.06521739130434782,1.419412789371039
individual,arousal,multimodal,knn,5,5,video_eso_norm_std,21,5,0.09130434782608696,1.5407711638552695
individual,arousal,multimodal,knn,5,5,video_irisdo_norm_mean,24,5,0.10434782608695652,1.8078084545362636
individual,arousal,multimodal,knn,5,5,video_irisdo_norm_std,23,5,0.1,1.4647629812338419
individual,arousal,multimodal,knn,5,5,video_mnso_norm_mean,13,5,0.05652173913043478,1.3065502707922667
individual,arousal,multimodal,knn,5,5,video_mnso_norm_std,7,5,0.030434782608695653,1.055216600434974
individual,arousal,multimodal,knn,5,5,video_mwo_norm_mean,10,5,0.043478260869565216,1.2215965847615222
individual,arousal,multimodal,knn,5,5,video_mwo_norm_std,11,5,0.04782608695652174,1.1843624684007021
individual,arousal,multimodal,knn,all,all,eeg_bp_alpha__C3,230,5,1.0,
individual,arousal,multimodal,knn,all,all,eeg_bp_alpha__C4,230,5,1.0,
individual,arousal,multimodal,knn,all,all,eeg_bp_alpha__Cz,230,5,1.0,
individual,arousal,multimodal,knn,all,all,eeg_bp_alpha__Fz,230,5,1.0,
individual,arousal,multimodal,knn,all,all,eeg_bp_alpha__Oz,230,5,1.0,
individual,arousal,multimodal,knn,all,all,eeg_bp_alpha__PO7,230,5,1.0,
individual,arousal,multimodal,knn,all,all,eeg_bp_alpha__PO8,230,5,1.0,
individual,arousal,multimodal,knn,all,all,eeg_bp_alpha__Pz,230,5,1.0,
individual,arousal,multimodal,knn,all,all,eeg_bp_beta__C3,230,5,1.0,
individual,arousal,multimodal,knn,all,all,eeg_bp_beta__C4,230,5,1.0,
individual,arousal,multimodal,knn,all,all,eeg_bp_beta__Cz,230,5,1.0,
individual,arousal,multimodal,knn,all,all,eeg_bp_beta__Fz,230,5,1.0,
individual,arousal,multimodal,knn,all,all,eeg_bp_beta__Oz,230,5,1.0,
individual,arousal,multimodal,knn,all,all,eeg_bp_beta__PO7,230,5,1.0,
individual,arousal,multimodal,knn,all,all,eeg_bp_beta__PO8,230,5,1.0,
individual,arousal,multimodal,knn,all,all,eeg_bp_beta__Pz,230,5,1.0,
individual,arousal,multimodal,knn,all,all,eeg_bp_delta__C3,230,5,1.0,
individual,arousal,multimodal,knn,all,all,eeg_bp_delta__C4,230,5,1.0,
individual,arousal,multimodal,knn,all,all,eeg_bp_delta__Cz,230,5,1.0,
individual,arousal,multimodal,knn,all,all,eeg_bp_delta__Fz,230,5,1.0,
individual,arousal,multimodal,knn,all,all,eeg_bp_delta__Oz,230,5,1.0,
individual,arousal,multimodal,knn,all,all,eeg_bp_delta__PO7,230,5,1.0,
individual,arousal,multimodal,knn,all,all,eeg_bp_delta__PO8,230,5,1.0,
individual,arousal,multimodal,knn,all,all,eeg_bp_delta__Pz,230,5,1.0,
individual,arousal,multimodal,knn,all,all,eeg_bp_gamma__C3,230,5,1.0,
individual,arousal,multimodal,knn,all,all,eeg_bp_gamma__C4,230,5,1.0,
individual,arousal,multimodal,knn,all,all,eeg_bp_gamma__Cz,230,5,1.0,
individual,arousal,multimodal,knn,all,all,eeg_bp_gamma__Fz,230,5,1.0,
individual,arousal,multimodal,knn,all,all,eeg_bp_gamma__Oz,230,5,1.0,
individual,arousal,multimodal,knn,all,all,eeg_bp_gamma__PO7,230,5,1.0,
individual,arousal,multimodal,knn,all,all,eeg_bp_gamma__PO8,230,5,1.0,
individual,arousal,multimodal,knn,all,all,eeg_bp_gamma__Pz,230,5,1.0,
individual,arousal,multimodal,knn,all,all,eeg_bp_theta__C3,230,5,1.0,
individual,arousal,multimodal,knn,all,all,eeg_bp_theta__C4,230,5,1.0,
individual,arousal,multimodal,knn,all,all,eeg_bp_theta__Cz,230,5,1.0,
individual,arousal,multimodal,knn,all,all,eeg_bp_theta__Fz,230,5,1.0,
individual,arousal,multimodal,knn,all,all,eeg_bp_theta__Oz,230,5,1.0,
individual,arousal,multimodal,knn,all,all,eeg_bp_theta__PO7,230,5,1.0,
individual,arousal,multimodal,knn,all,all,eeg_bp_theta__PO8,230,5,1.0,
individual,arousal,multimodal,knn,all,all,eeg_bp_theta__Pz,230,5,1.0,
individual,arousal,multimodal,knn,all,all,eeg_hc__C3,230,5,1.0,
individual,arousal,multimodal,knn,all,all,eeg_hc__C4,230,5,1.0,
individual,arousal,multimodal,knn,all,all,eeg_hc__Cz,230,5,1.0,
individual,arousal,multimodal,knn,all,all,eeg_hc__Fz,230,5,1.0,
individual,arousal,multimodal,knn,all,all,eeg_hc__Oz,230,5,1.0,
individual,arousal,multimodal,knn,all,all,eeg_hc__PO7,230,5,1.0,
individual,arousal,multimodal,knn,all,all,eeg_hc__PO8,230,5,1.0,
individual,arousal,multimodal,knn,all,all,eeg_hc__Pz,230,5,1.0,
individual,arousal,multimodal,knn,all,all,eeg_hm__C3,230,5,1.0,
individual,arousal,multimodal,knn,all,all,eeg_hm__C4,230,5,1.0,
individual,arousal,multimodal,knn,all,all,eeg_hm__Cz,230,5,1.0,
individual,arousal,multimodal,knn,all,all,eeg_hm__Fz,230,5,1.0,
individual,arousal,multimodal,knn,all,all,eeg_hm__Oz,230,5,1.0,
individual,arousal,multimodal,knn,all,all,eeg_hm__PO7,230,5,1.0,
individual,arousal,multimodal,knn,all,all,eeg_hm__PO8,230,5,1.0,
individual,arousal,multimodal,knn,all,all,eeg_hm__Pz,230,5,1.0,
individual,arousal,multimodal,knn,all,all,eeg_mf_hz__C3,230,5,1.0,
individual,arousal,multimodal,knn,all,all,eeg_mf_hz__C4,230,5,1.0,
individual,arousal,multimodal,knn,all,all,eeg_mf_hz__Cz,230,5,1.0,
individual,arousal,multimodal,knn,all,all,eeg_mf_hz__Fz,230,5,1.0,
individual,arousal,multimodal,knn,all,all,eeg_mf_hz__Oz,230,5,1.0,
individual,arousal,multimodal,knn,all,all,eeg_mf_hz__PO7,230,5,1.0,
individual,arousal,multimodal,knn,all,all,eeg_mf_hz__PO8,230,5,1.0,
individual,arousal,multimodal,knn,all,all,eeg_mf_hz__Pz,230,5,1.0,
individual,arousal,multimodal,knn,all,all,eeg_sd__C3,230,5,1.0,
individual,arousal,multimodal,knn,all,all,eeg_sd__C4,230,5,1.0,
individual,arousal,multimodal,knn,all,all,eeg_sd__Cz,230,5,1.0,
individual,arousal,multimodal,knn,all,all,eeg_sd__Fz,230,5,1.0,
individual,arousal,multimodal,knn,all,all,eeg_sd__Oz,230,5,1.0,
individual,arousal,multimodal,knn,all,all,eeg_sd__PO7,230,5,1.0,
individual,arousal,multimodal,knn,all,all,eeg_sd__PO8,230,5,1.0,
individual,arousal,multimodal,knn,all,all,eeg_sd__Pz,230,5,1.0,
individual,arousal,multimodal,knn,all,all,eeg_se__C3,230,5,1.0,
individual,arousal,multimodal,knn,all,all,eeg_se__C4,230,5,1.0,
individual,arousal,multimodal,knn,all,all,eeg_se__Cz,230,5,1.0,
individual,arousal,multimodal,knn,all,all,eeg_se__Fz,230,5,1.0,
individual,arousal,multimodal,knn,all,all,eeg_se__Oz,230,5,1.0,
individual,arousal,multimodal,knn,all,all,eeg_se__PO7,230,5,1.0,
individual,arousal,multimodal,knn,all,all,eeg_se__PO8,230,5,1.0,
individual,arousal,multimodal,knn,all,all,eeg_se__Pz,230,5,1.0,
individual,arousal,multimodal,knn,all,all,eeg_se_alpha__C3,230,5,1.0,
individual,arousal,multimodal,knn,all,all,eeg_se_alpha__C4,230,5,1.0,
individual,arousal,multimodal,knn,all,all,eeg_se_alpha__Cz,230,5,1.0,
individual,arousal,multimodal,knn,all,all,eeg_se_alpha__Fz,230,5,1.0,
individual,arousal,multimodal,knn,all,all,eeg_se_alpha__Oz,230,5,1.0,
individual,arousal,multimodal,knn,all,all,eeg_se_alpha__PO7,230,5,1.0,
individual,arousal,multimodal,knn,all,all,eeg_se_alpha__PO8,230,5,1.0,
individual,arousal,multimodal,knn,all,all,eeg_se_alpha__Pz,230,5,1.0,
individual,arousal,multimodal,knn,all,all,eeg_se_beta__C3,230,5,1.0,
individual,arousal,multimodal,knn,all,all,eeg_se_beta__C4,230,5,1.0,
individual,arousal,multimodal,knn,all,all,eeg_se_beta__Cz,230,5,1.0,
individual,arousal,multimodal,knn,all,all,eeg_se_beta__Fz,230,5,1.0,
individual,arousal,multimodal,knn,all,all,eeg_se_beta__Oz,230,5,1.0,
individual,arousal,multimodal,knn,all,all,eeg_se_beta__PO7,230,5,1.0,
individual,arousal,multimodal,knn,all,all,eeg_se_beta__PO8,230,5,1.0,
individual,arousal,multimodal,knn,all,all,eeg_se_beta__Pz,230,5,1.0,
individual,arousal,multimodal,knn,all,all,eeg_se_delta__C3,230,5,1.0,
individual,arousal,multimodal,knn,all,all,eeg_se_delta__C4,230,5,1.0,
individual,arousal,multimodal,knn,all,all,eeg_se_delta__Cz,230,5,1.0,
individual,arousal,multimodal,knn,all,all,eeg_se_delta__Fz,230,5,1.0,
individual,arousal,multimodal,knn,all,all,eeg_se_delta__Oz,230,5,1.0,
individual,arousal,multimodal,knn,all,all,eeg_se_delta__PO7,230,5,1.0,
individual,arousal,multimodal,knn,all,all,eeg_se_delta__PO8,230,5,1.0,
individual,arousal,multimodal,knn,all,all,eeg_se_delta__Pz,230,5,1.0,
individual,arousal,multimodal,knn,all,all,eeg_se_gamma__C3,230,5,1.0,
individual,arousal,multimodal,knn,all,all,eeg_se_gamma__C4,230,5,1.0,
individual,arousal,multimodal,knn,all,all,eeg_se_gamma__Cz,230,5,1.0,
individual,arousal,multimodal,knn,all,all,eeg_se_gamma__Fz,230,5,1.0,
individual,arousal,multimodal,knn,all,all,eeg_se_gamma__Oz,230,5,1.0,
individual,arousal,multimodal,knn,all,all,eeg_se_gamma__PO7,230,5,1.0,
individual,arousal,multimodal,knn,all,all,eeg_se_gamma__PO8,230,5,1.0,
individual,arousal,multimodal,knn,all,all,eeg_se_gamma__Pz,230,5,1.0,
individual,arousal,multimodal,knn,all,all,eeg_se_theta__C3,230,5,1.0,
individual,arousal,multimodal,knn,all,all,eeg_se_theta__C4,230,5,1.0,
individual,arousal,multimodal,knn,all,all,eeg_se_theta__Cz,230,5,1.0,
individual,arousal,multimodal,knn,all,all,eeg_se_theta__Fz,230,5,1.0,
individual,arousal,multimodal,knn,all,all,eeg_se_theta__Oz,230,5,1.0,
individual,arousal,multimodal,knn,all,all,eeg_se_theta__PO7,230,5,1.0,
individual,arousal,multimodal,knn,all,all,eeg_se_theta__PO8,230,5,1.0,
individual,arousal,multimodal,knn,all,all,eeg_se_theta__Pz,230,5,1.0,
individual,arousal,multimodal,knn,all,all,video_enso_norm_mean,230,5,1.0,
individual,arousal,multimodal,knn,all,all,video_enso_norm_std,230,5,1.0,
individual,arousal,multimodal,knn,all,all,video_eso_norm_mean,230,5,1.0,
individual,arousal,multimodal,knn,all,all,video_eso_norm_std,230,5,1.0,
individual,arousal,multimodal,knn,all,all,video_irisdo_norm_mean,230,5,1.0,
individual,arousal,multimodal,knn,all,all,video_irisdo_norm_std,230,5,1.0,
individual,arousal,multimodal,knn,all,all,video_mnso_norm_mean,230,5,1.0,
individual,arousal,multimodal,knn,all,all,video_mnso_norm_std,230,5,1.0,
individual,arousal,multimodal,knn,all,all,video_mwo_norm_mean,230,5,1.0,
individual,arousal,multimodal,knn,all,all,video_mwo_norm_std,230,5,1.0,
individual,arousal,multimodal,ridge,10,10,eeg_bp_alpha__C3,18,5,0.0782608695652174,1.0570281377793729
individual,arousal,multimodal,ridge,10,10,eeg_bp_alpha__C4,17,5,0.07391304347826087,1.175513270473575
individual,arousal,multimodal,ridge,10,10,eeg_bp_alpha__Cz,11,5,0.04782608695652174,0.911260024650569
individual,arousal,multimodal,ridge,10,10,eeg_bp_alpha__Fz,15,5,0.06521739130434782,1.0391709200356047
individual,arousal,multimodal,ridge,10,10,eeg_bp_alpha__Oz,12,5,0.05217391304347826,1.044199251078774
individual,arousal,multimodal,ridge,10,10,eeg_bp_alpha__PO7,22,5,0.09565217391304348,1.2762432694024646
individual,arousal,multimodal,ridge,10,10,eeg_bp_alpha__PO8,11,5,0.04782608695652174,1.066317466469483
individual,arousal,multimodal,ridge,10,10,eeg_bp_alpha__Pz,15,5,0.06521739130434782,1.0419570647787717
individual,arousal,multimodal,ridge,10,10,eeg_bp_beta__C3,17,5,0.07391304347826087,1.1752646673321407
individual,arousal,multimodal,ridge,10,10,eeg_bp_beta__C4,15,5,0.06521739130434782,1.3884769930964833
individual,arousal,multimodal,ridge,10,10,eeg_bp_beta__Cz,7,5,0.030434782608695653,1.0366827553345677
individual,arousal,multimodal,ridge,10,10,eeg_bp_beta__Fz,27,5,0.11739130434782609,1.4422294244329907
individual,arousal,multimodal,ridge,10,10,eeg_bp_beta__Oz,14,5,0.06086956521739131,1.2212882115562607
individual,arousal,multimodal,ridge,10,10,eeg_bp_beta__PO7,20,5,0.08695652173913043,1.466711301229227
individual,arousal,multimodal,ridge,10,10,eeg_bp_beta__PO8,17,5,0.07391304347826087,1.0880043596520916
individual,arousal,multimodal,ridge,10,10,eeg_bp_beta__Pz,15,5,0.06521739130434782,1.3498839933705054
individual,arousal,multimodal,ridge,10,10,eeg_bp_delta__C3,8,5,0.034782608695652174,0.8567542654516139
individual,arousal,multimodal,ridge,10,10,eeg_bp_delta__C4,6,5,0.02608695652173913,1.0646763858288468
individual,arousal,multimodal,ridge,10,10,eeg_bp_delta__Cz,10,5,0.043478260869565216,1.1289912137231028
individual,arousal,multimodal,ridge,10,10,eeg_bp_delta__Fz,20,5,0.08695652173913043,1.3618836886806778
individual,arousal,multimodal,ridge,10,10,eeg_bp_delta__Oz,8,5,0.034782608695652174,1.2298752350154583
individual,arousal,multimodal,ridge,10,10,eeg_bp_delta__PO7,21,5,0.09130434782608696,1.140925318908619
individual,arousal,multimodal,ridge,10,10,eeg_bp_delta__PO8,13,5,0.05652173913043478,1.1874017084915442
individual,arousal,multimodal,ridge,10,10,eeg_bp_delta__Pz,14,5,0.06086956521739131,0.9398068926420048
individual,arousal,multimodal,ridge,10,10,eeg_bp_gamma__C3,13,5,0.05652173913043478,1.133989439967218
individual,arousal,multimodal,ridge,10,10,eeg_bp_gamma__C4,16,5,0.06956521739130435,1.1847003070340172
individual,arousal,multimodal,ridge,10,10,eeg_bp_gamma__Cz,27,5,0.11739130434782609,1.2478973161869449
individual,arousal,multimodal,ridge,10,10,eeg_bp_gamma__Fz,18,5,0.0782608695652174,1.0366231639647467
individual,arousal,multimodal,ridge,10,10,eeg_bp_gamma__Oz,21,5,0.09130434782608696,1.2831350712683705
individual,arousal,multimodal,ridge,10,10,eeg_bp_gamma__PO7,24,5,0.10434782608695652,1.284744196046049
individual,arousal,multimodal,ridge,10,10,eeg_bp_gamma__PO8,24,5,0.10434782608695652,1.3239800547025364
individual,arousal,multimodal,ridge,10,10,eeg_bp_gamma__Pz,29,5,0.12608695652173912,1.3328275855328309
individual,arousal,multimodal,ridge,10,10,eeg_bp_theta__C3,17,5,0.07391304347826087,1.3648569960139727
individual,arousal,multimodal,ridge,10,10,eeg_bp_theta__C4,18,5,0.0782608695652174,1.285117838064382
individual,arousal,multimodal,ridge,10,10,eeg_bp_theta__Cz,24,5,0.10434782608695652,1.2861971511335526
individual,arousal,multimodal,ridge,10,10,eeg_bp_theta__Fz,6,5,0.02608695652173913,0.7393944110360005
individual,arousal,multimodal,ridge,10,10,eeg_bp_theta__Oz,22,5,0.09565217391304348,1.323421939248315
individual,arousal,multimodal,ridge,10,10,eeg_bp_theta__PO7,12,5,0.05217391304347826,1.1652736632016891
individual,arousal,multimodal,ridge,10,10,eeg_bp_theta__PO8,22,5,0.09565217391304348,1.3141519071341266
individual,arousal,multimodal,ridge,10,10,eeg_bp_theta__Pz,13,5,0.05652173913043478,1.055523626808761
individual,arousal,multimodal,ridge,10,10,eeg_hc__C3,11,5,0.04782608695652174,1.0660406717516038
individual,arousal,multimodal,ridge,10,10,eeg_hc__C4,14,5,0.06086956521739131,1.247365807467276
individual,arousal,multimodal,ridge,10,10,eeg_hc__Cz,17,5,0.07391304347826087,1.2041141216402131
individual,arousal,multimodal,ridge,10,10,eeg_hc__Fz,21,5,0.09130434782608696,1.4960298403147687
individual,arousal,multimodal,ridge,10,10,eeg_hc__Oz,8,5,0.034782608695652174,0.9926228562544502
individual,arousal,multimodal,ridge,10,10,eeg_hc__PO7,15,5,0.06521739130434782,1.083247606519791
individual,arousal,multimodal,ridge,10,10,eeg_hc__PO8,21,5,0.09130434782608696,1.4838895434348003
individual,arousal,multimodal,ridge,10,10,eeg_hc__Pz,11,5,0.04782608695652174,1.099675858884008
individual,arousal,multimodal,ridge,10,10,eeg_hm__C3,15,5,0.06521739130434782,1.0473250776196132
individual,arousal,multimodal,ridge,10,10,eeg_hm__C4,17,5,0.07391304347826087,1.0912244795852284
individual,arousal,multimodal,ridge,10,10,eeg_hm__Cz,11,5,0.04782608695652174,1.1283320746250443
individual,arousal,multimodal,ridge,10,10,eeg_hm__Fz,13,5,0.05652173913043478,1.2110913166035384
individual,arousal,multimodal,ridge,10,10,eeg_hm__Oz,17,5,0.07391304347826087,1.1931932597007702
individual,arousal,multimodal,ridge,10,10,eeg_hm__PO7,26,5,0.11304347826086956,1.5519008563471097
individual,arousal,multimodal,ridge,10,10,eeg_hm__PO8,29,5,0.12608695652173912,1.534639010435952
individual,arousal,multimodal,ridge,10,10,eeg_hm__Pz,14,5,0.06086956521739131,1.1116133555836885
individual,arousal,multimodal,ridge,10,10,eeg_mf_hz__C3,17,5,0.07391304347826087,1.1104984212060673
individual,arousal,multimodal,ridge,10,10,eeg_mf_hz__C4,18,5,0.0782608695652174,1.2853098251758914
individual,arousal,multimodal,ridge,10,10,eeg_mf_hz__Cz,27,5,0.11739130434782609,1.5282992068292813
individual,arousal,multimodal,ridge,10,10,eeg_mf_hz__Fz,20,5,0.08695652173913043,1.304191334807583
individual,arousal,multimodal,ridge,10,10,eeg_mf_hz__Oz,11,5,0.04782608695652174,0.9677919672560519
individual,arousal,multimodal,ridge,10,10,eeg_mf_hz__PO7,11,5,0.04782608695652174,1.018300809975963
individual,arousal,multimodal,ridge,10,10,eeg_mf_hz__PO8,28,5,0.12173913043478261,1.6062635750473353
individual,arousal,multimodal,ridge,10,10,eeg_mf_hz__Pz,10,5,0.043478260869565216,0.9614204983197219
individual,arousal,multimodal,ridge,10,10,eeg_sd__C3,16,5,0.06956521739130435,1.2181157465013939
individual,arousal,multimodal,ridge,10,10,eeg_sd__C4,24,5,0.10434782608695652,1.4426250458051195
individual,arousal,multimodal,ridge,10,10,eeg_sd__Cz,7,5,0.030434782608695653,0.9841031475050623
individual,arousal,multimodal,ridge,10,10,eeg_sd__Fz,7,5,0.030434782608695653,0.9013691331595624
individual,arousal,multimodal,ridge,10,10,eeg_sd__Oz,5,5,0.021739130434782608,1.1120311063030386
individual,arousal,multimodal,ridge,10,10,eeg_sd__PO7,26,5,0.11304347826086956,1.3654009247569179
individual,arousal,multimodal,ridge,10,10,eeg_sd__PO8,8,5,0.034782608695652174,0.8601873650061131
individual,arousal,multimodal,ridge,10,10,eeg_sd__Pz,14,5,0.06086956521739131,1.0466066922572672
individual,arousal,multimodal,ridge,10,10,eeg_se__C3,13,5,0.05652173913043478,0.9651395743084433
individual,arousal,multimodal,ridge,10,10,eeg_se__C4,17,5,0.07391304347826087,1.1170934604369638
individual,arousal,multimodal,ridge,10,10,eeg_se__Cz,19,5,0.08260869565217391,1.211394653234914
individual,arousal,multimodal,ridge,10,10,eeg_se__Fz,12,5,0.05217391304347826,1.0514375792659074
individual,arousal,multimodal,ridge,10,10,eeg_se__Oz,14,5,0.06086956521739131,1.1008425294057926
individual,arousal,multimodal,ridge,10,10,eeg_se__PO7,10,5,0.043478260869565216,1.0638445389666185
individual,arousal,multimodal,ridge,10,10,eeg_se__PO8,28,5,0.12173913043478261,1.5486702547489524
individual,arousal,multimodal,ridge,10,10,eeg_se__Pz,14,5,0.06086956521739131,1.0613722306558004
individual,arousal,multimodal,ridge,10,10,eeg_se_alpha__C3,17,5,0.07391304347826087,1.1035239131416605
individual,arousal,multimodal,ridge,10,10,eeg_se_alpha__C4,26,5,0.11304347826086956,1.3188929472323723
individual,arousal,multimodal,ridge,10,10,eeg_se_alpha__Cz,10,5,0.043478260869565216,0.9020102672774958
individual,arousal,multimodal,ridge,10,10,eeg_se_alpha__Fz,26,5,0.11304347826086956,1.5079679512561246
individual,arousal,multimodal,ridge,10,10,eeg_se_alpha__Oz,23,5,0.1,1.1852732253983667
individual,arousal,multimodal,ridge,10,10,eeg_se_alpha__PO7,15,5,0.06521739130434782,0.9975414837513263
individual,arousal,multimodal,ridge,10,10,eeg_se_alpha__PO8,26,5,0.11304347826086956,1.3279846781411138
individual,arousal,multimodal,ridge,10,10,eeg_se_alpha__Pz,15,5,0.06521739130434782,1.0133518599311635
individual,arousal,multimodal,ridge,10,10,eeg_se_beta__C3,8,5,0.034782608695652174,0.845515993875119
individual,arousal,multimodal,ridge,10,10,eeg_se_beta__C4,12,5,0.05217391304347826,0.8669819197094595
individual,arousal,multimodal,ridge,10,10,eeg_se_beta__Cz,22,5,0.09565217391304348,1.1815795995421714
individual,arousal,multimodal,ridge,10,10,eeg_se_beta__Fz,13,5,0.05652173913043478,1.068254052290481
individual,arousal,multimodal,ridge,10,10,eeg_se_beta__Oz,29,5,0.12608695652173912,1.3359496371361452
individual,arousal,multimodal,ridge,10,10,eeg_se_beta__PO7,14,5,0.06086956521739131,1.0146632542615028
individual,arousal,multimodal,ridge,10,10,eeg_se_beta__PO8,21,5,0.09130434782608696,1.1119945269654834
individual,arousal,multimodal,ridge,10,10,eeg_se_beta__Pz,8,5,0.034782608695652174,0.7065129414625744
individual,arousal,multimodal,ridge,10,10,eeg_se_delta__C3,10,5,0.043478260869565216,0.7957972464224746
individual,arousal,multimodal,ridge,10,10,eeg_se_delta__C4,20,5,0.08695652173913043,1.1478115517919893
individual,arousal,multimodal,ridge,10,10,eeg_se_delta__Cz,29,5,0.12608695652173912,1.4421718296703183
individual,arousal,multimodal,ridge,10,10,eeg_se_delta__Fz,23,5,0.1,1.0969927981272674
individual,arousal,multimodal,ridge,10,10,eeg_se_delta__Oz,14,5,0.06086956521739131,0.8078195118554636
individual,arousal,multimodal,ridge,10,10,eeg_se_delta__PO7,21,5,0.09130434782608696,1.0953371979156625
individual,arousal,multimodal,ridge,10,10,eeg_se_delta__PO8,7,5,0.030434782608695653,0.7961507929801972
individual,arousal,multimodal,ridge,10,10,eeg_se_delta__Pz,15,5,0.06521739130434782,0.9472157468856833
individual,arousal,multimodal,ridge,10,10,eeg_se_gamma__C3,14,5,0.06086956521739131,0.8633431147667391
individual,arousal,multimodal,ridge,10,10,eeg_se_gamma__C4,16,5,0.06956521739130435,1.1612884104279055
individual,arousal,multimodal,ridge,10,10,eeg_se_gamma__Cz,15,5,0.06521739130434782,1.0868290014922781
individual,arousal,multimodal,ridge,10,10,eeg_se_gamma__Fz,37,5,0.1608695652173913,1.5338902202548976
individual,arousal,multimodal,ridge,10,10,eeg_se_gamma__Oz,16,5,0.06956521739130435,0.9953375096110936
individual,arousal,multimodal,ridge,10,10,eeg_se_gamma__PO7,7,5,0.030434782608695653,0.7077108788721743
individual,arousal,multimodal,ridge,10,10,eeg_se_gamma__PO8,21,5,0.09130434782608696,1.1008916826367063
individual,arousal,multimodal,ridge,10,10,eeg_se_gamma__Pz,24,5,0.10434782608695652,1.3599548378750466
individual,arousal,multimodal,ridge,10,10,eeg_se_theta__C3,18,5,0.0782608695652174,1.0088467792785967
individual,arousal,multimodal,ridge,10,10,eeg_se_theta__C4,23,5,0.1,1.131248260805728
individual,arousal,multimodal,ridge,10,10,eeg_se_theta__Cz,20,5,0.08695652173913043,1.0453309345112243
individual,arousal,multimodal,ridge,10,10,eeg_se_theta__Fz,11,5,0.04782608695652174,0.8175581622798831
individual,arousal,multimodal,ridge,10,10,eeg_se_theta__Oz,17,5,0.07391304347826087,1.0097489800013733
individual,arousal,multimodal,ridge,10,10,eeg_se_theta__PO7,17,5,0.07391304347826087,1.0245213206568247
individual,arousal,multimodal,ridge,10,10,eeg_se_theta__PO8,20,5,0.08695652173913043,1.247553142320234
individual,arousal,multimodal,ridge,10,10,eeg_se_theta__Pz,24,5,0.10434782608695652,1.182851239506684
individual,arousal,multimodal,ridge,10,10,video_enso_norm_mean,26,5,0.11304347826086956,1.411031089654006
individual,arousal,multimodal,ridge,10,10,video_enso_norm_std,44,5,0.19130434782608696,1.7988665309917586
individual,arousal,multimodal,ridge,10,10,video_eso_norm_mean,27,5,0.11739130434782609,1.419412789371039
individual,arousal,multimodal,ridge,10,10,video_eso_norm_std,33,5,0.14347826086956522,1.5407711638552695
individual,arousal,multimodal,ridge,10,10,video_irisdo_norm_mean,35,5,0.15217391304347827,1.8078084545362636
individual,arousal,multimodal,ridge,10,10,video_irisdo_norm_std,30,5,0.13043478260869565,1.4647629812338419
individual,arousal,multimodal,ridge,10,10,video_mnso_norm_mean,25,5,0.10869565217391304,1.3065502707922667
individual,arousal,multimodal,ridge,10,10,video_mnso_norm_std,18,5,0.0782608695652174,1.055216600434974
individual,arousal,multimodal,ridge,10,10,video_mwo_norm_mean,23,5,0.1,1.2215965847615222
individual,arousal,multimodal,ridge,10,10,video_mwo_norm_std,20,5,0.08695652173913043,1.1843624684007021
individual,arousal,multimodal,ridge,20,20,eeg_bp_alpha__C3,28,5,0.12173913043478261,1.0570281377793729
individual,arousal,multimodal,ridge,20,20,eeg_bp_alpha__C4,34,5,0.14782608695652175,1.175513270473575
individual,arousal,multimodal,ridge,20,20,eeg_bp_alpha__Cz,24,5,0.10434782608695652,0.911260024650569
individual,arousal,multimodal,ridge,20,20,eeg_bp_alpha__Fz,28,5,0.12173913043478261,1.0391709200356047
individual,arousal,multimodal,ridge,20,20,eeg_bp_alpha__Oz,35,5,0.15217391304347827,1.044199251078774
individual,arousal,multimodal,ridge,20,20,eeg_bp_alpha__PO7,46,5,0.2,1.2762432694024646
individual,arousal,multimodal,ridge,20,20,eeg_bp_alpha__PO8,30,5,0.13043478260869565,1.066317466469483
individual,arousal,multimodal,ridge,20,20,eeg_bp_alpha__Pz,34,5,0.14782608695652175,1.0419570647787717
individual,arousal,multimodal,ridge,20,20,eeg_bp_beta__C3,32,5,0.1391304347826087,1.1752646673321407
individual,arousal,multimodal,ridge,20,20,eeg_bp_beta__C4,43,5,0.18695652173913044,1.3884769930964833
individual,arousal,multimodal,ridge,20,20,eeg_bp_beta__Cz,31,5,0.13478260869565217,1.0366827553345677
individual,arousal,multimodal,ridge,20,20,eeg_bp_beta__Fz,46,5,0.2,1.4422294244329907
individual,arousal,multimodal,ridge,20,20,eeg_bp_beta__Oz,36,5,0.1565217391304348,1.2212882115562607
individual,arousal,multimodal,ridge,20,20,eeg_bp_beta__PO7,49,5,0.21304347826086956,1.466711301229227
individual,arousal,multimodal,ridge,20,20,eeg_bp_beta__PO8,25,5,0.10869565217391304,1.0880043596520916
individual,arousal,multimodal,ridge,20,20,eeg_bp_beta__Pz,45,5,0.1956521739130435,1.3498839933705054
individual,arousal,multimodal,ridge,20,20,eeg_bp_delta__C3,21,5,0.09130434782608696,0.8567542654516139
individual,arousal,multimodal,ridge,20,20,eeg_bp_delta__C4,28,5,0.12173913043478261,1.0646763858288468
individual,arousal,multimodal,ridge,20,20,eeg_bp_delta__Cz,25,5,0.10869565217391304,1.1289912137231028
individual,arousal,multimodal,ridge,20,20,eeg_bp_delta__Fz,43,5,0.18695652173913044,1.3618836886806778
individual,arousal,multimodal,ridge,20,20,eeg_bp_delta__Oz,41,5,0.1782608695652174,1.2298752350154583
individual,arousal,multimodal,ridge,20,20,eeg_bp_delta__PO7,37,5,0.1608695652173913,1.140925318908619
individual,arousal,multimodal,ridge,20,20,eeg_bp_delta__PO8,32,5,0.1391304347826087,1.1874017084915442
individual,arousal,multimodal,ridge,20,20,eeg_bp_delta__Pz,28,5,0.12173913043478261,0.9398068926420048
individual,arousal,multimodal,ridge,20,20,eeg_bp_gamma__C3,33,5,0.14347826086956522,1.133989439967218
individual,arousal,multimodal,ridge,20,20,eeg_bp_gamma__C4,39,5,0.16956521739130434,1.1847003070340172
individual,arousal,multimodal,ridge,20,20,eeg_bp_gamma__Cz,43,5,0.18695652173913044,1.2478973161869449
individual,arousal,multimodal,ridge,20,20,eeg_bp_gamma__Fz,32,5,0.1391304347826087,1.0366231639647467
individual,arousal,multimodal,ridge,20,20,eeg_bp_gamma__Oz,44,5,0.19130434782608696,1.2831350712683705
individual,arousal,multimodal,ridge,20,20,eeg_bp_gamma__PO7,42,5,0.1826086956521739,1.284744196046049
individual,arousal,multimodal,ridge,20,20,eeg_bp_gamma__PO8,37,5,0.1608695652173913,1.3239800547025364
individual,arousal,multimodal,ridge,20,20,eeg_bp_gamma__Pz,49,5,0.21304347826086956,1.3328275855328309
individual,arousal,multimodal,ridge,20,20,eeg_bp_theta__C3,39,5,0.16956521739130434,1.3648569960139727
individual,arousal,multimodal,ridge,20,20,eeg_bp_theta__C4,44,5,0.19130434782608696,1.285117838064382
individual,arousal,multimodal,ridge,20,20,eeg_bp_theta__Cz,45,5,0.1956521739130435,1.2861971511335526
individual,arousal,multimodal,ridge,20,20,eeg_bp_theta__Fz,12,5,0.05217391304347826,0.7393944110360005
individual,arousal,multimodal,ridge,20,20,eeg_bp_theta__Oz,43,5,0.18695652173913044,1.323421939248315
individual,arousal,multimodal,ridge,20,20,eeg_bp_theta__PO7,38,5,0.16521739130434782,1.1652736632016891
individual,arousal,multimodal,ridge,20,20,eeg_bp_theta__PO8,49,5,0.21304347826086956,1.3141519071341266
individual,arousal,multimodal,ridge,20,20,eeg_bp_theta__Pz,32,5,0.1391304347826087,1.055523626808761
individual,arousal,multimodal,ridge,20,20,eeg_hc__C3,28,5,0.12173913043478261,1.0660406717516038
individual,arousal,multimodal,ridge,20,20,eeg_hc__C4,37,5,0.1608695652173913,1.247365807467276
individual,arousal,multimodal,ridge,20,20,eeg_hc__Cz,34,5,0.14782608695652175,1.2041141216402131
individual,arousal,multimodal,ridge,20,20,eeg_hc__Fz,44,5,0.19130434782608696,1.4960298403147687
individual,arousal,multimodal,ridge,20,20,eeg_hc__Oz,27,5,0.11739130434782609,0.9926228562544502
individual,arousal,multimodal,ridge,20,20,eeg_hc__PO7,24,5,0.10434782608695652,1.083247606519791
individual,arousal,multimodal,ridge,20,20,eeg_hc__PO8,42,5,0.1826086956521739,1.4838895434348003
individual,arousal,multimodal,ridge,20,20,eeg_hc__Pz,28,5,0.12173913043478261,1.099675858884008
individual,arousal,multimodal,ridge,20,20,eeg_hm__C3,33,5,0.14347826086956522,1.0473250776196132
individual,arousal,multimodal,ridge,20,20,eeg_hm__C4,33,5,0.14347826086956522,1.0912244795852284
individual,arousal,multimodal,ridge,20,20,eeg_hm__Cz,30,5,0.13043478260869565,1.1283320746250443
individual,arousal,multimodal,ridge,20,20,eeg_hm__Fz,36,5,0.1565217391304348,1.2110913166035384
individual,arousal,multimodal,ridge,20,20,eeg_hm__Oz,34,5,0.14782608695652175,1.1931932597007702
individual,arousal,multimodal,ridge,20,20,eeg_hm__PO7,44,5,0.19130434782608696,1.5519008563471097
individual,arousal,multimodal,ridge,20,20,eeg_hm__PO8,47,5,0.20434782608695654,1.534639010435952
individual,arousal,multimodal,ridge,20,20,eeg_hm__Pz,35,5,0.15217391304347827,1.1116133555836885
individual,arousal,multimodal,ridge,20,20,eeg_mf_hz__C3,29,5,0.12608695652173912,1.1104984212060673
individual,arousal,multimodal,ridge,20,20,eeg_mf_hz__C4,43,5,0.18695652173913044,1.2853098251758914
individual,arousal,multimodal,ridge,20,20,eeg_mf_hz__Cz,53,5,0.23043478260869565,1.5282992068292813
individual,arousal,multimodal,ridge,20,20,eeg_mf_hz__Fz,46,5,0.2,1.304191334807583
individual,arousal,multimodal,ridge,20,20,eeg_mf_hz__Oz,25,5,0.10869565217391304,0.9677919672560519
individual,arousal,multimodal,ridge,20,20,eeg_mf_hz__PO7,18,5,0.0782608695652174,1.018300809975963
individual,arousal,multimodal,ridge,20,20,eeg_mf_hz__PO8,51,5,0.2217391304347826,1.6062635750473353
individual,arousal,multimodal,ridge,20,20,eeg_mf_hz__Pz,29,5,0.12608695652173912,0.9614204983197219
individual,arousal,multimodal,ridge,20,20,eeg_sd__C3,32,5,0.1391304347826087,1.2181157465013939
individual,arousal,multimodal,ridge,20,20,eeg_sd__C4,43,5,0.18695652173913044,1.4426250458051195
individual,arousal,multimodal,ridge,20,20,eeg_sd__Cz,20,5,0.08695652173913043,0.9841031475050623
individual,arousal,multimodal,ridge,20,20,eeg_sd__Fz,30,5,0.13043478260869565,0.9013691331595624
individual,arousal,multimodal,ridge,20,20,eeg_sd__Oz,30,5,0.13043478260869565,1.1120311063030386
individual,arousal,multimodal,ridge,20,20,eeg_sd__PO7,43,5,0.18695652173913044,1.3654009247569179
individual,arousal,multimodal,ridge,20,20,eeg_sd__PO8,20,5,0.08695652173913043,0.8601873650061131
individual,arousal,multimodal,ridge,20,20,eeg_sd__Pz,40,5,0.17391304347826086,1.0466066922572672
individual,arousal,multimodal,ridge,20,20,eeg_se__C3,29,5,0.12608695652173912,0.9651395743084433
individual,arousal,multimodal,ridge,20,20,eeg_se__C4,27,5,0.11739130434782609,1.1170934604369638
individual,arousal,multimodal,ridge,20,20,eeg_se__Cz,40,5,0.17391304347826086,1.211394653234914
individual,arousal,multimodal,ridge,20,20,eeg_se__Fz,25,5,0.10869565217391304,1.0514375792659074
individual,arousal,multimodal,ridge,20,20,eeg_se__Oz,28,5,0.12173913043478261,1.1008425294057926
individual,arousal,multimodal,ridge,20,20,eeg_se__PO7,27,5,0.11739130434782609,1.0638445389666185
individual,arousal,multimodal,ridge,20,20,eeg_se__PO8,41,5,0.1782608695652174,1.5486702547489524
individual,arousal,multimodal,ridge,20,20,eeg_se__Pz,34,5,0.14782608695652175,1.0613722306558004
individual,arousal,multimodal,ridge,20,20,eeg_se_alpha__C3,37,5,0.1608695652173913,1.1035239131416605
individual,arousal,multimodal,ridge,20,20,eeg_se_alpha__C4,49,5,0.21304347826086956,1.3188929472323723
individual,arousal,multimodal,ridge,20,20,eeg_se_alpha__Cz,22,5,0.09565217391304348,0.9020102672774958
individual,arousal,multimodal,ridge,20,20,eeg_se_alpha__Fz,50,5,0.21739130434782608,1.5079679512561246
individual,arousal,multimodal,ridge,20,20,eeg_se_alpha__Oz,36,5,0.1565217391304348,1.1852732253983667
individual,arousal,multimodal,ridge,20,20,eeg_se_alpha__PO7,27,5,0.11739130434782609,0.9975414837513263
individual,arousal,multimodal,ridge,20,20,eeg_se_alpha__PO8,44,5,0.19130434782608696,1.3279846781411138
individual,arousal,multimodal,ridge,20,20,eeg_se_alpha__Pz,32,5,0.1391304347826087,1.0133518599311635
individual,arousal,multimodal,ridge,20,20,eeg_se_beta__C3,26,5,0.11304347826086956,0.845515993875119
individual,arousal,multimodal,ridge,20,20,eeg_se_beta__C4,22,5,0.09565217391304348,0.8669819197094595
individual,arousal,multimodal,ridge,20,20,eeg_se_beta__Cz,35,5,0.15217391304347827,1.1815795995421714
individual,arousal,multimodal,ridge,20,20,eeg_se_beta__Fz,29,5,0.12608695652173912,1.068254052290481
individual,arousal,multimodal,ridge,20,20,eeg_se_beta__Oz,46,5,0.2,1.3359496371361452
individual,arousal,multimodal,ridge,20,20,eeg_se_beta__PO7,31,5,0.13478260869565217,1.0146632542615028
individual,arousal,multimodal,ridge,20,20,eeg_se_beta__PO8,39,5,0.16956521739130434,1.1119945269654834
individual,arousal,multimodal,ridge,20,20,eeg_se_beta__Pz,18,5,0.0782608695652174,0.7065129414625744
individual,arousal,multimodal,ridge,20,20,eeg_se_delta__C3,19,5,0.08260869565217391,0.7957972464224746
individual,arousal,multimodal,ridge,20,20,eeg_se_delta__C4,34,5,0.14782608695652175,1.1478115517919893
individual,arousal,multimodal,ridge,20,20,eeg_se_delta__Cz,45,5,0.1956521739130435,1.4421718296703183
individual,arousal,multimodal,ridge,20,20,eeg_se_delta__Fz,34,5,0.14782608695652175,1.0969927981272674
individual,arousal,multimodal,ridge,20,20,eeg_se_delta__Oz,23,5,0.1,0.8078195118554636
individual,arousal,multimodal,ridge,20,20,eeg_se_delta__PO7,36,5,0.1565217391304348,1.0953371979156625
individual,arousal,multimodal,ridge,20,20,eeg_se_delta__PO8,19,5,0.08260869565217391,0.7961507929801972
individual,arousal,multimodal,ridge,20,20,eeg_se_delta__Pz,24,5,0.10434782608695652,0.9472157468856833
individual,arousal,multimodal,ridge,20,20,eeg_se_gamma__C3,27,5,0.11739130434782609,0.8633431147667391
individual,arousal,multimodal,ridge,20,20,eeg_se_gamma__C4,33,5,0.14347826086956522,1.1612884104279055
individual,arousal,multimodal,ridge,20,20,eeg_se_gamma__Cz,30,5,0.13043478260869565,1.0868290014922781
individual,arousal,multimodal,ridge,20,20,eeg_se_gamma__Fz,56,5,0.24347826086956523,1.5338902202548976
individual,arousal,multimodal,ridge,20,20,eeg_se_gamma__Oz,27,5,0.11739130434782609,0.9953375096110936
individual,arousal,multimodal,ridge,20,20,eeg_se_gamma__PO7,20,5,0.08695652173913043,0.7077108788721743
individual,arousal,multimodal,ridge,20,20,eeg_se_gamma__PO8,44,5,0.19130434782608696,1.1008916826367063
individual,arousal,multimodal,ridge,20,20,eeg_se_gamma__Pz,43,5,0.18695652173913044,1.3599548378750466
individual,arousal,multimodal,ridge,20,20,eeg_se_theta__C3,31,5,0.13478260869565217,1.0088467792785967
individual,arousal,multimodal,ridge,20,20,eeg_se_theta__C4,40,5,0.17391304347826086,1.131248260805728
individual,arousal,multimodal,ridge,20,20,eeg_se_theta__Cz,32,5,0.1391304347826087,1.0453309345112243
individual,arousal,multimodal,ridge,20,20,eeg_se_theta__Fz,16,5,0.06956521739130435,0.8175581622798831
individual,arousal,multimodal,ridge,20,20,eeg_se_theta__Oz,32,5,0.1391304347826087,1.0097489800013733
individual,arousal,multimodal,ridge,20,20,eeg_se_theta__PO7,37,5,0.1608695652173913,1.0245213206568247
individual,arousal,multimodal,ridge,20,20,eeg_se_theta__PO8,43,5,0.18695652173913044,1.247553142320234
individual,arousal,multimodal,ridge,20,20,eeg_se_theta__Pz,39,5,0.16956521739130434,1.182851239506684
individual,arousal,multimodal,ridge,20,20,video_enso_norm_mean,45,5,0.1956521739130435,1.411031089654006
individual,arousal,multimodal,ridge,20,20,video_enso_norm_std,63,5,0.27391304347826084,1.7988665309917586
individual,arousal,multimodal,ridge,20,20,video_eso_norm_mean,42,5,0.1826086956521739,1.419412789371039
individual,arousal,multimodal,ridge,20,20,video_eso_norm_std,52,5,0.22608695652173913,1.5407711638552695
individual,arousal,multimodal,ridge,20,20,video_irisdo_norm_mean,62,5,0.26956521739130435,1.8078084545362636
individual,arousal,multimodal,ridge,20,20,video_irisdo_norm_std,49,5,0.21304347826086956,1.4647629812338419
individual,arousal,multimodal,ridge,20,20,video_mnso_norm_mean,46,5,0.2,1.3065502707922667
individual,arousal,multimodal,ridge,20,20,video_mnso_norm_std,36,5,0.1565217391304348,1.055216600434974
individual,arousal,multimodal,ridge,20,20,video_mwo_norm_mean,37,5,0.1608695652173913,1.2215965847615222
individual,arousal,multimodal,ridge,20,20,video_mwo_norm_std,40,5,0.17391304347826086,1.1843624684007021
individual,arousal,multimodal,ridge,5,5,eeg_bp_alpha__C3,11,5,0.04782608695652174,1.0570281377793729
individual,arousal,multimodal,ridge,5,5,eeg_bp_alpha__C4,7,5,0.030434782608695653,1.175513270473575
individual,arousal,multimodal,ridge,5,5,eeg_bp_alpha__Cz,3,5,0.013043478260869565,0.911260024650569
individual,arousal,multimodal,ridge,5,5,eeg_bp_alpha__Fz,6,5,0.02608695652173913,1.0391709200356047
individual,arousal,multimodal,ridge,5,5,eeg_bp_alpha__Oz,3,5,0.013043478260869565,1.044199251078774
individual,arousal,multimodal,ridge,5,5,eeg_bp_alpha__PO7,10,5,0.043478260869565216,1.2762432694024646
individual,arousal,multimodal,ridge,5,5,eeg_bp_alpha__PO8,5,5,0.021739130434782608,1.066317466469483
individual,arousal,multimodal,ridge,5,5,eeg_bp_alpha__Pz,2,5,0.008695652173913044,1.0419570647787717
individual,arousal,multimodal,ridge,5,5,eeg_bp_beta__C3,8,5,0.034782608695652174,1.1752646673321407
individual,arousal,multimodal,ridge,5,5,eeg_bp_beta__C4,3,5,0.013043478260869565,1.3884769930964833
individual,arousal,multimodal,ridge,5,5,eeg_bp_beta__Cz,2,5,0.008695652173913044,1.0366827553345677
individual,arousal,multimodal,ridge,5,5,eeg_bp_beta__Fz,12,5,0.05217391304347826,1.4422294244329907
individual,arousal,multimodal,ridge,5,5,eeg_bp_beta__Oz,7,5,0.030434782608695653,1.2212882115562607
individual,arousal,multimodal,ridge,5,5,eeg_bp_beta__PO7,12,5,0.05217391304347826,1.466711301229227
individual,arousal,multimodal,ridge,5,5,eeg_bp_beta__PO8,9,5,0.0391304347826087,1.0880043596520916
individual,arousal,multimodal,ridge,5,5,eeg_bp_beta__Pz,6,5,0.02608695652173913,1.3498839933705054
individual,arousal,multimodal,ridge,5,5,eeg_bp_delta__C3,3,5,0.013043478260869565,0.8567542654516139
individual,arousal,multimodal,ridge,5,5,eeg_bp_delta__C4,2,5,0.008695652173913044,1.0646763858288468
individual,arousal,multimodal,ridge,5,5,eeg_bp_delta__Cz,3,5,0.013043478260869565,1.1289912137231028
individual,arousal,multimodal,ridge,5,5,eeg_bp_delta__Fz,10,5,0.043478260869565216,1.3618836886806778
individual,arousal,multimodal,ridge,5,5,eeg_bp_delta__Oz,1,5,0.004347826086956522,1.2298752350154583
individual,arousal,multimodal,ridge,5,5,eeg_bp_delta__PO7,6,5,0.02608695652173913,1.140925318908619
individual,arousal,multimodal,ridge,5,5,eeg_bp_delta__PO8,8,5,0.034782608695652174,1.1874017084915442
individual,arousal,multimodal,ridge,5,5,eeg_bp_delta__Pz,7,5,0.030434782608695653,0.9398068926420048
individual,arousal,multimodal,ridge,5,5,eeg_bp_gamma__C3,12,5,0.05217391304347826,1.133989439967218
individual,arousal,multimodal,ridge,5,5,eeg_bp_gamma__C4,9,5,0.0391304347826087,1.1847003070340172
individual,arousal,multimodal,ridge,5,5,eeg_bp_gamma__Cz,15,5,0.06521739130434782,1.2478973161869449
individual,arousal,multimodal,ridge,5,5,eeg_bp_gamma__Fz,7,5,0.030434782608695653,1.0366231639647467
individual,arousal,multimodal,ridge,5,5,eeg_bp_gamma__Oz,11,5,0.04782608695652174,1.2831350712683705
individual,arousal,multimodal,ridge,5,5,eeg_bp_gamma__PO7,11,5,0.04782608695652174,1.284744196046049
individual,arousal,multimodal,ridge,5,5,eeg_bp_gamma__PO8,14,5,0.06086956521739131,1.3239800547025364
individual,arousal,multimodal,ridge,5,5,eeg_bp_gamma__Pz,15,5,0.06521739130434782,1.3328275855328309
individual,arousal,multimodal,ridge,5,5,eeg_bp_theta__C3,15,5,0.06521739130434782,1.3648569960139727
individual,arousal,multimodal,ridge,5,5,eeg_bp_theta__C4,8,5,0.034782608695652174,1.285117838064382
individual,arousal,multimodal,ridge,5,5,eeg_bp_theta__Cz,11,5,0.04782608695652174,1.2861971511335526
individual,arousal,multimodal,ridge,5,5,eeg_bp_theta__Fz,1,5,0.004347826086956522,0.7393944110360005
individual,arousal,multimodal,ridge,5,5,eeg_bp_theta__Oz,12,5,0.05217391304347826,1.323421939248315
individual,arousal,multimodal,ridge,5,5,eeg_bp_theta__PO7,3,5,0.013043478260869565,1.1652736632016891
individual,arousal,multimodal,ridge,5,5,eeg_bp_theta__PO8,12,5,0.05217391304347826,1.3141519071341266
individual,arousal,multimodal,ridge,5,5,eeg_bp_theta__Pz,6,5,0.02608695652173913,1.055523626808761
individual,arousal,multimodal,ridge,5,5,eeg_hc__C3,5,5,0.021739130434782608,1.0660406717516038
individual,arousal,multimodal,ridge,5,5,eeg_hc__C4,6,5,0.02608695652173913,1.247365807467276
individual,arousal,multimodal,ridge,5,5,eeg_hc__Cz,8,5,0.034782608695652174,1.2041141216402131
individual,arousal,multimodal,ridge,5,5,eeg_hc__Fz,13,5,0.05652173913043478,1.4960298403147687
individual,arousal,multimodal,ridge,5,5,eeg_hc__Oz,3,5,0.013043478260869565,0.9926228562544502
individual,arousal,multimodal,ridge,5,5,eeg_hc__PO7,5,5,0.021739130434782608,1.083247606519791
individual,arousal,multimodal,ridge,5,5,eeg_hc__PO8,12,5,0.05217391304347826,1.4838895434348003
individual,arousal,multimodal,ridge,5,5,eeg_hc__Pz,5,5,0.021739130434782608,1.099675858884008
individual,arousal,multimodal,ridge,5,5,eeg_hm__C3,5,5,0.021739130434782608,1.0473250776196132
individual,arousal,multimodal,ridge,5,5,eeg_hm__C4,11,5,0.04782608695652174,1.0912244795852284
individual,arousal,multimodal,ridge,5,5,eeg_hm__Cz,7,5,0.030434782608695653,1.1283320746250443
individual,arousal,multimodal,ridge,5,5,eeg_hm__Fz,7,5,0.030434782608695653,1.2110913166035384
individual,arousal,multimodal,ridge,5,5,eeg_hm__Oz,8,5,0.034782608695652174,1.1931932597007702
individual,arousal,multimodal,ridge,5,5,eeg_hm__PO7,13,5,0.05652173913043478,1.5519008563471097
individual,arousal,multimodal,ridge,5,5,eeg_hm__PO8,18,5,0.0782608695652174,1.534639010435952
individual,arousal,multimodal,ridge,5,5,eeg_hm__Pz,6,5,0.02608695652173913,1.1116133555836885
individual,arousal,multimodal,ridge,5,5,eeg_mf_hz__C3,6,5,0.02608695652173913,1.1104984212060673
individual,arousal,multimodal,ridge,5,5,eeg_mf_hz__C4,8,5,0.034782608695652174,1.2853098251758914
individual,arousal,multimodal,ridge,5,5,eeg_mf_hz__Cz,10,5,0.043478260869565216,1.5282992068292813
individual,arousal,multimodal,ridge,5,5,eeg_mf_hz__Fz,8,5,0.034782608695652174,1.304191334807583
individual,arousal,multimodal,ridge,5,5,eeg_mf_hz__Oz,6,5,0.02608695652173913,0.9677919672560519
individual,arousal,multimodal,ridge,5,5,eeg_mf_hz__PO7,4,5,0.017391304347826087,1.018300809975963
individual,arousal,multimodal,ridge,5,5,eeg_mf_hz__PO8,13,5,0.05652173913043478,1.6062635750473353
individual,arousal,multimodal,ridge,5,5,eeg_mf_hz__Pz,6,5,0.02608695652173913,0.9614204983197219
individual,arousal,multimodal,ridge,5,5,eeg_sd__C3,6,5,0.02608695652173913,1.2181157465013939
individual,arousal,multimodal,ridge,5,5,eeg_sd__C4,8,5,0.034782608695652174,1.4426250458051195
individual,arousal,multimodal,ridge,5,5,eeg_sd__Cz,3,5,0.013043478260869565,0.9841031475050623
individual,arousal,multimodal,ridge,5,5,eeg_sd__Fz,4,5,0.017391304347826087,0.9013691331595624
individual,arousal,multimodal,ridge,5,5,eeg_sd__Oz,4,5,0.017391304347826087,1.1120311063030386
individual,arousal,multimodal,ridge,5,5,eeg_sd__PO7,18,5,0.0782608695652174,1.3654009247569179
individual,arousal,multimodal,ridge,5,5,eeg_sd__PO8,4,5,0.017391304347826087,0.8601873650061131
individual,arousal,multimodal,ridge,5,5,eeg_sd__Pz,4,5,0.017391304347826087,1.0466066922572672
individual,arousal,multimodal,ridge,5,5,eeg_se__C3,7,5,0.030434782608695653,0.9651395743084433
individual,arousal,multimodal,ridge,5,5,eeg_se__C4,4,5,0.017391304347826087,1.1170934604369638
individual,arousal,multimodal,ridge,5,5,eeg_se__Cz,10,5,0.043478260869565216,1.211394653234914
individual,arousal,multimodal,ridge,5,5,eeg_se__Fz,4,5,0.017391304347826087,1.0514375792659074
individual,arousal,multimodal,ridge,5,5,eeg_se__Oz,9,5,0.0391304347826087,1.1008425294057926
individual,arousal,multimodal,ridge,5,5,eeg_se__PO7,6,5,0.02608695652173913,1.0638445389666185
individual,arousal,multimodal,ridge,5,5,eeg_se__PO8,16,5,0.06956521739130435,1.5486702547489524
individual,arousal,multimodal,ridge,5,5,eeg_se__Pz,6,5,0.02608695652173913,1.0613722306558004
individual,arousal,multimodal,ridge,5,5,eeg_se_alpha__C3,7,5,0.030434782608695653,1.1035239131416605
individual,arousal,multimodal,ridge,5,5,eeg_se_alpha__C4,18,5,0.0782608695652174,1.3188929472323723
individual,arousal,multimodal,ridge,5,5,eeg_se_alpha__Cz,7,5,0.030434782608695653,0.9020102672774958
individual,arousal,multimodal,ridge,5,5,eeg_se_alpha__Fz,14,5,0.06086956521739131,1.5079679512561246
individual,arousal,multimodal,ridge,5,5,eeg_se_alpha__Oz,14,5,0.06086956521739131,1.1852732253983667
individual,arousal,multimodal,ridge,5,5,eeg_se_alpha__PO7,5,5,0.021739130434782608,0.9975414837513263
individual,arousal,multimodal,ridge,5,5,eeg_se_alpha__PO8,14,5,0.06086956521739131,1.3279846781411138
individual,arousal,multimodal,ridge,5,5,eeg_se_alpha__Pz,6,5,0.02608695652173913,1.0133518599311635
individual,arousal,multimodal,ridge,5,5,eeg_se_beta__C3,6,5,0.02608695652173913,0.845515993875119
individual,arousal,multimodal,ridge,5,5,eeg_se_beta__C4,6,5,0.02608695652173913,0.8669819197094595
individual,arousal,multimodal,ridge,5,5,eeg_se_beta__Cz,14,5,0.06086956521739131,1.1815795995421714
individual,arousal,multimodal,ridge,5,5,eeg_se_beta__Fz,7,5,0.030434782608695653,1.068254052290481
individual,arousal,multimodal,ridge,5,5,eeg_se_beta__Oz,14,5,0.06086956521739131,1.3359496371361452
individual,arousal,multimodal,ridge,5,5,eeg_se_beta__PO7,7,5,0.030434782608695653,1.0146632542615028
individual,arousal,multimodal,ridge,5,5,eeg_se_beta__PO8,10,5,0.043478260869565216,1.1119945269654834
individual,arousal,multimodal,ridge,5,5,eeg_se_beta__Pz,2,5,0.008695652173913044,0.7065129414625744
individual,arousal,multimodal,ridge,5,5,eeg_se_delta__C3,4,5,0.017391304347826087,0.7957972464224746
individual,arousal,multimodal,ridge,5,5,eeg_se_delta__C4,12,5,0.05217391304347826,1.1478115517919893
individual,arousal,multimodal,ridge,5,5,eeg_se_delta__Cz,18,5,0.0782608695652174,1.4421718296703183
individual,arousal,multimodal,ridge,5,5,eeg_se_delta__Fz,16,5,0.06956521739130435,1.0969927981272674
individual,arousal,multimodal,ridge,5,5,eeg_se_delta__Oz,5,5,0.021739130434782608,0.8078195118554636
individual,arousal,multimodal,ridge,5,5,eeg_se_delta__PO7,9,5,0.0391304347826087,1.0953371979156625
individual,arousal,multimodal,ridge,5,5,eeg_se_delta__PO8,2,5,0.008695652173913044,0.7961507929801972
individual,arousal,multimodal,ridge,5,5,eeg_se_delta__Pz,5,5,0.021739130434782608,0.9472157468856833
individual,arousal,multimodal,ridge,5,5,eeg_se_gamma__C3,4,5,0.017391304347826087,0.8633431147667391
individual,arousal,multimodal,ridge,5,5,eeg_se_gamma__C4,9,5,0.0391304347826087,1.1612884104279055
individual,arousal,multimodal,ridge,5,5,eeg_se_gamma__Cz,5,5,0.021739130434782608,1.0868290014922781
individual,arousal,multimodal,ridge,5,5,eeg_se_gamma__Fz,19,5,0.08260869565217391,1.5338902202548976
individual,arousal,multimodal,ridge,5,5,eeg_se_gamma__Oz,11,5,0.04782608695652174,0.9953375096110936
individual,arousal,multimodal,ridge,5,5,eeg_se_gamma__PO7,4,5,0.017391304347826087,0.7077108788721743
individual,arousal,multimodal,ridge,5,5,eeg_se_gamma__PO8,11,5,0.04782608695652174,1.1008916826367063
individual,arousal,multimodal,ridge,5,5,eeg_se_gamma__Pz,14,5,0.06086956521739131,1.3599548378750466
individual,arousal,multimodal,ridge,5,5,eeg_se_theta__C3,7,5,0.030434782608695653,1.0088467792785967
individual,arousal,multimodal,ridge,5,5,eeg_se_theta__C4,10,5,0.043478260869565216,1.131248260805728
individual,arousal,multimodal,ridge,5,5,eeg_se_theta__Cz,13,5,0.05652173913043478,1.0453309345112243
individual,arousal,multimodal,ridge,5,5,eeg_se_theta__Fz,5,5,0.021739130434782608,0.8175581622798831
individual,arousal,multimodal,ridge,5,5,eeg_se_theta__Oz,9,5,0.0391304347826087,1.0097489800013733
individual,arousal,multimodal,ridge,5,5,eeg_se_theta__PO7,5,5,0.021739130434782608,1.0245213206568247
individual,arousal,multimodal,ridge,5,5,eeg_se_theta__PO8,9,5,0.0391304347826087,1.247553142320234
individual,arousal,multimodal,ridge,5,5,eeg_se_theta__Pz,14,5,0.06086956521739131,1.182851239506684
individual,arousal,multimodal,ridge,5,5,video_enso_norm_mean,15,5,0.06521739130434782,1.411031089654006
individual,arousal,multimodal,ridge,5,5,video_enso_norm_std,26,5,0.11304347826086956,1.7988665309917586
individual,arousal,multimodal,ridge,5,5,video_eso_norm_mean,15,5,0.06521739130434782,1.419412789371039
individual,arousal,multimodal,ridge,5,5,video_eso_norm_std,21,5,0.09130434782608696,1.5407711638552695
individual,arousal,multimodal,ridge,5,5,video_irisdo_norm_mean,24,5,0.10434782608695652,1.8078084545362636
individual,arousal,multimodal,ridge,5,5,video_irisdo_norm_std,23,5,0.1,1.4647629812338419
individual,arousal,multimodal,ridge,5,5,video_mnso_norm_mean,13,5,0.05652173913043478,1.3065502707922667
individual,arousal,multimodal,ridge,5,5,video_mnso_norm_std,7,5,0.030434782608695653,1.055216600434974
individual,arousal,multimodal,ridge,5,5,video_mwo_norm_mean,10,5,0.043478260869565216,1.2215965847615222
individual,arousal,multimodal,ridge,5,5,video_mwo_norm_std,11,5,0.04782608695652174,1.1843624684007021
individual,arousal,multimodal,ridge,all,all,eeg_bp_alpha__C3,230,5,1.0,
individual,arousal,multimodal,ridge,all,all,eeg_bp_alpha__C4,230,5,1.0,
individual,arousal,multimodal,ridge,all,all,eeg_bp_alpha__Cz,230,5,1.0,
individual,arousal,multimodal,ridge,all,all,eeg_bp_alpha__Fz,230,5,1.0,
individual,arousal,multimodal,ridge,all,all,eeg_bp_alpha__Oz,230,5,1.0,
individual,arousal,multimodal,ridge,all,all,eeg_bp_alpha__PO7,230,5,1.0,
individual,arousal,multimodal,ridge,all,all,eeg_bp_alpha__PO8,230,5,1.0,
individual,arousal,multimodal,ridge,all,all,eeg_bp_alpha__Pz,230,5,1.0,
individual,arousal,multimodal,ridge,all,all,eeg_bp_beta__C3,230,5,1.0,
individual,arousal,multimodal,ridge,all,all,eeg_bp_beta__C4,230,5,1.0,
individual,arousal,multimodal,ridge,all,all,eeg_bp_beta__Cz,230,5,1.0,
individual,arousal,multimodal,ridge,all,all,eeg_bp_beta__Fz,230,5,1.0,
individual,arousal,multimodal,ridge,all,all,eeg_bp_beta__Oz,230,5,1.0,
individual,arousal,multimodal,ridge,all,all,eeg_bp_beta__PO7,230,5,1.0,
individual,arousal,multimodal,ridge,all,all,eeg_bp_beta__PO8,230,5,1.0,
individual,arousal,multimodal,ridge,all,all,eeg_bp_beta__Pz,230,5,1.0,
individual,arousal,multimodal,ridge,all,all,eeg_bp_delta__C3,230,5,1.0,
individual,arousal,multimodal,ridge,all,all,eeg_bp_delta__C4,230,5,1.0,
individual,arousal,multimodal,ridge,all,all,eeg_bp_delta__Cz,230,5,1.0,
individual,arousal,multimodal,ridge,all,all,eeg_bp_delta__Fz,230,5,1.0,
individual,arousal,multimodal,ridge,all,all,eeg_bp_delta__Oz,230,5,1.0,
individual,arousal,multimodal,ridge,all,all,eeg_bp_delta__PO7,230,5,1.0,
individual,arousal,multimodal,ridge,all,all,eeg_bp_delta__PO8,230,5,1.0,
individual,arousal,multimodal,ridge,all,all,eeg_bp_delta__Pz,230,5,1.0,
individual,arousal,multimodal,ridge,all,all,eeg_bp_gamma__C3,230,5,1.0,
individual,arousal,multimodal,ridge,all,all,eeg_bp_gamma__C4,230,5,1.0,
individual,arousal,multimodal,ridge,all,all,eeg_bp_gamma__Cz,230,5,1.0,
individual,arousal,multimodal,ridge,all,all,eeg_bp_gamma__Fz,230,5,1.0,
individual,arousal,multimodal,ridge,all,all,eeg_bp_gamma__Oz,230,5,1.0,
individual,arousal,multimodal,ridge,all,all,eeg_bp_gamma__PO7,230,5,1.0,
individual,arousal,multimodal,ridge,all,all,eeg_bp_gamma__PO8,230,5,1.0,
individual,arousal,multimodal,ridge,all,all,eeg_bp_gamma__Pz,230,5,1.0,
individual,arousal,multimodal,ridge,all,all,eeg_bp_theta__C3,230,5,1.0,
individual,arousal,multimodal,ridge,all,all,eeg_bp_theta__C4,230,5,1.0,
individual,arousal,multimodal,ridge,all,all,eeg_bp_theta__Cz,230,5,1.0,
individual,arousal,multimodal,ridge,all,all,eeg_bp_theta__Fz,230,5,1.0,
individual,arousal,multimodal,ridge,all,all,eeg_bp_theta__Oz,230,5,1.0,
individual,arousal,multimodal,ridge,all,all,eeg_bp_theta__PO7,230,5,1.0,
individual,arousal,multimodal,ridge,all,all,eeg_bp_theta__PO8,230,5,1.0,
individual,arousal,multimodal,ridge,all,all,eeg_bp_theta__Pz,230,5,1.0,
individual,arousal,multimodal,ridge,all,all,eeg_hc__C3,230,5,1.0,
individual,arousal,multimodal,ridge,all,all,eeg_hc__C4,230,5,1.0,
individual,arousal,multimodal,ridge,all,all,eeg_hc__Cz,230,5,1.0,
individual,arousal,multimodal,ridge,all,all,eeg_hc__Fz,230,5,1.0,
individual,arousal,multimodal,ridge,all,all,eeg_hc__Oz,230,5,1.0,
individual,arousal,multimodal,ridge,all,all,eeg_hc__PO7,230,5,1.0,
individual,arousal,multimodal,ridge,all,all,eeg_hc__PO8,230,5,1.0,
individual,arousal,multimodal,ridge,all,all,eeg_hc__Pz,230,5,1.0,
individual,arousal,multimodal,ridge,all,all,eeg_hm__C3,230,5,1.0,
individual,arousal,multimodal,ridge,all,all,eeg_hm__C4,230,5,1.0,
individual,arousal,multimodal,ridge,all,all,eeg_hm__Cz,230,5,1.0,
individual,arousal,multimodal,ridge,all,all,eeg_hm__Fz,230,5,1.0,
individual,arousal,multimodal,ridge,all,all,eeg_hm__Oz,230,5,1.0,
individual,arousal,multimodal,ridge,all,all,eeg_hm__PO7,230,5,1.0,
individual,arousal,multimodal,ridge,all,all,eeg_hm__PO8,230,5,1.0,
individual,arousal,multimodal,ridge,all,all,eeg_hm__Pz,230,5,1.0,
individual,arousal,multimodal,ridge,all,all,eeg_mf_hz__C3,230,5,1.0,
individual,arousal,multimodal,ridge,all,all,eeg_mf_hz__C4,230,5,1.0,
individual,arousal,multimodal,ridge,all,all,eeg_mf_hz__Cz,230,5,1.0,
individual,arousal,multimodal,ridge,all,all,eeg_mf_hz__Fz,230,5,1.0,
individual,arousal,multimodal,ridge,all,all,eeg_mf_hz__Oz,230,5,1.0,
individual,arousal,multimodal,ridge,all,all,eeg_mf_hz__PO7,230,5,1.0,
individual,arousal,multimodal,ridge,all,all,eeg_mf_hz__PO8,230,5,1.0,
individual,arousal,multimodal,ridge,all,all,eeg_mf_hz__Pz,230,5,1.0,
individual,arousal,multimodal,ridge,all,all,eeg_sd__C3,230,5,1.0,
individual,arousal,multimodal,ridge,all,all,eeg_sd__C4,230,5,1.0,
individual,arousal,multimodal,ridge,all,all,eeg_sd__Cz,230,5,1.0,
individual,arousal,multimodal,ridge,all,all,eeg_sd__Fz,230,5,1.0,
individual,arousal,multimodal,ridge,all,all,eeg_sd__Oz,230,5,1.0,
individual,arousal,multimodal,ridge,all,all,eeg_sd__PO7,230,5,1.0,
individual,arousal,multimodal,ridge,all,all,eeg_sd__PO8,230,5,1.0,
individual,arousal,multimodal,ridge,all,all,eeg_sd__Pz,230,5,1.0,
individual,arousal,multimodal,ridge,all,all,eeg_se__C3,230,5,1.0,
individual,arousal,multimodal,ridge,all,all,eeg_se__C4,230,5,1.0,
individual,arousal,multimodal,ridge,all,all,eeg_se__Cz,230,5,1.0,
individual,arousal,multimodal,ridge,all,all,eeg_se__Fz,230,5,1.0,
individual,arousal,multimodal,ridge,all,all,eeg_se__Oz,230,5,1.0,
individual,arousal,multimodal,ridge,all,all,eeg_se__PO7,230,5,1.0,
individual,arousal,multimodal,ridge,all,all,eeg_se__PO8,230,5,1.0,
individual,arousal,multimodal,ridge,all,all,eeg_se__Pz,230,5,1.0,
individual,arousal,multimodal,ridge,all,all,eeg_se_alpha__C3,230,5,1.0,
individual,arousal,multimodal,ridge,all,all,eeg_se_alpha__C4,230,5,1.0,
individual,arousal,multimodal,ridge,all,all,eeg_se_alpha__Cz,230,5,1.0,
individual,arousal,multimodal,ridge,all,all,eeg_se_alpha__Fz,230,5,1.0,
individual,arousal,multimodal,ridge,all,all,eeg_se_alpha__Oz,230,5,1.0,
individual,arousal,multimodal,ridge,all,all,eeg_se_alpha__PO7,230,5,1.0,
individual,arousal,multimodal,ridge,all,all,eeg_se_alpha__PO8,230,5,1.0,
individual,arousal,multimodal,ridge,all,all,eeg_se_alpha__Pz,230,5,1.0,
individual,arousal,multimodal,ridge,all,all,eeg_se_beta__C3,230,5,1.0,
individual,arousal,multimodal,ridge,all,all,eeg_se_beta__C4,230,5,1.0,
individual,arousal,multimodal,ridge,all,all,eeg_se_beta__Cz,230,5,1.0,
individual,arousal,multimodal,ridge,all,all,eeg_se_beta__Fz,230,5,1.0,
individual,arousal,multimodal,ridge,all,all,eeg_se_beta__Oz,230,5,1.0,
individual,arousal,multimodal,ridge,all,all,eeg_se_beta__PO7,230,5,1.0,
individual,arousal,multimodal,ridge,all,all,eeg_se_beta__PO8,230,5,1.0,
individual,arousal,multimodal,ridge,all,all,eeg_se_beta__Pz,230,5,1.0,
individual,arousal,multimodal,ridge,all,all,eeg_se_delta__C3,230,5,1.0,
individual,arousal,multimodal,ridge,all,all,eeg_se_delta__C4,230,5,1.0,
individual,arousal,multimodal,ridge,all,all,eeg_se_delta__Cz,230,5,1.0,
individual,arousal,multimodal,ridge,all,all,eeg_se_delta__Fz,230,5,1.0,
individual,arousal,multimodal,ridge,all,all,eeg_se_delta__Oz,230,5,1.0,
individual,arousal,multimodal,ridge,all,all,eeg_se_delta__PO7,230,5,1.0,
individual,arousal,multimodal,ridge,all,all,eeg_se_delta__PO8,230,5,1.0,
individual,arousal,multimodal,ridge,all,all,eeg_se_delta__Pz,230,5,1.0,
individual,arousal,multimodal,ridge,all,all,eeg_se_gamma__C3,230,5,1.0,
individual,arousal,multimodal,ridge,all,all,eeg_se_gamma__C4,230,5,1.0,
individual,arousal,multimodal,ridge,all,all,eeg_se_gamma__Cz,230,5,1.0,
individual,arousal,multimodal,ridge,all,all,eeg_se_gamma__Fz,230,5,1.0,
individual,arousal,multimodal,ridge,all,all,eeg_se_gamma__Oz,230,5,1.0,
individual,arousal,multimodal,ridge,all,all,eeg_se_gamma__PO7,230,5,1.0,
individual,arousal,multimodal,ridge,all,all,eeg_se_gamma__PO8,230,5,1.0,
individual,arousal,multimodal,ridge,all,all,eeg_se_gamma__Pz,230,5,1.0,
individual,arousal,multimodal,ridge,all,all,eeg_se_theta__C3,230,5,1.0,
individual,arousal,multimodal,ridge,all,all,eeg_se_theta__C4,230,5,1.0,
individual,arousal,multimodal,ridge,all,all,eeg_se_theta__Cz,230,5,1.0,
individual,arousal,multimodal,ridge,all,all,eeg_se_theta__Fz,230,5,1.0,
individual,arousal,multimodal,ridge,all,all,eeg_se_theta__Oz,230,5,1.0,
individual,arousal,multimodal,ridge,all,all,eeg_se_theta__PO7,230,5,1.0,
individual,arousal,multimodal,ridge,all,all,eeg_se_theta__PO8,230,5,1.0,
individual,arousal,multimodal,ridge,all,all,eeg_se_theta__Pz,230,5,1.0,
individual,arousal,multimodal,ridge,all,all,video_enso_norm_mean,230,5,1.0,
individual,arousal,multimodal,ridge,all,all,video_enso_norm_std,230,5,1.0,
individual,arousal,multimodal,ridge,all,all,video_eso_norm_mean,230,5,1.0,
individual,arousal,multimodal,ridge,all,all,video_eso_norm_std,230,5,1.0,
individual,arousal,multimodal,ridge,all,all,video_irisdo_norm_mean,230,5,1.0,
individual,arousal,multimodal,ridge,all,all,video_irisdo_norm_std,230,5,1.0,
individual,arousal,multimodal,ridge,all,all,video_mnso_norm_mean,230,5,1.0,
individual,arousal,multimodal,ridge,all,all,video_mnso_norm_std,230,5,1.0,
individual,arousal,multimodal,ridge,all,all,video_mwo_norm_mean,230,5,1.0,
individual,arousal,multimodal,ridge,all,all,video_mwo_norm_std,230,5,1.0,
individual,arousal,multimodal,svr,10,10,eeg_bp_alpha__C3,18,5,0.0782608695652174,1.0570281377793729
individual,arousal,multimodal,svr,10,10,eeg_bp_alpha__C4,17,5,0.07391304347826087,1.175513270473575
individual,arousal,multimodal,svr,10,10,eeg_bp_alpha__Cz,11,5,0.04782608695652174,0.911260024650569
individual,arousal,multimodal,svr,10,10,eeg_bp_alpha__Fz,15,5,0.06521739130434782,1.0391709200356047
individual,arousal,multimodal,svr,10,10,eeg_bp_alpha__Oz,12,5,0.05217391304347826,1.044199251078774
individual,arousal,multimodal,svr,10,10,eeg_bp_alpha__PO7,22,5,0.09565217391304348,1.2762432694024646
individual,arousal,multimodal,svr,10,10,eeg_bp_alpha__PO8,11,5,0.04782608695652174,1.066317466469483
individual,arousal,multimodal,svr,10,10,eeg_bp_alpha__Pz,15,5,0.06521739130434782,1.0419570647787717
individual,arousal,multimodal,svr,10,10,eeg_bp_beta__C3,17,5,0.07391304347826087,1.1752646673321407
individual,arousal,multimodal,svr,10,10,eeg_bp_beta__C4,15,5,0.06521739130434782,1.3884769930964833
individual,arousal,multimodal,svr,10,10,eeg_bp_beta__Cz,7,5,0.030434782608695653,1.0366827553345677
individual,arousal,multimodal,svr,10,10,eeg_bp_beta__Fz,27,5,0.11739130434782609,1.4422294244329907
individual,arousal,multimodal,svr,10,10,eeg_bp_beta__Oz,14,5,0.06086956521739131,1.2212882115562607
individual,arousal,multimodal,svr,10,10,eeg_bp_beta__PO7,20,5,0.08695652173913043,1.466711301229227
individual,arousal,multimodal,svr,10,10,eeg_bp_beta__PO8,17,5,0.07391304347826087,1.0880043596520916
individual,arousal,multimodal,svr,10,10,eeg_bp_beta__Pz,15,5,0.06521739130434782,1.3498839933705054
individual,arousal,multimodal,svr,10,10,eeg_bp_delta__C3,8,5,0.034782608695652174,0.8567542654516139
individual,arousal,multimodal,svr,10,10,eeg_bp_delta__C4,6,5,0.02608695652173913,1.0646763858288468
individual,arousal,multimodal,svr,10,10,eeg_bp_delta__Cz,10,5,0.043478260869565216,1.1289912137231028
individual,arousal,multimodal,svr,10,10,eeg_bp_delta__Fz,20,5,0.08695652173913043,1.3618836886806778
individual,arousal,multimodal,svr,10,10,eeg_bp_delta__Oz,8,5,0.034782608695652174,1.2298752350154583
individual,arousal,multimodal,svr,10,10,eeg_bp_delta__PO7,21,5,0.09130434782608696,1.140925318908619
individual,arousal,multimodal,svr,10,10,eeg_bp_delta__PO8,13,5,0.05652173913043478,1.1874017084915442
individual,arousal,multimodal,svr,10,10,eeg_bp_delta__Pz,14,5,0.06086956521739131,0.9398068926420048
individual,arousal,multimodal,svr,10,10,eeg_bp_gamma__C3,13,5,0.05652173913043478,1.133989439967218
individual,arousal,multimodal,svr,10,10,eeg_bp_gamma__C4,16,5,0.06956521739130435,1.1847003070340172
individual,arousal,multimodal,svr,10,10,eeg_bp_gamma__Cz,27,5,0.11739130434782609,1.2478973161869449
individual,arousal,multimodal,svr,10,10,eeg_bp_gamma__Fz,18,5,0.0782608695652174,1.0366231639647467
individual,arousal,multimodal,svr,10,10,eeg_bp_gamma__Oz,21,5,0.09130434782608696,1.2831350712683705
individual,arousal,multimodal,svr,10,10,eeg_bp_gamma__PO7,24,5,0.10434782608695652,1.284744196046049
individual,arousal,multimodal,svr,10,10,eeg_bp_gamma__PO8,24,5,0.10434782608695652,1.3239800547025364
individual,arousal,multimodal,svr,10,10,eeg_bp_gamma__Pz,29,5,0.12608695652173912,1.3328275855328309
individual,arousal,multimodal,svr,10,10,eeg_bp_theta__C3,17,5,0.07391304347826087,1.3648569960139727
individual,arousal,multimodal,svr,10,10,eeg_bp_theta__C4,18,5,0.0782608695652174,1.285117838064382
individual,arousal,multimodal,svr,10,10,eeg_bp_theta__Cz,24,5,0.10434782608695652,1.2861971511335526
individual,arousal,multimodal,svr,10,10,eeg_bp_theta__Fz,6,5,0.02608695652173913,0.7393944110360005
individual,arousal,multimodal,svr,10,10,eeg_bp_theta__Oz,22,5,0.09565217391304348,1.323421939248315
individual,arousal,multimodal,svr,10,10,eeg_bp_theta__PO7,12,5,0.05217391304347826,1.1652736632016891
individual,arousal,multimodal,svr,10,10,eeg_bp_theta__PO8,22,5,0.09565217391304348,1.3141519071341266
individual,arousal,multimodal,svr,10,10,eeg_bp_theta__Pz,13,5,0.05652173913043478,1.055523626808761
individual,arousal,multimodal,svr,10,10,eeg_hc__C3,11,5,0.04782608695652174,1.0660406717516038
individual,arousal,multimodal,svr,10,10,eeg_hc__C4,14,5,0.06086956521739131,1.247365807467276
individual,arousal,multimodal,svr,10,10,eeg_hc__Cz,17,5,0.07391304347826087,1.2041141216402131
individual,arousal,multimodal,svr,10,10,eeg_hc__Fz,21,5,0.09130434782608696,1.4960298403147687
individual,arousal,multimodal,svr,10,10,eeg_hc__Oz,8,5,0.034782608695652174,0.9926228562544502
individual,arousal,multimodal,svr,10,10,eeg_hc__PO7,15,5,0.06521739130434782,1.083247606519791
individual,arousal,multimodal,svr,10,10,eeg_hc__PO8,21,5,0.09130434782608696,1.4838895434348003
individual,arousal,multimodal,svr,10,10,eeg_hc__Pz,11,5,0.04782608695652174,1.099675858884008
individual,arousal,multimodal,svr,10,10,eeg_hm__C3,15,5,0.06521739130434782,1.0473250776196132
individual,arousal,multimodal,svr,10,10,eeg_hm__C4,17,5,0.07391304347826087,1.0912244795852284
individual,arousal,multimodal,svr,10,10,eeg_hm__Cz,11,5,0.04782608695652174,1.1283320746250443
individual,arousal,multimodal,svr,10,10,eeg_hm__Fz,13,5,0.05652173913043478,1.2110913166035384
individual,arousal,multimodal,svr,10,10,eeg_hm__Oz,17,5,0.07391304347826087,1.1931932597007702
individual,arousal,multimodal,svr,10,10,eeg_hm__PO7,26,5,0.11304347826086956,1.5519008563471097
individual,arousal,multimodal,svr,10,10,eeg_hm__PO8,29,5,0.12608695652173912,1.534639010435952
individual,arousal,multimodal,svr,10,10,eeg_hm__Pz,14,5,0.06086956521739131,1.1116133555836885
individual,arousal,multimodal,svr,10,10,eeg_mf_hz__C3,17,5,0.07391304347826087,1.1104984212060673
individual,arousal,multimodal,svr,10,10,eeg_mf_hz__C4,18,5,0.0782608695652174,1.2853098251758914
individual,arousal,multimodal,svr,10,10,eeg_mf_hz__Cz,27,5,0.11739130434782609,1.5282992068292813
individual,arousal,multimodal,svr,10,10,eeg_mf_hz__Fz,20,5,0.08695652173913043,1.304191334807583
individual,arousal,multimodal,svr,10,10,eeg_mf_hz__Oz,11,5,0.04782608695652174,0.9677919672560519
individual,arousal,multimodal,svr,10,10,eeg_mf_hz__PO7,11,5,0.04782608695652174,1.018300809975963
individual,arousal,multimodal,svr,10,10,eeg_mf_hz__PO8,28,5,0.12173913043478261,1.6062635750473353
individual,arousal,multimodal,svr,10,10,eeg_mf_hz__Pz,10,5,0.043478260869565216,0.9614204983197219
individual,arousal,multimodal,svr,10,10,eeg_sd__C3,16,5,0.06956521739130435,1.2181157465013939
individual,arousal,multimodal,svr,10,10,eeg_sd__C4,24,5,0.10434782608695652,1.4426250458051195
individual,arousal,multimodal,svr,10,10,eeg_sd__Cz,7,5,0.030434782608695653,0.9841031475050623
individual,arousal,multimodal,svr,10,10,eeg_sd__Fz,7,5,0.030434782608695653,0.9013691331595624
individual,arousal,multimodal,svr,10,10,eeg_sd__Oz,5,5,0.021739130434782608,1.1120311063030386
individual,arousal,multimodal,svr,10,10,eeg_sd__PO7,26,5,0.11304347826086956,1.3654009247569179
individual,arousal,multimodal,svr,10,10,eeg_sd__PO8,8,5,0.034782608695652174,0.8601873650061131
individual,arousal,multimodal,svr,10,10,eeg_sd__Pz,14,5,0.06086956521739131,1.0466066922572672
individual,arousal,multimodal,svr,10,10,eeg_se__C3,13,5,0.05652173913043478,0.9651395743084433
individual,arousal,multimodal,svr,10,10,eeg_se__C4,17,5,0.07391304347826087,1.1170934604369638
individual,arousal,multimodal,svr,10,10,eeg_se__Cz,19,5,0.08260869565217391,1.211394653234914
individual,arousal,multimodal,svr,10,10,eeg_se__Fz,12,5,0.05217391304347826,1.0514375792659074
individual,arousal,multimodal,svr,10,10,eeg_se__Oz,14,5,0.06086956521739131,1.1008425294057926
individual,arousal,multimodal,svr,10,10,eeg_se__PO7,10,5,0.043478260869565216,1.0638445389666185
individual,arousal,multimodal,svr,10,10,eeg_se__PO8,28,5,0.12173913043478261,1.5486702547489524
individual,arousal,multimodal,svr,10,10,eeg_se__Pz,14,5,0.06086956521739131,1.0613722306558004
individual,arousal,multimodal,svr,10,10,eeg_se_alpha__C3,17,5,0.07391304347826087,1.1035239131416605
individual,arousal,multimodal,svr,10,10,eeg_se_alpha__C4,26,5,0.11304347826086956,1.3188929472323723
individual,arousal,multimodal,svr,10,10,eeg_se_alpha__Cz,10,5,0.043478260869565216,0.9020102672774958
individual,arousal,multimodal,svr,10,10,eeg_se_alpha__Fz,26,5,0.11304347826086956,1.5079679512561246
individual,arousal,multimodal,svr,10,10,eeg_se_alpha__Oz,23,5,0.1,1.1852732253983667
individual,arousal,multimodal,svr,10,10,eeg_se_alpha__PO7,15,5,0.06521739130434782,0.9975414837513263
individual,arousal,multimodal,svr,10,10,eeg_se_alpha__PO8,26,5,0.11304347826086956,1.3279846781411138
individual,arousal,multimodal,svr,10,10,eeg_se_alpha__Pz,15,5,0.06521739130434782,1.0133518599311635
individual,arousal,multimodal,svr,10,10,eeg_se_beta__C3,8,5,0.034782608695652174,0.845515993875119
individual,arousal,multimodal,svr,10,10,eeg_se_beta__C4,12,5,0.05217391304347826,0.8669819197094595
individual,arousal,multimodal,svr,10,10,eeg_se_beta__Cz,22,5,0.09565217391304348,1.1815795995421714
individual,arousal,multimodal,svr,10,10,eeg_se_beta__Fz,13,5,0.05652173913043478,1.068254052290481
individual,arousal,multimodal,svr,10,10,eeg_se_beta__Oz,29,5,0.12608695652173912,1.3359496371361452
individual,arousal,multimodal,svr,10,10,eeg_se_beta__PO7,14,5,0.06086956521739131,1.0146632542615028
individual,arousal,multimodal,svr,10,10,eeg_se_beta__PO8,21,5,0.09130434782608696,1.1119945269654834
individual,arousal,multimodal,svr,10,10,eeg_se_beta__Pz,8,5,0.034782608695652174,0.7065129414625744
individual,arousal,multimodal,svr,10,10,eeg_se_delta__C3,10,5,0.043478260869565216,0.7957972464224746
individual,arousal,multimodal,svr,10,10,eeg_se_delta__C4,20,5,0.08695652173913043,1.1478115517919893
individual,arousal,multimodal,svr,10,10,eeg_se_delta__Cz,29,5,0.12608695652173912,1.4421718296703183
individual,arousal,multimodal,svr,10,10,eeg_se_delta__Fz,23,5,0.1,1.0969927981272674
individual,arousal,multimodal,svr,10,10,eeg_se_delta__Oz,14,5,0.06086956521739131,0.8078195118554636
individual,arousal,multimodal,svr,10,10,eeg_se_delta__PO7,21,5,0.09130434782608696,1.0953371979156625
individual,arousal,multimodal,svr,10,10,eeg_se_delta__PO8,7,5,0.030434782608695653,0.7961507929801972
individual,arousal,multimodal,svr,10,10,eeg_se_delta__Pz,15,5,0.06521739130434782,0.9472157468856833
individual,arousal,multimodal,svr,10,10,eeg_se_gamma__C3,14,5,0.06086956521739131,0.8633431147667391
individual,arousal,multimodal,svr,10,10,eeg_se_gamma__C4,16,5,0.06956521739130435,1.1612884104279055
individual,arousal,multimodal,svr,10,10,eeg_se_gamma__Cz,15,5,0.06521739130434782,1.0868290014922781
individual,arousal,multimodal,svr,10,10,eeg_se_gamma__Fz,37,5,0.1608695652173913,1.5338902202548976
individual,arousal,multimodal,svr,10,10,eeg_se_gamma__Oz,16,5,0.06956521739130435,0.9953375096110936
individual,arousal,multimodal,svr,10,10,eeg_se_gamma__PO7,7,5,0.030434782608695653,0.7077108788721743
individual,arousal,multimodal,svr,10,10,eeg_se_gamma__PO8,21,5,0.09130434782608696,1.1008916826367063
individual,arousal,multimodal,svr,10,10,eeg_se_gamma__Pz,24,5,0.10434782608695652,1.3599548378750466
individual,arousal,multimodal,svr,10,10,eeg_se_theta__C3,18,5,0.0782608695652174,1.0088467792785967
individual,arousal,multimodal,svr,10,10,eeg_se_theta__C4,23,5,0.1,1.131248260805728
individual,arousal,multimodal,svr,10,10,eeg_se_theta__Cz,20,5,0.08695652173913043,1.0453309345112243
individual,arousal,multimodal,svr,10,10,eeg_se_theta__Fz,11,5,0.04782608695652174,0.8175581622798831
individual,arousal,multimodal,svr,10,10,eeg_se_theta__Oz,17,5,0.07391304347826087,1.0097489800013733
individual,arousal,multimodal,svr,10,10,eeg_se_theta__PO7,17,5,0.07391304347826087,1.0245213206568247
individual,arousal,multimodal,svr,10,10,eeg_se_theta__PO8,20,5,0.08695652173913043,1.247553142320234
individual,arousal,multimodal,svr,10,10,eeg_se_theta__Pz,24,5,0.10434782608695652,1.182851239506684
individual,arousal,multimodal,svr,10,10,video_enso_norm_mean,26,5,0.11304347826086956,1.411031089654006
individual,arousal,multimodal,svr,10,10,video_enso_norm_std,44,5,0.19130434782608696,1.7988665309917586
individual,arousal,multimodal,svr,10,10,video_eso_norm_mean,27,5,0.11739130434782609,1.419412789371039
individual,arousal,multimodal,svr,10,10,video_eso_norm_std,33,5,0.14347826086956522,1.5407711638552695
individual,arousal,multimodal,svr,10,10,video_irisdo_norm_mean,35,5,0.15217391304347827,1.8078084545362636
individual,arousal,multimodal,svr,10,10,video_irisdo_norm_std,30,5,0.13043478260869565,1.4647629812338419
individual,arousal,multimodal,svr,10,10,video_mnso_norm_mean,25,5,0.10869565217391304,1.3065502707922667
individual,arousal,multimodal,svr,10,10,video_mnso_norm_std,18,5,0.0782608695652174,1.055216600434974
individual,arousal,multimodal,svr,10,10,video_mwo_norm_mean,23,5,0.1,1.2215965847615222
individual,arousal,multimodal,svr,10,10,video_mwo_norm_std,20,5,0.08695652173913043,1.1843624684007021
individual,arousal,multimodal,svr,20,20,eeg_bp_alpha__C3,28,5,0.12173913043478261,1.0570281377793729
individual,arousal,multimodal,svr,20,20,eeg_bp_alpha__C4,34,5,0.14782608695652175,1.175513270473575
individual,arousal,multimodal,svr,20,20,eeg_bp_alpha__Cz,24,5,0.10434782608695652,0.911260024650569
individual,arousal,multimodal,svr,20,20,eeg_bp_alpha__Fz,28,5,0.12173913043478261,1.0391709200356047
individual,arousal,multimodal,svr,20,20,eeg_bp_alpha__Oz,35,5,0.15217391304347827,1.044199251078774
individual,arousal,multimodal,svr,20,20,eeg_bp_alpha__PO7,46,5,0.2,1.2762432694024646
individual,arousal,multimodal,svr,20,20,eeg_bp_alpha__PO8,30,5,0.13043478260869565,1.066317466469483
individual,arousal,multimodal,svr,20,20,eeg_bp_alpha__Pz,34,5,0.14782608695652175,1.0419570647787717
individual,arousal,multimodal,svr,20,20,eeg_bp_beta__C3,32,5,0.1391304347826087,1.1752646673321407
individual,arousal,multimodal,svr,20,20,eeg_bp_beta__C4,43,5,0.18695652173913044,1.3884769930964833
individual,arousal,multimodal,svr,20,20,eeg_bp_beta__Cz,31,5,0.13478260869565217,1.0366827553345677
individual,arousal,multimodal,svr,20,20,eeg_bp_beta__Fz,46,5,0.2,1.4422294244329907
individual,arousal,multimodal,svr,20,20,eeg_bp_beta__Oz,36,5,0.1565217391304348,1.2212882115562607
individual,arousal,multimodal,svr,20,20,eeg_bp_beta__PO7,49,5,0.21304347826086956,1.466711301229227
individual,arousal,multimodal,svr,20,20,eeg_bp_beta__PO8,25,5,0.10869565217391304,1.0880043596520916
individual,arousal,multimodal,svr,20,20,eeg_bp_beta__Pz,45,5,0.1956521739130435,1.3498839933705054
individual,arousal,multimodal,svr,20,20,eeg_bp_delta__C3,21,5,0.09130434782608696,0.8567542654516139
individual,arousal,multimodal,svr,20,20,eeg_bp_delta__C4,28,5,0.12173913043478261,1.0646763858288468
individual,arousal,multimodal,svr,20,20,eeg_bp_delta__Cz,25,5,0.10869565217391304,1.1289912137231028
individual,arousal,multimodal,svr,20,20,eeg_bp_delta__Fz,43,5,0.18695652173913044,1.3618836886806778
individual,arousal,multimodal,svr,20,20,eeg_bp_delta__Oz,41,5,0.1782608695652174,1.2298752350154583
individual,arousal,multimodal,svr,20,20,eeg_bp_delta__PO7,37,5,0.1608695652173913,1.140925318908619
individual,arousal,multimodal,svr,20,20,eeg_bp_delta__PO8,32,5,0.1391304347826087,1.1874017084915442
individual,arousal,multimodal,svr,20,20,eeg_bp_delta__Pz,28,5,0.12173913043478261,0.9398068926420048
individual,arousal,multimodal,svr,20,20,eeg_bp_gamma__C3,33,5,0.14347826086956522,1.133989439967218
individual,arousal,multimodal,svr,20,20,eeg_bp_gamma__C4,39,5,0.16956521739130434,1.1847003070340172
individual,arousal,multimodal,svr,20,20,eeg_bp_gamma__Cz,43,5,0.18695652173913044,1.2478973161869449
individual,arousal,multimodal,svr,20,20,eeg_bp_gamma__Fz,32,5,0.1391304347826087,1.0366231639647467
individual,arousal,multimodal,svr,20,20,eeg_bp_gamma__Oz,44,5,0.19130434782608696,1.2831350712683705
individual,arousal,multimodal,svr,20,20,eeg_bp_gamma__PO7,42,5,0.1826086956521739,1.284744196046049
individual,arousal,multimodal,svr,20,20,eeg_bp_gamma__PO8,37,5,0.1608695652173913,1.3239800547025364
individual,arousal,multimodal,svr,20,20,eeg_bp_gamma__Pz,49,5,0.21304347826086956,1.3328275855328309
individual,arousal,multimodal,svr,20,20,eeg_bp_theta__C3,39,5,0.16956521739130434,1.3648569960139727
individual,arousal,multimodal,svr,20,20,eeg_bp_theta__C4,44,5,0.19130434782608696,1.285117838064382
individual,arousal,multimodal,svr,20,20,eeg_bp_theta__Cz,45,5,0.1956521739130435,1.2861971511335526
individual,arousal,multimodal,svr,20,20,eeg_bp_theta__Fz,12,5,0.05217391304347826,0.7393944110360005
individual,arousal,multimodal,svr,20,20,eeg_bp_theta__Oz,43,5,0.18695652173913044,1.323421939248315
individual,arousal,multimodal,svr,20,20,eeg_bp_theta__PO7,38,5,0.16521739130434782,1.1652736632016891
individual,arousal,multimodal,svr,20,20,eeg_bp_theta__PO8,49,5,0.21304347826086956,1.3141519071341266
individual,arousal,multimodal,svr,20,20,eeg_bp_theta__Pz,32,5,0.1391304347826087,1.055523626808761
individual,arousal,multimodal,svr,20,20,eeg_hc__C3,28,5,0.12173913043478261,1.0660406717516038
individual,arousal,multimodal,svr,20,20,eeg_hc__C4,37,5,0.1608695652173913,1.247365807467276
individual,arousal,multimodal,svr,20,20,eeg_hc__Cz,34,5,0.14782608695652175,1.2041141216402131
individual,arousal,multimodal,svr,20,20,eeg_hc__Fz,44,5,0.19130434782608696,1.4960298403147687
individual,arousal,multimodal,svr,20,20,eeg_hc__Oz,27,5,0.11739130434782609,0.9926228562544502
individual,arousal,multimodal,svr,20,20,eeg_hc__PO7,24,5,0.10434782608695652,1.083247606519791
individual,arousal,multimodal,svr,20,20,eeg_hc__PO8,42,5,0.1826086956521739,1.4838895434348003
individual,arousal,multimodal,svr,20,20,eeg_hc__Pz,28,5,0.12173913043478261,1.099675858884008
individual,arousal,multimodal,svr,20,20,eeg_hm__C3,33,5,0.14347826086956522,1.0473250776196132
individual,arousal,multimodal,svr,20,20,eeg_hm__C4,33,5,0.14347826086956522,1.0912244795852284
individual,arousal,multimodal,svr,20,20,eeg_hm__Cz,30,5,0.13043478260869565,1.1283320746250443
individual,arousal,multimodal,svr,20,20,eeg_hm__Fz,36,5,0.1565217391304348,1.2110913166035384
individual,arousal,multimodal,svr,20,20,eeg_hm__Oz,34,5,0.14782608695652175,1.1931932597007702
individual,arousal,multimodal,svr,20,20,eeg_hm__PO7,44,5,0.19130434782608696,1.5519008563471097
individual,arousal,multimodal,svr,20,20,eeg_hm__PO8,47,5,0.20434782608695654,1.534639010435952
individual,arousal,multimodal,svr,20,20,eeg_hm__Pz,35,5,0.15217391304347827,1.1116133555836885
individual,arousal,multimodal,svr,20,20,eeg_mf_hz__C3,29,5,0.12608695652173912,1.1104984212060673
individual,arousal,multimodal,svr,20,20,eeg_mf_hz__C4,43,5,0.18695652173913044,1.2853098251758914
individual,arousal,multimodal,svr,20,20,eeg_mf_hz__Cz,53,5,0.23043478260869565,1.5282992068292813
individual,arousal,multimodal,svr,20,20,eeg_mf_hz__Fz,46,5,0.2,1.304191334807583
individual,arousal,multimodal,svr,20,20,eeg_mf_hz__Oz,25,5,0.10869565217391304,0.9677919672560519
individual,arousal,multimodal,svr,20,20,eeg_mf_hz__PO7,18,5,0.0782608695652174,1.018300809975963
individual,arousal,multimodal,svr,20,20,eeg_mf_hz__PO8,51,5,0.2217391304347826,1.6062635750473353
individual,arousal,multimodal,svr,20,20,eeg_mf_hz__Pz,29,5,0.12608695652173912,0.9614204983197219
individual,arousal,multimodal,svr,20,20,eeg_sd__C3,32,5,0.1391304347826087,1.2181157465013939
individual,arousal,multimodal,svr,20,20,eeg_sd__C4,43,5,0.18695652173913044,1.4426250458051195
individual,arousal,multimodal,svr,20,20,eeg_sd__Cz,20,5,0.08695652173913043,0.9841031475050623
individual,arousal,multimodal,svr,20,20,eeg_sd__Fz,30,5,0.13043478260869565,0.9013691331595624
individual,arousal,multimodal,svr,20,20,eeg_sd__Oz,30,5,0.13043478260869565,1.1120311063030386
individual,arousal,multimodal,svr,20,20,eeg_sd__PO7,43,5,0.18695652173913044,1.3654009247569179
individual,arousal,multimodal,svr,20,20,eeg_sd__PO8,20,5,0.08695652173913043,0.8601873650061131
individual,arousal,multimodal,svr,20,20,eeg_sd__Pz,40,5,0.17391304347826086,1.0466066922572672
individual,arousal,multimodal,svr,20,20,eeg_se__C3,29,5,0.12608695652173912,0.9651395743084433
individual,arousal,multimodal,svr,20,20,eeg_se__C4,27,5,0.11739130434782609,1.1170934604369638
individual,arousal,multimodal,svr,20,20,eeg_se__Cz,40,5,0.17391304347826086,1.211394653234914
individual,arousal,multimodal,svr,20,20,eeg_se__Fz,25,5,0.10869565217391304,1.0514375792659074
individual,arousal,multimodal,svr,20,20,eeg_se__Oz,28,5,0.12173913043478261,1.1008425294057926
individual,arousal,multimodal,svr,20,20,eeg_se__PO7,27,5,0.11739130434782609,1.0638445389666185
individual,arousal,multimodal,svr,20,20,eeg_se__PO8,41,5,0.1782608695652174,1.5486702547489524
individual,arousal,multimodal,svr,20,20,eeg_se__Pz,34,5,0.14782608695652175,1.0613722306558004
individual,arousal,multimodal,svr,20,20,eeg_se_alpha__C3,37,5,0.1608695652173913,1.1035239131416605
individual,arousal,multimodal,svr,20,20,eeg_se_alpha__C4,49,5,0.21304347826086956,1.3188929472323723
individual,arousal,multimodal,svr,20,20,eeg_se_alpha__Cz,22,5,0.09565217391304348,0.9020102672774958
individual,arousal,multimodal,svr,20,20,eeg_se_alpha__Fz,50,5,0.21739130434782608,1.5079679512561246
individual,arousal,multimodal,svr,20,20,eeg_se_alpha__Oz,36,5,0.1565217391304348,1.1852732253983667
individual,arousal,multimodal,svr,20,20,eeg_se_alpha__PO7,27,5,0.11739130434782609,0.9975414837513263
individual,arousal,multimodal,svr,20,20,eeg_se_alpha__PO8,44,5,0.19130434782608696,1.3279846781411138
individual,arousal,multimodal,svr,20,20,eeg_se_alpha__Pz,32,5,0.1391304347826087,1.0133518599311635
individual,arousal,multimodal,svr,20,20,eeg_se_beta__C3,26,5,0.11304347826086956,0.845515993875119
individual,arousal,multimodal,svr,20,20,eeg_se_beta__C4,22,5,0.09565217391304348,0.8669819197094595
individual,arousal,multimodal,svr,20,20,eeg_se_beta__Cz,35,5,0.15217391304347827,1.1815795995421714
individual,arousal,multimodal,svr,20,20,eeg_se_beta__Fz,29,5,0.12608695652173912,1.068254052290481
individual,arousal,multimodal,svr,20,20,eeg_se_beta__Oz,46,5,0.2,1.3359496371361452
individual,arousal,multimodal,svr,20,20,eeg_se_beta__PO7,31,5,0.13478260869565217,1.0146632542615028
individual,arousal,multimodal,svr,20,20,eeg_se_beta__PO8,39,5,0.16956521739130434,1.1119945269654834
individual,arousal,multimodal,svr,20,20,eeg_se_beta__Pz,18,5,0.0782608695652174,0.7065129414625744
individual,arousal,multimodal,svr,20,20,eeg_se_delta__C3,19,5,0.08260869565217391,0.7957972464224746
individual,arousal,multimodal,svr,20,20,eeg_se_delta__C4,34,5,0.14782608695652175,1.1478115517919893
individual,arousal,multimodal,svr,20,20,eeg_se_delta__Cz,45,5,0.1956521739130435,1.4421718296703183
individual,arousal,multimodal,svr,20,20,eeg_se_delta__Fz,34,5,0.14782608695652175,1.0969927981272674
individual,arousal,multimodal,svr,20,20,eeg_se_delta__Oz,23,5,0.1,0.8078195118554636
individual,arousal,multimodal,svr,20,20,eeg_se_delta__PO7,36,5,0.1565217391304348,1.0953371979156625
individual,arousal,multimodal,svr,20,20,eeg_se_delta__PO8,19,5,0.08260869565217391,0.7961507929801972
individual,arousal,multimodal,svr,20,20,eeg_se_delta__Pz,24,5,0.10434782608695652,0.9472157468856833
individual,arousal,multimodal,svr,20,20,eeg_se_gamma__C3,27,5,0.11739130434782609,0.8633431147667391
individual,arousal,multimodal,svr,20,20,eeg_se_gamma__C4,33,5,0.14347826086956522,1.1612884104279055
individual,arousal,multimodal,svr,20,20,eeg_se_gamma__Cz,30,5,0.13043478260869565,1.0868290014922781
individual,arousal,multimodal,svr,20,20,eeg_se_gamma__Fz,56,5,0.24347826086956523,1.5338902202548976
individual,arousal,multimodal,svr,20,20,eeg_se_gamma__Oz,27,5,0.11739130434782609,0.9953375096110936
individual,arousal,multimodal,svr,20,20,eeg_se_gamma__PO7,20,5,0.08695652173913043,0.7077108788721743
individual,arousal,multimodal,svr,20,20,eeg_se_gamma__PO8,44,5,0.19130434782608696,1.1008916826367063
individual,arousal,multimodal,svr,20,20,eeg_se_gamma__Pz,43,5,0.18695652173913044,1.3599548378750466
individual,arousal,multimodal,svr,20,20,eeg_se_theta__C3,31,5,0.13478260869565217,1.0088467792785967
individual,arousal,multimodal,svr,20,20,eeg_se_theta__C4,40,5,0.17391304347826086,1.131248260805728
individual,arousal,multimodal,svr,20,20,eeg_se_theta__Cz,32,5,0.1391304347826087,1.0453309345112243
individual,arousal,multimodal,svr,20,20,eeg_se_theta__Fz,16,5,0.06956521739130435,0.8175581622798831
individual,arousal,multimodal,svr,20,20,eeg_se_theta__Oz,32,5,0.1391304347826087,1.0097489800013733
individual,arousal,multimodal,svr,20,20,eeg_se_theta__PO7,37,5,0.1608695652173913,1.0245213206568247
individual,arousal,multimodal,svr,20,20,eeg_se_theta__PO8,43,5,0.18695652173913044,1.247553142320234
individual,arousal,multimodal,svr,20,20,eeg_se_theta__Pz,39,5,0.16956521739130434,1.182851239506684
individual,arousal,multimodal,svr,20,20,video_enso_norm_mean,45,5,0.1956521739130435,1.411031089654006
individual,arousal,multimodal,svr,20,20,video_enso_norm_std,63,5,0.27391304347826084,1.7988665309917586
individual,arousal,multimodal,svr,20,20,video_eso_norm_mean,42,5,0.1826086956521739,1.419412789371039
individual,arousal,multimodal,svr,20,20,video_eso_norm_std,52,5,0.22608695652173913,1.5407711638552695
individual,arousal,multimodal,svr,20,20,video_irisdo_norm_mean,62,5,0.26956521739130435,1.8078084545362636
individual,arousal,multimodal,svr,20,20,video_irisdo_norm_std,49,5,0.21304347826086956,1.4647629812338419
individual,arousal,multimodal,svr,20,20,video_mnso_norm_mean,46,5,0.2,1.3065502707922667
individual,arousal,multimodal,svr,20,20,video_mnso_norm_std,36,5,0.1565217391304348,1.055216600434974
individual,arousal,multimodal,svr,20,20,video_mwo_norm_mean,37,5,0.1608695652173913,1.2215965847615222
individual,arousal,multimodal,svr,20,20,video_mwo_norm_std,40,5,0.17391304347826086,1.1843624684007021
individual,arousal,multimodal,svr,5,5,eeg_bp_alpha__C3,11,5,0.04782608695652174,1.0570281377793729
individual,arousal,multimodal,svr,5,5,eeg_bp_alpha__C4,7,5,0.030434782608695653,1.175513270473575
individual,arousal,multimodal,svr,5,5,eeg_bp_alpha__Cz,3,5,0.013043478260869565,0.911260024650569
individual,arousal,multimodal,svr,5,5,eeg_bp_alpha__Fz,6,5,0.02608695652173913,1.0391709200356047
individual,arousal,multimodal,svr,5,5,eeg_bp_alpha__Oz,3,5,0.013043478260869565,1.044199251078774
individual,arousal,multimodal,svr,5,5,eeg_bp_alpha__PO7,10,5,0.043478260869565216,1.2762432694024646
individual,arousal,multimodal,svr,5,5,eeg_bp_alpha__PO8,5,5,0.021739130434782608,1.066317466469483
individual,arousal,multimodal,svr,5,5,eeg_bp_alpha__Pz,2,5,0.008695652173913044,1.0419570647787717
individual,arousal,multimodal,svr,5,5,eeg_bp_beta__C3,8,5,0.034782608695652174,1.1752646673321407
individual,arousal,multimodal,svr,5,5,eeg_bp_beta__C4,3,5,0.013043478260869565,1.3884769930964833
individual,arousal,multimodal,svr,5,5,eeg_bp_beta__Cz,2,5,0.008695652173913044,1.0366827553345677
individual,arousal,multimodal,svr,5,5,eeg_bp_beta__Fz,12,5,0.05217391304347826,1.4422294244329907
individual,arousal,multimodal,svr,5,5,eeg_bp_beta__Oz,7,5,0.030434782608695653,1.2212882115562607
individual,arousal,multimodal,svr,5,5,eeg_bp_beta__PO7,12,5,0.05217391304347826,1.466711301229227
individual,arousal,multimodal,svr,5,5,eeg_bp_beta__PO8,9,5,0.0391304347826087,1.0880043596520916
individual,arousal,multimodal,svr,5,5,eeg_bp_beta__Pz,6,5,0.02608695652173913,1.3498839933705054
individual,arousal,multimodal,svr,5,5,eeg_bp_delta__C3,3,5,0.013043478260869565,0.8567542654516139
individual,arousal,multimodal,svr,5,5,eeg_bp_delta__C4,2,5,0.008695652173913044,1.0646763858288468
individual,arousal,multimodal,svr,5,5,eeg_bp_delta__Cz,3,5,0.013043478260869565,1.1289912137231028
individual,arousal,multimodal,svr,5,5,eeg_bp_delta__Fz,10,5,0.043478260869565216,1.3618836886806778
individual,arousal,multimodal,svr,5,5,eeg_bp_delta__Oz,1,5,0.004347826086956522,1.2298752350154583
individual,arousal,multimodal,svr,5,5,eeg_bp_delta__PO7,6,5,0.02608695652173913,1.140925318908619
individual,arousal,multimodal,svr,5,5,eeg_bp_delta__PO8,8,5,0.034782608695652174,1.1874017084915442
individual,arousal,multimodal,svr,5,5,eeg_bp_delta__Pz,7,5,0.030434782608695653,0.9398068926420048
individual,arousal,multimodal,svr,5,5,eeg_bp_gamma__C3,12,5,0.05217391304347826,1.133989439967218
individual,arousal,multimodal,svr,5,5,eeg_bp_gamma__C4,9,5,0.0391304347826087,1.1847003070340172
individual,arousal,multimodal,svr,5,5,eeg_bp_gamma__Cz,15,5,0.06521739130434782,1.2478973161869449
individual,arousal,multimodal,svr,5,5,eeg_bp_gamma__Fz,7,5,0.030434782608695653,1.0366231639647467
individual,arousal,multimodal,svr,5,5,eeg_bp_gamma__Oz,11,5,0.04782608695652174,1.2831350712683705
individual,arousal,multimodal,svr,5,5,eeg_bp_gamma__PO7,11,5,0.04782608695652174,1.284744196046049
individual,arousal,multimodal,svr,5,5,eeg_bp_gamma__PO8,14,5,0.06086956521739131,1.3239800547025364
individual,arousal,multimodal,svr,5,5,eeg_bp_gamma__Pz,15,5,0.06521739130434782,1.3328275855328309
individual,arousal,multimodal,svr,5,5,eeg_bp_theta__C3,15,5,0.06521739130434782,1.3648569960139727
individual,arousal,multimodal,svr,5,5,eeg_bp_theta__C4,8,5,0.034782608695652174,1.285117838064382
individual,arousal,multimodal,svr,5,5,eeg_bp_theta__Cz,11,5,0.04782608695652174,1.2861971511335526
individual,arousal,multimodal,svr,5,5,eeg_bp_theta__Fz,1,5,0.004347826086956522,0.7393944110360005
individual,arousal,multimodal,svr,5,5,eeg_bp_theta__Oz,12,5,0.05217391304347826,1.323421939248315
individual,arousal,multimodal,svr,5,5,eeg_bp_theta__PO7,3,5,0.013043478260869565,1.1652736632016891
individual,arousal,multimodal,svr,5,5,eeg_bp_theta__PO8,12,5,0.05217391304347826,1.3141519071341266
individual,arousal,multimodal,svr,5,5,eeg_bp_theta__Pz,6,5,0.02608695652173913,1.055523626808761
individual,arousal,multimodal,svr,5,5,eeg_hc__C3,5,5,0.021739130434782608,1.0660406717516038
individual,arousal,multimodal,svr,5,5,eeg_hc__C4,6,5,0.02608695652173913,1.247365807467276
individual,arousal,multimodal,svr,5,5,eeg_hc__Cz,8,5,0.034782608695652174,1.2041141216402131
individual,arousal,multimodal,svr,5,5,eeg_hc__Fz,13,5,0.05652173913043478,1.4960298403147687
individual,arousal,multimodal,svr,5,5,eeg_hc__Oz,3,5,0.013043478260869565,0.9926228562544502
individual,arousal,multimodal,svr,5,5,eeg_hc__PO7,5,5,0.021739130434782608,1.083247606519791
individual,arousal,multimodal,svr,5,5,eeg_hc__PO8,12,5,0.05217391304347826,1.4838895434348003
individual,arousal,multimodal,svr,5,5,eeg_hc__Pz,5,5,0.021739130434782608,1.099675858884008
individual,arousal,multimodal,svr,5,5,eeg_hm__C3,5,5,0.021739130434782608,1.0473250776196132
individual,arousal,multimodal,svr,5,5,eeg_hm__C4,11,5,0.04782608695652174,1.0912244795852284
individual,arousal,multimodal,svr,5,5,eeg_hm__Cz,7,5,0.030434782608695653,1.1283320746250443
individual,arousal,multimodal,svr,5,5,eeg_hm__Fz,7,5,0.030434782608695653,1.2110913166035384
individual,arousal,multimodal,svr,5,5,eeg_hm__Oz,8,5,0.034782608695652174,1.1931932597007702
individual,arousal,multimodal,svr,5,5,eeg_hm__PO7,13,5,0.05652173913043478,1.5519008563471097
individual,arousal,multimodal,svr,5,5,eeg_hm__PO8,18,5,0.0782608695652174,1.534639010435952
individual,arousal,multimodal,svr,5,5,eeg_hm__Pz,6,5,0.02608695652173913,1.1116133555836885
individual,arousal,multimodal,svr,5,5,eeg_mf_hz__C3,6,5,0.02608695652173913,1.1104984212060673
individual,arousal,multimodal,svr,5,5,eeg_mf_hz__C4,8,5,0.034782608695652174,1.2853098251758914
individual,arousal,multimodal,svr,5,5,eeg_mf_hz__Cz,10,5,0.043478260869565216,1.5282992068292813
individual,arousal,multimodal,svr,5,5,eeg_mf_hz__Fz,8,5,0.034782608695652174,1.304191334807583
individual,arousal,multimodal,svr,5,5,eeg_mf_hz__Oz,6,5,0.02608695652173913,0.9677919672560519
individual,arousal,multimodal,svr,5,5,eeg_mf_hz__PO7,4,5,0.017391304347826087,1.018300809975963
individual,arousal,multimodal,svr,5,5,eeg_mf_hz__PO8,13,5,0.05652173913043478,1.6062635750473353
individual,arousal,multimodal,svr,5,5,eeg_mf_hz__Pz,6,5,0.02608695652173913,0.9614204983197219
individual,arousal,multimodal,svr,5,5,eeg_sd__C3,6,5,0.02608695652173913,1.2181157465013939
individual,arousal,multimodal,svr,5,5,eeg_sd__C4,8,5,0.034782608695652174,1.4426250458051195
individual,arousal,multimodal,svr,5,5,eeg_sd__Cz,3,5,0.013043478260869565,0.9841031475050623
individual,arousal,multimodal,svr,5,5,eeg_sd__Fz,4,5,0.017391304347826087,0.9013691331595624
individual,arousal,multimodal,svr,5,5,eeg_sd__Oz,4,5,0.017391304347826087,1.1120311063030386
individual,arousal,multimodal,svr,5,5,eeg_sd__PO7,18,5,0.0782608695652174,1.3654009247569179
individual,arousal,multimodal,svr,5,5,eeg_sd__PO8,4,5,0.017391304347826087,0.8601873650061131
individual,arousal,multimodal,svr,5,5,eeg_sd__Pz,4,5,0.017391304347826087,1.0466066922572672
individual,arousal,multimodal,svr,5,5,eeg_se__C3,7,5,0.030434782608695653,0.9651395743084433
individual,arousal,multimodal,svr,5,5,eeg_se__C4,4,5,0.017391304347826087,1.1170934604369638
individual,arousal,multimodal,svr,5,5,eeg_se__Cz,10,5,0.043478260869565216,1.211394653234914
individual,arousal,multimodal,svr,5,5,eeg_se__Fz,4,5,0.017391304347826087,1.0514375792659074
individual,arousal,multimodal,svr,5,5,eeg_se__Oz,9,5,0.0391304347826087,1.1008425294057926
individual,arousal,multimodal,svr,5,5,eeg_se__PO7,6,5,0.02608695652173913,1.0638445389666185
individual,arousal,multimodal,svr,5,5,eeg_se__PO8,16,5,0.06956521739130435,1.5486702547489524
individual,arousal,multimodal,svr,5,5,eeg_se__Pz,6,5,0.02608695652173913,1.0613722306558004
individual,arousal,multimodal,svr,5,5,eeg_se_alpha__C3,7,5,0.030434782608695653,1.1035239131416605
individual,arousal,multimodal,svr,5,5,eeg_se_alpha__C4,18,5,0.0782608695652174,1.3188929472323723
individual,arousal,multimodal,svr,5,5,eeg_se_alpha__Cz,7,5,0.030434782608695653,0.9020102672774958
individual,arousal,multimodal,svr,5,5,eeg_se_alpha__Fz,14,5,0.06086956521739131,1.5079679512561246
individual,arousal,multimodal,svr,5,5,eeg_se_alpha__Oz,14,5,0.06086956521739131,1.1852732253983667
individual,arousal,multimodal,svr,5,5,eeg_se_alpha__PO7,5,5,0.021739130434782608,0.9975414837513263
individual,arousal,multimodal,svr,5,5,eeg_se_alpha__PO8,14,5,0.06086956521739131,1.3279846781411138
individual,arousal,multimodal,svr,5,5,eeg_se_alpha__Pz,6,5,0.02608695652173913,1.0133518599311635
individual,arousal,multimodal,svr,5,5,eeg_se_beta__C3,6,5,0.02608695652173913,0.845515993875119
individual,arousal,multimodal,svr,5,5,eeg_se_beta__C4,6,5,0.02608695652173913,0.8669819197094595
individual,arousal,multimodal,svr,5,5,eeg_se_beta__Cz,14,5,0.06086956521739131,1.1815795995421714
individual,arousal,multimodal,svr,5,5,eeg_se_beta__Fz,7,5,0.030434782608695653,1.068254052290481
individual,arousal,multimodal,svr,5,5,eeg_se_beta__Oz,14,5,0.06086956521739131,1.3359496371361452
individual,arousal,multimodal,svr,5,5,eeg_se_beta__PO7,7,5,0.030434782608695653,1.0146632542615028
individual,arousal,multimodal,svr,5,5,eeg_se_beta__PO8,10,5,0.043478260869565216,1.1119945269654834
individual,arousal,multimodal,svr,5,5,eeg_se_beta__Pz,2,5,0.008695652173913044,0.7065129414625744
individual,arousal,multimodal,svr,5,5,eeg_se_delta__C3,4,5,0.017391304347826087,0.7957972464224746
individual,arousal,multimodal,svr,5,5,eeg_se_delta__C4,12,5,0.05217391304347826,1.1478115517919893
individual,arousal,multimodal,svr,5,5,eeg_se_delta__Cz,18,5,0.0782608695652174,1.4421718296703183
individual,arousal,multimodal,svr,5,5,eeg_se_delta__Fz,16,5,0.06956521739130435,1.0969927981272674
individual,arousal,multimodal,svr,5,5,eeg_se_delta__Oz,5,5,0.021739130434782608,0.8078195118554636
individual,arousal,multimodal,svr,5,5,eeg_se_delta__PO7,9,5,0.0391304347826087,1.0953371979156625
individual,arousal,multimodal,svr,5,5,eeg_se_delta__PO8,2,5,0.008695652173913044,0.7961507929801972
individual,arousal,multimodal,svr,5,5,eeg_se_delta__Pz,5,5,0.021739130434782608,0.9472157468856833
individual,arousal,multimodal,svr,5,5,eeg_se_gamma__C3,4,5,0.017391304347826087,0.8633431147667391
individual,arousal,multimodal,svr,5,5,eeg_se_gamma__C4,9,5,0.0391304347826087,1.1612884104279055
individual,arousal,multimodal,svr,5,5,eeg_se_gamma__Cz,5,5,0.021739130434782608,1.0868290014922781
individual,arousal,multimodal,svr,5,5,eeg_se_gamma__Fz,19,5,0.08260869565217391,1.5338902202548976
individual,arousal,multimodal,svr,5,5,eeg_se_gamma__Oz,11,5,0.04782608695652174,0.9953375096110936
individual,arousal,multimodal,svr,5,5,eeg_se_gamma__PO7,4,5,0.017391304347826087,0.7077108788721743
individual,arousal,multimodal,svr,5,5,eeg_se_gamma__PO8,11,5,0.04782608695652174,1.1008916826367063
individual,arousal,multimodal,svr,5,5,eeg_se_gamma__Pz,14,5,0.06086956521739131,1.3599548378750466
individual,arousal,multimodal,svr,5,5,eeg_se_theta__C3,7,5,0.030434782608695653,1.0088467792785967
individual,arousal,multimodal,svr,5,5,eeg_se_theta__C4,10,5,0.043478260869565216,1.131248260805728
individual,arousal,multimodal,svr,5,5,eeg_se_theta__Cz,13,5,0.05652173913043478,1.0453309345112243
individual,arousal,multimodal,svr,5,5,eeg_se_theta__Fz,5,5,0.021739130434782608,0.8175581622798831
individual,arousal,multimodal,svr,5,5,eeg_se_theta__Oz,9,5,0.0391304347826087,1.0097489800013733
individual,arousal,multimodal,svr,5,5,eeg_se_theta__PO7,5,5,0.021739130434782608,1.0245213206568247
individual,arousal,multimodal,svr,5,5,eeg_se_theta__PO8,9,5,0.0391304347826087,1.247553142320234
individual,arousal,multimodal,svr,5,5,eeg_se_theta__Pz,14,5,0.06086956521739131,1.182851239506684
individual,arousal,multimodal,svr,5,5,video_enso_norm_mean,15,5,0.06521739130434782,1.411031089654006
individual,arousal,multimodal,svr,5,5,video_enso_norm_std,26,5,0.11304347826086956,1.7988665309917586
individual,arousal,multimodal,svr,5,5,video_eso_norm_mean,15,5,0.06521739130434782,1.419412789371039
individual,arousal,multimodal,svr,5,5,video_eso_norm_std,21,5,0.09130434782608696,1.5407711638552695
individual,arousal,multimodal,svr,5,5,video_irisdo_norm_mean,24,5,0.10434782608695652,1.8078084545362636
individual,arousal,multimodal,svr,5,5,video_irisdo_norm_std,23,5,0.1,1.4647629812338419
individual,arousal,multimodal,svr,5,5,video_mnso_norm_mean,13,5,0.05652173913043478,1.3065502707922667
individual,arousal,multimodal,svr,5,5,video_mnso_norm_std,7,5,0.030434782608695653,1.055216600434974
individual,arousal,multimodal,svr,5,5,video_mwo_norm_mean,10,5,0.043478260869565216,1.2215965847615222
individual,arousal,multimodal,svr,5,5,video_mwo_norm_std,11,5,0.04782608695652174,1.1843624684007021
individual,arousal,multimodal,svr,all,all,eeg_bp_alpha__C3,230,5,1.0,
individual,arousal,multimodal,svr,all,all,eeg_bp_alpha__C4,230,5,1.0,
individual,arousal,multimodal,svr,all,all,eeg_bp_alpha__Cz,230,5,1.0,
individual,arousal,multimodal,svr,all,all,eeg_bp_alpha__Fz,230,5,1.0,
individual,arousal,multimodal,svr,all,all,eeg_bp_alpha__Oz,230,5,1.0,
individual,arousal,multimodal,svr,all,all,eeg_bp_alpha__PO7,230,5,1.0,
individual,arousal,multimodal,svr,all,all,eeg_bp_alpha__PO8,230,5,1.0,
individual,arousal,multimodal,svr,all,all,eeg_bp_alpha__Pz,230,5,1.0,
individual,arousal,multimodal,svr,all,all,eeg_bp_beta__C3,230,5,1.0,
individual,arousal,multimodal,svr,all,all,eeg_bp_beta__C4,230,5,1.0,
individual,arousal,multimodal,svr,all,all,eeg_bp_beta__Cz,230,5,1.0,
individual,arousal,multimodal,svr,all,all,eeg_bp_beta__Fz,230,5,1.0,
individual,arousal,multimodal,svr,all,all,eeg_bp_beta__Oz,230,5,1.0,
individual,arousal,multimodal,svr,all,all,eeg_bp_beta__PO7,230,5,1.0,
individual,arousal,multimodal,svr,all,all,eeg_bp_beta__PO8,230,5,1.0,
individual,arousal,multimodal,svr,all,all,eeg_bp_beta__Pz,230,5,1.0,
individual,arousal,multimodal,svr,all,all,eeg_bp_delta__C3,230,5,1.0,
individual,arousal,multimodal,svr,all,all,eeg_bp_delta__C4,230,5,1.0,
individual,arousal,multimodal,svr,all,all,eeg_bp_delta__Cz,230,5,1.0,
individual,arousal,multimodal,svr,all,all,eeg_bp_delta__Fz,230,5,1.0,
individual,arousal,multimodal,svr,all,all,eeg_bp_delta__Oz,230,5,1.0,
individual,arousal,multimodal,svr,all,all,eeg_bp_delta__PO7,230,5,1.0,
individual,arousal,multimodal,svr,all,all,eeg_bp_delta__PO8,230,5,1.0,
individual,arousal,multimodal,svr,all,all,eeg_bp_delta__Pz,230,5,1.0,
individual,arousal,multimodal,svr,all,all,eeg_bp_gamma__C3,230,5,1.0,
individual,arousal,multimodal,svr,all,all,eeg_bp_gamma__C4,230,5,1.0,
individual,arousal,multimodal,svr,all,all,eeg_bp_gamma__Cz,230,5,1.0,
individual,arousal,multimodal,svr,all,all,eeg_bp_gamma__Fz,230,5,1.0,
individual,arousal,multimodal,svr,all,all,eeg_bp_gamma__Oz,230,5,1.0,
individual,arousal,multimodal,svr,all,all,eeg_bp_gamma__PO7,230,5,1.0,
individual,arousal,multimodal,svr,all,all,eeg_bp_gamma__PO8,230,5,1.0,
individual,arousal,multimodal,svr,all,all,eeg_bp_gamma__Pz,230,5,1.0,
individual,arousal,multimodal,svr,all,all,eeg_bp_theta__C3,230,5,1.0,
individual,arousal,multimodal,svr,all,all,eeg_bp_theta__C4,230,5,1.0,
individual,arousal,multimodal,svr,all,all,eeg_bp_theta__Cz,230,5,1.0,
individual,arousal,multimodal,svr,all,all,eeg_bp_theta__Fz,230,5,1.0,
individual,arousal,multimodal,svr,all,all,eeg_bp_theta__Oz,230,5,1.0,
individual,arousal,multimodal,svr,all,all,eeg_bp_theta__PO7,230,5,1.0,
individual,arousal,multimodal,svr,all,all,eeg_bp_theta__PO8,230,5,1.0,
individual,arousal,multimodal,svr,all,all,eeg_bp_theta__Pz,230,5,1.0,
individual,arousal,multimodal,svr,all,all,eeg_hc__C3,230,5,1.0,
individual,arousal,multimodal,svr,all,all,eeg_hc__C4,230,5,1.0,
individual,arousal,multimodal,svr,all,all,eeg_hc__Cz,230,5,1.0,
individual,arousal,multimodal,svr,all,all,eeg_hc__Fz,230,5,1.0,
individual,arousal,multimodal,svr,all,all,eeg_hc__Oz,230,5,1.0,
individual,arousal,multimodal,svr,all,all,eeg_hc__PO7,230,5,1.0,
individual,arousal,multimodal,svr,all,all,eeg_hc__PO8,230,5,1.0,
individual,arousal,multimodal,svr,all,all,eeg_hc__Pz,230,5,1.0,
individual,arousal,multimodal,svr,all,all,eeg_hm__C3,230,5,1.0,
individual,arousal,multimodal,svr,all,all,eeg_hm__C4,230,5,1.0,
individual,arousal,multimodal,svr,all,all,eeg_hm__Cz,230,5,1.0,
individual,arousal,multimodal,svr,all,all,eeg_hm__Fz,230,5,1.0,
individual,arousal,multimodal,svr,all,all,eeg_hm__Oz,230,5,1.0,
individual,arousal,multimodal,svr,all,all,eeg_hm__PO7,230,5,1.0,
individual,arousal,multimodal,svr,all,all,eeg_hm__PO8,230,5,1.0,
individual,arousal,multimodal,svr,all,all,eeg_hm__Pz,230,5,1.0,
individual,arousal,multimodal,svr,all,all,eeg_mf_hz__C3,230,5,1.0,
individual,arousal,multimodal,svr,all,all,eeg_mf_hz__C4,230,5,1.0,
individual,arousal,multimodal,svr,all,all,eeg_mf_hz__Cz,230,5,1.0,
individual,arousal,multimodal,svr,all,all,eeg_mf_hz__Fz,230,5,1.0,
individual,arousal,multimodal,svr,all,all,eeg_mf_hz__Oz,230,5,1.0,
individual,arousal,multimodal,svr,all,all,eeg_mf_hz__PO7,230,5,1.0,
individual,arousal,multimodal,svr,all,all,eeg_mf_hz__PO8,230,5,1.0,
individual,arousal,multimodal,svr,all,all,eeg_mf_hz__Pz,230,5,1.0,
individual,arousal,multimodal,svr,all,all,eeg_sd__C3,230,5,1.0,
individual,arousal,multimodal,svr,all,all,eeg_sd__C4,230,5,1.0,
individual,arousal,multimodal,svr,all,all,eeg_sd__Cz,230,5,1.0,
individual,arousal,multimodal,svr,all,all,eeg_sd__Fz,230,5,1.0,
individual,arousal,multimodal,svr,all,all,eeg_sd__Oz,230,5,1.0,
individual,arousal,multimodal,svr,all,all,eeg_sd__PO7,230,5,1.0,
individual,arousal,multimodal,svr,all,all,eeg_sd__PO8,230,5,1.0,
individual,arousal,multimodal,svr,all,all,eeg_sd__Pz,230,5,1.0,
individual,arousal,multimodal,svr,all,all,eeg_se__C3,230,5,1.0,
individual,arousal,multimodal,svr,all,all,eeg_se__C4,230,5,1.0,
individual,arousal,multimodal,svr,all,all,eeg_se__Cz,230,5,1.0,
individual,arousal,multimodal,svr,all,all,eeg_se__Fz,230,5,1.0,
individual,arousal,multimodal,svr,all,all,eeg_se__Oz,230,5,1.0,
individual,arousal,multimodal,svr,all,all,eeg_se__PO7,230,5,1.0,
individual,arousal,multimodal,svr,all,all,eeg_se__PO8,230,5,1.0,
individual,arousal,multimodal,svr,all,all,eeg_se__Pz,230,5,1.0,
individual,arousal,multimodal,svr,all,all,eeg_se_alpha__C3,230,5,1.0,
individual,arousal,multimodal,svr,all,all,eeg_se_alpha__C4,230,5,1.0,
individual,arousal,multimodal,svr,all,all,eeg_se_alpha__Cz,230,5,1.0,
individual,arousal,multimodal,svr,all,all,eeg_se_alpha__Fz,230,5,1.0,
individual,arousal,multimodal,svr,all,all,eeg_se_alpha__Oz,230,5,1.0,
individual,arousal,multimodal,svr,all,all,eeg_se_alpha__PO7,230,5,1.0,
individual,arousal,multimodal,svr,all,all,eeg_se_alpha__PO8,230,5,1.0,
individual,arousal,multimodal,svr,all,all,eeg_se_alpha__Pz,230,5,1.0,
individual,arousal,multimodal,svr,all,all,eeg_se_beta__C3,230,5,1.0,
individual,arousal,multimodal,svr,all,all,eeg_se_beta__C4,230,5,1.0,
individual,arousal,multimodal,svr,all,all,eeg_se_beta__Cz,230,5,1.0,
individual,arousal,multimodal,svr,all,all,eeg_se_beta__Fz,230,5,1.0,
individual,arousal,multimodal,svr,all,all,eeg_se_beta__Oz,230,5,1.0,
individual,arousal,multimodal,svr,all,all,eeg_se_beta__PO7,230,5,1.0,
individual,arousal,multimodal,svr,all,all,eeg_se_beta__PO8,230,5,1.0,
individual,arousal,multimodal,svr,all,all,eeg_se_beta__Pz,230,5,1.0,
individual,arousal,multimodal,svr,all,all,eeg_se_delta__C3,230,5,1.0,
individual,arousal,multimodal,svr,all,all,eeg_se_delta__C4,230,5,1.0,
individual,arousal,multimodal,svr,all,all,eeg_se_delta__Cz,230,5,1.0,
individual,arousal,multimodal,svr,all,all,eeg_se_delta__Fz,230,5,1.0,
individual,arousal,multimodal,svr,all,all,eeg_se_delta__Oz,230,5,1.0,
individual,arousal,multimodal,svr,all,all,eeg_se_delta__PO7,230,5,1.0,
individual,arousal,multimodal,svr,all,all,eeg_se_delta__PO8,230,5,1.0,
individual,arousal,multimodal,svr,all,all,eeg_se_delta__Pz,230,5,1.0,
individual,arousal,multimodal,svr,all,all,eeg_se_gamma__C3,230,5,1.0,
individual,arousal,multimodal,svr,all,all,eeg_se_gamma__C4,230,5,1.0,
individual,arousal,multimodal,svr,all,all,eeg_se_gamma__Cz,230,5,1.0,
individual,arousal,multimodal,svr,all,all,eeg_se_gamma__Fz,230,5,1.0,
individual,arousal,multimodal,svr,all,all,eeg_se_gamma__Oz,230,5,1.0,
individual,arousal,multimodal,svr,all,all,eeg_se_gamma__PO7,230,5,1.0,
individual,arousal,multimodal,svr,all,all,eeg_se_gamma__PO8,230,5,1.0,
individual,arousal,multimodal,svr,all,all,eeg_se_gamma__Pz,230,5,1.0,
individual,arousal,multimodal,svr,all,all,eeg_se_theta__C3,230,5,1.0,
individual,arousal,multimodal,svr,all,all,eeg_se_theta__C4,230,5,1.0,
individual,arousal,multimodal,svr,all,all,eeg_se_theta__Cz,230,5,1.0,
individual,arousal,multimodal,svr,all,all,eeg_se_theta__Fz,230,5,1.0,
individual,arousal,multimodal,svr,all,all,eeg_se_theta__Oz,230,5,1.0,
individual,arousal,multimodal,svr,all,all,eeg_se_theta__PO7,230,5,1.0,
individual,arousal,multimodal,svr,all,all,eeg_se_theta__PO8,230,5,1.0,
individual,arousal,multimodal,svr,all,all,eeg_se_theta__Pz,230,5,1.0,
individual,arousal,multimodal,svr,all,all,video_enso_norm_mean,230,5,1.0,
individual,arousal,multimodal,svr,all,all,video_enso_norm_std,230,5,1.0,
individual,arousal,multimodal,svr,all,all,video_eso_norm_mean,230,5,1.0,
individual,arousal,multimodal,svr,all,all,video_eso_norm_std,230,5,1.0,
individual,arousal,multimodal,svr,all,all,video_irisdo_norm_mean,230,5,1.0,
individual,arousal,multimodal,svr,all,all,video_irisdo_norm_std,230,5,1.0,
individual,arousal,multimodal,svr,all,all,video_mnso_norm_mean,230,5,1.0,
individual,arousal,multimodal,svr,all,all,video_mnso_norm_std,230,5,1.0,
individual,arousal,multimodal,svr,all,all,video_mwo_norm_mean,230,5,1.0,
individual,arousal,multimodal,svr,all,all,video_mwo_norm_std,230,5,1.0,
individual,valence,eeg,knn,10,10,eeg_bp_alpha__C3,32,5,0.1391304347826087,1.401749247246441
individual,valence,eeg,knn,10,10,eeg_bp_alpha__C4,20,5,0.08695652173913043,1.0844206276974846
individual,valence,eeg,knn,10,10,eeg_bp_alpha__Cz,15,5,0.06521739130434782,1.0403087940253297
individual,valence,eeg,knn,10,10,eeg_bp_alpha__Fz,12,5,0.05217391304347826,0.9408403910282667
individual,valence,eeg,knn,10,10,eeg_bp_alpha__Oz,26,5,0.11304347826086956,1.1156215805347498
individual,valence,eeg,knn,10,10,eeg_bp_alpha__PO7,23,5,0.1,1.2265552475868111
individual,valence,eeg,knn,10,10,eeg_bp_alpha__PO8,30,5,0.13043478260869565,1.2478940231326061
individual,valence,eeg,knn,10,10,eeg_bp_alpha__Pz,7,5,0.030434782608695653,0.8341188938795013
individual,valence,eeg,knn,10,10,eeg_bp_beta__C3,20,5,0.08695652173913043,1.2110529958596967
individual,valence,eeg,knn,10,10,eeg_bp_beta__C4,20,5,0.08695652173913043,1.264271708661913
individual,valence,eeg,knn,10,10,eeg_bp_beta__Cz,10,5,0.043478260869565216,0.7169600062825849
individual,valence,eeg,knn,10,10,eeg_bp_beta__Fz,19,5,0.08260869565217391,1.2166570011864815
individual,valence,eeg,knn,10,10,eeg_bp_beta__Oz,25,5,0.10869565217391304,1.1035870157078924
individual,valence,eeg,knn,10,10,eeg_bp_beta__PO7,24,5,0.10434782608695652,1.2228301133475634
individual,valence,eeg,knn,10,10,eeg_bp_beta__PO8,18,5,0.0782608695652174,1.14747296828799
individual,valence,eeg,knn,10,10,eeg_bp_beta__Pz,17,5,0.07391304347826087,1.0870572273690622
individual,valence,eeg,knn,10,10,eeg_bp_delta__C3,17,5,0.07391304347826087,1.1733664794562741
individual,valence,eeg,knn,10,10,eeg_bp_delta__C4,12,5,0.05217391304347826,1.071723840667791
individual,valence,eeg,knn,10,10,eeg_bp_delta__Cz,16,5,0.06956521739130435,1.092314513644112
individual,valence,eeg,knn,10,10,eeg_bp_delta__Fz,24,5,0.10434782608695652,1.444839589464824
individual,valence,eeg,knn,10,10,eeg_bp_delta__Oz,8,5,0.034782608695652174,1.1884936776244936
individual,valence,eeg,knn,10,10,eeg_bp_delta__PO7,17,5,0.07391304347826087,1.3947631609537783
individual,valence,eeg,knn,10,10,eeg_bp_delta__PO8,12,5,0.05217391304347826,1.043759929157458
individual,valence,eeg,knn,10,10,eeg_bp_delta__Pz,23,5,0.1,1.4555230515122508
individual,valence,eeg,knn,10,10,eeg_bp_gamma__C3,15,5,0.06521739130434782,1.020002189692187
individual,valence,eeg,knn,10,10,eeg_bp_gamma__C4,16,5,0.06956521739130435,1.1056852202699587
individual,valence,eeg,knn,10,10,eeg_bp_gamma__Cz,17,5,0.07391304347826087,1.1406181029979414
individual,valence,eeg,knn,10,10,eeg_bp_gamma__Fz,11,5,0.04782608695652174,0.8600324808197762
individual,valence,eeg,knn,10,10,eeg_bp_gamma__Oz,13,5,0.05652173913043478,0.9747053643597989
individual,valence,eeg,knn,10,10,eeg_bp_gamma__PO7,18,5,0.0782608695652174,1.1990266248664916
individual,valence,eeg,knn,10,10,eeg_bp_gamma__PO8,22,5,0.09565217391304348,1.208775667531921
individual,valence,eeg,knn,10,10,eeg_bp_gamma__Pz,20,5,0.08695652173913043,1.3254157373398916
individual,valence,eeg,knn,10,10,eeg_bp_theta__C3,19,5,0.08260869565217391,1.163582825698584
individual,valence,eeg,knn,10,10,eeg_bp_theta__C4,12,5,0.05217391304347826,0.91911736313924
individual,valence,eeg,knn,10,10,eeg_bp_theta__Cz,20,5,0.08695652173913043,1.123966538496895
individual,valence,eeg,knn,10,10,eeg_bp_theta__Fz,12,5,0.05217391304347826,1.0893210167959244
individual,valence,eeg,knn,10,10,eeg_bp_theta__Oz,17,5,0.07391304347826087,1.0959123696028035
individual,valence,eeg,knn,10,10,eeg_bp_theta__PO7,16,5,0.06956521739130435,1.2128899464530514
individual,valence,eeg,knn,10,10,eeg_bp_theta__PO8,23,5,0.1,1.4048536160789702
individual,valence,eeg,knn,10,10,eeg_bp_theta__Pz,22,5,0.09565217391304348,1.2628352863663797
individual,valence,eeg,knn,10,10,eeg_hc__C3,24,5,0.10434782608695652,1.2005550341515576
individual,valence,eeg,knn,10,10,eeg_hc__C4,22,5,0.09565217391304348,1.2129908152547224
individual,valence,eeg,knn,10,10,eeg_hc__Cz,13,5,0.05652173913043478,0.9163482855063301
individual,valence,eeg,knn,10,10,eeg_hc__Fz,30,5,0.13043478260869565,1.4265993670421002
individual,valence,eeg,knn,10,10,eeg_hc__Oz,17,5,0.07391304347826087,1.0479586084419295
individual,valence,eeg,knn,10,10,eeg_hc__PO7,27,5,0.11739130434782609,1.3952385171976722
individual,valence,eeg,knn,10,10,eeg_hc__PO8,23,5,0.1,1.264583424509145
individual,valence,eeg,knn,10,10,eeg_hc__Pz,17,5,0.07391304347826087,1.1455329509670042
individual,valence,eeg,knn,10,10,eeg_hm__C3,22,5,0.09565217391304348,1.288995620230294
individual,valence,eeg,knn,10,10,eeg_hm__C4,15,5,0.06521739130434782,1.194335004699217
individual,valence,eeg,knn,10,10,eeg_hm__Cz,9,5,0.0391304347826087,0.919805469722968
individual,valence,eeg,knn,10,10,eeg_hm__Fz,30,5,0.13043478260869565,1.5442517336272819
individual,valence,eeg,knn,10,10,eeg_hm__Oz,20,5,0.08695652173913043,1.1982266935258385
individual,valence,eeg,knn,10,10,eeg_hm__PO7,27,5,0.11739130434782609,1.4823994014823274
individual,valence,eeg,knn,10,10,eeg_hm__PO8,22,5,0.09565217391304348,1.317960007103271
individual,valence,eeg,knn,10,10,eeg_hm__Pz,18,5,0.0782608695652174,1.2580834482340453
individual,valence,eeg,knn,10,10,eeg_mf_hz__C3,26,5,0.11304347826086956,1.366790019770489
individual,valence,eeg,knn,10,10,eeg_mf_hz__C4,22,5,0.09565217391304348,1.2231467991354883
individual,valence,eeg,knn,10,10,eeg_mf_hz__Cz,14,5,0.06086956521739131,0.8838933127729754
individual,valence,eeg,knn,10,10,eeg_mf_hz__Fz,20,5,0.08695652173913043,1.2371583990215984
individual,valence,eeg,knn,10,10,eeg_mf_hz__Oz,6,5,0.02608695652173913,0.8417334391760699
individual,valence,eeg,knn,10,10,eeg_mf_hz__PO7,25,5,0.10869565217391304,1.2447720714948312
individual,valence,eeg,knn,10,10,eeg_mf_hz__PO8,25,5,0.10869565217391304,1.442331548168884
individual,valence,eeg,knn,10,10,eeg_mf_hz__Pz,19,5,0.08260869565217391,1.1192898786425196
individual,valence,eeg,knn,10,10,eeg_sd__C3,15,5,0.06521739130434782,1.2246483261632322
individual,valence,eeg,knn,10,10,eeg_sd__C4,24,5,0.10434782608695652,1.2119725647343238
individual,valence,eeg,knn,10,10,eeg_sd__Cz,18,5,0.0782608695652174,1.1550390458698638
individual,valence,eeg,knn,10,10,eeg_sd__Fz,23,5,0.1,1.3442709750182678
individual,valence,eeg,knn,10,10,eeg_sd__Oz,8,5,0.034782608695652174,1.0728355373294716
individual,valence,eeg,knn,10,10,eeg_sd__PO7,38,5,0.16521739130434782,1.744407720096646
individual,valence,eeg,knn,10,10,eeg_sd__PO8,8,5,0.034782608695652174,1.0326693412088856
individual,valence,eeg,knn,10,10,eeg_sd__Pz,28,5,0.12173913043478261,1.4593840826719753
individual,valence,eeg,knn,10,10,eeg_se__C3,24,5,0.10434782608695652,1.344071637302436
individual,valence,eeg,knn,10,10,eeg_se__C4,15,5,0.06521739130434782,1.0487787701935722
individual,valence,eeg,knn,10,10,eeg_se__Cz,18,5,0.0782608695652174,1.1574479935253463
individual,valence,eeg,knn,10,10,eeg_se__Fz,16,5,0.06956521739130435,1.2614343793407266
individual,valence,eeg,knn,10,10,eeg_se__Oz,11,5,0.04782608695652174,1.0590102325364517
individual,valence,eeg,knn,10,10,eeg_se__PO7,19,5,0.08260869565217391,1.3443691698284923
individual,valence,eeg,knn,10,10,eeg_se__PO8,19,5,0.08260869565217391,1.3239497116353658
individual,valence,eeg,knn,10,10,eeg_se__Pz,23,5,0.1,1.3657981183739831
individual,valence,eeg,knn,10,10,eeg_se_alpha__C3,33,5,0.14347826086956522,1.297726240150444
individual,valence,eeg,knn,10,10,eeg_se_alpha__C4,17,5,0.07391304347826087,1.0620639598551997
individual,valence,eeg,knn,10,10,eeg_se_alpha__Cz,13,5,0.05652173913043478,0.8580026111871988
individual,valence,eeg,knn,10,10,eeg_se_alpha__Fz,28,5,0.12173913043478261,1.362456215732626
individual,valence,eeg,knn,10,10,eeg_se_alpha__Oz,24,5,0.10434782608695652,1.0671867427201003
individual,valence,eeg,knn,10,10,eeg_se_alpha__PO7,10,5,0.043478260869565216,0.8443020020974584
individual,valence,eeg,knn,10,10,eeg_se_alpha__PO8,15,5,0.06521739130434782,0.9147253226240836
individual,valence,eeg,knn,10,10,eeg_se_alpha__Pz,18,5,0.0782608695652174,1.0206281958788703
individual,valence,eeg,knn,10,10,eeg_se_beta__C3,19,5,0.08260869565217391,1.2322628109201665
individual,valence,eeg,knn,10,10,eeg_se_beta__C4,15,5,0.06521739130434782,0.9335122869822814
individual,valence,eeg,knn,10,10,eeg_se_beta__Cz,6,5,0.02608695652173913,0.7918478498429543
individual,valence,eeg,knn,10,10,eeg_se_beta__Fz,28,5,0.12173913043478261,1.2629730600481026
individual,valence,eeg,knn,10,10,eeg_se_beta__Oz,17,5,0.07391304347826087,1.0470219423347993
individual,valence,eeg,knn,10,10,eeg_se_beta__PO7,21,5,0.09130434782608696,1.0439045476545097
individual,valence,eeg,knn,10,10,eeg_se_beta__PO8,15,5,0.06521739130434782,0.9742622853871281
individual,valence,eeg,knn,10,10,eeg_se_beta__Pz,19,5,0.08260869565217391,0.971256280100554
individual,valence,eeg,knn,10,10,eeg_se_delta__C3,10,5,0.043478260869565216,0.9046963892696204
individual,valence,eeg,knn,10,10,eeg_se_delta__C4,16,5,0.06956521739130435,0.9773190400345125
individual,valence,eeg,knn,10,10,eeg_se_delta__Cz,21,5,0.09130434782608696,1.2187065384047642
individual,valence,eeg,knn,10,10,eeg_se_delta__Fz,24,5,0.10434782608695652,1.2280877796020586
individual,valence,eeg,knn,10,10,eeg_se_delta__Oz,18,5,0.0782608695652174,1.016404041566514
individual,valence,eeg,knn,10,10,eeg_se_delta__PO7,23,5,0.1,1.1947716382617046
individual,valence,eeg,knn,10,10,eeg_se_delta__PO8,30,5,0.13043478260869565,1.2909708747615123
individual,valence,eeg,knn,10,10,eeg_se_delta__Pz,9,5,0.0391304347826087,0.800981073362293
individual,valence,eeg,knn,10,10,eeg_se_gamma__C3,18,5,0.0782608695652174,0.9238211223527716
individual,valence,eeg,knn,10,10,eeg_se_gamma__C4,19,5,0.08260869565217391,0.9535984434951836
individual,valence,eeg,knn,10,10,eeg_se_gamma__Cz,31,5,0.13478260869565217,1.5478374960269088
individual,valence,eeg,knn,10,10,eeg_se_gamma__Fz,22,5,0.09565217391304348,1.0597380143909574
individual,valence,eeg,knn,10,10,eeg_se_gamma__Oz,20,5,0.08695652173913043,1.2464246252356408
individual,valence,eeg,knn,10,10,eeg_se_gamma__PO7,15,5,0.06521739130434782,0.9859986437569059
individual,valence,eeg,knn,10,10,eeg_se_gamma__PO8,24,5,0.10434782608695652,1.2042742366998485
individual,valence,eeg,knn,10,10,eeg_se_gamma__Pz,32,5,0.1391304347826087,1.5017394370338597
individual,valence,eeg,knn,10,10,eeg_se_theta__C3,22,5,0.09565217391304348,1.0958890823165968
individual,valence,eeg,knn,10,10,eeg_se_theta__C4,20,5,0.08695652173913043,1.0230210016953982
individual,valence,eeg,knn,10,10,eeg_se_theta__Cz,18,5,0.0782608695652174,1.0453684896949536
individual,valence,eeg,knn,10,10,eeg_se_theta__Fz,17,5,0.07391304347826087,0.8867246085307152
individual,valence,eeg,knn,10,10,eeg_se_theta__Oz,19,5,0.08260869565217391,1.0795528637903546
individual,valence,eeg,knn,10,10,eeg_se_theta__PO7,21,5,0.09130434782608696,1.1149390857030042
individual,valence,eeg,knn,10,10,eeg_se_theta__PO8,14,5,0.06086956521739131,0.9035364207907084
individual,valence,eeg,knn,10,10,eeg_se_theta__Pz,19,5,0.08260869565217391,1.0700929656310287
individual,valence,eeg,knn,20,20,eeg_bp_alpha__C3,50,5,0.21739130434782608,1.401749247246441
individual,valence,eeg,knn,20,20,eeg_bp_alpha__C4,41,5,0.1782608695652174,1.0844206276974846
individual,valence,eeg,knn,20,20,eeg_bp_alpha__Cz,35,5,0.15217391304347827,1.0403087940253297
individual,valence,eeg,knn,20,20,eeg_bp_alpha__Fz,27,5,0.11739130434782609,0.9408403910282667
individual,valence,eeg,knn,20,20,eeg_bp_alpha__Oz,41,5,0.1782608695652174,1.1156215805347498
individual,valence,eeg,knn,20,20,eeg_bp_alpha__PO7,38,5,0.16521739130434782,1.2265552475868111
individual,valence,eeg,knn,20,20,eeg_bp_alpha__PO8,52,5,0.22608695652173913,1.2478940231326061
individual,valence,eeg,knn,20,20,eeg_bp_alpha__Pz,22,5,0.09565217391304348,0.8341188938795013
individual,valence,eeg,knn,20,20,eeg_bp_beta__C3,45,5,0.1956521739130435,1.2110529958596967
individual,valence,eeg,knn,20,20,eeg_bp_beta__C4,43,5,0.18695652173913044,1.264271708661913
individual,valence,eeg,knn,20,20,eeg_bp_beta__Cz,18,5,0.0782608695652174,0.7169600062825849
individual,valence,eeg,knn,20,20,eeg_bp_beta__Fz,43,5,0.18695652173913044,1.2166570011864815
individual,valence,eeg,knn,20,20,eeg_bp_beta__Oz,40,5,0.17391304347826086,1.1035870157078924
individual,valence,eeg,knn,20,20,eeg_bp_beta__PO7,41,5,0.1782608695652174,1.2228301133475634
individual,valence,eeg,knn,20,20,eeg_bp_beta__PO8,30,5,0.13043478260869565,1.14747296828799
individual,valence,eeg,knn,20,20,eeg_bp_beta__Pz,30,5,0.13043478260869565,1.0870572273690622
individual,valence,eeg,knn,20,20,eeg_bp_delta__C3,37,5,0.1608695652173913,1.1733664794562741
individual,valence,eeg,knn,20,20,eeg_bp_delta__C4,29,5,0.12608695652173912,1.071723840667791
individual,valence,eeg,knn,20,20,eeg_bp_delta__Cz,35,5,0.15217391304347827,1.092314513644112
individual,valence,eeg,knn,20,20,eeg_bp_delta__Fz,45,5,0.1956521739130435,1.444839589464824
individual,valence,eeg,knn,20,20,eeg_bp_delta__Oz,38,5,0.16521739130434782,1.1884936776244936
individual,valence,eeg,knn,20,20,eeg_bp_delta__PO7,48,5,0.20869565217391303,1.3947631609537783
individual,valence,eeg,knn,20,20,eeg_bp_delta__PO8,31,5,0.13478260869565217,1.043759929157458
individual,valence,eeg,knn,20,20,eeg_bp_delta__Pz,53,5,0.23043478260869565,1.4555230515122508
individual,valence,eeg,knn,20,20,eeg_bp_gamma__C3,36,5,0.1565217391304348,1.020002189692187
individual,valence,eeg,knn,20,20,eeg_bp_gamma__C4,31,5,0.13478260869565217,1.1056852202699587
individual,valence,eeg,knn,20,20,eeg_bp_gamma__Cz,35,5,0.15217391304347827,1.1406181029979414
individual,valence,eeg,knn,20,20,eeg_bp_gamma__Fz,27,5,0.11739130434782609,0.8600324808197762
individual,valence,eeg,knn,20,20,eeg_bp_gamma__Oz,32,5,0.1391304347826087,0.9747053643597989
individual,valence,eeg,knn,20,20,eeg_bp_gamma__PO7,44,5,0.19130434782608696,1.1990266248664916
individual,valence,eeg,knn,20,20,eeg_bp_gamma__PO8,39,5,0.16956521739130434,1.208775667531921
individual,valence,eeg,knn,20,20,eeg_bp_gamma__Pz,46,5,0.2,1.3254157373398916
individual,valence,eeg,knn,20,20,eeg_bp_theta__C3,45,5,0.1956521739130435,1.163582825698584
individual,valence,eeg,knn,20,20,eeg_bp_theta__C4,29,5,0.12608695652173912,0.91911736313924
individual,valence,eeg,knn,20,20,eeg_bp_theta__Cz,34,5,0.14782608695652175,1.123966538496895
individual,valence,eeg,knn,20,20,eeg_bp_theta__Fz,31,5,0.13478260869565217,1.0893210167959244
individual,valence,eeg,knn,20,20,eeg_bp_theta__Oz,42,5,0.1826086956521739,1.0959123696028035
individual,valence,eeg,knn,20,20,eeg_bp_theta__PO7,41,5,0.1782608695652174,1.2128899464530514
individual,valence,eeg,knn,20,20,eeg_bp_theta__PO8,44,5,0.19130434782608696,1.4048536160789702
individual,valence,eeg,knn,20,20,eeg_bp_theta__Pz,37,5,0.1608695652173913,1.2628352863663797
individual,valence,eeg,knn,20,20,eeg_hc__C3,38,5,0.16521739130434782,1.2005550341515576
individual,valence,eeg,knn,20,20,eeg_hc__C4,36,5,0.1565217391304348,1.2129908152547224
individual,valence,eeg,knn,20,20,eeg_hc__Cz,25,5,0.10869565217391304,0.9163482855063301
individual,valence,eeg,knn,20,20,eeg_hc__Fz,48,5,0.20869565217391303,1.4265993670421002
individual,valence,eeg,knn,20,20,eeg_hc__Oz,31,5,0.13478260869565217,1.0479586084419295
individual,valence,eeg,knn,20,20,eeg_hc__PO7,36,5,0.1565217391304348,1.3952385171976722
individual,valence,eeg,knn,20,20,eeg_hc__PO8,40,5,0.17391304347826086,1.264583424509145
individual,valence,eeg,knn,20,20,eeg_hc__Pz,36,5,0.1565217391304348,1.1455329509670042
individual,valence,eeg,knn,20,20,eeg_hm__C3,39,5,0.16956521739130434,1.288995620230294
individual,valence,eeg,knn,20,20,eeg_hm__C4,39,5,0.16956521739130434,1.194335004699217
individual,valence,eeg,knn,20,20,eeg_hm__Cz,26,5,0.11304347826086956,0.919805469722968
individual,valence,eeg,knn,20,20,eeg_hm__Fz,55,5,0.2391304347826087,1.5442517336272819
individual,valence,eeg,knn,20,20,eeg_hm__Oz,39,5,0.16956521739130434,1.1982266935258385
individual,valence,eeg,knn,20,20,eeg_hm__PO7,49,5,0.21304347826086956,1.4823994014823274
individual,valence,eeg,knn,20,20,eeg_hm__PO8,39,5,0.16956521739130434,1.317960007103271
individual,valence,eeg,knn,20,20,eeg_hm__Pz,38,5,0.16521739130434782,1.2580834482340453
individual,valence,eeg,knn,20,20,eeg_mf_hz__C3,53,5,0.23043478260869565,1.366790019770489
individual,valence,eeg,knn,20,20,eeg_mf_hz__C4,47,5,0.20434782608695654,1.2231467991354883
individual,valence,eeg,knn,20,20,eeg_mf_hz__Cz,31,5,0.13478260869565217,0.8838933127729754
individual,valence,eeg,knn,20,20,eeg_mf_hz__Fz,36,5,0.1565217391304348,1.2371583990215984
individual,valence,eeg,knn,20,20,eeg_mf_hz__Oz,17,5,0.07391304347826087,0.8417334391760699
individual,valence,eeg,knn,20,20,eeg_mf_hz__PO7,48,5,0.20869565217391303,1.2447720714948312
individual,valence,eeg,knn,20,20,eeg_mf_hz__PO8,51,5,0.2217391304347826,1.442331548168884
individual,valence,eeg,knn,20,20,eeg_mf_hz__Pz,42,5,0.1826086956521739,1.1192898786425196
individual,valence,eeg,knn,20,20,eeg_sd__C3,44,5,0.19130434782608696,1.2246483261632322
individual,valence,eeg,knn,20,20,eeg_sd__C4,45,5,0.1956521739130435,1.2119725647343238
individual,valence,eeg,knn,20,20,eeg_sd__Cz,45,5,0.1956521739130435,1.1550390458698638
individual,valence,eeg,knn,20,20,eeg_sd__Fz,35,5,0.15217391304347827,1.3442709750182678
individual,valence,eeg,knn,20,20,eeg_sd__Oz,25,5,0.10869565217391304,1.0728355373294716
individual,valence,eeg,knn,20,20,eeg_sd__PO7,69,5,0.3,1.744407720096646
individual,valence,eeg,knn,20,20,eeg_sd__PO8,29,5,0.12608695652173912,1.0326693412088856
individual,valence,eeg,knn,20,20,eeg_sd__Pz,56,5,0.24347826086956523,1.4593840826719753
individual,valence,eeg,knn,20,20,eeg_se__C3,45,5,0.1956521739130435,1.344071637302436
individual,valence,eeg,knn,20,20,eeg_se__C4,26,5,0.11304347826086956,1.0487787701935722
individual,valence,eeg,knn,20,20,eeg_se__Cz,41,5,0.1782608695652174,1.1574479935253463
individual,valence,eeg,knn,20,20,eeg_se__Fz,39,5,0.16956521739130434,1.2614343793407266
individual,valence,eeg,knn,20,20,eeg_se__Oz,30,5,0.13043478260869565,1.0590102325364517
individual,valence,eeg,knn,20,20,eeg_se__PO7,47,5,0.20434782608695654,1.3443691698284923
individual,valence,eeg,knn,20,20,eeg_se__PO8,37,5,0.1608695652173913,1.3239497116353658
individual,valence,eeg,knn,20,20,eeg_se__Pz,46,5,0.2,1.3657981183739831
individual,valence,eeg,knn,20,20,eeg_se_alpha__C3,56,5,0.24347826086956523,1.297726240150444
individual,valence,eeg,knn,20,20,eeg_se_alpha__C4,32,5,0.1391304347826087,1.0620639598551997
individual,valence,eeg,knn,20,20,eeg_se_alpha__Cz,27,5,0.11739130434782609,0.8580026111871988
individual,valence,eeg,knn,20,20,eeg_se_alpha__Fz,46,5,0.2,1.362456215732626
individual,valence,eeg,knn,20,20,eeg_se_alpha__Oz,42,5,0.1826086956521739,1.0671867427201003
individual,valence,eeg,knn,20,20,eeg_se_alpha__PO7,31,5,0.13478260869565217,0.8443020020974584
individual,valence,eeg,knn,20,20,eeg_se_alpha__PO8,31,5,0.13478260869565217,0.9147253226240836
individual,valence,eeg,knn,20,20,eeg_se_alpha__Pz,38,5,0.16521739130434782,1.0206281958788703
individual,valence,eeg,knn,20,20,eeg_se_beta__C3,46,5,0.2,1.2322628109201665
individual,valence,eeg,knn,20,20,eeg_se_beta__C4,28,5,0.12173913043478261,0.9335122869822814
individual,valence,eeg,knn,20,20,eeg_se_beta__Cz,22,5,0.09565217391304348,0.7918478498429543
individual,valence,eeg,knn,20,20,eeg_se_beta__Fz,46,5,0.2,1.2629730600481026
individual,valence,eeg,knn,20,20,eeg_se_beta__Oz,33,5,0.14347826086956522,1.0470219423347993
individual,valence,eeg,knn,20,20,eeg_se_beta__PO7,38,5,0.16521739130434782,1.0439045476545097
individual,valence,eeg,knn,20,20,eeg_se_beta__PO8,26,5,0.11304347826086956,0.9742622853871281
individual,valence,eeg,knn,20,20,eeg_se_beta__Pz,30,5,0.13043478260869565,0.971256280100554
individual,valence,eeg,knn,20,20,eeg_se_delta__C3,32,5,0.1391304347826087,0.9046963892696204
individual,valence,eeg,knn,20,20,eeg_se_delta__C4,33,5,0.14347826086956522,0.9773190400345125
individual,valence,eeg,knn,20,20,eeg_se_delta__Cz,48,5,0.20869565217391303,1.2187065384047642
individual,valence,eeg,knn,20,20,eeg_se_delta__Fz,42,5,0.1826086956521739,1.2280877796020586
individual,valence,eeg,knn,20,20,eeg_se_delta__Oz,38,5,0.16521739130434782,1.016404041566514
individual,valence,eeg,knn,20,20,eeg_se_delta__PO7,46,5,0.2,1.1947716382617046
individual,valence,eeg,knn,20,20,eeg_se_delta__PO8,50,5,0.21739130434782608,1.2909708747615123
individual,valence,eeg,knn,20,20,eeg_se_delta__Pz,20,5,0.08695652173913043,0.800981073362293
individual,valence,eeg,knn,20,20,eeg_se_gamma__C3,32,5,0.1391304347826087,0.9238211223527716
individual,valence,eeg,knn,20,20,eeg_se_gamma__C4,32,5,0.1391304347826087,0.9535984434951836
individual,valence,eeg,knn,20,20,eeg_se_gamma__Cz,50,5,0.21739130434782608,1.5478374960269088
individual,valence,eeg,knn,20,20,eeg_se_gamma__Fz,31,5,0.13478260869565217,1.0597380143909574
individual,valence,eeg,knn,20,20,eeg_se_gamma__Oz,39,5,0.16956521739130434,1.2464246252356408
individual,valence,eeg,knn,20,20,eeg_se_gamma__PO7,32,5,0.1391304347826087,0.9859986437569059
individual,valence,eeg,knn,20,20,eeg_se_gamma__PO8,43,5,0.18695652173913044,1.2042742366998485
individual,valence,eeg,knn,20,20,eeg_se_gamma__Pz,58,5,0.25217391304347825,1.5017394370338597
individual,valence,eeg,knn,20,20,eeg_se_theta__C3,37,5,0.1608695652173913,1.0958890823165968
individual,valence,eeg,knn,20,20,eeg_se_theta__C4,44,5,0.19130434782608696,1.0230210016953982
individual,valence,eeg,knn,20,20,eeg_se_theta__Cz,33,5,0.14347826086956522,1.0453684896949536
individual,valence,eeg,knn,20,20,eeg_se_theta__Fz,30,5,0.13043478260869565,0.8867246085307152
individual,valence,eeg,knn,20,20,eeg_se_theta__Oz,41,5,0.1782608695652174,1.0795528637903546
individual,valence,eeg,knn,20,20,eeg_se_theta__PO7,34,5,0.14782608695652175,1.1149390857030042
individual,valence,eeg,knn,20,20,eeg_se_theta__PO8,34,5,0.14782608695652175,0.9035364207907084
individual,valence,eeg,knn,20,20,eeg_se_theta__Pz,46,5,0.2,1.0700929656310287
individual,valence,eeg,knn,5,5,eeg_bp_alpha__C3,23,5,0.1,1.401749247246441
individual,valence,eeg,knn,5,5,eeg_bp_alpha__C4,11,5,0.04782608695652174,1.0844206276974846
individual,valence,eeg,knn,5,5,eeg_bp_alpha__Cz,9,5,0.0391304347826087,1.0403087940253297
individual,valence,eeg,knn,5,5,eeg_bp_alpha__Fz,5,5,0.021739130434782608,0.9408403910282667
individual,valence,eeg,knn,5,5,eeg_bp_alpha__Oz,11,5,0.04782608695652174,1.1156215805347498
individual,valence,eeg,knn,5,5,eeg_bp_alpha__PO7,12,5,0.05217391304347826,1.2265552475868111
individual,valence,eeg,knn,5,5,eeg_bp_alpha__PO8,17,5,0.07391304347826087,1.2478940231326061
individual,valence,eeg,knn,5,5,eeg_bp_alpha__Pz,4,5,0.017391304347826087,0.8341188938795013
individual,valence,eeg,knn,5,5,eeg_bp_beta__C3,6,5,0.02608695652173913,1.2110529958596967
individual,valence,eeg,knn,5,5,eeg_bp_beta__C4,11,5,0.04782608695652174,1.264271708661913
individual,valence,eeg,knn,5,5,eeg_bp_beta__Cz,4,5,0.017391304347826087,0.7169600062825849
individual,valence,eeg,knn,5,5,eeg_bp_beta__Fz,9,5,0.0391304347826087,1.2166570011864815
individual,valence,eeg,knn,5,5,eeg_bp_beta__Oz,13,5,0.05652173913043478,1.1035870157078924
individual,valence,eeg,knn,5,5,eeg_bp_beta__PO7,9,5,0.0391304347826087,1.2228301133475634
individual,valence,eeg,knn,5,5,eeg_bp_beta__PO8,8,5,0.034782608695652174,1.14747296828799
individual,valence,eeg,knn,5,5,eeg_bp_beta__Pz,12,5,0.05217391304347826,1.0870572273690622
individual,valence,eeg,knn,5,5,eeg_bp_delta__C3,10,5,0.043478260869565216,1.1733664794562741
individual,valence,eeg,knn,5,5,eeg_bp_delta__C4,6,5,0.02608695652173913,1.071723840667791
individual,valence,eeg,knn,5,5,eeg_bp_delta__Cz,5,5,0.021739130434782608,1.092314513644112
individual,valence,eeg,knn,5,5,eeg_bp_delta__Fz,13,5,0.05652173913043478,1.444839589464824
individual,valence,eeg,knn,5,5,eeg_bp_delta__Oz,4,5,0.017391304347826087,1.1884936776244936
individual,valence,eeg,knn,5,5,eeg_bp_delta__PO7,6,5,0.02608695652173913,1.3947631609537783
individual,valence,eeg,knn,5,5,eeg_bp_delta__PO8,3,5,0.013043478260869565,1.043759929157458
individual,valence,eeg,knn,5,5,eeg_bp_delta__Pz,13,5,0.05652173913043478,1.4555230515122508
individual,valence,eeg,knn,5,5,eeg_bp_gamma__C3,7,5,0.030434782608695653,1.020002189692187
individual,valence,eeg,knn,5,5,eeg_bp_gamma__C4,8,5,0.034782608695652174,1.1056852202699587
individual,valence,eeg,knn,5,5,eeg_bp_gamma__Cz,10,5,0.043478260869565216,1.1406181029979414
individual,valence,eeg,knn,5,5,eeg_bp_gamma__Fz,3,5,0.013043478260869565,0.8600324808197762
individual,valence,eeg,knn,5,5,eeg_bp_gamma__Oz,8,5,0.034782608695652174,0.9747053643597989
individual,valence,eeg,knn,5,5,eeg_bp_gamma__PO7,8,5,0.034782608695652174,1.1990266248664916
individual,valence,eeg,knn,5,5,eeg_bp_gamma__PO8,13,5,0.05652173913043478,1.208775667531921
individual,valence,eeg,knn,5,5,eeg_bp_gamma__Pz,13,5,0.05652173913043478,1.3254157373398916
individual,valence,eeg,knn,5,5,eeg_bp_theta__C3,8,5,0.034782608695652174,1.163582825698584
individual,valence,eeg,knn,5,5,eeg_bp_theta__C4,6,5,0.02608695652173913,0.91911736313924
individual,valence,eeg,knn,5,5,eeg_bp_theta__Cz,8,5,0.034782608695652174,1.123966538496895
individual,valence,eeg,knn,5,5,eeg_bp_theta__Fz,7,5,0.030434782608695653,1.0893210167959244
individual,valence,eeg,knn,5,5,eeg_bp_theta__Oz,2,5,0.008695652173913044,1.0959123696028035
individual,valence,eeg,knn,5,5,eeg_bp_theta__PO7,5,5,0.021739130434782608,1.2128899464530514
individual,valence,eeg,knn,5,5,eeg_bp_theta__PO8,8,5,0.034782608695652174,1.4048536160789702
individual,valence,eeg,knn,5,5,eeg_bp_theta__Pz,11,5,0.04782608695652174,1.2628352863663797
individual,valence,eeg,knn,5,5,eeg_hc__C3,14,5,0.06086956521739131,1.2005550341515576
individual,valence,eeg,knn,5,5,eeg_hc__C4,8,5,0.034782608695652174,1.2129908152547224
individual,valence,eeg,knn,5,5,eeg_hc__Cz,8,5,0.034782608695652174,0.9163482855063301
individual,valence,eeg,knn,5,5,eeg_hc__Fz,18,5,0.0782608695652174,1.4265993670421002
individual,valence,eeg,knn,5,5,eeg_hc__Oz,5,5,0.021739130434782608,1.0479586084419295
individual,valence,eeg,knn,5,5,eeg_hc__PO7,18,5,0.0782608695652174,1.3952385171976722
individual,valence,eeg,knn,5,5,eeg_hc__PO8,9,5,0.0391304347826087,1.264583424509145
individual,valence,eeg,knn,5,5,eeg_hc__Pz,7,5,0.030434782608695653,1.1455329509670042
individual,valence,eeg,knn,5,5,eeg_hm__C3,14,5,0.06086956521739131,1.288995620230294
individual,valence,eeg,knn,5,5,eeg_hm__C4,8,5,0.034782608695652174,1.194335004699217
individual,valence,eeg,knn,5,5,eeg_hm__Cz,4,5,0.017391304347826087,0.919805469722968
individual,valence,eeg,knn,5,5,eeg_hm__Fz,12,5,0.05217391304347826,1.5442517336272819
individual,valence,eeg,knn,5,5,eeg_hm__Oz,11,5,0.04782608695652174,1.1982266935258385
individual,valence,eeg,knn,5,5,eeg_hm__PO7,17,5,0.07391304347826087,1.4823994014823274
individual,valence,eeg,knn,5,5,eeg_hm__PO8,10,5,0.043478260869565216,1.317960007103271
individual,valence,eeg,knn,5,5,eeg_hm__Pz,8,5,0.034782608695652174,1.2580834482340453
individual,valence,eeg,knn,5,5,eeg_mf_hz__C3,8,5,0.034782608695652174,1.366790019770489
individual,valence,eeg,knn,5,5,eeg_mf_hz__C4,12,5,0.05217391304347826,1.2231467991354883
individual,valence,eeg,knn,5,5,eeg_mf_hz__Cz,5,5,0.021739130434782608,0.8838933127729754
individual,valence,eeg,knn,5,5,eeg_mf_hz__Fz,9,5,0.0391304347826087,1.2371583990215984
individual,valence,eeg,knn,5,5,eeg_mf_hz__Oz,3,5,0.013043478260869565,0.8417334391760699
individual,valence,eeg,knn,5,5,eeg_mf_hz__PO7,12,5,0.05217391304347826,1.2447720714948312
individual,valence,eeg,knn,5,5,eeg_mf_hz__PO8,13,5,0.05652173913043478,1.442331548168884
individual,valence,eeg,knn,5,5,eeg_mf_hz__Pz,8,5,0.034782608695652174,1.1192898786425196
individual,valence,eeg,knn,5,5,eeg_sd__C3,5,5,0.021739130434782608,1.2246483261632322
individual,valence,eeg,knn,5,5,eeg_sd__C4,6,5,0.02608695652173913,1.2119725647343238
individual,valence,eeg,knn,5,5,eeg_sd__Cz,9,5,0.0391304347826087,1.1550390458698638
individual,valence,eeg,knn,5,5,eeg_sd__Fz,14,5,0.06086956521739131,1.3442709750182678
individual,valence,eeg,knn,5,5,eeg_sd__Oz,1,5,0.004347826086956522,1.0728355373294716
individual,valence,eeg,knn,5,5,eeg_sd__PO7,14,5,0.06086956521739131,1.744407720096646
individual,valence,eeg,knn,5,5,eeg_sd__PO8,2,5,0.008695652173913044,1.0326693412088856
individual,valence,eeg,knn,5,5,eeg_sd__Pz,11,5,0.04782608695652174,1.4593840826719753
individual,valence,eeg,knn,5,5,eeg_se__C3,14,5,0.06086956521739131,1.344071637302436
individual,valence,eeg,knn,5,5,eeg_se__C4,10,5,0.043478260869565216,1.0487787701935722
individual,valence,eeg,knn,5,5,eeg_se__Cz,6,5,0.02608695652173913,1.1574479935253463
individual,valence,eeg,knn,5,5,eeg_se__Fz,4,5,0.017391304347826087,1.2614343793407266
individual,valence,eeg,knn,5,5,eeg_se__Oz,5,5,0.021739130434782608,1.0590102325364517
individual,valence,eeg,knn,5,5,eeg_se__PO7,12,5,0.05217391304347826,1.3443691698284923
individual,valence,eeg,knn,5,5,eeg_se__PO8,11,5,0.04782608695652174,1.3239497116353658
individual,valence,eeg,knn,5,5,eeg_se__Pz,14,5,0.06086956521739131,1.3657981183739831
individual,valence,eeg,knn,5,5,eeg_se_alpha__C3,17,5,0.07391304347826087,1.297726240150444
individual,valence,eeg,knn,5,5,eeg_se_alpha__C4,7,5,0.030434782608695653,1.0620639598551997
individual,valence,eeg,knn,5,5,eeg_se_alpha__Cz,4,5,0.017391304347826087,0.8580026111871988
individual,valence,eeg,knn,5,5,eeg_se_alpha__Fz,20,5,0.08695652173913043,1.362456215732626
individual,valence,eeg,knn,5,5,eeg_se_alpha__Oz,12,5,0.05217391304347826,1.0671867427201003
individual,valence,eeg,knn,5,5,eeg_se_alpha__PO7,4,5,0.017391304347826087,0.8443020020974584
individual,valence,eeg,knn,5,5,eeg_se_alpha__PO8,4,5,0.017391304347826087,0.9147253226240836
individual,valence,eeg,knn,5,5,eeg_se_alpha__Pz,13,5,0.05652173913043478,1.0206281958788703
individual,valence,eeg,knn,5,5,eeg_se_beta__C3,13,5,0.05652173913043478,1.2322628109201665
individual,valence,eeg,knn,5,5,eeg_se_beta__C4,7,5,0.030434782608695653,0.9335122869822814
individual,valence,eeg,knn,5,5,eeg_se_beta__Cz,3,5,0.013043478260869565,0.7918478498429543
individual,valence,eeg,knn,5,5,eeg_se_beta__Fz,14,5,0.06086956521739131,1.2629730600481026
individual,valence,eeg,knn,5,5,eeg_se_beta__Oz,10,5,0.043478260869565216,1.0470219423347993
individual,valence,eeg,knn,5,5,eeg_se_beta__PO7,12,5,0.05217391304347826,1.0439045476545097
individual,valence,eeg,knn,5,5,eeg_se_beta__PO8,10,5,0.043478260869565216,0.9742622853871281
individual,valence,eeg,knn,5,5,eeg_se_beta__Pz,8,5,0.034782608695652174,0.971256280100554
individual,valence,eeg,knn,5,5,eeg_se_delta__C3,4,5,0.017391304347826087,0.9046963892696204
individual,valence,eeg,knn,5,5,eeg_se_delta__C4,6,5,0.02608695652173913,0.9773190400345125
individual,valence,eeg,knn,5,5,eeg_se_delta__Cz,11,5,0.04782608695652174,1.2187065384047642
individual,valence,eeg,knn,5,5,eeg_se_delta__Fz,17,5,0.07391304347826087,1.2280877796020586
individual,valence,eeg,knn,5,5,eeg_se_delta__Oz,6,5,0.02608695652173913,1.016404041566514
individual,valence,eeg,knn,5,5,eeg_se_delta__PO7,12,5,0.05217391304347826,1.1947716382617046
individual,valence,eeg,knn,5,5,eeg_se_delta__PO8,19,5,0.08260869565217391,1.2909708747615123
individual,valence,eeg,knn,5,5,eeg_se_delta__Pz,3,5,0.013043478260869565,0.800981073362293
individual,valence,eeg,knn,5,5,eeg_se_gamma__C3,6,5,0.02608695652173913,0.9238211223527716
individual,valence,eeg,knn,5,5,eeg_se_gamma__C4,13,5,0.05652173913043478,0.9535984434951836
individual,valence,eeg,knn,5,5,eeg_se_gamma__Cz,24,5,0.10434782608695652,1.5478374960269088
individual,valence,eeg,knn,5,5,eeg_se_gamma__Fz,12,5,0.05217391304347826,1.0597380143909574
individual,valence,eeg,knn,5,5,eeg_se_gamma__Oz,13,5,0.05652173913043478,1.2464246252356408
individual,valence,eeg,knn,5,5,eeg_se_gamma__PO7,11,5,0.04782608695652174,0.9859986437569059
individual,valence,eeg,knn,5,5,eeg_se_gamma__PO8,11,5,0.04782608695652174,1.2042742366998485
individual,valence,eeg,knn,5,5,eeg_se_gamma__Pz,16,5,0.06956521739130435,1.5017394370338597
individual,valence,eeg,knn,5,5,eeg_se_theta__C3,14,5,0.06086956521739131,1.0958890823165968
individual,valence,eeg,knn,5,5,eeg_se_theta__C4,5,5,0.021739130434782608,1.0230210016953982
individual,valence,eeg,knn,5,5,eeg_se_theta__Cz,12,5,0.05217391304347826,1.0453684896949536
individual,valence,eeg,knn,5,5,eeg_se_theta__Fz,11,5,0.04782608695652174,0.8867246085307152
individual,valence,eeg,knn,5,5,eeg_se_theta__Oz,9,5,0.0391304347826087,1.0795528637903546
individual,valence,eeg,knn,5,5,eeg_se_theta__PO7,14,5,0.06086956521739131,1.1149390857030042
individual,valence,eeg,knn,5,5,eeg_se_theta__PO8,5,5,0.021739130434782608,0.9035364207907084
individual,valence,eeg,knn,5,5,eeg_se_theta__Pz,10,5,0.043478260869565216,1.0700929656310287
individual,valence,eeg,knn,all,all,eeg_bp_alpha__C3,230,5,1.0,
individual,valence,eeg,knn,all,all,eeg_bp_alpha__C4,230,5,1.0,
individual,valence,eeg,knn,all,all,eeg_bp_alpha__Cz,230,5,1.0,
individual,valence,eeg,knn,all,all,eeg_bp_alpha__Fz,230,5,1.0,
individual,valence,eeg,knn,all,all,eeg_bp_alpha__Oz,230,5,1.0,
individual,valence,eeg,knn,all,all,eeg_bp_alpha__PO7,230,5,1.0,
individual,valence,eeg,knn,all,all,eeg_bp_alpha__PO8,230,5,1.0,
individual,valence,eeg,knn,all,all,eeg_bp_alpha__Pz,230,5,1.0,
individual,valence,eeg,knn,all,all,eeg_bp_beta__C3,230,5,1.0,
individual,valence,eeg,knn,all,all,eeg_bp_beta__C4,230,5,1.0,
individual,valence,eeg,knn,all,all,eeg_bp_beta__Cz,230,5,1.0,
individual,valence,eeg,knn,all,all,eeg_bp_beta__Fz,230,5,1.0,
individual,valence,eeg,knn,all,all,eeg_bp_beta__Oz,230,5,1.0,
individual,valence,eeg,knn,all,all,eeg_bp_beta__PO7,230,5,1.0,
individual,valence,eeg,knn,all,all,eeg_bp_beta__PO8,230,5,1.0,
individual,valence,eeg,knn,all,all,eeg_bp_beta__Pz,230,5,1.0,
individual,valence,eeg,knn,all,all,eeg_bp_delta__C3,230,5,1.0,
individual,valence,eeg,knn,all,all,eeg_bp_delta__C4,230,5,1.0,
individual,valence,eeg,knn,all,all,eeg_bp_delta__Cz,230,5,1.0,
individual,valence,eeg,knn,all,all,eeg_bp_delta__Fz,230,5,1.0,
individual,valence,eeg,knn,all,all,eeg_bp_delta__Oz,230,5,1.0,
individual,valence,eeg,knn,all,all,eeg_bp_delta__PO7,230,5,1.0,
individual,valence,eeg,knn,all,all,eeg_bp_delta__PO8,230,5,1.0,
individual,valence,eeg,knn,all,all,eeg_bp_delta__Pz,230,5,1.0,
individual,valence,eeg,knn,all,all,eeg_bp_gamma__C3,230,5,1.0,
individual,valence,eeg,knn,all,all,eeg_bp_gamma__C4,230,5,1.0,
individual,valence,eeg,knn,all,all,eeg_bp_gamma__Cz,230,5,1.0,
individual,valence,eeg,knn,all,all,eeg_bp_gamma__Fz,230,5,1.0,
individual,valence,eeg,knn,all,all,eeg_bp_gamma__Oz,230,5,1.0,
individual,valence,eeg,knn,all,all,eeg_bp_gamma__PO7,230,5,1.0,
individual,valence,eeg,knn,all,all,eeg_bp_gamma__PO8,230,5,1.0,
individual,valence,eeg,knn,all,all,eeg_bp_gamma__Pz,230,5,1.0,
individual,valence,eeg,knn,all,all,eeg_bp_theta__C3,230,5,1.0,
individual,valence,eeg,knn,all,all,eeg_bp_theta__C4,230,5,1.0,
individual,valence,eeg,knn,all,all,eeg_bp_theta__Cz,230,5,1.0,
individual,valence,eeg,knn,all,all,eeg_bp_theta__Fz,230,5,1.0,
individual,valence,eeg,knn,all,all,eeg_bp_theta__Oz,230,5,1.0,
individual,valence,eeg,knn,all,all,eeg_bp_theta__PO7,230,5,1.0,
individual,valence,eeg,knn,all,all,eeg_bp_theta__PO8,230,5,1.0,
individual,valence,eeg,knn,all,all,eeg_bp_theta__Pz,230,5,1.0,
individual,valence,eeg,knn,all,all,eeg_hc__C3,230,5,1.0,
individual,valence,eeg,knn,all,all,eeg_hc__C4,230,5,1.0,
individual,valence,eeg,knn,all,all,eeg_hc__Cz,230,5,1.0,
individual,valence,eeg,knn,all,all,eeg_hc__Fz,230,5,1.0,
individual,valence,eeg,knn,all,all,eeg_hc__Oz,230,5,1.0,
individual,valence,eeg,knn,all,all,eeg_hc__PO7,230,5,1.0,
individual,valence,eeg,knn,all,all,eeg_hc__PO8,230,5,1.0,
individual,valence,eeg,knn,all,all,eeg_hc__Pz,230,5,1.0,
individual,valence,eeg,knn,all,all,eeg_hm__C3,230,5,1.0,
individual,valence,eeg,knn,all,all,eeg_hm__C4,230,5,1.0,
individual,valence,eeg,knn,all,all,eeg_hm__Cz,230,5,1.0,
individual,valence,eeg,knn,all,all,eeg_hm__Fz,230,5,1.0,
individual,valence,eeg,knn,all,all,eeg_hm__Oz,230,5,1.0,
individual,valence,eeg,knn,all,all,eeg_hm__PO7,230,5,1.0,
individual,valence,eeg,knn,all,all,eeg_hm__PO8,230,5,1.0,
individual,valence,eeg,knn,all,all,eeg_hm__Pz,230,5,1.0,
individual,valence,eeg,knn,all,all,eeg_mf_hz__C3,230,5,1.0,
individual,valence,eeg,knn,all,all,eeg_mf_hz__C4,230,5,1.0,
individual,valence,eeg,knn,all,all,eeg_mf_hz__Cz,230,5,1.0,
individual,valence,eeg,knn,all,all,eeg_mf_hz__Fz,230,5,1.0,
individual,valence,eeg,knn,all,all,eeg_mf_hz__Oz,230,5,1.0,
individual,valence,eeg,knn,all,all,eeg_mf_hz__PO7,230,5,1.0,
individual,valence,eeg,knn,all,all,eeg_mf_hz__PO8,230,5,1.0,
individual,valence,eeg,knn,all,all,eeg_mf_hz__Pz,230,5,1.0,
individual,valence,eeg,knn,all,all,eeg_sd__C3,230,5,1.0,
individual,valence,eeg,knn,all,all,eeg_sd__C4,230,5,1.0,
individual,valence,eeg,knn,all,all,eeg_sd__Cz,230,5,1.0,
individual,valence,eeg,knn,all,all,eeg_sd__Fz,230,5,1.0,
individual,valence,eeg,knn,all,all,eeg_sd__Oz,230,5,1.0,
individual,valence,eeg,knn,all,all,eeg_sd__PO7,230,5,1.0,
individual,valence,eeg,knn,all,all,eeg_sd__PO8,230,5,1.0,
individual,valence,eeg,knn,all,all,eeg_sd__Pz,230,5,1.0,
individual,valence,eeg,knn,all,all,eeg_se__C3,230,5,1.0,
individual,valence,eeg,knn,all,all,eeg_se__C4,230,5,1.0,
individual,valence,eeg,knn,all,all,eeg_se__Cz,230,5,1.0,
individual,valence,eeg,knn,all,all,eeg_se__Fz,230,5,1.0,
individual,valence,eeg,knn,all,all,eeg_se__Oz,230,5,1.0,
individual,valence,eeg,knn,all,all,eeg_se__PO7,230,5,1.0,
individual,valence,eeg,knn,all,all,eeg_se__PO8,230,5,1.0,
individual,valence,eeg,knn,all,all,eeg_se__Pz,230,5,1.0,
individual,valence,eeg,knn,all,all,eeg_se_alpha__C3,230,5,1.0,
individual,valence,eeg,knn,all,all,eeg_se_alpha__C4,230,5,1.0,
individual,valence,eeg,knn,all,all,eeg_se_alpha__Cz,230,5,1.0,
individual,valence,eeg,knn,all,all,eeg_se_alpha__Fz,230,5,1.0,
individual,valence,eeg,knn,all,all,eeg_se_alpha__Oz,230,5,1.0,
individual,valence,eeg,knn,all,all,eeg_se_alpha__PO7,230,5,1.0,
individual,valence,eeg,knn,all,all,eeg_se_alpha__PO8,230,5,1.0,
individual,valence,eeg,knn,all,all,eeg_se_alpha__Pz,230,5,1.0,
individual,valence,eeg,knn,all,all,eeg_se_beta__C3,230,5,1.0,
individual,valence,eeg,knn,all,all,eeg_se_beta__C4,230,5,1.0,
individual,valence,eeg,knn,all,all,eeg_se_beta__Cz,230,5,1.0,
individual,valence,eeg,knn,all,all,eeg_se_beta__Fz,230,5,1.0,
individual,valence,eeg,knn,all,all,eeg_se_beta__Oz,230,5,1.0,
individual,valence,eeg,knn,all,all,eeg_se_beta__PO7,230,5,1.0,
individual,valence,eeg,knn,all,all,eeg_se_beta__PO8,230,5,1.0,
individual,valence,eeg,knn,all,all,eeg_se_beta__Pz,230,5,1.0,
individual,valence,eeg,knn,all,all,eeg_se_delta__C3,230,5,1.0,
individual,valence,eeg,knn,all,all,eeg_se_delta__C4,230,5,1.0,
individual,valence,eeg,knn,all,all,eeg_se_delta__Cz,230,5,1.0,
individual,valence,eeg,knn,all,all,eeg_se_delta__Fz,230,5,1.0,
individual,valence,eeg,knn,all,all,eeg_se_delta__Oz,230,5,1.0,
individual,valence,eeg,knn,all,all,eeg_se_delta__PO7,230,5,1.0,
individual,valence,eeg,knn,all,all,eeg_se_delta__PO8,230,5,1.0,
individual,valence,eeg,knn,all,all,eeg_se_delta__Pz,230,5,1.0,
individual,valence,eeg,knn,all,all,eeg_se_gamma__C3,230,5,1.0,
individual,valence,eeg,knn,all,all,eeg_se_gamma__C4,230,5,1.0,
individual,valence,eeg,knn,all,all,eeg_se_gamma__Cz,230,5,1.0,
individual,valence,eeg,knn,all,all,eeg_se_gamma__Fz,230,5,1.0,
individual,valence,eeg,knn,all,all,eeg_se_gamma__Oz,230,5,1.0,
individual,valence,eeg,knn,all,all,eeg_se_gamma__PO7,230,5,1.0,
individual,valence,eeg,knn,all,all,eeg_se_gamma__PO8,230,5,1.0,
individual,valence,eeg,knn,all,all,eeg_se_gamma__Pz,230,5,1.0,
individual,valence,eeg,knn,all,all,eeg_se_theta__C3,230,5,1.0,
individual,valence,eeg,knn,all,all,eeg_se_theta__C4,230,5,1.0,
individual,valence,eeg,knn,all,all,eeg_se_theta__Cz,230,5,1.0,
individual,valence,eeg,knn,all,all,eeg_se_theta__Fz,230,5,1.0,
individual,valence,eeg,knn,all,all,eeg_se_theta__Oz,230,5,1.0,
individual,valence,eeg,knn,all,all,eeg_se_theta__PO7,230,5,1.0,
individual,valence,eeg,knn,all,all,eeg_se_theta__PO8,230,5,1.0,
individual,valence,eeg,knn,all,all,eeg_se_theta__Pz,230,5,1.0,
individual,valence,eeg,ridge,10,10,eeg_bp_alpha__C3,32,5,0.1391304347826087,1.401749247246441
individual,valence,eeg,ridge,10,10,eeg_bp_alpha__C4,20,5,0.08695652173913043,1.0844206276974846
individual,valence,eeg,ridge,10,10,eeg_bp_alpha__Cz,15,5,0.06521739130434782,1.0403087940253297
individual,valence,eeg,ridge,10,10,eeg_bp_alpha__Fz,12,5,0.05217391304347826,0.9408403910282667
individual,valence,eeg,ridge,10,10,eeg_bp_alpha__Oz,26,5,0.11304347826086956,1.1156215805347498
individual,valence,eeg,ridge,10,10,eeg_bp_alpha__PO7,23,5,0.1,1.2265552475868111
individual,valence,eeg,ridge,10,10,eeg_bp_alpha__PO8,30,5,0.13043478260869565,1.2478940231326061
individual,valence,eeg,ridge,10,10,eeg_bp_alpha__Pz,7,5,0.030434782608695653,0.8341188938795013
individual,valence,eeg,ridge,10,10,eeg_bp_beta__C3,20,5,0.08695652173913043,1.2110529958596967
individual,valence,eeg,ridge,10,10,eeg_bp_beta__C4,20,5,0.08695652173913043,1.264271708661913
individual,valence,eeg,ridge,10,10,eeg_bp_beta__Cz,10,5,0.043478260869565216,0.7169600062825849
individual,valence,eeg,ridge,10,10,eeg_bp_beta__Fz,19,5,0.08260869565217391,1.2166570011864815
individual,valence,eeg,ridge,10,10,eeg_bp_beta__Oz,25,5,0.10869565217391304,1.1035870157078924
individual,valence,eeg,ridge,10,10,eeg_bp_beta__PO7,24,5,0.10434782608695652,1.2228301133475634
individual,valence,eeg,ridge,10,10,eeg_bp_beta__PO8,18,5,0.0782608695652174,1.14747296828799
individual,valence,eeg,ridge,10,10,eeg_bp_beta__Pz,17,5,0.07391304347826087,1.0870572273690622
individual,valence,eeg,ridge,10,10,eeg_bp_delta__C3,17,5,0.07391304347826087,1.1733664794562741
individual,valence,eeg,ridge,10,10,eeg_bp_delta__C4,12,5,0.05217391304347826,1.071723840667791
individual,valence,eeg,ridge,10,10,eeg_bp_delta__Cz,16,5,0.06956521739130435,1.092314513644112
individual,valence,eeg,ridge,10,10,eeg_bp_delta__Fz,24,5,0.10434782608695652,1.444839589464824
individual,valence,eeg,ridge,10,10,eeg_bp_delta__Oz,8,5,0.034782608695652174,1.1884936776244936
individual,valence,eeg,ridge,10,10,eeg_bp_delta__PO7,17,5,0.07391304347826087,1.3947631609537783
individual,valence,eeg,ridge,10,10,eeg_bp_delta__PO8,12,5,0.05217391304347826,1.043759929157458
individual,valence,eeg,ridge,10,10,eeg_bp_delta__Pz,23,5,0.1,1.4555230515122508
individual,valence,eeg,ridge,10,10,eeg_bp_gamma__C3,15,5,0.06521739130434782,1.020002189692187
individual,valence,eeg,ridge,10,10,eeg_bp_gamma__C4,16,5,0.06956521739130435,1.1056852202699587
individual,valence,eeg,ridge,10,10,eeg_bp_gamma__Cz,17,5,0.07391304347826087,1.1406181029979414
individual,valence,eeg,ridge,10,10,eeg_bp_gamma__Fz,11,5,0.04782608695652174,0.8600324808197762
individual,valence,eeg,ridge,10,10,eeg_bp_gamma__Oz,13,5,0.05652173913043478,0.9747053643597989
individual,valence,eeg,ridge,10,10,eeg_bp_gamma__PO7,18,5,0.0782608695652174,1.1990266248664916
individual,valence,eeg,ridge,10,10,eeg_bp_gamma__PO8,22,5,0.09565217391304348,1.208775667531921
individual,valence,eeg,ridge,10,10,eeg_bp_gamma__Pz,20,5,0.08695652173913043,1.3254157373398916
individual,valence,eeg,ridge,10,10,eeg_bp_theta__C3,19,5,0.08260869565217391,1.163582825698584
individual,valence,eeg,ridge,10,10,eeg_bp_theta__C4,12,5,0.05217391304347826,0.91911736313924
individual,valence,eeg,ridge,10,10,eeg_bp_theta__Cz,20,5,0.08695652173913043,1.123966538496895
individual,valence,eeg,ridge,10,10,eeg_bp_theta__Fz,12,5,0.05217391304347826,1.0893210167959244
individual,valence,eeg,ridge,10,10,eeg_bp_theta__Oz,17,5,0.07391304347826087,1.0959123696028035
individual,valence,eeg,ridge,10,10,eeg_bp_theta__PO7,16,5,0.06956521739130435,1.2128899464530514
individual,valence,eeg,ridge,10,10,eeg_bp_theta__PO8,23,5,0.1,1.4048536160789702
individual,valence,eeg,ridge,10,10,eeg_bp_theta__Pz,22,5,0.09565217391304348,1.2628352863663797
individual,valence,eeg,ridge,10,10,eeg_hc__C3,24,5,0.10434782608695652,1.2005550341515576
individual,valence,eeg,ridge,10,10,eeg_hc__C4,22,5,0.09565217391304348,1.2129908152547224
individual,valence,eeg,ridge,10,10,eeg_hc__Cz,13,5,0.05652173913043478,0.9163482855063301
individual,valence,eeg,ridge,10,10,eeg_hc__Fz,30,5,0.13043478260869565,1.4265993670421002
individual,valence,eeg,ridge,10,10,eeg_hc__Oz,17,5,0.07391304347826087,1.0479586084419295
individual,valence,eeg,ridge,10,10,eeg_hc__PO7,27,5,0.11739130434782609,1.3952385171976722
individual,valence,eeg,ridge,10,10,eeg_hc__PO8,23,5,0.1,1.264583424509145
individual,valence,eeg,ridge,10,10,eeg_hc__Pz,17,5,0.07391304347826087,1.1455329509670042
individual,valence,eeg,ridge,10,10,eeg_hm__C3,22,5,0.09565217391304348,1.288995620230294
individual,valence,eeg,ridge,10,10,eeg_hm__C4,15,5,0.06521739130434782,1.194335004699217
individual,valence,eeg,ridge,10,10,eeg_hm__Cz,9,5,0.0391304347826087,0.919805469722968
individual,valence,eeg,ridge,10,10,eeg_hm__Fz,30,5,0.13043478260869565,1.5442517336272819
individual,valence,eeg,ridge,10,10,eeg_hm__Oz,20,5,0.08695652173913043,1.1982266935258385
individual,valence,eeg,ridge,10,10,eeg_hm__PO7,27,5,0.11739130434782609,1.4823994014823274
individual,valence,eeg,ridge,10,10,eeg_hm__PO8,22,5,0.09565217391304348,1.317960007103271
individual,valence,eeg,ridge,10,10,eeg_hm__Pz,18,5,0.0782608695652174,1.2580834482340453
individual,valence,eeg,ridge,10,10,eeg_mf_hz__C3,26,5,0.11304347826086956,1.366790019770489
individual,valence,eeg,ridge,10,10,eeg_mf_hz__C4,22,5,0.09565217391304348,1.2231467991354883
individual,valence,eeg,ridge,10,10,eeg_mf_hz__Cz,14,5,0.06086956521739131,0.8838933127729754
individual,valence,eeg,ridge,10,10,eeg_mf_hz__Fz,20,5,0.08695652173913043,1.2371583990215984
individual,valence,eeg,ridge,10,10,eeg_mf_hz__Oz,6,5,0.02608695652173913,0.8417334391760699
individual,valence,eeg,ridge,10,10,eeg_mf_hz__PO7,25,5,0.10869565217391304,1.2447720714948312
individual,valence,eeg,ridge,10,10,eeg_mf_hz__PO8,25,5,0.10869565217391304,1.442331548168884
individual,valence,eeg,ridge,10,10,eeg_mf_hz__Pz,19,5,0.08260869565217391,1.1192898786425196
individual,valence,eeg,ridge,10,10,eeg_sd__C3,15,5,0.06521739130434782,1.2246483261632322
individual,valence,eeg,ridge,10,10,eeg_sd__C4,24,5,0.10434782608695652,1.2119725647343238
individual,valence,eeg,ridge,10,10,eeg_sd__Cz,18,5,0.0782608695652174,1.1550390458698638
individual,valence,eeg,ridge,10,10,eeg_sd__Fz,23,5,0.1,1.3442709750182678
individual,valence,eeg,ridge,10,10,eeg_sd__Oz,8,5,0.034782608695652174,1.0728355373294716
individual,valence,eeg,ridge,10,10,eeg_sd__PO7,38,5,0.16521739130434782,1.744407720096646
individual,valence,eeg,ridge,10,10,eeg_sd__PO8,8,5,0.034782608695652174,1.0326693412088856
individual,valence,eeg,ridge,10,10,eeg_sd__Pz,28,5,0.12173913043478261,1.4593840826719753
individual,valence,eeg,ridge,10,10,eeg_se__C3,24,5,0.10434782608695652,1.344071637302436
individual,valence,eeg,ridge,10,10,eeg_se__C4,15,5,0.06521739130434782,1.0487787701935722
individual,valence,eeg,ridge,10,10,eeg_se__Cz,18,5,0.0782608695652174,1.1574479935253463
individual,valence,eeg,ridge,10,10,eeg_se__Fz,16,5,0.06956521739130435,1.2614343793407266
individual,valence,eeg,ridge,10,10,eeg_se__Oz,11,5,0.04782608695652174,1.0590102325364517
individual,valence,eeg,ridge,10,10,eeg_se__PO7,19,5,0.08260869565217391,1.3443691698284923
individual,valence,eeg,ridge,10,10,eeg_se__PO8,19,5,0.08260869565217391,1.3239497116353658
individual,valence,eeg,ridge,10,10,eeg_se__Pz,23,5,0.1,1.3657981183739831
individual,valence,eeg,ridge,10,10,eeg_se_alpha__C3,33,5,0.14347826086956522,1.297726240150444
individual,valence,eeg,ridge,10,10,eeg_se_alpha__C4,17,5,0.07391304347826087,1.0620639598551997
individual,valence,eeg,ridge,10,10,eeg_se_alpha__Cz,13,5,0.05652173913043478,0.8580026111871988
individual,valence,eeg,ridge,10,10,eeg_se_alpha__Fz,28,5,0.12173913043478261,1.362456215732626
individual,valence,eeg,ridge,10,10,eeg_se_alpha__Oz,24,5,0.10434782608695652,1.0671867427201003
individual,valence,eeg,ridge,10,10,eeg_se_alpha__PO7,10,5,0.043478260869565216,0.8443020020974584
individual,valence,eeg,ridge,10,10,eeg_se_alpha__PO8,15,5,0.06521739130434782,0.9147253226240836
individual,valence,eeg,ridge,10,10,eeg_se_alpha__Pz,18,5,0.0782608695652174,1.0206281958788703
individual,valence,eeg,ridge,10,10,eeg_se_beta__C3,19,5,0.08260869565217391,1.2322628109201665
individual,valence,eeg,ridge,10,10,eeg_se_beta__C4,15,5,0.06521739130434782,0.9335122869822814
individual,valence,eeg,ridge,10,10,eeg_se_beta__Cz,6,5,0.02608695652173913,0.7918478498429543
individual,valence,eeg,ridge,10,10,eeg_se_beta__Fz,28,5,0.12173913043478261,1.2629730600481026
individual,valence,eeg,ridge,10,10,eeg_se_beta__Oz,17,5,0.07391304347826087,1.0470219423347993
individual,valence,eeg,ridge,10,10,eeg_se_beta__PO7,21,5,0.09130434782608696,1.0439045476545097
individual,valence,eeg,ridge,10,10,eeg_se_beta__PO8,15,5,0.06521739130434782,0.9742622853871281
individual,valence,eeg,ridge,10,10,eeg_se_beta__Pz,19,5,0.08260869565217391,0.971256280100554
individual,valence,eeg,ridge,10,10,eeg_se_delta__C3,10,5,0.043478260869565216,0.9046963892696204
individual,valence,eeg,ridge,10,10,eeg_se_delta__C4,16,5,0.06956521739130435,0.9773190400345125
individual,valence,eeg,ridge,10,10,eeg_se_delta__Cz,21,5,0.09130434782608696,1.2187065384047642
individual,valence,eeg,ridge,10,10,eeg_se_delta__Fz,24,5,0.10434782608695652,1.2280877796020586
individual,valence,eeg,ridge,10,10,eeg_se_delta__Oz,18,5,0.0782608695652174,1.016404041566514
individual,valence,eeg,ridge,10,10,eeg_se_delta__PO7,23,5,0.1,1.1947716382617046
individual,valence,eeg,ridge,10,10,eeg_se_delta__PO8,30,5,0.13043478260869565,1.2909708747615123
individual,valence,eeg,ridge,10,10,eeg_se_delta__Pz,9,5,0.0391304347826087,0.800981073362293
individual,valence,eeg,ridge,10,10,eeg_se_gamma__C3,18,5,0.0782608695652174,0.9238211223527716
individual,valence,eeg,ridge,10,10,eeg_se_gamma__C4,19,5,0.08260869565217391,0.9535984434951836
individual,valence,eeg,ridge,10,10,eeg_se_gamma__Cz,31,5,0.13478260869565217,1.5478374960269088
individual,valence,eeg,ridge,10,10,eeg_se_gamma__Fz,22,5,0.09565217391304348,1.0597380143909574
individual,valence,eeg,ridge,10,10,eeg_se_gamma__Oz,20,5,0.08695652173913043,1.2464246252356408
individual,valence,eeg,ridge,10,10,eeg_se_gamma__PO7,15,5,0.06521739130434782,0.9859986437569059
individual,valence,eeg,ridge,10,10,eeg_se_gamma__PO8,24,5,0.10434782608695652,1.2042742366998485
individual,valence,eeg,ridge,10,10,eeg_se_gamma__Pz,32,5,0.1391304347826087,1.5017394370338597
individual,valence,eeg,ridge,10,10,eeg_se_theta__C3,22,5,0.09565217391304348,1.0958890823165968
individual,valence,eeg,ridge,10,10,eeg_se_theta__C4,20,5,0.08695652173913043,1.0230210016953982
individual,valence,eeg,ridge,10,10,eeg_se_theta__Cz,18,5,0.0782608695652174,1.0453684896949536
individual,valence,eeg,ridge,10,10,eeg_se_theta__Fz,17,5,0.07391304347826087,0.8867246085307152
individual,valence,eeg,ridge,10,10,eeg_se_theta__Oz,19,5,0.08260869565217391,1.0795528637903546
individual,valence,eeg,ridge,10,10,eeg_se_theta__PO7,21,5,0.09130434782608696,1.1149390857030042
individual,valence,eeg,ridge,10,10,eeg_se_theta__PO8,14,5,0.06086956521739131,0.9035364207907084
individual,valence,eeg,ridge,10,10,eeg_se_theta__Pz,19,5,0.08260869565217391,1.0700929656310287
individual,valence,eeg,ridge,20,20,eeg_bp_alpha__C3,50,5,0.21739130434782608,1.401749247246441
individual,valence,eeg,ridge,20,20,eeg_bp_alpha__C4,41,5,0.1782608695652174,1.0844206276974846
individual,valence,eeg,ridge,20,20,eeg_bp_alpha__Cz,35,5,0.15217391304347827,1.0403087940253297
individual,valence,eeg,ridge,20,20,eeg_bp_alpha__Fz,27,5,0.11739130434782609,0.9408403910282667
individual,valence,eeg,ridge,20,20,eeg_bp_alpha__Oz,41,5,0.1782608695652174,1.1156215805347498
individual,valence,eeg,ridge,20,20,eeg_bp_alpha__PO7,38,5,0.16521739130434782,1.2265552475868111
individual,valence,eeg,ridge,20,20,eeg_bp_alpha__PO8,52,5,0.22608695652173913,1.2478940231326061
individual,valence,eeg,ridge,20,20,eeg_bp_alpha__Pz,22,5,0.09565217391304348,0.8341188938795013
individual,valence,eeg,ridge,20,20,eeg_bp_beta__C3,45,5,0.1956521739130435,1.2110529958596967
individual,valence,eeg,ridge,20,20,eeg_bp_beta__C4,43,5,0.18695652173913044,1.264271708661913
individual,valence,eeg,ridge,20,20,eeg_bp_beta__Cz,18,5,0.0782608695652174,0.7169600062825849
individual,valence,eeg,ridge,20,20,eeg_bp_beta__Fz,43,5,0.18695652173913044,1.2166570011864815
individual,valence,eeg,ridge,20,20,eeg_bp_beta__Oz,40,5,0.17391304347826086,1.1035870157078924
individual,valence,eeg,ridge,20,20,eeg_bp_beta__PO7,41,5,0.1782608695652174,1.2228301133475634
individual,valence,eeg,ridge,20,20,eeg_bp_beta__PO8,30,5,0.13043478260869565,1.14747296828799
individual,valence,eeg,ridge,20,20,eeg_bp_beta__Pz,30,5,0.13043478260869565,1.0870572273690622
individual,valence,eeg,ridge,20,20,eeg_bp_delta__C3,37,5,0.1608695652173913,1.1733664794562741
individual,valence,eeg,ridge,20,20,eeg_bp_delta__C4,29,5,0.12608695652173912,1.071723840667791
individual,valence,eeg,ridge,20,20,eeg_bp_delta__Cz,35,5,0.15217391304347827,1.092314513644112
individual,valence,eeg,ridge,20,20,eeg_bp_delta__Fz,45,5,0.1956521739130435,1.444839589464824
individual,valence,eeg,ridge,20,20,eeg_bp_delta__Oz,38,5,0.16521739130434782,1.1884936776244936
individual,valence,eeg,ridge,20,20,eeg_bp_delta__PO7,48,5,0.20869565217391303,1.3947631609537783
individual,valence,eeg,ridge,20,20,eeg_bp_delta__PO8,31,5,0.13478260869565217,1.043759929157458
individual,valence,eeg,ridge,20,20,eeg_bp_delta__Pz,53,5,0.23043478260869565,1.4555230515122508
individual,valence,eeg,ridge,20,20,eeg_bp_gamma__C3,36,5,0.1565217391304348,1.020002189692187
individual,valence,eeg,ridge,20,20,eeg_bp_gamma__C4,31,5,0.13478260869565217,1.1056852202699587
individual,valence,eeg,ridge,20,20,eeg_bp_gamma__Cz,35,5,0.15217391304347827,1.1406181029979414
individual,valence,eeg,ridge,20,20,eeg_bp_gamma__Fz,27,5,0.11739130434782609,0.8600324808197762
individual,valence,eeg,ridge,20,20,eeg_bp_gamma__Oz,32,5,0.1391304347826087,0.9747053643597989
individual,valence,eeg,ridge,20,20,eeg_bp_gamma__PO7,44,5,0.19130434782608696,1.1990266248664916
individual,valence,eeg,ridge,20,20,eeg_bp_gamma__PO8,39,5,0.16956521739130434,1.208775667531921
individual,valence,eeg,ridge,20,20,eeg_bp_gamma__Pz,46,5,0.2,1.3254157373398916
individual,valence,eeg,ridge,20,20,eeg_bp_theta__C3,45,5,0.1956521739130435,1.163582825698584
individual,valence,eeg,ridge,20,20,eeg_bp_theta__C4,29,5,0.12608695652173912,0.91911736313924
individual,valence,eeg,ridge,20,20,eeg_bp_theta__Cz,34,5,0.14782608695652175,1.123966538496895
individual,valence,eeg,ridge,20,20,eeg_bp_theta__Fz,31,5,0.13478260869565217,1.0893210167959244
individual,valence,eeg,ridge,20,20,eeg_bp_theta__Oz,42,5,0.1826086956521739,1.0959123696028035
individual,valence,eeg,ridge,20,20,eeg_bp_theta__PO7,41,5,0.1782608695652174,1.2128899464530514
individual,valence,eeg,ridge,20,20,eeg_bp_theta__PO8,44,5,0.19130434782608696,1.4048536160789702
individual,valence,eeg,ridge,20,20,eeg_bp_theta__Pz,37,5,0.1608695652173913,1.2628352863663797
individual,valence,eeg,ridge,20,20,eeg_hc__C3,38,5,0.16521739130434782,1.2005550341515576
individual,valence,eeg,ridge,20,20,eeg_hc__C4,36,5,0.1565217391304348,1.2129908152547224
individual,valence,eeg,ridge,20,20,eeg_hc__Cz,25,5,0.10869565217391304,0.9163482855063301
individual,valence,eeg,ridge,20,20,eeg_hc__Fz,48,5,0.20869565217391303,1.4265993670421002
individual,valence,eeg,ridge,20,20,eeg_hc__Oz,31,5,0.13478260869565217,1.0479586084419295
individual,valence,eeg,ridge,20,20,eeg_hc__PO7,36,5,0.1565217391304348,1.3952385171976722
individual,valence,eeg,ridge,20,20,eeg_hc__PO8,40,5,0.17391304347826086,1.264583424509145
individual,valence,eeg,ridge,20,20,eeg_hc__Pz,36,5,0.1565217391304348,1.1455329509670042
individual,valence,eeg,ridge,20,20,eeg_hm__C3,39,5,0.16956521739130434,1.288995620230294
individual,valence,eeg,ridge,20,20,eeg_hm__C4,39,5,0.16956521739130434,1.194335004699217
individual,valence,eeg,ridge,20,20,eeg_hm__Cz,26,5,0.11304347826086956,0.919805469722968
individual,valence,eeg,ridge,20,20,eeg_hm__Fz,55,5,0.2391304347826087,1.5442517336272819
individual,valence,eeg,ridge,20,20,eeg_hm__Oz,39,5,0.16956521739130434,1.1982266935258385
individual,valence,eeg,ridge,20,20,eeg_hm__PO7,49,5,0.21304347826086956,1.4823994014823274
individual,valence,eeg,ridge,20,20,eeg_hm__PO8,39,5,0.16956521739130434,1.317960007103271
individual,valence,eeg,ridge,20,20,eeg_hm__Pz,38,5,0.16521739130434782,1.2580834482340453
individual,valence,eeg,ridge,20,20,eeg_mf_hz__C3,53,5,0.23043478260869565,1.366790019770489
individual,valence,eeg,ridge,20,20,eeg_mf_hz__C4,47,5,0.20434782608695654,1.2231467991354883
individual,valence,eeg,ridge,20,20,eeg_mf_hz__Cz,31,5,0.13478260869565217,0.8838933127729754
individual,valence,eeg,ridge,20,20,eeg_mf_hz__Fz,36,5,0.1565217391304348,1.2371583990215984
individual,valence,eeg,ridge,20,20,eeg_mf_hz__Oz,17,5,0.07391304347826087,0.8417334391760699
individual,valence,eeg,ridge,20,20,eeg_mf_hz__PO7,48,5,0.20869565217391303,1.2447720714948312
individual,valence,eeg,ridge,20,20,eeg_mf_hz__PO8,51,5,0.2217391304347826,1.442331548168884
individual,valence,eeg,ridge,20,20,eeg_mf_hz__Pz,42,5,0.1826086956521739,1.1192898786425196
individual,valence,eeg,ridge,20,20,eeg_sd__C3,44,5,0.19130434782608696,1.2246483261632322
individual,valence,eeg,ridge,20,20,eeg_sd__C4,45,5,0.1956521739130435,1.2119725647343238
individual,valence,eeg,ridge,20,20,eeg_sd__Cz,45,5,0.1956521739130435,1.1550390458698638
individual,valence,eeg,ridge,20,20,eeg_sd__Fz,35,5,0.15217391304347827,1.3442709750182678
individual,valence,eeg,ridge,20,20,eeg_sd__Oz,25,5,0.10869565217391304,1.0728355373294716
individual,valence,eeg,ridge,20,20,eeg_sd__PO7,69,5,0.3,1.744407720096646
individual,valence,eeg,ridge,20,20,eeg_sd__PO8,29,5,0.12608695652173912,1.0326693412088856
individual,valence,eeg,ridge,20,20,eeg_sd__Pz,56,5,0.24347826086956523,1.4593840826719753
individual,valence,eeg,ridge,20,20,eeg_se__C3,45,5,0.1956521739130435,1.344071637302436
individual,valence,eeg,ridge,20,20,eeg_se__C4,26,5,0.11304347826086956,1.0487787701935722
individual,valence,eeg,ridge,20,20,eeg_se__Cz,41,5,0.1782608695652174,1.1574479935253463
individual,valence,eeg,ridge,20,20,eeg_se__Fz,39,5,0.16956521739130434,1.2614343793407266
individual,valence,eeg,ridge,20,20,eeg_se__Oz,30,5,0.13043478260869565,1.0590102325364517
individual,valence,eeg,ridge,20,20,eeg_se__PO7,47,5,0.20434782608695654,1.3443691698284923
individual,valence,eeg,ridge,20,20,eeg_se__PO8,37,5,0.1608695652173913,1.3239497116353658
individual,valence,eeg,ridge,20,20,eeg_se__Pz,46,5,0.2,1.3657981183739831
individual,valence,eeg,ridge,20,20,eeg_se_alpha__C3,56,5,0.24347826086956523,1.297726240150444
individual,valence,eeg,ridge,20,20,eeg_se_alpha__C4,32,5,0.1391304347826087,1.0620639598551997
individual,valence,eeg,ridge,20,20,eeg_se_alpha__Cz,27,5,0.11739130434782609,0.8580026111871988
individual,valence,eeg,ridge,20,20,eeg_se_alpha__Fz,46,5,0.2,1.362456215732626
individual,valence,eeg,ridge,20,20,eeg_se_alpha__Oz,42,5,0.1826086956521739,1.0671867427201003
individual,valence,eeg,ridge,20,20,eeg_se_alpha__PO7,31,5,0.13478260869565217,0.8443020020974584
individual,valence,eeg,ridge,20,20,eeg_se_alpha__PO8,31,5,0.13478260869565217,0.9147253226240836
individual,valence,eeg,ridge,20,20,eeg_se_alpha__Pz,38,5,0.16521739130434782,1.0206281958788703
individual,valence,eeg,ridge,20,20,eeg_se_beta__C3,46,5,0.2,1.2322628109201665
individual,valence,eeg,ridge,20,20,eeg_se_beta__C4,28,5,0.12173913043478261,0.9335122869822814
individual,valence,eeg,ridge,20,20,eeg_se_beta__Cz,22,5,0.09565217391304348,0.7918478498429543
individual,valence,eeg,ridge,20,20,eeg_se_beta__Fz,46,5,0.2,1.2629730600481026
individual,valence,eeg,ridge,20,20,eeg_se_beta__Oz,33,5,0.14347826086956522,1.0470219423347993
individual,valence,eeg,ridge,20,20,eeg_se_beta__PO7,38,5,0.16521739130434782,1.0439045476545097
individual,valence,eeg,ridge,20,20,eeg_se_beta__PO8,26,5,0.11304347826086956,0.9742622853871281
individual,valence,eeg,ridge,20,20,eeg_se_beta__Pz,30,5,0.13043478260869565,0.971256280100554
individual,valence,eeg,ridge,20,20,eeg_se_delta__C3,32,5,0.1391304347826087,0.9046963892696204
individual,valence,eeg,ridge,20,20,eeg_se_delta__C4,33,5,0.14347826086956522,0.9773190400345125
individual,valence,eeg,ridge,20,20,eeg_se_delta__Cz,48,5,0.20869565217391303,1.2187065384047642
individual,valence,eeg,ridge,20,20,eeg_se_delta__Fz,42,5,0.1826086956521739,1.2280877796020586
individual,valence,eeg,ridge,20,20,eeg_se_delta__Oz,38,5,0.16521739130434782,1.016404041566514
individual,valence,eeg,ridge,20,20,eeg_se_delta__PO7,46,5,0.2,1.1947716382617046
individual,valence,eeg,ridge,20,20,eeg_se_delta__PO8,50,5,0.21739130434782608,1.2909708747615123
individual,valence,eeg,ridge,20,20,eeg_se_delta__Pz,20,5,0.08695652173913043,0.800981073362293
individual,valence,eeg,ridge,20,20,eeg_se_gamma__C3,32,5,0.1391304347826087,0.9238211223527716
individual,valence,eeg,ridge,20,20,eeg_se_gamma__C4,32,5,0.1391304347826087,0.9535984434951836
individual,valence,eeg,ridge,20,20,eeg_se_gamma__Cz,50,5,0.21739130434782608,1.5478374960269088
individual,valence,eeg,ridge,20,20,eeg_se_gamma__Fz,31,5,0.13478260869565217,1.0597380143909574
individual,valence,eeg,ridge,20,20,eeg_se_gamma__Oz,39,5,0.16956521739130434,1.2464246252356408
individual,valence,eeg,ridge,20,20,eeg_se_gamma__PO7,32,5,0.1391304347826087,0.9859986437569059
individual,valence,eeg,ridge,20,20,eeg_se_gamma__PO8,43,5,0.18695652173913044,1.2042742366998485
individual,valence,eeg,ridge,20,20,eeg_se_gamma__Pz,58,5,0.25217391304347825,1.5017394370338597
individual,valence,eeg,ridge,20,20,eeg_se_theta__C3,37,5,0.1608695652173913,1.0958890823165968
individual,valence,eeg,ridge,20,20,eeg_se_theta__C4,44,5,0.19130434782608696,1.0230210016953982
individual,valence,eeg,ridge,20,20,eeg_se_theta__Cz,33,5,0.14347826086956522,1.0453684896949536
individual,valence,eeg,ridge,20,20,eeg_se_theta__Fz,30,5,0.13043478260869565,0.8867246085307152
individual,valence,eeg,ridge,20,20,eeg_se_theta__Oz,41,5,0.1782608695652174,1.0795528637903546
individual,valence,eeg,ridge,20,20,eeg_se_theta__PO7,34,5,0.14782608695652175,1.1149390857030042
individual,valence,eeg,ridge,20,20,eeg_se_theta__PO8,34,5,0.14782608695652175,0.9035364207907084
individual,valence,eeg,ridge,20,20,eeg_se_theta__Pz,46,5,0.2,1.0700929656310287
individual,valence,eeg,ridge,5,5,eeg_bp_alpha__C3,23,5,0.1,1.401749247246441
individual,valence,eeg,ridge,5,5,eeg_bp_alpha__C4,11,5,0.04782608695652174,1.0844206276974846
individual,valence,eeg,ridge,5,5,eeg_bp_alpha__Cz,9,5,0.0391304347826087,1.0403087940253297
individual,valence,eeg,ridge,5,5,eeg_bp_alpha__Fz,5,5,0.021739130434782608,0.9408403910282667
individual,valence,eeg,ridge,5,5,eeg_bp_alpha__Oz,11,5,0.04782608695652174,1.1156215805347498
individual,valence,eeg,ridge,5,5,eeg_bp_alpha__PO7,12,5,0.05217391304347826,1.2265552475868111
individual,valence,eeg,ridge,5,5,eeg_bp_alpha__PO8,17,5,0.07391304347826087,1.2478940231326061
individual,valence,eeg,ridge,5,5,eeg_bp_alpha__Pz,4,5,0.017391304347826087,0.8341188938795013
individual,valence,eeg,ridge,5,5,eeg_bp_beta__C3,6,5,0.02608695652173913,1.2110529958596967
individual,valence,eeg,ridge,5,5,eeg_bp_beta__C4,11,5,0.04782608695652174,1.264271708661913
individual,valence,eeg,ridge,5,5,eeg_bp_beta__Cz,4,5,0.017391304347826087,0.7169600062825849
individual,valence,eeg,ridge,5,5,eeg_bp_beta__Fz,9,5,0.0391304347826087,1.2166570011864815
individual,valence,eeg,ridge,5,5,eeg_bp_beta__Oz,13,5,0.05652173913043478,1.1035870157078924
individual,valence,eeg,ridge,5,5,eeg_bp_beta__PO7,9,5,0.0391304347826087,1.2228301133475634
individual,valence,eeg,ridge,5,5,eeg_bp_beta__PO8,8,5,0.034782608695652174,1.14747296828799
individual,valence,eeg,ridge,5,5,eeg_bp_beta__Pz,12,5,0.05217391304347826,1.0870572273690622
individual,valence,eeg,ridge,5,5,eeg_bp_delta__C3,10,5,0.043478260869565216,1.1733664794562741
individual,valence,eeg,ridge,5,5,eeg_bp_delta__C4,6,5,0.02608695652173913,1.071723840667791
individual,valence,eeg,ridge,5,5,eeg_bp_delta__Cz,5,5,0.021739130434782608,1.092314513644112
individual,valence,eeg,ridge,5,5,eeg_bp_delta__Fz,13,5,0.05652173913043478,1.444839589464824
individual,valence,eeg,ridge,5,5,eeg_bp_delta__Oz,4,5,0.017391304347826087,1.1884936776244936
individual,valence,eeg,ridge,5,5,eeg_bp_delta__PO7,6,5,0.02608695652173913,1.3947631609537783
individual,valence,eeg,ridge,5,5,eeg_bp_delta__PO8,3,5,0.013043478260869565,1.043759929157458
individual,valence,eeg,ridge,5,5,eeg_bp_delta__Pz,13,5,0.05652173913043478,1.4555230515122508
individual,valence,eeg,ridge,5,5,eeg_bp_gamma__C3,7,5,0.030434782608695653,1.020002189692187
individual,valence,eeg,ridge,5,5,eeg_bp_gamma__C4,8,5,0.034782608695652174,1.1056852202699587
individual,valence,eeg,ridge,5,5,eeg_bp_gamma__Cz,10,5,0.043478260869565216,1.1406181029979414
individual,valence,eeg,ridge,5,5,eeg_bp_gamma__Fz,3,5,0.013043478260869565,0.8600324808197762
individual,valence,eeg,ridge,5,5,eeg_bp_gamma__Oz,8,5,0.034782608695652174,0.9747053643597989
individual,valence,eeg,ridge,5,5,eeg_bp_gamma__PO7,8,5,0.034782608695652174,1.1990266248664916
individual,valence,eeg,ridge,5,5,eeg_bp_gamma__PO8,13,5,0.05652173913043478,1.208775667531921
individual,valence,eeg,ridge,5,5,eeg_bp_gamma__Pz,13,5,0.05652173913043478,1.3254157373398916
individual,valence,eeg,ridge,5,5,eeg_bp_theta__C3,8,5,0.034782608695652174,1.163582825698584
individual,valence,eeg,ridge,5,5,eeg_bp_theta__C4,6,5,0.02608695652173913,0.91911736313924
individual,valence,eeg,ridge,5,5,eeg_bp_theta__Cz,8,5,0.034782608695652174,1.123966538496895
individual,valence,eeg,ridge,5,5,eeg_bp_theta__Fz,7,5,0.030434782608695653,1.0893210167959244
individual,valence,eeg,ridge,5,5,eeg_bp_theta__Oz,2,5,0.008695652173913044,1.0959123696028035
individual,valence,eeg,ridge,5,5,eeg_bp_theta__PO7,5,5,0.021739130434782608,1.2128899464530514
individual,valence,eeg,ridge,5,5,eeg_bp_theta__PO8,8,5,0.034782608695652174,1.4048536160789702
individual,valence,eeg,ridge,5,5,eeg_bp_theta__Pz,11,5,0.04782608695652174,1.2628352863663797
individual,valence,eeg,ridge,5,5,eeg_hc__C3,14,5,0.06086956521739131,1.2005550341515576
individual,valence,eeg,ridge,5,5,eeg_hc__C4,8,5,0.034782608695652174,1.2129908152547224
individual,valence,eeg,ridge,5,5,eeg_hc__Cz,8,5,0.034782608695652174,0.9163482855063301
individual,valence,eeg,ridge,5,5,eeg_hc__Fz,18,5,0.0782608695652174,1.4265993670421002
individual,valence,eeg,ridge,5,5,eeg_hc__Oz,5,5,0.021739130434782608,1.0479586084419295
individual,valence,eeg,ridge,5,5,eeg_hc__PO7,18,5,0.0782608695652174,1.3952385171976722
individual,valence,eeg,ridge,5,5,eeg_hc__PO8,9,5,0.0391304347826087,1.264583424509145
individual,valence,eeg,ridge,5,5,eeg_hc__Pz,7,5,0.030434782608695653,1.1455329509670042
individual,valence,eeg,ridge,5,5,eeg_hm__C3,14,5,0.06086956521739131,1.288995620230294
individual,valence,eeg,ridge,5,5,eeg_hm__C4,8,5,0.034782608695652174,1.194335004699217
individual,valence,eeg,ridge,5,5,eeg_hm__Cz,4,5,0.017391304347826087,0.919805469722968
individual,valence,eeg,ridge,5,5,eeg_hm__Fz,12,5,0.05217391304347826,1.5442517336272819
individual,valence,eeg,ridge,5,5,eeg_hm__Oz,11,5,0.04782608695652174,1.1982266935258385
individual,valence,eeg,ridge,5,5,eeg_hm__PO7,17,5,0.07391304347826087,1.4823994014823274
individual,valence,eeg,ridge,5,5,eeg_hm__PO8,10,5,0.043478260869565216,1.317960007103271
individual,valence,eeg,ridge,5,5,eeg_hm__Pz,8,5,0.034782608695652174,1.2580834482340453
individual,valence,eeg,ridge,5,5,eeg_mf_hz__C3,8,5,0.034782608695652174,1.366790019770489
individual,valence,eeg,ridge,5,5,eeg_mf_hz__C4,12,5,0.05217391304347826,1.2231467991354883
individual,valence,eeg,ridge,5,5,eeg_mf_hz__Cz,5,5,0.021739130434782608,0.8838933127729754
individual,valence,eeg,ridge,5,5,eeg_mf_hz__Fz,9,5,0.0391304347826087,1.2371583990215984
individual,valence,eeg,ridge,5,5,eeg_mf_hz__Oz,3,5,0.013043478260869565,0.8417334391760699
individual,valence,eeg,ridge,5,5,eeg_mf_hz__PO7,12,5,0.05217391304347826,1.2447720714948312
individual,valence,eeg,ridge,5,5,eeg_mf_hz__PO8,13,5,0.05652173913043478,1.442331548168884
individual,valence,eeg,ridge,5,5,eeg_mf_hz__Pz,8,5,0.034782608695652174,1.1192898786425196
individual,valence,eeg,ridge,5,5,eeg_sd__C3,5,5,0.021739130434782608,1.2246483261632322
individual,valence,eeg,ridge,5,5,eeg_sd__C4,6,5,0.02608695652173913,1.2119725647343238
individual,valence,eeg,ridge,5,5,eeg_sd__Cz,9,5,0.0391304347826087,1.1550390458698638
individual,valence,eeg,ridge,5,5,eeg_sd__Fz,14,5,0.06086956521739131,1.3442709750182678
individual,valence,eeg,ridge,5,5,eeg_sd__Oz,1,5,0.004347826086956522,1.0728355373294716
individual,valence,eeg,ridge,5,5,eeg_sd__PO7,14,5,0.06086956521739131,1.744407720096646
individual,valence,eeg,ridge,5,5,eeg_sd__PO8,2,5,0.008695652173913044,1.0326693412088856
individual,valence,eeg,ridge,5,5,eeg_sd__Pz,11,5,0.04782608695652174,1.4593840826719753
individual,valence,eeg,ridge,5,5,eeg_se__C3,14,5,0.06086956521739131,1.344071637302436
individual,valence,eeg,ridge,5,5,eeg_se__C4,10,5,0.043478260869565216,1.0487787701935722
individual,valence,eeg,ridge,5,5,eeg_se__Cz,6,5,0.02608695652173913,1.1574479935253463
individual,valence,eeg,ridge,5,5,eeg_se__Fz,4,5,0.017391304347826087,1.2614343793407266
individual,valence,eeg,ridge,5,5,eeg_se__Oz,5,5,0.021739130434782608,1.0590102325364517
individual,valence,eeg,ridge,5,5,eeg_se__PO7,12,5,0.05217391304347826,1.3443691698284923
individual,valence,eeg,ridge,5,5,eeg_se__PO8,11,5,0.04782608695652174,1.3239497116353658
individual,valence,eeg,ridge,5,5,eeg_se__Pz,14,5,0.06086956521739131,1.3657981183739831
individual,valence,eeg,ridge,5,5,eeg_se_alpha__C3,17,5,0.07391304347826087,1.297726240150444
individual,valence,eeg,ridge,5,5,eeg_se_alpha__C4,7,5,0.030434782608695653,1.0620639598551997
individual,valence,eeg,ridge,5,5,eeg_se_alpha__Cz,4,5,0.017391304347826087,0.8580026111871988
individual,valence,eeg,ridge,5,5,eeg_se_alpha__Fz,20,5,0.08695652173913043,1.362456215732626
individual,valence,eeg,ridge,5,5,eeg_se_alpha__Oz,12,5,0.05217391304347826,1.0671867427201003
individual,valence,eeg,ridge,5,5,eeg_se_alpha__PO7,4,5,0.017391304347826087,0.8443020020974584
individual,valence,eeg,ridge,5,5,eeg_se_alpha__PO8,4,5,0.017391304347826087,0.9147253226240836
individual,valence,eeg,ridge,5,5,eeg_se_alpha__Pz,13,5,0.05652173913043478,1.0206281958788703
individual,valence,eeg,ridge,5,5,eeg_se_beta__C3,13,5,0.05652173913043478,1.2322628109201665
individual,valence,eeg,ridge,5,5,eeg_se_beta__C4,7,5,0.030434782608695653,0.9335122869822814
individual,valence,eeg,ridge,5,5,eeg_se_beta__Cz,3,5,0.013043478260869565,0.7918478498429543
individual,valence,eeg,ridge,5,5,eeg_se_beta__Fz,14,5,0.06086956521739131,1.2629730600481026
individual,valence,eeg,ridge,5,5,eeg_se_beta__Oz,10,5,0.043478260869565216,1.0470219423347993
individual,valence,eeg,ridge,5,5,eeg_se_beta__PO7,12,5,0.05217391304347826,1.0439045476545097
individual,valence,eeg,ridge,5,5,eeg_se_beta__PO8,10,5,0.043478260869565216,0.9742622853871281
individual,valence,eeg,ridge,5,5,eeg_se_beta__Pz,8,5,0.034782608695652174,0.971256280100554
individual,valence,eeg,ridge,5,5,eeg_se_delta__C3,4,5,0.017391304347826087,0.9046963892696204
individual,valence,eeg,ridge,5,5,eeg_se_delta__C4,6,5,0.02608695652173913,0.9773190400345125
individual,valence,eeg,ridge,5,5,eeg_se_delta__Cz,11,5,0.04782608695652174,1.2187065384047642
individual,valence,eeg,ridge,5,5,eeg_se_delta__Fz,17,5,0.07391304347826087,1.2280877796020586
individual,valence,eeg,ridge,5,5,eeg_se_delta__Oz,6,5,0.02608695652173913,1.016404041566514
individual,valence,eeg,ridge,5,5,eeg_se_delta__PO7,12,5,0.05217391304347826,1.1947716382617046
individual,valence,eeg,ridge,5,5,eeg_se_delta__PO8,19,5,0.08260869565217391,1.2909708747615123
individual,valence,eeg,ridge,5,5,eeg_se_delta__Pz,3,5,0.013043478260869565,0.800981073362293
individual,valence,eeg,ridge,5,5,eeg_se_gamma__C3,6,5,0.02608695652173913,0.9238211223527716
individual,valence,eeg,ridge,5,5,eeg_se_gamma__C4,13,5,0.05652173913043478,0.9535984434951836
individual,valence,eeg,ridge,5,5,eeg_se_gamma__Cz,24,5,0.10434782608695652,1.5478374960269088
individual,valence,eeg,ridge,5,5,eeg_se_gamma__Fz,12,5,0.05217391304347826,1.0597380143909574
individual,valence,eeg,ridge,5,5,eeg_se_gamma__Oz,13,5,0.05652173913043478,1.2464246252356408
individual,valence,eeg,ridge,5,5,eeg_se_gamma__PO7,11,5,0.04782608695652174,0.9859986437569059
individual,valence,eeg,ridge,5,5,eeg_se_gamma__PO8,11,5,0.04782608695652174,1.2042742366998485
individual,valence,eeg,ridge,5,5,eeg_se_gamma__Pz,16,5,0.06956521739130435,1.5017394370338597
individual,valence,eeg,ridge,5,5,eeg_se_theta__C3,14,5,0.06086956521739131,1.0958890823165968
individual,valence,eeg,ridge,5,5,eeg_se_theta__C4,5,5,0.021739130434782608,1.0230210016953982
individual,valence,eeg,ridge,5,5,eeg_se_theta__Cz,12,5,0.05217391304347826,1.0453684896949536
individual,valence,eeg,ridge,5,5,eeg_se_theta__Fz,11,5,0.04782608695652174,0.8867246085307152
individual,valence,eeg,ridge,5,5,eeg_se_theta__Oz,9,5,0.0391304347826087,1.0795528637903546
individual,valence,eeg,ridge,5,5,eeg_se_theta__PO7,14,5,0.06086956521739131,1.1149390857030042
individual,valence,eeg,ridge,5,5,eeg_se_theta__PO8,5,5,0.021739130434782608,0.9035364207907084
individual,valence,eeg,ridge,5,5,eeg_se_theta__Pz,10,5,0.043478260869565216,1.0700929656310287
individual,valence,eeg,ridge,all,all,eeg_bp_alpha__C3,230,5,1.0,
individual,valence,eeg,ridge,all,all,eeg_bp_alpha__C4,230,5,1.0,
individual,valence,eeg,ridge,all,all,eeg_bp_alpha__Cz,230,5,1.0,
individual,valence,eeg,ridge,all,all,eeg_bp_alpha__Fz,230,5,1.0,
individual,valence,eeg,ridge,all,all,eeg_bp_alpha__Oz,230,5,1.0,
individual,valence,eeg,ridge,all,all,eeg_bp_alpha__PO7,230,5,1.0,
individual,valence,eeg,ridge,all,all,eeg_bp_alpha__PO8,230,5,1.0,
individual,valence,eeg,ridge,all,all,eeg_bp_alpha__Pz,230,5,1.0,
individual,valence,eeg,ridge,all,all,eeg_bp_beta__C3,230,5,1.0,
individual,valence,eeg,ridge,all,all,eeg_bp_beta__C4,230,5,1.0,
individual,valence,eeg,ridge,all,all,eeg_bp_beta__Cz,230,5,1.0,
individual,valence,eeg,ridge,all,all,eeg_bp_beta__Fz,230,5,1.0,
individual,valence,eeg,ridge,all,all,eeg_bp_beta__Oz,230,5,1.0,
individual,valence,eeg,ridge,all,all,eeg_bp_beta__PO7,230,5,1.0,
individual,valence,eeg,ridge,all,all,eeg_bp_beta__PO8,230,5,1.0,
individual,valence,eeg,ridge,all,all,eeg_bp_beta__Pz,230,5,1.0,
individual,valence,eeg,ridge,all,all,eeg_bp_delta__C3,230,5,1.0,
individual,valence,eeg,ridge,all,all,eeg_bp_delta__C4,230,5,1.0,
individual,valence,eeg,ridge,all,all,eeg_bp_delta__Cz,230,5,1.0,
individual,valence,eeg,ridge,all,all,eeg_bp_delta__Fz,230,5,1.0,
individual,valence,eeg,ridge,all,all,eeg_bp_delta__Oz,230,5,1.0,
individual,valence,eeg,ridge,all,all,eeg_bp_delta__PO7,230,5,1.0,
individual,valence,eeg,ridge,all,all,eeg_bp_delta__PO8,230,5,1.0,
individual,valence,eeg,ridge,all,all,eeg_bp_delta__Pz,230,5,1.0,
individual,valence,eeg,ridge,all,all,eeg_bp_gamma__C3,230,5,1.0,
individual,valence,eeg,ridge,all,all,eeg_bp_gamma__C4,230,5,1.0,
individual,valence,eeg,ridge,all,all,eeg_bp_gamma__Cz,230,5,1.0,
individual,valence,eeg,ridge,all,all,eeg_bp_gamma__Fz,230,5,1.0,
individual,valence,eeg,ridge,all,all,eeg_bp_gamma__Oz,230,5,1.0,
individual,valence,eeg,ridge,all,all,eeg_bp_gamma__PO7,230,5,1.0,
individual,valence,eeg,ridge,all,all,eeg_bp_gamma__PO8,230,5,1.0,
individual,valence,eeg,ridge,all,all,eeg_bp_gamma__Pz,230,5,1.0,
individual,valence,eeg,ridge,all,all,eeg_bp_theta__C3,230,5,1.0,
individual,valence,eeg,ridge,all,all,eeg_bp_theta__C4,230,5,1.0,
individual,valence,eeg,ridge,all,all,eeg_bp_theta__Cz,230,5,1.0,
individual,valence,eeg,ridge,all,all,eeg_bp_theta__Fz,230,5,1.0,
individual,valence,eeg,ridge,all,all,eeg_bp_theta__Oz,230,5,1.0,
individual,valence,eeg,ridge,all,all,eeg_bp_theta__PO7,230,5,1.0,
individual,valence,eeg,ridge,all,all,eeg_bp_theta__PO8,230,5,1.0,
individual,valence,eeg,ridge,all,all,eeg_bp_theta__Pz,230,5,1.0,
individual,valence,eeg,ridge,all,all,eeg_hc__C3,230,5,1.0,
individual,valence,eeg,ridge,all,all,eeg_hc__C4,230,5,1.0,
individual,valence,eeg,ridge,all,all,eeg_hc__Cz,230,5,1.0,
individual,valence,eeg,ridge,all,all,eeg_hc__Fz,230,5,1.0,
individual,valence,eeg,ridge,all,all,eeg_hc__Oz,230,5,1.0,
individual,valence,eeg,ridge,all,all,eeg_hc__PO7,230,5,1.0,
individual,valence,eeg,ridge,all,all,eeg_hc__PO8,230,5,1.0,
individual,valence,eeg,ridge,all,all,eeg_hc__Pz,230,5,1.0,
individual,valence,eeg,ridge,all,all,eeg_hm__C3,230,5,1.0,
individual,valence,eeg,ridge,all,all,eeg_hm__C4,230,5,1.0,
individual,valence,eeg,ridge,all,all,eeg_hm__Cz,230,5,1.0,
individual,valence,eeg,ridge,all,all,eeg_hm__Fz,230,5,1.0,
individual,valence,eeg,ridge,all,all,eeg_hm__Oz,230,5,1.0,
individual,valence,eeg,ridge,all,all,eeg_hm__PO7,230,5,1.0,
individual,valence,eeg,ridge,all,all,eeg_hm__PO8,230,5,1.0,
individual,valence,eeg,ridge,all,all,eeg_hm__Pz,230,5,1.0,
individual,valence,eeg,ridge,all,all,eeg_mf_hz__C3,230,5,1.0,
individual,valence,eeg,ridge,all,all,eeg_mf_hz__C4,230,5,1.0,
individual,valence,eeg,ridge,all,all,eeg_mf_hz__Cz,230,5,1.0,
individual,valence,eeg,ridge,all,all,eeg_mf_hz__Fz,230,5,1.0,
individual,valence,eeg,ridge,all,all,eeg_mf_hz__Oz,230,5,1.0,
individual,valence,eeg,ridge,all,all,eeg_mf_hz__PO7,230,5,1.0,
individual,valence,eeg,ridge,all,all,eeg_mf_hz__PO8,230,5,1.0,
individual,valence,eeg,ridge,all,all,eeg_mf_hz__Pz,230,5,1.0,
individual,valence,eeg,ridge,all,all,eeg_sd__C3,230,5,1.0,
individual,valence,eeg,ridge,all,all,eeg_sd__C4,230,5,1.0,
individual,valence,eeg,ridge,all,all,eeg_sd__Cz,230,5,1.0,
individual,valence,eeg,ridge,all,all,eeg_sd__Fz,230,5,1.0,
individual,valence,eeg,ridge,all,all,eeg_sd__Oz,230,5,1.0,
individual,valence,eeg,ridge,all,all,eeg_sd__PO7,230,5,1.0,
individual,valence,eeg,ridge,all,all,eeg_sd__PO8,230,5,1.0,
individual,valence,eeg,ridge,all,all,eeg_sd__Pz,230,5,1.0,
individual,valence,eeg,ridge,all,all,eeg_se__C3,230,5,1.0,
individual,valence,eeg,ridge,all,all,eeg_se__C4,230,5,1.0,
individual,valence,eeg,ridge,all,all,eeg_se__Cz,230,5,1.0,
individual,valence,eeg,ridge,all,all,eeg_se__Fz,230,5,1.0,
individual,valence,eeg,ridge,all,all,eeg_se__Oz,230,5,1.0,
individual,valence,eeg,ridge,all,all,eeg_se__PO7,230,5,1.0,
individual,valence,eeg,ridge,all,all,eeg_se__PO8,230,5,1.0,
individual,valence,eeg,ridge,all,all,eeg_se__Pz,230,5,1.0,
individual,valence,eeg,ridge,all,all,eeg_se_alpha__C3,230,5,1.0,
individual,valence,eeg,ridge,all,all,eeg_se_alpha__C4,230,5,1.0,
individual,valence,eeg,ridge,all,all,eeg_se_alpha__Cz,230,5,1.0,
individual,valence,eeg,ridge,all,all,eeg_se_alpha__Fz,230,5,1.0,
individual,valence,eeg,ridge,all,all,eeg_se_alpha__Oz,230,5,1.0,
individual,valence,eeg,ridge,all,all,eeg_se_alpha__PO7,230,5,1.0,
individual,valence,eeg,ridge,all,all,eeg_se_alpha__PO8,230,5,1.0,
individual,valence,eeg,ridge,all,all,eeg_se_alpha__Pz,230,5,1.0,
individual,valence,eeg,ridge,all,all,eeg_se_beta__C3,230,5,1.0,
individual,valence,eeg,ridge,all,all,eeg_se_beta__C4,230,5,1.0,
individual,valence,eeg,ridge,all,all,eeg_se_beta__Cz,230,5,1.0,
individual,valence,eeg,ridge,all,all,eeg_se_beta__Fz,230,5,1.0,
individual,valence,eeg,ridge,all,all,eeg_se_beta__Oz,230,5,1.0,
individual,valence,eeg,ridge,all,all,eeg_se_beta__PO7,230,5,1.0,
individual,valence,eeg,ridge,all,all,eeg_se_beta__PO8,230,5,1.0,
individual,valence,eeg,ridge,all,all,eeg_se_beta__Pz,230,5,1.0,
individual,valence,eeg,ridge,all,all,eeg_se_delta__C3,230,5,1.0,
individual,valence,eeg,ridge,all,all,eeg_se_delta__C4,230,5,1.0,
individual,valence,eeg,ridge,all,all,eeg_se_delta__Cz,230,5,1.0,
individual,valence,eeg,ridge,all,all,eeg_se_delta__Fz,230,5,1.0,
individual,valence,eeg,ridge,all,all,eeg_se_delta__Oz,230,5,1.0,
individual,valence,eeg,ridge,all,all,eeg_se_delta__PO7,230,5,1.0,
individual,valence,eeg,ridge,all,all,eeg_se_delta__PO8,230,5,1.0,
individual,valence,eeg,ridge,all,all,eeg_se_delta__Pz,230,5,1.0,
individual,valence,eeg,ridge,all,all,eeg_se_gamma__C3,230,5,1.0,
individual,valence,eeg,ridge,all,all,eeg_se_gamma__C4,230,5,1.0,
individual,valence,eeg,ridge,all,all,eeg_se_gamma__Cz,230,5,1.0,
individual,valence,eeg,ridge,all,all,eeg_se_gamma__Fz,230,5,1.0,
individual,valence,eeg,ridge,all,all,eeg_se_gamma__Oz,230,5,1.0,
individual,valence,eeg,ridge,all,all,eeg_se_gamma__PO7,230,5,1.0,
individual,valence,eeg,ridge,all,all,eeg_se_gamma__PO8,230,5,1.0,
individual,valence,eeg,ridge,all,all,eeg_se_gamma__Pz,230,5,1.0,
individual,valence,eeg,ridge,all,all,eeg_se_theta__C3,230,5,1.0,
individual,valence,eeg,ridge,all,all,eeg_se_theta__C4,230,5,1.0,
individual,valence,eeg,ridge,all,all,eeg_se_theta__Cz,230,5,1.0,
individual,valence,eeg,ridge,all,all,eeg_se_theta__Fz,230,5,1.0,
individual,valence,eeg,ridge,all,all,eeg_se_theta__Oz,230,5,1.0,
individual,valence,eeg,ridge,all,all,eeg_se_theta__PO7,230,5,1.0,
individual,valence,eeg,ridge,all,all,eeg_se_theta__PO8,230,5,1.0,
individual,valence,eeg,ridge,all,all,eeg_se_theta__Pz,230,5,1.0,
individual,valence,eeg,svr,10,10,eeg_bp_alpha__C3,32,5,0.1391304347826087,1.401749247246441
individual,valence,eeg,svr,10,10,eeg_bp_alpha__C4,20,5,0.08695652173913043,1.0844206276974846
individual,valence,eeg,svr,10,10,eeg_bp_alpha__Cz,15,5,0.06521739130434782,1.0403087940253297
individual,valence,eeg,svr,10,10,eeg_bp_alpha__Fz,12,5,0.05217391304347826,0.9408403910282667
individual,valence,eeg,svr,10,10,eeg_bp_alpha__Oz,26,5,0.11304347826086956,1.1156215805347498
individual,valence,eeg,svr,10,10,eeg_bp_alpha__PO7,23,5,0.1,1.2265552475868111
individual,valence,eeg,svr,10,10,eeg_bp_alpha__PO8,30,5,0.13043478260869565,1.2478940231326061
individual,valence,eeg,svr,10,10,eeg_bp_alpha__Pz,7,5,0.030434782608695653,0.8341188938795013
individual,valence,eeg,svr,10,10,eeg_bp_beta__C3,20,5,0.08695652173913043,1.2110529958596967
individual,valence,eeg,svr,10,10,eeg_bp_beta__C4,20,5,0.08695652173913043,1.264271708661913
individual,valence,eeg,svr,10,10,eeg_bp_beta__Cz,10,5,0.043478260869565216,0.7169600062825849
individual,valence,eeg,svr,10,10,eeg_bp_beta__Fz,19,5,0.08260869565217391,1.2166570011864815
individual,valence,eeg,svr,10,10,eeg_bp_beta__Oz,25,5,0.10869565217391304,1.1035870157078924
individual,valence,eeg,svr,10,10,eeg_bp_beta__PO7,24,5,0.10434782608695652,1.2228301133475634
individual,valence,eeg,svr,10,10,eeg_bp_beta__PO8,18,5,0.0782608695652174,1.14747296828799
individual,valence,eeg,svr,10,10,eeg_bp_beta__Pz,17,5,0.07391304347826087,1.0870572273690622
individual,valence,eeg,svr,10,10,eeg_bp_delta__C3,17,5,0.07391304347826087,1.1733664794562741
individual,valence,eeg,svr,10,10,eeg_bp_delta__C4,12,5,0.05217391304347826,1.071723840667791
individual,valence,eeg,svr,10,10,eeg_bp_delta__Cz,16,5,0.06956521739130435,1.092314513644112
individual,valence,eeg,svr,10,10,eeg_bp_delta__Fz,24,5,0.10434782608695652,1.444839589464824
individual,valence,eeg,svr,10,10,eeg_bp_delta__Oz,8,5,0.034782608695652174,1.1884936776244936
individual,valence,eeg,svr,10,10,eeg_bp_delta__PO7,17,5,0.07391304347826087,1.3947631609537783
individual,valence,eeg,svr,10,10,eeg_bp_delta__PO8,12,5,0.05217391304347826,1.043759929157458
individual,valence,eeg,svr,10,10,eeg_bp_delta__Pz,23,5,0.1,1.4555230515122508
individual,valence,eeg,svr,10,10,eeg_bp_gamma__C3,15,5,0.06521739130434782,1.020002189692187
individual,valence,eeg,svr,10,10,eeg_bp_gamma__C4,16,5,0.06956521739130435,1.1056852202699587
individual,valence,eeg,svr,10,10,eeg_bp_gamma__Cz,17,5,0.07391304347826087,1.1406181029979414
individual,valence,eeg,svr,10,10,eeg_bp_gamma__Fz,11,5,0.04782608695652174,0.8600324808197762
individual,valence,eeg,svr,10,10,eeg_bp_gamma__Oz,13,5,0.05652173913043478,0.9747053643597989
individual,valence,eeg,svr,10,10,eeg_bp_gamma__PO7,18,5,0.0782608695652174,1.1990266248664916
individual,valence,eeg,svr,10,10,eeg_bp_gamma__PO8,22,5,0.09565217391304348,1.208775667531921
individual,valence,eeg,svr,10,10,eeg_bp_gamma__Pz,20,5,0.08695652173913043,1.3254157373398916
individual,valence,eeg,svr,10,10,eeg_bp_theta__C3,19,5,0.08260869565217391,1.163582825698584
individual,valence,eeg,svr,10,10,eeg_bp_theta__C4,12,5,0.05217391304347826,0.91911736313924
individual,valence,eeg,svr,10,10,eeg_bp_theta__Cz,20,5,0.08695652173913043,1.123966538496895
individual,valence,eeg,svr,10,10,eeg_bp_theta__Fz,12,5,0.05217391304347826,1.0893210167959244
individual,valence,eeg,svr,10,10,eeg_bp_theta__Oz,17,5,0.07391304347826087,1.0959123696028035
individual,valence,eeg,svr,10,10,eeg_bp_theta__PO7,16,5,0.06956521739130435,1.2128899464530514
individual,valence,eeg,svr,10,10,eeg_bp_theta__PO8,23,5,0.1,1.4048536160789702
individual,valence,eeg,svr,10,10,eeg_bp_theta__Pz,22,5,0.09565217391304348,1.2628352863663797
individual,valence,eeg,svr,10,10,eeg_hc__C3,24,5,0.10434782608695652,1.2005550341515576
individual,valence,eeg,svr,10,10,eeg_hc__C4,22,5,0.09565217391304348,1.2129908152547224
individual,valence,eeg,svr,10,10,eeg_hc__Cz,13,5,0.05652173913043478,0.9163482855063301
individual,valence,eeg,svr,10,10,eeg_hc__Fz,30,5,0.13043478260869565,1.4265993670421002
individual,valence,eeg,svr,10,10,eeg_hc__Oz,17,5,0.07391304347826087,1.0479586084419295
individual,valence,eeg,svr,10,10,eeg_hc__PO7,27,5,0.11739130434782609,1.3952385171976722
individual,valence,eeg,svr,10,10,eeg_hc__PO8,23,5,0.1,1.264583424509145
individual,valence,eeg,svr,10,10,eeg_hc__Pz,17,5,0.07391304347826087,1.1455329509670042
individual,valence,eeg,svr,10,10,eeg_hm__C3,22,5,0.09565217391304348,1.288995620230294
individual,valence,eeg,svr,10,10,eeg_hm__C4,15,5,0.06521739130434782,1.194335004699217
individual,valence,eeg,svr,10,10,eeg_hm__Cz,9,5,0.0391304347826087,0.919805469722968
individual,valence,eeg,svr,10,10,eeg_hm__Fz,30,5,0.13043478260869565,1.5442517336272819
individual,valence,eeg,svr,10,10,eeg_hm__Oz,20,5,0.08695652173913043,1.1982266935258385
individual,valence,eeg,svr,10,10,eeg_hm__PO7,27,5,0.11739130434782609,1.4823994014823274
individual,valence,eeg,svr,10,10,eeg_hm__PO8,22,5,0.09565217391304348,1.317960007103271
individual,valence,eeg,svr,10,10,eeg_hm__Pz,18,5,0.0782608695652174,1.2580834482340453
individual,valence,eeg,svr,10,10,eeg_mf_hz__C3,26,5,0.11304347826086956,1.366790019770489
individual,valence,eeg,svr,10,10,eeg_mf_hz__C4,22,5,0.09565217391304348,1.2231467991354883
individual,valence,eeg,svr,10,10,eeg_mf_hz__Cz,14,5,0.06086956521739131,0.8838933127729754
individual,valence,eeg,svr,10,10,eeg_mf_hz__Fz,20,5,0.08695652173913043,1.2371583990215984
individual,valence,eeg,svr,10,10,eeg_mf_hz__Oz,6,5,0.02608695652173913,0.8417334391760699
individual,valence,eeg,svr,10,10,eeg_mf_hz__PO7,25,5,0.10869565217391304,1.2447720714948312
individual,valence,eeg,svr,10,10,eeg_mf_hz__PO8,25,5,0.10869565217391304,1.442331548168884
individual,valence,eeg,svr,10,10,eeg_mf_hz__Pz,19,5,0.08260869565217391,1.1192898786425196
individual,valence,eeg,svr,10,10,eeg_sd__C3,15,5,0.06521739130434782,1.2246483261632322
individual,valence,eeg,svr,10,10,eeg_sd__C4,24,5,0.10434782608695652,1.2119725647343238
individual,valence,eeg,svr,10,10,eeg_sd__Cz,18,5,0.0782608695652174,1.1550390458698638
individual,valence,eeg,svr,10,10,eeg_sd__Fz,23,5,0.1,1.3442709750182678
individual,valence,eeg,svr,10,10,eeg_sd__Oz,8,5,0.034782608695652174,1.0728355373294716
individual,valence,eeg,svr,10,10,eeg_sd__PO7,38,5,0.16521739130434782,1.744407720096646
individual,valence,eeg,svr,10,10,eeg_sd__PO8,8,5,0.034782608695652174,1.0326693412088856
individual,valence,eeg,svr,10,10,eeg_sd__Pz,28,5,0.12173913043478261,1.4593840826719753
individual,valence,eeg,svr,10,10,eeg_se__C3,24,5,0.10434782608695652,1.344071637302436
individual,valence,eeg,svr,10,10,eeg_se__C4,15,5,0.06521739130434782,1.0487787701935722
individual,valence,eeg,svr,10,10,eeg_se__Cz,18,5,0.0782608695652174,1.1574479935253463
individual,valence,eeg,svr,10,10,eeg_se__Fz,16,5,0.06956521739130435,1.2614343793407266
individual,valence,eeg,svr,10,10,eeg_se__Oz,11,5,0.04782608695652174,1.0590102325364517
individual,valence,eeg,svr,10,10,eeg_se__PO7,19,5,0.08260869565217391,1.3443691698284923
individual,valence,eeg,svr,10,10,eeg_se__PO8,19,5,0.08260869565217391,1.3239497116353658
individual,valence,eeg,svr,10,10,eeg_se__Pz,23,5,0.1,1.3657981183739831
individual,valence,eeg,svr,10,10,eeg_se_alpha__C3,33,5,0.14347826086956522,1.297726240150444
individual,valence,eeg,svr,10,10,eeg_se_alpha__C4,17,5,0.07391304347826087,1.0620639598551997
individual,valence,eeg,svr,10,10,eeg_se_alpha__Cz,13,5,0.05652173913043478,0.8580026111871988
individual,valence,eeg,svr,10,10,eeg_se_alpha__Fz,28,5,0.12173913043478261,1.362456215732626
individual,valence,eeg,svr,10,10,eeg_se_alpha__Oz,24,5,0.10434782608695652,1.0671867427201003
individual,valence,eeg,svr,10,10,eeg_se_alpha__PO7,10,5,0.043478260869565216,0.8443020020974584
individual,valence,eeg,svr,10,10,eeg_se_alpha__PO8,15,5,0.06521739130434782,0.9147253226240836
individual,valence,eeg,svr,10,10,eeg_se_alpha__Pz,18,5,0.0782608695652174,1.0206281958788703
individual,valence,eeg,svr,10,10,eeg_se_beta__C3,19,5,0.08260869565217391,1.2322628109201665
individual,valence,eeg,svr,10,10,eeg_se_beta__C4,15,5,0.06521739130434782,0.9335122869822814
individual,valence,eeg,svr,10,10,eeg_se_beta__Cz,6,5,0.02608695652173913,0.7918478498429543
individual,valence,eeg,svr,10,10,eeg_se_beta__Fz,28,5,0.12173913043478261,1.2629730600481026
individual,valence,eeg,svr,10,10,eeg_se_beta__Oz,17,5,0.07391304347826087,1.0470219423347993
individual,valence,eeg,svr,10,10,eeg_se_beta__PO7,21,5,0.09130434782608696,1.0439045476545097
individual,valence,eeg,svr,10,10,eeg_se_beta__PO8,15,5,0.06521739130434782,0.9742622853871281
individual,valence,eeg,svr,10,10,eeg_se_beta__Pz,19,5,0.08260869565217391,0.971256280100554
individual,valence,eeg,svr,10,10,eeg_se_delta__C3,10,5,0.043478260869565216,0.9046963892696204
individual,valence,eeg,svr,10,10,eeg_se_delta__C4,16,5,0.06956521739130435,0.9773190400345125
individual,valence,eeg,svr,10,10,eeg_se_delta__Cz,21,5,0.09130434782608696,1.2187065384047642
individual,valence,eeg,svr,10,10,eeg_se_delta__Fz,24,5,0.10434782608695652,1.2280877796020586
individual,valence,eeg,svr,10,10,eeg_se_delta__Oz,18,5,0.0782608695652174,1.016404041566514
individual,valence,eeg,svr,10,10,eeg_se_delta__PO7,23,5,0.1,1.1947716382617046
individual,valence,eeg,svr,10,10,eeg_se_delta__PO8,30,5,0.13043478260869565,1.2909708747615123
individual,valence,eeg,svr,10,10,eeg_se_delta__Pz,9,5,0.0391304347826087,0.800981073362293
individual,valence,eeg,svr,10,10,eeg_se_gamma__C3,18,5,0.0782608695652174,0.9238211223527716
individual,valence,eeg,svr,10,10,eeg_se_gamma__C4,19,5,0.08260869565217391,0.9535984434951836
individual,valence,eeg,svr,10,10,eeg_se_gamma__Cz,31,5,0.13478260869565217,1.5478374960269088
individual,valence,eeg,svr,10,10,eeg_se_gamma__Fz,22,5,0.09565217391304348,1.0597380143909574
individual,valence,eeg,svr,10,10,eeg_se_gamma__Oz,20,5,0.08695652173913043,1.2464246252356408
individual,valence,eeg,svr,10,10,eeg_se_gamma__PO7,15,5,0.06521739130434782,0.9859986437569059
individual,valence,eeg,svr,10,10,eeg_se_gamma__PO8,24,5,0.10434782608695652,1.2042742366998485
individual,valence,eeg,svr,10,10,eeg_se_gamma__Pz,32,5,0.1391304347826087,1.5017394370338597
individual,valence,eeg,svr,10,10,eeg_se_theta__C3,22,5,0.09565217391304348,1.0958890823165968
individual,valence,eeg,svr,10,10,eeg_se_theta__C4,20,5,0.08695652173913043,1.0230210016953982
individual,valence,eeg,svr,10,10,eeg_se_theta__Cz,18,5,0.0782608695652174,1.0453684896949536
individual,valence,eeg,svr,10,10,eeg_se_theta__Fz,17,5,0.07391304347826087,0.8867246085307152
individual,valence,eeg,svr,10,10,eeg_se_theta__Oz,19,5,0.08260869565217391,1.0795528637903546
individual,valence,eeg,svr,10,10,eeg_se_theta__PO7,21,5,0.09130434782608696,1.1149390857030042
individual,valence,eeg,svr,10,10,eeg_se_theta__PO8,14,5,0.06086956521739131,0.9035364207907084
individual,valence,eeg,svr,10,10,eeg_se_theta__Pz,19,5,0.08260869565217391,1.0700929656310287
individual,valence,eeg,svr,20,20,eeg_bp_alpha__C3,50,5,0.21739130434782608,1.401749247246441
individual,valence,eeg,svr,20,20,eeg_bp_alpha__C4,41,5,0.1782608695652174,1.0844206276974846
individual,valence,eeg,svr,20,20,eeg_bp_alpha__Cz,35,5,0.15217391304347827,1.0403087940253297
individual,valence,eeg,svr,20,20,eeg_bp_alpha__Fz,27,5,0.11739130434782609,0.9408403910282667
individual,valence,eeg,svr,20,20,eeg_bp_alpha__Oz,41,5,0.1782608695652174,1.1156215805347498
individual,valence,eeg,svr,20,20,eeg_bp_alpha__PO7,38,5,0.16521739130434782,1.2265552475868111
individual,valence,eeg,svr,20,20,eeg_bp_alpha__PO8,52,5,0.22608695652173913,1.2478940231326061
individual,valence,eeg,svr,20,20,eeg_bp_alpha__Pz,22,5,0.09565217391304348,0.8341188938795013
individual,valence,eeg,svr,20,20,eeg_bp_beta__C3,45,5,0.1956521739130435,1.2110529958596967
individual,valence,eeg,svr,20,20,eeg_bp_beta__C4,43,5,0.18695652173913044,1.264271708661913
individual,valence,eeg,svr,20,20,eeg_bp_beta__Cz,18,5,0.0782608695652174,0.7169600062825849
individual,valence,eeg,svr,20,20,eeg_bp_beta__Fz,43,5,0.18695652173913044,1.2166570011864815
individual,valence,eeg,svr,20,20,eeg_bp_beta__Oz,40,5,0.17391304347826086,1.1035870157078924
individual,valence,eeg,svr,20,20,eeg_bp_beta__PO7,41,5,0.1782608695652174,1.2228301133475634
individual,valence,eeg,svr,20,20,eeg_bp_beta__PO8,30,5,0.13043478260869565,1.14747296828799
individual,valence,eeg,svr,20,20,eeg_bp_beta__Pz,30,5,0.13043478260869565,1.0870572273690622
individual,valence,eeg,svr,20,20,eeg_bp_delta__C3,37,5,0.1608695652173913,1.1733664794562741
individual,valence,eeg,svr,20,20,eeg_bp_delta__C4,29,5,0.12608695652173912,1.071723840667791
individual,valence,eeg,svr,20,20,eeg_bp_delta__Cz,35,5,0.15217391304347827,1.092314513644112
individual,valence,eeg,svr,20,20,eeg_bp_delta__Fz,45,5,0.1956521739130435,1.444839589464824
individual,valence,eeg,svr,20,20,eeg_bp_delta__Oz,38,5,0.16521739130434782,1.1884936776244936
individual,valence,eeg,svr,20,20,eeg_bp_delta__PO7,48,5,0.20869565217391303,1.3947631609537783
individual,valence,eeg,svr,20,20,eeg_bp_delta__PO8,31,5,0.13478260869565217,1.043759929157458
individual,valence,eeg,svr,20,20,eeg_bp_delta__Pz,53,5,0.23043478260869565,1.4555230515122508
individual,valence,eeg,svr,20,20,eeg_bp_gamma__C3,36,5,0.1565217391304348,1.020002189692187
individual,valence,eeg,svr,20,20,eeg_bp_gamma__C4,31,5,0.13478260869565217,1.1056852202699587
individual,valence,eeg,svr,20,20,eeg_bp_gamma__Cz,35,5,0.15217391304347827,1.1406181029979414
individual,valence,eeg,svr,20,20,eeg_bp_gamma__Fz,27,5,0.11739130434782609,0.8600324808197762
individual,valence,eeg,svr,20,20,eeg_bp_gamma__Oz,32,5,0.1391304347826087,0.9747053643597989
individual,valence,eeg,svr,20,20,eeg_bp_gamma__PO7,44,5,0.19130434782608696,1.1990266248664916
individual,valence,eeg,svr,20,20,eeg_bp_gamma__PO8,39,5,0.16956521739130434,1.208775667531921
individual,valence,eeg,svr,20,20,eeg_bp_gamma__Pz,46,5,0.2,1.3254157373398916
individual,valence,eeg,svr,20,20,eeg_bp_theta__C3,45,5,0.1956521739130435,1.163582825698584
individual,valence,eeg,svr,20,20,eeg_bp_theta__C4,29,5,0.12608695652173912,0.91911736313924
individual,valence,eeg,svr,20,20,eeg_bp_theta__Cz,34,5,0.14782608695652175,1.123966538496895
individual,valence,eeg,svr,20,20,eeg_bp_theta__Fz,31,5,0.13478260869565217,1.0893210167959244
individual,valence,eeg,svr,20,20,eeg_bp_theta__Oz,42,5,0.1826086956521739,1.0959123696028035
individual,valence,eeg,svr,20,20,eeg_bp_theta__PO7,41,5,0.1782608695652174,1.2128899464530514
individual,valence,eeg,svr,20,20,eeg_bp_theta__PO8,44,5,0.19130434782608696,1.4048536160789702
individual,valence,eeg,svr,20,20,eeg_bp_theta__Pz,37,5,0.1608695652173913,1.2628352863663797
individual,valence,eeg,svr,20,20,eeg_hc__C3,38,5,0.16521739130434782,1.2005550341515576
individual,valence,eeg,svr,20,20,eeg_hc__C4,36,5,0.1565217391304348,1.2129908152547224
individual,valence,eeg,svr,20,20,eeg_hc__Cz,25,5,0.10869565217391304,0.9163482855063301
individual,valence,eeg,svr,20,20,eeg_hc__Fz,48,5,0.20869565217391303,1.4265993670421002
individual,valence,eeg,svr,20,20,eeg_hc__Oz,31,5,0.13478260869565217,1.0479586084419295
individual,valence,eeg,svr,20,20,eeg_hc__PO7,36,5,0.1565217391304348,1.3952385171976722
individual,valence,eeg,svr,20,20,eeg_hc__PO8,40,5,0.17391304347826086,1.264583424509145
individual,valence,eeg,svr,20,20,eeg_hc__Pz,36,5,0.1565217391304348,1.1455329509670042
individual,valence,eeg,svr,20,20,eeg_hm__C3,39,5,0.16956521739130434,1.288995620230294
individual,valence,eeg,svr,20,20,eeg_hm__C4,39,5,0.16956521739130434,1.194335004699217
individual,valence,eeg,svr,20,20,eeg_hm__Cz,26,5,0.11304347826086956,0.919805469722968
individual,valence,eeg,svr,20,20,eeg_hm__Fz,55,5,0.2391304347826087,1.5442517336272819
individual,valence,eeg,svr,20,20,eeg_hm__Oz,39,5,0.16956521739130434,1.1982266935258385
individual,valence,eeg,svr,20,20,eeg_hm__PO7,49,5,0.21304347826086956,1.4823994014823274
individual,valence,eeg,svr,20,20,eeg_hm__PO8,39,5,0.16956521739130434,1.317960007103271
individual,valence,eeg,svr,20,20,eeg_hm__Pz,38,5,0.16521739130434782,1.2580834482340453
individual,valence,eeg,svr,20,20,eeg_mf_hz__C3,53,5,0.23043478260869565,1.366790019770489
individual,valence,eeg,svr,20,20,eeg_mf_hz__C4,47,5,0.20434782608695654,1.2231467991354883
individual,valence,eeg,svr,20,20,eeg_mf_hz__Cz,31,5,0.13478260869565217,0.8838933127729754
individual,valence,eeg,svr,20,20,eeg_mf_hz__Fz,36,5,0.1565217391304348,1.2371583990215984
individual,valence,eeg,svr,20,20,eeg_mf_hz__Oz,17,5,0.07391304347826087,0.8417334391760699
individual,valence,eeg,svr,20,20,eeg_mf_hz__PO7,48,5,0.20869565217391303,1.2447720714948312
individual,valence,eeg,svr,20,20,eeg_mf_hz__PO8,51,5,0.2217391304347826,1.442331548168884
individual,valence,eeg,svr,20,20,eeg_mf_hz__Pz,42,5,0.1826086956521739,1.1192898786425196
individual,valence,eeg,svr,20,20,eeg_sd__C3,44,5,0.19130434782608696,1.2246483261632322
individual,valence,eeg,svr,20,20,eeg_sd__C4,45,5,0.1956521739130435,1.2119725647343238
individual,valence,eeg,svr,20,20,eeg_sd__Cz,45,5,0.1956521739130435,1.1550390458698638
individual,valence,eeg,svr,20,20,eeg_sd__Fz,35,5,0.15217391304347827,1.3442709750182678
individual,valence,eeg,svr,20,20,eeg_sd__Oz,25,5,0.10869565217391304,1.0728355373294716
individual,valence,eeg,svr,20,20,eeg_sd__PO7,69,5,0.3,1.744407720096646
individual,valence,eeg,svr,20,20,eeg_sd__PO8,29,5,0.12608695652173912,1.0326693412088856
individual,valence,eeg,svr,20,20,eeg_sd__Pz,56,5,0.24347826086956523,1.4593840826719753
individual,valence,eeg,svr,20,20,eeg_se__C3,45,5,0.1956521739130435,1.344071637302436
individual,valence,eeg,svr,20,20,eeg_se__C4,26,5,0.11304347826086956,1.0487787701935722
individual,valence,eeg,svr,20,20,eeg_se__Cz,41,5,0.1782608695652174,1.1574479935253463
individual,valence,eeg,svr,20,20,eeg_se__Fz,39,5,0.16956521739130434,1.2614343793407266
individual,valence,eeg,svr,20,20,eeg_se__Oz,30,5,0.13043478260869565,1.0590102325364517
individual,valence,eeg,svr,20,20,eeg_se__PO7,47,5,0.20434782608695654,1.3443691698284923
individual,valence,eeg,svr,20,20,eeg_se__PO8,37,5,0.1608695652173913,1.3239497116353658
individual,valence,eeg,svr,20,20,eeg_se__Pz,46,5,0.2,1.3657981183739831
individual,valence,eeg,svr,20,20,eeg_se_alpha__C3,56,5,0.24347826086956523,1.297726240150444
individual,valence,eeg,svr,20,20,eeg_se_alpha__C4,32,5,0.1391304347826087,1.0620639598551997
individual,valence,eeg,svr,20,20,eeg_se_alpha__Cz,27,5,0.11739130434782609,0.8580026111871988
individual,valence,eeg,svr,20,20,eeg_se_alpha__Fz,46,5,0.2,1.362456215732626
individual,valence,eeg,svr,20,20,eeg_se_alpha__Oz,42,5,0.1826086956521739,1.0671867427201003
individual,valence,eeg,svr,20,20,eeg_se_alpha__PO7,31,5,0.13478260869565217,0.8443020020974584
individual,valence,eeg,svr,20,20,eeg_se_alpha__PO8,31,5,0.13478260869565217,0.9147253226240836
individual,valence,eeg,svr,20,20,eeg_se_alpha__Pz,38,5,0.16521739130434782,1.0206281958788703
individual,valence,eeg,svr,20,20,eeg_se_beta__C3,46,5,0.2,1.2322628109201665
individual,valence,eeg,svr,20,20,eeg_se_beta__C4,28,5,0.12173913043478261,0.9335122869822814
individual,valence,eeg,svr,20,20,eeg_se_beta__Cz,22,5,0.09565217391304348,0.7918478498429543
individual,valence,eeg,svr,20,20,eeg_se_beta__Fz,46,5,0.2,1.2629730600481026
individual,valence,eeg,svr,20,20,eeg_se_beta__Oz,33,5,0.14347826086956522,1.0470219423347993
individual,valence,eeg,svr,20,20,eeg_se_beta__PO7,38,5,0.16521739130434782,1.0439045476545097
individual,valence,eeg,svr,20,20,eeg_se_beta__PO8,26,5,0.11304347826086956,0.9742622853871281
individual,valence,eeg,svr,20,20,eeg_se_beta__Pz,30,5,0.13043478260869565,0.971256280100554
individual,valence,eeg,svr,20,20,eeg_se_delta__C3,32,5,0.1391304347826087,0.9046963892696204
individual,valence,eeg,svr,20,20,eeg_se_delta__C4,33,5,0.14347826086956522,0.9773190400345125
individual,valence,eeg,svr,20,20,eeg_se_delta__Cz,48,5,0.20869565217391303,1.2187065384047642
individual,valence,eeg,svr,20,20,eeg_se_delta__Fz,42,5,0.1826086956521739,1.2280877796020586
individual,valence,eeg,svr,20,20,eeg_se_delta__Oz,38,5,0.16521739130434782,1.016404041566514
individual,valence,eeg,svr,20,20,eeg_se_delta__PO7,46,5,0.2,1.1947716382617046
individual,valence,eeg,svr,20,20,eeg_se_delta__PO8,50,5,0.21739130434782608,1.2909708747615123
individual,valence,eeg,svr,20,20,eeg_se_delta__Pz,20,5,0.08695652173913043,0.800981073362293
individual,valence,eeg,svr,20,20,eeg_se_gamma__C3,32,5,0.1391304347826087,0.9238211223527716
individual,valence,eeg,svr,20,20,eeg_se_gamma__C4,32,5,0.1391304347826087,0.9535984434951836
individual,valence,eeg,svr,20,20,eeg_se_gamma__Cz,50,5,0.21739130434782608,1.5478374960269088
individual,valence,eeg,svr,20,20,eeg_se_gamma__Fz,31,5,0.13478260869565217,1.0597380143909574
individual,valence,eeg,svr,20,20,eeg_se_gamma__Oz,39,5,0.16956521739130434,1.2464246252356408
individual,valence,eeg,svr,20,20,eeg_se_gamma__PO7,32,5,0.1391304347826087,0.9859986437569059
individual,valence,eeg,svr,20,20,eeg_se_gamma__PO8,43,5,0.18695652173913044,1.2042742366998485
individual,valence,eeg,svr,20,20,eeg_se_gamma__Pz,58,5,0.25217391304347825,1.5017394370338597
individual,valence,eeg,svr,20,20,eeg_se_theta__C3,37,5,0.1608695652173913,1.0958890823165968
individual,valence,eeg,svr,20,20,eeg_se_theta__C4,44,5,0.19130434782608696,1.0230210016953982
individual,valence,eeg,svr,20,20,eeg_se_theta__Cz,33,5,0.14347826086956522,1.0453684896949536
individual,valence,eeg,svr,20,20,eeg_se_theta__Fz,30,5,0.13043478260869565,0.8867246085307152
individual,valence,eeg,svr,20,20,eeg_se_theta__Oz,41,5,0.1782608695652174,1.0795528637903546
individual,valence,eeg,svr,20,20,eeg_se_theta__PO7,34,5,0.14782608695652175,1.1149390857030042
individual,valence,eeg,svr,20,20,eeg_se_theta__PO8,34,5,0.14782608695652175,0.9035364207907084
individual,valence,eeg,svr,20,20,eeg_se_theta__Pz,46,5,0.2,1.0700929656310287
individual,valence,eeg,svr,5,5,eeg_bp_alpha__C3,23,5,0.1,1.401749247246441
individual,valence,eeg,svr,5,5,eeg_bp_alpha__C4,11,5,0.04782608695652174,1.0844206276974846
individual,valence,eeg,svr,5,5,eeg_bp_alpha__Cz,9,5,0.0391304347826087,1.0403087940253297
individual,valence,eeg,svr,5,5,eeg_bp_alpha__Fz,5,5,0.021739130434782608,0.9408403910282667
individual,valence,eeg,svr,5,5,eeg_bp_alpha__Oz,11,5,0.04782608695652174,1.1156215805347498
individual,valence,eeg,svr,5,5,eeg_bp_alpha__PO7,12,5,0.05217391304347826,1.2265552475868111
individual,valence,eeg,svr,5,5,eeg_bp_alpha__PO8,17,5,0.07391304347826087,1.2478940231326061
individual,valence,eeg,svr,5,5,eeg_bp_alpha__Pz,4,5,0.017391304347826087,0.8341188938795013
individual,valence,eeg,svr,5,5,eeg_bp_beta__C3,6,5,0.02608695652173913,1.2110529958596967
individual,valence,eeg,svr,5,5,eeg_bp_beta__C4,11,5,0.04782608695652174,1.264271708661913
individual,valence,eeg,svr,5,5,eeg_bp_beta__Cz,4,5,0.017391304347826087,0.7169600062825849
individual,valence,eeg,svr,5,5,eeg_bp_beta__Fz,9,5,0.0391304347826087,1.2166570011864815
individual,valence,eeg,svr,5,5,eeg_bp_beta__Oz,13,5,0.05652173913043478,1.1035870157078924
individual,valence,eeg,svr,5,5,eeg_bp_beta__PO7,9,5,0.0391304347826087,1.2228301133475634
individual,valence,eeg,svr,5,5,eeg_bp_beta__PO8,8,5,0.034782608695652174,1.14747296828799
individual,valence,eeg,svr,5,5,eeg_bp_beta__Pz,12,5,0.05217391304347826,1.0870572273690622
individual,valence,eeg,svr,5,5,eeg_bp_delta__C3,10,5,0.043478260869565216,1.1733664794562741
individual,valence,eeg,svr,5,5,eeg_bp_delta__C4,6,5,0.02608695652173913,1.071723840667791
individual,valence,eeg,svr,5,5,eeg_bp_delta__Cz,5,5,0.021739130434782608,1.092314513644112
individual,valence,eeg,svr,5,5,eeg_bp_delta__Fz,13,5,0.05652173913043478,1.444839589464824
individual,valence,eeg,svr,5,5,eeg_bp_delta__Oz,4,5,0.017391304347826087,1.1884936776244936
individual,valence,eeg,svr,5,5,eeg_bp_delta__PO7,6,5,0.02608695652173913,1.3947631609537783
individual,valence,eeg,svr,5,5,eeg_bp_delta__PO8,3,5,0.013043478260869565,1.043759929157458
individual,valence,eeg,svr,5,5,eeg_bp_delta__Pz,13,5,0.05652173913043478,1.4555230515122508
individual,valence,eeg,svr,5,5,eeg_bp_gamma__C3,7,5,0.030434782608695653,1.020002189692187
individual,valence,eeg,svr,5,5,eeg_bp_gamma__C4,8,5,0.034782608695652174,1.1056852202699587
individual,valence,eeg,svr,5,5,eeg_bp_gamma__Cz,10,5,0.043478260869565216,1.1406181029979414
individual,valence,eeg,svr,5,5,eeg_bp_gamma__Fz,3,5,0.013043478260869565,0.8600324808197762
individual,valence,eeg,svr,5,5,eeg_bp_gamma__Oz,8,5,0.034782608695652174,0.9747053643597989
individual,valence,eeg,svr,5,5,eeg_bp_gamma__PO7,8,5,0.034782608695652174,1.1990266248664916
individual,valence,eeg,svr,5,5,eeg_bp_gamma__PO8,13,5,0.05652173913043478,1.208775667531921
individual,valence,eeg,svr,5,5,eeg_bp_gamma__Pz,13,5,0.05652173913043478,1.3254157373398916
individual,valence,eeg,svr,5,5,eeg_bp_theta__C3,8,5,0.034782608695652174,1.163582825698584
individual,valence,eeg,svr,5,5,eeg_bp_theta__C4,6,5,0.02608695652173913,0.91911736313924
individual,valence,eeg,svr,5,5,eeg_bp_theta__Cz,8,5,0.034782608695652174,1.123966538496895
individual,valence,eeg,svr,5,5,eeg_bp_theta__Fz,7,5,0.030434782608695653,1.0893210167959244
individual,valence,eeg,svr,5,5,eeg_bp_theta__Oz,2,5,0.008695652173913044,1.0959123696028035
individual,valence,eeg,svr,5,5,eeg_bp_theta__PO7,5,5,0.021739130434782608,1.2128899464530514
individual,valence,eeg,svr,5,5,eeg_bp_theta__PO8,8,5,0.034782608695652174,1.4048536160789702
individual,valence,eeg,svr,5,5,eeg_bp_theta__Pz,11,5,0.04782608695652174,1.2628352863663797
individual,valence,eeg,svr,5,5,eeg_hc__C3,14,5,0.06086956521739131,1.2005550341515576
individual,valence,eeg,svr,5,5,eeg_hc__C4,8,5,0.034782608695652174,1.2129908152547224
individual,valence,eeg,svr,5,5,eeg_hc__Cz,8,5,0.034782608695652174,0.9163482855063301
individual,valence,eeg,svr,5,5,eeg_hc__Fz,18,5,0.0782608695652174,1.4265993670421002
individual,valence,eeg,svr,5,5,eeg_hc__Oz,5,5,0.021739130434782608,1.0479586084419295
individual,valence,eeg,svr,5,5,eeg_hc__PO7,18,5,0.0782608695652174,1.3952385171976722
individual,valence,eeg,svr,5,5,eeg_hc__PO8,9,5,0.0391304347826087,1.264583424509145
individual,valence,eeg,svr,5,5,eeg_hc__Pz,7,5,0.030434782608695653,1.1455329509670042
individual,valence,eeg,svr,5,5,eeg_hm__C3,14,5,0.06086956521739131,1.288995620230294
individual,valence,eeg,svr,5,5,eeg_hm__C4,8,5,0.034782608695652174,1.194335004699217
individual,valence,eeg,svr,5,5,eeg_hm__Cz,4,5,0.017391304347826087,0.919805469722968
individual,valence,eeg,svr,5,5,eeg_hm__Fz,12,5,0.05217391304347826,1.5442517336272819
individual,valence,eeg,svr,5,5,eeg_hm__Oz,11,5,0.04782608695652174,1.1982266935258385
individual,valence,eeg,svr,5,5,eeg_hm__PO7,17,5,0.07391304347826087,1.4823994014823274
individual,valence,eeg,svr,5,5,eeg_hm__PO8,10,5,0.043478260869565216,1.317960007103271
individual,valence,eeg,svr,5,5,eeg_hm__Pz,8,5,0.034782608695652174,1.2580834482340453
individual,valence,eeg,svr,5,5,eeg_mf_hz__C3,8,5,0.034782608695652174,1.366790019770489
individual,valence,eeg,svr,5,5,eeg_mf_hz__C4,12,5,0.05217391304347826,1.2231467991354883
individual,valence,eeg,svr,5,5,eeg_mf_hz__Cz,5,5,0.021739130434782608,0.8838933127729754
individual,valence,eeg,svr,5,5,eeg_mf_hz__Fz,9,5,0.0391304347826087,1.2371583990215984
individual,valence,eeg,svr,5,5,eeg_mf_hz__Oz,3,5,0.013043478260869565,0.8417334391760699
individual,valence,eeg,svr,5,5,eeg_mf_hz__PO7,12,5,0.05217391304347826,1.2447720714948312
individual,valence,eeg,svr,5,5,eeg_mf_hz__PO8,13,5,0.05652173913043478,1.442331548168884
individual,valence,eeg,svr,5,5,eeg_mf_hz__Pz,8,5,0.034782608695652174,1.1192898786425196
individual,valence,eeg,svr,5,5,eeg_sd__C3,5,5,0.021739130434782608,1.2246483261632322
individual,valence,eeg,svr,5,5,eeg_sd__C4,6,5,0.02608695652173913,1.2119725647343238
individual,valence,eeg,svr,5,5,eeg_sd__Cz,9,5,0.0391304347826087,1.1550390458698638
individual,valence,eeg,svr,5,5,eeg_sd__Fz,14,5,0.06086956521739131,1.3442709750182678
individual,valence,eeg,svr,5,5,eeg_sd__Oz,1,5,0.004347826086956522,1.0728355373294716
individual,valence,eeg,svr,5,5,eeg_sd__PO7,14,5,0.06086956521739131,1.744407720096646
individual,valence,eeg,svr,5,5,eeg_sd__PO8,2,5,0.008695652173913044,1.0326693412088856
individual,valence,eeg,svr,5,5,eeg_sd__Pz,11,5,0.04782608695652174,1.4593840826719753
individual,valence,eeg,svr,5,5,eeg_se__C3,14,5,0.06086956521739131,1.344071637302436
individual,valence,eeg,svr,5,5,eeg_se__C4,10,5,0.043478260869565216,1.0487787701935722
individual,valence,eeg,svr,5,5,eeg_se__Cz,6,5,0.02608695652173913,1.1574479935253463
individual,valence,eeg,svr,5,5,eeg_se__Fz,4,5,0.017391304347826087,1.2614343793407266
individual,valence,eeg,svr,5,5,eeg_se__Oz,5,5,0.021739130434782608,1.0590102325364517
individual,valence,eeg,svr,5,5,eeg_se__PO7,12,5,0.05217391304347826,1.3443691698284923
individual,valence,eeg,svr,5,5,eeg_se__PO8,11,5,0.04782608695652174,1.3239497116353658
individual,valence,eeg,svr,5,5,eeg_se__Pz,14,5,0.06086956521739131,1.3657981183739831
individual,valence,eeg,svr,5,5,eeg_se_alpha__C3,17,5,0.07391304347826087,1.297726240150444
individual,valence,eeg,svr,5,5,eeg_se_alpha__C4,7,5,0.030434782608695653,1.0620639598551997
individual,valence,eeg,svr,5,5,eeg_se_alpha__Cz,4,5,0.017391304347826087,0.8580026111871988
individual,valence,eeg,svr,5,5,eeg_se_alpha__Fz,20,5,0.08695652173913043,1.362456215732626
individual,valence,eeg,svr,5,5,eeg_se_alpha__Oz,12,5,0.05217391304347826,1.0671867427201003
individual,valence,eeg,svr,5,5,eeg_se_alpha__PO7,4,5,0.017391304347826087,0.8443020020974584
individual,valence,eeg,svr,5,5,eeg_se_alpha__PO8,4,5,0.017391304347826087,0.9147253226240836
individual,valence,eeg,svr,5,5,eeg_se_alpha__Pz,13,5,0.05652173913043478,1.0206281958788703
individual,valence,eeg,svr,5,5,eeg_se_beta__C3,13,5,0.05652173913043478,1.2322628109201665
individual,valence,eeg,svr,5,5,eeg_se_beta__C4,7,5,0.030434782608695653,0.9335122869822814
individual,valence,eeg,svr,5,5,eeg_se_beta__Cz,3,5,0.013043478260869565,0.7918478498429543
individual,valence,eeg,svr,5,5,eeg_se_beta__Fz,14,5,0.06086956521739131,1.2629730600481026
individual,valence,eeg,svr,5,5,eeg_se_beta__Oz,10,5,0.043478260869565216,1.0470219423347993
individual,valence,eeg,svr,5,5,eeg_se_beta__PO7,12,5,0.05217391304347826,1.0439045476545097
individual,valence,eeg,svr,5,5,eeg_se_beta__PO8,10,5,0.043478260869565216,0.9742622853871281
individual,valence,eeg,svr,5,5,eeg_se_beta__Pz,8,5,0.034782608695652174,0.971256280100554
individual,valence,eeg,svr,5,5,eeg_se_delta__C3,4,5,0.017391304347826087,0.9046963892696204
individual,valence,eeg,svr,5,5,eeg_se_delta__C4,6,5,0.02608695652173913,0.9773190400345125
individual,valence,eeg,svr,5,5,eeg_se_delta__Cz,11,5,0.04782608695652174,1.2187065384047642
individual,valence,eeg,svr,5,5,eeg_se_delta__Fz,17,5,0.07391304347826087,1.2280877796020586
individual,valence,eeg,svr,5,5,eeg_se_delta__Oz,6,5,0.02608695652173913,1.016404041566514
individual,valence,eeg,svr,5,5,eeg_se_delta__PO7,12,5,0.05217391304347826,1.1947716382617046
individual,valence,eeg,svr,5,5,eeg_se_delta__PO8,19,5,0.08260869565217391,1.2909708747615123
individual,valence,eeg,svr,5,5,eeg_se_delta__Pz,3,5,0.013043478260869565,0.800981073362293
individual,valence,eeg,svr,5,5,eeg_se_gamma__C3,6,5,0.02608695652173913,0.9238211223527716
individual,valence,eeg,svr,5,5,eeg_se_gamma__C4,13,5,0.05652173913043478,0.9535984434951836
individual,valence,eeg,svr,5,5,eeg_se_gamma__Cz,24,5,0.10434782608695652,1.5478374960269088
individual,valence,eeg,svr,5,5,eeg_se_gamma__Fz,12,5,0.05217391304347826,1.0597380143909574
individual,valence,eeg,svr,5,5,eeg_se_gamma__Oz,13,5,0.05652173913043478,1.2464246252356408
individual,valence,eeg,svr,5,5,eeg_se_gamma__PO7,11,5,0.04782608695652174,0.9859986437569059
individual,valence,eeg,svr,5,5,eeg_se_gamma__PO8,11,5,0.04782608695652174,1.2042742366998485
individual,valence,eeg,svr,5,5,eeg_se_gamma__Pz,16,5,0.06956521739130435,1.5017394370338597
individual,valence,eeg,svr,5,5,eeg_se_theta__C3,14,5,0.06086956521739131,1.0958890823165968
individual,valence,eeg,svr,5,5,eeg_se_theta__C4,5,5,0.021739130434782608,1.0230210016953982
individual,valence,eeg,svr,5,5,eeg_se_theta__Cz,12,5,0.05217391304347826,1.0453684896949536
individual,valence,eeg,svr,5,5,eeg_se_theta__Fz,11,5,0.04782608695652174,0.8867246085307152
individual,valence,eeg,svr,5,5,eeg_se_theta__Oz,9,5,0.0391304347826087,1.0795528637903546
individual,valence,eeg,svr,5,5,eeg_se_theta__PO7,14,5,0.06086956521739131,1.1149390857030042
individual,valence,eeg,svr,5,5,eeg_se_theta__PO8,5,5,0.021739130434782608,0.9035364207907084
individual,valence,eeg,svr,5,5,eeg_se_theta__Pz,10,5,0.043478260869565216,1.0700929656310287
individual,valence,eeg,svr,all,all,eeg_bp_alpha__C3,230,5,1.0,
individual,valence,eeg,svr,all,all,eeg_bp_alpha__C4,230,5,1.0,
individual,valence,eeg,svr,all,all,eeg_bp_alpha__Cz,230,5,1.0,
individual,valence,eeg,svr,all,all,eeg_bp_alpha__Fz,230,5,1.0,
individual,valence,eeg,svr,all,all,eeg_bp_alpha__Oz,230,5,1.0,
individual,valence,eeg,svr,all,all,eeg_bp_alpha__PO7,230,5,1.0,
individual,valence,eeg,svr,all,all,eeg_bp_alpha__PO8,230,5,1.0,
individual,valence,eeg,svr,all,all,eeg_bp_alpha__Pz,230,5,1.0,
individual,valence,eeg,svr,all,all,eeg_bp_beta__C3,230,5,1.0,
individual,valence,eeg,svr,all,all,eeg_bp_beta__C4,230,5,1.0,
individual,valence,eeg,svr,all,all,eeg_bp_beta__Cz,230,5,1.0,
individual,valence,eeg,svr,all,all,eeg_bp_beta__Fz,230,5,1.0,
individual,valence,eeg,svr,all,all,eeg_bp_beta__Oz,230,5,1.0,
individual,valence,eeg,svr,all,all,eeg_bp_beta__PO7,230,5,1.0,
individual,valence,eeg,svr,all,all,eeg_bp_beta__PO8,230,5,1.0,
individual,valence,eeg,svr,all,all,eeg_bp_beta__Pz,230,5,1.0,
individual,valence,eeg,svr,all,all,eeg_bp_delta__C3,230,5,1.0,
individual,valence,eeg,svr,all,all,eeg_bp_delta__C4,230,5,1.0,
individual,valence,eeg,svr,all,all,eeg_bp_delta__Cz,230,5,1.0,
individual,valence,eeg,svr,all,all,eeg_bp_delta__Fz,230,5,1.0,
individual,valence,eeg,svr,all,all,eeg_bp_delta__Oz,230,5,1.0,
individual,valence,eeg,svr,all,all,eeg_bp_delta__PO7,230,5,1.0,
individual,valence,eeg,svr,all,all,eeg_bp_delta__PO8,230,5,1.0,
individual,valence,eeg,svr,all,all,eeg_bp_delta__Pz,230,5,1.0,
individual,valence,eeg,svr,all,all,eeg_bp_gamma__C3,230,5,1.0,
individual,valence,eeg,svr,all,all,eeg_bp_gamma__C4,230,5,1.0,
individual,valence,eeg,svr,all,all,eeg_bp_gamma__Cz,230,5,1.0,
individual,valence,eeg,svr,all,all,eeg_bp_gamma__Fz,230,5,1.0,
individual,valence,eeg,svr,all,all,eeg_bp_gamma__Oz,230,5,1.0,
individual,valence,eeg,svr,all,all,eeg_bp_gamma__PO7,230,5,1.0,
individual,valence,eeg,svr,all,all,eeg_bp_gamma__PO8,230,5,1.0,
individual,valence,eeg,svr,all,all,eeg_bp_gamma__Pz,230,5,1.0,
individual,valence,eeg,svr,all,all,eeg_bp_theta__C3,230,5,1.0,
individual,valence,eeg,svr,all,all,eeg_bp_theta__C4,230,5,1.0,
individual,valence,eeg,svr,all,all,eeg_bp_theta__Cz,230,5,1.0,
individual,valence,eeg,svr,all,all,eeg_bp_theta__Fz,230,5,1.0,
individual,valence,eeg,svr,all,all,eeg_bp_theta__Oz,230,5,1.0,
individual,valence,eeg,svr,all,all,eeg_bp_theta__PO7,230,5,1.0,
individual,valence,eeg,svr,all,all,eeg_bp_theta__PO8,230,5,1.0,
individual,valence,eeg,svr,all,all,eeg_bp_theta__Pz,230,5,1.0,
individual,valence,eeg,svr,all,all,eeg_hc__C3,230,5,1.0,
individual,valence,eeg,svr,all,all,eeg_hc__C4,230,5,1.0,
individual,valence,eeg,svr,all,all,eeg_hc__Cz,230,5,1.0,
individual,valence,eeg,svr,all,all,eeg_hc__Fz,230,5,1.0,
individual,valence,eeg,svr,all,all,eeg_hc__Oz,230,5,1.0,
individual,valence,eeg,svr,all,all,eeg_hc__PO7,230,5,1.0,
individual,valence,eeg,svr,all,all,eeg_hc__PO8,230,5,1.0,
individual,valence,eeg,svr,all,all,eeg_hc__Pz,230,5,1.0,
individual,valence,eeg,svr,all,all,eeg_hm__C3,230,5,1.0,
individual,valence,eeg,svr,all,all,eeg_hm__C4,230,5,1.0,
individual,valence,eeg,svr,all,all,eeg_hm__Cz,230,5,1.0,
individual,valence,eeg,svr,all,all,eeg_hm__Fz,230,5,1.0,
individual,valence,eeg,svr,all,all,eeg_hm__Oz,230,5,1.0,
individual,valence,eeg,svr,all,all,eeg_hm__PO7,230,5,1.0,
individual,valence,eeg,svr,all,all,eeg_hm__PO8,230,5,1.0,
individual,valence,eeg,svr,all,all,eeg_hm__Pz,230,5,1.0,
individual,valence,eeg,svr,all,all,eeg_mf_hz__C3,230,5,1.0,
individual,valence,eeg,svr,all,all,eeg_mf_hz__C4,230,5,1.0,
individual,valence,eeg,svr,all,all,eeg_mf_hz__Cz,230,5,1.0,
individual,valence,eeg,svr,all,all,eeg_mf_hz__Fz,230,5,1.0,
individual,valence,eeg,svr,all,all,eeg_mf_hz__Oz,230,5,1.0,
individual,valence,eeg,svr,all,all,eeg_mf_hz__PO7,230,5,1.0,
individual,valence,eeg,svr,all,all,eeg_mf_hz__PO8,230,5,1.0,
individual,valence,eeg,svr,all,all,eeg_mf_hz__Pz,230,5,1.0,
individual,valence,eeg,svr,all,all,eeg_sd__C3,230,5,1.0,
individual,valence,eeg,svr,all,all,eeg_sd__C4,230,5,1.0,
individual,valence,eeg,svr,all,all,eeg_sd__Cz,230,5,1.0,
individual,valence,eeg,svr,all,all,eeg_sd__Fz,230,5,1.0,
individual,valence,eeg,svr,all,all,eeg_sd__Oz,230,5,1.0,
individual,valence,eeg,svr,all,all,eeg_sd__PO7,230,5,1.0,
individual,valence,eeg,svr,all,all,eeg_sd__PO8,230,5,1.0,
individual,valence,eeg,svr,all,all,eeg_sd__Pz,230,5,1.0,
individual,valence,eeg,svr,all,all,eeg_se__C3,230,5,1.0,
individual,valence,eeg,svr,all,all,eeg_se__C4,230,5,1.0,
individual,valence,eeg,svr,all,all,eeg_se__Cz,230,5,1.0,
individual,valence,eeg,svr,all,all,eeg_se__Fz,230,5,1.0,
individual,valence,eeg,svr,all,all,eeg_se__Oz,230,5,1.0,
individual,valence,eeg,svr,all,all,eeg_se__PO7,230,5,1.0,
individual,valence,eeg,svr,all,all,eeg_se__PO8,230,5,1.0,
individual,valence,eeg,svr,all,all,eeg_se__Pz,230,5,1.0,
individual,valence,eeg,svr,all,all,eeg_se_alpha__C3,230,5,1.0,
individual,valence,eeg,svr,all,all,eeg_se_alpha__C4,230,5,1.0,
individual,valence,eeg,svr,all,all,eeg_se_alpha__Cz,230,5,1.0,
individual,valence,eeg,svr,all,all,eeg_se_alpha__Fz,230,5,1.0,
individual,valence,eeg,svr,all,all,eeg_se_alpha__Oz,230,5,1.0,
individual,valence,eeg,svr,all,all,eeg_se_alpha__PO7,230,5,1.0,
individual,valence,eeg,svr,all,all,eeg_se_alpha__PO8,230,5,1.0,
individual,valence,eeg,svr,all,all,eeg_se_alpha__Pz,230,5,1.0,
individual,valence,eeg,svr,all,all,eeg_se_beta__C3,230,5,1.0,
individual,valence,eeg,svr,all,all,eeg_se_beta__C4,230,5,1.0,
individual,valence,eeg,svr,all,all,eeg_se_beta__Cz,230,5,1.0,
individual,valence,eeg,svr,all,all,eeg_se_beta__Fz,230,5,1.0,
individual,valence,eeg,svr,all,all,eeg_se_beta__Oz,230,5,1.0,
individual,valence,eeg,svr,all,all,eeg_se_beta__PO7,230,5,1.0,
individual,valence,eeg,svr,all,all,eeg_se_beta__PO8,230,5,1.0,
individual,valence,eeg,svr,all,all,eeg_se_beta__Pz,230,5,1.0,
individual,valence,eeg,svr,all,all,eeg_se_delta__C3,230,5,1.0,
individual,valence,eeg,svr,all,all,eeg_se_delta__C4,230,5,1.0,
individual,valence,eeg,svr,all,all,eeg_se_delta__Cz,230,5,1.0,
individual,valence,eeg,svr,all,all,eeg_se_delta__Fz,230,5,1.0,
individual,valence,eeg,svr,all,all,eeg_se_delta__Oz,230,5,1.0,
individual,valence,eeg,svr,all,all,eeg_se_delta__PO7,230,5,1.0,
individual,valence,eeg,svr,all,all,eeg_se_delta__PO8,230,5,1.0,
individual,valence,eeg,svr,all,all,eeg_se_delta__Pz,230,5,1.0,
individual,valence,eeg,svr,all,all,eeg_se_gamma__C3,230,5,1.0,
individual,valence,eeg,svr,all,all,eeg_se_gamma__C4,230,5,1.0,
individual,valence,eeg,svr,all,all,eeg_se_gamma__Cz,230,5,1.0,
individual,valence,eeg,svr,all,all,eeg_se_gamma__Fz,230,5,1.0,
individual,valence,eeg,svr,all,all,eeg_se_gamma__Oz,230,5,1.0,
individual,valence,eeg,svr,all,all,eeg_se_gamma__PO7,230,5,1.0,
individual,valence,eeg,svr,all,all,eeg_se_gamma__PO8,230,5,1.0,
individual,valence,eeg,svr,all,all,eeg_se_gamma__Pz,230,5,1.0,
individual,valence,eeg,svr,all,all,eeg_se_theta__C3,230,5,1.0,
individual,valence,eeg,svr,all,all,eeg_se_theta__C4,230,5,1.0,
individual,valence,eeg,svr,all,all,eeg_se_theta__Cz,230,5,1.0,
individual,valence,eeg,svr,all,all,eeg_se_theta__Fz,230,5,1.0,
individual,valence,eeg,svr,all,all,eeg_se_theta__Oz,230,5,1.0,
individual,valence,eeg,svr,all,all,eeg_se_theta__PO7,230,5,1.0,
individual,valence,eeg,svr,all,all,eeg_se_theta__PO8,230,5,1.0,
individual,valence,eeg,svr,all,all,eeg_se_theta__Pz,230,5,1.0,
individual,valence,face,knn,10,10,video_enso_norm_mean,230,5,1.0,1.2625917759959466
individual,valence,face,knn,10,10,video_enso_norm_std,230,5,1.0,2.1418261690700198
individual,valence,face,knn,10,10,video_eso_norm_mean,230,5,1.0,1.1978800457779843
individual,valence,face,knn,10,10,video_eso_norm_std,230,5,1.0,1.9277690320216279
individual,valence,face,knn,10,10,video_irisdo_norm_mean,230,5,1.0,1.3734675227486948
individual,valence,face,knn,10,10,video_irisdo_norm_std,230,5,1.0,1.8577142386367598
individual,valence,face,knn,10,10,video_mnso_norm_mean,230,5,1.0,1.2664078828966616
individual,valence,face,knn,10,10,video_mnso_norm_std,230,5,1.0,1.772234306606957
individual,valence,face,knn,10,10,video_mwo_norm_mean,230,5,1.0,2.161560851443757
individual,valence,face,knn,10,10,video_mwo_norm_std,230,5,1.0,2.625117019496613
individual,valence,face,knn,20,10,video_enso_norm_mean,230,5,1.0,1.2625917759959466
individual,valence,face,knn,20,10,video_enso_norm_std,230,5,1.0,2.1418261690700198
individual,valence,face,knn,20,10,video_eso_norm_mean,230,5,1.0,1.1978800457779843
individual,valence,face,knn,20,10,video_eso_norm_std,230,5,1.0,1.9277690320216279
individual,valence,face,knn,20,10,video_irisdo_norm_mean,230,5,1.0,1.3734675227486948
individual,valence,face,knn,20,10,video_irisdo_norm_std,230,5,1.0,1.8577142386367598
individual,valence,face,knn,20,10,video_mnso_norm_mean,230,5,1.0,1.2664078828966616
individual,valence,face,knn,20,10,video_mnso_norm_std,230,5,1.0,1.772234306606957
individual,valence,face,knn,20,10,video_mwo_norm_mean,230,5,1.0,2.161560851443757
individual,valence,face,knn,20,10,video_mwo_norm_std,230,5,1.0,2.625117019496613
individual,valence,face,knn,5,5,video_enso_norm_mean,110,5,0.4782608695652174,1.2625917759959466
individual,valence,face,knn,5,5,video_enso_norm_std,121,5,0.5260869565217391,2.1418261690700198
individual,valence,face,knn,5,5,video_eso_norm_mean,90,5,0.391304347826087,1.1978800457779843
individual,valence,face,knn,5,5,video_eso_norm_std,144,5,0.6260869565217392,1.9277690320216279
individual,valence,face,knn,5,5,video_irisdo_norm_mean,110,5,0.4782608695652174,1.3734675227486948
individual,valence,face,knn,5,5,video_irisdo_norm_std,128,5,0.5565217391304348,1.8577142386367598
individual,valence,face,knn,5,5,video_mnso_norm_mean,110,5,0.4782608695652174,1.2664078828966616
individual,valence,face,knn,5,5,video_mnso_norm_std,109,5,0.47391304347826085,1.772234306606957
individual,valence,face,knn,5,5,video_mwo_norm_mean,116,5,0.5043478260869565,2.161560851443757
individual,valence,face,knn,5,5,video_mwo_norm_std,112,5,0.48695652173913045,2.625117019496613
individual,valence,face,knn,all,all,video_enso_norm_mean,230,5,1.0,
individual,valence,face,knn,all,all,video_enso_norm_std,230,5,1.0,
individual,valence,face,knn,all,all,video_eso_norm_mean,230,5,1.0,
individual,valence,face,knn,all,all,video_eso_norm_std,230,5,1.0,
individual,valence,face,knn,all,all,video_irisdo_norm_mean,230,5,1.0,
individual,valence,face,knn,all,all,video_irisdo_norm_std,230,5,1.0,
individual,valence,face,knn,all,all,video_mnso_norm_mean,230,5,1.0,
individual,valence,face,knn,all,all,video_mnso_norm_std,230,5,1.0,
individual,valence,face,knn,all,all,video_mwo_norm_mean,230,5,1.0,
individual,valence,face,knn,all,all,video_mwo_norm_std,230,5,1.0,
individual,valence,face,ridge,10,10,video_enso_norm_mean,230,5,1.0,1.2625917759959466
individual,valence,face,ridge,10,10,video_enso_norm_std,230,5,1.0,2.1418261690700198
individual,valence,face,ridge,10,10,video_eso_norm_mean,230,5,1.0,1.1978800457779843
individual,valence,face,ridge,10,10,video_eso_norm_std,230,5,1.0,1.9277690320216279
individual,valence,face,ridge,10,10,video_irisdo_norm_mean,230,5,1.0,1.3734675227486948
individual,valence,face,ridge,10,10,video_irisdo_norm_std,230,5,1.0,1.8577142386367598
individual,valence,face,ridge,10,10,video_mnso_norm_mean,230,5,1.0,1.2664078828966616
individual,valence,face,ridge,10,10,video_mnso_norm_std,230,5,1.0,1.772234306606957
individual,valence,face,ridge,10,10,video_mwo_norm_mean,230,5,1.0,2.161560851443757
individual,valence,face,ridge,10,10,video_mwo_norm_std,230,5,1.0,2.625117019496613
individual,valence,face,ridge,20,10,video_enso_norm_mean,230,5,1.0,1.2625917759959466
individual,valence,face,ridge,20,10,video_enso_norm_std,230,5,1.0,2.1418261690700198
individual,valence,face,ridge,20,10,video_eso_norm_mean,230,5,1.0,1.1978800457779843
individual,valence,face,ridge,20,10,video_eso_norm_std,230,5,1.0,1.9277690320216279
individual,valence,face,ridge,20,10,video_irisdo_norm_mean,230,5,1.0,1.3734675227486948
individual,valence,face,ridge,20,10,video_irisdo_norm_std,230,5,1.0,1.8577142386367598
individual,valence,face,ridge,20,10,video_mnso_norm_mean,230,5,1.0,1.2664078828966616
individual,valence,face,ridge,20,10,video_mnso_norm_std,230,5,1.0,1.772234306606957
individual,valence,face,ridge,20,10,video_mwo_norm_mean,230,5,1.0,2.161560851443757
individual,valence,face,ridge,20,10,video_mwo_norm_std,230,5,1.0,2.625117019496613
individual,valence,face,ridge,5,5,video_enso_norm_mean,110,5,0.4782608695652174,1.2625917759959466
individual,valence,face,ridge,5,5,video_enso_norm_std,121,5,0.5260869565217391,2.1418261690700198
individual,valence,face,ridge,5,5,video_eso_norm_mean,90,5,0.391304347826087,1.1978800457779843
individual,valence,face,ridge,5,5,video_eso_norm_std,144,5,0.6260869565217392,1.9277690320216279
individual,valence,face,ridge,5,5,video_irisdo_norm_mean,110,5,0.4782608695652174,1.3734675227486948
individual,valence,face,ridge,5,5,video_irisdo_norm_std,128,5,0.5565217391304348,1.8577142386367598
individual,valence,face,ridge,5,5,video_mnso_norm_mean,110,5,0.4782608695652174,1.2664078828966616
individual,valence,face,ridge,5,5,video_mnso_norm_std,109,5,0.47391304347826085,1.772234306606957
individual,valence,face,ridge,5,5,video_mwo_norm_mean,116,5,0.5043478260869565,2.161560851443757
individual,valence,face,ridge,5,5,video_mwo_norm_std,112,5,0.48695652173913045,2.625117019496613
individual,valence,face,ridge,all,all,video_enso_norm_mean,230,5,1.0,
individual,valence,face,ridge,all,all,video_enso_norm_std,230,5,1.0,
individual,valence,face,ridge,all,all,video_eso_norm_mean,230,5,1.0,
individual,valence,face,ridge,all,all,video_eso_norm_std,230,5,1.0,
individual,valence,face,ridge,all,all,video_irisdo_norm_mean,230,5,1.0,
individual,valence,face,ridge,all,all,video_irisdo_norm_std,230,5,1.0,
individual,valence,face,ridge,all,all,video_mnso_norm_mean,230,5,1.0,
individual,valence,face,ridge,all,all,video_mnso_norm_std,230,5,1.0,
individual,valence,face,ridge,all,all,video_mwo_norm_mean,230,5,1.0,
individual,valence,face,ridge,all,all,video_mwo_norm_std,230,5,1.0,
individual,valence,face,svr,10,10,video_enso_norm_mean,230,5,1.0,1.2625917759959466
individual,valence,face,svr,10,10,video_enso_norm_std,230,5,1.0,2.1418261690700198
individual,valence,face,svr,10,10,video_eso_norm_mean,230,5,1.0,1.1978800457779843
individual,valence,face,svr,10,10,video_eso_norm_std,230,5,1.0,1.9277690320216279
individual,valence,face,svr,10,10,video_irisdo_norm_mean,230,5,1.0,1.3734675227486948
individual,valence,face,svr,10,10,video_irisdo_norm_std,230,5,1.0,1.8577142386367598
individual,valence,face,svr,10,10,video_mnso_norm_mean,230,5,1.0,1.2664078828966616
individual,valence,face,svr,10,10,video_mnso_norm_std,230,5,1.0,1.772234306606957
individual,valence,face,svr,10,10,video_mwo_norm_mean,230,5,1.0,2.161560851443757
individual,valence,face,svr,10,10,video_mwo_norm_std,230,5,1.0,2.625117019496613
individual,valence,face,svr,20,10,video_enso_norm_mean,230,5,1.0,1.2625917759959466
individual,valence,face,svr,20,10,video_enso_norm_std,230,5,1.0,2.1418261690700198
individual,valence,face,svr,20,10,video_eso_norm_mean,230,5,1.0,1.1978800457779843
individual,valence,face,svr,20,10,video_eso_norm_std,230,5,1.0,1.9277690320216279
individual,valence,face,svr,20,10,video_irisdo_norm_mean,230,5,1.0,1.3734675227486948
individual,valence,face,svr,20,10,video_irisdo_norm_std,230,5,1.0,1.8577142386367598
individual,valence,face,svr,20,10,video_mnso_norm_mean,230,5,1.0,1.2664078828966616
individual,valence,face,svr,20,10,video_mnso_norm_std,230,5,1.0,1.772234306606957
individual,valence,face,svr,20,10,video_mwo_norm_mean,230,5,1.0,2.161560851443757
individual,valence,face,svr,20,10,video_mwo_norm_std,230,5,1.0,2.625117019496613
individual,valence,face,svr,5,5,video_enso_norm_mean,110,5,0.4782608695652174,1.2625917759959466
individual,valence,face,svr,5,5,video_enso_norm_std,121,5,0.5260869565217391,2.1418261690700198
individual,valence,face,svr,5,5,video_eso_norm_mean,90,5,0.391304347826087,1.1978800457779843
individual,valence,face,svr,5,5,video_eso_norm_std,144,5,0.6260869565217392,1.9277690320216279
individual,valence,face,svr,5,5,video_irisdo_norm_mean,110,5,0.4782608695652174,1.3734675227486948
individual,valence,face,svr,5,5,video_irisdo_norm_std,128,5,0.5565217391304348,1.8577142386367598
individual,valence,face,svr,5,5,video_mnso_norm_mean,110,5,0.4782608695652174,1.2664078828966616
individual,valence,face,svr,5,5,video_mnso_norm_std,109,5,0.47391304347826085,1.772234306606957
individual,valence,face,svr,5,5,video_mwo_norm_mean,116,5,0.5043478260869565,2.161560851443757
individual,valence,face,svr,5,5,video_mwo_norm_std,112,5,0.48695652173913045,2.625117019496613
individual,valence,face,svr,all,all,video_enso_norm_mean,230,5,1.0,
individual,valence,face,svr,all,all,video_enso_norm_std,230,5,1.0,
individual,valence,face,svr,all,all,video_eso_norm_mean,230,5,1.0,
individual,valence,face,svr,all,all,video_eso_norm_std,230,5,1.0,
individual,valence,face,svr,all,all,video_irisdo_norm_mean,230,5,1.0,
individual,valence,face,svr,all,all,video_irisdo_norm_std,230,5,1.0,
individual,valence,face,svr,all,all,video_mnso_norm_mean,230,5,1.0,
individual,valence,face,svr,all,all,video_mnso_norm_std,230,5,1.0,
individual,valence,face,svr,all,all,video_mwo_norm_mean,230,5,1.0,
individual,valence,face,svr,all,all,video_mwo_norm_std,230,5,1.0,
individual,valence,multimodal,knn,10,10,eeg_bp_alpha__C3,31,5,0.13478260869565217,1.401749247246441
individual,valence,multimodal,knn,10,10,eeg_bp_alpha__C4,18,5,0.0782608695652174,1.0844206276974846
individual,valence,multimodal,knn,10,10,eeg_bp_alpha__Cz,15,5,0.06521739130434782,1.0403087940253297
individual,valence,multimodal,knn,10,10,eeg_bp_alpha__Fz,10,5,0.043478260869565216,0.9408403910282667
individual,valence,multimodal,knn,10,10,eeg_bp_alpha__Oz,25,5,0.10869565217391304,1.1156215805347498
individual,valence,multimodal,knn,10,10,eeg_bp_alpha__PO7,18,5,0.0782608695652174,1.2265552475868111
individual,valence,multimodal,knn,10,10,eeg_bp_alpha__PO8,26,5,0.11304347826086956,1.2478940231326061
individual,valence,multimodal,knn,10,10,eeg_bp_alpha__Pz,6,5,0.02608695652173913,0.8341188938795013
individual,valence,multimodal,knn,10,10,eeg_bp_beta__C3,16,5,0.06956521739130435,1.2110529958596967
individual,valence,multimodal,knn,10,10,eeg_bp_beta__C4,20,5,0.08695652173913043,1.264271708661913
individual,valence,multimodal,knn,10,10,eeg_bp_beta__Cz,8,5,0.034782608695652174,0.7169600062825849
individual,valence,multimodal,knn,10,10,eeg_bp_beta__Fz,17,5,0.07391304347826087,1.2166570011864815
individual,valence,multimodal,knn,10,10,eeg_bp_beta__Oz,21,5,0.09130434782608696,1.1035870157078924
individual,valence,multimodal,knn,10,10,eeg_bp_beta__PO7,18,5,0.0782608695652174,1.2228301133475634
individual,valence,multimodal,knn,10,10,eeg_bp_beta__PO8,16,5,0.06956521739130435,1.14747296828799
individual,valence,multimodal,knn,10,10,eeg_bp_beta__Pz,16,5,0.06956521739130435,1.0870572273690622
individual,valence,multimodal,knn,10,10,eeg_bp_delta__C3,14,5,0.06086956521739131,1.1733664794562741
individual,valence,multimodal,knn,10,10,eeg_bp_delta__C4,10,5,0.043478260869565216,1.071723840667791
individual,valence,multimodal,knn,10,10,eeg_bp_delta__Cz,13,5,0.05652173913043478,1.092314513644112
individual,valence,multimodal,knn,10,10,eeg_bp_delta__Fz,19,5,0.08260869565217391,1.444839589464824
individual,valence,multimodal,knn,10,10,eeg_bp_delta__Oz,8,5,0.034782608695652174,1.1884936776244936
individual,valence,multimodal,knn,10,10,eeg_bp_delta__PO7,16,5,0.06956521739130435,1.3947631609537783
individual,valence,multimodal,knn,10,10,eeg_bp_delta__PO8,11,5,0.04782608695652174,1.043759929157458
individual,valence,multimodal,knn,10,10,eeg_bp_delta__Pz,18,5,0.0782608695652174,1.4555230515122508
individual,valence,multimodal,knn,10,10,eeg_bp_gamma__C3,14,5,0.06086956521739131,1.020002189692187
individual,valence,multimodal,knn,10,10,eeg_bp_gamma__C4,14,5,0.06086956521739131,1.1056852202699587
individual,valence,multimodal,knn,10,10,eeg_bp_gamma__Cz,14,5,0.06086956521739131,1.1406181029979414
individual,valence,multimodal,knn,10,10,eeg_bp_gamma__Fz,8,5,0.034782608695652174,0.8600324808197762
individual,valence,multimodal,knn,10,10,eeg_bp_gamma__Oz,11,5,0.04782608695652174,0.9747053643597989
individual,valence,multimodal,knn,10,10,eeg_bp_gamma__PO7,15,5,0.06521739130434782,1.1990266248664916
individual,valence,multimodal,knn,10,10,eeg_bp_gamma__PO8,21,5,0.09130434782608696,1.208775667531921
individual,valence,multimodal,knn,10,10,eeg_bp_gamma__Pz,18,5,0.0782608695652174,1.3254157373398916
individual,valence,multimodal,knn,10,10,eeg_bp_theta__C3,16,5,0.06956521739130435,1.163582825698584
individual,valence,multimodal,knn,10,10,eeg_bp_theta__C4,10,5,0.043478260869565216,0.91911736313924
individual,valence,multimodal,knn,10,10,eeg_bp_theta__Cz,15,5,0.06521739130434782,1.123966538496895
individual,valence,multimodal,knn,10,10,eeg_bp_theta__Fz,11,5,0.04782608695652174,1.0893210167959244
individual,valence,multimodal,knn,10,10,eeg_bp_theta__Oz,13,5,0.05652173913043478,1.0959123696028035
individual,valence,multimodal,knn,10,10,eeg_bp_theta__PO7,13,5,0.05652173913043478,1.2128899464530514
individual,valence,multimodal,knn,10,10,eeg_bp_theta__PO8,22,5,0.09565217391304348,1.4048536160789702
individual,valence,multimodal,knn,10,10,eeg_bp_theta__Pz,20,5,0.08695652173913043,1.2628352863663797
individual,valence,multimodal,knn,10,10,eeg_hc__C3,23,5,0.1,1.2005550341515576
individual,valence,multimodal,knn,10,10,eeg_hc__C4,19,5,0.08260869565217391,1.2129908152547224
individual,valence,multimodal,knn,10,10,eeg_hc__Cz,10,5,0.043478260869565216,0.9163482855063301
individual,valence,multimodal,knn,10,10,eeg_hc__Fz,25,5,0.10869565217391304,1.4265993670421002
individual,valence,multimodal,knn,10,10,eeg_hc__Oz,13,5,0.05652173913043478,1.0479586084419295
individual,valence,multimodal,knn,10,10,eeg_hc__PO7,22,5,0.09565217391304348,1.3952385171976722
individual,valence,multimodal,knn,10,10,eeg_hc__PO8,21,5,0.09130434782608696,1.264583424509145
individual,valence,multimodal,knn,10,10,eeg_hc__Pz,14,5,0.06086956521739131,1.1455329509670042
individual,valence,multimodal,knn,10,10,eeg_hm__C3,20,5,0.08695652173913043,1.288995620230294
individual,valence,multimodal,knn,10,10,eeg_hm__C4,13,5,0.05652173913043478,1.194335004699217
individual,valence,multimodal,knn,10,10,eeg_hm__Cz,7,5,0.030434782608695653,0.919805469722968
individual,valence,multimodal,knn,10,10,eeg_hm__Fz,26,5,0.11304347826086956,1.5442517336272819
individual,valence,multimodal,knn,10,10,eeg_hm__Oz,16,5,0.06956521739130435,1.1982266935258385
individual,valence,multimodal,knn,10,10,eeg_hm__PO7,22,5,0.09565217391304348,1.4823994014823274
individual,valence,multimodal,knn,10,10,eeg_hm__PO8,19,5,0.08260869565217391,1.317960007103271
individual,valence,multimodal,knn,10,10,eeg_hm__Pz,16,5,0.06956521739130435,1.2580834482340453
individual,valence,multimodal,knn,10,10,eeg_mf_hz__C3,21,5,0.09130434782608696,1.366790019770489
individual,valence,multimodal,knn,10,10,eeg_mf_hz__C4,20,5,0.08695652173913043,1.2231467991354883
individual,valence,multimodal,knn,10,10,eeg_mf_hz__Cz,13,5,0.05652173913043478,0.8838933127729754
individual,valence,multimodal,knn,10,10,eeg_mf_hz__Fz,18,5,0.0782608695652174,1.2371583990215984
individual,valence,multimodal,knn,10,10,eeg_mf_hz__Oz,6,5,0.02608695652173913,0.8417334391760699
individual,valence,multimodal,knn,10,10,eeg_mf_hz__PO7,20,5,0.08695652173913043,1.2447720714948312
individual,valence,multimodal,knn,10,10,eeg_mf_hz__PO8,22,5,0.09565217391304348,1.442331548168884
individual,valence,multimodal,knn,10,10,eeg_mf_hz__Pz,17,5,0.07391304347826087,1.1192898786425196
individual,valence,multimodal,knn,10,10,eeg_sd__C3,13,5,0.05652173913043478,1.2246483261632322
individual,valence,multimodal,knn,10,10,eeg_sd__C4,16,5,0.06956521739130435,1.2119725647343238
individual,valence,multimodal,knn,10,10,eeg_sd__Cz,15,5,0.06521739130434782,1.1550390458698638
individual,valence,multimodal,knn,10,10,eeg_sd__Fz,21,5,0.09130434782608696,1.3442709750182678
individual,valence,multimodal,knn,10,10,eeg_sd__Oz,8,5,0.034782608695652174,1.0728355373294716
individual,valence,multimodal,knn,10,10,eeg_sd__PO7,30,5,0.13043478260869565,1.744407720096646
individual,valence,multimodal,knn,10,10,eeg_sd__PO8,8,5,0.034782608695652174,1.0326693412088856
individual,valence,multimodal,knn,10,10,eeg_sd__Pz,21,5,0.09130434782608696,1.4593840826719753
individual,valence,multimodal,knn,10,10,eeg_se__C3,19,5,0.08260869565217391,1.344071637302436
individual,valence,multimodal,knn,10,10,eeg_se__C4,15,5,0.06521739130434782,1.0487787701935722
individual,valence,multimodal,knn,10,10,eeg_se__Cz,14,5,0.06086956521739131,1.1574479935253463
individual,valence,multimodal,knn,10,10,eeg_se__Fz,13,5,0.05652173913043478,1.2614343793407266
individual,valence,multimodal,knn,10,10,eeg_se__Oz,10,5,0.043478260869565216,1.0590102325364517
individual,valence,multimodal,knn,10,10,eeg_se__PO7,17,5,0.07391304347826087,1.3443691698284923
individual,valence,multimodal,knn,10,10,eeg_se__PO8,16,5,0.06956521739130435,1.3239497116353658
individual,valence,multimodal,knn,10,10,eeg_se__Pz,22,5,0.09565217391304348,1.3657981183739831
individual,valence,multimodal,knn,10,10,eeg_se_alpha__C3,29,5,0.12608695652173912,1.297726240150444
individual,valence,multimodal,knn,10,10,eeg_se_alpha__C4,15,5,0.06521739130434782,1.0620639598551997
individual,valence,multimodal,knn,10,10,eeg_se_alpha__Cz,11,5,0.04782608695652174,0.8580026111871988
individual,valence,multimodal,knn,10,10,eeg_se_alpha__Fz,27,5,0.11739130434782609,1.362456215732626
individual,valence,multimodal,knn,10,10,eeg_se_alpha__Oz,21,5,0.09130434782608696,1.0671867427201003
individual,valence,multimodal,knn,10,10,eeg_se_alpha__PO7,8,5,0.034782608695652174,0.8443020020974584
individual,valence,multimodal,knn,10,10,eeg_se_alpha__PO8,11,5,0.04782608695652174,0.9147253226240836
individual,valence,multimodal,knn,10,10,eeg_se_alpha__Pz,17,5,0.07391304347826087,1.0206281958788703
individual,valence,multimodal,knn,10,10,eeg_se_beta__C3,16,5,0.06956521739130435,1.2322628109201665
individual,valence,multimodal,knn,10,10,eeg_se_beta__C4,13,5,0.05652173913043478,0.9335122869822814
individual,valence,multimodal,knn,10,10,eeg_se_beta__Cz,6,5,0.02608695652173913,0.7918478498429543
individual,valence,multimodal,knn,10,10,eeg_se_beta__Fz,26,5,0.11304347826086956,1.2629730600481026
individual,valence,multimodal,knn,10,10,eeg_se_beta__Oz,16,5,0.06956521739130435,1.0470219423347993
individual,valence,multimodal,knn,10,10,eeg_se_beta__PO7,19,5,0.08260869565217391,1.0439045476545097
individual,valence,multimodal,knn,10,10,eeg_se_beta__PO8,15,5,0.06521739130434782,0.9742622853871281
individual,valence,multimodal,knn,10,10,eeg_se_beta__Pz,19,5,0.08260869565217391,0.971256280100554
individual,valence,multimodal,knn,10,10,eeg_se_delta__C3,8,5,0.034782608695652174,0.9046963892696204
individual,valence,multimodal,knn,10,10,eeg_se_delta__C4,14,5,0.06086956521739131,0.9773190400345125
individual,valence,multimodal,knn,10,10,eeg_se_delta__Cz,16,5,0.06956521739130435,1.2187065384047642
individual,valence,multimodal,knn,10,10,eeg_se_delta__Fz,22,5,0.09565217391304348,1.2280877796020586
individual,valence,multimodal,knn,10,10,eeg_se_delta__Oz,11,5,0.04782608695652174,1.016404041566514
individual,valence,multimodal,knn,10,10,eeg_se_delta__PO7,20,5,0.08695652173913043,1.1947716382617046
individual,valence,multimodal,knn,10,10,eeg_se_delta__PO8,26,5,0.11304347826086956,1.2909708747615123
individual,valence,multimodal,knn,10,10,eeg_se_delta__Pz,8,5,0.034782608695652174,0.800981073362293
individual,valence,multimodal,knn,10,10,eeg_se_gamma__C3,14,5,0.06086956521739131,0.9238211223527716
individual,valence,multimodal,knn,10,10,eeg_se_gamma__C4,19,5,0.08260869565217391,0.9535984434951836
individual,valence,multimodal,knn,10,10,eeg_se_gamma__Cz,29,5,0.12608695652173912,1.5478374960269088
individual,valence,multimodal,knn,10,10,eeg_se_gamma__Fz,20,5,0.08695652173913043,1.0597380143909574
individual,valence,multimodal,knn,10,10,eeg_se_gamma__Oz,19,5,0.08260869565217391,1.2464246252356408
individual,valence,multimodal,knn,10,10,eeg_se_gamma__PO7,13,5,0.05652173913043478,0.9859986437569059
individual,valence,multimodal,knn,10,10,eeg_se_gamma__PO8,22,5,0.09565217391304348,1.2042742366998485
individual,valence,multimodal,knn,10,10,eeg_se_gamma__Pz,23,5,0.1,1.5017394370338597
individual,valence,multimodal,knn,10,10,eeg_se_theta__C3,20,5,0.08695652173913043,1.0958890823165968
individual,valence,multimodal,knn,10,10,eeg_se_theta__C4,15,5,0.06521739130434782,1.0230210016953982
individual,valence,multimodal,knn,10,10,eeg_se_theta__Cz,16,5,0.06956521739130435,1.0453684896949536
individual,valence,multimodal,knn,10,10,eeg_se_theta__Fz,15,5,0.06521739130434782,0.8867246085307152
individual,valence,multimodal,knn,10,10,eeg_se_theta__Oz,17,5,0.07391304347826087,1.0795528637903546
individual,valence,multimodal,knn,10,10,eeg_se_theta__PO7,20,5,0.08695652173913043,1.1149390857030042
individual,valence,multimodal,knn,10,10,eeg_se_theta__PO8,13,5,0.05652173913043478,0.9035364207907084
individual,valence,multimodal,knn,10,10,eeg_se_theta__Pz,17,5,0.07391304347826087,1.0700929656310287
individual,valence,multimodal,knn,10,10,video_enso_norm_mean,30,5,0.13043478260869565,1.3291499609713184
individual,valence,multimodal,knn,10,10,video_enso_norm_std,43,5,0.18695652173913044,1.9119128160599526
individual,valence,multimodal,knn,10,10,video_eso_norm_mean,20,5,0.08695652173913043,1.2866197089552376
individual,valence,multimodal,knn,10,10,video_eso_norm_std,36,5,0.1565217391304348,1.8090301860946538
individual,valence,multimodal,knn,10,10,video_irisdo_norm_mean,29,5,0.12608695652173912,1.3573170724856691
individual,valence,multimodal,knn,10,10,video_irisdo_norm_std,36,5,0.1565217391304348,1.6914551056734863
individual,valence,multimodal,knn,10,10,video_mnso_norm_mean,20,5,0.08695652173913043,1.214969114631459
individual,valence,multimodal,knn,10,10,video_mnso_norm_std,24,5,0.10434782608695652,1.5500691251788397
individual,valence,multimodal,knn,10,10,video_mwo_norm_mean,36,5,0.1565217391304348,1.9645245498227657
individual,valence,multimodal,knn,10,10,video_mwo_norm_std,34,5,0.14782608695652175,2.4494618150992014
individual,valence,multimodal,knn,20,20,eeg_bp_alpha__C3,48,5,0.20869565217391303,1.401749247246441
individual,valence,multimodal,knn,20,20,eeg_bp_alpha__C4,38,5,0.16521739130434782,1.0844206276974846
individual,valence,multimodal,knn,20,20,eeg_bp_alpha__Cz,29,5,0.12608695652173912,1.0403087940253297
individual,valence,multimodal,knn,20,20,eeg_bp_alpha__Fz,23,5,0.1,0.9408403910282667
individual,valence,multimodal,knn,20,20,eeg_bp_alpha__Oz,38,5,0.16521739130434782,1.1156215805347498
individual,valence,multimodal,knn,20,20,eeg_bp_alpha__PO7,36,5,0.1565217391304348,1.2265552475868111
individual,valence,multimodal,knn,20,20,eeg_bp_alpha__PO8,47,5,0.20434782608695654,1.2478940231326061
individual,valence,multimodal,knn,20,20,eeg_bp_alpha__Pz,20,5,0.08695652173913043,0.8341188938795013
individual,valence,multimodal,knn,20,20,eeg_bp_beta__C3,40,5,0.17391304347826086,1.2110529958596967
individual,valence,multimodal,knn,20,20,eeg_bp_beta__C4,38,5,0.16521739130434782,1.264271708661913
individual,valence,multimodal,knn,20,20,eeg_bp_beta__Cz,14,5,0.06086956521739131,0.7169600062825849
individual,valence,multimodal,knn,20,20,eeg_bp_beta__Fz,35,5,0.15217391304347827,1.2166570011864815
individual,valence,multimodal,knn,20,20,eeg_bp_beta__Oz,32,5,0.1391304347826087,1.1035870157078924
individual,valence,multimodal,knn,20,20,eeg_bp_beta__PO7,35,5,0.15217391304347827,1.2228301133475634
individual,valence,multimodal,knn,20,20,eeg_bp_beta__PO8,27,5,0.11739130434782609,1.14747296828799
individual,valence,multimodal,knn,20,20,eeg_bp_beta__Pz,25,5,0.10869565217391304,1.0870572273690622
individual,valence,multimodal,knn,20,20,eeg_bp_delta__C3,32,5,0.1391304347826087,1.1733664794562741
individual,valence,multimodal,knn,20,20,eeg_bp_delta__C4,29,5,0.12608695652173912,1.071723840667791
individual,valence,multimodal,knn,20,20,eeg_bp_delta__Cz,30,5,0.13043478260869565,1.092314513644112
individual,valence,multimodal,knn,20,20,eeg_bp_delta__Fz,42,5,0.1826086956521739,1.444839589464824
individual,valence,multimodal,knn,20,20,eeg_bp_delta__Oz,33,5,0.14347826086956522,1.1884936776244936
individual,valence,multimodal,knn,20,20,eeg_bp_delta__PO7,41,5,0.1782608695652174,1.3947631609537783
individual,valence,multimodal,knn,20,20,eeg_bp_delta__PO8,27,5,0.11739130434782609,1.043759929157458
individual,valence,multimodal,knn,20,20,eeg_bp_delta__Pz,47,5,0.20434782608695654,1.4555230515122508
individual,valence,multimodal,knn,20,20,eeg_bp_gamma__C3,31,5,0.13478260869565217,1.020002189692187
individual,valence,multimodal,knn,20,20,eeg_bp_gamma__C4,28,5,0.12173913043478261,1.1056852202699587
individual,valence,multimodal,knn,20,20,eeg_bp_gamma__Cz,33,5,0.14347826086956522,1.1406181029979414
individual,valence,multimodal,knn,20,20,eeg_bp_gamma__Fz,23,5,0.1,0.8600324808197762
individual,valence,multimodal,knn,20,20,eeg_bp_gamma__Oz,30,5,0.13043478260869565,0.9747053643597989
individual,valence,multimodal,knn,20,20,eeg_bp_gamma__PO7,40,5,0.17391304347826086,1.1990266248664916
individual,valence,multimodal,knn,20,20,eeg_bp_gamma__PO8,39,5,0.16956521739130434,1.208775667531921
individual,valence,multimodal,knn,20,20,eeg_bp_gamma__Pz,37,5,0.1608695652173913,1.3254157373398916
individual,valence,multimodal,knn,20,20,eeg_bp_theta__C3,39,5,0.16956521739130434,1.163582825698584
individual,valence,multimodal,knn,20,20,eeg_bp_theta__C4,21,5,0.09130434782608696,0.91911736313924
individual,valence,multimodal,knn,20,20,eeg_bp_theta__Cz,30,5,0.13043478260869565,1.123966538496895
individual,valence,multimodal,knn,20,20,eeg_bp_theta__Fz,25,5,0.10869565217391304,1.0893210167959244
individual,valence,multimodal,knn,20,20,eeg_bp_theta__Oz,38,5,0.16521739130434782,1.0959123696028035
individual,valence,multimodal,knn,20,20,eeg_bp_theta__PO7,35,5,0.15217391304347827,1.2128899464530514
individual,valence,multimodal,knn,20,20,eeg_bp_theta__PO8,40,5,0.17391304347826086,1.4048536160789702
individual,valence,multimodal,knn,20,20,eeg_bp_theta__Pz,36,5,0.1565217391304348,1.2628352863663797
individual,valence,multimodal,knn,20,20,eeg_hc__C3,33,5,0.14347826086956522,1.2005550341515576
individual,valence,multimodal,knn,20,20,eeg_hc__C4,36,5,0.1565217391304348,1.2129908152547224
individual,valence,multimodal,knn,20,20,eeg_hc__Cz,24,5,0.10434782608695652,0.9163482855063301
individual,valence,multimodal,knn,20,20,eeg_hc__Fz,44,5,0.19130434782608696,1.4265993670421002
individual,valence,multimodal,knn,20,20,eeg_hc__Oz,31,5,0.13478260869565217,1.0479586084419295
individual,valence,multimodal,knn,20,20,eeg_hc__PO7,36,5,0.1565217391304348,1.3952385171976722
individual,valence,multimodal,knn,20,20,eeg_hc__PO8,39,5,0.16956521739130434,1.264583424509145
individual,valence,multimodal,knn,20,20,eeg_hc__Pz,29,5,0.12608695652173912,1.1455329509670042
individual,valence,multimodal,knn,20,20,eeg_hm__C3,38,5,0.16521739130434782,1.288995620230294
individual,valence,multimodal,knn,20,20,eeg_hm__C4,33,5,0.14347826086956522,1.194335004699217
individual,valence,multimodal,knn,20,20,eeg_hm__Cz,21,5,0.09130434782608696,0.919805469722968
individual,valence,multimodal,knn,20,20,eeg_hm__Fz,51,5,0.2217391304347826,1.5442517336272819
individual,valence,multimodal,knn,20,20,eeg_hm__Oz,36,5,0.1565217391304348,1.1982266935258385
individual,valence,multimodal,knn,20,20,eeg_hm__PO7,43,5,0.18695652173913044,1.4823994014823274
individual,valence,multimodal,knn,20,20,eeg_hm__PO8,38,5,0.16521739130434782,1.317960007103271
individual,valence,multimodal,knn,20,20,eeg_hm__Pz,37,5,0.1608695652173913,1.2580834482340453
individual,valence,multimodal,knn,20,20,eeg_mf_hz__C3,47,5,0.20434782608695654,1.366790019770489
individual,valence,multimodal,knn,20,20,eeg_mf_hz__C4,42,5,0.1826086956521739,1.2231467991354883
individual,valence,multimodal,knn,20,20,eeg_mf_hz__Cz,27,5,0.11739130434782609,0.8838933127729754
individual,valence,multimodal,knn,20,20,eeg_mf_hz__Fz,30,5,0.13043478260869565,1.2371583990215984
individual,valence,multimodal,knn,20,20,eeg_mf_hz__Oz,17,5,0.07391304347826087,0.8417334391760699
individual,valence,multimodal,knn,20,20,eeg_mf_hz__PO7,42,5,0.1826086956521739,1.2447720714948312
individual,valence,multimodal,knn,20,20,eeg_mf_hz__PO8,48,5,0.20869565217391303,1.442331548168884
individual,valence,multimodal,knn,20,20,eeg_mf_hz__Pz,37,5,0.1608695652173913,1.1192898786425196
individual,valence,multimodal,knn,20,20,eeg_sd__C3,38,5,0.16521739130434782,1.2246483261632322
individual,valence,multimodal,knn,20,20,eeg_sd__C4,40,5,0.17391304347826086,1.2119725647343238
individual,valence,multimodal,knn,20,20,eeg_sd__Cz,38,5,0.16521739130434782,1.1550390458698638
individual,valence,multimodal,knn,20,20,eeg_sd__Fz,32,5,0.1391304347826087,1.3442709750182678
individual,valence,multimodal,knn,20,20,eeg_sd__Oz,23,5,0.1,1.0728355373294716
individual,valence,multimodal,knn,20,20,eeg_sd__PO7,65,5,0.2826086956521739,1.744407720096646
individual,valence,multimodal,knn,20,20,eeg_sd__PO8,25,5,0.10869565217391304,1.0326693412088856
individual,valence,multimodal,knn,20,20,eeg_sd__Pz,51,5,0.2217391304347826,1.4593840826719753
individual,valence,multimodal,knn,20,20,eeg_se__C3,43,5,0.18695652173913044,1.344071637302436
individual,valence,multimodal,knn,20,20,eeg_se__C4,24,5,0.10434782608695652,1.0487787701935722
individual,valence,multimodal,knn,20,20,eeg_se__Cz,31,5,0.13478260869565217,1.1574479935253463
individual,valence,multimodal,knn,20,20,eeg_se__Fz,33,5,0.14347826086956522,1.2614343793407266
individual,valence,multimodal,knn,20,20,eeg_se__Oz,27,5,0.11739130434782609,1.0590102325364517
individual,valence,multimodal,knn,20,20,eeg_se__PO7,43,5,0.18695652173913044,1.3443691698284923
individual,valence,multimodal,knn,20,20,eeg_se__PO8,29,5,0.12608695652173912,1.3239497116353658
individual,valence,multimodal,knn,20,20,eeg_se__Pz,42,5,0.1826086956521739,1.3657981183739831
individual,valence,multimodal,knn,20,20,eeg_se_alpha__C3,52,5,0.22608695652173913,1.297726240150444
individual,valence,multimodal,knn,20,20,eeg_se_alpha__C4,26,5,0.11304347826086956,1.0620639598551997
individual,valence,multimodal,knn,20,20,eeg_se_alpha__Cz,25,5,0.10869565217391304,0.8580026111871988
individual,valence,multimodal,knn,20,20,eeg_se_alpha__Fz,42,5,0.1826086956521739,1.362456215732626
individual,valence,multimodal,knn,20,20,eeg_se_alpha__Oz,39,5,0.16956521739130434,1.0671867427201003
individual,valence,multimodal,knn,20,20,eeg_se_alpha__PO7,31,5,0.13478260869565217,0.8443020020974584
individual,valence,multimodal,knn,20,20,eeg_se_alpha__PO8,29,5,0.12608695652173912,0.9147253226240836
individual,valence,multimodal,knn,20,20,eeg_se_alpha__Pz,35,5,0.15217391304347827,1.0206281958788703
individual,valence,multimodal,knn,20,20,eeg_se_beta__C3,41,5,0.1782608695652174,1.2322628109201665
individual,valence,multimodal,knn,20,20,eeg_se_beta__C4,27,5,0.11739130434782609,0.9335122869822814
individual,valence,multimodal,knn,20,20,eeg_se_beta__Cz,16,5,0.06956521739130435,0.7918478498429543
individual,valence,multimodal,knn,20,20,eeg_se_beta__Fz,41,5,0.1782608695652174,1.2629730600481026
individual,valence,multimodal,knn,20,20,eeg_se_beta__Oz,32,5,0.1391304347826087,1.0470219423347993
individual,valence,multimodal,knn,20,20,eeg_se_beta__PO7,36,5,0.1565217391304348,1.0439045476545097
individual,valence,multimodal,knn,20,20,eeg_se_beta__PO8,23,5,0.1,0.9742622853871281
individual,valence,multimodal,knn,20,20,eeg_se_beta__Pz,24,5,0.10434782608695652,0.971256280100554
individual,valence,multimodal,knn,20,20,eeg_se_delta__C3,31,5,0.13478260869565217,0.9046963892696204
individual,valence,multimodal,knn,20,20,eeg_se_delta__C4,27,5,0.11739130434782609,0.9773190400345125
individual,valence,multimodal,knn,20,20,eeg_se_delta__Cz,45,5,0.1956521739130435,1.2187065384047642
individual,valence,multimodal,knn,20,20,eeg_se_delta__Fz,33,5,0.14347826086956522,1.2280877796020586
individual,valence,multimodal,knn,20,20,eeg_se_delta__Oz,33,5,0.14347826086956522,1.016404041566514
individual,valence,multimodal,knn,20,20,eeg_se_delta__PO7,40,5,0.17391304347826086,1.1947716382617046
individual,valence,multimodal,knn,20,20,eeg_se_delta__PO8,44,5,0.19130434782608696,1.2909708747615123
individual,valence,multimodal,knn,20,20,eeg_se_delta__Pz,17,5,0.07391304347826087,0.800981073362293
individual,valence,multimodal,knn,20,20,eeg_se_gamma__C3,30,5,0.13043478260869565,0.9238211223527716
individual,valence,multimodal,knn,20,20,eeg_se_gamma__C4,29,5,0.12608695652173912,0.9535984434951836
individual,valence,multimodal,knn,20,20,eeg_se_gamma__Cz,47,5,0.20434782608695654,1.5478374960269088
individual,valence,multimodal,knn,20,20,eeg_se_gamma__Fz,31,5,0.13478260869565217,1.0597380143909574
individual,valence,multimodal,knn,20,20,eeg_se_gamma__Oz,37,5,0.1608695652173913,1.2464246252356408
individual,valence,multimodal,knn,20,20,eeg_se_gamma__PO7,27,5,0.11739130434782609,0.9859986437569059
individual,valence,multimodal,knn,20,20,eeg_se_gamma__PO8,41,5,0.1782608695652174,1.2042742366998485
individual,valence,multimodal,knn,20,20,eeg_se_gamma__Pz,49,5,0.21304347826086956,1.5017394370338597
individual,valence,multimodal,knn,20,20,eeg_se_theta__C3,35,5,0.15217391304347827,1.0958890823165968
individual,valence,multimodal,knn,20,20,eeg_se_theta__C4,37,5,0.1608695652173913,1.0230210016953982
individual,valence,multimodal,knn,20,20,eeg_se_theta__Cz,30,5,0.13043478260869565,1.0453684896949536
individual,valence,multimodal,knn,20,20,eeg_se_theta__Fz,28,5,0.12173913043478261,0.8867246085307152
individual,valence,multimodal,knn,20,20,eeg_se_theta__Oz,35,5,0.15217391304347827,1.0795528637903546
individual,valence,multimodal,knn,20,20,eeg_se_theta__PO7,32,5,0.1391304347826087,1.1149390857030042
individual,valence,multimodal,knn,20,20,eeg_se_theta__PO8,29,5,0.12608695652173912,0.9035364207907084
individual,valence,multimodal,knn,20,20,eeg_se_theta__Pz,35,5,0.15217391304347827,1.0700929656310287
individual,valence,multimodal,knn,20,20,video_enso_norm_mean,43,5,0.18695652173913044,1.3291499609713184
individual,valence,multimodal,knn,20,20,video_enso_norm_std,63,5,0.27391304347826084,1.9119128160599526
individual,valence,multimodal,knn,20,20,video_eso_norm_mean,34,5,0.14782608695652175,1.2866197089552376
individual,valence,multimodal,knn,20,20,video_eso_norm_std,63,5,0.27391304347826084,1.8090301860946538
individual,valence,multimodal,knn,20,20,video_irisdo_norm_mean,43,5,0.18695652173913044,1.3573170724856691
individual,valence,multimodal,knn,20,20,video_irisdo_norm_std,53,5,0.23043478260869565,1.6914551056734863
individual,valence,multimodal,knn,20,20,video_mnso_norm_mean,43,5,0.18695652173913044,1.214969114631459
individual,valence,multimodal,knn,20,20,video_mnso_norm_std,40,5,0.17391304347826086,1.5500691251788397
individual,valence,multimodal,knn,20,20,video_mwo_norm_mean,56,5,0.24347826086956523,1.9645245498227657
individual,valence,multimodal,knn,20,20,video_mwo_norm_std,47,5,0.20434782608695654,2.4494618150992014
individual,valence,multimodal,knn,5,5,eeg_bp_alpha__C3,22,5,0.09565217391304348,1.401749247246441
individual,valence,multimodal,knn,5,5,eeg_bp_alpha__C4,9,5,0.0391304347826087,1.0844206276974846
individual,valence,multimodal,knn,5,5,eeg_bp_alpha__Cz,8,5,0.034782608695652174,1.0403087940253297
individual,valence,multimodal,knn,5,5,eeg_bp_alpha__Fz,5,5,0.021739130434782608,0.9408403910282667
individual,valence,multimodal,knn,5,5,eeg_bp_alpha__Oz,10,5,0.043478260869565216,1.1156215805347498
individual,valence,multimodal,knn,5,5,eeg_bp_alpha__PO7,12,5,0.05217391304347826,1.2265552475868111
individual,valence,multimodal,knn,5,5,eeg_bp_alpha__PO8,12,5,0.05217391304347826,1.2478940231326061
individual,valence,multimodal,knn,5,5,eeg_bp_alpha__Pz,4,5,0.017391304347826087,0.8341188938795013
individual,valence,multimodal,knn,5,5,eeg_bp_beta__C3,4,5,0.017391304347826087,1.2110529958596967
individual,valence,multimodal,knn,5,5,eeg_bp_beta__C4,8,5,0.034782608695652174,1.264271708661913
individual,valence,multimodal,knn,5,5,eeg_bp_beta__Cz,1,5,0.004347826086956522,0.7169600062825849
individual,valence,multimodal,knn,5,5,eeg_bp_beta__Fz,8,5,0.034782608695652174,1.2166570011864815
individual,valence,multimodal,knn,5,5,eeg_bp_beta__Oz,10,5,0.043478260869565216,1.1035870157078924
individual,valence,multimodal,knn,5,5,eeg_bp_beta__PO7,7,5,0.030434782608695653,1.2228301133475634
individual,valence,multimodal,knn,5,5,eeg_bp_beta__PO8,7,5,0.030434782608695653,1.14747296828799
individual,valence,multimodal,knn,5,5,eeg_bp_beta__Pz,9,5,0.0391304347826087,1.0870572273690622
individual,valence,multimodal,knn,5,5,eeg_bp_delta__C3,9,5,0.0391304347826087,1.1733664794562741
individual,valence,multimodal,knn,5,5,eeg_bp_delta__C4,6,5,0.02608695652173913,1.071723840667791
individual,valence,multimodal,knn,5,5,eeg_bp_delta__Cz,3,5,0.013043478260869565,1.092314513644112
individual,valence,multimodal,knn,5,5,eeg_bp_delta__Fz,9,5,0.0391304347826087,1.444839589464824
individual,valence,multimodal,knn,5,5,eeg_bp_delta__Oz,4,5,0.017391304347826087,1.1884936776244936
individual,valence,multimodal,knn,5,5,eeg_bp_delta__PO7,3,5,0.013043478260869565,1.3947631609537783
individual,valence,multimodal,knn,5,5,eeg_bp_delta__PO8,2,5,0.008695652173913044,1.043759929157458
individual,valence,multimodal,knn,5,5,eeg_bp_delta__Pz,12,5,0.05217391304347826,1.4555230515122508
individual,valence,multimodal,knn,5,5,eeg_bp_gamma__C3,3,5,0.013043478260869565,1.020002189692187
individual,valence,multimodal,knn,5,5,eeg_bp_gamma__C4,6,5,0.02608695652173913,1.1056852202699587
individual,valence,multimodal,knn,5,5,eeg_bp_gamma__Cz,10,5,0.043478260869565216,1.1406181029979414
individual,valence,multimodal,knn,5,5,eeg_bp_gamma__Fz,1,5,0.004347826086956522,0.8600324808197762
individual,valence,multimodal,knn,5,5,eeg_bp_gamma__Oz,2,5,0.008695652173913044,0.9747053643597989
individual,valence,multimodal,knn,5,5,eeg_bp_gamma__PO7,8,5,0.034782608695652174,1.1990266248664916
individual,valence,multimodal,knn,5,5,eeg_bp_gamma__PO8,10,5,0.043478260869565216,1.208775667531921
individual,valence,multimodal,knn,5,5,eeg_bp_gamma__Pz,11,5,0.04782608695652174,1.3254157373398916
individual,valence,multimodal,knn,5,5,eeg_bp_theta__C3,8,5,0.034782608695652174,1.163582825698584
individual,valence,multimodal,knn,5,5,eeg_bp_theta__C4,4,5,0.017391304347826087,0.91911736313924
individual,valence,multimodal,knn,5,5,eeg_bp_theta__Cz,8,5,0.034782608695652174,1.123966538496895
individual,valence,multimodal,knn,5,5,eeg_bp_theta__Fz,5,5,0.021739130434782608,1.0893210167959244
individual,valence,multimodal,knn,5,5,eeg_bp_theta__Oz,2,5,0.008695652173913044,1.0959123696028035
individual,valence,multimodal,knn,5,5,eeg_bp_theta__PO7,4,5,0.017391304347826087,1.2128899464530514
individual,valence,multimodal,knn,5,5,eeg_bp_theta__PO8,8,5,0.034782608695652174,1.4048536160789702
individual,valence,multimodal,knn,5,5,eeg_bp_theta__Pz,7,5,0.030434782608695653,1.2628352863663797
individual,valence,multimodal,knn,5,5,eeg_hc__C3,8,5,0.034782608695652174,1.2005550341515576
individual,valence,multimodal,knn,5,5,eeg_hc__C4,8,5,0.034782608695652174,1.2129908152547224
individual,valence,multimodal,knn,5,5,eeg_hc__Cz,6,5,0.02608695652173913,0.9163482855063301
individual,valence,multimodal,knn,5,5,eeg_hc__Fz,9,5,0.0391304347826087,1.4265993670421002
individual,valence,multimodal,knn,5,5,eeg_hc__Oz,3,5,0.013043478260869565,1.0479586084419295
individual,valence,multimodal,knn,5,5,eeg_hc__PO7,16,5,0.06956521739130435,1.3952385171976722
individual,valence,multimodal,knn,5,5,eeg_hc__PO8,7,5,0.030434782608695653,1.264583424509145
individual,valence,multimodal,knn,5,5,eeg_hc__Pz,5,5,0.021739130434782608,1.1455329509670042
individual,valence,multimodal,knn,5,5,eeg_hm__C3,14,5,0.06086956521739131,1.288995620230294
individual,valence,multimodal,knn,5,5,eeg_hm__C4,6,5,0.02608695652173913,1.194335004699217
individual,valence,multimodal,knn,5,5,eeg_hm__Cz,3,5,0.013043478260869565,0.919805469722968
individual,valence,multimodal,knn,5,5,eeg_hm__Fz,9,5,0.0391304347826087,1.5442517336272819
individual,valence,multimodal,knn,5,5,eeg_hm__Oz,11,5,0.04782608695652174,1.1982266935258385
individual,valence,multimodal,knn,5,5,eeg_hm__PO7,17,5,0.07391304347826087,1.4823994014823274
individual,valence,multimodal,knn,5,5,eeg_hm__PO8,9,5,0.0391304347826087,1.317960007103271
individual,valence,multimodal,knn,5,5,eeg_hm__Pz,7,5,0.030434782608695653,1.2580834482340453
individual,valence,multimodal,knn,5,5,eeg_mf_hz__C3,7,5,0.030434782608695653,1.366790019770489
individual,valence,multimodal,knn,5,5,eeg_mf_hz__C4,11,5,0.04782608695652174,1.2231467991354883
individual,valence,multimodal,knn,5,5,eeg_mf_hz__Cz,4,5,0.017391304347826087,0.8838933127729754
individual,valence,multimodal,knn,5,5,eeg_mf_hz__Fz,7,5,0.030434782608695653,1.2371583990215984
individual,valence,multimodal,knn,5,5,eeg_mf_hz__Oz,3,5,0.013043478260869565,0.8417334391760699
individual,valence,multimodal,knn,5,5,eeg_mf_hz__PO7,10,5,0.043478260869565216,1.2447720714948312
individual,valence,multimodal,knn,5,5,eeg_mf_hz__PO8,12,5,0.05217391304347826,1.442331548168884
individual,valence,multimodal,knn,5,5,eeg_mf_hz__Pz,7,5,0.030434782608695653,1.1192898786425196
individual,valence,multimodal,knn,5,5,eeg_sd__C3,3,5,0.013043478260869565,1.2246483261632322
individual,valence,multimodal,knn,5,5,eeg_sd__C4,5,5,0.021739130434782608,1.2119725647343238
individual,valence,multimodal,knn,5,5,eeg_sd__Cz,9,5,0.0391304347826087,1.1550390458698638
individual,valence,multimodal,knn,5,5,eeg_sd__Fz,12,5,0.05217391304347826,1.3442709750182678
individual,valence,multimodal,knn,5,5,eeg_sd__Oz,1,5,0.004347826086956522,1.0728355373294716
individual,valence,multimodal,knn,5,5,eeg_sd__PO7,10,5,0.043478260869565216,1.744407720096646
individual,valence,multimodal,knn,5,5,eeg_sd__PO8,2,5,0.008695652173913044,1.0326693412088856
individual,valence,multimodal,knn,5,5,eeg_sd__Pz,8,5,0.034782608695652174,1.4593840826719753
individual,valence,multimodal,knn,5,5,eeg_se__C3,12,5,0.05217391304347826,1.344071637302436
individual,valence,multimodal,knn,5,5,eeg_se__C4,8,5,0.034782608695652174,1.0487787701935722
individual,valence,multimodal,knn,5,5,eeg_se__Cz,5,5,0.021739130434782608,1.1574479935253463
individual,valence,multimodal,knn,5,5,eeg_se__Fz,3,5,0.013043478260869565,1.2614343793407266
individual,valence,multimodal,knn,5,5,eeg_se__Oz,2,5,0.008695652173913044,1.0590102325364517
individual,valence,multimodal,knn,5,5,eeg_se__PO7,12,5,0.05217391304347826,1.3443691698284923
individual,valence,multimodal,knn,5,5,eeg_se__PO8,9,5,0.0391304347826087,1.3239497116353658
individual,valence,multimodal,knn,5,5,eeg_se__Pz,9,5,0.0391304347826087,1.3657981183739831
individual,valence,multimodal,knn,5,5,eeg_se_alpha__C3,14,5,0.06086956521739131,1.297726240150444
individual,valence,multimodal,knn,5,5,eeg_se_alpha__C4,7,5,0.030434782608695653,1.0620639598551997
individual,valence,multimodal,knn,5,5,eeg_se_alpha__Cz,3,5,0.013043478260869565,0.8580026111871988
individual,valence,multimodal,knn,5,5,eeg_se_alpha__Fz,16,5,0.06956521739130435,1.362456215732626
individual,valence,multimodal,knn,5,5,eeg_se_alpha__Oz,10,5,0.043478260869565216,1.0671867427201003
individual,valence,multimodal,knn,5,5,eeg_se_alpha__PO7,3,5,0.013043478260869565,0.8443020020974584
individual,valence,multimodal,knn,5,5,eeg_se_alpha__PO8,4,5,0.017391304347826087,0.9147253226240836
individual,valence,multimodal,knn,5,5,eeg_se_alpha__Pz,10,5,0.043478260869565216,1.0206281958788703
individual,valence,multimodal,knn,5,5,eeg_se_beta__C3,12,5,0.05217391304347826,1.2322628109201665
individual,valence,multimodal,knn,5,5,eeg_se_beta__C4,6,5,0.02608695652173913,0.9335122869822814
individual,valence,multimodal,knn,5,5,eeg_se_beta__Cz,3,5,0.013043478260869565,0.7918478498429543
individual,valence,multimodal,knn,5,5,eeg_se_beta__Fz,14,5,0.06086956521739131,1.2629730600481026
individual,valence,multimodal,knn,5,5,eeg_se_beta__Oz,10,5,0.043478260869565216,1.0470219423347993
individual,valence,multimodal,knn,5,5,eeg_se_beta__PO7,11,5,0.04782608695652174,1.0439045476545097
individual,valence,multimodal,knn,5,5,eeg_se_beta__PO8,9,5,0.0391304347826087,0.9742622853871281
individual,valence,multimodal,knn,5,5,eeg_se_beta__Pz,7,5,0.030434782608695653,0.971256280100554
individual,valence,multimodal,knn,5,5,eeg_se_delta__C3,3,5,0.013043478260869565,0.9046963892696204
individual,valence,multimodal,knn,5,5,eeg_se_delta__C4,6,5,0.02608695652173913,0.9773190400345125
individual,valence,multimodal,knn,5,5,eeg_se_delta__Cz,8,5,0.034782608695652174,1.2187065384047642
individual,valence,multimodal,knn,5,5,eeg_se_delta__Fz,14,5,0.06086956521739131,1.2280877796020586
individual,valence,multimodal,knn,5,5,eeg_se_delta__Oz,3,5,0.013043478260869565,1.016404041566514
individual,valence,multimodal,knn,5,5,eeg_se_delta__PO7,11,5,0.04782608695652174,1.1947716382617046
individual,valence,multimodal,knn,5,5,eeg_se_delta__PO8,15,5,0.06521739130434782,1.2909708747615123
individual,valence,multimodal,knn,5,5,eeg_se_delta__Pz,0,5,0.0,0.800981073362293
individual,valence,multimodal,knn,5,5,eeg_se_gamma__C3,5,5,0.021739130434782608,0.9238211223527716
individual,valence,multimodal,knn,5,5,eeg_se_gamma__C4,12,5,0.05217391304347826,0.9535984434951836
individual,valence,multimodal,knn,5,5,eeg_se_gamma__Cz,20,5,0.08695652173913043,1.5478374960269088
individual,valence,multimodal,knn,5,5,eeg_se_gamma__Fz,10,5,0.043478260869565216,1.0597380143909574
individual,valence,multimodal,knn,5,5,eeg_se_gamma__Oz,12,5,0.05217391304347826,1.2464246252356408
individual,valence,multimodal,knn,5,5,eeg_se_gamma__PO7,10,5,0.043478260869565216,0.9859986437569059
individual,valence,multimodal,knn,5,5,eeg_se_gamma__PO8,9,5,0.0391304347826087,1.2042742366998485
individual,valence,multimodal,knn,5,5,eeg_se_gamma__Pz,15,5,0.06521739130434782,1.5017394370338597
individual,valence,multimodal,knn,5,5,eeg_se_theta__C3,14,5,0.06086956521739131,1.0958890823165968
individual,valence,multimodal,knn,5,5,eeg_se_theta__C4,2,5,0.008695652173913044,1.0230210016953982
individual,valence,multimodal,knn,5,5,eeg_se_theta__Cz,12,5,0.05217391304347826,1.0453684896949536
individual,valence,multimodal,knn,5,5,eeg_se_theta__Fz,10,5,0.043478260869565216,0.8867246085307152
individual,valence,multimodal,knn,5,5,eeg_se_theta__Oz,8,5,0.034782608695652174,1.0795528637903546
individual,valence,multimodal,knn,5,5,eeg_se_theta__PO7,11,5,0.04782608695652174,1.1149390857030042
individual,valence,multimodal,knn,5,5,eeg_se_theta__PO8,5,5,0.021739130434782608,0.9035364207907084
individual,valence,multimodal,knn,5,5,eeg_se_theta__Pz,8,5,0.034782608695652174,1.0700929656310287
individual,valence,multimodal,knn,5,5,video_enso_norm_mean,19,5,0.08260869565217391,1.3291499609713184
individual,valence,multimodal,knn,5,5,video_enso_norm_std,27,5,0.11739130434782609,1.9119128160599526
individual,valence,multimodal,knn,5,5,video_eso_norm_mean,14,5,0.06086956521739131,1.2866197089552376
individual,valence,multimodal,knn,5,5,video_eso_norm_std,19,5,0.08260869565217391,1.8090301860946538
individual,valence,multimodal,knn,5,5,video_irisdo_norm_mean,18,5,0.0782608695652174,1.3573170724856691
individual,valence,multimodal,knn,5,5,video_irisdo_norm_std,25,5,0.10869565217391304,1.6914551056734863
individual,valence,multimodal,knn,5,5,video_mnso_norm_mean,8,5,0.034782608695652174,1.214969114631459
individual,valence,multimodal,knn,5,5,video_mnso_norm_std,17,5,0.07391304347826087,1.5500691251788397
individual,valence,multimodal,knn,5,5,video_mwo_norm_mean,24,5,0.10434782608695652,1.9645245498227657
individual,valence,multimodal,knn,5,5,video_mwo_norm_std,27,5,0.11739130434782609,2.4494618150992014
individual,valence,multimodal,knn,all,all,eeg_bp_alpha__C3,230,5,1.0,
individual,valence,multimodal,knn,all,all,eeg_bp_alpha__C4,230,5,1.0,
individual,valence,multimodal,knn,all,all,eeg_bp_alpha__Cz,230,5,1.0,
individual,valence,multimodal,knn,all,all,eeg_bp_alpha__Fz,230,5,1.0,
individual,valence,multimodal,knn,all,all,eeg_bp_alpha__Oz,230,5,1.0,
individual,valence,multimodal,knn,all,all,eeg_bp_alpha__PO7,230,5,1.0,
individual,valence,multimodal,knn,all,all,eeg_bp_alpha__PO8,230,5,1.0,
individual,valence,multimodal,knn,all,all,eeg_bp_alpha__Pz,230,5,1.0,
individual,valence,multimodal,knn,all,all,eeg_bp_beta__C3,230,5,1.0,
individual,valence,multimodal,knn,all,all,eeg_bp_beta__C4,230,5,1.0,
individual,valence,multimodal,knn,all,all,eeg_bp_beta__Cz,230,5,1.0,
individual,valence,multimodal,knn,all,all,eeg_bp_beta__Fz,230,5,1.0,
individual,valence,multimodal,knn,all,all,eeg_bp_beta__Oz,230,5,1.0,
individual,valence,multimodal,knn,all,all,eeg_bp_beta__PO7,230,5,1.0,
individual,valence,multimodal,knn,all,all,eeg_bp_beta__PO8,230,5,1.0,
individual,valence,multimodal,knn,all,all,eeg_bp_beta__Pz,230,5,1.0,
individual,valence,multimodal,knn,all,all,eeg_bp_delta__C3,230,5,1.0,
individual,valence,multimodal,knn,all,all,eeg_bp_delta__C4,230,5,1.0,
individual,valence,multimodal,knn,all,all,eeg_bp_delta__Cz,230,5,1.0,
individual,valence,multimodal,knn,all,all,eeg_bp_delta__Fz,230,5,1.0,
individual,valence,multimodal,knn,all,all,eeg_bp_delta__Oz,230,5,1.0,
individual,valence,multimodal,knn,all,all,eeg_bp_delta__PO7,230,5,1.0,
individual,valence,multimodal,knn,all,all,eeg_bp_delta__PO8,230,5,1.0,
individual,valence,multimodal,knn,all,all,eeg_bp_delta__Pz,230,5,1.0,
individual,valence,multimodal,knn,all,all,eeg_bp_gamma__C3,230,5,1.0,
individual,valence,multimodal,knn,all,all,eeg_bp_gamma__C4,230,5,1.0,
individual,valence,multimodal,knn,all,all,eeg_bp_gamma__Cz,230,5,1.0,
individual,valence,multimodal,knn,all,all,eeg_bp_gamma__Fz,230,5,1.0,
individual,valence,multimodal,knn,all,all,eeg_bp_gamma__Oz,230,5,1.0,
individual,valence,multimodal,knn,all,all,eeg_bp_gamma__PO7,230,5,1.0,
individual,valence,multimodal,knn,all,all,eeg_bp_gamma__PO8,230,5,1.0,
individual,valence,multimodal,knn,all,all,eeg_bp_gamma__Pz,230,5,1.0,
individual,valence,multimodal,knn,all,all,eeg_bp_theta__C3,230,5,1.0,
individual,valence,multimodal,knn,all,all,eeg_bp_theta__C4,230,5,1.0,
individual,valence,multimodal,knn,all,all,eeg_bp_theta__Cz,230,5,1.0,
individual,valence,multimodal,knn,all,all,eeg_bp_theta__Fz,230,5,1.0,
individual,valence,multimodal,knn,all,all,eeg_bp_theta__Oz,230,5,1.0,
individual,valence,multimodal,knn,all,all,eeg_bp_theta__PO7,230,5,1.0,
individual,valence,multimodal,knn,all,all,eeg_bp_theta__PO8,230,5,1.0,
individual,valence,multimodal,knn,all,all,eeg_bp_theta__Pz,230,5,1.0,
individual,valence,multimodal,knn,all,all,eeg_hc__C3,230,5,1.0,
individual,valence,multimodal,knn,all,all,eeg_hc__C4,230,5,1.0,
individual,valence,multimodal,knn,all,all,eeg_hc__Cz,230,5,1.0,
individual,valence,multimodal,knn,all,all,eeg_hc__Fz,230,5,1.0,
individual,valence,multimodal,knn,all,all,eeg_hc__Oz,230,5,1.0,
individual,valence,multimodal,knn,all,all,eeg_hc__PO7,230,5,1.0,
individual,valence,multimodal,knn,all,all,eeg_hc__PO8,230,5,1.0,
individual,valence,multimodal,knn,all,all,eeg_hc__Pz,230,5,1.0,
individual,valence,multimodal,knn,all,all,eeg_hm__C3,230,5,1.0,
individual,valence,multimodal,knn,all,all,eeg_hm__C4,230,5,1.0,
individual,valence,multimodal,knn,all,all,eeg_hm__Cz,230,5,1.0,
individual,valence,multimodal,knn,all,all,eeg_hm__Fz,230,5,1.0,
individual,valence,multimodal,knn,all,all,eeg_hm__Oz,230,5,1.0,
individual,valence,multimodal,knn,all,all,eeg_hm__PO7,230,5,1.0,
individual,valence,multimodal,knn,all,all,eeg_hm__PO8,230,5,1.0,
individual,valence,multimodal,knn,all,all,eeg_hm__Pz,230,5,1.0,
individual,valence,multimodal,knn,all,all,eeg_mf_hz__C3,230,5,1.0,
individual,valence,multimodal,knn,all,all,eeg_mf_hz__C4,230,5,1.0,
individual,valence,multimodal,knn,all,all,eeg_mf_hz__Cz,230,5,1.0,
individual,valence,multimodal,knn,all,all,eeg_mf_hz__Fz,230,5,1.0,
individual,valence,multimodal,knn,all,all,eeg_mf_hz__Oz,230,5,1.0,
individual,valence,multimodal,knn,all,all,eeg_mf_hz__PO7,230,5,1.0,
individual,valence,multimodal,knn,all,all,eeg_mf_hz__PO8,230,5,1.0,
individual,valence,multimodal,knn,all,all,eeg_mf_hz__Pz,230,5,1.0,
individual,valence,multimodal,knn,all,all,eeg_sd__C3,230,5,1.0,
individual,valence,multimodal,knn,all,all,eeg_sd__C4,230,5,1.0,
individual,valence,multimodal,knn,all,all,eeg_sd__Cz,230,5,1.0,
individual,valence,multimodal,knn,all,all,eeg_sd__Fz,230,5,1.0,
individual,valence,multimodal,knn,all,all,eeg_sd__Oz,230,5,1.0,
individual,valence,multimodal,knn,all,all,eeg_sd__PO7,230,5,1.0,
individual,valence,multimodal,knn,all,all,eeg_sd__PO8,230,5,1.0,
individual,valence,multimodal,knn,all,all,eeg_sd__Pz,230,5,1.0,
individual,valence,multimodal,knn,all,all,eeg_se__C3,230,5,1.0,
individual,valence,multimodal,knn,all,all,eeg_se__C4,230,5,1.0,
individual,valence,multimodal,knn,all,all,eeg_se__Cz,230,5,1.0,
individual,valence,multimodal,knn,all,all,eeg_se__Fz,230,5,1.0,
individual,valence,multimodal,knn,all,all,eeg_se__Oz,230,5,1.0,
individual,valence,multimodal,knn,all,all,eeg_se__PO7,230,5,1.0,
individual,valence,multimodal,knn,all,all,eeg_se__PO8,230,5,1.0,
individual,valence,multimodal,knn,all,all,eeg_se__Pz,230,5,1.0,
individual,valence,multimodal,knn,all,all,eeg_se_alpha__C3,230,5,1.0,
individual,valence,multimodal,knn,all,all,eeg_se_alpha__C4,230,5,1.0,
individual,valence,multimodal,knn,all,all,eeg_se_alpha__Cz,230,5,1.0,
individual,valence,multimodal,knn,all,all,eeg_se_alpha__Fz,230,5,1.0,
individual,valence,multimodal,knn,all,all,eeg_se_alpha__Oz,230,5,1.0,
individual,valence,multimodal,knn,all,all,eeg_se_alpha__PO7,230,5,1.0,
individual,valence,multimodal,knn,all,all,eeg_se_alpha__PO8,230,5,1.0,
individual,valence,multimodal,knn,all,all,eeg_se_alpha__Pz,230,5,1.0,
individual,valence,multimodal,knn,all,all,eeg_se_beta__C3,230,5,1.0,
individual,valence,multimodal,knn,all,all,eeg_se_beta__C4,230,5,1.0,
individual,valence,multimodal,knn,all,all,eeg_se_beta__Cz,230,5,1.0,
individual,valence,multimodal,knn,all,all,eeg_se_beta__Fz,230,5,1.0,
individual,valence,multimodal,knn,all,all,eeg_se_beta__Oz,230,5,1.0,
individual,valence,multimodal,knn,all,all,eeg_se_beta__PO7,230,5,1.0,
individual,valence,multimodal,knn,all,all,eeg_se_beta__PO8,230,5,1.0,
individual,valence,multimodal,knn,all,all,eeg_se_beta__Pz,230,5,1.0,
individual,valence,multimodal,knn,all,all,eeg_se_delta__C3,230,5,1.0,
individual,valence,multimodal,knn,all,all,eeg_se_delta__C4,230,5,1.0,
individual,valence,multimodal,knn,all,all,eeg_se_delta__Cz,230,5,1.0,
individual,valence,multimodal,knn,all,all,eeg_se_delta__Fz,230,5,1.0,
individual,valence,multimodal,knn,all,all,eeg_se_delta__Oz,230,5,1.0,
individual,valence,multimodal,knn,all,all,eeg_se_delta__PO7,230,5,1.0,
individual,valence,multimodal,knn,all,all,eeg_se_delta__PO8,230,5,1.0,
individual,valence,multimodal,knn,all,all,eeg_se_delta__Pz,230,5,1.0,
individual,valence,multimodal,knn,all,all,eeg_se_gamma__C3,230,5,1.0,
individual,valence,multimodal,knn,all,all,eeg_se_gamma__C4,230,5,1.0,
individual,valence,multimodal,knn,all,all,eeg_se_gamma__Cz,230,5,1.0,
individual,valence,multimodal,knn,all,all,eeg_se_gamma__Fz,230,5,1.0,
individual,valence,multimodal,knn,all,all,eeg_se_gamma__Oz,230,5,1.0,
individual,valence,multimodal,knn,all,all,eeg_se_gamma__PO7,230,5,1.0,
individual,valence,multimodal,knn,all,all,eeg_se_gamma__PO8,230,5,1.0,
individual,valence,multimodal,knn,all,all,eeg_se_gamma__Pz,230,5,1.0,
individual,valence,multimodal,knn,all,all,eeg_se_theta__C3,230,5,1.0,
individual,valence,multimodal,knn,all,all,eeg_se_theta__C4,230,5,1.0,
individual,valence,multimodal,knn,all,all,eeg_se_theta__Cz,230,5,1.0,
individual,valence,multimodal,knn,all,all,eeg_se_theta__Fz,230,5,1.0,
individual,valence,multimodal,knn,all,all,eeg_se_theta__Oz,230,5,1.0,
individual,valence,multimodal,knn,all,all,eeg_se_theta__PO7,230,5,1.0,
individual,valence,multimodal,knn,all,all,eeg_se_theta__PO8,230,5,1.0,
individual,valence,multimodal,knn,all,all,eeg_se_theta__Pz,230,5,1.0,
individual,valence,multimodal,knn,all,all,video_enso_norm_mean,230,5,1.0,
individual,valence,multimodal,knn,all,all,video_enso_norm_std,230,5,1.0,
individual,valence,multimodal,knn,all,all,video_eso_norm_mean,230,5,1.0,
individual,valence,multimodal,knn,all,all,video_eso_norm_std,230,5,1.0,
individual,valence,multimodal,knn,all,all,video_irisdo_norm_mean,230,5,1.0,
individual,valence,multimodal,knn,all,all,video_irisdo_norm_std,230,5,1.0,
individual,valence,multimodal,knn,all,all,video_mnso_norm_mean,230,5,1.0,
individual,valence,multimodal,knn,all,all,video_mnso_norm_std,230,5,1.0,
individual,valence,multimodal,knn,all,all,video_mwo_norm_mean,230,5,1.0,
individual,valence,multimodal,knn,all,all,video_mwo_norm_std,230,5,1.0,
individual,valence,multimodal,ridge,10,10,eeg_bp_alpha__C3,31,5,0.13478260869565217,1.401749247246441
individual,valence,multimodal,ridge,10,10,eeg_bp_alpha__C4,18,5,0.0782608695652174,1.0844206276974846
individual,valence,multimodal,ridge,10,10,eeg_bp_alpha__Cz,15,5,0.06521739130434782,1.0403087940253297
individual,valence,multimodal,ridge,10,10,eeg_bp_alpha__Fz,10,5,0.043478260869565216,0.9408403910282667
individual,valence,multimodal,ridge,10,10,eeg_bp_alpha__Oz,25,5,0.10869565217391304,1.1156215805347498
individual,valence,multimodal,ridge,10,10,eeg_bp_alpha__PO7,18,5,0.0782608695652174,1.2265552475868111
individual,valence,multimodal,ridge,10,10,eeg_bp_alpha__PO8,26,5,0.11304347826086956,1.2478940231326061
individual,valence,multimodal,ridge,10,10,eeg_bp_alpha__Pz,6,5,0.02608695652173913,0.8341188938795013
individual,valence,multimodal,ridge,10,10,eeg_bp_beta__C3,16,5,0.06956521739130435,1.2110529958596967
individual,valence,multimodal,ridge,10,10,eeg_bp_beta__C4,20,5,0.08695652173913043,1.264271708661913
individual,valence,multimodal,ridge,10,10,eeg_bp_beta__Cz,8,5,0.034782608695652174,0.7169600062825849
individual,valence,multimodal,ridge,10,10,eeg_bp_beta__Fz,17,5,0.07391304347826087,1.2166570011864815
individual,valence,multimodal,ridge,10,10,eeg_bp_beta__Oz,21,5,0.09130434782608696,1.1035870157078924
individual,valence,multimodal,ridge,10,10,eeg_bp_beta__PO7,18,5,0.0782608695652174,1.2228301133475634
individual,valence,multimodal,ridge,10,10,eeg_bp_beta__PO8,16,5,0.06956521739130435,1.14747296828799
individual,valence,multimodal,ridge,10,10,eeg_bp_beta__Pz,16,5,0.06956521739130435,1.0870572273690622
individual,valence,multimodal,ridge,10,10,eeg_bp_delta__C3,14,5,0.06086956521739131,1.1733664794562741
individual,valence,multimodal,ridge,10,10,eeg_bp_delta__C4,10,5,0.043478260869565216,1.071723840667791
individual,valence,multimodal,ridge,10,10,eeg_bp_delta__Cz,13,5,0.05652173913043478,1.092314513644112
individual,valence,multimodal,ridge,10,10,eeg_bp_delta__Fz,19,5,0.08260869565217391,1.444839589464824
individual,valence,multimodal,ridge,10,10,eeg_bp_delta__Oz,8,5,0.034782608695652174,1.1884936776244936
individual,valence,multimodal,ridge,10,10,eeg_bp_delta__PO7,16,5,0.06956521739130435,1.3947631609537783
individual,valence,multimodal,ridge,10,10,eeg_bp_delta__PO8,11,5,0.04782608695652174,1.043759929157458
individual,valence,multimodal,ridge,10,10,eeg_bp_delta__Pz,18,5,0.0782608695652174,1.4555230515122508
individual,valence,multimodal,ridge,10,10,eeg_bp_gamma__C3,14,5,0.06086956521739131,1.020002189692187
individual,valence,multimodal,ridge,10,10,eeg_bp_gamma__C4,14,5,0.06086956521739131,1.1056852202699587
individual,valence,multimodal,ridge,10,10,eeg_bp_gamma__Cz,14,5,0.06086956521739131,1.1406181029979414
individual,valence,multimodal,ridge,10,10,eeg_bp_gamma__Fz,8,5,0.034782608695652174,0.8600324808197762
individual,valence,multimodal,ridge,10,10,eeg_bp_gamma__Oz,11,5,0.04782608695652174,0.9747053643597989
individual,valence,multimodal,ridge,10,10,eeg_bp_gamma__PO7,15,5,0.06521739130434782,1.1990266248664916
individual,valence,multimodal,ridge,10,10,eeg_bp_gamma__PO8,21,5,0.09130434782608696,1.208775667531921
individual,valence,multimodal,ridge,10,10,eeg_bp_gamma__Pz,18,5,0.0782608695652174,1.3254157373398916
individual,valence,multimodal,ridge,10,10,eeg_bp_theta__C3,16,5,0.06956521739130435,1.163582825698584
individual,valence,multimodal,ridge,10,10,eeg_bp_theta__C4,10,5,0.043478260869565216,0.91911736313924
individual,valence,multimodal,ridge,10,10,eeg_bp_theta__Cz,15,5,0.06521739130434782,1.123966538496895
individual,valence,multimodal,ridge,10,10,eeg_bp_theta__Fz,11,5,0.04782608695652174,1.0893210167959244
individual,valence,multimodal,ridge,10,10,eeg_bp_theta__Oz,13,5,0.05652173913043478,1.0959123696028035
individual,valence,multimodal,ridge,10,10,eeg_bp_theta__PO7,13,5,0.05652173913043478,1.2128899464530514
individual,valence,multimodal,ridge,10,10,eeg_bp_theta__PO8,22,5,0.09565217391304348,1.4048536160789702
individual,valence,multimodal,ridge,10,10,eeg_bp_theta__Pz,20,5,0.08695652173913043,1.2628352863663797
individual,valence,multimodal,ridge,10,10,eeg_hc__C3,23,5,0.1,1.2005550341515576
individual,valence,multimodal,ridge,10,10,eeg_hc__C4,19,5,0.08260869565217391,1.2129908152547224
individual,valence,multimodal,ridge,10,10,eeg_hc__Cz,10,5,0.043478260869565216,0.9163482855063301
individual,valence,multimodal,ridge,10,10,eeg_hc__Fz,25,5,0.10869565217391304,1.4265993670421002
individual,valence,multimodal,ridge,10,10,eeg_hc__Oz,13,5,0.05652173913043478,1.0479586084419295
individual,valence,multimodal,ridge,10,10,eeg_hc__PO7,22,5,0.09565217391304348,1.3952385171976722
individual,valence,multimodal,ridge,10,10,eeg_hc__PO8,21,5,0.09130434782608696,1.264583424509145
individual,valence,multimodal,ridge,10,10,eeg_hc__Pz,14,5,0.06086956521739131,1.1455329509670042
individual,valence,multimodal,ridge,10,10,eeg_hm__C3,20,5,0.08695652173913043,1.288995620230294
individual,valence,multimodal,ridge,10,10,eeg_hm__C4,13,5,0.05652173913043478,1.194335004699217
individual,valence,multimodal,ridge,10,10,eeg_hm__Cz,7,5,0.030434782608695653,0.919805469722968
individual,valence,multimodal,ridge,10,10,eeg_hm__Fz,26,5,0.11304347826086956,1.5442517336272819
individual,valence,multimodal,ridge,10,10,eeg_hm__Oz,16,5,0.06956521739130435,1.1982266935258385
individual,valence,multimodal,ridge,10,10,eeg_hm__PO7,22,5,0.09565217391304348,1.4823994014823274
individual,valence,multimodal,ridge,10,10,eeg_hm__PO8,19,5,0.08260869565217391,1.317960007103271
individual,valence,multimodal,ridge,10,10,eeg_hm__Pz,16,5,0.06956521739130435,1.2580834482340453
individual,valence,multimodal,ridge,10,10,eeg_mf_hz__C3,21,5,0.09130434782608696,1.366790019770489
individual,valence,multimodal,ridge,10,10,eeg_mf_hz__C4,20,5,0.08695652173913043,1.2231467991354883
individual,valence,multimodal,ridge,10,10,eeg_mf_hz__Cz,13,5,0.05652173913043478,0.8838933127729754
individual,valence,multimodal,ridge,10,10,eeg_mf_hz__Fz,18,5,0.0782608695652174,1.2371583990215984
individual,valence,multimodal,ridge,10,10,eeg_mf_hz__Oz,6,5,0.02608695652173913,0.8417334391760699
individual,valence,multimodal,ridge,10,10,eeg_mf_hz__PO7,20,5,0.08695652173913043,1.2447720714948312
individual,valence,multimodal,ridge,10,10,eeg_mf_hz__PO8,22,5,0.09565217391304348,1.442331548168884
individual,valence,multimodal,ridge,10,10,eeg_mf_hz__Pz,17,5,0.07391304347826087,1.1192898786425196
individual,valence,multimodal,ridge,10,10,eeg_sd__C3,13,5,0.05652173913043478,1.2246483261632322
individual,valence,multimodal,ridge,10,10,eeg_sd__C4,16,5,0.06956521739130435,1.2119725647343238
individual,valence,multimodal,ridge,10,10,eeg_sd__Cz,15,5,0.06521739130434782,1.1550390458698638
individual,valence,multimodal,ridge,10,10,eeg_sd__Fz,21,5,0.09130434782608696,1.3442709750182678
individual,valence,multimodal,ridge,10,10,eeg_sd__Oz,8,5,0.034782608695652174,1.0728355373294716
individual,valence,multimodal,ridge,10,10,eeg_sd__PO7,30,5,0.13043478260869565,1.744407720096646
individual,valence,multimodal,ridge,10,10,eeg_sd__PO8,8,5,0.034782608695652174,1.0326693412088856
individual,valence,multimodal,ridge,10,10,eeg_sd__Pz,21,5,0.09130434782608696,1.4593840826719753
individual,valence,multimodal,ridge,10,10,eeg_se__C3,19,5,0.08260869565217391,1.344071637302436
individual,valence,multimodal,ridge,10,10,eeg_se__C4,15,5,0.06521739130434782,1.0487787701935722
individual,valence,multimodal,ridge,10,10,eeg_se__Cz,14,5,0.06086956521739131,1.1574479935253463
individual,valence,multimodal,ridge,10,10,eeg_se__Fz,13,5,0.05652173913043478,1.2614343793407266
individual,valence,multimodal,ridge,10,10,eeg_se__Oz,10,5,0.043478260869565216,1.0590102325364517
individual,valence,multimodal,ridge,10,10,eeg_se__PO7,17,5,0.07391304347826087,1.3443691698284923
individual,valence,multimodal,ridge,10,10,eeg_se__PO8,16,5,0.06956521739130435,1.3239497116353658
individual,valence,multimodal,ridge,10,10,eeg_se__Pz,22,5,0.09565217391304348,1.3657981183739831
individual,valence,multimodal,ridge,10,10,eeg_se_alpha__C3,29,5,0.12608695652173912,1.297726240150444
individual,valence,multimodal,ridge,10,10,eeg_se_alpha__C4,15,5,0.06521739130434782,1.0620639598551997
individual,valence,multimodal,ridge,10,10,eeg_se_alpha__Cz,11,5,0.04782608695652174,0.8580026111871988
individual,valence,multimodal,ridge,10,10,eeg_se_alpha__Fz,27,5,0.11739130434782609,1.362456215732626
individual,valence,multimodal,ridge,10,10,eeg_se_alpha__Oz,21,5,0.09130434782608696,1.0671867427201003
individual,valence,multimodal,ridge,10,10,eeg_se_alpha__PO7,8,5,0.034782608695652174,0.8443020020974584
individual,valence,multimodal,ridge,10,10,eeg_se_alpha__PO8,11,5,0.04782608695652174,0.9147253226240836
individual,valence,multimodal,ridge,10,10,eeg_se_alpha__Pz,17,5,0.07391304347826087,1.0206281958788703
individual,valence,multimodal,ridge,10,10,eeg_se_beta__C3,16,5,0.06956521739130435,1.2322628109201665
individual,valence,multimodal,ridge,10,10,eeg_se_beta__C4,13,5,0.05652173913043478,0.9335122869822814
individual,valence,multimodal,ridge,10,10,eeg_se_beta__Cz,6,5,0.02608695652173913,0.7918478498429543
individual,valence,multimodal,ridge,10,10,eeg_se_beta__Fz,26,5,0.11304347826086956,1.2629730600481026
individual,valence,multimodal,ridge,10,10,eeg_se_beta__Oz,16,5,0.06956521739130435,1.0470219423347993
individual,valence,multimodal,ridge,10,10,eeg_se_beta__PO7,19,5,0.08260869565217391,1.0439045476545097
individual,valence,multimodal,ridge,10,10,eeg_se_beta__PO8,15,5,0.06521739130434782,0.9742622853871281
individual,valence,multimodal,ridge,10,10,eeg_se_beta__Pz,19,5,0.08260869565217391,0.971256280100554
individual,valence,multimodal,ridge,10,10,eeg_se_delta__C3,8,5,0.034782608695652174,0.9046963892696204
individual,valence,multimodal,ridge,10,10,eeg_se_delta__C4,14,5,0.06086956521739131,0.9773190400345125
individual,valence,multimodal,ridge,10,10,eeg_se_delta__Cz,16,5,0.06956521739130435,1.2187065384047642
individual,valence,multimodal,ridge,10,10,eeg_se_delta__Fz,22,5,0.09565217391304348,1.2280877796020586
individual,valence,multimodal,ridge,10,10,eeg_se_delta__Oz,11,5,0.04782608695652174,1.016404041566514
individual,valence,multimodal,ridge,10,10,eeg_se_delta__PO7,20,5,0.08695652173913043,1.1947716382617046
individual,valence,multimodal,ridge,10,10,eeg_se_delta__PO8,26,5,0.11304347826086956,1.2909708747615123
individual,valence,multimodal,ridge,10,10,eeg_se_delta__Pz,8,5,0.034782608695652174,0.800981073362293
individual,valence,multimodal,ridge,10,10,eeg_se_gamma__C3,14,5,0.06086956521739131,0.9238211223527716
individual,valence,multimodal,ridge,10,10,eeg_se_gamma__C4,19,5,0.08260869565217391,0.9535984434951836
individual,valence,multimodal,ridge,10,10,eeg_se_gamma__Cz,29,5,0.12608695652173912,1.5478374960269088
individual,valence,multimodal,ridge,10,10,eeg_se_gamma__Fz,20,5,0.08695652173913043,1.0597380143909574
individual,valence,multimodal,ridge,10,10,eeg_se_gamma__Oz,19,5,0.08260869565217391,1.2464246252356408
individual,valence,multimodal,ridge,10,10,eeg_se_gamma__PO7,13,5,0.05652173913043478,0.9859986437569059
individual,valence,multimodal,ridge,10,10,eeg_se_gamma__PO8,22,5,0.09565217391304348,1.2042742366998485
individual,valence,multimodal,ridge,10,10,eeg_se_gamma__Pz,23,5,0.1,1.5017394370338597
individual,valence,multimodal,ridge,10,10,eeg_se_theta__C3,20,5,0.08695652173913043,1.0958890823165968
individual,valence,multimodal,ridge,10,10,eeg_se_theta__C4,15,5,0.06521739130434782,1.0230210016953982
individual,valence,multimodal,ridge,10,10,eeg_se_theta__Cz,16,5,0.06956521739130435,1.0453684896949536
individual,valence,multimodal,ridge,10,10,eeg_se_theta__Fz,15,5,0.06521739130434782,0.8867246085307152
individual,valence,multimodal,ridge,10,10,eeg_se_theta__Oz,17,5,0.07391304347826087,1.0795528637903546
individual,valence,multimodal,ridge,10,10,eeg_se_theta__PO7,20,5,0.08695652173913043,1.1149390857030042
individual,valence,multimodal,ridge,10,10,eeg_se_theta__PO8,13,5,0.05652173913043478,0.9035364207907084
individual,valence,multimodal,ridge,10,10,eeg_se_theta__Pz,17,5,0.07391304347826087,1.0700929656310287
individual,valence,multimodal,ridge,10,10,video_enso_norm_mean,30,5,0.13043478260869565,1.3291499609713184
individual,valence,multimodal,ridge,10,10,video_enso_norm_std,43,5,0.18695652173913044,1.9119128160599526
individual,valence,multimodal,ridge,10,10,video_eso_norm_mean,20,5,0.08695652173913043,1.2866197089552376
individual,valence,multimodal,ridge,10,10,video_eso_norm_std,36,5,0.1565217391304348,1.8090301860946538
individual,valence,multimodal,ridge,10,10,video_irisdo_norm_mean,29,5,0.12608695652173912,1.3573170724856691
individual,valence,multimodal,ridge,10,10,video_irisdo_norm_std,36,5,0.1565217391304348,1.6914551056734863
individual,valence,multimodal,ridge,10,10,video_mnso_norm_mean,20,5,0.08695652173913043,1.214969114631459
individual,valence,multimodal,ridge,10,10,video_mnso_norm_std,24,5,0.10434782608695652,1.5500691251788397
individual,valence,multimodal,ridge,10,10,video_mwo_norm_mean,36,5,0.1565217391304348,1.9645245498227657
individual,valence,multimodal,ridge,10,10,video_mwo_norm_std,34,5,0.14782608695652175,2.4494618150992014
individual,valence,multimodal,ridge,20,20,eeg_bp_alpha__C3,48,5,0.20869565217391303,1.401749247246441
individual,valence,multimodal,ridge,20,20,eeg_bp_alpha__C4,38,5,0.16521739130434782,1.0844206276974846
individual,valence,multimodal,ridge,20,20,eeg_bp_alpha__Cz,29,5,0.12608695652173912,1.0403087940253297
individual,valence,multimodal,ridge,20,20,eeg_bp_alpha__Fz,23,5,0.1,0.9408403910282667
individual,valence,multimodal,ridge,20,20,eeg_bp_alpha__Oz,38,5,0.16521739130434782,1.1156215805347498
individual,valence,multimodal,ridge,20,20,eeg_bp_alpha__PO7,36,5,0.1565217391304348,1.2265552475868111
individual,valence,multimodal,ridge,20,20,eeg_bp_alpha__PO8,47,5,0.20434782608695654,1.2478940231326061
individual,valence,multimodal,ridge,20,20,eeg_bp_alpha__Pz,20,5,0.08695652173913043,0.8341188938795013
individual,valence,multimodal,ridge,20,20,eeg_bp_beta__C3,40,5,0.17391304347826086,1.2110529958596967
individual,valence,multimodal,ridge,20,20,eeg_bp_beta__C4,38,5,0.16521739130434782,1.264271708661913
individual,valence,multimodal,ridge,20,20,eeg_bp_beta__Cz,14,5,0.06086956521739131,0.7169600062825849
individual,valence,multimodal,ridge,20,20,eeg_bp_beta__Fz,35,5,0.15217391304347827,1.2166570011864815
individual,valence,multimodal,ridge,20,20,eeg_bp_beta__Oz,32,5,0.1391304347826087,1.1035870157078924
individual,valence,multimodal,ridge,20,20,eeg_bp_beta__PO7,35,5,0.15217391304347827,1.2228301133475634
individual,valence,multimodal,ridge,20,20,eeg_bp_beta__PO8,27,5,0.11739130434782609,1.14747296828799
individual,valence,multimodal,ridge,20,20,eeg_bp_beta__Pz,25,5,0.10869565217391304,1.0870572273690622
individual,valence,multimodal,ridge,20,20,eeg_bp_delta__C3,32,5,0.1391304347826087,1.1733664794562741
individual,valence,multimodal,ridge,20,20,eeg_bp_delta__C4,29,5,0.12608695652173912,1.071723840667791
individual,valence,multimodal,ridge,20,20,eeg_bp_delta__Cz,30,5,0.13043478260869565,1.092314513644112
individual,valence,multimodal,ridge,20,20,eeg_bp_delta__Fz,42,5,0.1826086956521739,1.444839589464824
individual,valence,multimodal,ridge,20,20,eeg_bp_delta__Oz,33,5,0.14347826086956522,1.1884936776244936
individual,valence,multimodal,ridge,20,20,eeg_bp_delta__PO7,41,5,0.1782608695652174,1.3947631609537783
individual,valence,multimodal,ridge,20,20,eeg_bp_delta__PO8,27,5,0.11739130434782609,1.043759929157458
individual,valence,multimodal,ridge,20,20,eeg_bp_delta__Pz,47,5,0.20434782608695654,1.4555230515122508
individual,valence,multimodal,ridge,20,20,eeg_bp_gamma__C3,31,5,0.13478260869565217,1.020002189692187
individual,valence,multimodal,ridge,20,20,eeg_bp_gamma__C4,28,5,0.12173913043478261,1.1056852202699587
individual,valence,multimodal,ridge,20,20,eeg_bp_gamma__Cz,33,5,0.14347826086956522,1.1406181029979414
individual,valence,multimodal,ridge,20,20,eeg_bp_gamma__Fz,23,5,0.1,0.8600324808197762
individual,valence,multimodal,ridge,20,20,eeg_bp_gamma__Oz,30,5,0.13043478260869565,0.9747053643597989
individual,valence,multimodal,ridge,20,20,eeg_bp_gamma__PO7,40,5,0.17391304347826086,1.1990266248664916
individual,valence,multimodal,ridge,20,20,eeg_bp_gamma__PO8,39,5,0.16956521739130434,1.208775667531921
individual,valence,multimodal,ridge,20,20,eeg_bp_gamma__Pz,37,5,0.1608695652173913,1.3254157373398916
individual,valence,multimodal,ridge,20,20,eeg_bp_theta__C3,39,5,0.16956521739130434,1.163582825698584
individual,valence,multimodal,ridge,20,20,eeg_bp_theta__C4,21,5,0.09130434782608696,0.91911736313924
individual,valence,multimodal,ridge,20,20,eeg_bp_theta__Cz,30,5,0.13043478260869565,1.123966538496895
individual,valence,multimodal,ridge,20,20,eeg_bp_theta__Fz,25,5,0.10869565217391304,1.0893210167959244
individual,valence,multimodal,ridge,20,20,eeg_bp_theta__Oz,38,5,0.16521739130434782,1.0959123696028035
individual,valence,multimodal,ridge,20,20,eeg_bp_theta__PO7,35,5,0.15217391304347827,1.2128899464530514
individual,valence,multimodal,ridge,20,20,eeg_bp_theta__PO8,40,5,0.17391304347826086,1.4048536160789702
individual,valence,multimodal,ridge,20,20,eeg_bp_theta__Pz,36,5,0.1565217391304348,1.2628352863663797
individual,valence,multimodal,ridge,20,20,eeg_hc__C3,33,5,0.14347826086956522,1.2005550341515576
individual,valence,multimodal,ridge,20,20,eeg_hc__C4,36,5,0.1565217391304348,1.2129908152547224
individual,valence,multimodal,ridge,20,20,eeg_hc__Cz,24,5,0.10434782608695652,0.9163482855063301
individual,valence,multimodal,ridge,20,20,eeg_hc__Fz,44,5,0.19130434782608696,1.4265993670421002
individual,valence,multimodal,ridge,20,20,eeg_hc__Oz,31,5,0.13478260869565217,1.0479586084419295
individual,valence,multimodal,ridge,20,20,eeg_hc__PO7,36,5,0.1565217391304348,1.3952385171976722
individual,valence,multimodal,ridge,20,20,eeg_hc__PO8,39,5,0.16956521739130434,1.264583424509145
individual,valence,multimodal,ridge,20,20,eeg_hc__Pz,29,5,0.12608695652173912,1.1455329509670042
individual,valence,multimodal,ridge,20,20,eeg_hm__C3,38,5,0.16521739130434782,1.288995620230294
individual,valence,multimodal,ridge,20,20,eeg_hm__C4,33,5,0.14347826086956522,1.194335004699217
individual,valence,multimodal,ridge,20,20,eeg_hm__Cz,21,5,0.09130434782608696,0.919805469722968
individual,valence,multimodal,ridge,20,20,eeg_hm__Fz,51,5,0.2217391304347826,1.5442517336272819
individual,valence,multimodal,ridge,20,20,eeg_hm__Oz,36,5,0.1565217391304348,1.1982266935258385
individual,valence,multimodal,ridge,20,20,eeg_hm__PO7,43,5,0.18695652173913044,1.4823994014823274
individual,valence,multimodal,ridge,20,20,eeg_hm__PO8,38,5,0.16521739130434782,1.317960007103271
individual,valence,multimodal,ridge,20,20,eeg_hm__Pz,37,5,0.1608695652173913,1.2580834482340453
individual,valence,multimodal,ridge,20,20,eeg_mf_hz__C3,47,5,0.20434782608695654,1.366790019770489
individual,valence,multimodal,ridge,20,20,eeg_mf_hz__C4,42,5,0.1826086956521739,1.2231467991354883
individual,valence,multimodal,ridge,20,20,eeg_mf_hz__Cz,27,5,0.11739130434782609,0.8838933127729754
individual,valence,multimodal,ridge,20,20,eeg_mf_hz__Fz,30,5,0.13043478260869565,1.2371583990215984
individual,valence,multimodal,ridge,20,20,eeg_mf_hz__Oz,17,5,0.07391304347826087,0.8417334391760699
individual,valence,multimodal,ridge,20,20,eeg_mf_hz__PO7,42,5,0.1826086956521739,1.2447720714948312
individual,valence,multimodal,ridge,20,20,eeg_mf_hz__PO8,48,5,0.20869565217391303,1.442331548168884
individual,valence,multimodal,ridge,20,20,eeg_mf_hz__Pz,37,5,0.1608695652173913,1.1192898786425196
individual,valence,multimodal,ridge,20,20,eeg_sd__C3,38,5,0.16521739130434782,1.2246483261632322
individual,valence,multimodal,ridge,20,20,eeg_sd__C4,40,5,0.17391304347826086,1.2119725647343238
individual,valence,multimodal,ridge,20,20,eeg_sd__Cz,38,5,0.16521739130434782,1.1550390458698638
individual,valence,multimodal,ridge,20,20,eeg_sd__Fz,32,5,0.1391304347826087,1.3442709750182678
individual,valence,multimodal,ridge,20,20,eeg_sd__Oz,23,5,0.1,1.0728355373294716
individual,valence,multimodal,ridge,20,20,eeg_sd__PO7,65,5,0.2826086956521739,1.744407720096646
individual,valence,multimodal,ridge,20,20,eeg_sd__PO8,25,5,0.10869565217391304,1.0326693412088856
individual,valence,multimodal,ridge,20,20,eeg_sd__Pz,51,5,0.2217391304347826,1.4593840826719753
individual,valence,multimodal,ridge,20,20,eeg_se__C3,43,5,0.18695652173913044,1.344071637302436
individual,valence,multimodal,ridge,20,20,eeg_se__C4,24,5,0.10434782608695652,1.0487787701935722
individual,valence,multimodal,ridge,20,20,eeg_se__Cz,31,5,0.13478260869565217,1.1574479935253463
individual,valence,multimodal,ridge,20,20,eeg_se__Fz,33,5,0.14347826086956522,1.2614343793407266
individual,valence,multimodal,ridge,20,20,eeg_se__Oz,27,5,0.11739130434782609,1.0590102325364517
individual,valence,multimodal,ridge,20,20,eeg_se__PO7,43,5,0.18695652173913044,1.3443691698284923
individual,valence,multimodal,ridge,20,20,eeg_se__PO8,29,5,0.12608695652173912,1.3239497116353658
individual,valence,multimodal,ridge,20,20,eeg_se__Pz,42,5,0.1826086956521739,1.3657981183739831
individual,valence,multimodal,ridge,20,20,eeg_se_alpha__C3,52,5,0.22608695652173913,1.297726240150444
individual,valence,multimodal,ridge,20,20,eeg_se_alpha__C4,26,5,0.11304347826086956,1.0620639598551997
individual,valence,multimodal,ridge,20,20,eeg_se_alpha__Cz,25,5,0.10869565217391304,0.8580026111871988
individual,valence,multimodal,ridge,20,20,eeg_se_alpha__Fz,42,5,0.1826086956521739,1.362456215732626
individual,valence,multimodal,ridge,20,20,eeg_se_alpha__Oz,39,5,0.16956521739130434,1.0671867427201003
individual,valence,multimodal,ridge,20,20,eeg_se_alpha__PO7,31,5,0.13478260869565217,0.8443020020974584
individual,valence,multimodal,ridge,20,20,eeg_se_alpha__PO8,29,5,0.12608695652173912,0.9147253226240836
individual,valence,multimodal,ridge,20,20,eeg_se_alpha__Pz,35,5,0.15217391304347827,1.0206281958788703
individual,valence,multimodal,ridge,20,20,eeg_se_beta__C3,41,5,0.1782608695652174,1.2322628109201665
individual,valence,multimodal,ridge,20,20,eeg_se_beta__C4,27,5,0.11739130434782609,0.9335122869822814
individual,valence,multimodal,ridge,20,20,eeg_se_beta__Cz,16,5,0.06956521739130435,0.7918478498429543
individual,valence,multimodal,ridge,20,20,eeg_se_beta__Fz,41,5,0.1782608695652174,1.2629730600481026
individual,valence,multimodal,ridge,20,20,eeg_se_beta__Oz,32,5,0.1391304347826087,1.0470219423347993
individual,valence,multimodal,ridge,20,20,eeg_se_beta__PO7,36,5,0.1565217391304348,1.0439045476545097
individual,valence,multimodal,ridge,20,20,eeg_se_beta__PO8,23,5,0.1,0.9742622853871281
individual,valence,multimodal,ridge,20,20,eeg_se_beta__Pz,24,5,0.10434782608695652,0.971256280100554
individual,valence,multimodal,ridge,20,20,eeg_se_delta__C3,31,5,0.13478260869565217,0.9046963892696204
individual,valence,multimodal,ridge,20,20,eeg_se_delta__C4,27,5,0.11739130434782609,0.9773190400345125
individual,valence,multimodal,ridge,20,20,eeg_se_delta__Cz,45,5,0.1956521739130435,1.2187065384047642
individual,valence,multimodal,ridge,20,20,eeg_se_delta__Fz,33,5,0.14347826086956522,1.2280877796020586
individual,valence,multimodal,ridge,20,20,eeg_se_delta__Oz,33,5,0.14347826086956522,1.016404041566514
individual,valence,multimodal,ridge,20,20,eeg_se_delta__PO7,40,5,0.17391304347826086,1.1947716382617046
individual,valence,multimodal,ridge,20,20,eeg_se_delta__PO8,44,5,0.19130434782608696,1.2909708747615123
individual,valence,multimodal,ridge,20,20,eeg_se_delta__Pz,17,5,0.07391304347826087,0.800981073362293
individual,valence,multimodal,ridge,20,20,eeg_se_gamma__C3,30,5,0.13043478260869565,0.9238211223527716
individual,valence,multimodal,ridge,20,20,eeg_se_gamma__C4,29,5,0.12608695652173912,0.9535984434951836
individual,valence,multimodal,ridge,20,20,eeg_se_gamma__Cz,47,5,0.20434782608695654,1.5478374960269088
individual,valence,multimodal,ridge,20,20,eeg_se_gamma__Fz,31,5,0.13478260869565217,1.0597380143909574
individual,valence,multimodal,ridge,20,20,eeg_se_gamma__Oz,37,5,0.1608695652173913,1.2464246252356408
individual,valence,multimodal,ridge,20,20,eeg_se_gamma__PO7,27,5,0.11739130434782609,0.9859986437569059
individual,valence,multimodal,ridge,20,20,eeg_se_gamma__PO8,41,5,0.1782608695652174,1.2042742366998485
individual,valence,multimodal,ridge,20,20,eeg_se_gamma__Pz,49,5,0.21304347826086956,1.5017394370338597
individual,valence,multimodal,ridge,20,20,eeg_se_theta__C3,35,5,0.15217391304347827,1.0958890823165968
individual,valence,multimodal,ridge,20,20,eeg_se_theta__C4,37,5,0.1608695652173913,1.0230210016953982
individual,valence,multimodal,ridge,20,20,eeg_se_theta__Cz,30,5,0.13043478260869565,1.0453684896949536
individual,valence,multimodal,ridge,20,20,eeg_se_theta__Fz,28,5,0.12173913043478261,0.8867246085307152
individual,valence,multimodal,ridge,20,20,eeg_se_theta__Oz,35,5,0.15217391304347827,1.0795528637903546
individual,valence,multimodal,ridge,20,20,eeg_se_theta__PO7,32,5,0.1391304347826087,1.1149390857030042
individual,valence,multimodal,ridge,20,20,eeg_se_theta__PO8,29,5,0.12608695652173912,0.9035364207907084
individual,valence,multimodal,ridge,20,20,eeg_se_theta__Pz,35,5,0.15217391304347827,1.0700929656310287
individual,valence,multimodal,ridge,20,20,video_enso_norm_mean,43,5,0.18695652173913044,1.3291499609713184
individual,valence,multimodal,ridge,20,20,video_enso_norm_std,63,5,0.27391304347826084,1.9119128160599526
individual,valence,multimodal,ridge,20,20,video_eso_norm_mean,34,5,0.14782608695652175,1.2866197089552376
individual,valence,multimodal,ridge,20,20,video_eso_norm_std,63,5,0.27391304347826084,1.8090301860946538
individual,valence,multimodal,ridge,20,20,video_irisdo_norm_mean,43,5,0.18695652173913044,1.3573170724856691
individual,valence,multimodal,ridge,20,20,video_irisdo_norm_std,53,5,0.23043478260869565,1.6914551056734863
individual,valence,multimodal,ridge,20,20,video_mnso_norm_mean,43,5,0.18695652173913044,1.214969114631459
individual,valence,multimodal,ridge,20,20,video_mnso_norm_std,40,5,0.17391304347826086,1.5500691251788397
individual,valence,multimodal,ridge,20,20,video_mwo_norm_mean,56,5,0.24347826086956523,1.9645245498227657
individual,valence,multimodal,ridge,20,20,video_mwo_norm_std,47,5,0.20434782608695654,2.4494618150992014
individual,valence,multimodal,ridge,5,5,eeg_bp_alpha__C3,22,5,0.09565217391304348,1.401749247246441
individual,valence,multimodal,ridge,5,5,eeg_bp_alpha__C4,9,5,0.0391304347826087,1.0844206276974846
individual,valence,multimodal,ridge,5,5,eeg_bp_alpha__Cz,8,5,0.034782608695652174,1.0403087940253297
individual,valence,multimodal,ridge,5,5,eeg_bp_alpha__Fz,5,5,0.021739130434782608,0.9408403910282667
individual,valence,multimodal,ridge,5,5,eeg_bp_alpha__Oz,10,5,0.043478260869565216,1.1156215805347498
individual,valence,multimodal,ridge,5,5,eeg_bp_alpha__PO7,12,5,0.05217391304347826,1.2265552475868111
individual,valence,multimodal,ridge,5,5,eeg_bp_alpha__PO8,12,5,0.05217391304347826,1.2478940231326061
individual,valence,multimodal,ridge,5,5,eeg_bp_alpha__Pz,4,5,0.017391304347826087,0.8341188938795013
individual,valence,multimodal,ridge,5,5,eeg_bp_beta__C3,4,5,0.017391304347826087,1.2110529958596967
individual,valence,multimodal,ridge,5,5,eeg_bp_beta__C4,8,5,0.034782608695652174,1.264271708661913
individual,valence,multimodal,ridge,5,5,eeg_bp_beta__Cz,1,5,0.004347826086956522,0.7169600062825849
individual,valence,multimodal,ridge,5,5,eeg_bp_beta__Fz,8,5,0.034782608695652174,1.2166570011864815
individual,valence,multimodal,ridge,5,5,eeg_bp_beta__Oz,10,5,0.043478260869565216,1.1035870157078924
individual,valence,multimodal,ridge,5,5,eeg_bp_beta__PO7,7,5,0.030434782608695653,1.2228301133475634
individual,valence,multimodal,ridge,5,5,eeg_bp_beta__PO8,7,5,0.030434782608695653,1.14747296828799
individual,valence,multimodal,ridge,5,5,eeg_bp_beta__Pz,9,5,0.0391304347826087,1.0870572273690622
individual,valence,multimodal,ridge,5,5,eeg_bp_delta__C3,9,5,0.0391304347826087,1.1733664794562741
individual,valence,multimodal,ridge,5,5,eeg_bp_delta__C4,6,5,0.02608695652173913,1.071723840667791
individual,valence,multimodal,ridge,5,5,eeg_bp_delta__Cz,3,5,0.013043478260869565,1.092314513644112
individual,valence,multimodal,ridge,5,5,eeg_bp_delta__Fz,9,5,0.0391304347826087,1.444839589464824
individual,valence,multimodal,ridge,5,5,eeg_bp_delta__Oz,4,5,0.017391304347826087,1.1884936776244936
individual,valence,multimodal,ridge,5,5,eeg_bp_delta__PO7,3,5,0.013043478260869565,1.3947631609537783
individual,valence,multimodal,ridge,5,5,eeg_bp_delta__PO8,2,5,0.008695652173913044,1.043759929157458
individual,valence,multimodal,ridge,5,5,eeg_bp_delta__Pz,12,5,0.05217391304347826,1.4555230515122508
individual,valence,multimodal,ridge,5,5,eeg_bp_gamma__C3,3,5,0.013043478260869565,1.020002189692187
individual,valence,multimodal,ridge,5,5,eeg_bp_gamma__C4,6,5,0.02608695652173913,1.1056852202699587
individual,valence,multimodal,ridge,5,5,eeg_bp_gamma__Cz,10,5,0.043478260869565216,1.1406181029979414
individual,valence,multimodal,ridge,5,5,eeg_bp_gamma__Fz,1,5,0.004347826086956522,0.8600324808197762
individual,valence,multimodal,ridge,5,5,eeg_bp_gamma__Oz,2,5,0.008695652173913044,0.9747053643597989
individual,valence,multimodal,ridge,5,5,eeg_bp_gamma__PO7,8,5,0.034782608695652174,1.1990266248664916
individual,valence,multimodal,ridge,5,5,eeg_bp_gamma__PO8,10,5,0.043478260869565216,1.208775667531921
individual,valence,multimodal,ridge,5,5,eeg_bp_gamma__Pz,11,5,0.04782608695652174,1.3254157373398916
individual,valence,multimodal,ridge,5,5,eeg_bp_theta__C3,8,5,0.034782608695652174,1.163582825698584
individual,valence,multimodal,ridge,5,5,eeg_bp_theta__C4,4,5,0.017391304347826087,0.91911736313924
individual,valence,multimodal,ridge,5,5,eeg_bp_theta__Cz,8,5,0.034782608695652174,1.123966538496895
individual,valence,multimodal,ridge,5,5,eeg_bp_theta__Fz,5,5,0.021739130434782608,1.0893210167959244
individual,valence,multimodal,ridge,5,5,eeg_bp_theta__Oz,2,5,0.008695652173913044,1.0959123696028035
individual,valence,multimodal,ridge,5,5,eeg_bp_theta__PO7,4,5,0.017391304347826087,1.2128899464530514
individual,valence,multimodal,ridge,5,5,eeg_bp_theta__PO8,8,5,0.034782608695652174,1.4048536160789702
individual,valence,multimodal,ridge,5,5,eeg_bp_theta__Pz,7,5,0.030434782608695653,1.2628352863663797
individual,valence,multimodal,ridge,5,5,eeg_hc__C3,8,5,0.034782608695652174,1.2005550341515576
individual,valence,multimodal,ridge,5,5,eeg_hc__C4,8,5,0.034782608695652174,1.2129908152547224
individual,valence,multimodal,ridge,5,5,eeg_hc__Cz,6,5,0.02608695652173913,0.9163482855063301
individual,valence,multimodal,ridge,5,5,eeg_hc__Fz,9,5,0.0391304347826087,1.4265993670421002
individual,valence,multimodal,ridge,5,5,eeg_hc__Oz,3,5,0.013043478260869565,1.0479586084419295
individual,valence,multimodal,ridge,5,5,eeg_hc__PO7,16,5,0.06956521739130435,1.3952385171976722
individual,valence,multimodal,ridge,5,5,eeg_hc__PO8,7,5,0.030434782608695653,1.264583424509145
individual,valence,multimodal,ridge,5,5,eeg_hc__Pz,5,5,0.021739130434782608,1.1455329509670042
individual,valence,multimodal,ridge,5,5,eeg_hm__C3,14,5,0.06086956521739131,1.288995620230294
individual,valence,multimodal,ridge,5,5,eeg_hm__C4,6,5,0.02608695652173913,1.194335004699217
individual,valence,multimodal,ridge,5,5,eeg_hm__Cz,3,5,0.013043478260869565,0.919805469722968
individual,valence,multimodal,ridge,5,5,eeg_hm__Fz,9,5,0.0391304347826087,1.5442517336272819
individual,valence,multimodal,ridge,5,5,eeg_hm__Oz,11,5,0.04782608695652174,1.1982266935258385
individual,valence,multimodal,ridge,5,5,eeg_hm__PO7,17,5,0.07391304347826087,1.4823994014823274
individual,valence,multimodal,ridge,5,5,eeg_hm__PO8,9,5,0.0391304347826087,1.317960007103271
individual,valence,multimodal,ridge,5,5,eeg_hm__Pz,7,5,0.030434782608695653,1.2580834482340453
individual,valence,multimodal,ridge,5,5,eeg_mf_hz__C3,7,5,0.030434782608695653,1.366790019770489
individual,valence,multimodal,ridge,5,5,eeg_mf_hz__C4,11,5,0.04782608695652174,1.2231467991354883
individual,valence,multimodal,ridge,5,5,eeg_mf_hz__Cz,4,5,0.017391304347826087,0.8838933127729754
individual,valence,multimodal,ridge,5,5,eeg_mf_hz__Fz,7,5,0.030434782608695653,1.2371583990215984
individual,valence,multimodal,ridge,5,5,eeg_mf_hz__Oz,3,5,0.013043478260869565,0.8417334391760699
individual,valence,multimodal,ridge,5,5,eeg_mf_hz__PO7,10,5,0.043478260869565216,1.2447720714948312
individual,valence,multimodal,ridge,5,5,eeg_mf_hz__PO8,12,5,0.05217391304347826,1.442331548168884
individual,valence,multimodal,ridge,5,5,eeg_mf_hz__Pz,7,5,0.030434782608695653,1.1192898786425196
individual,valence,multimodal,ridge,5,5,eeg_sd__C3,3,5,0.013043478260869565,1.2246483261632322
individual,valence,multimodal,ridge,5,5,eeg_sd__C4,5,5,0.021739130434782608,1.2119725647343238
individual,valence,multimodal,ridge,5,5,eeg_sd__Cz,9,5,0.0391304347826087,1.1550390458698638
individual,valence,multimodal,ridge,5,5,eeg_sd__Fz,12,5,0.05217391304347826,1.3442709750182678
individual,valence,multimodal,ridge,5,5,eeg_sd__Oz,1,5,0.004347826086956522,1.0728355373294716
individual,valence,multimodal,ridge,5,5,eeg_sd__PO7,10,5,0.043478260869565216,1.744407720096646
individual,valence,multimodal,ridge,5,5,eeg_sd__PO8,2,5,0.008695652173913044,1.0326693412088856
individual,valence,multimodal,ridge,5,5,eeg_sd__Pz,8,5,0.034782608695652174,1.4593840826719753
individual,valence,multimodal,ridge,5,5,eeg_se__C3,12,5,0.05217391304347826,1.344071637302436
individual,valence,multimodal,ridge,5,5,eeg_se__C4,8,5,0.034782608695652174,1.0487787701935722
individual,valence,multimodal,ridge,5,5,eeg_se__Cz,5,5,0.021739130434782608,1.1574479935253463
individual,valence,multimodal,ridge,5,5,eeg_se__Fz,3,5,0.013043478260869565,1.2614343793407266
individual,valence,multimodal,ridge,5,5,eeg_se__Oz,2,5,0.008695652173913044,1.0590102325364517
individual,valence,multimodal,ridge,5,5,eeg_se__PO7,12,5,0.05217391304347826,1.3443691698284923
individual,valence,multimodal,ridge,5,5,eeg_se__PO8,9,5,0.0391304347826087,1.3239497116353658
individual,valence,multimodal,ridge,5,5,eeg_se__Pz,9,5,0.0391304347826087,1.3657981183739831
individual,valence,multimodal,ridge,5,5,eeg_se_alpha__C3,14,5,0.06086956521739131,1.297726240150444
individual,valence,multimodal,ridge,5,5,eeg_se_alpha__C4,7,5,0.030434782608695653,1.0620639598551997
individual,valence,multimodal,ridge,5,5,eeg_se_alpha__Cz,3,5,0.013043478260869565,0.8580026111871988
individual,valence,multimodal,ridge,5,5,eeg_se_alpha__Fz,16,5,0.06956521739130435,1.362456215732626
individual,valence,multimodal,ridge,5,5,eeg_se_alpha__Oz,10,5,0.043478260869565216,1.0671867427201003
individual,valence,multimodal,ridge,5,5,eeg_se_alpha__PO7,3,5,0.013043478260869565,0.8443020020974584
individual,valence,multimodal,ridge,5,5,eeg_se_alpha__PO8,4,5,0.017391304347826087,0.9147253226240836
individual,valence,multimodal,ridge,5,5,eeg_se_alpha__Pz,10,5,0.043478260869565216,1.0206281958788703
individual,valence,multimodal,ridge,5,5,eeg_se_beta__C3,12,5,0.05217391304347826,1.2322628109201665
individual,valence,multimodal,ridge,5,5,eeg_se_beta__C4,6,5,0.02608695652173913,0.9335122869822814
individual,valence,multimodal,ridge,5,5,eeg_se_beta__Cz,3,5,0.013043478260869565,0.7918478498429543
individual,valence,multimodal,ridge,5,5,eeg_se_beta__Fz,14,5,0.06086956521739131,1.2629730600481026
individual,valence,multimodal,ridge,5,5,eeg_se_beta__Oz,10,5,0.043478260869565216,1.0470219423347993
individual,valence,multimodal,ridge,5,5,eeg_se_beta__PO7,11,5,0.04782608695652174,1.0439045476545097
individual,valence,multimodal,ridge,5,5,eeg_se_beta__PO8,9,5,0.0391304347826087,0.9742622853871281
individual,valence,multimodal,ridge,5,5,eeg_se_beta__Pz,7,5,0.030434782608695653,0.971256280100554
individual,valence,multimodal,ridge,5,5,eeg_se_delta__C3,3,5,0.013043478260869565,0.9046963892696204
individual,valence,multimodal,ridge,5,5,eeg_se_delta__C4,6,5,0.02608695652173913,0.9773190400345125
individual,valence,multimodal,ridge,5,5,eeg_se_delta__Cz,8,5,0.034782608695652174,1.2187065384047642
individual,valence,multimodal,ridge,5,5,eeg_se_delta__Fz,14,5,0.06086956521739131,1.2280877796020586
individual,valence,multimodal,ridge,5,5,eeg_se_delta__Oz,3,5,0.013043478260869565,1.016404041566514
individual,valence,multimodal,ridge,5,5,eeg_se_delta__PO7,11,5,0.04782608695652174,1.1947716382617046
individual,valence,multimodal,ridge,5,5,eeg_se_delta__PO8,15,5,0.06521739130434782,1.2909708747615123
individual,valence,multimodal,ridge,5,5,eeg_se_delta__Pz,0,5,0.0,0.800981073362293
individual,valence,multimodal,ridge,5,5,eeg_se_gamma__C3,5,5,0.021739130434782608,0.9238211223527716
individual,valence,multimodal,ridge,5,5,eeg_se_gamma__C4,12,5,0.05217391304347826,0.9535984434951836
individual,valence,multimodal,ridge,5,5,eeg_se_gamma__Cz,20,5,0.08695652173913043,1.5478374960269088
individual,valence,multimodal,ridge,5,5,eeg_se_gamma__Fz,10,5,0.043478260869565216,1.0597380143909574
individual,valence,multimodal,ridge,5,5,eeg_se_gamma__Oz,12,5,0.05217391304347826,1.2464246252356408
individual,valence,multimodal,ridge,5,5,eeg_se_gamma__PO7,10,5,0.043478260869565216,0.9859986437569059
individual,valence,multimodal,ridge,5,5,eeg_se_gamma__PO8,9,5,0.0391304347826087,1.2042742366998485
individual,valence,multimodal,ridge,5,5,eeg_se_gamma__Pz,15,5,0.06521739130434782,1.5017394370338597
individual,valence,multimodal,ridge,5,5,eeg_se_theta__C3,14,5,0.06086956521739131,1.0958890823165968
individual,valence,multimodal,ridge,5,5,eeg_se_theta__C4,2,5,0.008695652173913044,1.0230210016953982
individual,valence,multimodal,ridge,5,5,eeg_se_theta__Cz,12,5,0.05217391304347826,1.0453684896949536
individual,valence,multimodal,ridge,5,5,eeg_se_theta__Fz,10,5,0.043478260869565216,0.8867246085307152
individual,valence,multimodal,ridge,5,5,eeg_se_theta__Oz,8,5,0.034782608695652174,1.0795528637903546
individual,valence,multimodal,ridge,5,5,eeg_se_theta__PO7,11,5,0.04782608695652174,1.1149390857030042
individual,valence,multimodal,ridge,5,5,eeg_se_theta__PO8,5,5,0.021739130434782608,0.9035364207907084
individual,valence,multimodal,ridge,5,5,eeg_se_theta__Pz,8,5,0.034782608695652174,1.0700929656310287
individual,valence,multimodal,ridge,5,5,video_enso_norm_mean,19,5,0.08260869565217391,1.3291499609713184
individual,valence,multimodal,ridge,5,5,video_enso_norm_std,27,5,0.11739130434782609,1.9119128160599526
individual,valence,multimodal,ridge,5,5,video_eso_norm_mean,14,5,0.06086956521739131,1.2866197089552376
individual,valence,multimodal,ridge,5,5,video_eso_norm_std,19,5,0.08260869565217391,1.8090301860946538
individual,valence,multimodal,ridge,5,5,video_irisdo_norm_mean,18,5,0.0782608695652174,1.3573170724856691
individual,valence,multimodal,ridge,5,5,video_irisdo_norm_std,25,5,0.10869565217391304,1.6914551056734863
individual,valence,multimodal,ridge,5,5,video_mnso_norm_mean,8,5,0.034782608695652174,1.214969114631459
individual,valence,multimodal,ridge,5,5,video_mnso_norm_std,17,5,0.07391304347826087,1.5500691251788397
individual,valence,multimodal,ridge,5,5,video_mwo_norm_mean,24,5,0.10434782608695652,1.9645245498227657
individual,valence,multimodal,ridge,5,5,video_mwo_norm_std,27,5,0.11739130434782609,2.4494618150992014
individual,valence,multimodal,ridge,all,all,eeg_bp_alpha__C3,230,5,1.0,
individual,valence,multimodal,ridge,all,all,eeg_bp_alpha__C4,230,5,1.0,
individual,valence,multimodal,ridge,all,all,eeg_bp_alpha__Cz,230,5,1.0,
individual,valence,multimodal,ridge,all,all,eeg_bp_alpha__Fz,230,5,1.0,
individual,valence,multimodal,ridge,all,all,eeg_bp_alpha__Oz,230,5,1.0,
individual,valence,multimodal,ridge,all,all,eeg_bp_alpha__PO7,230,5,1.0,
individual,valence,multimodal,ridge,all,all,eeg_bp_alpha__PO8,230,5,1.0,
individual,valence,multimodal,ridge,all,all,eeg_bp_alpha__Pz,230,5,1.0,
individual,valence,multimodal,ridge,all,all,eeg_bp_beta__C3,230,5,1.0,
individual,valence,multimodal,ridge,all,all,eeg_bp_beta__C4,230,5,1.0,
individual,valence,multimodal,ridge,all,all,eeg_bp_beta__Cz,230,5,1.0,
individual,valence,multimodal,ridge,all,all,eeg_bp_beta__Fz,230,5,1.0,
individual,valence,multimodal,ridge,all,all,eeg_bp_beta__Oz,230,5,1.0,
individual,valence,multimodal,ridge,all,all,eeg_bp_beta__PO7,230,5,1.0,
individual,valence,multimodal,ridge,all,all,eeg_bp_beta__PO8,230,5,1.0,
individual,valence,multimodal,ridge,all,all,eeg_bp_beta__Pz,230,5,1.0,
individual,valence,multimodal,ridge,all,all,eeg_bp_delta__C3,230,5,1.0,
individual,valence,multimodal,ridge,all,all,eeg_bp_delta__C4,230,5,1.0,
individual,valence,multimodal,ridge,all,all,eeg_bp_delta__Cz,230,5,1.0,
individual,valence,multimodal,ridge,all,all,eeg_bp_delta__Fz,230,5,1.0,
individual,valence,multimodal,ridge,all,all,eeg_bp_delta__Oz,230,5,1.0,
individual,valence,multimodal,ridge,all,all,eeg_bp_delta__PO7,230,5,1.0,
individual,valence,multimodal,ridge,all,all,eeg_bp_delta__PO8,230,5,1.0,
individual,valence,multimodal,ridge,all,all,eeg_bp_delta__Pz,230,5,1.0,
individual,valence,multimodal,ridge,all,all,eeg_bp_gamma__C3,230,5,1.0,
individual,valence,multimodal,ridge,all,all,eeg_bp_gamma__C4,230,5,1.0,
individual,valence,multimodal,ridge,all,all,eeg_bp_gamma__Cz,230,5,1.0,
individual,valence,multimodal,ridge,all,all,eeg_bp_gamma__Fz,230,5,1.0,
individual,valence,multimodal,ridge,all,all,eeg_bp_gamma__Oz,230,5,1.0,
individual,valence,multimodal,ridge,all,all,eeg_bp_gamma__PO7,230,5,1.0,
individual,valence,multimodal,ridge,all,all,eeg_bp_gamma__PO8,230,5,1.0,
individual,valence,multimodal,ridge,all,all,eeg_bp_gamma__Pz,230,5,1.0,
individual,valence,multimodal,ridge,all,all,eeg_bp_theta__C3,230,5,1.0,
individual,valence,multimodal,ridge,all,all,eeg_bp_theta__C4,230,5,1.0,
individual,valence,multimodal,ridge,all,all,eeg_bp_theta__Cz,230,5,1.0,
individual,valence,multimodal,ridge,all,all,eeg_bp_theta__Fz,230,5,1.0,
individual,valence,multimodal,ridge,all,all,eeg_bp_theta__Oz,230,5,1.0,
individual,valence,multimodal,ridge,all,all,eeg_bp_theta__PO7,230,5,1.0,
individual,valence,multimodal,ridge,all,all,eeg_bp_theta__PO8,230,5,1.0,
individual,valence,multimodal,ridge,all,all,eeg_bp_theta__Pz,230,5,1.0,
individual,valence,multimodal,ridge,all,all,eeg_hc__C3,230,5,1.0,
individual,valence,multimodal,ridge,all,all,eeg_hc__C4,230,5,1.0,
individual,valence,multimodal,ridge,all,all,eeg_hc__Cz,230,5,1.0,
individual,valence,multimodal,ridge,all,all,eeg_hc__Fz,230,5,1.0,
individual,valence,multimodal,ridge,all,all,eeg_hc__Oz,230,5,1.0,
individual,valence,multimodal,ridge,all,all,eeg_hc__PO7,230,5,1.0,
individual,valence,multimodal,ridge,all,all,eeg_hc__PO8,230,5,1.0,
individual,valence,multimodal,ridge,all,all,eeg_hc__Pz,230,5,1.0,
individual,valence,multimodal,ridge,all,all,eeg_hm__C3,230,5,1.0,
individual,valence,multimodal,ridge,all,all,eeg_hm__C4,230,5,1.0,
individual,valence,multimodal,ridge,all,all,eeg_hm__Cz,230,5,1.0,
individual,valence,multimodal,ridge,all,all,eeg_hm__Fz,230,5,1.0,
individual,valence,multimodal,ridge,all,all,eeg_hm__Oz,230,5,1.0,
individual,valence,multimodal,ridge,all,all,eeg_hm__PO7,230,5,1.0,
individual,valence,multimodal,ridge,all,all,eeg_hm__PO8,230,5,1.0,
individual,valence,multimodal,ridge,all,all,eeg_hm__Pz,230,5,1.0,
individual,valence,multimodal,ridge,all,all,eeg_mf_hz__C3,230,5,1.0,
individual,valence,multimodal,ridge,all,all,eeg_mf_hz__C4,230,5,1.0,
individual,valence,multimodal,ridge,all,all,eeg_mf_hz__Cz,230,5,1.0,
individual,valence,multimodal,ridge,all,all,eeg_mf_hz__Fz,230,5,1.0,
individual,valence,multimodal,ridge,all,all,eeg_mf_hz__Oz,230,5,1.0,
individual,valence,multimodal,ridge,all,all,eeg_mf_hz__PO7,230,5,1.0,
individual,valence,multimodal,ridge,all,all,eeg_mf_hz__PO8,230,5,1.0,
individual,valence,multimodal,ridge,all,all,eeg_mf_hz__Pz,230,5,1.0,
individual,valence,multimodal,ridge,all,all,eeg_sd__C3,230,5,1.0,
individual,valence,multimodal,ridge,all,all,eeg_sd__C4,230,5,1.0,
individual,valence,multimodal,ridge,all,all,eeg_sd__Cz,230,5,1.0,
individual,valence,multimodal,ridge,all,all,eeg_sd__Fz,230,5,1.0,
individual,valence,multimodal,ridge,all,all,eeg_sd__Oz,230,5,1.0,
individual,valence,multimodal,ridge,all,all,eeg_sd__PO7,230,5,1.0,
individual,valence,multimodal,ridge,all,all,eeg_sd__PO8,230,5,1.0,
individual,valence,multimodal,ridge,all,all,eeg_sd__Pz,230,5,1.0,
individual,valence,multimodal,ridge,all,all,eeg_se__C3,230,5,1.0,
individual,valence,multimodal,ridge,all,all,eeg_se__C4,230,5,1.0,
individual,valence,multimodal,ridge,all,all,eeg_se__Cz,230,5,1.0,
individual,valence,multimodal,ridge,all,all,eeg_se__Fz,230,5,1.0,
individual,valence,multimodal,ridge,all,all,eeg_se__Oz,230,5,1.0,
individual,valence,multimodal,ridge,all,all,eeg_se__PO7,230,5,1.0,
individual,valence,multimodal,ridge,all,all,eeg_se__PO8,230,5,1.0,
individual,valence,multimodal,ridge,all,all,eeg_se__Pz,230,5,1.0,
individual,valence,multimodal,ridge,all,all,eeg_se_alpha__C3,230,5,1.0,
individual,valence,multimodal,ridge,all,all,eeg_se_alpha__C4,230,5,1.0,
individual,valence,multimodal,ridge,all,all,eeg_se_alpha__Cz,230,5,1.0,
individual,valence,multimodal,ridge,all,all,eeg_se_alpha__Fz,230,5,1.0,
individual,valence,multimodal,ridge,all,all,eeg_se_alpha__Oz,230,5,1.0,
individual,valence,multimodal,ridge,all,all,eeg_se_alpha__PO7,230,5,1.0,
individual,valence,multimodal,ridge,all,all,eeg_se_alpha__PO8,230,5,1.0,
individual,valence,multimodal,ridge,all,all,eeg_se_alpha__Pz,230,5,1.0,
individual,valence,multimodal,ridge,all,all,eeg_se_beta__C3,230,5,1.0,
individual,valence,multimodal,ridge,all,all,eeg_se_beta__C4,230,5,1.0,
individual,valence,multimodal,ridge,all,all,eeg_se_beta__Cz,230,5,1.0,
individual,valence,multimodal,ridge,all,all,eeg_se_beta__Fz,230,5,1.0,
individual,valence,multimodal,ridge,all,all,eeg_se_beta__Oz,230,5,1.0,
individual,valence,multimodal,ridge,all,all,eeg_se_beta__PO7,230,5,1.0,
individual,valence,multimodal,ridge,all,all,eeg_se_beta__PO8,230,5,1.0,
individual,valence,multimodal,ridge,all,all,eeg_se_beta__Pz,230,5,1.0,
individual,valence,multimodal,ridge,all,all,eeg_se_delta__C3,230,5,1.0,
individual,valence,multimodal,ridge,all,all,eeg_se_delta__C4,230,5,1.0,
individual,valence,multimodal,ridge,all,all,eeg_se_delta__Cz,230,5,1.0,
individual,valence,multimodal,ridge,all,all,eeg_se_delta__Fz,230,5,1.0,
individual,valence,multimodal,ridge,all,all,eeg_se_delta__Oz,230,5,1.0,
individual,valence,multimodal,ridge,all,all,eeg_se_delta__PO7,230,5,1.0,
individual,valence,multimodal,ridge,all,all,eeg_se_delta__PO8,230,5,1.0,
individual,valence,multimodal,ridge,all,all,eeg_se_delta__Pz,230,5,1.0,
individual,valence,multimodal,ridge,all,all,eeg_se_gamma__C3,230,5,1.0,
individual,valence,multimodal,ridge,all,all,eeg_se_gamma__C4,230,5,1.0,
individual,valence,multimodal,ridge,all,all,eeg_se_gamma__Cz,230,5,1.0,
individual,valence,multimodal,ridge,all,all,eeg_se_gamma__Fz,230,5,1.0,
individual,valence,multimodal,ridge,all,all,eeg_se_gamma__Oz,230,5,1.0,
individual,valence,multimodal,ridge,all,all,eeg_se_gamma__PO7,230,5,1.0,
individual,valence,multimodal,ridge,all,all,eeg_se_gamma__PO8,230,5,1.0,
individual,valence,multimodal,ridge,all,all,eeg_se_gamma__Pz,230,5,1.0,
individual,valence,multimodal,ridge,all,all,eeg_se_theta__C3,230,5,1.0,
individual,valence,multimodal,ridge,all,all,eeg_se_theta__C4,230,5,1.0,
individual,valence,multimodal,ridge,all,all,eeg_se_theta__Cz,230,5,1.0,
individual,valence,multimodal,ridge,all,all,eeg_se_theta__Fz,230,5,1.0,
individual,valence,multimodal,ridge,all,all,eeg_se_theta__Oz,230,5,1.0,
individual,valence,multimodal,ridge,all,all,eeg_se_theta__PO7,230,5,1.0,
individual,valence,multimodal,ridge,all,all,eeg_se_theta__PO8,230,5,1.0,
individual,valence,multimodal,ridge,all,all,eeg_se_theta__Pz,230,5,1.0,
individual,valence,multimodal,ridge,all,all,video_enso_norm_mean,230,5,1.0,
individual,valence,multimodal,ridge,all,all,video_enso_norm_std,230,5,1.0,
individual,valence,multimodal,ridge,all,all,video_eso_norm_mean,230,5,1.0,
individual,valence,multimodal,ridge,all,all,video_eso_norm_std,230,5,1.0,
individual,valence,multimodal,ridge,all,all,video_irisdo_norm_mean,230,5,1.0,
individual,valence,multimodal,ridge,all,all,video_irisdo_norm_std,230,5,1.0,
individual,valence,multimodal,ridge,all,all,video_mnso_norm_mean,230,5,1.0,
individual,valence,multimodal,ridge,all,all,video_mnso_norm_std,230,5,1.0,
individual,valence,multimodal,ridge,all,all,video_mwo_norm_mean,230,5,1.0,
individual,valence,multimodal,ridge,all,all,video_mwo_norm_std,230,5,1.0,
individual,valence,multimodal,svr,10,10,eeg_bp_alpha__C3,31,5,0.13478260869565217,1.401749247246441
individual,valence,multimodal,svr,10,10,eeg_bp_alpha__C4,18,5,0.0782608695652174,1.0844206276974846
individual,valence,multimodal,svr,10,10,eeg_bp_alpha__Cz,15,5,0.06521739130434782,1.0403087940253297
individual,valence,multimodal,svr,10,10,eeg_bp_alpha__Fz,10,5,0.043478260869565216,0.9408403910282667
individual,valence,multimodal,svr,10,10,eeg_bp_alpha__Oz,25,5,0.10869565217391304,1.1156215805347498
individual,valence,multimodal,svr,10,10,eeg_bp_alpha__PO7,18,5,0.0782608695652174,1.2265552475868111
individual,valence,multimodal,svr,10,10,eeg_bp_alpha__PO8,26,5,0.11304347826086956,1.2478940231326061
individual,valence,multimodal,svr,10,10,eeg_bp_alpha__Pz,6,5,0.02608695652173913,0.8341188938795013
individual,valence,multimodal,svr,10,10,eeg_bp_beta__C3,16,5,0.06956521739130435,1.2110529958596967
individual,valence,multimodal,svr,10,10,eeg_bp_beta__C4,20,5,0.08695652173913043,1.264271708661913
individual,valence,multimodal,svr,10,10,eeg_bp_beta__Cz,8,5,0.034782608695652174,0.7169600062825849
individual,valence,multimodal,svr,10,10,eeg_bp_beta__Fz,17,5,0.07391304347826087,1.2166570011864815
individual,valence,multimodal,svr,10,10,eeg_bp_beta__Oz,21,5,0.09130434782608696,1.1035870157078924
individual,valence,multimodal,svr,10,10,eeg_bp_beta__PO7,18,5,0.0782608695652174,1.2228301133475634
individual,valence,multimodal,svr,10,10,eeg_bp_beta__PO8,16,5,0.06956521739130435,1.14747296828799
individual,valence,multimodal,svr,10,10,eeg_bp_beta__Pz,16,5,0.06956521739130435,1.0870572273690622
individual,valence,multimodal,svr,10,10,eeg_bp_delta__C3,14,5,0.06086956521739131,1.1733664794562741
individual,valence,multimodal,svr,10,10,eeg_bp_delta__C4,10,5,0.043478260869565216,1.071723840667791
individual,valence,multimodal,svr,10,10,eeg_bp_delta__Cz,13,5,0.05652173913043478,1.092314513644112
individual,valence,multimodal,svr,10,10,eeg_bp_delta__Fz,19,5,0.08260869565217391,1.444839589464824
individual,valence,multimodal,svr,10,10,eeg_bp_delta__Oz,8,5,0.034782608695652174,1.1884936776244936
individual,valence,multimodal,svr,10,10,eeg_bp_delta__PO7,16,5,0.06956521739130435,1.3947631609537783
individual,valence,multimodal,svr,10,10,eeg_bp_delta__PO8,11,5,0.04782608695652174,1.043759929157458
individual,valence,multimodal,svr,10,10,eeg_bp_delta__Pz,18,5,0.0782608695652174,1.4555230515122508
individual,valence,multimodal,svr,10,10,eeg_bp_gamma__C3,14,5,0.06086956521739131,1.020002189692187
individual,valence,multimodal,svr,10,10,eeg_bp_gamma__C4,14,5,0.06086956521739131,1.1056852202699587
individual,valence,multimodal,svr,10,10,eeg_bp_gamma__Cz,14,5,0.06086956521739131,1.1406181029979414
individual,valence,multimodal,svr,10,10,eeg_bp_gamma__Fz,8,5,0.034782608695652174,0.8600324808197762
individual,valence,multimodal,svr,10,10,eeg_bp_gamma__Oz,11,5,0.04782608695652174,0.9747053643597989
individual,valence,multimodal,svr,10,10,eeg_bp_gamma__PO7,15,5,0.06521739130434782,1.1990266248664916
individual,valence,multimodal,svr,10,10,eeg_bp_gamma__PO8,21,5,0.09130434782608696,1.208775667531921
individual,valence,multimodal,svr,10,10,eeg_bp_gamma__Pz,18,5,0.0782608695652174,1.3254157373398916
individual,valence,multimodal,svr,10,10,eeg_bp_theta__C3,16,5,0.06956521739130435,1.163582825698584
individual,valence,multimodal,svr,10,10,eeg_bp_theta__C4,10,5,0.043478260869565216,0.91911736313924
individual,valence,multimodal,svr,10,10,eeg_bp_theta__Cz,15,5,0.06521739130434782,1.123966538496895
individual,valence,multimodal,svr,10,10,eeg_bp_theta__Fz,11,5,0.04782608695652174,1.0893210167959244
individual,valence,multimodal,svr,10,10,eeg_bp_theta__Oz,13,5,0.05652173913043478,1.0959123696028035
individual,valence,multimodal,svr,10,10,eeg_bp_theta__PO7,13,5,0.05652173913043478,1.2128899464530514
individual,valence,multimodal,svr,10,10,eeg_bp_theta__PO8,22,5,0.09565217391304348,1.4048536160789702
individual,valence,multimodal,svr,10,10,eeg_bp_theta__Pz,20,5,0.08695652173913043,1.2628352863663797
individual,valence,multimodal,svr,10,10,eeg_hc__C3,23,5,0.1,1.2005550341515576
individual,valence,multimodal,svr,10,10,eeg_hc__C4,19,5,0.08260869565217391,1.2129908152547224
individual,valence,multimodal,svr,10,10,eeg_hc__Cz,10,5,0.043478260869565216,0.9163482855063301
individual,valence,multimodal,svr,10,10,eeg_hc__Fz,25,5,0.10869565217391304,1.4265993670421002
individual,valence,multimodal,svr,10,10,eeg_hc__Oz,13,5,0.05652173913043478,1.0479586084419295
individual,valence,multimodal,svr,10,10,eeg_hc__PO7,22,5,0.09565217391304348,1.3952385171976722
individual,valence,multimodal,svr,10,10,eeg_hc__PO8,21,5,0.09130434782608696,1.264583424509145
individual,valence,multimodal,svr,10,10,eeg_hc__Pz,14,5,0.06086956521739131,1.1455329509670042
individual,valence,multimodal,svr,10,10,eeg_hm__C3,20,5,0.08695652173913043,1.288995620230294
individual,valence,multimodal,svr,10,10,eeg_hm__C4,13,5,0.05652173913043478,1.194335004699217
individual,valence,multimodal,svr,10,10,eeg_hm__Cz,7,5,0.030434782608695653,0.919805469722968
individual,valence,multimodal,svr,10,10,eeg_hm__Fz,26,5,0.11304347826086956,1.5442517336272819
individual,valence,multimodal,svr,10,10,eeg_hm__Oz,16,5,0.06956521739130435,1.1982266935258385
individual,valence,multimodal,svr,10,10,eeg_hm__PO7,22,5,0.09565217391304348,1.4823994014823274
individual,valence,multimodal,svr,10,10,eeg_hm__PO8,19,5,0.08260869565217391,1.317960007103271
individual,valence,multimodal,svr,10,10,eeg_hm__Pz,16,5,0.06956521739130435,1.2580834482340453
individual,valence,multimodal,svr,10,10,eeg_mf_hz__C3,21,5,0.09130434782608696,1.366790019770489
individual,valence,multimodal,svr,10,10,eeg_mf_hz__C4,20,5,0.08695652173913043,1.2231467991354883
individual,valence,multimodal,svr,10,10,eeg_mf_hz__Cz,13,5,0.05652173913043478,0.8838933127729754
individual,valence,multimodal,svr,10,10,eeg_mf_hz__Fz,18,5,0.0782608695652174,1.2371583990215984
individual,valence,multimodal,svr,10,10,eeg_mf_hz__Oz,6,5,0.02608695652173913,0.8417334391760699
individual,valence,multimodal,svr,10,10,eeg_mf_hz__PO7,20,5,0.08695652173913043,1.2447720714948312
individual,valence,multimodal,svr,10,10,eeg_mf_hz__PO8,22,5,0.09565217391304348,1.442331548168884
individual,valence,multimodal,svr,10,10,eeg_mf_hz__Pz,17,5,0.07391304347826087,1.1192898786425196
individual,valence,multimodal,svr,10,10,eeg_sd__C3,13,5,0.05652173913043478,1.2246483261632322
individual,valence,multimodal,svr,10,10,eeg_sd__C4,16,5,0.06956521739130435,1.2119725647343238
individual,valence,multimodal,svr,10,10,eeg_sd__Cz,15,5,0.06521739130434782,1.1550390458698638
individual,valence,multimodal,svr,10,10,eeg_sd__Fz,21,5,0.09130434782608696,1.3442709750182678
individual,valence,multimodal,svr,10,10,eeg_sd__Oz,8,5,0.034782608695652174,1.0728355373294716
individual,valence,multimodal,svr,10,10,eeg_sd__PO7,30,5,0.13043478260869565,1.744407720096646
individual,valence,multimodal,svr,10,10,eeg_sd__PO8,8,5,0.034782608695652174,1.0326693412088856
individual,valence,multimodal,svr,10,10,eeg_sd__Pz,21,5,0.09130434782608696,1.4593840826719753
individual,valence,multimodal,svr,10,10,eeg_se__C3,19,5,0.08260869565217391,1.344071637302436
individual,valence,multimodal,svr,10,10,eeg_se__C4,15,5,0.06521739130434782,1.0487787701935722
individual,valence,multimodal,svr,10,10,eeg_se__Cz,14,5,0.06086956521739131,1.1574479935253463
individual,valence,multimodal,svr,10,10,eeg_se__Fz,13,5,0.05652173913043478,1.2614343793407266
individual,valence,multimodal,svr,10,10,eeg_se__Oz,10,5,0.043478260869565216,1.0590102325364517
individual,valence,multimodal,svr,10,10,eeg_se__PO7,17,5,0.07391304347826087,1.3443691698284923
individual,valence,multimodal,svr,10,10,eeg_se__PO8,16,5,0.06956521739130435,1.3239497116353658
individual,valence,multimodal,svr,10,10,eeg_se__Pz,22,5,0.09565217391304348,1.3657981183739831
individual,valence,multimodal,svr,10,10,eeg_se_alpha__C3,29,5,0.12608695652173912,1.297726240150444
individual,valence,multimodal,svr,10,10,eeg_se_alpha__C4,15,5,0.06521739130434782,1.0620639598551997
individual,valence,multimodal,svr,10,10,eeg_se_alpha__Cz,11,5,0.04782608695652174,0.8580026111871988
individual,valence,multimodal,svr,10,10,eeg_se_alpha__Fz,27,5,0.11739130434782609,1.362456215732626
individual,valence,multimodal,svr,10,10,eeg_se_alpha__Oz,21,5,0.09130434782608696,1.0671867427201003
individual,valence,multimodal,svr,10,10,eeg_se_alpha__PO7,8,5,0.034782608695652174,0.8443020020974584
individual,valence,multimodal,svr,10,10,eeg_se_alpha__PO8,11,5,0.04782608695652174,0.9147253226240836
individual,valence,multimodal,svr,10,10,eeg_se_alpha__Pz,17,5,0.07391304347826087,1.0206281958788703
individual,valence,multimodal,svr,10,10,eeg_se_beta__C3,16,5,0.06956521739130435,1.2322628109201665
individual,valence,multimodal,svr,10,10,eeg_se_beta__C4,13,5,0.05652173913043478,0.9335122869822814
individual,valence,multimodal,svr,10,10,eeg_se_beta__Cz,6,5,0.02608695652173913,0.7918478498429543
individual,valence,multimodal,svr,10,10,eeg_se_beta__Fz,26,5,0.11304347826086956,1.2629730600481026
individual,valence,multimodal,svr,10,10,eeg_se_beta__Oz,16,5,0.06956521739130435,1.0470219423347993
individual,valence,multimodal,svr,10,10,eeg_se_beta__PO7,19,5,0.08260869565217391,1.0439045476545097
individual,valence,multimodal,svr,10,10,eeg_se_beta__PO8,15,5,0.06521739130434782,0.9742622853871281
individual,valence,multimodal,svr,10,10,eeg_se_beta__Pz,19,5,0.08260869565217391,0.971256280100554
individual,valence,multimodal,svr,10,10,eeg_se_delta__C3,8,5,0.034782608695652174,0.9046963892696204
individual,valence,multimodal,svr,10,10,eeg_se_delta__C4,14,5,0.06086956521739131,0.9773190400345125
individual,valence,multimodal,svr,10,10,eeg_se_delta__Cz,16,5,0.06956521739130435,1.2187065384047642
individual,valence,multimodal,svr,10,10,eeg_se_delta__Fz,22,5,0.09565217391304348,1.2280877796020586
individual,valence,multimodal,svr,10,10,eeg_se_delta__Oz,11,5,0.04782608695652174,1.016404041566514
individual,valence,multimodal,svr,10,10,eeg_se_delta__PO7,20,5,0.08695652173913043,1.1947716382617046
individual,valence,multimodal,svr,10,10,eeg_se_delta__PO8,26,5,0.11304347826086956,1.2909708747615123
individual,valence,multimodal,svr,10,10,eeg_se_delta__Pz,8,5,0.034782608695652174,0.800981073362293
individual,valence,multimodal,svr,10,10,eeg_se_gamma__C3,14,5,0.06086956521739131,0.9238211223527716
individual,valence,multimodal,svr,10,10,eeg_se_gamma__C4,19,5,0.08260869565217391,0.9535984434951836
individual,valence,multimodal,svr,10,10,eeg_se_gamma__Cz,29,5,0.12608695652173912,1.5478374960269088
individual,valence,multimodal,svr,10,10,eeg_se_gamma__Fz,20,5,0.08695652173913043,1.0597380143909574
individual,valence,multimodal,svr,10,10,eeg_se_gamma__Oz,19,5,0.08260869565217391,1.2464246252356408
individual,valence,multimodal,svr,10,10,eeg_se_gamma__PO7,13,5,0.05652173913043478,0.9859986437569059
individual,valence,multimodal,svr,10,10,eeg_se_gamma__PO8,22,5,0.09565217391304348,1.2042742366998485
individual,valence,multimodal,svr,10,10,eeg_se_gamma__Pz,23,5,0.1,1.5017394370338597
individual,valence,multimodal,svr,10,10,eeg_se_theta__C3,20,5,0.08695652173913043,1.0958890823165968
individual,valence,multimodal,svr,10,10,eeg_se_theta__C4,15,5,0.06521739130434782,1.0230210016953982
individual,valence,multimodal,svr,10,10,eeg_se_theta__Cz,16,5,0.06956521739130435,1.0453684896949536
individual,valence,multimodal,svr,10,10,eeg_se_theta__Fz,15,5,0.06521739130434782,0.8867246085307152
individual,valence,multimodal,svr,10,10,eeg_se_theta__Oz,17,5,0.07391304347826087,1.0795528637903546
individual,valence,multimodal,svr,10,10,eeg_se_theta__PO7,20,5,0.08695652173913043,1.1149390857030042
individual,valence,multimodal,svr,10,10,eeg_se_theta__PO8,13,5,0.05652173913043478,0.9035364207907084
individual,valence,multimodal,svr,10,10,eeg_se_theta__Pz,17,5,0.07391304347826087,1.0700929656310287
individual,valence,multimodal,svr,10,10,video_enso_norm_mean,30,5,0.13043478260869565,1.3291499609713184
individual,valence,multimodal,svr,10,10,video_enso_norm_std,43,5,0.18695652173913044,1.9119128160599526
individual,valence,multimodal,svr,10,10,video_eso_norm_mean,20,5,0.08695652173913043,1.2866197089552376
individual,valence,multimodal,svr,10,10,video_eso_norm_std,36,5,0.1565217391304348,1.8090301860946538
individual,valence,multimodal,svr,10,10,video_irisdo_norm_mean,29,5,0.12608695652173912,1.3573170724856691
individual,valence,multimodal,svr,10,10,video_irisdo_norm_std,36,5,0.1565217391304348,1.6914551056734863
individual,valence,multimodal,svr,10,10,video_mnso_norm_mean,20,5,0.08695652173913043,1.214969114631459
individual,valence,multimodal,svr,10,10,video_mnso_norm_std,24,5,0.10434782608695652,1.5500691251788397
individual,valence,multimodal,svr,10,10,video_mwo_norm_mean,36,5,0.1565217391304348,1.9645245498227657
individual,valence,multimodal,svr,10,10,video_mwo_norm_std,34,5,0.14782608695652175,2.4494618150992014
individual,valence,multimodal,svr,20,20,eeg_bp_alpha__C3,48,5,0.20869565217391303,1.401749247246441
individual,valence,multimodal,svr,20,20,eeg_bp_alpha__C4,38,5,0.16521739130434782,1.0844206276974846
individual,valence,multimodal,svr,20,20,eeg_bp_alpha__Cz,29,5,0.12608695652173912,1.0403087940253297
individual,valence,multimodal,svr,20,20,eeg_bp_alpha__Fz,23,5,0.1,0.9408403910282667
individual,valence,multimodal,svr,20,20,eeg_bp_alpha__Oz,38,5,0.16521739130434782,1.1156215805347498
individual,valence,multimodal,svr,20,20,eeg_bp_alpha__PO7,36,5,0.1565217391304348,1.2265552475868111
individual,valence,multimodal,svr,20,20,eeg_bp_alpha__PO8,47,5,0.20434782608695654,1.2478940231326061
individual,valence,multimodal,svr,20,20,eeg_bp_alpha__Pz,20,5,0.08695652173913043,0.8341188938795013
individual,valence,multimodal,svr,20,20,eeg_bp_beta__C3,40,5,0.17391304347826086,1.2110529958596967
individual,valence,multimodal,svr,20,20,eeg_bp_beta__C4,38,5,0.16521739130434782,1.264271708661913
individual,valence,multimodal,svr,20,20,eeg_bp_beta__Cz,14,5,0.06086956521739131,0.7169600062825849
individual,valence,multimodal,svr,20,20,eeg_bp_beta__Fz,35,5,0.15217391304347827,1.2166570011864815
individual,valence,multimodal,svr,20,20,eeg_bp_beta__Oz,32,5,0.1391304347826087,1.1035870157078924
individual,valence,multimodal,svr,20,20,eeg_bp_beta__PO7,35,5,0.15217391304347827,1.2228301133475634
individual,valence,multimodal,svr,20,20,eeg_bp_beta__PO8,27,5,0.11739130434782609,1.14747296828799
individual,valence,multimodal,svr,20,20,eeg_bp_beta__Pz,25,5,0.10869565217391304,1.0870572273690622
individual,valence,multimodal,svr,20,20,eeg_bp_delta__C3,32,5,0.1391304347826087,1.1733664794562741
individual,valence,multimodal,svr,20,20,eeg_bp_delta__C4,29,5,0.12608695652173912,1.071723840667791
individual,valence,multimodal,svr,20,20,eeg_bp_delta__Cz,30,5,0.13043478260869565,1.092314513644112
individual,valence,multimodal,svr,20,20,eeg_bp_delta__Fz,42,5,0.1826086956521739,1.444839589464824
individual,valence,multimodal,svr,20,20,eeg_bp_delta__Oz,33,5,0.14347826086956522,1.1884936776244936
individual,valence,multimodal,svr,20,20,eeg_bp_delta__PO7,41,5,0.1782608695652174,1.3947631609537783
individual,valence,multimodal,svr,20,20,eeg_bp_delta__PO8,27,5,0.11739130434782609,1.043759929157458
individual,valence,multimodal,svr,20,20,eeg_bp_delta__Pz,47,5,0.20434782608695654,1.4555230515122508
individual,valence,multimodal,svr,20,20,eeg_bp_gamma__C3,31,5,0.13478260869565217,1.020002189692187
individual,valence,multimodal,svr,20,20,eeg_bp_gamma__C4,28,5,0.12173913043478261,1.1056852202699587
individual,valence,multimodal,svr,20,20,eeg_bp_gamma__Cz,33,5,0.14347826086956522,1.1406181029979414
individual,valence,multimodal,svr,20,20,eeg_bp_gamma__Fz,23,5,0.1,0.8600324808197762
individual,valence,multimodal,svr,20,20,eeg_bp_gamma__Oz,30,5,0.13043478260869565,0.9747053643597989
individual,valence,multimodal,svr,20,20,eeg_bp_gamma__PO7,40,5,0.17391304347826086,1.1990266248664916
individual,valence,multimodal,svr,20,20,eeg_bp_gamma__PO8,39,5,0.16956521739130434,1.208775667531921
individual,valence,multimodal,svr,20,20,eeg_bp_gamma__Pz,37,5,0.1608695652173913,1.3254157373398916
individual,valence,multimodal,svr,20,20,eeg_bp_theta__C3,39,5,0.16956521739130434,1.163582825698584
individual,valence,multimodal,svr,20,20,eeg_bp_theta__C4,21,5,0.09130434782608696,0.91911736313924
individual,valence,multimodal,svr,20,20,eeg_bp_theta__Cz,30,5,0.13043478260869565,1.123966538496895
individual,valence,multimodal,svr,20,20,eeg_bp_theta__Fz,25,5,0.10869565217391304,1.0893210167959244
individual,valence,multimodal,svr,20,20,eeg_bp_theta__Oz,38,5,0.16521739130434782,1.0959123696028035
individual,valence,multimodal,svr,20,20,eeg_bp_theta__PO7,35,5,0.15217391304347827,1.2128899464530514
individual,valence,multimodal,svr,20,20,eeg_bp_theta__PO8,40,5,0.17391304347826086,1.4048536160789702
individual,valence,multimodal,svr,20,20,eeg_bp_theta__Pz,36,5,0.1565217391304348,1.2628352863663797
individual,valence,multimodal,svr,20,20,eeg_hc__C3,33,5,0.14347826086956522,1.2005550341515576
individual,valence,multimodal,svr,20,20,eeg_hc__C4,36,5,0.1565217391304348,1.2129908152547224
individual,valence,multimodal,svr,20,20,eeg_hc__Cz,24,5,0.10434782608695652,0.9163482855063301
individual,valence,multimodal,svr,20,20,eeg_hc__Fz,44,5,0.19130434782608696,1.4265993670421002
individual,valence,multimodal,svr,20,20,eeg_hc__Oz,31,5,0.13478260869565217,1.0479586084419295
individual,valence,multimodal,svr,20,20,eeg_hc__PO7,36,5,0.1565217391304348,1.3952385171976722
individual,valence,multimodal,svr,20,20,eeg_hc__PO8,39,5,0.16956521739130434,1.264583424509145
individual,valence,multimodal,svr,20,20,eeg_hc__Pz,29,5,0.12608695652173912,1.1455329509670042
individual,valence,multimodal,svr,20,20,eeg_hm__C3,38,5,0.16521739130434782,1.288995620230294
individual,valence,multimodal,svr,20,20,eeg_hm__C4,33,5,0.14347826086956522,1.194335004699217
individual,valence,multimodal,svr,20,20,eeg_hm__Cz,21,5,0.09130434782608696,0.919805469722968
individual,valence,multimodal,svr,20,20,eeg_hm__Fz,51,5,0.2217391304347826,1.5442517336272819
individual,valence,multimodal,svr,20,20,eeg_hm__Oz,36,5,0.1565217391304348,1.1982266935258385
individual,valence,multimodal,svr,20,20,eeg_hm__PO7,43,5,0.18695652173913044,1.4823994014823274
individual,valence,multimodal,svr,20,20,eeg_hm__PO8,38,5,0.16521739130434782,1.317960007103271
individual,valence,multimodal,svr,20,20,eeg_hm__Pz,37,5,0.1608695652173913,1.2580834482340453
individual,valence,multimodal,svr,20,20,eeg_mf_hz__C3,47,5,0.20434782608695654,1.366790019770489
individual,valence,multimodal,svr,20,20,eeg_mf_hz__C4,42,5,0.1826086956521739,1.2231467991354883
individual,valence,multimodal,svr,20,20,eeg_mf_hz__Cz,27,5,0.11739130434782609,0.8838933127729754
individual,valence,multimodal,svr,20,20,eeg_mf_hz__Fz,30,5,0.13043478260869565,1.2371583990215984
individual,valence,multimodal,svr,20,20,eeg_mf_hz__Oz,17,5,0.07391304347826087,0.8417334391760699
individual,valence,multimodal,svr,20,20,eeg_mf_hz__PO7,42,5,0.1826086956521739,1.2447720714948312
individual,valence,multimodal,svr,20,20,eeg_mf_hz__PO8,48,5,0.20869565217391303,1.442331548168884
individual,valence,multimodal,svr,20,20,eeg_mf_hz__Pz,37,5,0.1608695652173913,1.1192898786425196
individual,valence,multimodal,svr,20,20,eeg_sd__C3,38,5,0.16521739130434782,1.2246483261632322
individual,valence,multimodal,svr,20,20,eeg_sd__C4,40,5,0.17391304347826086,1.2119725647343238
individual,valence,multimodal,svr,20,20,eeg_sd__Cz,38,5,0.16521739130434782,1.1550390458698638
individual,valence,multimodal,svr,20,20,eeg_sd__Fz,32,5,0.1391304347826087,1.3442709750182678
individual,valence,multimodal,svr,20,20,eeg_sd__Oz,23,5,0.1,1.0728355373294716
individual,valence,multimodal,svr,20,20,eeg_sd__PO7,65,5,0.2826086956521739,1.744407720096646
individual,valence,multimodal,svr,20,20,eeg_sd__PO8,25,5,0.10869565217391304,1.0326693412088856
individual,valence,multimodal,svr,20,20,eeg_sd__Pz,51,5,0.2217391304347826,1.4593840826719753
individual,valence,multimodal,svr,20,20,eeg_se__C3,43,5,0.18695652173913044,1.344071637302436
individual,valence,multimodal,svr,20,20,eeg_se__C4,24,5,0.10434782608695652,1.0487787701935722
individual,valence,multimodal,svr,20,20,eeg_se__Cz,31,5,0.13478260869565217,1.1574479935253463
individual,valence,multimodal,svr,20,20,eeg_se__Fz,33,5,0.14347826086956522,1.2614343793407266
individual,valence,multimodal,svr,20,20,eeg_se__Oz,27,5,0.11739130434782609,1.0590102325364517
individual,valence,multimodal,svr,20,20,eeg_se__PO7,43,5,0.18695652173913044,1.3443691698284923
individual,valence,multimodal,svr,20,20,eeg_se__PO8,29,5,0.12608695652173912,1.3239497116353658
individual,valence,multimodal,svr,20,20,eeg_se__Pz,42,5,0.1826086956521739,1.3657981183739831
individual,valence,multimodal,svr,20,20,eeg_se_alpha__C3,52,5,0.22608695652173913,1.297726240150444
individual,valence,multimodal,svr,20,20,eeg_se_alpha__C4,26,5,0.11304347826086956,1.0620639598551997
individual,valence,multimodal,svr,20,20,eeg_se_alpha__Cz,25,5,0.10869565217391304,0.8580026111871988
individual,valence,multimodal,svr,20,20,eeg_se_alpha__Fz,42,5,0.1826086956521739,1.362456215732626
individual,valence,multimodal,svr,20,20,eeg_se_alpha__Oz,39,5,0.16956521739130434,1.0671867427201003
individual,valence,multimodal,svr,20,20,eeg_se_alpha__PO7,31,5,0.13478260869565217,0.8443020020974584
individual,valence,multimodal,svr,20,20,eeg_se_alpha__PO8,29,5,0.12608695652173912,0.9147253226240836
individual,valence,multimodal,svr,20,20,eeg_se_alpha__Pz,35,5,0.15217391304347827,1.0206281958788703
individual,valence,multimodal,svr,20,20,eeg_se_beta__C3,41,5,0.1782608695652174,1.2322628109201665
individual,valence,multimodal,svr,20,20,eeg_se_beta__C4,27,5,0.11739130434782609,0.9335122869822814
individual,valence,multimodal,svr,20,20,eeg_se_beta__Cz,16,5,0.06956521739130435,0.7918478498429543
individual,valence,multimodal,svr,20,20,eeg_se_beta__Fz,41,5,0.1782608695652174,1.2629730600481026
individual,valence,multimodal,svr,20,20,eeg_se_beta__Oz,32,5,0.1391304347826087,1.0470219423347993
individual,valence,multimodal,svr,20,20,eeg_se_beta__PO7,36,5,0.1565217391304348,1.0439045476545097
individual,valence,multimodal,svr,20,20,eeg_se_beta__PO8,23,5,0.1,0.9742622853871281
individual,valence,multimodal,svr,20,20,eeg_se_beta__Pz,24,5,0.10434782608695652,0.971256280100554
individual,valence,multimodal,svr,20,20,eeg_se_delta__C3,31,5,0.13478260869565217,0.9046963892696204
individual,valence,multimodal,svr,20,20,eeg_se_delta__C4,27,5,0.11739130434782609,0.9773190400345125
individual,valence,multimodal,svr,20,20,eeg_se_delta__Cz,45,5,0.1956521739130435,1.2187065384047642
individual,valence,multimodal,svr,20,20,eeg_se_delta__Fz,33,5,0.14347826086956522,1.2280877796020586
individual,valence,multimodal,svr,20,20,eeg_se_delta__Oz,33,5,0.14347826086956522,1.016404041566514
individual,valence,multimodal,svr,20,20,eeg_se_delta__PO7,40,5,0.17391304347826086,1.1947716382617046
individual,valence,multimodal,svr,20,20,eeg_se_delta__PO8,44,5,0.19130434782608696,1.2909708747615123
individual,valence,multimodal,svr,20,20,eeg_se_delta__Pz,17,5,0.07391304347826087,0.800981073362293
individual,valence,multimodal,svr,20,20,eeg_se_gamma__C3,30,5,0.13043478260869565,0.9238211223527716
individual,valence,multimodal,svr,20,20,eeg_se_gamma__C4,29,5,0.12608695652173912,0.9535984434951836
individual,valence,multimodal,svr,20,20,eeg_se_gamma__Cz,47,5,0.20434782608695654,1.5478374960269088
individual,valence,multimodal,svr,20,20,eeg_se_gamma__Fz,31,5,0.13478260869565217,1.0597380143909574
individual,valence,multimodal,svr,20,20,eeg_se_gamma__Oz,37,5,0.1608695652173913,1.2464246252356408
individual,valence,multimodal,svr,20,20,eeg_se_gamma__PO7,27,5,0.11739130434782609,0.9859986437569059
individual,valence,multimodal,svr,20,20,eeg_se_gamma__PO8,41,5,0.1782608695652174,1.2042742366998485
individual,valence,multimodal,svr,20,20,eeg_se_gamma__Pz,49,5,0.21304347826086956,1.5017394370338597
individual,valence,multimodal,svr,20,20,eeg_se_theta__C3,35,5,0.15217391304347827,1.0958890823165968
individual,valence,multimodal,svr,20,20,eeg_se_theta__C4,37,5,0.1608695652173913,1.0230210016953982
individual,valence,multimodal,svr,20,20,eeg_se_theta__Cz,30,5,0.13043478260869565,1.0453684896949536
individual,valence,multimodal,svr,20,20,eeg_se_theta__Fz,28,5,0.12173913043478261,0.8867246085307152
individual,valence,multimodal,svr,20,20,eeg_se_theta__Oz,35,5,0.15217391304347827,1.0795528637903546
individual,valence,multimodal,svr,20,20,eeg_se_theta__PO7,32,5,0.1391304347826087,1.1149390857030042
individual,valence,multimodal,svr,20,20,eeg_se_theta__PO8,29,5,0.12608695652173912,0.9035364207907084
individual,valence,multimodal,svr,20,20,eeg_se_theta__Pz,35,5,0.15217391304347827,1.0700929656310287
individual,valence,multimodal,svr,20,20,video_enso_norm_mean,43,5,0.18695652173913044,1.3291499609713184
individual,valence,multimodal,svr,20,20,video_enso_norm_std,63,5,0.27391304347826084,1.9119128160599526
individual,valence,multimodal,svr,20,20,video_eso_norm_mean,34,5,0.14782608695652175,1.2866197089552376
individual,valence,multimodal,svr,20,20,video_eso_norm_std,63,5,0.27391304347826084,1.8090301860946538
individual,valence,multimodal,svr,20,20,video_irisdo_norm_mean,43,5,0.18695652173913044,1.3573170724856691
individual,valence,multimodal,svr,20,20,video_irisdo_norm_std,53,5,0.23043478260869565,1.6914551056734863
individual,valence,multimodal,svr,20,20,video_mnso_norm_mean,43,5,0.18695652173913044,1.214969114631459
individual,valence,multimodal,svr,20,20,video_mnso_norm_std,40,5,0.17391304347826086,1.5500691251788397
individual,valence,multimodal,svr,20,20,video_mwo_norm_mean,56,5,0.24347826086956523,1.9645245498227657
individual,valence,multimodal,svr,20,20,video_mwo_norm_std,47,5,0.20434782608695654,2.4494618150992014
individual,valence,multimodal,svr,5,5,eeg_bp_alpha__C3,22,5,0.09565217391304348,1.401749247246441
individual,valence,multimodal,svr,5,5,eeg_bp_alpha__C4,9,5,0.0391304347826087,1.0844206276974846
individual,valence,multimodal,svr,5,5,eeg_bp_alpha__Cz,8,5,0.034782608695652174,1.0403087940253297
individual,valence,multimodal,svr,5,5,eeg_bp_alpha__Fz,5,5,0.021739130434782608,0.9408403910282667
individual,valence,multimodal,svr,5,5,eeg_bp_alpha__Oz,10,5,0.043478260869565216,1.1156215805347498
individual,valence,multimodal,svr,5,5,eeg_bp_alpha__PO7,12,5,0.05217391304347826,1.2265552475868111
individual,valence,multimodal,svr,5,5,eeg_bp_alpha__PO8,12,5,0.05217391304347826,1.2478940231326061
individual,valence,multimodal,svr,5,5,eeg_bp_alpha__Pz,4,5,0.017391304347826087,0.8341188938795013
individual,valence,multimodal,svr,5,5,eeg_bp_beta__C3,4,5,0.017391304347826087,1.2110529958596967
individual,valence,multimodal,svr,5,5,eeg_bp_beta__C4,8,5,0.034782608695652174,1.264271708661913
individual,valence,multimodal,svr,5,5,eeg_bp_beta__Cz,1,5,0.004347826086956522,0.7169600062825849
individual,valence,multimodal,svr,5,5,eeg_bp_beta__Fz,8,5,0.034782608695652174,1.2166570011864815
individual,valence,multimodal,svr,5,5,eeg_bp_beta__Oz,10,5,0.043478260869565216,1.1035870157078924
individual,valence,multimodal,svr,5,5,eeg_bp_beta__PO7,7,5,0.030434782608695653,1.2228301133475634
individual,valence,multimodal,svr,5,5,eeg_bp_beta__PO8,7,5,0.030434782608695653,1.14747296828799
individual,valence,multimodal,svr,5,5,eeg_bp_beta__Pz,9,5,0.0391304347826087,1.0870572273690622
individual,valence,multimodal,svr,5,5,eeg_bp_delta__C3,9,5,0.0391304347826087,1.1733664794562741
individual,valence,multimodal,svr,5,5,eeg_bp_delta__C4,6,5,0.02608695652173913,1.071723840667791
individual,valence,multimodal,svr,5,5,eeg_bp_delta__Cz,3,5,0.013043478260869565,1.092314513644112
individual,valence,multimodal,svr,5,5,eeg_bp_delta__Fz,9,5,0.0391304347826087,1.444839589464824
individual,valence,multimodal,svr,5,5,eeg_bp_delta__Oz,4,5,0.017391304347826087,1.1884936776244936
individual,valence,multimodal,svr,5,5,eeg_bp_delta__PO7,3,5,0.013043478260869565,1.3947631609537783
individual,valence,multimodal,svr,5,5,eeg_bp_delta__PO8,2,5,0.008695652173913044,1.043759929157458
individual,valence,multimodal,svr,5,5,eeg_bp_delta__Pz,12,5,0.05217391304347826,1.4555230515122508
individual,valence,multimodal,svr,5,5,eeg_bp_gamma__C3,3,5,0.013043478260869565,1.020002189692187
individual,valence,multimodal,svr,5,5,eeg_bp_gamma__C4,6,5,0.02608695652173913,1.1056852202699587
individual,valence,multimodal,svr,5,5,eeg_bp_gamma__Cz,10,5,0.043478260869565216,1.1406181029979414
individual,valence,multimodal,svr,5,5,eeg_bp_gamma__Fz,1,5,0.004347826086956522,0.8600324808197762
individual,valence,multimodal,svr,5,5,eeg_bp_gamma__Oz,2,5,0.008695652173913044,0.9747053643597989
individual,valence,multimodal,svr,5,5,eeg_bp_gamma__PO7,8,5,0.034782608695652174,1.1990266248664916
individual,valence,multimodal,svr,5,5,eeg_bp_gamma__PO8,10,5,0.043478260869565216,1.208775667531921
individual,valence,multimodal,svr,5,5,eeg_bp_gamma__Pz,11,5,0.04782608695652174,1.3254157373398916
individual,valence,multimodal,svr,5,5,eeg_bp_theta__C3,8,5,0.034782608695652174,1.163582825698584
individual,valence,multimodal,svr,5,5,eeg_bp_theta__C4,4,5,0.017391304347826087,0.91911736313924
individual,valence,multimodal,svr,5,5,eeg_bp_theta__Cz,8,5,0.034782608695652174,1.123966538496895
individual,valence,multimodal,svr,5,5,eeg_bp_theta__Fz,5,5,0.021739130434782608,1.0893210167959244
individual,valence,multimodal,svr,5,5,eeg_bp_theta__Oz,2,5,0.008695652173913044,1.0959123696028035
individual,valence,multimodal,svr,5,5,eeg_bp_theta__PO7,4,5,0.017391304347826087,1.2128899464530514
individual,valence,multimodal,svr,5,5,eeg_bp_theta__PO8,8,5,0.034782608695652174,1.4048536160789702
individual,valence,multimodal,svr,5,5,eeg_bp_theta__Pz,7,5,0.030434782608695653,1.2628352863663797
individual,valence,multimodal,svr,5,5,eeg_hc__C3,8,5,0.034782608695652174,1.2005550341515576
individual,valence,multimodal,svr,5,5,eeg_hc__C4,8,5,0.034782608695652174,1.2129908152547224
individual,valence,multimodal,svr,5,5,eeg_hc__Cz,6,5,0.02608695652173913,0.9163482855063301
individual,valence,multimodal,svr,5,5,eeg_hc__Fz,9,5,0.0391304347826087,1.4265993670421002
individual,valence,multimodal,svr,5,5,eeg_hc__Oz,3,5,0.013043478260869565,1.0479586084419295
individual,valence,multimodal,svr,5,5,eeg_hc__PO7,16,5,0.06956521739130435,1.3952385171976722
individual,valence,multimodal,svr,5,5,eeg_hc__PO8,7,5,0.030434782608695653,1.264583424509145
individual,valence,multimodal,svr,5,5,eeg_hc__Pz,5,5,0.021739130434782608,1.1455329509670042
individual,valence,multimodal,svr,5,5,eeg_hm__C3,14,5,0.06086956521739131,1.288995620230294
individual,valence,multimodal,svr,5,5,eeg_hm__C4,6,5,0.02608695652173913,1.194335004699217
individual,valence,multimodal,svr,5,5,eeg_hm__Cz,3,5,0.013043478260869565,0.919805469722968
individual,valence,multimodal,svr,5,5,eeg_hm__Fz,9,5,0.0391304347826087,1.5442517336272819
individual,valence,multimodal,svr,5,5,eeg_hm__Oz,11,5,0.04782608695652174,1.1982266935258385
individual,valence,multimodal,svr,5,5,eeg_hm__PO7,17,5,0.07391304347826087,1.4823994014823274
individual,valence,multimodal,svr,5,5,eeg_hm__PO8,9,5,0.0391304347826087,1.317960007103271
individual,valence,multimodal,svr,5,5,eeg_hm__Pz,7,5,0.030434782608695653,1.2580834482340453
individual,valence,multimodal,svr,5,5,eeg_mf_hz__C3,7,5,0.030434782608695653,1.366790019770489
individual,valence,multimodal,svr,5,5,eeg_mf_hz__C4,11,5,0.04782608695652174,1.2231467991354883
individual,valence,multimodal,svr,5,5,eeg_mf_hz__Cz,4,5,0.017391304347826087,0.8838933127729754
individual,valence,multimodal,svr,5,5,eeg_mf_hz__Fz,7,5,0.030434782608695653,1.2371583990215984
individual,valence,multimodal,svr,5,5,eeg_mf_hz__Oz,3,5,0.013043478260869565,0.8417334391760699
individual,valence,multimodal,svr,5,5,eeg_mf_hz__PO7,10,5,0.043478260869565216,1.2447720714948312
individual,valence,multimodal,svr,5,5,eeg_mf_hz__PO8,12,5,0.05217391304347826,1.442331548168884
individual,valence,multimodal,svr,5,5,eeg_mf_hz__Pz,7,5,0.030434782608695653,1.1192898786425196
individual,valence,multimodal,svr,5,5,eeg_sd__C3,3,5,0.013043478260869565,1.2246483261632322
individual,valence,multimodal,svr,5,5,eeg_sd__C4,5,5,0.021739130434782608,1.2119725647343238
individual,valence,multimodal,svr,5,5,eeg_sd__Cz,9,5,0.0391304347826087,1.1550390458698638
individual,valence,multimodal,svr,5,5,eeg_sd__Fz,12,5,0.05217391304347826,1.3442709750182678
individual,valence,multimodal,svr,5,5,eeg_sd__Oz,1,5,0.004347826086956522,1.0728355373294716
individual,valence,multimodal,svr,5,5,eeg_sd__PO7,10,5,0.043478260869565216,1.744407720096646
individual,valence,multimodal,svr,5,5,eeg_sd__PO8,2,5,0.008695652173913044,1.0326693412088856
individual,valence,multimodal,svr,5,5,eeg_sd__Pz,8,5,0.034782608695652174,1.4593840826719753
individual,valence,multimodal,svr,5,5,eeg_se__C3,12,5,0.05217391304347826,1.344071637302436
individual,valence,multimodal,svr,5,5,eeg_se__C4,8,5,0.034782608695652174,1.0487787701935722
individual,valence,multimodal,svr,5,5,eeg_se__Cz,5,5,0.021739130434782608,1.1574479935253463
individual,valence,multimodal,svr,5,5,eeg_se__Fz,3,5,0.013043478260869565,1.2614343793407266
individual,valence,multimodal,svr,5,5,eeg_se__Oz,2,5,0.008695652173913044,1.0590102325364517
individual,valence,multimodal,svr,5,5,eeg_se__PO7,12,5,0.05217391304347826,1.3443691698284923
individual,valence,multimodal,svr,5,5,eeg_se__PO8,9,5,0.0391304347826087,1.3239497116353658
individual,valence,multimodal,svr,5,5,eeg_se__Pz,9,5,0.0391304347826087,1.3657981183739831
individual,valence,multimodal,svr,5,5,eeg_se_alpha__C3,14,5,0.06086956521739131,1.297726240150444
individual,valence,multimodal,svr,5,5,eeg_se_alpha__C4,7,5,0.030434782608695653,1.0620639598551997
individual,valence,multimodal,svr,5,5,eeg_se_alpha__Cz,3,5,0.013043478260869565,0.8580026111871988
individual,valence,multimodal,svr,5,5,eeg_se_alpha__Fz,16,5,0.06956521739130435,1.362456215732626
individual,valence,multimodal,svr,5,5,eeg_se_alpha__Oz,10,5,0.043478260869565216,1.0671867427201003
individual,valence,multimodal,svr,5,5,eeg_se_alpha__PO7,3,5,0.013043478260869565,0.8443020020974584
individual,valence,multimodal,svr,5,5,eeg_se_alpha__PO8,4,5,0.017391304347826087,0.9147253226240836
individual,valence,multimodal,svr,5,5,eeg_se_alpha__Pz,10,5,0.043478260869565216,1.0206281958788703
individual,valence,multimodal,svr,5,5,eeg_se_beta__C3,12,5,0.05217391304347826,1.2322628109201665
individual,valence,multimodal,svr,5,5,eeg_se_beta__C4,6,5,0.02608695652173913,0.9335122869822814
individual,valence,multimodal,svr,5,5,eeg_se_beta__Cz,3,5,0.013043478260869565,0.7918478498429543
individual,valence,multimodal,svr,5,5,eeg_se_beta__Fz,14,5,0.06086956521739131,1.2629730600481026
individual,valence,multimodal,svr,5,5,eeg_se_beta__Oz,10,5,0.043478260869565216,1.0470219423347993
individual,valence,multimodal,svr,5,5,eeg_se_beta__PO7,11,5,0.04782608695652174,1.0439045476545097
individual,valence,multimodal,svr,5,5,eeg_se_beta__PO8,9,5,0.0391304347826087,0.9742622853871281
individual,valence,multimodal,svr,5,5,eeg_se_beta__Pz,7,5,0.030434782608695653,0.971256280100554
individual,valence,multimodal,svr,5,5,eeg_se_delta__C3,3,5,0.013043478260869565,0.9046963892696204
individual,valence,multimodal,svr,5,5,eeg_se_delta__C4,6,5,0.02608695652173913,0.9773190400345125
individual,valence,multimodal,svr,5,5,eeg_se_delta__Cz,8,5,0.034782608695652174,1.2187065384047642
individual,valence,multimodal,svr,5,5,eeg_se_delta__Fz,14,5,0.06086956521739131,1.2280877796020586
individual,valence,multimodal,svr,5,5,eeg_se_delta__Oz,3,5,0.013043478260869565,1.016404041566514
individual,valence,multimodal,svr,5,5,eeg_se_delta__PO7,11,5,0.04782608695652174,1.1947716382617046
individual,valence,multimodal,svr,5,5,eeg_se_delta__PO8,15,5,0.06521739130434782,1.2909708747615123
individual,valence,multimodal,svr,5,5,eeg_se_delta__Pz,0,5,0.0,0.800981073362293
individual,valence,multimodal,svr,5,5,eeg_se_gamma__C3,5,5,0.021739130434782608,0.9238211223527716
individual,valence,multimodal,svr,5,5,eeg_se_gamma__C4,12,5,0.05217391304347826,0.9535984434951836
individual,valence,multimodal,svr,5,5,eeg_se_gamma__Cz,20,5,0.08695652173913043,1.5478374960269088
individual,valence,multimodal,svr,5,5,eeg_se_gamma__Fz,10,5,0.043478260869565216,1.0597380143909574
individual,valence,multimodal,svr,5,5,eeg_se_gamma__Oz,12,5,0.05217391304347826,1.2464246252356408
individual,valence,multimodal,svr,5,5,eeg_se_gamma__PO7,10,5,0.043478260869565216,0.9859986437569059
individual,valence,multimodal,svr,5,5,eeg_se_gamma__PO8,9,5,0.0391304347826087,1.2042742366998485
individual,valence,multimodal,svr,5,5,eeg_se_gamma__Pz,15,5,0.06521739130434782,1.5017394370338597
individual,valence,multimodal,svr,5,5,eeg_se_theta__C3,14,5,0.06086956521739131,1.0958890823165968
individual,valence,multimodal,svr,5,5,eeg_se_theta__C4,2,5,0.008695652173913044,1.0230210016953982
individual,valence,multimodal,svr,5,5,eeg_se_theta__Cz,12,5,0.05217391304347826,1.0453684896949536
individual,valence,multimodal,svr,5,5,eeg_se_theta__Fz,10,5,0.043478260869565216,0.8867246085307152
individual,valence,multimodal,svr,5,5,eeg_se_theta__Oz,8,5,0.034782608695652174,1.0795528637903546
individual,valence,multimodal,svr,5,5,eeg_se_theta__PO7,11,5,0.04782608695652174,1.1149390857030042
individual,valence,multimodal,svr,5,5,eeg_se_theta__PO8,5,5,0.021739130434782608,0.9035364207907084
individual,valence,multimodal,svr,5,5,eeg_se_theta__Pz,8,5,0.034782608695652174,1.0700929656310287
individual,valence,multimodal,svr,5,5,video_enso_norm_mean,19,5,0.08260869565217391,1.3291499609713184
individual,valence,multimodal,svr,5,5,video_enso_norm_std,27,5,0.11739130434782609,1.9119128160599526
individual,valence,multimodal,svr,5,5,video_eso_norm_mean,14,5,0.06086956521739131,1.2866197089552376
individual,valence,multimodal,svr,5,5,video_eso_norm_std,19,5,0.08260869565217391,1.8090301860946538
individual,valence,multimodal,svr,5,5,video_irisdo_norm_mean,18,5,0.0782608695652174,1.3573170724856691
individual,valence,multimodal,svr,5,5,video_irisdo_norm_std,25,5,0.10869565217391304,1.6914551056734863
individual,valence,multimodal,svr,5,5,video_mnso_norm_mean,8,5,0.034782608695652174,1.214969114631459
individual,valence,multimodal,svr,5,5,video_mnso_norm_std,17,5,0.07391304347826087,1.5500691251788397
individual,valence,multimodal,svr,5,5,video_mwo_norm_mean,24,5,0.10434782608695652,1.9645245498227657
individual,valence,multimodal,svr,5,5,video_mwo_norm_std,27,5,0.11739130434782609,2.4494618150992014
individual,valence,multimodal,svr,all,all,eeg_bp_alpha__C3,230,5,1.0,
individual,valence,multimodal,svr,all,all,eeg_bp_alpha__C4,230,5,1.0,
individual,valence,multimodal,svr,all,all,eeg_bp_alpha__Cz,230,5,1.0,
individual,valence,multimodal,svr,all,all,eeg_bp_alpha__Fz,230,5,1.0,
individual,valence,multimodal,svr,all,all,eeg_bp_alpha__Oz,230,5,1.0,
individual,valence,multimodal,svr,all,all,eeg_bp_alpha__PO7,230,5,1.0,
individual,valence,multimodal,svr,all,all,eeg_bp_alpha__PO8,230,5,1.0,
individual,valence,multimodal,svr,all,all,eeg_bp_alpha__Pz,230,5,1.0,
individual,valence,multimodal,svr,all,all,eeg_bp_beta__C3,230,5,1.0,
individual,valence,multimodal,svr,all,all,eeg_bp_beta__C4,230,5,1.0,
individual,valence,multimodal,svr,all,all,eeg_bp_beta__Cz,230,5,1.0,
individual,valence,multimodal,svr,all,all,eeg_bp_beta__Fz,230,5,1.0,
individual,valence,multimodal,svr,all,all,eeg_bp_beta__Oz,230,5,1.0,
individual,valence,multimodal,svr,all,all,eeg_bp_beta__PO7,230,5,1.0,
individual,valence,multimodal,svr,all,all,eeg_bp_beta__PO8,230,5,1.0,
individual,valence,multimodal,svr,all,all,eeg_bp_beta__Pz,230,5,1.0,
individual,valence,multimodal,svr,all,all,eeg_bp_delta__C3,230,5,1.0,
individual,valence,multimodal,svr,all,all,eeg_bp_delta__C4,230,5,1.0,
individual,valence,multimodal,svr,all,all,eeg_bp_delta__Cz,230,5,1.0,
individual,valence,multimodal,svr,all,all,eeg_bp_delta__Fz,230,5,1.0,
individual,valence,multimodal,svr,all,all,eeg_bp_delta__Oz,230,5,1.0,
individual,valence,multimodal,svr,all,all,eeg_bp_delta__PO7,230,5,1.0,
individual,valence,multimodal,svr,all,all,eeg_bp_delta__PO8,230,5,1.0,
individual,valence,multimodal,svr,all,all,eeg_bp_delta__Pz,230,5,1.0,
individual,valence,multimodal,svr,all,all,eeg_bp_gamma__C3,230,5,1.0,
individual,valence,multimodal,svr,all,all,eeg_bp_gamma__C4,230,5,1.0,
individual,valence,multimodal,svr,all,all,eeg_bp_gamma__Cz,230,5,1.0,
individual,valence,multimodal,svr,all,all,eeg_bp_gamma__Fz,230,5,1.0,
individual,valence,multimodal,svr,all,all,eeg_bp_gamma__Oz,230,5,1.0,
individual,valence,multimodal,svr,all,all,eeg_bp_gamma__PO7,230,5,1.0,
individual,valence,multimodal,svr,all,all,eeg_bp_gamma__PO8,230,5,1.0,
individual,valence,multimodal,svr,all,all,eeg_bp_gamma__Pz,230,5,1.0,
individual,valence,multimodal,svr,all,all,eeg_bp_theta__C3,230,5,1.0,
individual,valence,multimodal,svr,all,all,eeg_bp_theta__C4,230,5,1.0,
individual,valence,multimodal,svr,all,all,eeg_bp_theta__Cz,230,5,1.0,
individual,valence,multimodal,svr,all,all,eeg_bp_theta__Fz,230,5,1.0,
individual,valence,multimodal,svr,all,all,eeg_bp_theta__Oz,230,5,1.0,
individual,valence,multimodal,svr,all,all,eeg_bp_theta__PO7,230,5,1.0,
individual,valence,multimodal,svr,all,all,eeg_bp_theta__PO8,230,5,1.0,
individual,valence,multimodal,svr,all,all,eeg_bp_theta__Pz,230,5,1.0,
individual,valence,multimodal,svr,all,all,eeg_hc__C3,230,5,1.0,
individual,valence,multimodal,svr,all,all,eeg_hc__C4,230,5,1.0,
individual,valence,multimodal,svr,all,all,eeg_hc__Cz,230,5,1.0,
individual,valence,multimodal,svr,all,all,eeg_hc__Fz,230,5,1.0,
individual,valence,multimodal,svr,all,all,eeg_hc__Oz,230,5,1.0,
individual,valence,multimodal,svr,all,all,eeg_hc__PO7,230,5,1.0,
individual,valence,multimodal,svr,all,all,eeg_hc__PO8,230,5,1.0,
individual,valence,multimodal,svr,all,all,eeg_hc__Pz,230,5,1.0,
individual,valence,multimodal,svr,all,all,eeg_hm__C3,230,5,1.0,
individual,valence,multimodal,svr,all,all,eeg_hm__C4,230,5,1.0,
individual,valence,multimodal,svr,all,all,eeg_hm__Cz,230,5,1.0,
individual,valence,multimodal,svr,all,all,eeg_hm__Fz,230,5,1.0,
individual,valence,multimodal,svr,all,all,eeg_hm__Oz,230,5,1.0,
individual,valence,multimodal,svr,all,all,eeg_hm__PO7,230,5,1.0,
individual,valence,multimodal,svr,all,all,eeg_hm__PO8,230,5,1.0,
individual,valence,multimodal,svr,all,all,eeg_hm__Pz,230,5,1.0,
individual,valence,multimodal,svr,all,all,eeg_mf_hz__C3,230,5,1.0,
individual,valence,multimodal,svr,all,all,eeg_mf_hz__C4,230,5,1.0,
individual,valence,multimodal,svr,all,all,eeg_mf_hz__Cz,230,5,1.0,
individual,valence,multimodal,svr,all,all,eeg_mf_hz__Fz,230,5,1.0,
individual,valence,multimodal,svr,all,all,eeg_mf_hz__Oz,230,5,1.0,
individual,valence,multimodal,svr,all,all,eeg_mf_hz__PO7,230,5,1.0,
individual,valence,multimodal,svr,all,all,eeg_mf_hz__PO8,230,5,1.0,
individual,valence,multimodal,svr,all,all,eeg_mf_hz__Pz,230,5,1.0,
individual,valence,multimodal,svr,all,all,eeg_sd__C3,230,5,1.0,
individual,valence,multimodal,svr,all,all,eeg_sd__C4,230,5,1.0,
individual,valence,multimodal,svr,all,all,eeg_sd__Cz,230,5,1.0,
individual,valence,multimodal,svr,all,all,eeg_sd__Fz,230,5,1.0,
individual,valence,multimodal,svr,all,all,eeg_sd__Oz,230,5,1.0,
individual,valence,multimodal,svr,all,all,eeg_sd__PO7,230,5,1.0,
individual,valence,multimodal,svr,all,all,eeg_sd__PO8,230,5,1.0,
individual,valence,multimodal,svr,all,all,eeg_sd__Pz,230,5,1.0,
individual,valence,multimodal,svr,all,all,eeg_se__C3,230,5,1.0,
individual,valence,multimodal,svr,all,all,eeg_se__C4,230,5,1.0,
individual,valence,multimodal,svr,all,all,eeg_se__Cz,230,5,1.0,
individual,valence,multimodal,svr,all,all,eeg_se__Fz,230,5,1.0,
individual,valence,multimodal,svr,all,all,eeg_se__Oz,230,5,1.0,
individual,valence,multimodal,svr,all,all,eeg_se__PO7,230,5,1.0,
individual,valence,multimodal,svr,all,all,eeg_se__PO8,230,5,1.0,
individual,valence,multimodal,svr,all,all,eeg_se__Pz,230,5,1.0,
individual,valence,multimodal,svr,all,all,eeg_se_alpha__C3,230,5,1.0,
individual,valence,multimodal,svr,all,all,eeg_se_alpha__C4,230,5,1.0,
individual,valence,multimodal,svr,all,all,eeg_se_alpha__Cz,230,5,1.0,
individual,valence,multimodal,svr,all,all,eeg_se_alpha__Fz,230,5,1.0,
individual,valence,multimodal,svr,all,all,eeg_se_alpha__Oz,230,5,1.0,
individual,valence,multimodal,svr,all,all,eeg_se_alpha__PO7,230,5,1.0,
individual,valence,multimodal,svr,all,all,eeg_se_alpha__PO8,230,5,1.0,
individual,valence,multimodal,svr,all,all,eeg_se_alpha__Pz,230,5,1.0,
individual,valence,multimodal,svr,all,all,eeg_se_beta__C3,230,5,1.0,
individual,valence,multimodal,svr,all,all,eeg_se_beta__C4,230,5,1.0,
individual,valence,multimodal,svr,all,all,eeg_se_beta__Cz,230,5,1.0,
individual,valence,multimodal,svr,all,all,eeg_se_beta__Fz,230,5,1.0,
individual,valence,multimodal,svr,all,all,eeg_se_beta__Oz,230,5,1.0,
individual,valence,multimodal,svr,all,all,eeg_se_beta__PO7,230,5,1.0,
individual,valence,multimodal,svr,all,all,eeg_se_beta__PO8,230,5,1.0,
individual,valence,multimodal,svr,all,all,eeg_se_beta__Pz,230,5,1.0,
individual,valence,multimodal,svr,all,all,eeg_se_delta__C3,230,5,1.0,
individual,valence,multimodal,svr,all,all,eeg_se_delta__C4,230,5,1.0,
individual,valence,multimodal,svr,all,all,eeg_se_delta__Cz,230,5,1.0,
individual,valence,multimodal,svr,all,all,eeg_se_delta__Fz,230,5,1.0,
individual,valence,multimodal,svr,all,all,eeg_se_delta__Oz,230,5,1.0,
individual,valence,multimodal,svr,all,all,eeg_se_delta__PO7,230,5,1.0,
individual,valence,multimodal,svr,all,all,eeg_se_delta__PO8,230,5,1.0,
individual,valence,multimodal,svr,all,all,eeg_se_delta__Pz,230,5,1.0,
individual,valence,multimodal,svr,all,all,eeg_se_gamma__C3,230,5,1.0,
individual,valence,multimodal,svr,all,all,eeg_se_gamma__C4,230,5,1.0,
individual,valence,multimodal,svr,all,all,eeg_se_gamma__Cz,230,5,1.0,
individual,valence,multimodal,svr,all,all,eeg_se_gamma__Fz,230,5,1.0,
individual,valence,multimodal,svr,all,all,eeg_se_gamma__Oz,230,5,1.0,
individual,valence,multimodal,svr,all,all,eeg_se_gamma__PO7,230,5,1.0,
individual,valence,multimodal,svr,all,all,eeg_se_gamma__PO8,230,5,1.0,
individual,valence,multimodal,svr,all,all,eeg_se_gamma__Pz,230,5,1.0,
individual,valence,multimodal,svr,all,all,eeg_se_theta__C3,230,5,1.0,
individual,valence,multimodal,svr,all,all,eeg_se_theta__C4,230,5,1.0,
individual,valence,multimodal,svr,all,all,eeg_se_theta__Cz,230,5,1.0,
individual,valence,multimodal,svr,all,all,eeg_se_theta__Fz,230,5,1.0,
individual,valence,multimodal,svr,all,all,eeg_se_theta__Oz,230,5,1.0,
individual,valence,multimodal,svr,all,all,eeg_se_theta__PO7,230,5,1.0,
individual,valence,multimodal,svr,all,all,eeg_se_theta__PO8,230,5,1.0,
individual,valence,multimodal,svr,all,all,eeg_se_theta__Pz,230,5,1.0,
individual,valence,multimodal,svr,all,all,video_enso_norm_mean,230,5,1.0,
individual,valence,multimodal,svr,all,all,video_enso_norm_std,230,5,1.0,
individual,valence,multimodal,svr,all,all,video_eso_norm_mean,230,5,1.0,
individual,valence,multimodal,svr,all,all,video_eso_norm_std,230,5,1.0,
individual,valence,multimodal,svr,all,all,video_irisdo_norm_mean,230,5,1.0,
individual,valence,multimodal,svr,all,all,video_irisdo_norm_std,230,5,1.0,
individual,valence,multimodal,svr,all,all,video_mnso_norm_mean,230,5,1.0,
individual,valence,multimodal,svr,all,all,video_mnso_norm_std,230,5,1.0,
individual,valence,multimodal,svr,all,all,video_mwo_norm_mean,230,5,1.0,
individual,valence,multimodal,svr,all,all,video_mwo_norm_std,230,5,1.0,
