participant,task,segment_id,chunk_start_sample,chunk_end_sample,sample_count,chunk_duration_s,causal_car_ms,causal_filter_ms
P02,pick_place,1,0,25,25,0.1,0.030691,0.161595
P02,pick_place,1,25,50,25,0.1,0.02465,0.080173
P02,pick_place,1,50,75,25,0.1,0.02136,0.073302
P02,pick_place,1,75,100,25,0.1,0.019771,0.071602
P02,pick_place,1,100,125,25,0.1,0.01922,0.070812
P02,pick_place,1,125,150,25,0.1,0.019221,0.048251
P02,pick_place,1,150,175,25,0.1,0.009641,0.03544
P02,pick_place,1,175,200,25,0.1,0.00938,0.034691
P02,pick_place,1,200,225,25,0.1,0.00947,0.034471
P02,pick_place,1,225,250,25,0.1,0.00944,0.034601
P02,pick_place,1,250,275,25,0.1,0.00959,0.034801
P02,pick_place,1,275,300,25,0.1,0.009451,0.034291
P02,pick_place,1,300,325,25,0.1,0.00947,0.034521
P02,pick_place,1,325,350,25,0.1,0.00927,0.034601
P02,pick_place,1,350,375,25,0.1,0.00937,0.034471
P02,pick_place,1,375,400,25,0.1,0.009361,0.034561
P02,pick_place,1,400,425,25,0.1,0.00925,0.034091
P02,pick_place,1,425,450,25,0.1,0.00943,0.034361
P02,pick_place,1,450,475,25,0.1,0.00947,0.034461
P02,pick_place,1,475,500,25,0.1,0.009491,0.034131
P02,pick_place,1,500,525,25,0.1,0.00958,0.034791
P02,pick_place,1,525,550,25,0.1,0.00956,0.034481
P02,pick_place,1,550,575,25,0.1,0.00941,0.034251
P02,pick_place,1,575,600,25,0.1,0.009531,0.034251
P02,pick_place,1,600,625,25,0.1,0.00931,0.034421
P02,pick_place,1,625,650,25,0.1,0.00935,0.034571
P02,pick_place,1,650,675,25,0.1,0.00929,0.034471
P02,pick_place,1,675,700,25,0.1,0.009381,0.03429
P02,pick_place,1,700,725,25,0.1,0.009371,0.034341
P02,pick_place,1,725,750,25,0.1,0.0093,0.034151
P02,pick_place,1,750,775,25,0.1,0.00918,0.033991
P02,pick_place,1,775,800,25,0.1,0.0092,0.034211
P02,pick_place,1,800,825,25,0.1,0.009301,0.034411
P02,pick_place,1,825,850,25,0.1,0.00939,0.034811
P02,pick_place,1,850,875,25,0.1,0.00953,0.034801
P02,pick_place,1,875,900,25,0.1,0.00967,0.034361
P02,pick_place,1,900,925,25,0.1,0.009171,0.034481
P02,pick_place,1,925,950,25,0.1,0.00944,0.034191
P02,pick_place,1,950,975,25,0.1,0.00931,0.034271
P02,pick_place,1,975,1000,25,0.1,0.00918,0.034591
P02,pick_place,1,1000,1025,25,0.1,0.009131,0.03438
P02,pick_place,1,1025,1050,25,0.1,0.009091,0.034411
P02,pick_place,1,1050,1075,25,0.1,0.0091,0.034441
P02,pick_place,1,1075,1100,25,0.1,0.00942,0.034311
P02,pick_place,1,1100,1125,25,0.1,0.00931,0.034701
P02,pick_place,1,1125,1150,25,0.1,0.00982,0.035231
P02,pick_place,1,1150,1175,25,0.1,0.00954,0.036651
P02,pick_place,1,1175,1200,25,0.1,0.01016,0.038971
P02,pick_place,1,1200,1225,25,0.1,0.009411,0.035131
P02,pick_place,1,1225,1250,25,0.1,0.00941,0.034321
P02,pick_place,1,1250,1275,25,0.1,0.00952,0.034641
P02,pick_place,1,1275,1300,25,0.1,0.00965,0.034681
P02,pick_place,1,1300,1325,25,0.1,0.009561,0.034761
P02,pick_place,1,1325,1350,25,0.1,0.00928,0.034891
P02,pick_place,1,1350,1375,25,0.1,0.00947,0.034981
P02,pick_place,1,1375,1400,25,0.1,0.00939,0.035041
P02,pick_place,1,1400,1425,25,0.1,0.009421,0.034831
P02,pick_place,1,1425,1450,25,0.1,0.00958,0.034391
P02,pick_place,1,1450,1475,25,0.1,0.00981,0.035361
P02,pick_place,1,1475,1500,25,0.1,0.009411,0.034411
P02,pick_place,1,1500,1525,25,0.1,0.00934,0.034651
P02,pick_place,1,1525,1550,25,0.1,0.00939,0.034371
P02,pick_place,1,1550,1575,25,0.1,0.00932,0.034711
P02,pick_place,1,1575,1600,25,0.1,0.009401,0.03449
P02,pick_place,1,1600,1625,25,0.1,0.009411,0.034711
P02,pick_place,1,1625,1650,25,0.1,0.0093,0.034801
P02,pick_place,1,1650,1675,25,0.1,0.00934,0.034781
P02,pick_place,1,1675,1700,25,0.1,0.00956,0.043232
P02,pick_place,1,1700,1725,25,0.1,0.01284,0.037731
P02,pick_place,1,1725,1750,25,0.1,0.00958,0.034981
P02,pick_place,1,1750,1775,25,0.1,0.009471,0.034771
P02,pick_place,1,1775,1800,25,0.1,0.00936,0.034441
P02,pick_place,1,1800,1825,25,0.1,0.00997,0.035341
P02,pick_place,1,1825,1850,25,0.1,0.00941,0.034691
P02,pick_place,1,1850,1875,25,0.1,0.009401,0.034821
P02,pick_place,1,1875,1900,25,0.1,0.00948,0.034721
P02,pick_place,1,1900,1925,25,0.1,0.00939,0.034541
P02,pick_place,1,1925,1950,25,0.1,0.00971,0.034721
P02,pick_place,1,1950,1975,25,0.1,0.009511,0.0348
P02,pick_place,1,1975,2000,25,0.1,0.009411,0.034801
P02,pick_place,1,2000,2025,25,0.1,0.00965,0.035511
P02,pick_place,1,2025,2050,25,0.1,0.00962,0.035101
P02,pick_place,1,2050,2075,25,0.1,0.0096,0.034941
P02,pick_place,1,2075,2100,25,0.1,0.009461,0.034481
P02,pick_place,1,2100,2125,25,0.1,0.00947,0.034461
P02,pick_place,1,2125,2150,25,0.1,0.010671,0.035931
P02,pick_place,1,2150,2175,25,0.1,0.00974,0.034811
P02,pick_place,1,2175,2200,25,0.1,0.00952,0.034291
P02,pick_place,1,2200,2225,25,0.1,0.00964,0.034631
P02,pick_place,1,2225,2250,25,0.1,0.009451,0.037151
P02,pick_place,1,2250,2275,25,0.1,0.01122,0.038511
P02,pick_place,1,2275,2300,25,0.1,0.00969,0.034981
P02,pick_place,1,2300,2325,25,0.1,0.00967,0.035261
P02,pick_place,1,2325,2350,25,0.1,0.009921,0.035321
P02,pick_place,1,2350,2375,25,0.1,0.00968,0.035361
P02,pick_place,1,2375,2400,25,0.1,0.0097,0.034971
P02,pick_place,1,2400,2425,25,0.1,0.00962,0.035071
P02,pick_place,1,2425,2450,25,0.1,0.009661,0.035151
P02,pick_place,1,2450,2475,25,0.1,0.01004,0.035821
P02,pick_place,1,2475,2500,25,0.1,0.00954,0.035241
P02,pick_place,1,2500,2525,25,0.1,0.009761,0.03488
P02,pick_place,1,2525,2550,25,0.1,0.00946,0.034721
P02,pick_place,1,2550,2575,25,0.1,0.00947,0.034601
P02,pick_place,1,2575,2600,25,0.1,0.00943,0.035061
P02,pick_place,1,2600,2625,25,0.1,0.00945,0.034851
P02,pick_place,1,2625,2650,25,0.1,0.009691,0.035001
P02,pick_place,1,2650,2675,25,0.1,0.00942,0.034821
P02,pick_place,1,2675,2700,25,0.1,0.00938,0.034811
P02,pick_place,1,2700,2725,25,0.1,0.00949,0.035361
P02,pick_place,1,2725,2750,25,0.1,0.009811,0.035261
P02,pick_place,1,2750,2775,25,0.1,0.00977,0.034841
P02,pick_place,1,2775,2800,25,0.1,0.01019,0.035671
P02,pick_place,1,2800,2825,25,0.1,0.00959,0.034851
P02,pick_place,1,2825,2850,25,0.1,0.009621,0.034751
P02,pick_place,1,2850,2875,25,0.1,0.00963,0.034501
P02,pick_place,1,2875,2900,25,0.1,0.00946,0.034891
P02,pick_place,1,2900,2925,25,0.1,0.00951,0.035681
P02,pick_place,1,2925,2950,25,0.1,0.009621,0.034811
P02,pick_place,1,2950,2975,25,0.1,0.00949,0.034861
P02,pick_place,1,2975,3000,25,0.1,0.00957,0.034801
P02,pick_place,1,3000,3025,25,0.1,0.00966,0.035401
P02,pick_place,1,3025,3050,25,0.1,0.009631,0.034851
P02,pick_place,1,3050,3075,25,0.1,0.00973,0.035121
P02,pick_place,1,3075,3100,25,0.1,0.00981,0.035011
P02,pick_place,1,3100,3125,25,0.1,0.00958,0.035841
P02,pick_place,1,3125,3150,25,0.1,0.00997,0.035801
P02,pick_place,1,3150,3175,25,0.1,0.0095,0.035231
P02,pick_place,1,3175,3200,25,0.1,0.00984,0.035171
P02,pick_place,1,3200,3225,25,0.1,0.009681,0.03449
P02,pick_place,1,3225,3250,25,0.1,0.009851,0.034341
P02,pick_place,1,3250,3275,25,0.1,0.00971,0.033931
P02,pick_place,1,3275,3300,25,0.1,0.00947,0.033931
P02,pick_place,1,3300,3325,25,0.1,0.00964,0.034091
P02,pick_place,1,3325,3350,25,0.1,0.009551,0.034321
P02,pick_place,1,3350,3375,25,0.1,0.00961,0.034161
P02,pick_place,1,3375,3400,25,0.1,0.0097,0.034151
P02,pick_place,1,3400,3425,25,0.1,0.0097,0.034301
P02,pick_place,1,3425,3450,25,0.1,0.00964,0.034401
P02,pick_place,1,3450,3475,25,0.1,0.01006,0.034681
P02,pick_place,1,3475,3500,25,0.1,0.00978,0.033951
P02,pick_place,1,3500,3525,25,0.1,0.00966,0.034531
P02,pick_place,1,3525,3550,25,0.1,0.00956,0.034241
P02,pick_place,1,3550,3575,25,0.1,0.009611,0.034551
P02,pick_place,1,3575,3600,25,0.1,0.00955,0.034261
P02,pick_place,1,3600,3625,25,0.1,0.00961,0.034411
P02,pick_place,1,3625,3650,25,0.1,0.00968,0.034261
P02,pick_place,1,3650,3675,25,0.1,0.009481,0.03426
P02,pick_place,1,3675,3700,25,0.1,0.00961,0.033841
P02,pick_place,1,3700,3725,25,0.1,0.00978,0.034431
P02,pick_place,1,3725,3750,25,0.1,0.00976,0.034221
P02,pick_place,1,3750,3775,25,0.1,0.00964,0.034411
P02,pick_place,1,3775,3800,25,0.1,0.010061,0.034791
P02,pick_place,1,3800,3825,25,0.1,0.00976,0.034361
P02,pick_place,1,3825,3850,25,0.1,0.00957,0.034361
P02,pick_place,1,3850,3875,25,0.1,0.056832,0.051421
P02,pick_place,1,3875,3900,25,0.1,0.01204,0.036661
P02,pick_place,1,3900,3925,25,0.1,0.009901,0.034811
P02,pick_place,1,3925,3950,25,0.1,0.01005,0.034021
P02,pick_place,1,3950,3975,25,0.1,0.00977,0.034571
P02,pick_place,1,3975,4000,25,0.1,0.0097,0.034271
P02,pick_place,1,4000,4025,25,0.1,0.009761,0.034021
P02,pick_place,1,4025,4050,25,0.1,0.01025,0.035111
P02,pick_place,1,4050,4075,25,0.1,0.00966,0.033961
P02,pick_place,1,4075,4100,25,0.1,0.00947,0.034131
P02,pick_place,1,4100,4125,25,0.1,0.00996,0.034021
P02,pick_place,1,4125,4150,25,0.1,0.00974,0.033781
P02,pick_place,1,4150,4175,25,0.1,0.00967,0.033361
P02,pick_place,1,4175,4200,25,0.1,0.00974,0.033871
P02,pick_place,1,4200,4225,25,0.1,0.009621,0.03385
P02,pick_place,1,4225,4250,25,0.1,0.00962,0.033701
P02,pick_place,1,4250,4275,25,0.1,0.00957,0.033631
P02,pick_place,1,4275,4300,25,0.1,0.00955,0.033551
P02,pick_place,1,4300,4325,25,0.1,0.00982,0.033721
P02,pick_place,1,4325,4350,25,0.1,0.009721,0.033711
P02,pick_place,1,4350,4375,25,0.1,0.0096,0.033941
P02,pick_place,1,4375,4400,25,0.1,0.00949,0.033901
P02,pick_place,1,4400,4425,25,0.1,0.00944,0.033791
P02,pick_place,1,4425,4450,25,0.1,0.00962,0.034161
P02,pick_place,1,4450,4475,25,0.1,0.010011,0.034041
P02,pick_place,1,4475,4500,25,0.1,0.00969,0.033791
P02,pick_place,1,4500,4525,25,0.1,0.00957,0.033661
P02,pick_place,1,4525,4550,25,0.1,0.00967,0.033701
P02,pick_place,1,4550,4575,25,0.1,0.009581,0.03352
P02,pick_place,1,4575,4600,25,0.1,0.009431,0.033961
P02,pick_place,1,4600,4625,25,0.1,0.01021,0.034141
P02,pick_place,1,4625,4650,25,0.1,0.00974,0.033711
P02,pick_place,1,4650,4675,25,0.1,0.00965,0.034551
P02,pick_place,1,4675,4700,25,0.1,0.009621,0.033591
P02,pick_place,1,4700,4725,25,0.1,0.00958,0.033871
P02,pick_place,1,4725,4750,25,0.1,0.00963,0.033751
P02,pick_place,1,4750,4775,25,0.1,0.00955,0.033951
P02,pick_place,1,4775,4800,25,0.1,0.010151,0.034241
P02,pick_place,1,4800,4825,25,0.1,0.00964,0.033691
P02,pick_place,1,4825,4850,25,0.1,0.00971,0.033791
P02,pick_place,1,4850,4875,25,0.1,0.00966,0.033621
P02,pick_place,1,4875,4900,25,0.1,0.00968,0.033971
P02,pick_place,1,4900,4925,25,0.1,0.009631,0.034081
P02,pick_place,1,4925,4950,25,0.1,0.00953,0.034001
P02,pick_place,1,4950,4975,25,0.1,0.0096,0.034091
P02,pick_place,1,4975,5000,25,0.1,0.0097,0.033571
P02,pick_place,1,5000,5025,25,0.1,0.00938,0.033461
P02,pick_place,1,5025,5050,25,0.1,0.009591,0.034201
P02,pick_place,1,5050,5075,25,0.1,0.00952,0.033911
P02,pick_place,1,5075,5100,25,0.1,0.00935,0.033791
P02,pick_place,1,5100,5125,25,0.1,0.01004,0.034221
P02,pick_place,1,5125,5150,25,0.1,0.009541,0.03402
P02,pick_place,1,5150,5175,25,0.1,0.00951,0.034221
P02,pick_place,1,5175,5200,25,0.1,0.00978,0.033871
P02,pick_place,1,5200,5225,25,0.1,0.00944,0.033841
P02,pick_place,1,5225,5250,25,0.1,0.00955,0.034111
P02,pick_place,1,5250,5275,25,0.1,0.009651,0.033681
P02,pick_place,1,5275,5300,25,0.1,0.00954,0.033661
P02,pick_place,1,5300,5325,25,0.1,0.0098,0.034231
P02,pick_place,1,5325,5350,25,0.1,0.00952,0.033641
P02,pick_place,1,5350,5375,25,0.1,0.009541,0.03379
P02,pick_place,1,5375,5400,25,0.1,0.009541,0.033561
P02,pick_place,1,5400,5425,25,0.1,0.00944,0.033821
P02,pick_place,1,5425,5450,25,0.1,0.00985,0.034081
P02,pick_place,1,5450,5475,25,0.1,0.0096,0.033801
P02,pick_place,1,5475,5500,25,0.1,0.009631,0.033791
P02,pick_place,1,5500,5525,25,0.1,0.00949,0.033641
P02,pick_place,1,5525,5550,25,0.1,0.00962,0.034021
P02,pick_place,1,5550,5575,25,0.1,0.00955,0.033761
P02,pick_place,1,5575,5600,25,0.1,0.00936,0.033911
P02,pick_place,1,5600,5625,25,0.1,0.009381,0.033881
P02,pick_place,1,5625,5650,25,0.1,0.00969,0.034051
P02,pick_place,1,5650,5675,25,0.1,0.00966,0.033591
P02,pick_place,1,5675,5700,25,0.1,0.00964,0.034121
P02,pick_place,1,5700,5725,25,0.1,0.00964,0.033871
P02,pick_place,1,5725,5750,25,0.1,0.009481,0.033791
P02,pick_place,1,5750,5775,25,0.1,0.00951,0.033681
P02,pick_place,1,5775,5800,25,0.1,0.00984,0.034071
P02,pick_place,1,5800,5825,25,0.1,0.0097,0.033731
P02,pick_place,1,5825,5850,25,0.1,0.009751,0.03368
P02,pick_place,1,5850,5875,25,0.1,0.00976,0.033761
P02,pick_place,1,5875,5900,25,0.1,0.0096,0.033751
P02,pick_place,1,5900,5925,25,0.1,0.00949,0.034021
P02,pick_place,1,5925,5950,25,0.1,0.00962,0.038201
P02,pick_place,1,5950,5975,25,0.1,0.009941,0.033821
P02,pick_place,1,5975,6000,25,0.1,0.00955,0.033761
P02,pick_place,1,6000,6025,25,0.1,0.00956,0.033871
P02,pick_place,1,6025,6050,25,0.1,0.030521,0.040631
P02,pick_place,1,6050,6075,25,0.1,0.0102,0.034141
P02,pick_place,1,6075,6100,25,0.1,0.009741,0.034471
P02,pick_place,1,6100,6125,25,0.1,0.01008,0.034101
P02,pick_place,1,6125,6150,25,0.1,0.00975,0.033821
P02,pick_place,1,6150,6175,25,0.1,0.00984,0.034101
P02,pick_place,1,6175,6200,25,0.1,0.009751,0.033821
P02,pick_place,1,6200,6225,25,0.1,0.00959,0.033851
P02,pick_place,1,6225,6250,25,0.1,0.00957,0.033911
P02,pick_place,1,6250,6275,25,0.1,0.0097,0.033521
P02,pick_place,1,6275,6300,25,0.1,0.00953,0.03383
P02,pick_place,1,6300,6325,25,0.1,0.009541,0.035771
P02,pick_place,1,6325,6350,25,0.1,0.00962,0.034571
P02,pick_place,1,6350,6375,25,0.1,0.00986,0.034531
P02,pick_place,1,6375,6400,25,0.1,0.00975,0.034361
P02,pick_place,1,6400,6425,25,0.1,0.009781,0.034061
P02,pick_place,1,6425,6450,25,0.1,0.01015,0.033971
P02,pick_place,1,6450,6475,25,0.1,0.00966,0.033451
P02,pick_place,1,6475,6500,25,0.1,0.009481,0.03361
P02,pick_place,1,6500,6525,25,0.1,0.009581,0.034051
P02,pick_place,1,6525,6550,25,0.1,0.00981,0.033481
P02,pick_place,1,6550,6575,25,0.1,0.00954,0.033441
P02,pick_place,1,6575,6600,25,0.1,0.010201,0.034151
P02,pick_place,1,6600,6625,25,0.1,0.00963,0.033711
P02,pick_place,1,6625,6650,25,0.1,0.00957,0.033261
P02,pick_place,1,6650,6675,25,0.1,0.00952,0.033341
P02,pick_place,1,6675,6700,25,0.1,0.009921,0.03355
P02,pick_place,1,6700,6725,25,0.1,0.00965,0.033701
P02,pick_place,1,6725,6750,25,0.1,0.00982,0.033721
P02,pick_place,1,6750,6775,25,0.1,0.00992,0.033971
P02,pick_place,1,6775,6800,25,0.1,0.009611,0.03331
P02,pick_place,1,6800,6825,25,0.1,0.0096,0.033851
P02,pick_place,1,6825,6850,25,0.1,0.00959,0.033611
P02,pick_place,1,6850,6875,25,0.1,0.0095,0.033631
P02,pick_place,1,6875,6900,25,0.1,0.00969,0.033901
P02,pick_place,1,6900,6925,25,0.1,0.009571,0.033791
P02,pick_place,1,6925,6950,25,0.1,0.00958,0.033231
P02,pick_place,1,6950,6975,25,0.1,0.00953,0.033751
P02,pick_place,1,6975,7000,25,0.1,0.00966,0.033491
P02,pick_place,1,7000,7025,25,0.1,0.009691,0.03371
P02,pick_place,1,7025,7050,25,0.1,0.009591,0.033781
P02,pick_place,1,7050,7075,25,0.1,0.0096,0.033491
P02,pick_place,1,7075,7100,25,0.1,0.00972,0.033761
P02,pick_place,1,7100,7125,25,0.1,0.009981,0.03454
P02,pick_place,1,7125,7150,25,0.1,0.0096,0.034051
P02,pick_place,1,7150,7175,25,0.1,0.00976,0.033641
P02,pick_place,1,7175,7200,25,0.1,0.00956,0.033351
P02,pick_place,1,7200,7225,25,0.1,0.00953,0.03392
P02,pick_place,1,7225,7250,25,0.1,0.00959,0.033701
P02,pick_place,1,7250,7275,25,0.1,0.00962,0.033991
P02,pick_place,1,7275,7300,25,0.1,0.00946,0.033461
P02,pick_place,1,7300,7325,25,0.1,0.0097,0.033931
P02,pick_place,1,7325,7350,25,0.1,0.009591,0.033481
P02,pick_place,1,7350,7375,25,0.1,0.0097,0.033411
P02,pick_place,1,7375,7400,25,0.1,0.00957,0.033881
P02,pick_place,1,7400,7425,25,0.1,0.00968,0.033691
P02,pick_place,1,7425,7450,25,0.1,0.009921,0.035141
P02,pick_place,1,7450,7475,25,0.1,0.00963,0.033571
P02,pick_place,1,7475,7500,25,0.1,0.00966,0.033211
P02,pick_place,1,7500,7525,25,0.1,0.00956,0.033211
P02,pick_place,1,7525,7550,25,0.1,0.009711,0.03294
P02,pick_place,1,7550,7575,25,0.1,0.009601,0.033361
P02,pick_place,1,7575,7600,25,0.1,0.00958,0.182405
P02,pick_place,1,7600,7625,25,0.1,0.01174,0.035141
P02,pick_place,1,7625,7650,25,0.1,0.009841,0.03371
P02,pick_place,1,7650,7675,25,0.1,0.00968,0.033471
P02,pick_place,1,7675,7700,25,0.1,0.0095,0.033331
P02,pick_place,1,7700,7725,25,0.1,0.00953,0.033031
P02,pick_place,1,7725,7750,25,0.1,0.00973,0.033031
P02,pick_place,1,7750,7775,25,0.1,0.009971,0.033821
P02,pick_place,1,7775,7800,25,0.1,0.00962,0.032961
P02,pick_place,1,7800,7825,25,0.1,0.00949,0.033471
P02,pick_place,1,7825,7850,25,0.1,0.0097,0.038441
P02,pick_place,1,7850,7875,25,0.1,0.009971,0.033681
P02,pick_place,1,7875,7900,25,0.1,0.00981,0.033461
P02,pick_place,1,7900,7925,25,0.1,0.00945,0.033391
P02,pick_place,1,7925,7950,25,0.1,0.00953,0.033001
P02,pick_place,1,7950,7975,25,0.1,0.009381,0.03334
P02,pick_place,1,7975,8000,25,0.1,0.00955,0.033311
P02,pick_place,1,8000,8025,25,0.1,0.00954,0.033221
P02,pick_place,1,8025,8050,25,0.1,0.00978,0.033121
P02,pick_place,1,8050,8075,25,0.1,0.00955,0.033181
P02,pick_place,1,8075,8100,25,0.1,0.009841,0.033601
P02,pick_place,1,8100,8125,25,0.1,0.0095,0.033411
P02,pick_place,1,8125,8150,25,0.1,0.00953,0.040181
P02,pick_place,1,8150,8175,25,0.1,0.013761,0.050631
P02,pick_place,1,8175,8200,25,0.1,0.01276,0.034681
P02,pick_place,1,8200,8225,25,0.1,0.009631,0.033201
P02,pick_place,1,8225,8250,25,0.1,0.00955,0.033491
P02,pick_place,1,8250,8275,25,0.1,0.0097,0.033571
P02,pick_place,1,8275,8300,25,0.1,0.00961,0.033591
P02,pick_place,1,8300,8325,25,0.1,0.00965,0.033481
P02,pick_place,1,8325,8350,25,0.1,0.009631,0.03336
P02,pick_place,1,8350,8375,25,0.1,0.00954,0.033401
P02,pick_place,1,8375,8400,25,0.1,0.0096,0.033201
P02,pick_place,1,8400,8425,25,0.1,0.00966,0.033501
P02,pick_place,1,8425,8450,25,0.1,0.01004,0.033851
P02,pick_place,1,8450,8475,25,0.1,0.009571,0.033221
P02,pick_place,1,8475,8500,25,0.1,0.00961,0.033751
P02,pick_place,1,8500,8525,25,0.1,0.0096,0.033541
P02,pick_place,1,8525,8550,25,0.1,0.00971,0.035651
P02,pick_place,1,8550,8575,25,0.1,0.010041,0.033861
P02,pick_place,1,8575,8600,25,0.1,0.00986,0.033881
P02,pick_place,1,8600,8625,25,0.1,0.00964,0.033941
P02,pick_place,1,8625,8650,25,0.1,0.00985,0.033831
P02,pick_place,1,8650,8675,25,0.1,0.00958,0.039862
P02,pick_place,1,8675,8700,25,0.1,0.02154,0.069412
P02,pick_place,1,8700,8725,25,0.1,0.018711,0.066241
P02,pick_place,1,8725,8750,25,0.1,0.019541,0.066762
P02,pick_place,1,8750,8775,25,0.1,0.019961,0.067381
P02,pick_place,1,8775,8800,25,0.1,0.019041,0.065752
P02,pick_place,1,8800,8825,25,0.1,0.01898,0.066462
P02,pick_place,1,8825,8850,25,0.1,0.020011,0.066452
P02,pick_place,1,8850,8875,25,0.1,0.01912,0.065042
P02,pick_place,1,8875,8900,25,0.1,0.01911,0.066382
P02,pick_place,1,8900,8925,25,0.1,0.019181,0.066302
P02,pick_place,1,8925,8950,25,0.1,0.01933,0.065962
P02,pick_place,1,8950,8975,25,0.1,0.019261,0.065871
P02,pick_place,1,8975,9000,25,0.1,0.019151,0.066072
P02,pick_place,1,9000,9025,25,0.1,0.01935,0.067012
P02,pick_place,1,9025,9050,25,0.1,0.018881,0.066251
P02,pick_place,1,9050,9075,25,0.1,0.01905,0.065992
P02,pick_place,1,9075,9100,25,0.1,0.020011,0.066991
P02,pick_place,1,9100,9125,25,0.1,0.019021,0.066372
P02,pick_place,1,9125,9150,25,0.1,0.019621,0.068071
P02,pick_place,1,9150,9175,25,0.1,0.019551,0.066202
P02,pick_place,1,9175,9200,25,0.1,0.01908,0.066102
P02,pick_place,1,9200,9225,25,0.1,0.018731,0.065771
P02,pick_place,1,9225,9250,25,0.1,0.01869,0.066772
P02,pick_place,1,9250,9275,25,0.1,0.01889,0.066352
P02,pick_place,1,9275,9300,25,0.1,0.019011,0.065472
P02,pick_place,1,9300,9325,25,0.1,0.01871,0.066122
P02,pick_place,1,9325,9350,25,0.1,0.0191,0.065752
P02,pick_place,1,9350,9375,25,0.1,0.019111,0.065782
P02,pick_place,1,9375,9400,25,0.1,0.01868,0.065642
P02,pick_place,1,9400,9425,25,0.1,0.019811,0.067052
P02,pick_place,1,9425,9450,25,0.1,0.01885,0.066212
P02,pick_place,1,9450,9475,25,0.1,0.01882,0.066432
P02,pick_place,1,9475,9500,25,0.1,0.019191,0.066432
P02,pick_place,1,9500,9525,25,0.1,0.01904,0.116863
P02,pick_place,1,9525,9550,25,0.1,0.038741,0.092022
P02,pick_place,1,9550,9575,25,0.1,0.022071,0.070342
P02,pick_place,1,9575,9600,25,0.1,0.01979,0.067822
P02,pick_place,1,9600,9625,25,0.1,0.018991,0.067151
P02,pick_place,1,9625,9650,25,0.1,0.01911,0.066412
P02,pick_place,1,9650,9675,25,0.1,0.01866,0.066382
P02,pick_place,1,9675,9700,25,0.1,0.018781,0.065652
P02,pick_place,1,9700,9725,25,0.1,0.01911,0.066222
P02,pick_place,1,9725,9750,25,0.1,0.01916,0.066472
P02,pick_place,1,9750,9775,25,0.1,0.02004,0.067192
P02,pick_place,1,9775,9800,25,0.1,0.018881,0.065151
P02,pick_place,1,9800,9825,25,0.1,0.018741,0.064232
P02,pick_place,1,9825,9850,25,0.1,0.01057,0.033311
P02,pick_place,1,9850,9875,25,0.1,0.00966,0.033571
P02,pick_place,1,9875,9900,25,0.1,0.00955,0.033181
P02,pick_place,1,9900,9925,25,0.1,0.009631,0.03349
P02,pick_place,1,9925,9950,25,0.1,0.009591,0.033361
P02,pick_place,1,9950,9975,25,0.1,0.00974,0.033951
P02,pick_place,1,9975,10000,25,0.1,0.00939,0.033681
P02,pick_place,1,10000,10025,25,0.1,0.00943,0.033461
P02,pick_place,1,10025,10050,25,0.1,0.009941,0.03336
P02,pick_place,1,10050,10075,25,0.1,0.009871,0.033801
P02,pick_place,1,10075,10100,25,0.1,0.00999,0.034241
P02,pick_place,1,10100,10125,25,0.1,0.00974,0.033511
P02,pick_place,1,10125,10150,25,0.1,0.00961,0.033461
P02,pick_place,1,10150,10175,25,0.1,0.010001,0.033771
P02,pick_place,1,10175,10200,25,0.1,0.00942,0.033751
P02,pick_place,1,10200,10225,25,0.1,0.00956,0.033761
P02,pick_place,1,10225,10250,25,0.1,0.00951,0.033551
P02,pick_place,1,10250,10275,25,0.1,0.00946,0.033871
P02,pick_place,1,10275,10300,25,0.1,0.009511,0.033841
P02,pick_place,1,10300,10325,25,0.1,0.01036,0.037291
P02,pick_place,1,10325,10350,25,0.1,0.00964,0.033591
P02,pick_place,1,10350,10375,25,0.1,0.00975,0.033541
P02,pick_place,1,10375,10400,25,0.1,0.009671,0.037841
P02,pick_place,1,10400,10425,25,0.1,0.01025,0.033941
P02,pick_place,1,10425,10450,25,0.1,0.00946,0.033791
P02,pick_place,1,10450,10475,25,0.1,0.00953,0.033641
P02,pick_place,1,10475,10500,25,0.1,0.009571,0.033601
P02,pick_place,1,10500,10525,25,0.1,0.00972,0.033361
P02,pick_place,1,10525,10550,25,0.1,0.00954,0.033631
P02,pick_place,1,10550,10575,25,0.1,0.0096,0.033551
P02,pick_place,1,10575,10600,25,0.1,0.00951,0.033281
P02,pick_place,1,10600,10625,25,0.1,0.009621,0.03362
P02,pick_place,1,10625,10650,25,0.1,0.00946,0.034061
P02,pick_place,1,10650,10675,25,0.1,0.00937,0.033351
P02,pick_place,1,10675,10700,25,0.1,0.00954,0.033541
P02,pick_place,1,10700,10725,25,0.1,0.00962,0.033461
P02,pick_place,1,10725,10750,25,0.1,0.009891,0.033811
P02,pick_place,1,10750,10775,25,0.1,0.00965,0.033471
P02,pick_place,1,10775,10800,25,0.1,0.00945,0.033451
P02,pick_place,1,10800,10825,25,0.1,0.00953,0.033471
P02,pick_place,1,10825,10850,25,0.1,0.00981,0.033261
P02,pick_place,1,10850,10875,25,0.1,0.009941,0.038231
P02,pick_place,1,10875,10900,25,0.1,0.00947,0.033061
P02,pick_place,1,10900,10925,25,0.1,0.00956,0.033641
P02,pick_place,1,10925,10950,25,0.1,0.00968,0.033611
P02,pick_place,1,10950,10975,25,0.1,0.009591,0.03343
P02,pick_place,1,10975,11000,25,0.1,0.009601,0.033461
P02,pick_place,1,11000,11025,25,0.1,0.00946,0.033601
P02,pick_place,1,11025,11050,25,0.1,0.00944,0.034081
P02,pick_place,1,11050,11075,25,0.1,0.00979,0.033451
P02,pick_place,1,11075,11100,25,0.1,0.010021,0.033891
P02,pick_place,1,11100,11125,25,0.1,0.00963,0.033581
P02,pick_place,1,11125,11150,25,0.1,0.0096,0.033671
P02,pick_place,1,11150,11175,25,0.1,0.00953,0.033181
P02,pick_place,1,11175,11200,25,0.1,0.009311,0.03329
P02,pick_place,1,11200,11225,25,0.1,0.009661,0.033621
P02,pick_place,1,11225,11250,25,0.1,0.00961,0.033131
P02,pick_place,1,11250,11275,25,0.1,0.00954,0.033451
P02,pick_place,1,11275,11300,25,0.1,0.00959,0.033561
P02,pick_place,1,11300,11325,25,0.1,0.00956,0.033111
P02,pick_place,1,11325,11350,25,0.1,0.009511,0.033161
P02,pick_place,1,11350,11375,25,0.1,0.00961,0.033361
P02,pick_place,1,11375,11400,25,0.1,0.00959,0.066312
P02,pick_place,1,11400,11425,25,0.1,0.023721,0.045351
P02,pick_place,1,11425,11450,25,0.1,0.011,0.035061
P02,pick_place,1,11450,11475,25,0.1,0.009931,0.033971
P02,pick_place,1,11475,11500,25,0.1,0.00973,0.033701
P02,pick_place,1,11500,11525,25,0.1,0.00961,0.033541
P02,pick_place,1,11525,11550,25,0.1,0.00962,0.033251
P02,pick_place,1,11550,11575,25,0.1,0.00969,0.033621
P02,pick_place,1,11575,11600,25,0.1,0.009551,0.033561
P02,pick_place,1,11600,11625,25,0.1,0.00973,0.033591
P02,pick_place,1,11625,11650,25,0.1,0.00945,0.033531
P02,pick_place,1,11650,11675,25,0.1,0.00963,0.033641
P02,pick_place,1,11675,11700,25,0.1,0.01023,0.033981
P02,pick_place,1,11700,11725,25,0.1,0.00975,0.033831
P02,pick_place,1,11725,11750,25,0.1,0.00978,0.033371
P02,pick_place,1,11750,11775,25,0.1,0.009611,0.033441
P02,pick_place,1,11775,11800,25,0.1,0.00979,0.033621
P02,pick_place,1,11800,11825,25,0.1,0.00979,0.033591
P02,pick_place,1,11825,11850,25,0.1,0.00947,0.033651
P02,pick_place,1,11850,11875,25,0.1,0.009681,0.03401
P02,pick_place,1,11875,11900,25,0.1,0.009851,0.034061
P02,pick_place,1,11900,11925,25,0.1,0.00991,0.033371
P02,pick_place,1,11925,11950,25,0.1,0.00965,0.033351
P02,pick_place,1,11950,11975,25,0.1,0.00962,0.033741
P02,pick_place,1,11975,12000,25,0.1,0.009641,0.033271
P02,pick_place,1,12000,12025,25,0.1,0.00975,0.033971
P02,pick_place,1,12025,12050,25,0.1,0.00972,0.033751
P02,pick_place,1,12050,12075,25,0.1,0.01009,0.033931
P02,pick_place,1,12075,12100,25,0.1,0.009651,0.033301
P02,pick_place,1,12100,12125,25,0.1,0.0097,0.033571
P02,pick_place,1,12125,12150,25,0.1,0.00961,0.033061
P02,pick_place,1,12150,12175,25,0.1,0.00953,0.033051
P02,pick_place,1,12175,12200,25,0.1,0.00952,0.033071
P02,pick_place,1,12200,12225,25,0.1,0.009511,0.033111
P02,pick_place,1,12225,12250,25,0.1,0.00966,0.033121
P02,pick_place,1,12250,12275,25,0.1,0.00973,0.033621
P02,pick_place,1,12275,12300,25,0.1,0.00961,0.033291
P02,pick_place,1,12300,12325,25,0.1,0.009951,0.033621
P02,pick_place,1,12325,12350,25,0.1,0.00965,0.033061
P02,pick_place,1,12350,12375,25,0.1,0.00963,0.033201
P02,pick_place,1,12375,12400,25,0.1,0.00951,0.033161
P02,pick_place,1,12400,12425,25,0.1,0.009921,0.033751
P02,pick_place,1,12425,12450,25,0.1,0.00961,0.032841
P02,pick_place,1,12450,12475,25,0.1,0.0094,0.033661
P02,pick_place,1,12475,12500,25,0.1,0.00973,0.032911
P02,pick_place,1,12500,12525,25,0.1,0.00945,0.033191
P02,pick_place,1,12525,12550,25,0.1,0.009421,0.033261
P02,pick_place,1,12550,12575,25,0.1,0.00936,0.033261
P02,pick_place,1,12575,12600,25,0.1,0.00956,0.033171
P02,pick_place,1,12600,12625,25,0.1,0.00963,0.033591
P02,pick_place,1,12625,12650,25,0.1,0.00952,0.032961
P02,pick_place,1,12650,12675,25,0.1,0.009451,0.032961
P02,pick_place,1,12675,12700,25,0.1,0.00936,0.033251
P02,pick_place,1,12700,12725,25,0.1,0.00955,0.033181
P02,pick_place,1,12725,12750,25,0.1,0.00982,0.033781
P02,pick_place,1,12750,12775,25,0.1,0.009641,0.033341
P02,pick_place,1,12775,12800,25,0.1,0.00938,0.033001
P02,pick_place,1,12800,12825,25,0.1,0.00944,0.032821
P02,pick_place,1,12825,12850,25,0.1,0.00951,0.032941
P02,pick_place,1,12850,12875,25,0.1,0.00954,0.033321
P02,pick_place,1,12875,12900,25,0.1,0.009441,0.03278
P02,pick_place,1,12900,12925,25,0.1,0.00944,0.033371
P02,pick_place,1,12925,12950,25,0.1,0.0096,0.037211
P02,pick_place,1,12950,12975,25,0.1,0.00996,0.033341
P02,pick_place,1,12975,13000,25,0.1,0.009501,0.03283
P02,pick_place,1,13000,13025,25,0.1,0.009411,0.033021
P02,pick_place,1,13025,13050,25,0.1,0.00958,0.033031
P02,pick_place,1,13050,13075,25,0.1,0.0113,0.038991
P02,pick_place,1,13075,13100,25,0.1,0.010101,0.033291
P02,pick_place,1,13100,13125,25,0.1,0.00946,0.033181
P02,pick_place,1,13125,13150,25,0.1,0.00965,0.033511
P02,pick_place,1,13150,13175,25,0.1,0.00948,0.033391
P02,pick_place,1,13175,13200,25,0.1,0.00987,0.032871
P02,pick_place,1,13200,13225,25,0.1,0.009691,0.033421
P02,pick_place,1,13225,13250,25,0.1,0.00969,0.032971
P02,pick_place,1,13250,13275,25,0.1,0.00948,0.032951
P02,pick_place,1,13275,13300,25,0.1,0.00947,0.033141
P02,pick_place,1,13300,13325,25,0.1,0.009631,0.03333
P02,pick_place,1,13325,13350,25,0.1,0.009491,0.032961
P02,pick_place,1,13350,13375,25,0.1,0.00956,0.033031
P02,pick_place,1,13375,13400,25,0.1,0.01004,0.033581
P02,pick_place,1,13400,13425,25,0.1,0.00976,0.033291
P02,pick_place,1,13425,13450,25,0.1,0.009561,0.033461
P02,pick_place,1,13450,13475,25,0.1,0.00954,0.033511
P02,pick_place,1,13475,13493,18,0.072,0.0099,0.033261
P02,shape_sorter_observation,1,0,25,25,0.1,0.01389,0.060572
P02,shape_sorter_observation,1,25,50,25,0.1,0.01185,0.038771
P02,shape_sorter_observation,1,50,75,25,0.1,0.0105,0.035691
P02,shape_sorter_observation,1,75,100,25,0.1,0.010261,0.034871
P02,shape_sorter_observation,1,100,125,25,0.1,0.01007,0.034461
P02,shape_sorter_observation,1,125,150,25,0.1,0.00983,0.034621
P02,shape_sorter_observation,1,150,175,25,0.1,0.00984,0.034821
P02,shape_sorter_observation,1,175,200,25,0.1,0.009891,0.034691
P02,shape_sorter_observation,1,200,225,25,0.1,0.00981,0.034621
P02,shape_sorter_observation,1,225,250,25,0.1,0.00996,0.034861
P02,shape_sorter_observation,1,250,275,25,0.1,0.01002,0.034771
P02,shape_sorter_observation,1,275,300,25,0.1,0.009881,0.034511
P02,shape_sorter_observation,1,300,325,25,0.1,0.0099,0.035041
P02,shape_sorter_observation,1,325,350,25,0.1,0.00986,0.034551
P02,shape_sorter_observation,1,350,375,25,0.1,0.00987,0.034551
P02,shape_sorter_observation,1,375,400,25,0.1,0.009701,0.034911
P02,shape_sorter_observation,1,400,425,25,0.1,0.00963,0.034481
P02,shape_sorter_observation,1,425,450,25,0.1,0.00988,0.034511
P02,shape_sorter_observation,1,450,475,25,0.1,0.00992,0.034571
P02,shape_sorter_observation,1,475,500,25,0.1,0.009791,0.034371
P02,shape_sorter_observation,1,500,525,25,0.1,0.00967,0.034761
P02,shape_sorter_observation,1,525,550,25,0.1,0.00978,0.035431
P02,shape_sorter_observation,1,550,575,25,0.1,0.010011,0.0349
P02,shape_sorter_observation,1,575,600,25,0.1,0.009961,0.034951
P02,shape_sorter_observation,1,600,625,25,0.1,0.00967,0.037461
P02,shape_sorter_observation,1,625,650,25,0.1,0.01174,0.035011
P02,shape_sorter_observation,1,650,675,25,0.1,0.009741,0.034821
P02,shape_sorter_observation,1,675,700,25,0.1,0.00959,0.034721
P02,shape_sorter_observation,1,700,725,25,0.1,0.00975,0.034741
P02,shape_sorter_observation,1,725,750,25,0.1,0.00962,0.034681
P02,shape_sorter_observation,1,750,775,25,0.1,0.009781,0.034621
P02,shape_sorter_observation,1,775,800,25,0.1,0.01003,0.034581
P02,shape_sorter_observation,1,800,825,25,0.1,0.00975,0.034361
P02,shape_sorter_observation,1,825,850,25,0.1,0.0097,0.034701
P02,shape_sorter_observation,1,850,875,25,0.1,0.009881,0.034421
P02,shape_sorter_observation,1,875,900,25,0.1,0.0097,0.034191
P02,shape_sorter_observation,1,900,925,25,0.1,0.00993,0.034381
P02,shape_sorter_observation,1,925,950,25,0.1,0.00976,0.034341
P02,shape_sorter_observation,1,950,975,25,0.1,0.009861,0.034721
P02,shape_sorter_observation,1,975,1000,25,0.1,0.00987,0.034771
P02,shape_sorter_observation,1,1000,1025,25,0.1,0.00971,0.034261
P02,shape_sorter_observation,1,1025,1050,25,0.1,0.00979,0.034161
P02,shape_sorter_observation,1,1050,1075,25,0.1,0.009721,0.034751
P02,shape_sorter_observation,1,1075,1100,25,0.1,0.00985,0.034771
P02,shape_sorter_observation,1,1100,1125,25,0.1,0.00982,0.034551
P02,shape_sorter_observation,1,1125,1150,25,0.1,0.0097,0.034751
P02,shape_sorter_observation,1,1150,1175,25,0.1,0.009961,0.039391
P02,shape_sorter_observation,1,1175,1200,25,0.1,0.0099,0.034891
P02,shape_sorter_observation,1,1200,1225,25,0.1,0.00988,0.035001
P02,shape_sorter_observation,1,1225,1250,25,0.1,0.009951,0.034611
P02,shape_sorter_observation,1,1250,1275,25,0.1,0.00985,0.034651
P02,shape_sorter_observation,1,1275,1300,25,0.1,0.0098,0.034711
P02,shape_sorter_observation,1,1300,1325,25,0.1,0.00997,0.034501
P02,shape_sorter_observation,1,1325,1350,25,0.1,0.009801,0.034711
P02,shape_sorter_observation,1,1350,1375,25,0.1,0.00969,0.034841
P02,shape_sorter_observation,1,1375,1400,25,0.1,0.01005,0.034611
P02,shape_sorter_observation,1,1400,1425,25,0.1,0.00987,0.034501
P02,shape_sorter_observation,1,1425,1450,25,0.1,0.009731,0.034691
P02,shape_sorter_observation,1,1450,1475,25,0.1,0.00993,0.034021
P02,shape_sorter_observation,1,1475,1500,25,0.1,0.00997,0.034311
P02,shape_sorter_observation,1,1500,1525,25,0.1,0.00996,0.034951
P02,shape_sorter_observation,1,1525,1550,25,0.1,0.009831,0.034831
P02,shape_sorter_observation,1,1550,1575,25,0.1,0.00983,0.035081
P02,shape_sorter_observation,1,1575,1600,25,0.1,0.00982,0.034811
P02,shape_sorter_observation,1,1600,1625,25,0.1,0.00982,0.034281
P02,shape_sorter_observation,1,1625,1650,25,0.1,0.009881,0.034651
P02,shape_sorter_observation,1,1650,1675,25,0.1,0.0098,0.034661
P02,shape_sorter_observation,1,1675,1700,25,0.1,0.00978,0.034471
P02,shape_sorter_observation,1,1700,1725,25,0.1,0.0103,0.038892
P02,shape_sorter_observation,1,1725,1750,25,0.1,0.00974,0.034661
P02,shape_sorter_observation,1,1750,1775,25,0.1,0.00991,0.034421
P02,shape_sorter_observation,1,1775,1800,25,0.1,0.00986,0.034641
P02,shape_sorter_observation,1,1800,1825,25,0.1,0.009731,0.034421
P02,shape_sorter_observation,1,1825,1850,25,0.1,0.00971,0.034511
P02,shape_sorter_observation,1,1850,1875,25,0.1,0.0102,0.034961
P02,shape_sorter_observation,1,1875,1900,25,0.1,0.009951,0.03468
P02,shape_sorter_observation,1,1900,1925,25,0.1,0.00981,0.034551
P02,shape_sorter_observation,1,1925,1950,25,0.1,0.00979,0.034961
P02,shape_sorter_observation,1,1950,1975,25,0.1,0.00986,0.034271
P02,shape_sorter_observation,1,1975,2000,25,0.1,0.009891,0.034431
P02,shape_sorter_observation,1,2000,2025,25,0.1,0.00975,0.034291
P02,shape_sorter_observation,1,2025,2050,25,0.1,0.0098,0.034261
P02,shape_sorter_observation,1,2050,2075,25,0.1,0.00985,0.090543
P02,shape_sorter_observation,1,2075,2100,25,0.1,0.01148,0.035091
P02,shape_sorter_observation,1,2100,2125,25,0.1,0.0102,0.034611
P02,shape_sorter_observation,1,2125,2150,25,0.1,0.009981,0.034381
P02,shape_sorter_observation,1,2150,2175,25,0.1,0.00967,0.034171
P02,shape_sorter_observation,1,2175,2200,25,0.1,0.01018,0.034971
P02,shape_sorter_observation,1,2200,2225,25,0.1,0.00981,0.038621
P02,shape_sorter_observation,1,2225,2250,25,0.1,0.010331,0.034391
P02,shape_sorter_observation,1,2250,2275,25,0.1,0.00963,0.034481
P02,shape_sorter_observation,1,2275,2300,25,0.1,0.00976,0.034371
P02,shape_sorter_observation,1,2300,2325,25,0.1,0.00959,0.034481
P02,shape_sorter_observation,1,2325,2350,25,0.1,0.010011,0.034681
P02,shape_sorter_observation,1,2350,2375,25,0.1,0.0101,0.033951
P02,shape_sorter_observation,1,2375,2400,25,0.1,0.00978,0.034191
P02,shape_sorter_observation,1,2400,2425,25,0.1,0.00964,0.034341
P02,shape_sorter_observation,1,2425,2450,25,0.1,0.009741,0.0343
P02,shape_sorter_observation,1,2450,2475,25,0.1,0.009691,0.034101
P02,shape_sorter_observation,1,2475,2500,25,0.1,0.00976,0.034151
P02,shape_sorter_observation,1,2500,2525,25,0.1,0.00975,0.034171
P02,shape_sorter_observation,1,2525,2550,25,0.1,0.010101,0.03503
P02,shape_sorter_observation,1,2550,2575,25,0.1,0.009801,0.034541
P02,shape_sorter_observation,1,2575,2600,25,0.1,0.00989,0.034301
P02,shape_sorter_observation,1,2600,2625,25,0.1,0.00969,0.033851
P02,shape_sorter_observation,1,2625,2650,25,0.1,0.00956,0.034301
P02,shape_sorter_observation,1,2650,2675,25,0.1,0.009851,0.034111
P02,shape_sorter_observation,1,2675,2700,25,0.1,0.0097,0.034211
P02,shape_sorter_observation,1,2700,2725,25,0.1,0.00965,0.034101
P02,shape_sorter_observation,1,2725,2750,25,0.1,0.00977,0.034421
P02,shape_sorter_observation,1,2750,2775,25,0.1,0.009831,0.03425
P02,shape_sorter_observation,1,2775,2800,25,0.1,0.009861,0.034361
P02,shape_sorter_observation,1,2800,2825,25,0.1,0.00998,0.033891
P02,shape_sorter_observation,1,2825,2850,25,0.1,0.0097,0.034411
P02,shape_sorter_observation,1,2850,2875,25,0.1,0.00977,0.034441
P02,shape_sorter_observation,1,2875,2900,25,0.1,0.010071,0.034521
P02,shape_sorter_observation,1,2900,2925,25,0.1,0.00991,0.034791
P02,shape_sorter_observation,1,2925,2950,25,0.1,0.00973,0.034571
P02,shape_sorter_observation,1,2950,2975,25,0.1,0.00989,0.034101
P02,shape_sorter_observation,1,2975,3000,25,0.1,0.009641,0.03428
P02,shape_sorter_observation,1,3000,3025,25,0.1,0.00996,0.034721
P02,shape_sorter_observation,1,3025,3050,25,0.1,0.01006,0.034511
P02,shape_sorter_observation,1,3050,3075,25,0.1,0.00974,0.034041
P02,shape_sorter_observation,1,3075,3100,25,0.1,0.00961,0.034571
P02,shape_sorter_observation,1,3100,3125,25,0.1,0.009901,0.034211
P02,shape_sorter_observation,1,3125,3150,25,0.1,0.00977,0.034141
P02,shape_sorter_observation,1,3150,3175,25,0.1,0.00983,0.034281
P02,shape_sorter_observation,1,3175,3200,25,0.1,0.00989,0.034091
P02,shape_sorter_observation,1,3200,3225,25,0.1,0.009901,0.03408
P02,shape_sorter_observation,1,3225,3250,25,0.1,0.0096,0.034401
P02,shape_sorter_observation,1,3250,3275,25,0.1,0.00995,0.033891
P02,shape_sorter_observation,1,3275,3300,25,0.1,0.00975,0.034221
P02,shape_sorter_observation,1,3300,3325,25,0.1,0.00981,0.034341
P02,shape_sorter_observation,1,3325,3350,25,0.1,0.009931,0.034331
P02,shape_sorter_observation,1,3350,3375,25,0.1,0.00979,0.034351
P02,shape_sorter_observation,1,3375,3400,25,0.1,0.00982,0.034391
P02,shape_sorter_observation,1,3400,3425,25,0.1,0.00996,0.034611
P02,shape_sorter_observation,1,3425,3450,25,0.1,0.009921,0.034571
P02,shape_sorter_observation,1,3450,3475,25,0.1,0.00963,0.034391
P02,shape_sorter_observation,1,3475,3500,25,0.1,0.00978,0.033871
P02,shape_sorter_observation,1,3500,3525,25,0.1,0.00994,0.034321
P02,shape_sorter_observation,1,3525,3550,25,0.1,0.00974,0.034161
P02,shape_sorter_observation,1,3550,3575,25,0.1,0.009921,0.034561
P02,shape_sorter_observation,1,3575,3600,25,0.1,0.00977,0.034311
P02,shape_sorter_observation,1,3600,3625,25,0.1,0.00987,0.034781
P02,shape_sorter_observation,1,3625,3650,25,0.1,0.01004,0.034431
P02,shape_sorter_observation,1,3650,3675,25,0.1,0.009791,0.034221
P02,shape_sorter_observation,1,3675,3700,25,0.1,0.00984,0.034411
P02,shape_sorter_observation,1,3700,3725,25,0.1,0.00982,0.033931
P02,shape_sorter_observation,1,3725,3750,25,0.1,0.01006,0.033891
P02,shape_sorter_observation,1,3750,3775,25,0.1,0.01006,0.034291
P02,shape_sorter_observation,1,3775,3800,25,0.1,0.009941,0.034181
P02,shape_sorter_observation,1,3800,3825,25,0.1,0.00983,0.034421
P02,shape_sorter_observation,1,3825,3850,25,0.1,0.0098,0.034481
P02,shape_sorter_observation,1,3850,3875,25,0.1,0.00992,0.034391
P02,shape_sorter_observation,1,3875,3900,25,0.1,0.009961,0.034411
P02,shape_sorter_observation,1,3900,3925,25,0.1,0.00978,0.034141
P02,shape_sorter_observation,1,3925,3950,25,0.1,0.00969,0.034301
P02,shape_sorter_observation,1,3950,3975,25,0.1,0.00981,0.034091
P02,shape_sorter_observation,1,3975,4000,25,0.1,0.00987,0.034341
P02,shape_sorter_observation,1,4000,4025,25,0.1,0.009931,0.034391
P02,shape_sorter_observation,1,4025,4050,25,0.1,0.00971,0.034091
P02,shape_sorter_observation,1,4050,4075,25,0.1,0.00992,0.034411
P02,shape_sorter_observation,1,4075,4100,25,0.1,0.00985,0.034351
P02,shape_sorter_observation,1,4100,4125,25,0.1,0.009821,0.034371
P02,shape_sorter_observation,1,4125,4150,25,0.1,0.00983,0.034661
P02,shape_sorter_observation,1,4150,4175,25,0.1,0.00981,0.034431
P02,shape_sorter_observation,1,4175,4200,25,0.1,0.00983,0.034051
P02,shape_sorter_observation,1,4200,4225,25,0.1,0.009711,0.051821
P02,shape_sorter_observation,1,4225,4250,25,0.1,0.01331,0.037181
P02,shape_sorter_observation,1,4250,4275,25,0.1,0.010321,0.034471
P02,shape_sorter_observation,1,4275,4300,25,0.1,0.01003,0.034481
P02,shape_sorter_observation,1,4300,4325,25,0.1,0.00991,0.034301
P02,shape_sorter_observation,1,4325,4350,25,0.1,0.01013,0.034401
P02,shape_sorter_observation,1,4350,4375,25,0.1,0.010141,0.03414
P02,shape_sorter_observation,1,4375,4400,25,0.1,0.00992,0.034391
P02,shape_sorter_observation,1,4400,4425,25,0.1,0.00998,0.034321
P02,shape_sorter_observation,1,4425,4450,25,0.1,0.00989,0.034151
P02,shape_sorter_observation,1,4450,4475,25,0.1,0.00974,0.034181
P02,shape_sorter_observation,1,4475,4500,25,0.1,0.009771,0.034481
P02,shape_sorter_observation,1,4500,4525,25,0.1,0.00997,0.034771
P02,shape_sorter_observation,1,4525,4550,25,0.1,0.00993,0.034631
P02,shape_sorter_observation,1,4550,4575,25,0.1,0.00982,0.034261
P02,shape_sorter_observation,1,4575,4600,25,0.1,0.009631,0.034471
P02,shape_sorter_observation,1,4600,4625,25,0.1,0.00996,0.034371
P02,shape_sorter_observation,1,4625,4650,25,0.1,0.00978,0.034451
P02,shape_sorter_observation,1,4650,4675,25,0.1,0.0099,0.034511
P02,shape_sorter_observation,1,4675,4700,25,0.1,0.00982,0.034061
P02,shape_sorter_observation,1,4700,4725,25,0.1,0.009571,0.034311
P02,shape_sorter_observation,1,4725,4750,25,0.1,0.00974,0.034421
P02,shape_sorter_observation,1,4750,4775,25,0.1,0.00985,0.034381
P02,shape_sorter_observation,1,4775,4800,25,0.1,0.00983,0.034561
P02,shape_sorter_observation,1,4800,4825,25,0.1,0.010081,0.034321
P02,shape_sorter_observation,1,4825,4850,25,0.1,0.00977,0.034281
P02,shape_sorter_observation,1,4850,4875,25,0.1,0.00989,0.034271
P02,shape_sorter_observation,1,4875,4900,25,0.1,0.00965,0.034021
P02,shape_sorter_observation,1,4900,4925,25,0.1,0.00988,0.034321
P02,shape_sorter_observation,1,4925,4950,25,0.1,0.009741,0.034711
P02,shape_sorter_observation,1,4950,4975,25,0.1,0.00974,0.034371
P02,shape_sorter_observation,1,4975,5000,25,0.1,0.00977,0.034261
P02,shape_sorter_observation,1,5000,5025,25,0.1,0.00973,0.034311
P02,shape_sorter_observation,1,5025,5050,25,0.1,0.009881,0.034271
P02,shape_sorter_observation,1,5050,5075,25,0.1,0.0099,0.034081
P02,shape_sorter_observation,1,5075,5100,25,0.1,0.00978,0.034071
P02,shape_sorter_observation,1,5100,5125,25,0.1,0.00982,0.034511
P02,shape_sorter_observation,1,5125,5150,25,0.1,0.00982,0.034151
P02,shape_sorter_observation,1,5150,5175,25,0.1,0.009931,0.034201
P02,shape_sorter_observation,1,5175,5200,25,0.1,0.00966,0.034901
P02,shape_sorter_observation,1,5200,5225,25,0.1,0.00996,0.034681
P02,shape_sorter_observation,1,5225,5250,25,0.1,0.00978,0.034451
P02,shape_sorter_observation,1,5250,5275,25,0.1,0.009761,0.034761
P02,shape_sorter_observation,1,5275,5300,25,0.1,0.0098,0.034811
P02,shape_sorter_observation,1,5300,5325,25,0.1,0.00997,0.034111
P02,shape_sorter_observation,1,5325,5350,25,0.1,0.00978,0.034611
P02,shape_sorter_observation,1,5350,5375,25,0.1,0.009961,0.03443
P02,shape_sorter_observation,1,5375,5400,25,0.1,0.00994,0.034411
P02,shape_sorter_observation,1,5400,5425,25,0.1,0.00983,0.034431
P02,shape_sorter_observation,1,5425,5450,25,0.1,0.00967,0.034471
P02,shape_sorter_observation,1,5450,5475,25,0.1,0.00997,0.034371
P02,shape_sorter_observation,1,5475,5500,25,0.1,0.009821,0.034961
P02,shape_sorter_observation,1,5500,5525,25,0.1,0.00994,0.034331
P02,shape_sorter_observation,1,5525,5550,25,0.1,0.00983,0.034491
P02,shape_sorter_observation,1,5550,5575,25,0.1,0.00965,0.034291
P02,shape_sorter_observation,1,5575,5600,25,0.1,0.009861,0.033941
P02,shape_sorter_observation,1,5600,5625,25,0.1,0.00969,0.034301
P02,shape_sorter_observation,1,5625,5650,25,0.1,0.0097,0.034311
P02,shape_sorter_observation,1,5650,5675,25,0.1,0.00994,0.034241
P02,shape_sorter_observation,1,5675,5700,25,0.1,0.0096,0.034131
P02,shape_sorter_observation,1,5700,5725,25,0.1,0.009761,0.034491
P02,shape_sorter_observation,1,5725,5750,25,0.1,0.00989,0.034591
P02,shape_sorter_observation,1,5750,5775,25,0.1,0.01007,0.034511
P02,shape_sorter_observation,1,5775,5800,25,0.1,0.00981,0.034351
P02,shape_sorter_observation,1,5800,5825,25,0.1,0.009981,0.034451
P02,shape_sorter_observation,1,5825,5850,25,0.1,0.00989,0.034441
P02,shape_sorter_observation,1,5850,5875,25,0.1,0.00991,0.034511
P02,shape_sorter_observation,1,5875,5900,25,0.1,0.00962,0.034131
P02,shape_sorter_observation,1,5900,5925,25,0.1,0.00954,0.034111
P02,shape_sorter_observation,1,5925,5950,25,0.1,0.009631,0.034491
P02,shape_sorter_observation,1,5950,5975,25,0.1,0.00985,0.034161
P02,shape_sorter_observation,1,5975,6000,25,0.1,0.00958,0.034591
P02,shape_sorter_observation,1,6000,6025,25,0.1,0.00984,0.034251
P02,shape_sorter_observation,1,6025,6050,25,0.1,0.010021,0.034501
P02,shape_sorter_observation,1,6050,6075,25,0.1,0.01003,0.034141
P02,shape_sorter_observation,1,6075,6100,25,0.1,0.00979,0.034501
P02,shape_sorter_observation,1,6100,6125,25,0.1,0.01003,0.034021
P02,shape_sorter_observation,1,6125,6150,25,0.1,0.01001,0.03436
P02,shape_sorter_observation,1,6150,6175,25,0.1,0.009651,0.034331
P02,shape_sorter_observation,1,6175,6200,25,0.1,0.00977,0.034251
P02,shape_sorter_observation,1,6200,6225,25,0.1,0.00973,0.034311
P02,shape_sorter_observation,1,6225,6250,25,0.1,0.00975,0.034321
P02,shape_sorter_observation,1,6250,6275,25,0.1,0.009971,0.034501
P02,shape_sorter_observation,1,6275,6300,25,0.1,0.00978,0.034381
P02,shape_sorter_observation,1,6300,6325,25,0.1,0.0097,0.034621
P02,shape_sorter_observation,1,6325,6350,25,0.1,0.0099,0.034811
P02,shape_sorter_observation,1,6350,6375,25,0.1,0.009921,0.03463
P02,shape_sorter_observation,1,6375,6400,25,0.1,0.009761,0.034911
P02,shape_sorter_observation,1,6400,6425,25,0.1,0.01004,0.049531
P02,shape_sorter_observation,1,6425,6450,25,0.1,0.013171,0.036951
P02,shape_sorter_observation,1,6450,6475,25,0.1,0.0102,0.034791
P02,shape_sorter_observation,1,6475,6500,25,0.1,0.00989,0.034501
P02,shape_sorter_observation,1,6500,6525,25,0.1,0.009771,0.034661
P02,shape_sorter_observation,1,6525,6550,25,0.1,0.00978,0.034341
P02,shape_sorter_observation,1,6550,6575,25,0.1,0.00984,0.034311
P02,shape_sorter_observation,1,6575,6600,25,0.1,0.00959,0.034421
P02,shape_sorter_observation,1,6600,6625,25,0.1,0.009931,0.034711
P02,shape_sorter_observation,1,6625,6650,25,0.1,0.00982,0.034751
P02,shape_sorter_observation,1,6650,6675,25,0.1,0.00965,0.034191
P02,shape_sorter_observation,1,6675,6700,25,0.1,0.00992,0.034431
P02,shape_sorter_observation,1,6700,6725,25,0.1,0.009731,0.034351
P02,shape_sorter_observation,1,6725,6750,25,0.1,0.00994,0.034721
P02,shape_sorter_observation,1,6750,6775,25,0.1,0.0099,0.034391
P02,shape_sorter_observation,1,6775,6800,25,0.1,0.00992,0.034121
P02,shape_sorter_observation,1,6800,6825,25,0.1,0.009951,0.034121
P02,shape_sorter_observation,1,6825,6850,25,0.1,0.00994,0.034151
P02,shape_sorter_observation,1,6850,6875,25,0.1,0.00979,0.034691
P02,shape_sorter_observation,1,6875,6900,25,0.1,0.00996,0.034651
P02,shape_sorter_observation,1,6900,6925,25,0.1,0.009791,0.034711
P02,shape_sorter_observation,1,6925,6950,25,0.1,0.00995,0.034511
P02,shape_sorter_observation,1,6950,6975,25,0.1,0.00979,0.034531
P02,shape_sorter_observation,1,6975,7000,25,0.1,0.00963,0.034481
P02,shape_sorter_observation,1,7000,7025,25,0.1,0.009971,0.034461
P02,shape_sorter_observation,1,7025,7050,25,0.1,0.00975,0.034151
P02,shape_sorter_observation,1,7050,7075,25,0.1,0.00968,0.034551
P02,shape_sorter_observation,1,7075,7100,25,0.1,0.01009,0.034381
P02,shape_sorter_observation,1,7100,7125,25,0.1,0.009941,0.034271
P02,shape_sorter_observation,1,7125,7150,25,0.1,0.00975,0.037711
P02,shape_sorter_observation,1,7150,7175,25,0.1,0.01125,0.034441
P02,shape_sorter_observation,1,7175,7200,25,0.1,0.00989,0.034651
P02,shape_sorter_observation,1,7200,7225,25,0.1,0.009801,0.034131
P02,shape_sorter_observation,1,7225,7250,25,0.1,0.00991,0.034111
P02,shape_sorter_observation,1,7250,7275,25,0.1,0.00985,0.034101
P02,shape_sorter_observation,1,7275,7300,25,0.1,0.00976,0.034421
P02,shape_sorter_observation,1,7300,7325,25,0.1,0.009751,0.034391
P02,shape_sorter_observation,1,7325,7350,25,0.1,0.00974,0.034271
P02,shape_sorter_observation,1,7350,7375,25,0.1,0.00972,0.034341
P02,shape_sorter_observation,1,7375,7400,25,0.1,0.00991,0.034741
P02,shape_sorter_observation,1,7400,7425,25,0.1,0.009861,0.034411
P02,shape_sorter_observation,1,7425,7450,25,0.1,0.00971,0.034931
P02,shape_sorter_observation,1,7450,7475,25,0.1,0.00986,0.034301
P02,shape_sorter_observation,1,7475,7500,25,0.1,0.00988,0.034141
P02,shape_sorter_observation,1,7500,7525,25,0.1,0.009951,0.034621
P02,shape_sorter_observation,1,7525,7550,25,0.1,0.00985,0.034241
P02,shape_sorter_observation,1,7550,7575,25,0.1,0.00984,0.034171
P02,shape_sorter_observation,1,7575,7600,25,0.1,0.00978,0.034311
P02,shape_sorter_observation,1,7600,7625,25,0.1,0.009671,0.034601
P02,shape_sorter_observation,1,7625,7650,25,0.1,0.00981,0.034131
P02,shape_sorter_observation,1,7650,7675,25,0.1,0.00987,0.034291
P02,shape_sorter_observation,1,7675,7700,25,0.1,0.00993,0.034311
P02,shape_sorter_observation,1,7700,7725,25,0.1,0.009751,0.034101
P02,shape_sorter_observation,1,7725,7750,25,0.1,0.00993,0.034991
P02,shape_sorter_observation,1,7750,7775,25,0.1,0.00982,0.034231
P02,shape_sorter_observation,1,7775,7800,25,0.1,0.00955,0.034221
P02,shape_sorter_observation,1,7800,7825,25,0.1,0.009611,0.034291
P02,shape_sorter_observation,1,7825,7850,25,0.1,0.00985,0.034311
P02,shape_sorter_observation,1,7850,7875,25,0.1,0.00971,0.034131
P02,shape_sorter_observation,1,7875,7900,25,0.1,0.00985,0.034851
P02,shape_sorter_observation,1,7900,7925,25,0.1,0.009821,0.034531
P02,shape_sorter_observation,1,7925,7950,25,0.1,0.00992,0.034811
P02,shape_sorter_observation,1,7950,7975,25,0.1,0.00984,0.034781
P02,shape_sorter_observation,1,7975,8000,25,0.1,0.00986,0.034081
P02,shape_sorter_observation,1,8000,8025,25,0.1,0.009731,0.034551
P02,shape_sorter_observation,1,8025,8050,25,0.1,0.00976,0.034371
P02,shape_sorter_observation,1,8050,8075,25,0.1,0.00995,0.034481
P02,shape_sorter_observation,1,8075,8100,25,0.1,0.01005,0.035481
P02,shape_sorter_observation,1,8100,8125,25,0.1,0.009811,0.034921
P02,shape_sorter_observation,1,8125,8150,25,0.1,0.00974,0.034951
P02,shape_sorter_observation,1,8150,8175,25,0.1,0.00986,0.034611
P02,shape_sorter_observation,1,8175,8200,25,0.1,0.00972,0.034161
P02,shape_sorter_observation,1,8200,8225,25,0.1,0.009591,0.034041
P02,shape_sorter_observation,1,8225,8250,25,0.1,0.00965,0.034411
P02,shape_sorter_observation,1,8250,8275,25,0.1,0.00978,0.034551
P02,shape_sorter_observation,1,8275,8300,25,0.1,0.01035,0.034311
P02,shape_sorter_observation,1,8300,8325,25,0.1,0.009851,0.034431
P02,shape_sorter_observation,1,8325,8350,25,0.1,0.00979,0.034441
P02,shape_sorter_observation,1,8350,8375,25,0.1,0.01009,0.034571
P02,shape_sorter_observation,1,8375,8400,25,0.1,0.00997,0.034341
P02,shape_sorter_observation,1,8400,8425,25,0.1,0.009651,0.034801
P02,shape_sorter_observation,1,8425,8450,25,0.1,0.00961,0.034491
P02,shape_sorter_observation,1,8450,8475,25,0.1,0.00978,0.034561
P02,shape_sorter_observation,1,8475,8500,25,0.1,0.00975,0.034221
P02,shape_sorter_observation,1,8500,8525,25,0.1,0.009591,0.034411
P02,shape_sorter_observation,1,8525,8550,25,0.1,0.00975,0.034251
P02,shape_sorter_observation,1,8550,8575,25,0.1,0.00978,0.034371
P02,shape_sorter_observation,1,8575,8600,25,0.1,0.00987,0.090263
P02,shape_sorter_observation,1,8600,8625,25,0.1,0.01309,0.038461
P02,shape_sorter_observation,1,8625,8650,25,0.1,0.010221,0.03499
P02,shape_sorter_observation,1,8650,8675,25,0.1,0.009991,0.034731
P02,shape_sorter_observation,1,8675,8700,25,0.1,0.00985,0.034771
P02,shape_sorter_observation,1,8700,8725,25,0.1,0.00978,0.034661
P02,shape_sorter_observation,1,8725,8750,25,0.1,0.00991,0.034321
P02,shape_sorter_observation,1,8750,8775,25,0.1,0.009941,0.034431
P02,shape_sorter_observation,1,8775,8800,25,0.1,0.0098,0.034301
P02,shape_sorter_observation,1,8800,8825,25,0.1,0.00999,0.034501
P02,shape_sorter_observation,1,8825,8850,25,0.1,0.01,0.035041
P02,shape_sorter_observation,1,8850,8875,25,0.1,0.009861,0.034651
P02,shape_sorter_observation,1,8875,8900,25,0.1,0.0101,0.034431
P02,shape_sorter_observation,1,8900,8925,25,0.1,0.00977,0.034681
P02,shape_sorter_observation,1,8925,8950,25,0.1,0.00974,0.035991
P02,shape_sorter_observation,1,8950,8975,25,0.1,0.009961,0.035761
P02,shape_sorter_observation,1,8975,9000,25,0.1,0.00982,0.034511
P02,shape_sorter_observation,1,9000,9025,25,0.1,0.00963,0.034541
P02,shape_sorter_observation,1,9025,9050,25,0.1,0.00985,0.034611
P02,shape_sorter_observation,1,9050,9075,25,0.1,0.009851,0.034301
P02,shape_sorter_observation,1,9075,9100,25,0.1,0.00976,0.034481
P02,shape_sorter_observation,1,9100,9125,25,0.1,0.0099,0.034471
P02,shape_sorter_observation,1,9125,9150,25,0.1,0.00981,0.034501
P02,shape_sorter_observation,1,9150,9175,25,0.1,0.00985,0.034321
P02,shape_sorter_observation,1,9175,9200,25,0.1,0.009821,0.034731
P02,shape_sorter_observation,1,9200,9225,25,0.1,0.00968,0.034491
P02,shape_sorter_observation,1,9225,9250,25,0.1,0.00968,0.034441
P02,shape_sorter_observation,1,9250,9275,25,0.1,0.00981,0.034721
P02,shape_sorter_observation,1,9275,9300,25,0.1,0.009981,0.034651
P02,shape_sorter_observation,1,9300,9325,25,0.1,0.00979,0.035071
P02,shape_sorter_observation,1,9325,9350,25,0.1,0.0099,0.034271
P02,shape_sorter_observation,1,9350,9375,25,0.1,0.00982,0.034561
P02,shape_sorter_observation,1,9375,9400,25,0.1,0.009941,0.034551
P02,shape_sorter_observation,1,9400,9425,25,0.1,0.00992,0.034421
P02,shape_sorter_observation,1,9425,9450,25,0.1,0.00968,0.034451
P02,shape_sorter_observation,1,9450,9475,25,0.1,0.00977,0.034661
P02,shape_sorter_observation,1,9475,9500,25,0.1,0.00986,0.03454
P02,shape_sorter_observation,1,9500,9525,25,0.1,0.009751,0.034691
P02,shape_sorter_observation,1,9525,9550,25,0.1,0.00982,0.034451
P02,shape_sorter_observation,1,9550,9575,25,0.1,0.0101,0.034221
P02,shape_sorter_observation,1,9575,9600,25,0.1,0.00961,0.034271
P02,shape_sorter_observation,1,9600,9625,25,0.1,0.009661,0.034511
P02,shape_sorter_observation,1,9625,9650,25,0.1,0.0099,0.034581
P02,shape_sorter_observation,1,9650,9675,25,0.1,0.00962,0.034401
P02,shape_sorter_observation,1,9675,9700,25,0.1,0.0097,0.034361
P02,shape_sorter_observation,1,9700,9725,25,0.1,0.009701,0.0347
P02,shape_sorter_observation,1,9725,9750,25,0.1,0.009611,0.034201
P02,shape_sorter_observation,1,9750,9775,25,0.1,0.00965,0.034331
P02,shape_sorter_observation,1,9775,9800,25,0.1,0.00986,0.034261
P02,shape_sorter_observation,1,9800,9825,25,0.1,0.00979,0.034121
P02,shape_sorter_observation,1,9825,9850,25,0.1,0.009631,0.034451
P02,shape_sorter_observation,1,9850,9875,25,0.1,0.00977,0.034181
P02,shape_sorter_observation,1,9875,9900,25,0.1,0.00961,0.034041
P02,shape_sorter_observation,1,9900,9925,25,0.1,0.00969,0.034151
P02,shape_sorter_observation,1,9925,9950,25,0.1,0.00982,0.033901
P02,shape_sorter_observation,1,9950,9975,25,0.1,0.009721,0.034071
P02,shape_sorter_observation,1,9975,10000,25,0.1,0.0098,0.034401
P02,shape_sorter_observation,1,10000,10025,25,0.1,0.0097,0.034041
P02,shape_sorter_observation,1,10025,10050,25,0.1,0.00989,0.034121
P02,shape_sorter_observation,1,10050,10075,25,0.1,0.009801,0.034291
P02,shape_sorter_observation,1,10075,10100,25,0.1,0.00986,0.033971
P02,shape_sorter_observation,1,10100,10125,25,0.1,0.00977,0.034171
P02,shape_sorter_observation,1,10125,10150,25,0.1,0.00971,0.034351
P02,shape_sorter_observation,1,10150,10175,25,0.1,0.00973,0.034341
P02,shape_sorter_observation,1,10175,10200,25,0.1,0.009581,0.034211
P02,shape_sorter_observation,1,10200,10225,25,0.1,0.00961,0.034211
P02,shape_sorter_observation,1,10225,10250,25,0.1,0.00979,0.034831
P02,shape_sorter_observation,1,10250,10275,25,0.1,0.00964,0.034191
P02,shape_sorter_observation,1,10275,10300,25,0.1,0.009621,0.03441
P02,shape_sorter_observation,1,10300,10325,25,0.1,0.00988,0.034231
P02,shape_sorter_observation,1,10325,10350,25,0.1,0.00974,0.034211
P02,shape_sorter_observation,1,10350,10375,25,0.1,0.00974,0.034431
P02,shape_sorter_observation,1,10375,10400,25,0.1,0.00973,0.034241
P02,shape_sorter_observation,1,10400,10425,25,0.1,0.009581,0.034091
P02,shape_sorter_observation,1,10425,10450,25,0.1,0.00959,0.034451
P02,shape_sorter_observation,1,10450,10475,25,0.1,0.00984,0.034191
P02,shape_sorter_observation,1,10475,10500,25,0.1,0.00956,0.034421
P02,shape_sorter_observation,1,10500,10525,25,0.1,0.009851,0.0346
P02,shape_sorter_observation,1,10525,10550,25,0.1,0.00985,0.034271
P02,shape_sorter_observation,1,10550,10575,25,0.1,0.00962,0.034321
P02,shape_sorter_observation,1,10575,10600,25,0.1,0.01005,0.034811
P02,shape_sorter_observation,1,10600,10625,25,0.1,0.01,0.034381
P02,shape_sorter_observation,1,10625,10650,25,0.1,0.011211,0.034831
P02,shape_sorter_observation,1,10650,10675,25,0.1,0.00996,0.034311
P02,shape_sorter_observation,1,10675,10700,25,0.1,0.00974,0.034081
P02,shape_sorter_observation,1,10700,10725,25,0.1,0.00964,0.034261
P02,shape_sorter_observation,1,10725,10750,25,0.1,0.009851,0.034261
P02,shape_sorter_observation,1,10750,10775,25,0.1,0.0097,0.050791
P02,shape_sorter_observation,1,10775,10800,25,0.1,0.012251,0.036411
P02,shape_sorter_observation,1,10800,10825,25,0.1,0.0097,0.034811
P02,shape_sorter_observation,1,10825,10850,25,0.1,0.0098,0.034441
P02,shape_sorter_observation,1,10850,10875,25,0.1,0.00986,0.034621
P02,shape_sorter_observation,1,10875,10900,25,0.1,0.009741,0.03412
P02,shape_sorter_observation,1,10900,10925,25,0.1,0.00975,0.034251
P02,shape_sorter_observation,1,10925,10950,25,0.1,0.0095,0.034241
P02,shape_sorter_observation,1,10950,10975,25,0.1,0.00973,0.034541
P02,shape_sorter_observation,1,10975,11000,25,0.1,0.00979,0.034611
P02,shape_sorter_observation,1,11000,11025,25,0.1,0.009671,0.034581
P02,shape_sorter_observation,1,11025,11050,25,0.1,0.00963,0.034171
P02,shape_sorter_observation,1,11050,11075,25,0.1,0.00974,0.034341
P02,shape_sorter_observation,1,11075,11100,25,0.1,0.00958,0.034101
P02,shape_sorter_observation,1,11100,11125,25,0.1,0.009561,0.03379
P02,shape_sorter_observation,1,11125,11150,25,0.1,0.009671,0.033681
P02,shape_sorter_observation,1,11150,11175,25,0.1,0.0096,0.034471
P02,shape_sorter_observation,1,11175,11200,25,0.1,0.00987,0.034291
P02,shape_sorter_observation,1,11200,11225,25,0.1,0.00981,0.034581
P02,shape_sorter_observation,1,11225,11250,25,0.1,0.009791,0.034381
P02,shape_sorter_observation,1,11250,11275,25,0.1,0.00959,0.034421
P02,shape_sorter_observation,1,11275,11300,25,0.1,0.00989,0.033901
P02,shape_sorter_observation,1,11300,11325,25,0.1,0.00946,0.034291
P02,shape_sorter_observation,1,11325,11350,25,0.1,0.009611,0.03432
P02,shape_sorter_observation,1,11350,11375,25,0.1,0.009691,0.033991
P02,shape_sorter_observation,1,11375,11400,25,0.1,0.00977,0.034741
P02,shape_sorter_observation,1,11400,11425,25,0.1,0.00974,0.034501
P02,shape_sorter_observation,1,11425,11450,25,0.1,0.00986,0.034511
P02,shape_sorter_observation,1,11450,11475,25,0.1,0.009651,0.034191
P02,shape_sorter_observation,1,11475,11500,25,0.1,0.00973,0.034511
P02,shape_sorter_observation,1,11500,11525,25,0.1,0.01005,0.034481
P02,shape_sorter_observation,1,11525,11550,25,0.1,0.00967,0.034331
P02,shape_sorter_observation,1,11550,11575,25,0.1,0.009721,0.03408
P02,shape_sorter_observation,1,11575,11600,25,0.1,0.009761,0.034221
P02,shape_sorter_observation,1,11600,11625,25,0.1,0.00969,0.034321
P02,shape_sorter_observation,1,11625,11650,25,0.1,0.00969,0.033841
P02,shape_sorter_observation,1,11650,11675,25,0.1,0.00977,0.033961
P02,shape_sorter_observation,1,11675,11700,25,0.1,0.009791,0.034071
P02,shape_sorter_observation,1,11700,11725,25,0.1,0.00962,0.034451
P02,shape_sorter_observation,1,11725,11750,25,0.1,0.00978,0.034381
P02,shape_sorter_observation,1,11750,11775,25,0.1,0.00954,0.033971
P02,shape_sorter_observation,1,11775,11800,25,0.1,0.00974,0.033811
P02,shape_sorter_observation,1,11800,11825,25,0.1,0.009771,0.034291
P02,shape_sorter_observation,1,11825,11850,25,0.1,0.00979,0.034221
P02,shape_sorter_observation,1,11850,11875,25,0.1,0.00969,0.034111
P02,shape_sorter_observation,1,11875,11900,25,0.1,0.00979,0.034291
P02,shape_sorter_observation,1,11900,11925,25,0.1,0.009751,0.03409
P02,shape_sorter_observation,1,11925,11950,25,0.1,0.009891,0.034091
P02,shape_sorter_observation,1,11950,11975,25,0.1,0.00968,0.034291
P02,shape_sorter_observation,1,11975,12000,25,0.1,0.00982,0.033961
P02,shape_sorter_observation,1,12000,12025,25,0.1,0.00972,0.034841
P02,shape_sorter_observation,1,12025,12050,25,0.1,0.009941,0.034161
P02,shape_sorter_observation,1,12050,12075,25,0.1,0.00961,0.033851
P02,shape_sorter_observation,1,12075,12100,25,0.1,0.00963,0.037251
P02,shape_sorter_observation,1,12100,12125,25,0.1,0.01003,0.035031
P02,shape_sorter_observation,1,12125,12150,25,0.1,0.009831,0.034781
P02,shape_sorter_observation,1,12150,12175,25,0.1,0.00975,0.034961
P02,shape_sorter_observation,1,12175,12200,25,0.1,0.00968,0.034151
P02,shape_sorter_observation,1,12200,12225,25,0.1,0.00979,0.034321
P02,shape_sorter_observation,1,12225,12250,25,0.1,0.009541,0.0342
P02,shape_sorter_observation,1,12250,12275,25,0.1,0.009671,0.034451
P02,shape_sorter_observation,1,12275,12300,25,0.1,0.00971,0.034381
P02,shape_sorter_observation,1,12300,12325,25,0.1,0.0097,0.034031
P02,shape_sorter_observation,1,12325,12350,25,0.1,0.00982,0.034041
P02,shape_sorter_observation,1,12350,12375,25,0.1,0.009671,0.033921
P02,shape_sorter_observation,1,12375,12400,25,0.1,0.00977,0.034531
P02,shape_sorter_observation,1,12400,12425,25,0.1,0.00965,0.034031
P02,shape_sorter_observation,1,12425,12450,25,0.1,0.00975,0.034271
P02,shape_sorter_observation,1,12450,12475,25,0.1,0.00967,0.034111
P02,shape_sorter_observation,1,12475,12500,25,0.1,0.009801,0.034221
P02,shape_sorter_observation,1,12500,12525,25,0.1,0.00974,0.034121
P02,shape_sorter_observation,1,12525,12550,25,0.1,0.00975,0.034461
P02,shape_sorter_observation,1,12550,12575,25,0.1,0.0098,0.034181
P02,shape_sorter_observation,1,12575,12600,25,0.1,0.009701,0.033901
P02,shape_sorter_observation,1,12600,12625,25,0.1,0.00968,0.034201
P02,shape_sorter_observation,1,12625,12650,25,0.1,0.01084,0.039561
P02,shape_sorter_observation,1,12650,12675,25,0.1,0.01052,0.034261
P02,shape_sorter_observation,1,12675,12700,25,0.1,0.009841,0.034631
P02,shape_sorter_observation,1,12700,12725,25,0.1,0.00984,0.034151
P02,shape_sorter_observation,1,12725,12750,25,0.1,0.00987,0.034271
P02,shape_sorter_observation,1,12750,12775,25,0.1,0.00964,0.034711
P02,shape_sorter_observation,1,12775,12800,25,0.1,0.009711,0.034491
P02,shape_sorter_observation,1,12800,12825,25,0.1,0.00992,0.034331
P02,shape_sorter_observation,1,12825,12850,25,0.1,0.00977,0.034611
P02,shape_sorter_observation,1,12850,12875,25,0.1,0.00979,0.034571
P02,shape_sorter_observation,1,12875,12900,25,0.1,0.00974,0.034191
P02,shape_sorter_observation,1,12900,12925,25,0.1,0.009731,0.034481
P02,shape_sorter_observation,1,12925,12950,25,0.1,0.00986,0.034521
P02,shape_sorter_observation,1,12950,12975,25,0.1,0.01901,0.043692
P02,shape_sorter_observation,1,12975,13000,25,0.1,0.0105,0.035101
P02,shape_sorter_observation,1,13000,13025,25,0.1,0.01009,0.034701
P02,shape_sorter_observation,1,13025,13050,25,0.1,0.00971,0.034431
P02,shape_sorter_observation,1,13050,13075,25,0.1,0.009631,0.034751
P02,shape_sorter_observation,1,13075,13100,25,0.1,0.00986,0.035261
P02,shape_sorter_observation,1,13100,13125,25,0.1,0.00972,0.034741
P02,shape_sorter_observation,1,13125,13150,25,0.1,0.009911,0.034911
P02,shape_sorter_observation,1,13150,13175,25,0.1,0.00993,0.034531
P02,shape_sorter_observation,1,13175,13200,25,0.1,0.00972,0.034461
P02,shape_sorter_observation,1,13200,13225,25,0.1,0.00997,0.034521
P02,shape_sorter_observation,1,13225,13250,25,0.1,0.010121,0.034321
P02,shape_sorter_observation,1,13250,13275,25,0.1,0.00958,0.034181
P02,shape_sorter_observation,1,13275,13300,25,0.1,0.00963,0.034171
P02,shape_sorter_observation,1,13300,13325,25,0.1,0.00978,0.034481
P02,shape_sorter_observation,1,13325,13350,25,0.1,0.009761,0.034571
P02,shape_sorter_observation,1,13350,13375,25,0.1,0.00958,0.034501
P02,shape_sorter_observation,1,13375,13400,25,0.1,0.00987,0.034271
P02,shape_sorter_observation,1,13400,13425,25,0.1,0.00986,0.034181
P02,shape_sorter_observation,1,13425,13450,25,0.1,0.009481,0.034461
P02,shape_sorter_observation,1,13450,13475,25,0.1,0.00987,0.034401
P02,shape_sorter_observation,1,13475,13500,25,0.1,0.00965,0.034511
P02,shape_sorter_observation,1,13500,13525,25,0.1,0.00972,0.034401
P02,shape_sorter_observation,1,13525,13550,25,0.1,0.009801,0.034491
P02,shape_sorter_observation,1,13550,13575,25,0.1,0.00988,0.034451
P02,shape_sorter_observation,1,13575,13600,25,0.1,0.00976,0.034431
P02,shape_sorter_observation,1,13600,13625,25,0.1,0.00978,0.034411
P02,shape_sorter_observation,1,13625,13650,25,0.1,0.009791,0.034921
P02,shape_sorter_observation,1,13650,13675,25,0.1,0.00996,0.034601
P02,shape_sorter_observation,1,13675,13700,25,0.1,0.01025,0.037071
P02,shape_sorter_observation,1,13700,13725,25,0.1,0.00964,0.034131
P02,shape_sorter_observation,1,13725,13750,25,0.1,0.0099,0.034441
P02,shape_sorter_observation,1,13750,13775,25,0.1,0.00983,0.034531
P02,shape_sorter_observation,1,13775,13800,25,0.1,0.0096,0.034201
P02,shape_sorter_observation,1,13800,13825,25,0.1,0.009531,0.03418
P02,shape_sorter_observation,1,13825,13850,25,0.1,0.009751,0.034151
P02,shape_sorter_observation,1,13850,13875,25,0.1,0.00984,0.034281
P02,shape_sorter_observation,1,13875,13900,25,0.1,0.00951,0.034601
P02,shape_sorter_observation,1,13900,13925,25,0.1,0.00968,0.033971
P02,shape_sorter_observation,1,13925,13950,25,0.1,0.009781,0.034071
P02,shape_sorter_observation,1,13950,13975,25,0.1,0.00963,0.034361
P02,shape_sorter_observation,1,13975,14000,25,0.1,0.00976,0.033981
P02,shape_sorter_observation,1,14000,14025,25,0.1,0.00958,0.034041
P02,shape_sorter_observation,1,14025,14050,25,0.1,0.009531,0.034181
P02,shape_sorter_observation,1,14050,14075,25,0.1,0.00977,0.034371
P02,shape_sorter_observation,1,14075,14100,25,0.1,0.00956,0.034421
P02,shape_sorter_observation,1,14100,14125,25,0.1,0.00951,0.034401
P02,shape_sorter_observation,1,14125,14150,25,0.1,0.009741,0.033831
P02,shape_sorter_observation,1,14150,14175,25,0.1,0.00966,0.034471
P02,shape_sorter_observation,1,14175,14200,25,0.1,0.00959,0.034661
P02,shape_sorter_observation,1,14200,14225,25,0.1,0.00977,0.034511
P02,shape_sorter_observation,1,14225,14250,25,0.1,0.009611,0.034271
P02,shape_sorter_observation,1,14250,14275,25,0.1,0.00949,0.039711
P02,shape_sorter_observation,1,14275,14300,25,0.1,0.01146,0.034811
P02,shape_sorter_observation,1,14300,14325,25,0.1,0.009601,0.03412
P02,shape_sorter_observation,1,14325,14350,25,0.1,0.009531,0.034101
P02,shape_sorter_observation,1,14350,14375,25,0.1,0.00988,0.039541
P02,shape_sorter_observation,1,14375,14400,25,0.1,0.00995,0.034881
P02,shape_sorter_observation,1,14400,14425,25,0.1,0.009821,0.034801
P02,shape_sorter_observation,1,14425,14450,25,0.1,0.00986,0.034331
P02,shape_sorter_observation,1,14450,14475,25,0.1,0.00989,0.034671
P02,shape_sorter_observation,1,14475,14500,25,0.1,0.00983,0.034601
P02,shape_sorter_observation,1,14500,14525,25,0.1,0.009871,0.034551
P02,shape_sorter_observation,1,14525,14550,25,0.1,0.0098,0.034401
P02,shape_sorter_observation,1,14550,14575,25,0.1,0.00972,0.034521
P02,shape_sorter_observation,1,14575,14600,25,0.1,0.00988,0.034281
P02,shape_sorter_observation,1,14600,14625,25,0.1,0.009741,0.034241
P02,shape_sorter_observation,1,14625,14650,25,0.1,0.00976,0.034101
P02,shape_sorter_observation,1,14650,14675,25,0.1,0.00974,0.035231
P02,shape_sorter_observation,1,14675,14700,25,0.1,0.00994,0.034881
P02,shape_sorter_observation,1,14700,14725,25,0.1,0.009611,0.034781
P02,shape_sorter_observation,1,14725,14750,25,0.1,0.00979,0.034341
P02,shape_sorter_observation,1,14750,14775,25,0.1,0.00984,0.034341
P02,shape_sorter_observation,1,14775,14800,25,0.1,0.00959,0.034651
P02,shape_sorter_observation,1,14800,14825,25,0.1,0.009681,0.034911
P02,shape_sorter_observation,1,14825,14850,25,0.1,0.00961,0.034711
P02,shape_sorter_observation,1,14850,14875,25,0.1,0.00977,0.034991
P02,shape_sorter_observation,1,14875,14900,25,0.1,0.0099,0.034591
P02,shape_sorter_observation,1,14900,14925,25,0.1,0.009751,0.034301
P02,shape_sorter_observation,1,14925,14950,25,0.1,0.00985,0.034931
P02,shape_sorter_observation,1,14950,14975,25,0.1,0.00975,0.034751
P02,shape_sorter_observation,1,14975,15000,25,0.1,0.00994,0.034401
P02,shape_sorter_observation,1,15000,15025,25,0.1,0.009801,0.034941
P02,shape_sorter_observation,1,15025,15050,25,0.1,0.00992,0.034371
P02,shape_sorter_observation,1,15050,15075,25,0.1,0.01001,0.034381
P02,shape_sorter_observation,1,15075,15100,25,0.1,0.00974,0.034451
P02,shape_sorter_observation,1,15100,15125,25,0.1,0.009951,0.034511
P02,shape_sorter_observation,1,15125,15150,25,0.1,0.02948,0.036871
P02,shape_sorter_observation,1,15150,15175,25,0.1,0.00992,0.035191
P02,shape_sorter_observation,1,15175,15200,25,0.1,0.00994,0.034461
P02,shape_sorter_observation,1,15200,15225,25,0.1,0.00982,0.034661
P02,shape_sorter_observation,1,15225,15250,25,0.1,0.009721,0.03459
P02,shape_sorter_observation,1,15250,15275,25,0.1,0.009821,0.034751
P02,shape_sorter_observation,1,15275,15300,25,0.1,0.00989,0.034611
P02,shape_sorter_observation,1,15300,15325,25,0.1,0.00986,0.037231
P02,shape_sorter_observation,1,15325,15350,25,0.1,0.009881,0.03419
P02,shape_sorter_observation,1,15350,15375,25,0.1,0.009471,0.034611
P02,shape_sorter_observation,1,15375,15400,25,0.1,0.00951,0.034601
P02,shape_sorter_observation,1,15400,15425,25,0.1,0.00982,0.034071
P02,shape_sorter_observation,1,15425,15450,25,0.1,0.00983,0.034061
P02,shape_sorter_observation,1,15450,15475,25,0.1,0.009781,0.034311
P02,shape_sorter_observation,1,15475,15500,25,0.1,0.00982,0.034431
P02,shape_sorter_observation,1,15500,15525,25,0.1,0.00972,0.034491
P02,shape_sorter_observation,1,15525,15550,25,0.1,0.00969,0.034081
P02,shape_sorter_observation,1,15550,15575,25,0.1,0.009751,0.03426
P02,shape_sorter_observation,1,15575,15600,25,0.1,0.009951,0.034371
P02,shape_sorter_observation,1,15600,15625,25,0.1,0.00989,0.034761
P02,shape_sorter_observation,1,15625,15650,25,0.1,0.00973,0.034371
P02,shape_sorter_observation,1,15650,15675,25,0.1,0.00965,0.034071
P02,shape_sorter_observation,1,15675,15700,25,0.1,0.009551,0.034371
P02,shape_sorter_observation,1,15700,15725,25,0.1,0.00958,0.034311
P02,shape_sorter_observation,1,15725,15750,25,0.1,0.00964,0.034191
P02,shape_sorter_observation,1,15750,15775,25,0.1,0.00976,0.034301
P02,shape_sorter_observation,1,15775,15800,25,0.1,0.00961,0.03463
P02,shape_sorter_observation,1,15800,15825,25,0.1,0.009801,0.034581
P02,shape_sorter_observation,1,15825,15850,25,0.1,0.00981,0.034571
P02,shape_sorter_observation,1,15850,15875,25,0.1,0.00975,0.034351
P02,shape_sorter_observation,1,15875,15900,25,0.1,0.00956,0.038951
P02,shape_sorter_observation,1,15900,15925,25,0.1,0.010561,0.036121
P02,shape_sorter_observation,1,15925,15950,25,0.1,0.00976,0.034521
P02,shape_sorter_observation,1,15950,15975,25,0.1,0.00983,0.034241
P02,shape_sorter_observation,1,15975,16000,25,0.1,0.009731,0.03448
P02,shape_sorter_observation,1,16000,16025,25,0.1,0.009911,0.034771
P02,shape_sorter_observation,1,16025,16050,25,0.1,0.00954,0.034891
P02,shape_sorter_observation,1,16050,16075,25,0.1,0.00987,0.034911
P02,shape_sorter_observation,1,16075,16100,25,0.1,0.01,0.035221
P02,shape_sorter_observation,1,16100,16125,25,0.1,0.009791,0.034741
P02,shape_sorter_observation,1,16125,16150,25,0.1,0.00985,0.034821
P02,shape_sorter_observation,1,16150,16175,25,0.1,0.0101,0.034621
P02,shape_sorter_observation,1,16175,16200,25,0.1,0.00974,0.034381
P02,shape_sorter_observation,1,16200,16225,25,0.1,0.009871,0.034471
P02,shape_sorter_observation,1,16225,16250,25,0.1,0.00984,0.034131
P02,shape_sorter_observation,1,16250,16275,25,0.1,0.00959,0.034011
P02,shape_sorter_observation,1,16275,16300,25,0.1,0.00989,0.034581
P02,shape_sorter_observation,1,16300,16325,25,0.1,0.009881,0.0343
P02,shape_sorter_observation,1,16325,16350,25,0.1,0.009801,0.034271
P02,shape_sorter_observation,1,16350,16375,25,0.1,0.00982,0.034951
P02,shape_sorter_observation,1,16375,16400,25,0.1,0.00988,0.034831
P02,shape_sorter_observation,1,16400,16425,25,0.1,0.00982,0.034681
P02,shape_sorter_observation,1,16425,16450,25,0.1,0.009681,0.034581
P02,shape_sorter_observation,1,16450,16475,25,0.1,0.00981,0.034261
P02,shape_sorter_observation,1,16475,16500,25,0.1,0.0098,0.034491
P02,shape_sorter_observation,1,16500,16525,25,0.1,0.00956,0.034511
P02,shape_sorter_observation,1,16525,16550,25,0.1,0.009721,0.034601
P02,shape_sorter_observation,1,16550,16575,25,0.1,0.00985,0.034591
P02,shape_sorter_observation,1,16575,16600,25,0.1,0.00968,0.034281
P02,shape_sorter_observation,1,16600,16625,25,0.1,0.00984,0.034771
P02,shape_sorter_observation,1,16625,16650,25,0.1,0.009851,0.03439
P02,shape_sorter_observation,1,16650,16675,25,0.1,0.009781,0.034051
P02,shape_sorter_observation,1,16675,16700,25,0.1,0.00989,0.034461
P02,shape_sorter_observation,1,16700,16725,25,0.1,0.00965,0.034401
P02,shape_sorter_observation,1,16725,16750,25,0.1,0.00971,0.034401
P02,shape_sorter_observation,1,16750,16775,25,0.1,0.009731,0.034321
P02,shape_sorter_observation,1,16775,16800,25,0.1,0.00976,0.034311
P02,shape_sorter_observation,1,16800,16825,25,0.1,0.0096,0.034381
P02,shape_sorter_observation,1,16825,16850,25,0.1,0.00977,0.034301
P02,shape_sorter_observation,1,16850,16875,25,0.1,0.009701,0.03451
P02,shape_sorter_observation,1,16875,16900,25,0.1,0.009701,0.034311
P02,shape_sorter_observation,1,16900,16925,25,0.1,0.00981,0.034271
P02,shape_sorter_observation,1,16925,16950,25,0.1,0.00965,0.034581
P02,shape_sorter_observation,1,16950,16975,25,0.1,0.01015,0.036501
P02,shape_sorter_observation,1,16975,16988,13,0.052,0.010251,0.033041
P02,stack,1,0,25,25,0.1,0.014431,0.064332
P02,stack,1,25,50,25,0.1,0.01173,0.038461
P02,stack,1,50,75,25,0.1,0.01042,0.035581
P02,stack,1,75,100,25,0.1,0.009951,0.034941
P02,stack,1,100,125,25,0.1,0.00998,0.034751
P02,stack,1,125,150,25,0.1,0.00976,0.035431
P02,stack,1,150,175,25,0.1,0.00959,0.034511
P02,stack,1,175,200,25,0.1,0.009631,0.034511
P02,stack,1,200,225,25,0.1,0.00966,0.034221
P02,stack,1,225,250,25,0.1,0.00961,0.034071
P02,stack,1,250,275,25,0.1,0.00978,0.034951
P02,stack,1,275,300,25,0.1,0.009941,0.03472
P02,stack,1,300,325,25,0.1,0.009691,0.034671
P02,stack,1,325,350,25,0.1,0.00972,0.034681
P02,stack,1,350,375,25,0.1,0.00954,0.034621
P02,stack,1,375,400,25,0.1,0.00972,0.034761
P02,stack,1,400,425,25,0.1,0.009471,0.034061
P02,stack,1,425,450,25,0.1,0.00956,0.033841
P02,stack,1,450,475,25,0.1,0.00954,0.034591
P02,stack,1,475,500,25,0.1,0.00942,0.034361
P02,stack,1,500,525,25,0.1,0.009421,0.03484
P02,stack,1,525,550,25,0.1,0.009561,0.033931
P02,stack,1,550,575,25,0.1,0.00956,0.034511
P02,stack,1,575,600,25,0.1,0.00954,0.034471
P02,stack,1,600,625,25,0.1,0.00953,0.034121
P02,stack,1,625,650,25,0.1,0.009491,0.034571
P02,stack,1,650,675,25,0.1,0.00952,0.034431
P02,stack,1,675,700,25,0.1,0.00952,0.034521
P02,stack,1,700,725,25,0.1,0.00953,0.034291
P02,stack,1,725,750,25,0.1,0.009461,0.03401
P02,stack,1,750,775,25,0.1,0.009521,0.034161
P02,stack,1,775,800,25,0.1,0.00952,0.034311
P02,stack,1,800,825,25,0.1,0.00939,0.034551
P02,stack,1,825,850,25,0.1,0.0097,0.078993
P02,stack,1,850,875,25,0.1,0.0127,0.038201
P02,stack,1,875,900,25,0.1,0.01007,0.034401
P02,stack,1,900,925,25,0.1,0.009761,0.034501
P02,stack,1,925,950,25,0.1,0.00964,0.034231
P02,stack,1,950,975,25,0.1,0.0096,0.034631
P02,stack,1,975,1000,25,0.1,0.0096,0.034321
P02,stack,1,1000,1025,25,0.1,0.009561,0.034121
P02,stack,1,1025,1050,25,0.1,0.00958,0.035201
P02,stack,1,1050,1075,25,0.1,0.00982,0.034511
P02,stack,1,1075,1100,25,0.1,0.0097,0.034191
P02,stack,1,1100,1125,25,0.1,0.009521,0.0339
P02,stack,1,1125,1150,25,0.1,0.009531,0.034241
P02,stack,1,1150,1175,25,0.1,0.0096,0.033871
P02,stack,1,1175,1200,25,0.1,0.00958,0.034371
P02,stack,1,1200,1225,25,0.1,0.00983,0.034191
P02,stack,1,1225,1250,25,0.1,0.009401,0.034091
P02,stack,1,1250,1275,25,0.1,0.00961,0.033811
P02,stack,1,1275,1300,25,0.1,0.00943,0.033651
P02,stack,1,1300,1325,25,0.1,0.0096,0.034231
P02,stack,1,1325,1350,25,0.1,0.009531,0.03409
P02,stack,1,1350,1375,25,0.1,0.009591,0.034091
P02,stack,1,1375,1400,25,0.1,0.00954,0.034231
P02,stack,1,1400,1425,25,0.1,0.00952,0.033991
P02,stack,1,1425,1450,25,0.1,0.00945,0.033991
P02,stack,1,1450,1475,25,0.1,0.009561,0.034
P02,stack,1,1475,1500,25,0.1,0.00954,0.033801
P02,stack,1,1500,1525,25,0.1,0.00958,0.033801
P02,stack,1,1525,1550,25,0.1,0.00968,0.033701
P02,stack,1,1550,1575,25,0.1,0.00965,0.033511
P02,stack,1,1575,1600,25,0.1,0.009371,0.03397
P02,stack,1,1600,1625,25,0.1,0.00958,0.034291
P02,stack,1,1625,1650,25,0.1,0.01122,0.034281
P02,stack,1,1650,1675,25,0.1,0.00938,0.033541
P02,stack,1,1675,1700,25,0.1,0.00952,0.033701
P02,stack,1,1700,1725,25,0.1,0.009561,0.033801
P02,stack,1,1725,1750,25,0.1,0.00964,0.033571
P02,stack,1,1750,1775,25,0.1,0.00949,0.033631
P02,stack,1,1775,1800,25,0.1,0.00941,0.033521
P02,stack,1,1800,1825,25,0.1,0.00954,0.033711
P02,stack,1,1825,1850,25,0.1,0.009541,0.033641
P02,stack,1,1850,1875,25,0.1,0.0094,0.033121
P02,stack,1,1875,1900,25,0.1,0.00931,0.033291
P02,stack,1,1900,1925,25,0.1,0.00944,0.033051
P02,stack,1,1925,1950,25,0.1,0.00997,0.033551
P02,stack,1,1950,1975,25,0.1,0.009521,0.03347
P02,stack,1,1975,2000,25,0.1,0.00944,0.033591
P02,stack,1,2000,2025,25,0.1,0.00943,0.033441
P02,stack,1,2025,2050,25,0.1,0.00948,0.033571
P02,stack,1,2050,2075,25,0.1,0.00941,0.034051
P02,stack,1,2075,2100,25,0.1,0.009711,0.03398
P02,stack,1,2100,2125,25,0.1,0.00948,0.034001
P02,stack,1,2125,2150,25,0.1,0.00959,0.033691
P02,stack,1,2150,2175,25,0.1,0.00954,0.033751
P02,stack,1,2175,2200,25,0.1,0.01025,0.037741
P02,stack,1,2200,2225,25,0.1,0.009461,0.033521
P02,stack,1,2225,2250,25,0.1,0.0095,0.033801
P02,stack,1,2250,2275,25,0.1,0.00968,0.033781
P02,stack,1,2275,2300,25,0.1,0.00953,0.034701
P02,stack,1,2300,2325,25,0.1,0.009391,0.03361
P02,stack,1,2325,2350,25,0.1,0.009731,0.033951
P02,stack,1,2350,2375,25,0.1,0.00956,0.033541
P02,stack,1,2375,2400,25,0.1,0.00943,0.033701
P02,stack,1,2400,2425,25,0.1,0.00947,0.033711
P02,stack,1,2425,2450,25,0.1,0.009251,0.0337
P02,stack,1,2450,2475,25,0.1,0.009741,0.033721
P02,stack,1,2475,2500,25,0.1,0.00951,0.033541
P02,stack,1,2500,2525,25,0.1,0.00949,0.033541
P02,stack,1,2525,2550,25,0.1,0.00948,0.034181
P02,stack,1,2550,2575,25,0.1,0.009491,0.0341
P02,stack,1,2575,2600,25,0.1,0.009511,0.034141
P02,stack,1,2600,2625,25,0.1,0.00946,0.033871
P02,stack,1,2625,2650,25,0.1,0.00958,0.033851
P02,stack,1,2650,2675,25,0.1,0.00941,0.033851
P02,stack,1,2675,2700,25,0.1,0.009481,0.03393
P02,stack,1,2700,2725,25,0.1,0.00975,0.033891
P02,stack,1,2725,2750,25,0.1,0.00939,0.038161
P02,stack,1,2750,2775,25,0.1,0.01043,0.033611
P02,stack,1,2775,2800,25,0.1,0.009471,0.03403
P02,stack,1,2800,2825,25,0.1,0.009671,0.033561
P02,stack,1,2825,2850,25,0.1,0.00958,0.033381
P02,stack,1,2850,2875,25,0.1,0.00967,0.033531
P02,stack,1,2875,2900,25,0.1,0.00945,0.033411
P02,stack,1,2900,2925,25,0.1,0.009521,0.03399
P02,stack,1,2925,2950,25,0.1,0.009601,0.033521
P02,stack,1,2950,2975,25,0.1,0.00955,0.033741
P02,stack,1,2975,3000,25,0.1,0.00954,0.033651
P02,stack,1,3000,3025,25,0.1,0.00947,0.033631
P02,stack,1,3025,3050,25,0.1,0.009501,0.076462
P02,stack,1,3050,3075,25,0.1,0.01175,0.035661
P02,stack,1,3075,3100,25,0.1,0.00985,0.033841
P02,stack,1,3100,3125,25,0.1,0.00966,0.034201
P02,stack,1,3125,3150,25,0.1,0.009511,0.033941
P02,stack,1,3150,3175,25,0.1,0.00974,0.033621
P02,stack,1,3175,3200,25,0.1,0.00947,0.033701
P02,stack,1,3200,3225,25,0.1,0.00945,0.033491
P02,stack,1,3225,3250,25,0.1,0.009691,0.034081
P02,stack,1,3250,3275,25,0.1,0.00954,0.036451
P02,stack,1,3275,3300,25,0.1,0.01069,0.035051
P02,stack,1,3300,3325,25,0.1,0.00966,0.033961
P02,stack,1,3325,3350,25,0.1,0.009711,0.033631
P02,stack,1,3350,3375,25,0.1,0.00956,0.033661
P02,stack,1,3375,3400,25,0.1,0.00957,0.033701
P02,stack,1,3400,3425,25,0.1,0.00962,0.033571
P02,stack,1,3425,3450,25,0.1,0.009551,0.03417
P02,stack,1,3450,3475,25,0.1,0.009561,0.033801
P02,stack,1,3475,3500,25,0.1,0.00958,0.033801
P02,stack,1,3500,3525,25,0.1,0.0096,0.033481
P02,stack,1,3525,3550,25,0.1,0.00936,0.033441
P02,stack,1,3550,3575,25,0.1,0.009631,0.033421
P02,stack,1,3575,3600,25,0.1,0.00945,0.033311
P02,stack,1,3600,3625,25,0.1,0.00949,0.033221
P02,stack,1,3625,3650,25,0.1,0.00929,0.033491
P02,stack,1,3650,3675,25,0.1,0.00946,0.033301
P02,stack,1,3675,3700,25,0.1,0.009501,0.033111
P02,stack,1,3700,3725,25,0.1,0.00936,0.033521
P02,stack,1,3725,3750,25,0.1,0.00961,0.033461
P02,stack,1,3750,3775,25,0.1,0.00962,0.033681
P02,stack,1,3775,3800,25,0.1,0.009621,0.03312
P02,stack,1,3800,3825,25,0.1,0.009381,0.033671
P02,stack,1,3825,3850,25,0.1,0.00959,0.038451
P02,stack,1,3850,3875,25,0.1,0.00955,0.033841
P02,stack,1,3875,3900,25,0.1,0.009471,0.03391
P02,stack,1,3900,3925,25,0.1,0.00938,0.033821
P02,stack,1,3925,3950,25,0.1,0.00965,0.033801
P02,stack,1,3950,3975,25,0.1,0.00951,0.033681
P02,stack,1,3975,4000,25,0.1,0.00945,0.033601
P02,stack,1,4000,4025,25,0.1,0.009381,0.033601
P02,stack,1,4025,4050,25,0.1,0.00929,0.033351
P02,stack,1,4050,4075,25,0.1,0.00926,0.033651
P02,stack,1,4075,4100,25,0.1,0.00937,0.033561
P02,stack,1,4100,4125,25,0.1,0.00974,0.033851
P02,stack,1,4125,4150,25,0.1,0.009581,0.033691
P02,stack,1,4150,4175,25,0.1,0.00952,0.033471
P02,stack,1,4175,4200,25,0.1,0.00968,0.033221
P02,stack,1,4200,4225,25,0.1,0.00979,0.033371
P02,stack,1,4225,4250,25,0.1,0.009471,0.033711
P02,stack,1,4250,4275,25,0.1,0.00946,0.033621
P02,stack,1,4275,4300,25,0.1,0.00955,0.033781
P02,stack,1,4300,4325,25,0.1,0.00951,0.033521
P02,stack,1,4325,4350,25,0.1,0.01001,0.034181
P02,stack,1,4350,4375,25,0.1,0.009681,0.033551
P02,stack,1,4375,4400,25,0.1,0.00957,0.036601
P02,stack,1,4400,4425,25,0.1,0.01112,0.033271
P02,stack,1,4425,4450,25,0.1,0.009711,0.03394
P02,stack,1,4450,4475,25,0.1,0.009651,0.033641
P02,stack,1,4475,4500,25,0.1,0.00981,0.033721
P02,stack,1,4500,4525,25,0.1,0.01018,0.034311
P02,stack,1,4525,4550,25,0.1,0.009721,0.03382
P02,stack,1,4550,4575,25,0.1,0.00957,0.033931
P02,stack,1,4575,4600,25,0.1,0.00973,0.033831
P02,stack,1,4600,4625,25,0.1,0.00958,0.033841
P02,stack,1,4625,4650,25,0.1,0.00949,0.033881
P02,stack,1,4650,4675,25,0.1,0.009711,0.033771
P02,stack,1,4675,4700,25,0.1,0.00965,0.033761
P02,stack,1,4700,4725,25,0.1,0.0096,0.033691
P02,stack,1,4725,4750,25,0.1,0.0096,0.033851
P02,stack,1,4750,4775,25,0.1,0.009701,0.033701
P02,stack,1,4775,4800,25,0.1,0.00965,0.033751
P02,stack,1,4800,4825,25,0.1,0.00948,0.034001
P02,stack,1,4825,4850,25,0.1,0.010131,0.034591
P02,stack,1,4850,4875,25,0.1,0.00958,0.033581
P02,stack,1,4875,4900,25,0.1,0.0095,0.033941
P02,stack,1,4900,4925,25,0.1,0.00959,0.033691
P02,stack,1,4925,4950,25,0.1,0.009641,0.038161
P02,stack,1,4950,4975,25,0.1,0.01019,0.034111
P02,stack,1,4975,5000,25,0.1,0.0097,0.033851
P02,stack,1,5000,5025,25,0.1,0.0096,0.033881
P02,stack,1,5025,5050,25,0.1,0.009641,0.033681
P02,stack,1,5050,5075,25,0.1,0.0094,0.033961
P02,stack,1,5075,5100,25,0.1,0.00955,0.034121
P02,stack,1,5100,5125,25,0.1,0.00953,0.034201
P02,stack,1,5125,5150,25,0.1,0.00947,0.033901
P02,stack,1,5150,5175,25,0.1,0.009461,0.033701
P02,stack,1,5175,5200,25,0.1,0.00988,0.034491
P02,stack,1,5200,5225,25,0.1,0.00982,0.033851
P02,stack,1,5225,5250,25,0.1,0.047122,0.045391
P02,stack,1,5250,5275,25,0.1,0.01128,0.035001
P02,stack,1,5275,5300,25,0.1,0.00974,0.034551
P02,stack,1,5300,5325,25,0.1,0.009711,0.034011
P02,stack,1,5325,5350,25,0.1,0.00935,0.034051
P02,stack,1,5350,5375,25,0.1,0.00963,0.033681
P02,stack,1,5375,5400,25,0.1,0.00955,0.033711
P02,stack,1,5400,5425,25,0.1,0.00941,0.034181
P02,stack,1,5425,5450,25,0.1,0.009671,0.034411
P02,stack,1,5450,5475,25,0.1,0.0096,0.034051
P02,stack,1,5475,5500,25,0.1,0.00962,0.034291
P02,stack,1,5500,5525,25,0.1,0.00959,0.034191
P02,stack,1,5525,5550,25,0.1,0.009661,0.035
P02,stack,1,5550,5575,25,0.1,0.009561,0.033731
P02,stack,1,5575,5600,25,0.1,0.00957,0.033971
P02,stack,1,5600,5625,25,0.1,0.00941,0.034021
P02,stack,1,5625,5650,25,0.1,0.0096,0.033811
P02,stack,1,5650,5675,25,0.1,0.009471,0.03453
P02,stack,1,5675,5700,25,0.1,0.0097,0.034211
P02,stack,1,5700,5725,25,0.1,0.0097,0.034051
P02,stack,1,5725,5750,25,0.1,0.00945,0.033601
P02,stack,1,5750,5775,25,0.1,0.00942,0.033561
P02,stack,1,5775,5800,25,0.1,0.009481,0.034061
P02,stack,1,5800,5825,25,0.1,0.00958,0.033661
P02,stack,1,5825,5850,25,0.1,0.00957,0.034001
P02,stack,1,5850,5875,25,0.1,0.0096,0.033561
P02,stack,1,5875,5900,25,0.1,0.00948,0.033741
P02,stack,1,5900,5925,25,0.1,0.009461,0.033661
P02,stack,1,5925,5950,25,0.1,0.00929,0.033841
P02,stack,1,5950,5975,25,0.1,0.00978,0.033821
P02,stack,1,5975,6000,25,0.1,0.00967,0.033971
P02,stack,1,6000,6025,25,0.1,0.00949,0.033791
P02,stack,1,6025,6050,25,0.1,0.009611,0.033981
P02,stack,1,6050,6075,25,0.1,0.00951,0.033421
P02,stack,1,6075,6100,25,0.1,0.0096,0.033991
P02,stack,1,6100,6125,25,0.1,0.00959,0.033801
P02,stack,1,6125,6150,25,0.1,0.00955,0.033901
P02,stack,1,6150,6175,25,0.1,0.009521,0.033801
P02,stack,1,6175,6200,25,0.1,0.00963,0.033651
P02,stack,1,6200,6225,25,0.1,0.00938,0.033891
P02,stack,1,6225,6250,25,0.1,0.00966,0.034171
P02,stack,1,6250,6275,25,0.1,0.00952,0.034121
P02,stack,1,6275,6300,25,0.1,0.009681,0.033561
P02,stack,1,6300,6325,25,0.1,0.00947,0.033721
P02,stack,1,6325,6350,25,0.1,0.00963,0.034241
P02,stack,1,6350,6375,25,0.1,0.00958,0.033621
P02,stack,1,6375,6400,25,0.1,0.009501,0.03353
P02,stack,1,6400,6425,25,0.1,0.009601,0.033391
P02,stack,1,6425,6450,25,0.1,0.00959,0.033361
P02,stack,1,6450,6475,25,0.1,0.00962,0.033811
P02,stack,1,6475,6500,25,0.1,0.00946,0.033611
P02,stack,1,6500,6525,25,0.1,0.00947,0.033531
P02,stack,1,6525,6550,25,0.1,0.009501,0.033491
P02,stack,1,6550,6575,25,0.1,0.00945,0.033511
P02,stack,1,6575,6600,25,0.1,0.00958,0.033431
P02,stack,1,6600,6625,25,0.1,0.00961,0.033641
P02,stack,1,6625,6650,25,0.1,0.00947,0.033531
P02,stack,1,6650,6675,25,0.1,0.009581,0.033861
P02,stack,1,6675,6700,25,0.1,0.00944,0.033601
P02,stack,1,6700,6725,25,0.1,0.00937,0.033501
P02,stack,1,6725,6750,25,0.1,0.00967,0.034561
P02,stack,1,6750,6775,25,0.1,0.00958,0.033631
P02,stack,1,6775,6800,25,0.1,0.009591,0.033771
P02,stack,1,6800,6825,25,0.1,0.00954,0.033491
P02,stack,1,6825,6850,25,0.1,0.00956,0.034001
P02,stack,1,6850,6875,25,0.1,0.00944,0.033661
P02,stack,1,6875,6900,25,0.1,0.00947,0.03324
P02,stack,1,6900,6925,25,0.1,0.009331,0.033521
P02,stack,1,6925,6950,25,0.1,0.00931,0.033901
P02,stack,1,6950,6975,25,0.1,0.00971,0.033891
P02,stack,1,6975,7000,25,0.1,0.00949,0.033901
P02,stack,1,7000,7025,25,0.1,0.00957,0.033811
P02,stack,1,7025,7050,25,0.1,0.009631,0.033581
P02,stack,1,7050,7075,25,0.1,0.00943,0.033731
P02,stack,1,7075,7100,25,0.1,0.00966,0.033651
P02,stack,1,7100,7125,25,0.1,0.0095,0.033531
P02,stack,1,7125,7150,25,0.1,0.00937,0.033541
P02,stack,1,7150,7175,25,0.1,0.009371,0.033161
P02,stack,1,7175,7200,25,0.1,0.00927,0.033501
P02,stack,1,7200,7225,25,0.1,0.00953,0.033971
P02,stack,1,7225,7250,25,0.1,0.00951,0.033981
P02,stack,1,7250,7275,25,0.1,0.00947,0.034071
P02,stack,1,7275,7300,25,0.1,0.009561,0.033981
P02,stack,1,7300,7325,25,0.1,0.00958,0.033631
P02,stack,1,7325,7350,25,0.1,0.00948,0.034211
P02,stack,1,7350,7375,25,0.1,0.00946,0.033721
P02,stack,1,7375,7400,25,0.1,0.009501,0.03391
P02,stack,1,7400,7425,25,0.1,0.009521,0.033781
P02,stack,1,7425,7450,25,0.1,0.00949,0.056231
P02,stack,1,7450,7475,25,0.1,0.012041,0.035421
P02,stack,1,7475,7500,25,0.1,0.00998,0.034611
P02,stack,1,7500,7525,25,0.1,0.00965,0.033871
P02,stack,1,7525,7550,25,0.1,0.00957,0.03412
P02,stack,1,7550,7575,25,0.1,0.009661,0.033761
P02,stack,1,7575,7600,25,0.1,0.00952,0.033971
P02,stack,1,7600,7625,25,0.1,0.0097,0.034201
P02,stack,1,7625,7650,25,0.1,0.00948,0.033881
P02,stack,1,7650,7675,25,0.1,0.009461,0.03374
P02,stack,1,7675,7700,25,0.1,0.009481,0.033641
P02,stack,1,7700,7725,25,0.1,0.00939,0.033371
P02,stack,1,7725,7750,25,0.1,0.00969,0.033801
P02,stack,1,7750,7775,25,0.1,0.00964,0.033751
P02,stack,1,7775,7800,25,0.1,0.009401,0.03304
P02,stack,1,7800,7825,25,0.1,0.009511,0.033541
P02,stack,1,7825,7850,25,0.1,0.00946,0.033881
P02,stack,1,7850,7875,25,0.1,0.00926,0.033481
P02,stack,1,7875,7900,25,0.1,0.00956,0.033811
P02,stack,1,7900,7925,25,0.1,0.009481,0.03309
P02,stack,1,7925,7950,25,0.1,0.009341,0.033491
P02,stack,1,7950,7975,25,0.1,0.0094,0.033781
P02,stack,1,7975,8000,25,0.1,0.00948,0.033371
P02,stack,1,8000,8025,25,0.1,0.00934,0.033471
P02,stack,1,8025,8050,25,0.1,0.00956,0.033591
P02,stack,1,8050,8075,25,0.1,0.009381,0.033451
P02,stack,1,8075,8100,25,0.1,0.00957,0.033601
P02,stack,1,8100,8125,25,0.1,0.00952,0.033511
P02,stack,1,8125,8150,25,0.1,0.00946,0.033201
P02,stack,1,8150,8175,25,0.1,0.00956,0.033521
P02,stack,1,8175,8200,25,0.1,0.009441,0.033711
P02,stack,1,8200,8225,25,0.1,0.00946,0.033871
P02,stack,1,8225,8250,25,0.1,0.00955,0.033651
P02,stack,1,8250,8275,25,0.1,0.00946,0.034101
P02,stack,1,8275,8300,25,0.1,0.00953,0.033801
P02,stack,1,8300,8325,25,0.1,0.009501,0.033591
P02,stack,1,8325,8350,25,0.1,0.00954,0.033831
P02,stack,1,8350,8375,25,0.1,0.0095,0.033641
P02,stack,1,8375,8400,25,0.1,0.00984,0.033951
P02,stack,1,8400,8425,25,0.1,0.0095,0.034211
P02,stack,1,8425,8450,25,0.1,0.009611,0.033871
P02,stack,1,8450,8475,25,0.1,0.00957,0.034011
P02,stack,1,8475,8500,25,0.1,0.0095,0.034051
P02,stack,1,8500,8525,25,0.1,0.00957,0.033631
P02,stack,1,8525,8550,25,0.1,0.0093,0.033411
P02,stack,1,8550,8575,25,0.1,0.009671,0.033921
P02,stack,1,8575,8600,25,0.1,0.00958,0.033871
P02,stack,1,8600,8625,25,0.1,0.00944,0.033661
P02,stack,1,8625,8650,25,0.1,0.00938,0.033551
P02,stack,1,8650,8675,25,0.1,0.00951,0.033531
P02,stack,1,8675,8700,25,0.1,0.009521,0.033471
P02,stack,1,8700,8725,25,0.1,0.00958,0.033601
P02,stack,1,8725,8750,25,0.1,0.00961,0.033591
P02,stack,1,8750,8775,25,0.1,0.00953,0.033521
P02,stack,1,8775,8800,25,0.1,0.00948,0.033311
P02,stack,1,8800,8825,25,0.1,0.009291,0.033631
P02,stack,1,8825,8850,25,0.1,0.00967,0.033601
P02,stack,1,8850,8875,25,0.1,0.0095,0.033631
P02,stack,1,8875,8900,25,0.1,0.00947,0.033771
P02,stack,1,8900,8925,25,0.1,0.00945,0.033811
P02,stack,1,8925,8950,25,0.1,0.009571,0.034141
P02,stack,1,8950,8975,25,0.1,0.00953,0.033771
P02,stack,1,8975,9000,25,0.1,0.00957,0.033351
P02,stack,1,9000,9025,25,0.1,0.00942,0.033041
P02,stack,1,9025,9050,25,0.1,0.00946,0.033751
P02,stack,1,9050,9075,25,0.1,0.009651,0.033541
P02,stack,1,9075,9100,25,0.1,0.00952,0.033531
P02,stack,1,9100,9125,25,0.1,0.00977,0.033501
P02,stack,1,9125,9150,25,0.1,0.00937,0.033611
P02,stack,1,9150,9175,25,0.1,0.00946,0.034061
P02,stack,1,9175,9200,25,0.1,0.009351,0.033801
P02,stack,1,9200,9225,25,0.1,0.00941,0.033311
P02,stack,1,9225,9250,25,0.1,0.00957,0.033431
P02,stack,1,9250,9275,25,0.1,0.00976,0.033891
P02,stack,1,9275,9300,25,0.1,0.00956,0.033611
P02,stack,1,9300,9325,25,0.1,0.009421,0.033481
P02,stack,1,9325,9350,25,0.1,0.00959,0.033551
P02,stack,1,9350,9375,25,0.1,0.00957,0.033681
P02,stack,1,9375,9400,25,0.1,0.00932,0.033681
P02,stack,1,9400,9425,25,0.1,0.00973,0.033491
P02,stack,1,9425,9450,25,0.1,0.009601,0.033531
P02,stack,1,9450,9475,25,0.1,0.00979,0.033491
P02,stack,1,9475,9500,25,0.1,0.00942,0.034001
P02,stack,1,9500,9525,25,0.1,0.0094,0.033391
P02,stack,1,9525,9550,25,0.1,0.00954,0.033551
P02,stack,1,9550,9575,25,0.1,0.009541,0.03353
P02,stack,1,9575,9600,25,0.1,0.00943,0.033751
P02,stack,1,9600,9625,25,0.1,0.00949,0.033511
P02,stack,1,9625,9650,25,0.1,0.00928,0.033561
P02,stack,1,9650,9675,25,0.1,0.00944,0.033481
P02,stack,1,9675,9700,25,0.1,0.039221,0.037501
P02,stack,1,9700,9725,25,0.1,0.010051,0.034441
P02,stack,1,9725,9750,25,0.1,0.00967,0.033821
P02,stack,1,9750,9775,25,0.1,0.00958,0.034051
P02,stack,1,9775,9800,25,0.1,0.00946,0.033461
P02,stack,1,9800,9825,25,0.1,0.009531,0.033941
P02,stack,1,9825,9850,25,0.1,0.00957,0.033261
P02,stack,1,9850,9875,25,0.1,0.00948,0.033611
P02,stack,1,9875,9900,25,0.1,0.0095,0.033381
P02,stack,1,9900,9925,25,0.1,0.00972,0.034051
P02,stack,1,9925,9950,25,0.1,0.009491,0.033711
P02,stack,1,9950,9975,25,0.1,0.00953,0.033491
P02,stack,1,9975,10000,25,0.1,0.00941,0.033371
P02,stack,1,10000,10025,25,0.1,0.00948,0.033551
P02,stack,1,10025,10050,25,0.1,0.009771,0.033481
P02,stack,1,10050,10075,25,0.1,0.00956,0.033891
P02,stack,1,10075,10100,25,0.1,0.00969,0.033641
P02,stack,1,10100,10125,25,0.1,0.00956,0.033611
P02,stack,1,10125,10150,25,0.1,0.00951,0.033741
P02,stack,1,10150,10175,25,0.1,0.009731,0.033801
P02,stack,1,10175,10200,25,0.1,0.00935,0.033211
P02,stack,1,10200,10225,25,0.1,0.00955,0.033341
P02,stack,1,10225,10250,25,0.1,0.00934,0.033501
P02,stack,1,10250,10275,25,0.1,0.009451,0.03322
P02,stack,1,10275,10300,25,0.1,0.009381,0.033351
P02,stack,1,10300,10325,25,0.1,0.00958,0.033381
P02,stack,1,10325,10350,25,0.1,0.00943,0.033551
P02,stack,1,10350,10375,25,0.1,0.00948,0.033381
P02,stack,1,10375,10400,25,0.1,0.009491,0.033521
P02,stack,1,10400,10425,25,0.1,0.00971,0.033641
P02,stack,1,10425,10450,25,0.1,0.00965,0.033431
P02,stack,1,10450,10475,25,0.1,0.00945,0.033761
P02,stack,1,10475,10500,25,0.1,0.00984,0.038412
P02,stack,1,10500,10525,25,0.1,0.00962,0.033651
P02,stack,1,10525,10550,25,0.1,0.00953,0.033571
P02,stack,1,10550,10575,25,0.1,0.00964,0.033731
P02,stack,1,10575,10600,25,0.1,0.00953,0.033401
P02,stack,1,10600,10625,25,0.1,0.009661,0.033381
P02,stack,1,10625,10650,25,0.1,0.00937,0.033441
P02,stack,1,10650,10675,25,0.1,0.00939,0.033431
P02,stack,1,10675,10700,25,0.1,0.00938,0.033481
P02,stack,1,10700,10725,25,0.1,0.009311,0.03351
P02,stack,1,10725,10750,25,0.1,0.009481,0.033621
P02,stack,1,10750,10775,25,0.1,0.00952,0.033231
P02,stack,1,10775,10800,25,0.1,0.00956,0.033741
P02,stack,1,10800,10825,25,0.1,0.00944,0.033211
P02,stack,1,10825,10850,25,0.1,0.009391,0.033461
P02,stack,1,10850,10875,25,0.1,0.0095,0.033281
P02,stack,1,10875,10900,25,0.1,0.00956,0.033331
P02,stack,1,10900,10925,25,0.1,0.00935,0.033801
P02,stack,1,10925,10950,25,0.1,0.00951,0.033251
P02,stack,1,10950,10975,25,0.1,0.009641,0.033561
P02,stack,1,10975,11000,25,0.1,0.00954,0.033491
P02,stack,1,11000,11025,25,0.1,0.00946,0.033501
P02,stack,1,11025,11050,25,0.1,0.00955,0.033921
P02,stack,1,11050,11075,25,0.1,0.009691,0.03324
P02,stack,1,11075,11100,25,0.1,0.009421,0.033481
P02,stack,1,11100,11125,25,0.1,0.0094,0.033641
P02,stack,1,11125,11150,25,0.1,0.00944,0.033571
P02,stack,1,11150,11175,25,0.1,0.0094,0.033441
P02,stack,1,11175,11200,25,0.1,0.009761,0.03351
P02,stack,1,11200,11225,25,0.1,0.00944,0.033331
P02,stack,1,11225,11250,25,0.1,0.00942,0.033591
P02,stack,1,11250,11275,25,0.1,0.00943,0.033331
P02,stack,1,11275,11300,25,0.1,0.00937,0.033781
P02,stack,1,11300,11325,25,0.1,0.009461,0.033521
P02,stack,1,11325,11350,25,0.1,0.00938,0.033501
P02,stack,1,11350,11375,25,0.1,0.00949,0.033311
P02,stack,1,11375,11400,25,0.1,0.00955,0.033441
P02,stack,1,11400,11425,25,0.1,0.0095,0.033761
P02,stack,1,11425,11450,25,0.1,0.009591,0.033561
P02,stack,1,11450,11475,25,0.1,0.00939,0.033481
P02,stack,1,11475,11500,25,0.1,0.00937,0.033681
P02,stack,1,11500,11525,25,0.1,0.00967,0.033471
P02,stack,1,11525,11550,25,0.1,0.009411,0.033671
P02,stack,1,11550,11575,25,0.1,0.00948,0.033641
P02,stack,1,11575,11600,25,0.1,0.00953,0.033461
P02,stack,1,11600,11625,25,0.1,0.00958,0.033441
P02,stack,1,11625,11650,25,0.1,0.00949,0.033761
P02,stack,1,11650,11675,25,0.1,0.009491,0.033641
P02,stack,1,11675,11700,25,0.1,0.00966,0.033501
P02,stack,1,11700,11725,25,0.1,0.00952,0.033501
P02,stack,1,11725,11750,25,0.1,0.00939,0.033431
P02,stack,1,11750,11775,25,0.1,0.009591,0.0337
P02,stack,1,11775,11800,25,0.1,0.009591,0.033641
P02,stack,1,11800,11825,25,0.1,0.00966,0.033701
P02,stack,1,11825,11850,25,0.1,0.00942,0.033591
P02,stack,1,11850,11875,25,0.1,0.00951,0.033171
P02,stack,1,11875,11900,25,0.1,0.009391,0.033661
P02,stack,1,11900,11925,25,0.1,0.0096,0.060611
P02,stack,1,11925,11950,25,0.1,0.01366,0.035871
P02,stack,1,11950,11975,25,0.1,0.00978,0.033401
P02,stack,1,11975,12000,25,0.1,0.00971,0.033781
P02,stack,1,12000,12025,25,0.1,0.009441,0.03375
P02,stack,1,12025,12050,25,0.1,0.009691,0.033871
P02,stack,1,12050,12075,25,0.1,0.00965,0.033851
P02,stack,1,12075,12100,25,0.1,0.00916,0.033311
P02,stack,1,12100,12125,25,0.1,0.00954,0.033521
P02,stack,1,12125,12150,25,0.1,0.009591,0.03356
P02,stack,1,12150,12175,25,0.1,0.009571,0.033341
P02,stack,1,12175,12200,25,0.1,0.00958,0.033371
P02,stack,1,12200,12225,25,0.1,0.00942,0.033381
P02,stack,1,12225,12250,25,0.1,0.00946,0.033591
P02,stack,1,12250,12275,25,0.1,0.00946,0.0335
P02,stack,1,12275,12300,25,0.1,0.009281,0.033351
P02,stack,1,12300,12325,25,0.1,0.00936,0.033831
P02,stack,1,12325,12350,25,0.1,0.00959,0.034141
P02,stack,1,12350,12375,25,0.1,0.00966,0.033441
P02,stack,1,12375,12400,25,0.1,0.00938,0.033331
P02,stack,1,12400,12425,25,0.1,0.009441,0.033511
P02,stack,1,12425,12450,25,0.1,0.00952,0.033241
P02,stack,1,12450,12475,25,0.1,0.0094,0.033771
P02,stack,1,12475,12500,25,0.1,0.00943,0.034001
P02,stack,1,12500,12525,25,0.1,0.00955,0.033661
P02,stack,1,12525,12550,25,0.1,0.009581,0.033371
P02,stack,1,12550,12575,25,0.1,0.00946,0.033301
P02,stack,1,12575,12600,25,0.1,0.00939,0.033311
P02,stack,1,12600,12625,25,0.1,0.00932,0.033061
P02,stack,1,12625,12650,25,0.1,0.0094,0.033431
P02,stack,1,12650,12675,25,0.1,0.009411,0.03293
P02,stack,1,12675,12700,25,0.1,0.009441,0.033911
P02,stack,1,12700,12725,25,0.1,0.00963,0.033911
P02,stack,1,12725,12750,25,0.1,0.00962,0.033881
P02,stack,1,12750,12775,25,0.1,0.00968,0.033521
P02,stack,1,12775,12800,25,0.1,0.009531,0.0334
P02,stack,1,12800,12825,25,0.1,0.00951,0.033621
P02,stack,1,12825,12850,25,0.1,0.00954,0.033531
P02,stack,1,12850,12875,25,0.1,0.00965,0.033941
P02,stack,1,12875,12900,25,0.1,0.00951,0.033521
P02,stack,1,12900,12925,25,0.1,0.009291,0.03392
P02,stack,1,12925,12950,25,0.1,0.00956,0.033581
P02,stack,1,12950,12975,25,0.1,0.00966,0.033211
P02,stack,1,12975,13000,25,0.1,0.00965,0.033661
P02,stack,1,13000,13025,25,0.1,0.00938,0.033571
P02,stack,1,13025,13050,25,0.1,0.009821,0.0335
P02,stack,1,13050,13075,25,0.1,0.009651,0.033231
P02,stack,1,13075,13100,25,0.1,0.00957,0.033441
P02,stack,1,13100,13125,25,0.1,0.00953,0.033761
P02,stack,1,13125,13150,25,0.1,0.00952,0.033261
P02,stack,1,13150,13175,25,0.1,0.009431,0.03399
P02,stack,1,13175,13200,25,0.1,0.009541,0.033741
P02,stack,1,13200,13225,25,0.1,0.00953,0.033261
P02,stack,1,13225,13250,25,0.1,0.00993,0.033741
P02,stack,1,13250,13275,25,0.1,0.00955,0.033831
P02,stack,1,13275,13300,25,0.1,0.009731,0.03421
P02,stack,1,13300,13325,25,0.1,0.00953,0.033661
P02,stack,1,13325,13350,25,0.1,0.00966,0.033591
P02,stack,1,13350,13375,25,0.1,0.00959,0.033331
P02,stack,1,13375,13400,25,0.1,0.0094,0.033301
P02,stack,1,13400,13425,25,0.1,0.009631,0.03364
P02,stack,1,13425,13450,25,0.1,0.009781,0.033411
P02,stack,1,13450,13475,25,0.1,0.00973,0.033381
P02,stack,1,13475,13500,25,0.1,0.0095,0.033231
P02,stack,1,13500,13525,25,0.1,0.00934,0.033681
P02,stack,1,13525,13550,25,0.1,0.009481,0.03348
P02,stack,1,13550,13575,25,0.1,0.009571,0.033941
P02,stack,1,13575,13600,25,0.1,0.00963,0.033111
P02,stack,1,13600,13625,25,0.1,0.00968,0.033321
P02,stack,1,13625,13650,25,0.1,0.00944,0.033471
P02,stack,1,13650,13675,25,0.1,0.009431,0.03349
P02,stack,1,13675,13700,25,0.1,0.009471,0.033071
P02,stack,1,13700,13725,25,0.1,0.00944,0.033441
P02,stack,1,13725,13750,25,0.1,0.00943,0.033421
P02,stack,1,13750,13775,25,0.1,0.00963,0.033431
P02,stack,1,13775,13800,25,0.1,0.00927,0.033251
P02,stack,1,13800,13825,25,0.1,0.009661,0.033441
P02,stack,1,13825,13850,25,0.1,0.00965,0.033521
P02,stack,1,13850,13875,25,0.1,0.01001,0.033821
P02,stack,1,13875,13900,25,0.1,0.00967,0.033891
P02,stack,1,13900,13925,25,0.1,0.00959,0.033791
P02,stack,1,13925,13950,25,0.1,0.009551,0.033461
P02,stack,1,13950,13975,25,0.1,0.0097,0.033431
P02,stack,1,13975,14000,25,0.1,0.00959,0.033481
P02,stack,1,14000,14025,25,0.1,0.00966,0.033961
P02,stack,1,14025,14050,25,0.1,0.00985,0.033631
P02,stack,1,14050,14075,25,0.1,0.009531,0.033191
P02,stack,1,14075,14100,25,0.1,0.00958,0.033281
P02,stack,1,14100,14125,25,0.1,0.00934,0.033401
P02,stack,1,14125,14150,25,0.1,0.00947,0.033241
P02,stack,1,14150,14175,25,0.1,0.019471,0.037901
P02,stack,1,14175,14200,25,0.1,0.0097,0.033661
P02,stack,1,14200,14225,25,0.1,0.0096,0.033881
P02,stack,1,14225,14250,25,0.1,0.00964,0.033831
P02,stack,1,14250,14275,25,0.1,0.009571,0.033721
P02,stack,1,14275,14300,25,0.1,0.00952,0.033881
P02,stack,1,14300,14325,25,0.1,0.00958,0.033691
P02,stack,1,14325,14350,25,0.1,0.00936,0.033851
P02,stack,1,14350,14375,25,0.1,0.00973,0.033811
P02,stack,1,14375,14400,25,0.1,0.009571,0.033511
P02,stack,1,14400,14425,25,0.1,0.00934,0.033511
P02,stack,1,14425,14450,25,0.1,0.00943,0.033561
P02,stack,1,14450,14475,25,0.1,0.00934,0.033251
P02,stack,1,14475,14500,25,0.1,0.00979,0.033851
P02,stack,1,14500,14525,25,0.1,0.009631,0.03372
P02,stack,1,14525,14550,25,0.1,0.00949,0.033401
P02,stack,1,14550,14575,25,0.1,0.00949,0.033871
P02,stack,1,14575,14600,25,0.1,0.00964,0.033671
P02,stack,1,14600,14625,25,0.1,0.00947,0.033251
P02,stack,1,14625,14650,25,0.1,0.009641,0.03374
P02,stack,1,14650,14675,25,0.1,0.009451,0.033341
P02,stack,1,14675,14700,25,0.1,0.00947,0.033371
P02,stack,1,14700,14725,25,0.1,0.00953,0.033551
P02,stack,1,14725,14750,25,0.1,0.00952,0.033261
P02,stack,1,14750,14775,25,0.1,0.009521,0.03342
P02,stack,1,14775,14800,25,0.1,0.009551,0.033501
P02,stack,1,14800,14825,25,0.1,0.00958,0.033641
P02,stack,1,14825,14850,25,0.1,0.00958,0.033531
P02,stack,1,14850,14875,25,0.1,0.00957,0.033401
P02,stack,1,14875,14900,25,0.1,0.009491,0.03377
P02,stack,1,14900,14925,25,0.1,0.009531,0.033621
P02,stack,1,14925,14950,25,0.1,0.00949,0.033481
P02,stack,1,14950,14975,25,0.1,0.00961,0.033691
P02,stack,1,14975,15000,25,0.1,0.00953,0.033431
P02,stack,1,15000,15025,25,0.1,0.00947,0.033671
P02,stack,1,15025,15050,25,0.1,0.009431,0.033411
P02,stack,1,15050,15075,25,0.1,0.00954,0.033201
P02,stack,1,15075,15100,25,0.1,0.00948,0.033651
P02,stack,1,15100,15125,25,0.1,0.00957,0.033741
P02,stack,1,15125,15150,25,0.1,0.00941,0.033541
P02,stack,1,15150,15175,25,0.1,0.009491,0.033351
P02,stack,1,15175,15200,25,0.1,0.00951,0.033111
P02,stack,1,15200,15225,25,0.1,0.00943,0.033281
P02,stack,1,15225,15250,25,0.1,0.00956,0.033481
P02,stack,1,15250,15275,25,0.1,0.00934,0.033331
P02,stack,1,15275,15300,25,0.1,0.009531,0.0334
P02,stack,1,15300,15325,25,0.1,0.00937,0.033641
P02,stack,1,15325,15350,25,0.1,0.00957,0.033191
P02,stack,1,15350,15375,25,0.1,0.00962,0.033371
P02,stack,1,15375,15400,25,0.1,0.00952,0.033591
P02,stack,1,15400,15425,25,0.1,0.009571,0.03379
P02,stack,1,15425,15450,25,0.1,0.009611,0.033761
P02,stack,1,15450,15475,25,0.1,0.00965,0.033671
P02,stack,1,15475,15500,25,0.1,0.00936,0.033401
P02,stack,1,15500,15525,25,0.1,0.00966,0.033491
P02,stack,1,15525,15550,25,0.1,0.009351,0.03359
P02,stack,1,15550,15575,25,0.1,0.009481,0.033691
P02,stack,1,15575,15600,25,0.1,0.00949,0.033991
P02,stack,1,15600,15625,25,0.1,0.00951,0.033861
P02,stack,1,15625,15650,25,0.1,0.00956,0.034231
P02,stack,1,15650,15675,25,0.1,0.009621,0.03413
P02,stack,1,15675,15700,25,0.1,0.009731,0.034131
P02,stack,1,15700,15725,25,0.1,0.00975,0.033651
P02,stack,1,15725,15750,25,0.1,0.00955,0.034011
P02,stack,1,15750,15775,25,0.1,0.00961,0.033811
P02,stack,1,15775,15800,25,0.1,0.009521,0.033881
P02,stack,1,15800,15825,25,0.1,0.00935,0.033661
P02,stack,1,15825,15850,25,0.1,0.00963,0.034111
P02,stack,1,15850,15875,25,0.1,0.0098,0.034131
P02,stack,1,15875,15900,25,0.1,0.00972,0.033681
P02,stack,1,15900,15925,25,0.1,0.009651,0.034101
P02,stack,1,15925,15950,25,0.1,0.00962,0.033951
P02,stack,1,15950,15975,25,0.1,0.00967,0.034001
P02,stack,1,15975,16000,25,0.1,0.00954,0.034031
P02,stack,1,16000,16025,25,0.1,0.00955,0.033881
P02,stack,1,16025,16050,25,0.1,0.009591,0.034101
P02,stack,1,16050,16075,25,0.1,0.00961,0.034161
P02,stack,1,16075,16100,25,0.1,0.00972,0.033681
P02,stack,1,16100,16125,25,0.1,0.00943,0.033791
P02,stack,1,16125,16150,25,0.1,0.0097,0.034111
P02,stack,1,16150,16175,25,0.1,0.009671,0.033611
P02,stack,1,16175,16200,25,0.1,0.00979,0.033791
P02,stack,1,16200,16225,25,0.1,0.00983,0.033791
P02,stack,1,16225,16250,25,0.1,0.00952,0.034241
P02,stack,1,16250,16275,25,0.1,0.009711,0.03356
P02,stack,1,16275,16300,25,0.1,0.009601,0.033661
P02,stack,1,16300,16325,25,0.1,0.00975,0.033781
P02,stack,1,16325,16350,25,0.1,0.00988,0.033611
P02,stack,1,16350,16375,25,0.1,0.00961,0.034241
P02,stack,1,16375,16400,25,0.1,0.009671,0.061601
P02,stack,1,16400,16425,25,0.1,0.012281,0.036411
P02,stack,1,16425,16450,25,0.1,0.00996,0.034191
P02,stack,1,16450,16475,25,0.1,0.00972,0.033861
P02,stack,1,16475,16500,25,0.1,0.00954,0.033931
P02,stack,1,16500,16525,25,0.1,0.009731,0.033921
P02,stack,1,16525,16550,25,0.1,0.00975,0.034381
P02,stack,1,16550,16575,25,0.1,0.0096,0.033861
P02,stack,1,16575,16600,25,0.1,0.00961,0.034081
P02,stack,1,16600,16625,25,0.1,0.009461,0.03414
P02,stack,1,16625,16650,25,0.1,0.00963,0.033901
P02,stack,1,16650,16675,25,0.1,0.00967,0.034041
P02,stack,1,16675,16700,25,0.1,0.00969,0.033861
P02,stack,1,16700,16725,25,0.1,0.00951,0.033831
P02,stack,1,16725,16750,25,0.1,0.009551,0.033471
P02,stack,1,16750,16775,25,0.1,0.00947,0.033531
P02,stack,1,16775,16800,25,0.1,0.00947,0.034351
P02,stack,1,16800,16825,25,0.1,0.00964,0.034441
P02,stack,1,16825,16850,25,0.1,0.009731,0.034361
P02,stack,1,16850,16875,25,0.1,0.00964,0.033911
P02,stack,1,16875,16900,25,0.1,0.00968,0.034041
P02,stack,1,16900,16925,25,0.1,0.00964,0.034181
P02,stack,1,16925,16950,25,0.1,0.009581,0.03388
P02,stack,1,16950,16975,25,0.1,0.009381,0.033691
P02,stack,1,16975,17000,25,0.1,0.00965,0.033891
P02,stack,1,17000,17025,25,0.1,0.00986,0.033671
P02,stack,1,17025,17050,25,0.1,0.0095,0.033891
P02,stack,1,17050,17075,25,0.1,0.009611,0.033801
P02,stack,1,17075,17100,25,0.1,0.0096,0.033951
P02,stack,1,17100,17125,25,0.1,0.00961,0.034521
P02,stack,1,17125,17150,25,0.1,0.00959,0.033941
P02,stack,1,17150,17175,25,0.1,0.009601,0.034181
P02,stack,1,17175,17200,25,0.1,0.00951,0.034501
P02,stack,1,17200,17225,25,0.1,0.00954,0.034031
P02,stack,1,17225,17250,25,0.1,0.00951,0.033701
P02,stack,1,17250,17275,25,0.1,0.00945,0.033761
P02,stack,1,17275,17300,25,0.1,0.009531,0.033581
P02,stack,1,17300,17325,25,0.1,0.00946,0.033491
P02,stack,1,17325,17350,25,0.1,0.00958,0.034291
P02,stack,1,17350,17375,25,0.1,0.00979,0.034221
P02,stack,1,17375,17400,25,0.1,0.009651,0.033651
P02,stack,1,17400,17425,25,0.1,0.00954,0.061332
P02,stack,1,17425,17450,25,0.1,0.01301,0.036551
P02,stack,1,17450,17475,25,0.1,0.00986,0.034741
P02,stack,1,17475,17500,25,0.1,0.00976,0.034401
P02,stack,1,17500,17525,25,0.1,0.009691,0.034081
P02,stack,1,17525,17550,25,0.1,0.00957,0.034221
P02,stack,1,17550,17575,25,0.1,0.0097,0.034641
P02,stack,1,17575,17600,25,0.1,0.00974,0.034191
P02,stack,1,17600,17625,25,0.1,0.009561,0.034281
P02,stack,1,17625,17650,25,0.1,0.00956,0.034241
P02,stack,1,17650,17675,25,0.1,0.0097,0.034401
P02,stack,1,17675,17700,25,0.1,0.00974,0.034071
P02,stack,1,17700,17725,25,0.1,0.009681,0.033991
P02,stack,1,17725,17750,25,0.1,0.00968,0.033851
P02,stack,1,17750,17775,25,0.1,0.00978,0.034571
P02,stack,1,17775,17800,25,0.1,0.00985,0.034301
P02,stack,1,17800,17825,25,0.1,0.009731,0.034161
P02,stack,1,17825,17850,25,0.1,0.00972,0.033891
P02,stack,1,17850,17875,25,0.1,0.00987,0.034531
P02,stack,1,17875,17900,25,0.1,0.00986,0.034381
P02,stack,1,17900,17925,25,0.1,0.009751,0.034191
P02,stack,1,17925,17950,25,0.1,0.00973,0.033561
P02,stack,1,17950,17975,25,0.1,0.00946,0.034351
P02,stack,1,17975,18000,25,0.1,0.00959,0.034221
P02,stack,1,18000,18025,25,0.1,0.00962,0.034131
P02,stack,1,18025,18050,25,0.1,0.009591,0.033941
P02,stack,1,18050,18075,25,0.1,0.0096,0.034271
P02,stack,1,18075,18100,25,0.1,0.00977,0.033901
P02,stack,1,18100,18125,25,0.1,0.00969,0.034341
P02,stack,1,18125,18150,25,0.1,0.009701,0.033521
P02,stack,1,18150,18175,25,0.1,0.00979,0.034451
P02,stack,1,18175,18200,25,0.1,0.00943,0.034351
P02,stack,1,18200,18225,25,0.1,0.00978,0.034041
P02,stack,1,18225,18250,25,0.1,0.009691,0.034081
P02,stack,1,18250,18275,25,0.1,0.00964,0.034231
P02,stack,1,18275,18300,25,0.1,0.00972,0.033761
P02,stack,1,18300,18325,25,0.1,0.00967,0.033981
P02,stack,1,18325,18350,25,0.1,0.009741,0.03391
P02,stack,1,18350,18375,25,0.1,0.00975,0.034571
P02,stack,1,18375,18400,25,0.1,0.00967,0.034441
P02,stack,1,18400,18425,25,0.1,0.00962,0.034291
P02,stack,1,18425,18450,25,0.1,0.009711,0.03455
P02,stack,1,18450,18475,25,0.1,0.009731,0.034321
P02,stack,1,18475,18500,25,0.1,0.00964,0.034111
P02,stack,1,18500,18525,25,0.1,0.00973,0.034331
P02,stack,1,18525,18550,25,0.1,0.00973,0.034271
P02,stack,1,18550,18575,25,0.1,0.009851,0.034711
P02,stack,1,18575,18600,25,0.1,0.02735,0.037381
P02,stack,1,18600,18625,25,0.1,0.010071,0.034711
P02,stack,1,18625,18650,25,0.1,0.00971,0.034021
P02,stack,1,18650,18675,25,0.1,0.00985,0.034441
P02,stack,1,18675,18700,25,0.1,0.00969,0.034401
P02,stack,1,18700,18725,25,0.1,0.009501,0.034241
P02,stack,1,18725,18750,25,0.1,0.00957,0.034001
P02,stack,1,18750,18775,25,0.1,0.00959,0.033761
P02,stack,1,18775,18800,25,0.1,0.00967,0.033991
P02,stack,1,18800,18825,25,0.1,0.009631,0.03427
P02,stack,1,18825,18850,25,0.1,0.009671,0.034091
P02,stack,1,18850,18875,25,0.1,0.00959,0.033991
P02,stack,1,18875,18900,25,0.1,0.00971,0.033941
P02,stack,1,18900,18925,25,0.1,0.00976,0.034391
P02,stack,1,18925,18950,25,0.1,0.009731,0.034461
P02,stack,1,18950,18975,25,0.1,0.00988,0.034441
P02,stack,1,18975,19000,25,0.1,0.00975,0.034731
P02,stack,1,19000,19025,25,0.1,0.0098,0.033991
P02,stack,1,19025,19050,25,0.1,0.009891,0.03393
P02,stack,1,19050,19075,25,0.1,0.009701,0.034311
P02,stack,1,19075,19100,25,0.1,0.00976,0.034481
P02,stack,1,19100,19125,25,0.1,0.00969,0.033951
P02,stack,1,19125,19150,25,0.1,0.00973,0.034351
P02,stack,1,19150,19175,25,0.1,0.009551,0.034131
P02,stack,1,19175,19200,25,0.1,0.00961,0.034531
P02,stack,1,19200,19225,25,0.1,0.00981,0.034641
P02,stack,1,19225,19250,25,0.1,0.00974,0.033981
P02,stack,1,19250,19275,25,0.1,0.009491,0.03395
P02,stack,1,19275,19300,25,0.1,0.009781,0.034071
P02,stack,1,19300,19325,25,0.1,0.00985,0.034741
P02,stack,1,19325,19350,25,0.1,0.00968,0.033941
P02,stack,1,19350,19375,25,0.1,0.00974,0.033861
P02,stack,1,19375,19400,25,0.1,0.009551,0.034181
P02,stack,1,19400,19425,25,0.1,0.0097,0.034051
P02,stack,1,19425,19450,25,0.1,0.00963,0.033951
P02,stack,1,19450,19475,25,0.1,0.00977,0.034091
P02,stack,1,19475,19500,25,0.1,0.00966,0.033871
P02,stack,1,19500,19525,25,0.1,0.009601,0.033971
P02,stack,1,19525,19550,25,0.1,0.0096,0.033901
P02,stack,1,19550,19575,25,0.1,0.00969,0.034121
P02,stack,1,19575,19600,25,0.1,0.00972,0.034141
P02,stack,1,19600,19625,25,0.1,0.00947,0.034281
P02,stack,1,19625,19650,25,0.1,0.009601,0.033821
P02,stack,1,19650,19675,25,0.1,0.00959,0.034061
P02,stack,1,19675,19700,25,0.1,0.00986,0.033721
P02,stack,1,19700,19725,25,0.1,0.00976,0.034151
P02,stack,1,19725,19750,25,0.1,0.009531,0.0343
P02,stack,1,19750,19775,25,0.1,0.0096,0.034071
P02,stack,1,19775,19800,25,0.1,0.00976,0.034161
P02,stack,1,19800,19825,25,0.1,0.00965,0.034241
P02,stack,1,19825,19850,25,0.1,0.00985,0.034291
P02,stack,1,19850,19875,25,0.1,0.009711,0.034691
P02,stack,1,19875,19900,25,0.1,0.00965,0.034091
P02,stack,1,19900,19925,25,0.1,0.00955,0.034461
P02,stack,1,19925,19950,25,0.1,0.00952,0.034351
P02,stack,1,19950,19975,25,0.1,0.009741,0.03403
P02,stack,1,19975,20000,25,0.1,0.009741,0.034301
P02,stack,1,20000,20025,25,0.1,0.00966,0.033961
P02,stack,1,20025,20050,25,0.1,0.00966,0.034151
P02,stack,1,20050,20075,25,0.1,0.00966,0.034031
P02,stack,1,20075,20100,25,0.1,0.009741,0.034251
P02,stack,1,20100,20125,25,0.1,0.00961,0.034391
P02,stack,1,20125,20150,25,0.1,0.00966,0.034261
P02,stack,1,20150,20175,25,0.1,0.00973,0.034451
P02,stack,1,20175,20200,25,0.1,0.00953,0.033661
P02,stack,1,20200,20225,25,0.1,0.009671,0.034331
P02,stack,1,20225,20250,25,0.1,0.00982,0.034431
P02,stack,1,20250,20275,25,0.1,0.00971,0.034511
P02,stack,1,20275,20300,25,0.1,0.00977,0.034611
P02,stack,1,20300,20325,25,0.1,0.009921,0.033951
P02,stack,1,20325,20350,25,0.1,0.00979,0.034271
P02,stack,1,20350,20375,25,0.1,0.0097,0.034061
P02,stack,1,20375,20400,25,0.1,0.00975,0.034041
P02,stack,1,20400,20425,25,0.1,0.00973,0.034391
P02,stack,1,20425,20450,25,0.1,0.009691,0.034331
P02,stack,1,20450,20475,25,0.1,0.00967,0.034201
P02,stack,1,20475,20500,25,0.1,0.00973,0.034111
P02,stack,1,20500,20525,25,0.1,0.00966,0.034171
P02,stack,1,20525,20550,25,0.1,0.009751,0.03417
P02,stack,1,20550,20575,25,0.1,0.00973,0.034411
P02,stack,1,20575,20600,25,0.1,0.00971,0.034221
P02,stack,1,20600,20625,25,0.1,0.00974,0.033731
P02,stack,1,20625,20650,25,0.1,0.00953,0.034031
P02,stack,1,20650,20675,25,0.1,0.009591,0.034011
P02,stack,1,20675,20700,25,0.1,0.00974,0.034001
P02,stack,1,20700,20725,25,0.1,0.0097,0.033811
P02,stack,1,20725,20750,25,0.1,0.00968,0.034061
P02,stack,1,20750,20775,25,0.1,0.00975,0.034101
P02,stack,1,20775,20800,25,0.1,0.009711,0.070882
P02,stack,1,20800,20825,25,0.1,0.01154,0.035521
P02,stack,1,20825,20850,25,0.1,0.0099,0.034321
P02,stack,1,20850,20875,25,0.1,0.00969,0.033811
P02,stack,1,20875,20900,25,0.1,0.009571,0.033971
P02,stack,1,20900,20925,25,0.1,0.00976,0.034111
P02,stack,1,20925,20950,25,0.1,0.00976,0.034391
P02,stack,1,20950,20975,25,0.1,0.00975,0.034551
P02,stack,1,20975,21000,25,0.1,0.009671,0.03377
P02,stack,1,21000,21025,25,0.1,0.009621,0.037091
P02,stack,1,21025,21050,25,0.1,0.01138,0.035171
P02,stack,1,21050,21075,25,0.1,0.00973,0.034141
P02,stack,1,21075,21100,25,0.1,0.009671,0.03379
P02,stack,1,21100,21125,25,0.1,0.009691,0.033861
P02,stack,1,21125,21150,25,0.1,0.00986,0.034011
P02,stack,1,21150,21175,25,0.1,0.00969,0.034261
P02,stack,1,21175,21200,25,0.1,0.00978,0.034261
P02,stack,1,21200,21225,25,0.1,0.009681,0.034001
P02,stack,1,21225,21250,25,0.1,0.00974,0.034521
P02,stack,1,21250,21275,25,0.1,0.00978,0.033921
P02,stack,1,21275,21300,25,0.1,0.00971,0.033861
P02,stack,1,21300,21325,25,0.1,0.00986,0.03423
P02,stack,1,21325,21350,25,0.1,0.009601,0.033741
P02,stack,1,21350,21375,25,0.1,0.00953,0.033841
P02,stack,1,21375,21400,25,0.1,0.00952,0.034121
P02,stack,1,21400,21425,25,0.1,0.00968,0.034381
P02,stack,1,21425,21450,25,0.1,0.009631,0.03417
P02,stack,1,21450,21475,25,0.1,0.00981,0.034451
P02,stack,1,21475,21500,25,0.1,0.00972,0.033711
P02,stack,1,21500,21525,25,0.1,0.00978,0.033811
P02,stack,1,21525,21550,25,0.1,0.00982,0.034101
P02,stack,1,21550,21575,25,0.1,0.009751,0.034011
P02,stack,1,21575,21600,25,0.1,0.00968,0.033721
P02,stack,1,21600,21625,25,0.1,0.00952,0.034131
P02,stack,1,21625,21650,25,0.1,0.00964,0.034501
P02,stack,1,21650,21675,25,0.1,0.009641,0.0344
P02,stack,1,21675,21700,25,0.1,0.009721,0.034141
P02,stack,1,21700,21725,25,0.1,0.00965,0.034581
P02,stack,1,21725,21750,25,0.1,0.00964,0.034321
P02,stack,1,21750,21775,25,0.1,0.00966,0.034201
P02,stack,1,21775,21800,25,0.1,0.009671,0.033851
P02,stack,1,21800,21825,25,0.1,0.00957,0.034271
P02,stack,1,21825,21850,25,0.1,0.0096,0.033741
P02,stack,1,21850,21875,25,0.1,0.00968,0.034011
P02,stack,1,21875,21900,25,0.1,0.00955,0.033921
P02,stack,1,21900,21925,25,0.1,0.009661,0.034011
P02,stack,1,21925,21950,25,0.1,0.00966,0.033881
P02,stack,1,21950,21975,25,0.1,0.00969,0.033761
P02,stack,1,21975,22000,25,0.1,0.00983,0.033961
P02,stack,1,22000,22025,25,0.1,0.009621,0.03414
P02,stack,1,22025,22050,25,0.1,0.009821,0.033981
P02,stack,1,22050,22075,25,0.1,0.00961,0.034611
P02,stack,1,22075,22100,25,0.1,0.00966,0.034261
P02,stack,1,22100,22125,25,0.1,0.00974,0.034101
P02,stack,1,22125,22150,25,0.1,0.009661,0.033921
P02,stack,1,22150,22175,25,0.1,0.00976,0.034191
P02,stack,1,22175,22200,25,0.1,0.00966,0.033831
P02,stack,1,22200,22225,25,0.1,0.00964,0.034351
P02,stack,1,22225,22250,25,0.1,0.00969,0.034401
P02,stack,1,22250,22275,25,0.1,0.009661,0.033901
P02,stack,1,22275,22300,25,0.1,0.00975,0.033911
P02,stack,1,22300,22325,25,0.1,0.00968,0.033901
P02,stack,1,22325,22350,25,0.1,0.00973,0.033851
P02,stack,1,22350,22375,25,0.1,0.009791,0.03395
P02,stack,1,22375,22400,25,0.1,0.009741,0.034031
P02,stack,1,22400,22425,25,0.1,0.00976,0.034281
P02,stack,1,22425,22450,25,0.1,0.00979,0.034131
P02,stack,1,22450,22475,25,0.1,0.00957,0.034011
P02,stack,1,22475,22500,25,0.1,0.009821,0.033791
P02,stack,1,22500,22525,25,0.1,0.00969,0.033681
P02,stack,1,22525,22550,25,0.1,0.0095,0.033951
P02,stack,1,22550,22575,25,0.1,0.00962,0.033671
P02,stack,1,22575,22600,25,0.1,0.00961,0.034121
P02,stack,1,22600,22625,25,0.1,0.009631,0.033651
P02,stack,1,22625,22650,25,0.1,0.00968,0.033871
P02,stack,1,22650,22675,25,0.1,0.00948,0.033731
P02,stack,1,22675,22700,25,0.1,0.00962,0.033691
P02,stack,1,22700,22725,25,0.1,0.00999,0.033621
P02,stack,1,22725,22750,25,0.1,0.009611,0.033621
P02,stack,1,22750,22775,25,0.1,0.00976,0.034041
P02,stack,1,22775,22800,25,0.1,0.00961,0.033641
P02,stack,1,22800,22825,25,0.1,0.00984,0.034291
P02,stack,1,22825,22850,25,0.1,0.009721,0.03354
P02,stack,1,22850,22875,25,0.1,0.009711,0.033781
P02,stack,1,22875,22900,25,0.1,0.00952,0.033791
P02,stack,1,22900,22925,25,0.1,0.00976,0.034081
P02,stack,1,22925,22950,25,0.1,0.00974,0.033811
P02,stack,1,22950,22975,25,0.1,0.009531,0.03385
P02,stack,1,22975,23000,25,0.1,0.009641,0.062901
P02,stack,1,23000,23025,25,0.1,0.01105,0.034941
P02,stack,1,23025,23050,25,0.1,0.01002,0.033841
P02,stack,1,23050,23075,25,0.1,0.00964,0.033881
P02,stack,1,23075,23100,25,0.1,0.009521,0.03371
P02,stack,1,23100,23125,25,0.1,0.00971,0.033641
P02,stack,1,23125,23150,25,0.1,0.00963,0.033901
P02,stack,1,23150,23175,25,0.1,0.00965,0.034351
P02,stack,1,23175,23200,25,0.1,0.00982,0.034061
P02,stack,1,23200,23225,25,0.1,0.009511,0.034121
P02,stack,1,23225,23250,25,0.1,0.00964,0.033911
P02,stack,1,23250,23275,25,0.1,0.00979,0.034621
P02,stack,1,23275,23300,25,0.1,0.00981,0.034111
P02,stack,1,23300,23325,25,0.1,0.009771,0.034261
P02,stack,1,23325,23350,25,0.1,0.00974,0.034001
P02,stack,1,23350,23375,25,0.1,0.00972,0.033741
P02,stack,1,23375,23400,25,0.1,0.00981,0.033911
P02,stack,1,23400,23425,25,0.1,0.009801,0.034011
P02,stack,1,23425,23450,25,0.1,0.0097,0.034361
P02,stack,1,23450,23475,25,0.1,0.00985,0.034341
P02,stack,1,23475,23500,25,0.1,0.00978,0.034261
P02,stack,1,23500,23525,25,0.1,0.009721,0.034291
P02,stack,1,23525,23550,25,0.1,0.00954,0.033811
P02,stack,1,23550,23575,25,0.1,0.00975,0.034241
P02,stack,1,23575,23600,25,0.1,0.0097,0.033941
P02,stack,1,23600,23625,25,0.1,0.009511,0.03397
P02,stack,1,23625,23650,25,0.1,0.009731,0.034001
P02,stack,1,23650,23675,25,0.1,0.00959,0.033911
P02,stack,1,23675,23700,25,0.1,0.00966,0.033811
P02,stack,1,23700,23725,25,0.1,0.00961,0.033791
P02,stack,1,23725,23750,25,0.1,0.009581,0.033591
P02,stack,1,23750,23775,25,0.1,0.00965,0.034331
P02,stack,1,23775,23800,25,0.1,0.00967,0.033961
P02,stack,1,23800,23825,25,0.1,0.0096,0.034111
P02,stack,1,23825,23850,25,0.1,0.009601,0.033961
P02,stack,1,23850,23875,25,0.1,0.0097,0.034261
P02,stack,1,23875,23900,25,0.1,0.00966,0.033821
P02,stack,1,23900,23925,25,0.1,0.00966,0.034151
P02,stack,1,23925,23950,25,0.1,0.009661,0.03421
P02,stack,1,23950,23975,25,0.1,0.009631,0.033681
P02,stack,1,23975,24000,25,0.1,0.00978,0.033841
P02,stack,1,24000,24025,25,0.1,0.00977,0.033971
P02,stack,1,24025,24050,25,0.1,0.00986,0.034021
P02,stack,1,24050,24075,25,0.1,0.009731,0.034291
P02,stack,1,24075,24100,25,0.1,0.00972,0.034001
P02,stack,1,24100,24125,25,0.1,0.00976,0.033901
P02,stack,1,24125,24150,25,0.1,0.00958,0.033671
P02,stack,1,24150,24175,25,0.1,0.009611,0.033701
P02,stack,1,24175,24200,25,0.1,0.00971,0.033901
P02,stack,1,24200,24225,25,0.1,0.00988,0.034071
P02,stack,1,24225,24250,25,0.1,0.00972,0.034051
P02,stack,1,24250,24275,25,0.1,0.009661,0.03432
P02,stack,1,24275,24300,25,0.1,0.009641,0.033631
P02,stack,1,24300,24325,25,0.1,0.00967,0.034181
P02,stack,1,24325,24350,25,0.1,0.00971,0.034181
P02,stack,1,24350,24375,25,0.1,0.00959,0.034351
P02,stack,1,24375,24400,25,0.1,0.009671,0.033981
P02,stack,1,24400,24425,25,0.1,0.00934,0.034151
P02,stack,1,24425,24450,25,0.1,0.00975,0.033981
P02,stack,1,24450,24475,25,0.1,0.00965,0.034211
P02,stack,1,24475,24500,25,0.1,0.009571,0.033781
P02,stack,1,24500,24525,25,0.1,0.00972,0.033891
P02,stack,1,24525,24550,25,0.1,0.00977,0.033811
P02,stack,1,24550,24575,25,0.1,0.00965,0.033871
P02,stack,1,24575,24600,25,0.1,0.009761,0.03372
P02,stack,1,24600,24625,25,0.1,0.00961,0.034001
P02,stack,1,24625,24650,25,0.1,0.00965,0.033961
P02,stack,1,24650,24675,25,0.1,0.00955,0.033641
P02,stack,1,24675,24700,25,0.1,0.0096,0.033771
P02,stack,1,24700,24725,25,0.1,0.009611,0.033871
P02,stack,1,24725,24750,25,0.1,0.00969,0.033611
P02,stack,1,24750,24775,25,0.1,0.00937,0.034141
P02,stack,1,24775,24800,25,0.1,0.00956,0.033671
P02,stack,1,24800,24825,25,0.1,0.009631,0.033911
P02,stack,1,24825,24850,25,0.1,0.00964,0.033781
P02,stack,1,24850,24875,25,0.1,0.00962,0.034151
P02,stack,1,24875,24900,25,0.1,0.0097,0.034131
P02,stack,1,24900,24925,25,0.1,0.009681,0.03435
P02,stack,1,24925,24950,25,0.1,0.00969,0.034141
P02,stack,1,24950,24975,25,0.1,0.00978,0.033711
P02,stack,1,24975,25000,25,0.1,0.00982,0.033981
P02,stack,1,25000,25025,25,0.1,0.00982,0.034231
P02,stack,1,25025,25050,25,0.1,0.009821,0.034241
P02,stack,1,25050,25075,25,0.1,0.00967,0.033841
P02,stack,1,25075,25100,25,0.1,0.0096,0.033691
P02,stack,1,25100,25125,25,0.1,0.00983,0.034001
P02,stack,1,25125,25150,25,0.1,0.009621,0.033871
P02,stack,1,25150,25175,25,0.1,0.00978,0.033941
P02,stack,1,25175,25200,25,0.1,0.00965,0.048301
P02,stack,1,25200,25225,25,0.1,0.014321,0.037971
P02,stack,1,25225,25250,25,0.1,0.01012,0.034491
P02,stack,1,25250,25275,25,0.1,0.00973,0.034341
P02,stack,1,25275,25300,25,0.1,0.009851,0.034061
P02,stack,1,25300,25325,25,0.1,0.00975,0.034431
P02,stack,1,25325,25350,25,0.1,0.00991,0.033631
P02,stack,1,25350,25375,25,0.1,0.00972,0.034321
P02,stack,1,25375,25400,25,0.1,0.009721,0.03467
P02,stack,1,25400,25425,25,0.1,0.009691,0.034601
P02,stack,1,25425,25450,25,0.1,0.00967,0.034311
P02,stack,1,25450,25475,25,0.1,0.00958,0.034471
P02,stack,1,25475,25500,25,0.1,0.00965,0.034201
P02,stack,1,25500,25525,25,0.1,0.009661,0.033821
P02,stack,1,25525,25550,25,0.1,0.00988,0.033981
P02,stack,1,25550,25575,25,0.1,0.00977,0.034011
P02,stack,1,25575,25600,25,0.1,0.00968,0.034151
P02,stack,1,25600,25625,25,0.1,0.00956,0.034331
P02,stack,1,25625,25650,25,0.1,0.009551,0.034261
P02,stack,1,25650,25675,25,0.1,0.00977,0.034611
P02,stack,1,25675,25700,25,0.1,0.00976,0.034341
P02,stack,1,25700,25725,25,0.1,0.00964,0.034821
P02,stack,1,25725,25750,25,0.1,0.009671,0.034111
P02,stack,1,25750,25775,25,0.1,0.00974,0.034401
P02,stack,1,25775,25800,25,0.1,0.00992,0.034071
P02,stack,1,25800,25825,25,0.1,0.00953,0.034161
P02,stack,1,25825,25850,25,0.1,0.00974,0.034171
P02,stack,1,25850,25875,25,0.1,0.009741,0.034321
P02,stack,1,25875,25900,25,0.1,0.00971,0.034341
P02,stack,1,25900,25925,25,0.1,0.00964,0.034261
P02,stack,1,25925,25950,25,0.1,0.00973,0.033701
P02,stack,1,25950,25975,25,0.1,0.009711,0.03402
P02,stack,1,25975,26000,25,0.1,0.00972,0.034051
P02,stack,1,26000,26025,25,0.1,0.00973,0.034211
P02,stack,1,26025,26050,25,0.1,0.00978,0.034121
P02,stack,1,26050,26075,25,0.1,0.00968,0.034081
P02,stack,1,26075,26100,25,0.1,0.009751,0.034311
P02,stack,1,26100,26125,25,0.1,0.00973,0.033851
P02,stack,1,26125,26150,25,0.1,0.00977,0.034291
P02,stack,1,26150,26175,25,0.1,0.00961,0.034421
P02,stack,1,26175,26200,25,0.1,0.009821,0.03421
P02,stack,1,26200,26225,25,0.1,0.009701,0.033901
P02,stack,1,26225,26250,25,0.1,0.00981,0.033961
P02,stack,1,26250,26275,25,0.1,0.00962,0.034731
P02,stack,1,26275,26300,25,0.1,0.00978,0.034171
P02,stack,1,26300,26325,25,0.1,0.009721,0.034131
P02,stack,1,26325,26350,25,0.1,0.0095,0.033951
P02,stack,1,26350,26375,25,0.1,0.00957,0.034121
P02,stack,1,26375,26400,25,0.1,0.00962,0.033801
P02,stack,1,26400,26425,25,0.1,0.00964,0.034241
P02,stack,1,26425,26450,25,0.1,0.009741,0.034021
P02,stack,1,26450,26475,25,0.1,0.00954,0.034021
P02,stack,1,26475,26500,25,0.1,0.00966,0.033691
P02,stack,1,26500,26525,25,0.1,0.00973,0.034071
P02,stack,1,26525,26550,25,0.1,0.009791,0.03411
P02,stack,1,26550,26575,25,0.1,0.009731,0.034031
P02,stack,1,26575,26600,25,0.1,0.00971,0.033991
P02,stack,1,26600,26625,25,0.1,0.0096,0.034021
P02,stack,1,26625,26650,25,0.1,0.00963,0.034381
P02,stack,1,26650,26675,25,0.1,0.009701,0.034831
P02,stack,1,26675,26700,25,0.1,0.00976,0.034561
P02,stack,1,26700,26725,25,0.1,0.00969,0.034871
P02,stack,1,26725,26750,25,0.1,0.00977,0.034301
P02,stack,1,26750,26775,25,0.1,0.009691,0.03427
P02,stack,1,26775,26800,25,0.1,0.00973,0.034511
P02,stack,1,26800,26825,25,0.1,0.00947,0.034461
P02,stack,1,26825,26850,25,0.1,0.00959,0.034101
P02,stack,1,26850,26875,25,0.1,0.00967,0.034191
P02,stack,1,26875,26900,25,0.1,0.009711,0.034191
P02,stack,1,26900,26925,25,0.1,0.00953,0.034231
P02,stack,1,26925,26950,25,0.1,0.00977,0.034421
P02,stack,1,26950,26975,25,0.1,0.00975,0.034141
P02,stack,1,26975,27000,25,0.1,0.009861,0.03439
P02,stack,1,27000,27025,25,0.1,0.009611,0.034711
P02,stack,1,27025,27050,25,0.1,0.00959,0.034241
P02,stack,1,27050,27075,25,0.1,0.00972,0.034061
P02,stack,1,27075,27100,25,0.1,0.00973,0.033791
P02,stack,1,27100,27125,25,0.1,0.009741,0.034511
P02,stack,1,27125,27150,25,0.1,0.00971,0.034261
P02,stack,1,27150,27175,25,0.1,0.0097,0.034081
P02,stack,1,27175,27200,25,0.1,0.00962,0.034061
P02,stack,1,27200,27225,25,0.1,0.009721,0.03465
P02,stack,1,27225,27250,25,0.1,0.009681,0.034511
P02,stack,1,27250,27275,25,0.1,0.00988,0.034491
P02,stack,1,27275,27300,25,0.1,0.00978,0.034231
P02,stack,1,27300,27325,25,0.1,0.00974,0.034581
P02,stack,1,27325,27350,25,0.1,0.009671,0.034161
P02,stack,1,27350,27375,25,0.1,0.0096,0.034771
P02,stack,1,27375,27400,25,0.1,0.00987,0.083682
P02,stack,1,27400,27425,25,0.1,0.012311,0.036051
P02,stack,1,27425,27450,25,0.1,0.00999,0.034451
P02,stack,1,27450,27475,25,0.1,0.00967,0.034401
P02,stack,1,27475,27500,25,0.1,0.009801,0.034411
P02,stack,1,27500,27525,25,0.1,0.00984,0.034611
P02,stack,1,27525,27550,25,0.1,0.01005,0.034441
P02,stack,1,27550,27575,25,0.1,0.00975,0.034591
P02,stack,1,27575,27600,25,0.1,0.009691,0.034081
P02,stack,1,27600,27625,25,0.1,0.0098,0.034081
P02,stack,1,27625,27650,25,0.1,0.00974,0.034341
P02,stack,1,27650,27675,25,0.1,0.00976,0.034801
P02,stack,1,27675,27700,25,0.1,0.009791,0.034401
P02,stack,1,27700,27725,25,0.1,0.00972,0.033991
P02,stack,1,27725,27750,25,0.1,0.00971,0.034411
P02,stack,1,27750,27775,25,0.1,0.00968,0.034291
P02,stack,1,27775,27800,25,0.1,0.009681,0.03424
P02,stack,1,27800,27825,25,0.1,0.00984,0.034541
P02,stack,1,27825,27850,25,0.1,0.00996,0.034121
P02,stack,1,27850,27875,25,0.1,0.00968,0.034121
P02,stack,1,27875,27900,25,0.1,0.009701,0.03451
P02,stack,1,27900,27925,25,0.1,0.009701,0.034181
P02,stack,1,27925,27950,25,0.1,0.00975,0.034251
P02,stack,1,27950,27975,25,0.1,0.00982,0.033901
P02,stack,1,27975,28000,25,0.1,0.00965,0.034181
P02,stack,1,28000,28025,25,0.1,0.009681,0.033841
P02,stack,1,28025,28050,25,0.1,0.00955,0.033891
P02,stack,1,28050,28075,25,0.1,0.00979,0.034201
P02,stack,1,28075,28100,25,0.1,0.00958,0.034051
P02,stack,1,28100,28125,25,0.1,0.009721,0.034421
P02,stack,1,28125,28150,25,0.1,0.00972,0.034491
P02,stack,1,28150,28175,25,0.1,0.00954,0.034641
P02,stack,1,28175,28200,25,0.1,0.00954,0.034001
P02,stack,1,28200,28225,25,0.1,0.009771,0.034491
P02,stack,1,28225,28250,25,0.1,0.00969,0.034051
P02,stack,1,28250,28275,25,0.1,0.00979,0.034171
P02,stack,1,28275,28300,25,0.1,0.00961,0.033971
P02,stack,1,28300,28325,25,0.1,0.009561,0.03421
P02,stack,1,28325,28350,25,0.1,0.0096,0.033951
P02,stack,1,28350,28375,25,0.1,0.0098,0.034051
P02,stack,1,28375,28400,25,0.1,0.00963,0.034381
P02,stack,1,28400,28425,25,0.1,0.00957,0.033961
P02,stack,1,28425,28450,25,0.1,0.009631,0.034211
P02,stack,1,28450,28475,25,0.1,0.00953,0.034491
P02,stack,1,28475,28500,25,0.1,0.00966,0.033771
P02,stack,1,28500,28525,25,0.1,0.00975,0.034071
P02,stack,1,28525,28550,25,0.1,0.009681,0.034401
P02,stack,1,28550,28575,25,0.1,0.00965,0.034071
P02,stack,1,28575,28600,25,0.1,0.00966,0.034201
P02,stack,1,28600,28625,25,0.1,0.00967,0.034071
P02,stack,1,28625,28650,25,0.1,0.009541,0.034281
P02,stack,1,28650,28675,25,0.1,0.00978,0.034541
P02,stack,1,28675,28700,25,0.1,0.00974,0.034521
P02,stack,1,28700,28725,25,0.1,0.00994,0.034271
P02,stack,1,28725,28750,25,0.1,0.009651,0.034181
P02,stack,1,28750,28775,25,0.1,0.0097,0.033901
P02,stack,1,28775,28800,25,0.1,0.00968,0.034141
P02,stack,1,28800,28825,25,0.1,0.00945,0.034271
P02,stack,1,28825,28850,25,0.1,0.009531,0.03442
P02,stack,1,28850,28875,25,0.1,0.009711,0.034291
P02,stack,1,28875,28900,25,0.1,0.00967,0.034221
P02,stack,1,28900,28925,25,0.1,0.00971,0.034561
P02,stack,1,28925,28950,25,0.1,0.0096,0.034201
P02,stack,1,28950,28975,25,0.1,0.009641,0.034351
P02,stack,1,28975,29000,25,0.1,0.0097,0.034001
P02,stack,1,29000,29025,25,0.1,0.00961,0.034131
P02,stack,1,29025,29050,25,0.1,0.0098,0.033831
P02,stack,1,29050,29075,25,0.1,0.009591,0.034221
P02,stack,1,29075,29100,25,0.1,0.00966,0.033961
P02,stack,1,29100,29125,25,0.1,0.00978,0.034021
P02,stack,1,29125,29150,25,0.1,0.00961,0.034231
P02,stack,1,29150,29175,25,0.1,0.009721,0.034551
P02,stack,1,29175,29200,25,0.1,0.00957,0.033951
P02,stack,1,29200,29225,25,0.1,0.00975,0.033971
P02,stack,1,29225,29250,25,0.1,0.00938,0.034011
P02,stack,1,29250,29275,25,0.1,0.009551,0.03422
P02,stack,1,29275,29300,25,0.1,0.009481,0.034191
P02,stack,1,29300,29325,25,0.1,0.0095,0.034021
P02,stack,1,29325,29350,25,0.1,0.00966,0.034121
P02,stack,1,29350,29375,25,0.1,0.00967,0.034011
P02,stack,1,29375,29400,25,0.1,0.009381,0.034081
P02,stack,1,29400,29425,25,0.1,0.00954,0.034221
P02,stack,1,29425,29450,25,0.1,0.00952,0.033561
P02,stack,1,29450,29475,25,0.1,0.00944,0.034001
P02,stack,1,29475,29500,25,0.1,0.009441,0.034081
P02,stack,1,29500,29525,25,0.1,0.00952,0.034211
P02,stack,1,29525,29550,25,0.1,0.0098,0.034261
P02,stack,1,29550,29575,25,0.1,0.00954,0.034181
P02,stack,1,29575,29600,25,0.1,0.013491,0.038251
P02,stack,1,29600,29625,25,0.1,0.00991,0.034421
P02,stack,1,29625,29650,25,0.1,0.00958,0.034501
P02,stack,1,29650,29675,25,0.1,0.009711,0.034811
P02,stack,1,29675,29700,25,0.1,0.0094,0.034251
P02,stack,1,29700,29725,25,0.1,0.00956,0.034141
P02,stack,1,29725,29750,25,0.1,0.00956,0.033981
P02,stack,1,29750,29775,25,0.1,0.00975,0.034051
P02,stack,1,29775,29800,25,0.1,0.009411,0.034121
P02,stack,1,29800,29825,25,0.1,0.00957,0.034071
P02,stack,1,29825,29850,25,0.1,0.00951,0.033881
P02,stack,1,29850,29875,25,0.1,0.00968,0.034081
P02,stack,1,29875,29900,25,0.1,0.009561,0.03426
P02,stack,1,29900,29925,25,0.1,0.009631,0.034311
P02,stack,1,29925,29950,25,0.1,0.00959,0.034051
P02,stack,1,29950,29975,25,0.1,0.00967,0.034341
P02,stack,1,29975,30000,25,0.1,0.00932,0.034021
P02,stack,1,30000,30025,25,0.1,0.009601,0.034241
P02,stack,1,30025,30050,25,0.1,0.00968,0.033841
P02,stack,1,30050,30075,25,0.1,0.00959,0.034281
P02,stack,1,30075,30100,25,0.1,0.00965,0.034061
P02,stack,1,30100,30125,25,0.1,0.0094,0.033741
P02,stack,1,30125,30150,25,0.1,0.009541,0.033831
P02,stack,1,30150,30175,25,0.1,0.00964,0.034091
P02,stack,1,30175,30200,25,0.1,0.0096,0.033931
P02,stack,1,30200,30225,25,0.1,0.00936,0.034271
P02,stack,1,30225,30250,25,0.1,0.00968,0.034101
P02,stack,1,30250,30275,25,0.1,0.009631,0.034491
P02,stack,1,30275,30300,25,0.1,0.00958,0.034231
P02,stack,1,30300,30325,25,0.1,0.00956,0.034341
P02,stack,1,30325,30350,25,0.1,0.00972,0.034361
P02,stack,1,30350,30375,25,0.1,0.009641,0.034301
P02,stack,1,30375,30400,25,0.1,0.00954,0.034531
P02,stack,1,30400,30425,25,0.1,0.0096,0.034431
P02,stack,1,30425,30450,25,0.1,0.00948,0.033961
P02,stack,1,30450,30475,25,0.1,0.00957,0.034381
P02,stack,1,30475,30500,25,0.1,0.009651,0.033931
P02,stack,1,30500,30525,25,0.1,0.0095,0.034051
P02,stack,1,30525,30550,25,0.1,0.00963,0.033941
P02,stack,1,30550,30575,25,0.1,0.00967,0.033991
P02,stack,1,30575,30600,25,0.1,0.009621,0.03395
P02,stack,1,30600,30625,25,0.1,0.009791,0.034201
P02,stack,1,30625,30650,25,0.1,0.00956,0.034561
P02,stack,1,30650,30675,25,0.1,0.0096,0.033881
P02,stack,1,30675,30700,25,0.1,0.00959,0.033901
P02,stack,1,30700,30725,25,0.1,0.009621,0.034441
P02,stack,1,30725,30750,25,0.1,0.00973,0.034211
P02,stack,1,30750,30775,25,0.1,0.00961,0.034631
P02,stack,1,30775,30800,25,0.1,0.00958,0.033881
P02,stack,1,30800,30825,25,0.1,0.00965,0.034201
P02,stack,1,30825,30850,25,0.1,0.009711,0.034381
P02,stack,1,30850,30875,25,0.1,0.00965,0.034021
P02,stack,1,30875,30900,25,0.1,0.00959,0.033931
P02,stack,1,30900,30925,25,0.1,0.00963,0.034191
P02,stack,1,30925,30950,25,0.1,0.009721,0.03404
P02,stack,1,30950,30975,25,0.1,0.009681,0.034261
P02,stack,1,30975,31000,25,0.1,0.00975,0.034391
P02,stack,1,31000,31025,25,0.1,0.00966,0.034441
P02,stack,1,31025,31050,25,0.1,0.00963,0.034491
P02,stack,1,31050,31075,25,0.1,0.009711,0.034301
P02,stack,1,31075,31100,25,0.1,0.00951,0.033941
P02,stack,1,31100,31125,25,0.1,0.00957,0.034241
P02,stack,1,31125,31150,25,0.1,0.01024,0.034291
P02,stack,1,31150,31175,25,0.1,0.009691,0.03411
P02,stack,1,31175,31200,25,0.1,0.0097,0.034011
P02,stack,1,31200,31225,25,0.1,0.00957,0.034121
P02,stack,1,31225,31250,25,0.1,0.00955,0.034151
P02,stack,1,31250,31275,25,0.1,0.00956,0.034301
P02,stack,1,31275,31300,25,0.1,0.009671,0.034291
P02,stack,1,31300,31325,25,0.1,0.00976,0.034151
P02,stack,1,31325,31350,25,0.1,0.00963,0.034011
P02,sisyphus,1,0,25,25,0.1,0.014061,0.062101
P02,sisyphus,1,25,50,25,0.1,0.011991,0.038381
P02,sisyphus,1,50,75,25,0.1,0.01014,0.035391
P02,sisyphus,1,75,100,25,0.1,0.0097,0.034261
P02,sisyphus,1,100,125,25,0.1,0.00961,0.034301
P02,sisyphus,1,125,150,25,0.1,0.009631,0.034841
P02,sisyphus,1,150,175,25,0.1,0.00954,0.033921
P02,sisyphus,1,175,200,25,0.1,0.00943,0.034181
P02,sisyphus,1,200,225,25,0.1,0.00941,0.033931
P02,sisyphus,1,225,250,25,0.1,0.00944,0.034031
P02,sisyphus,1,250,275,25,0.1,0.009441,0.034741
P02,sisyphus,1,275,300,25,0.1,0.00932,0.034191
P02,sisyphus,1,300,325,25,0.1,0.0094,0.033911
P02,sisyphus,1,325,350,25,0.1,0.00947,0.034441
P02,sisyphus,1,350,375,25,0.1,0.009571,0.03416
P02,sisyphus,1,375,400,25,0.1,0.00947,0.034891
P02,sisyphus,1,400,425,25,0.1,0.0095,0.034081
P02,sisyphus,1,425,450,25,0.1,0.00943,0.034331
P02,sisyphus,1,450,475,25,0.1,0.00969,0.034521
P02,sisyphus,1,475,500,25,0.1,0.009501,0.034421
P02,sisyphus,1,500,525,25,0.1,0.00962,0.033801
P02,sisyphus,1,525,550,25,0.1,0.00944,0.034381
P02,sisyphus,1,550,575,25,0.1,0.00951,0.033881
P02,sisyphus,1,575,600,25,0.1,0.00929,0.03369
P02,sisyphus,1,600,625,25,0.1,0.009441,0.033321
P02,sisyphus,1,625,650,25,0.1,0.00947,0.033061
P02,sisyphus,1,650,675,25,0.1,0.00937,0.033521
P02,sisyphus,1,675,700,25,0.1,0.00921,0.033181
P02,sisyphus,1,700,725,25,0.1,0.00959,0.033721
P02,sisyphus,1,725,750,25,0.1,0.009331,0.033741
P02,sisyphus,1,750,775,25,0.1,0.00949,0.033611
P02,sisyphus,1,775,800,25,0.1,0.00918,0.033821
P02,sisyphus,1,800,825,25,0.1,0.00946,0.033601
P02,sisyphus,1,825,850,25,0.1,0.00947,0.033741
P02,sisyphus,1,850,875,25,0.1,0.009341,0.033631
P02,sisyphus,1,875,900,25,0.1,0.00939,0.033611
P02,sisyphus,1,900,925,25,0.1,0.00941,0.033591
P02,sisyphus,1,925,950,25,0.1,0.00943,0.033741
P02,sisyphus,1,950,975,25,0.1,0.00929,0.033781
P02,sisyphus,1,975,1000,25,0.1,0.009541,0.0335
P02,sisyphus,1,1000,1025,25,0.1,0.00935,0.033621
P02,sisyphus,1,1025,1050,25,0.1,0.00937,0.034131
P02,sisyphus,1,1050,1075,25,0.1,0.00932,0.034151
P02,sisyphus,1,1075,1100,25,0.1,0.00937,0.034831
P02,sisyphus,1,1100,1125,25,0.1,0.009391,0.034391
P02,sisyphus,1,1125,1150,25,0.1,0.00955,0.033731
P02,sisyphus,1,1150,1175,25,0.1,0.00934,0.033891
P02,sisyphus,1,1175,1200,25,0.1,0.0094,0.034011
P02,sisyphus,1,1200,1225,25,0.1,0.00934,0.034251
P02,sisyphus,1,1225,1250,25,0.1,0.009601,0.034451
P02,sisyphus,1,1250,1275,25,0.1,0.00928,0.033841
P02,sisyphus,1,1275,1300,25,0.1,0.00958,0.033551
P02,sisyphus,1,1300,1325,25,0.1,0.00953,0.033811
P02,sisyphus,1,1325,1350,25,0.1,0.009581,0.03412
P02,sisyphus,1,1350,1375,25,0.1,0.009671,0.033811
P02,sisyphus,1,1375,1400,25,0.1,0.00958,0.033521
P02,sisyphus,1,1400,1425,25,0.1,0.00943,0.033681
P02,sisyphus,1,1425,1450,25,0.1,0.00937,0.033791
P02,sisyphus,1,1450,1475,25,0.1,0.009401,0.03345
P02,sisyphus,1,1475,1500,25,0.1,0.009511,0.033371
P02,sisyphus,1,1500,1525,25,0.1,0.00942,0.033541
P02,sisyphus,1,1525,1550,25,0.1,0.00936,0.033501
P02,sisyphus,1,1550,1575,25,0.1,0.00933,0.033411
P02,sisyphus,1,1575,1600,25,0.1,0.00928,0.033461
P02,sisyphus,1,1600,1625,25,0.1,0.009341,0.033601
P02,sisyphus,1,1625,1650,25,0.1,0.00941,0.033831
P02,sisyphus,1,1650,1675,25,0.1,0.0094,0.033671
P02,sisyphus,1,1675,1700,25,0.1,0.00927,0.033531
P02,sisyphus,1,1700,1725,25,0.1,0.00927,0.033451
P02,sisyphus,1,1725,1750,25,0.1,0.009311,0.033641
P02,sisyphus,1,1750,1775,25,0.1,0.00943,0.033651
P02,sisyphus,1,1775,1800,25,0.1,0.0094,0.033461
P02,sisyphus,1,1800,1825,25,0.1,0.00956,0.033481
P02,sisyphus,1,1825,1850,25,0.1,0.0093,0.088103
P02,sisyphus,1,1850,1875,25,0.1,0.01234,0.036001
P02,sisyphus,1,1875,1900,25,0.1,0.00975,0.033691
P02,sisyphus,1,1900,1925,25,0.1,0.009681,0.033951
P02,sisyphus,1,1925,1950,25,0.1,0.00955,0.033781
P02,sisyphus,1,1950,1975,25,0.1,0.0095,0.033571
P02,sisyphus,1,1975,2000,25,0.1,0.00961,0.033661
P02,sisyphus,1,2000,2025,25,0.1,0.00936,0.033581
P02,sisyphus,1,2025,2050,25,0.1,0.009171,0.03345
P02,sisyphus,1,2050,2075,25,0.1,0.00932,0.033631
P02,sisyphus,1,2075,2100,25,0.1,0.00927,0.033831
P02,sisyphus,1,2100,2125,25,0.1,0.00928,0.033291
P02,sisyphus,1,2125,2150,25,0.1,0.00937,0.033481
P02,sisyphus,1,2150,2175,25,0.1,0.009331,0.03362
P02,sisyphus,1,2175,2200,25,0.1,0.009401,0.033331
P02,sisyphus,1,2200,2225,25,0.1,0.00933,0.033391
P02,sisyphus,1,2225,2250,25,0.1,0.00931,0.033271
P02,sisyphus,1,2250,2275,25,0.1,0.00924,0.033211
P02,sisyphus,1,2275,2300,25,0.1,0.00941,0.033521
P02,sisyphus,1,2300,2325,25,0.1,0.009491,0.033731
P02,sisyphus,1,2325,2350,25,0.1,0.00939,0.034111
P02,sisyphus,1,2350,2375,25,0.1,0.00926,0.033321
P02,sisyphus,1,2375,2400,25,0.1,0.00931,0.033721
P02,sisyphus,1,2400,2425,25,0.1,0.00945,0.033491
P02,sisyphus,1,2425,2450,25,0.1,0.009291,0.033791
P02,sisyphus,1,2450,2475,25,0.1,0.00918,0.033641
P02,sisyphus,1,2475,2500,25,0.1,0.00942,0.033621
P02,sisyphus,1,2500,2525,25,0.1,0.0095,0.033681
P02,sisyphus,1,2525,2550,25,0.1,0.0093,0.033611
P02,sisyphus,1,2550,2575,25,0.1,0.009281,0.03355
P02,sisyphus,1,2575,2600,25,0.1,0.00951,0.033891
P02,sisyphus,1,2600,2625,25,0.1,0.00957,0.033751
P02,sisyphus,1,2625,2650,25,0.1,0.00942,0.033511
P02,sisyphus,1,2650,2675,25,0.1,0.00953,0.033771
P02,sisyphus,1,2675,2700,25,0.1,0.009481,0.0337
P02,sisyphus,1,2700,2725,25,0.1,0.00945,0.033781
P02,sisyphus,1,2725,2750,25,0.1,0.00944,0.034131
P02,sisyphus,1,2750,2775,25,0.1,0.00947,0.034121
P02,sisyphus,1,2775,2800,25,0.1,0.00923,0.033501
P02,sisyphus,1,2800,2825,25,0.1,0.009551,0.03356
P02,sisyphus,1,2825,2850,25,0.1,0.00928,0.033461
P02,sisyphus,1,2850,2875,25,0.1,0.00957,0.033201
P02,sisyphus,1,2875,2900,25,0.1,0.00923,0.033371
P02,sisyphus,1,2900,2925,25,0.1,0.00942,0.033241
P02,sisyphus,1,2925,2950,25,0.1,0.009491,0.03369
P02,sisyphus,1,2950,2975,25,0.1,0.009421,0.033771
P02,sisyphus,1,2975,3000,25,0.1,0.00938,0.033771
P02,sisyphus,1,3000,3025,25,0.1,0.00934,0.033501
P02,sisyphus,1,3025,3050,25,0.1,0.00946,0.033241
P02,sisyphus,1,3050,3075,25,0.1,0.0093,0.033441
P02,sisyphus,1,3075,3100,25,0.1,0.009411,0.033261
P02,sisyphus,1,3100,3125,25,0.1,0.00923,0.033491
P02,sisyphus,1,3125,3150,25,0.1,0.00929,0.033741
P02,sisyphus,1,3150,3175,25,0.1,0.00926,0.033341
P02,sisyphus,1,3175,3200,25,0.1,0.009811,0.033951
P02,sisyphus,1,3200,3225,25,0.1,0.00948,0.033451
P02,sisyphus,1,3225,3250,25,0.1,0.00956,0.033481
P02,sisyphus,1,3250,3275,25,0.1,0.00935,0.033491
P02,sisyphus,1,3275,3300,25,0.1,0.00933,0.033701
P02,sisyphus,1,3300,3325,25,0.1,0.009361,0.033611
P02,sisyphus,1,3325,3350,25,0.1,0.00942,0.033441
P02,sisyphus,1,3350,3375,25,0.1,0.00953,0.033651
P02,sisyphus,1,3375,3400,25,0.1,0.00928,0.033441
P02,sisyphus,1,3400,3425,25,0.1,0.0094,0.033571
P02,sisyphus,1,3425,3450,25,0.1,0.009351,0.03327
P02,sisyphus,1,3450,3475,25,0.1,0.009581,0.033301
P02,sisyphus,1,3475,3500,25,0.1,0.00912,0.033811
P02,sisyphus,1,3500,3525,25,0.1,0.0098,0.034871
P02,sisyphus,1,3525,3550,25,0.1,0.0095,0.033971
P02,sisyphus,1,3550,3575,25,0.1,0.009621,0.033671
P02,sisyphus,1,3575,3600,25,0.1,0.00937,0.033541
P02,sisyphus,1,3600,3625,25,0.1,0.00928,0.033641
P02,sisyphus,1,3625,3650,25,0.1,0.00945,0.033821
P02,sisyphus,1,3650,3675,25,0.1,0.00931,0.033461
P02,sisyphus,1,3675,3700,25,0.1,0.009391,0.033311
P02,sisyphus,1,3700,3725,25,0.1,0.00933,0.033861
P02,sisyphus,1,3725,3750,25,0.1,0.00966,0.034001
P02,sisyphus,1,3750,3775,25,0.1,0.00965,0.034341
P02,sisyphus,1,3775,3800,25,0.1,0.00938,0.033841
P02,sisyphus,1,3800,3825,25,0.1,0.009381,0.033521
P02,sisyphus,1,3825,3850,25,0.1,0.00949,0.033701
P02,sisyphus,1,3850,3875,25,0.1,0.00996,0.034331
P02,sisyphus,1,3875,3900,25,0.1,0.00944,0.033741
P02,sisyphus,1,3900,3925,25,0.1,0.009371,0.03348
P02,sisyphus,1,3925,3950,25,0.1,0.00941,0.033331
P02,sisyphus,1,3950,3975,25,0.1,0.00944,0.033661
P02,sisyphus,1,3975,4000,25,0.1,0.00947,0.033111
P02,sisyphus,1,4000,4025,25,0.1,0.00931,0.033631
P02,sisyphus,1,4025,4050,25,0.1,0.009341,0.03365
P02,sisyphus,1,4050,4075,25,0.1,0.040672,0.043801
P02,sisyphus,1,4075,4100,25,0.1,0.01076,0.034581
P02,sisyphus,1,4100,4125,25,0.1,0.00966,0.033561
P02,sisyphus,1,4125,4150,25,0.1,0.009541,0.03353
P02,sisyphus,1,4150,4175,25,0.1,0.00937,0.033551
P02,sisyphus,1,4175,4200,25,0.1,0.00941,0.034151
P02,sisyphus,1,4200,4225,25,0.1,0.00954,0.034271
P02,sisyphus,1,4225,4250,25,0.1,0.00958,0.033921
P02,sisyphus,1,4250,4275,25,0.1,0.009571,0.033931
P02,sisyphus,1,4275,4300,25,0.1,0.00926,0.033881
P02,sisyphus,1,4300,4325,25,0.1,0.00922,0.034021
P02,sisyphus,1,4325,4350,25,0.1,0.01006,0.034261
P02,sisyphus,1,4350,4375,25,0.1,0.009521,0.033661
P02,sisyphus,1,4375,4400,25,0.1,0.00968,0.034001
P02,sisyphus,1,4400,4425,25,0.1,0.00931,0.034141
P02,sisyphus,1,4425,4450,25,0.1,0.00958,0.033451
P02,sisyphus,1,4450,4475,25,0.1,0.009521,0.03363
P02,sisyphus,1,4475,4500,25,0.1,0.009441,0.033561
P02,sisyphus,1,4500,4525,25,0.1,0.00922,0.033411
P02,sisyphus,1,4525,4550,25,0.1,0.00932,0.033391
P02,sisyphus,1,4550,4575,25,0.1,0.00946,0.034081
P02,sisyphus,1,4575,4600,25,0.1,0.009711,0.033741
P02,sisyphus,1,4600,4625,25,0.1,0.00937,0.033751
P02,sisyphus,1,4625,4650,25,0.1,0.00941,0.033591
P02,sisyphus,1,4650,4675,25,0.1,0.00943,0.033541
P02,sisyphus,1,4675,4700,25,0.1,0.00958,0.033361
P02,sisyphus,1,4700,4725,25,0.1,0.009521,0.033721
P02,sisyphus,1,4725,4750,25,0.1,0.00948,0.033421
P02,sisyphus,1,4750,4775,25,0.1,0.00945,0.033731
P02,sisyphus,1,4775,4800,25,0.1,0.00935,0.033551
P02,sisyphus,1,4800,4825,25,0.1,0.009421,0.03324
P02,sisyphus,1,4825,4850,25,0.1,0.009491,0.033111
P02,sisyphus,1,4850,4875,25,0.1,0.00944,0.033411
P02,sisyphus,1,4875,4900,25,0.1,0.00956,0.033621
P02,sisyphus,1,4900,4925,25,0.1,0.00933,0.033331
P02,sisyphus,1,4925,4950,25,0.1,0.009281,0.03377
P02,sisyphus,1,4950,4975,25,0.1,0.00942,0.033461
P02,sisyphus,1,4975,5000,25,0.1,0.00954,0.033661
P02,sisyphus,1,5000,5025,25,0.1,0.00939,0.033461
P02,sisyphus,1,5025,5050,25,0.1,0.00941,0.033761
P02,sisyphus,1,5050,5075,25,0.1,0.009481,0.033311
P02,sisyphus,1,5075,5100,25,0.1,0.00948,0.033431
P02,sisyphus,1,5100,5125,25,0.1,0.00954,0.033171
P02,sisyphus,1,5125,5150,25,0.1,0.00946,0.033251
P02,sisyphus,1,5150,5175,25,0.1,0.00938,0.033451
P02,sisyphus,1,5175,5200,25,0.1,0.009231,0.033501
P02,sisyphus,1,5200,5225,25,0.1,0.00935,0.033421
P02,sisyphus,1,5225,5250,25,0.1,0.00951,0.033691
P02,sisyphus,1,5250,5275,25,0.1,0.00952,0.033491
P02,sisyphus,1,5275,5300,25,0.1,0.009331,0.03303
P02,sisyphus,1,5300,5325,25,0.1,0.009391,0.033321
P02,sisyphus,1,5325,5350,25,0.1,0.00953,0.033491
P02,sisyphus,1,5350,5375,25,0.1,0.00944,0.033481
P02,sisyphus,1,5375,5400,25,0.1,0.00924,0.033511
P02,sisyphus,1,5400,5425,25,0.1,0.009391,0.03335
P02,sisyphus,1,5425,5450,25,0.1,0.009361,0.033291
P02,sisyphus,1,5450,5475,25,0.1,0.00955,0.033551
P02,sisyphus,1,5475,5500,25,0.1,0.00934,0.033421
P02,sisyphus,1,5500,5525,25,0.1,0.0094,0.033331
P02,sisyphus,1,5525,5550,25,0.1,0.009301,0.03387
P02,sisyphus,1,5550,5575,25,0.1,0.00936,0.033711
P02,sisyphus,1,5575,5600,25,0.1,0.00934,0.033131
P02,sisyphus,1,5600,5625,25,0.1,0.00933,0.033261
P02,sisyphus,1,5625,5650,25,0.1,0.00932,0.033461
P02,sisyphus,1,5650,5675,25,0.1,0.009431,0.033261
P02,sisyphus,1,5675,5700,25,0.1,0.00936,0.033531
P02,sisyphus,1,5700,5725,25,0.1,0.00949,0.033381
P02,sisyphus,1,5725,5750,25,0.1,0.00917,0.033461
P02,sisyphus,1,5750,5775,25,0.1,0.00937,0.033561
P02,sisyphus,1,5775,5800,25,0.1,0.009381,0.033351
P02,sisyphus,1,5800,5825,25,0.1,0.00936,0.033361
P02,sisyphus,1,5825,5850,25,0.1,0.00947,0.033481
P02,sisyphus,1,5850,5875,25,0.1,0.00956,0.033361
P02,sisyphus,1,5875,5900,25,0.1,0.00936,0.033221
P02,sisyphus,1,5900,5925,25,0.1,0.009401,0.032921
P02,sisyphus,1,5925,5950,25,0.1,0.00946,0.033591
P02,sisyphus,1,5950,5975,25,0.1,0.00945,0.033471
P02,sisyphus,1,5975,6000,25,0.1,0.00951,0.033891
P02,sisyphus,1,6000,6025,25,0.1,0.009461,0.03359
P02,sisyphus,1,6025,6050,25,0.1,0.009281,0.033751
P02,sisyphus,1,6050,6075,25,0.1,0.00943,0.033691
P02,sisyphus,1,6075,6100,25,0.1,0.00946,0.033321
P02,sisyphus,1,6100,6125,25,0.1,0.00936,0.033731
P02,sisyphus,1,6125,6150,25,0.1,0.009481,0.03356
P02,sisyphus,1,6150,6175,25,0.1,0.00941,0.033091
P02,sisyphus,1,6175,6200,25,0.1,0.00957,0.033671
P02,sisyphus,1,6200,6225,25,0.1,0.00943,0.033101
P02,sisyphus,1,6225,6250,25,0.1,0.00954,0.033451
P02,sisyphus,1,6250,6275,25,0.1,0.009541,0.033711
P02,sisyphus,1,6275,6300,25,0.1,0.00934,0.044921
P02,sisyphus,1,6300,6325,25,0.1,0.01192,0.035281
P02,sisyphus,1,6325,6350,25,0.1,0.009321,0.033351
P02,sisyphus,1,6350,6375,25,0.1,0.0094,0.033151
P02,sisyphus,1,6375,6400,25,0.1,0.00943,0.033561
P02,sisyphus,1,6400,6425,25,0.1,0.00942,0.033441
P02,sisyphus,1,6425,6450,25,0.1,0.00943,0.033211
P02,sisyphus,1,6450,6475,25,0.1,0.009281,0.03328
P02,sisyphus,1,6475,6500,25,0.1,0.009301,0.033591
P02,sisyphus,1,6500,6525,25,0.1,0.00947,0.033381
P02,sisyphus,1,6525,6550,25,0.1,0.00919,0.033341
P02,sisyphus,1,6550,6575,25,0.1,0.00922,0.033471
P02,sisyphus,1,6575,6600,25,0.1,0.00934,0.034541
P02,sisyphus,1,6600,6625,25,0.1,0.009471,0.033781
P02,sisyphus,1,6625,6650,25,0.1,0.00947,0.033731
P02,sisyphus,1,6650,6675,25,0.1,0.00947,0.033661
P02,sisyphus,1,6675,6700,25,0.1,0.00948,0.033911
P02,sisyphus,1,6700,6725,25,0.1,0.009511,0.03348
P02,sisyphus,1,6725,6750,25,0.1,0.010201,0.033761
P02,sisyphus,1,6750,6775,25,0.1,0.00948,0.033601
P02,sisyphus,1,6775,6800,25,0.1,0.00962,0.033571
P02,sisyphus,1,6800,6825,25,0.1,0.00933,0.033811
P02,sisyphus,1,6825,6850,25,0.1,0.009641,0.03372
P02,sisyphus,1,6850,6875,25,0.1,0.009461,0.033671
P02,sisyphus,1,6875,6900,25,0.1,0.00948,0.033451
P02,sisyphus,1,6900,6925,25,0.1,0.00947,0.033421
P02,sisyphus,1,6925,6950,25,0.1,0.00944,0.033671
P02,sisyphus,1,6950,6975,25,0.1,0.009371,0.03356
P02,sisyphus,1,6975,7000,25,0.1,0.009551,0.034031
P02,sisyphus,1,7000,7025,25,0.1,0.00958,0.033361
P02,sisyphus,1,7025,7050,25,0.1,0.00946,0.033181
P02,sisyphus,1,7050,7075,25,0.1,0.00945,0.033401
P02,sisyphus,1,7075,7100,25,0.1,0.00952,0.033741
P02,sisyphus,1,7100,7125,25,0.1,0.009491,0.033441
P02,sisyphus,1,7125,7150,25,0.1,0.00944,0.033441
P02,sisyphus,1,7150,7175,25,0.1,0.0093,0.033011
P02,sisyphus,1,7175,7200,25,0.1,0.00939,0.033061
P02,sisyphus,1,7200,7225,25,0.1,0.00936,0.033181
P02,sisyphus,1,7225,7250,25,0.1,0.009491,0.0328
P02,sisyphus,1,7250,7275,25,0.1,0.0094,0.033171
P02,sisyphus,1,7275,7300,25,0.1,0.00963,0.033371
P02,sisyphus,1,7300,7325,25,0.1,0.00941,0.033261
P02,sisyphus,1,7325,7350,25,0.1,0.00941,0.033491
P02,sisyphus,1,7350,7375,25,0.1,0.009281,0.03331
P02,sisyphus,1,7375,7400,25,0.1,0.009581,0.033281
P02,sisyphus,1,7400,7425,25,0.1,0.00947,0.033471
P02,sisyphus,1,7425,7450,25,0.1,0.00957,0.033331
P02,sisyphus,1,7450,7475,25,0.1,0.00952,0.034001
P02,sisyphus,1,7475,7500,25,0.1,0.00958,0.033631
P02,sisyphus,1,7500,7525,25,0.1,0.009601,0.033791
P02,sisyphus,1,7525,7550,25,0.1,0.00964,0.034031
P02,sisyphus,1,7550,7575,25,0.1,0.00945,0.033341
P02,sisyphus,1,7575,7600,25,0.1,0.00939,0.033491
P02,sisyphus,1,7600,7625,25,0.1,0.00947,0.033251
P02,sisyphus,1,7625,7650,25,0.1,0.009301,0.033471
P02,sisyphus,1,7650,7675,25,0.1,0.00932,0.033361
P02,sisyphus,1,7675,7700,25,0.1,0.00938,0.033501
P02,sisyphus,1,7700,7725,25,0.1,0.00925,0.033871
P02,sisyphus,1,7725,7750,25,0.1,0.00956,0.033831
P02,sisyphus,1,7750,7775,25,0.1,0.009401,0.033491
P02,sisyphus,1,7775,7800,25,0.1,0.00932,0.033681
P02,sisyphus,1,7800,7825,25,0.1,0.00935,0.033491
P02,sisyphus,1,7825,7850,25,0.1,0.00964,0.033981
P02,sisyphus,1,7850,7875,25,0.1,0.0095,0.033591
P02,sisyphus,1,7875,7900,25,0.1,0.009471,0.033441
P02,sisyphus,1,7900,7925,25,0.1,0.00958,0.033521
P02,sisyphus,1,7925,7950,25,0.1,0.00966,0.033241
P02,sisyphus,1,7950,7975,25,0.1,0.00945,0.033211
P02,sisyphus,1,7975,8000,25,0.1,0.00954,0.033121
P02,sisyphus,1,8000,8025,25,0.1,0.009331,0.0334
P02,sisyphus,1,8025,8050,25,0.1,0.009581,0.033191
P02,sisyphus,1,8050,8075,25,0.1,0.00931,0.033221
P02,sisyphus,1,8075,8100,25,0.1,0.00963,0.033591
P02,sisyphus,1,8100,8125,25,0.1,0.00944,0.033021
P02,sisyphus,1,8125,8150,25,0.1,0.0094,0.033331
P02,sisyphus,1,8150,8175,25,0.1,0.009451,0.033231
P02,sisyphus,1,8175,8200,25,0.1,0.00951,0.033091
P02,sisyphus,1,8200,8225,25,0.1,0.00956,0.033511
P02,sisyphus,1,8225,8250,25,0.1,0.0094,0.033381
P02,sisyphus,1,8250,8275,25,0.1,0.00948,0.033831
P02,sisyphus,1,8275,8300,25,0.1,0.009431,0.034271
P02,sisyphus,1,8300,8325,25,0.1,0.0095,0.033501
P02,sisyphus,1,8325,8350,25,0.1,0.00954,0.033701
P02,sisyphus,1,8350,8375,25,0.1,0.0096,0.033891
P02,sisyphus,1,8375,8400,25,0.1,0.00943,0.033141
P02,sisyphus,1,8400,8425,25,0.1,0.009481,0.03317
P02,sisyphus,1,8425,8450,25,0.1,0.00955,0.033501
P02,sisyphus,1,8450,8475,25,0.1,0.00929,0.033391
P02,sisyphus,1,8475,8500,25,0.1,0.00945,0.033011
P02,sisyphus,1,8500,8525,25,0.1,0.00956,0.033611
P02,sisyphus,1,8525,8550,25,0.1,0.009471,0.082572
P02,sisyphus,1,8550,8575,25,0.1,0.0131,0.037681
P02,sisyphus,1,8575,8600,25,0.1,0.01001,0.033891
P02,sisyphus,1,8600,8625,25,0.1,0.009411,0.033561
P02,sisyphus,1,8625,8650,25,0.1,0.00971,0.033321
P02,sisyphus,1,8650,8675,25,0.1,0.00958,0.033331
P02,sisyphus,1,8675,8700,25,0.1,0.00953,0.033111
P02,sisyphus,1,8700,8725,25,0.1,0.00951,0.033251
P02,sisyphus,1,8725,8750,25,0.1,0.009571,0.033301
P02,sisyphus,1,8750,8775,25,0.1,0.00936,0.033541
P02,sisyphus,1,8775,8800,25,0.1,0.00936,0.033661
P02,sisyphus,1,8800,8825,25,0.1,0.00967,0.033891
P02,sisyphus,1,8825,8850,25,0.1,0.0097,0.034291
P02,sisyphus,1,8850,8875,25,0.1,0.009661,0.033521
P02,sisyphus,1,8875,8900,25,0.1,0.00946,0.033451
P02,sisyphus,1,8900,8925,25,0.1,0.00936,0.033781
P02,sisyphus,1,8925,8950,25,0.1,0.00943,0.033791
P02,sisyphus,1,8950,8975,25,0.1,0.00947,0.033701
P02,sisyphus,1,8975,9000,25,0.1,0.009681,0.033921
P02,sisyphus,1,9000,9025,25,0.1,0.00944,0.033831
P02,sisyphus,1,9025,9050,25,0.1,0.00962,0.033631
P02,sisyphus,1,9050,9075,25,0.1,0.00959,0.033131
P02,sisyphus,1,9075,9100,25,0.1,0.00934,0.033341
P02,sisyphus,1,9100,9125,25,0.1,0.009471,0.03353
P02,sisyphus,1,9125,9150,25,0.1,0.00944,0.033781
P02,sisyphus,1,9150,9175,25,0.1,0.00971,0.033451
P02,sisyphus,1,9175,9200,25,0.1,0.00958,0.033541
P02,sisyphus,1,9200,9225,25,0.1,0.00959,0.033291
P02,sisyphus,1,9225,9250,25,0.1,0.009561,0.03326
P02,sisyphus,1,9250,9275,25,0.1,0.009381,0.033601
P02,sisyphus,1,9275,9300,25,0.1,0.00957,0.033391
P02,sisyphus,1,9300,9325,25,0.1,0.00949,0.033231
P02,sisyphus,1,9325,9350,25,0.1,0.00982,0.033491
P02,sisyphus,1,9350,9375,25,0.1,0.009431,0.03331
P02,sisyphus,1,9375,9400,25,0.1,0.009551,0.033641
P02,sisyphus,1,9400,9425,25,0.1,0.00952,0.033291
P02,sisyphus,1,9425,9450,25,0.1,0.00949,0.033841
P02,sisyphus,1,9450,9475,25,0.1,0.00947,0.033761
P02,sisyphus,1,9475,9500,25,0.1,0.00957,0.033441
P02,sisyphus,1,9500,9525,25,0.1,0.009411,0.033711
P02,sisyphus,1,9525,9550,25,0.1,0.00954,0.033651
P02,sisyphus,1,9550,9575,25,0.1,0.00957,0.033641
P02,sisyphus,1,9575,9600,25,0.1,0.00935,0.033421
P02,sisyphus,1,9600,9625,25,0.1,0.00941,0.033851
P02,sisyphus,1,9625,9650,25,0.1,0.009491,0.033701
P02,sisyphus,1,9650,9675,25,0.1,0.0097,0.033921
P02,sisyphus,1,9675,9700,25,0.1,0.00948,0.033381
P02,sisyphus,1,9700,9725,25,0.1,0.00949,0.033521
P02,sisyphus,1,9725,9750,25,0.1,0.00945,0.033801
P02,sisyphus,1,9750,9775,25,0.1,0.009541,0.033481
P02,sisyphus,1,9775,9800,25,0.1,0.00934,0.033591
P02,sisyphus,1,9800,9825,25,0.1,0.00922,0.033211
P02,sisyphus,1,9825,9850,25,0.1,0.00948,0.033421
P02,sisyphus,1,9850,9875,25,0.1,0.0096,0.033521
P02,sisyphus,1,9875,9900,25,0.1,0.009521,0.03343
P02,sisyphus,1,9900,9925,25,0.1,0.00933,0.033481
P02,sisyphus,1,9925,9950,25,0.1,0.00947,0.033241
P02,sisyphus,1,9950,9975,25,0.1,0.00927,0.033371
P02,sisyphus,1,9975,10000,25,0.1,0.00932,0.033581
P02,sisyphus,1,10000,10025,25,0.1,0.009461,0.03354
P02,sisyphus,1,10025,10050,25,0.1,0.010381,0.033741
P02,sisyphus,1,10050,10075,25,0.1,0.00969,0.033261
P02,sisyphus,1,10075,10100,25,0.1,0.00937,0.033671
P02,sisyphus,1,10100,10125,25,0.1,0.00965,0.033941
P02,sisyphus,1,10125,10150,25,0.1,0.009421,0.03349
P02,sisyphus,1,10150,10175,25,0.1,0.009511,0.033771
P02,sisyphus,1,10175,10200,25,0.1,0.00942,0.033481
P02,sisyphus,1,10200,10225,25,0.1,0.00926,0.033291
P02,sisyphus,1,10225,10250,25,0.1,0.00939,0.033601
P02,sisyphus,1,10250,10275,25,0.1,0.0094,0.033371
P02,sisyphus,1,10275,10300,25,0.1,0.009351,0.033851
P02,sisyphus,1,10300,10325,25,0.1,0.00954,0.033381
P02,sisyphus,1,10325,10350,25,0.1,0.00922,0.033311
P02,sisyphus,1,10350,10375,25,0.1,0.00932,0.033701
P02,sisyphus,1,10375,10400,25,0.1,0.00947,0.033871
P02,sisyphus,1,10400,10425,25,0.1,0.009491,0.033401
P02,sisyphus,1,10425,10450,25,0.1,0.00947,0.033621
P02,sisyphus,1,10450,10475,25,0.1,0.00948,0.033701
P02,sisyphus,1,10475,10500,25,0.1,0.00945,0.033491
P02,sisyphus,1,10500,10525,25,0.1,0.00929,0.033451
P02,sisyphus,1,10525,10550,25,0.1,0.009201,0.03348
P02,sisyphus,1,10550,10575,25,0.1,0.00938,0.033611
P02,sisyphus,1,10575,10600,25,0.1,0.00939,0.033611
P02,sisyphus,1,10600,10625,25,0.1,0.00946,0.033461
P02,sisyphus,1,10625,10650,25,0.1,0.00951,0.033641
P02,sisyphus,1,10650,10675,25,0.1,0.009341,0.03399
P02,sisyphus,1,10675,10700,25,0.1,0.009391,0.033471
P02,sisyphus,1,10700,10725,25,0.1,0.00958,0.033721
P02,sisyphus,1,10725,10750,25,0.1,0.00951,0.033621
P02,sisyphus,1,10750,10775,25,0.1,0.00934,0.033531
P02,sisyphus,1,10775,10800,25,0.1,0.043161,0.043772
P02,sisyphus,1,10800,10825,25,0.1,0.0105,0.034401
P02,sisyphus,1,10825,10850,25,0.1,0.00944,0.033561
P02,sisyphus,1,10850,10875,25,0.1,0.0096,0.033761
P02,sisyphus,1,10875,10900,25,0.1,0.009411,0.033881
P02,sisyphus,1,10900,10925,25,0.1,0.00949,0.034151
P02,sisyphus,1,10925,10950,25,0.1,0.00952,0.033701
P02,sisyphus,1,10950,10975,25,0.1,0.00927,0.033651
P02,sisyphus,1,10975,11000,25,0.1,0.00951,0.03345
P02,sisyphus,1,11000,11025,25,0.1,0.009391,0.033451
P02,sisyphus,1,11025,11050,25,0.1,0.00949,0.033751
P02,sisyphus,1,11050,11075,25,0.1,0.00947,0.033481
P02,sisyphus,1,11075,11100,25,0.1,0.00931,0.033651
P02,sisyphus,1,11100,11125,25,0.1,0.009391,0.03352
P02,sisyphus,1,11125,11150,25,0.1,0.009501,0.033391
P02,sisyphus,1,11150,11175,25,0.1,0.00953,0.033501
P02,sisyphus,1,11175,11200,25,0.1,0.00945,0.033561
P02,sisyphus,1,11200,11225,25,0.1,0.00953,0.033571
P02,sisyphus,1,11225,11250,25,0.1,0.009371,0.033821
P02,sisyphus,1,11250,11275,25,0.1,0.00932,0.033801
P02,sisyphus,1,11275,11300,25,0.1,0.00927,0.033701
P02,sisyphus,1,11300,11325,25,0.1,0.00944,0.033241
P02,sisyphus,1,11325,11350,25,0.1,0.0095,0.033401
P02,sisyphus,1,11350,11375,25,0.1,0.009181,0.033471
P02,sisyphus,1,11375,11400,25,0.1,0.00943,0.033951
P02,sisyphus,1,11400,11425,25,0.1,0.0093,0.033501
P02,sisyphus,1,11425,11450,25,0.1,0.0092,0.034031
P02,sisyphus,1,11450,11475,25,0.1,0.009521,0.03369
P02,sisyphus,1,11475,11500,25,0.1,0.009581,0.033891
P02,sisyphus,1,11500,11525,25,0.1,0.00945,0.033811
P02,sisyphus,1,11525,11550,25,0.1,0.00925,0.033261
P02,sisyphus,1,11550,11575,25,0.1,0.00951,0.033541
P02,sisyphus,1,11575,11600,25,0.1,0.009531,0.033681
P02,sisyphus,1,11600,11625,25,0.1,0.00933,0.033391
P02,sisyphus,1,11625,11650,25,0.1,0.00932,0.033861
P02,sisyphus,1,11650,11675,25,0.1,0.00961,0.033931
P02,sisyphus,1,11675,11700,25,0.1,0.00955,0.033891
P02,sisyphus,1,11700,11725,25,0.1,0.009421,0.033741
P02,sisyphus,1,11725,11750,25,0.1,0.00926,0.033261
P02,sisyphus,1,11750,11775,25,0.1,0.00933,0.033191
P02,sisyphus,1,11775,11800,25,0.1,0.0095,0.033481
P02,sisyphus,1,11800,11825,25,0.1,0.009371,0.0332
P02,sisyphus,1,11825,11850,25,0.1,0.009431,0.034161
P02,sisyphus,1,11850,11875,25,0.1,0.00956,0.034531
P02,sisyphus,1,11875,11900,25,0.1,0.00979,0.033941
P02,sisyphus,1,11900,11925,25,0.1,0.0094,0.033471
P02,sisyphus,1,11925,11950,25,0.1,0.009551,0.033621
P02,sisyphus,1,11950,11975,25,0.1,0.00952,0.033251
P02,sisyphus,1,11975,12000,25,0.1,0.00939,0.034121
P02,sisyphus,1,12000,12025,25,0.1,0.00934,0.033551
P02,sisyphus,1,12025,12050,25,0.1,0.00956,0.03358
P02,sisyphus,1,12050,12075,25,0.1,0.009471,0.033521
P02,sisyphus,1,12075,12100,25,0.1,0.00937,0.033501
P02,sisyphus,1,12100,12125,25,0.1,0.00936,0.033361
P02,sisyphus,1,12125,12150,25,0.1,0.00935,0.033311
P02,sisyphus,1,12150,12175,25,0.1,0.009451,0.03311
P02,sisyphus,1,12175,12200,25,0.1,0.009341,0.033291
P02,sisyphus,1,12200,12225,25,0.1,0.00936,0.033171
P02,sisyphus,1,12225,12250,25,0.1,0.00932,0.033261
P02,sisyphus,1,12250,12275,25,0.1,0.00943,0.033401
P02,sisyphus,1,12275,12300,25,0.1,0.009191,0.03337
P02,sisyphus,1,12300,12325,25,0.1,0.00949,0.033541
P02,sisyphus,1,12325,12350,25,0.1,0.00944,0.033461
P02,sisyphus,1,12350,12375,25,0.1,0.00939,0.033391
P02,sisyphus,1,12375,12400,25,0.1,0.00921,0.033381
P02,sisyphus,1,12400,12425,25,0.1,0.009451,0.033651
P02,sisyphus,1,12425,12450,25,0.1,0.00946,0.033641
P02,sisyphus,1,12450,12475,25,0.1,0.00949,0.033531
P02,sisyphus,1,12475,12500,25,0.1,0.00934,0.033561
P02,sisyphus,1,12500,12525,25,0.1,0.00966,0.033241
P02,sisyphus,1,12525,12550,25,0.1,0.009521,0.033501
P02,sisyphus,1,12550,12575,25,0.1,0.0091,0.033591
P02,sisyphus,1,12575,12600,25,0.1,0.00933,0.033391
P02,sisyphus,1,12600,12625,25,0.1,0.00944,0.033441
P02,sisyphus,1,12625,12650,25,0.1,0.00939,0.033631
P02,sisyphus,1,12650,12675,25,0.1,0.009451,0.033631
P02,sisyphus,1,12675,12700,25,0.1,0.00942,0.033141
P02,sisyphus,1,12700,12725,25,0.1,0.00948,0.033191
P02,sisyphus,1,12725,12750,25,0.1,0.00936,0.033141
P02,sisyphus,1,12750,12775,25,0.1,0.00938,0.033301
P02,sisyphus,1,12775,12800,25,0.1,0.009431,0.033721
P02,sisyphus,1,12800,12825,25,0.1,0.00949,0.033551
P02,sisyphus,1,12825,12850,25,0.1,0.00949,0.033201
P02,sisyphus,1,12850,12875,25,0.1,0.00935,0.033251
P02,sisyphus,1,12875,12900,25,0.1,0.009401,0.03338
P02,sisyphus,1,12900,12925,25,0.1,0.009211,0.033461
P02,sisyphus,1,12925,12950,25,0.1,0.00925,0.033561
P02,sisyphus,1,12950,12975,25,0.1,0.00928,0.033201
P02,sisyphus,1,12975,13000,25,0.1,0.00929,0.033561
P02,sisyphus,1,13000,13025,25,0.1,0.009181,0.044931
P02,sisyphus,1,13025,13050,25,0.1,0.01286,0.036261
P02,sisyphus,1,13050,13075,25,0.1,0.00986,0.033591
P02,sisyphus,1,13075,13100,25,0.1,0.009761,0.033311
P02,sisyphus,1,13100,13125,25,0.1,0.00933,0.033391
P02,sisyphus,1,13125,13150,25,0.1,0.00945,0.033171
P02,sisyphus,1,13150,13175,25,0.1,0.00947,0.033311
P02,sisyphus,1,13175,13200,25,0.1,0.00925,0.033171
P02,sisyphus,1,13200,13225,25,0.1,0.009321,0.03356
P02,sisyphus,1,13225,13250,25,0.1,0.009431,0.033471
P02,sisyphus,1,13250,13275,25,0.1,0.00938,0.033571
P02,sisyphus,1,13275,13300,25,0.1,0.00933,0.033531
P02,sisyphus,1,13300,13325,25,0.1,0.0095,0.033311
P02,sisyphus,1,13325,13350,25,0.1,0.00939,0.033571
P02,sisyphus,1,13350,13375,25,0.1,0.009341,0.033321
P02,sisyphus,1,13375,13400,25,0.1,0.00932,0.033761
P02,sisyphus,1,13400,13425,25,0.1,0.00935,0.033651
P02,sisyphus,1,13425,13450,25,0.1,0.00943,0.033521
P02,sisyphus,1,13450,13475,25,0.1,0.00913,0.033261
P02,sisyphus,1,13475,13500,25,0.1,0.009471,0.033471
P02,sisyphus,1,13500,13525,25,0.1,0.00942,0.033431
P02,sisyphus,1,13525,13550,25,0.1,0.00938,0.033431
P02,sisyphus,1,13550,13575,25,0.1,0.00936,0.033061
P02,sisyphus,1,13575,13600,25,0.1,0.00912,0.033231
P02,sisyphus,1,13600,13625,25,0.1,0.009391,0.03308
P02,sisyphus,1,13625,13650,25,0.1,0.009331,0.033281
P02,sisyphus,1,13650,13675,25,0.1,0.00936,0.033101
P02,sisyphus,1,13675,13700,25,0.1,0.00936,0.033271
P02,sisyphus,1,13700,13725,25,0.1,0.00944,0.033151
P02,sisyphus,1,13725,13750,25,0.1,0.00941,0.033741
P02,sisyphus,1,13750,13775,25,0.1,0.009451,0.033311
P02,sisyphus,1,13775,13800,25,0.1,0.00948,0.033531
P02,sisyphus,1,13800,13825,25,0.1,0.00949,0.033261
P02,sisyphus,1,13825,13850,25,0.1,0.00955,0.033441
P02,sisyphus,1,13850,13875,25,0.1,0.00925,0.033331
P02,sisyphus,1,13875,13900,25,0.1,0.009431,0.03331
P02,sisyphus,1,13900,13925,25,0.1,0.009501,0.033481
P02,sisyphus,1,13925,13950,25,0.1,0.00951,0.033051
P02,sisyphus,1,13950,13975,25,0.1,0.00945,0.032951
P02,sisyphus,1,13975,14000,25,0.1,0.00925,0.035661
P02,sisyphus,1,14000,14025,25,0.1,0.010471,0.037241
P02,sisyphus,1,14025,14050,25,0.1,0.00936,0.033361
P02,sisyphus,1,14050,14075,25,0.1,0.00962,0.033351
P02,sisyphus,1,14075,14100,25,0.1,0.0095,0.033641
P02,sisyphus,1,14100,14125,25,0.1,0.00945,0.033571
P02,sisyphus,1,14125,14150,25,0.1,0.009631,0.033681
P02,sisyphus,1,14150,14175,25,0.1,0.00956,0.033551
P02,sisyphus,1,14175,14200,25,0.1,0.00928,0.033671
P02,sisyphus,1,14200,14225,25,0.1,0.00953,0.033881
P02,sisyphus,1,14225,14250,25,0.1,0.00965,0.03445
P02,sisyphus,1,14250,14275,25,0.1,0.009671,0.034121
P02,sisyphus,1,14275,14300,25,0.1,0.00964,0.033981
P02,sisyphus,1,14300,14325,25,0.1,0.00948,0.034071
P02,sisyphus,1,14325,14350,25,0.1,0.00969,0.033561
P02,sisyphus,1,14350,14375,25,0.1,0.009621,0.03383
P02,sisyphus,1,14375,14400,25,0.1,0.009411,0.033981
P02,sisyphus,1,14400,14425,25,0.1,0.00948,0.033391
P02,sisyphus,1,14425,14450,25,0.1,0.00948,0.033621
P02,sisyphus,1,14450,14475,25,0.1,0.00963,0.033811
P02,sisyphus,1,14475,14500,25,0.1,0.009451,0.03341
P02,sisyphus,1,14500,14525,25,0.1,0.009491,0.033881
P02,sisyphus,1,14525,14550,25,0.1,0.01018,0.035181
P02,sisyphus,1,14550,14575,25,0.1,0.00934,0.033431
P02,sisyphus,1,14575,14600,25,0.1,0.00944,0.033511
P02,sisyphus,1,14600,14625,25,0.1,0.009351,0.03341
P02,sisyphus,1,14625,14650,25,0.1,0.009451,0.033401
P02,sisyphus,1,14650,14675,25,0.1,0.00957,0.033101
P02,sisyphus,1,14675,14700,25,0.1,0.00955,0.033811
P02,sisyphus,1,14700,14725,25,0.1,0.0094,0.033601
P02,sisyphus,1,14725,14750,25,0.1,0.009531,0.03346
P02,sisyphus,1,14750,14775,25,0.1,0.009631,0.033681
P02,sisyphus,1,14775,14800,25,0.1,0.0096,0.033221
P02,sisyphus,1,14800,14825,25,0.1,0.00934,0.033561
P02,sisyphus,1,14825,14850,25,0.1,0.00956,0.033671
P02,sisyphus,1,14850,14875,25,0.1,0.0094,0.033321
P02,sisyphus,1,14875,14900,25,0.1,0.009431,0.033631
P02,sisyphus,1,14900,14925,25,0.1,0.00936,0.033451
P02,sisyphus,1,14925,14950,25,0.1,0.00932,0.033761
P02,sisyphus,1,14950,14975,25,0.1,0.00932,0.033571
P02,sisyphus,1,14975,15000,25,0.1,0.0096,0.033441
P02,sisyphus,1,15000,15025,25,0.1,0.009471,0.033861
P02,sisyphus,1,15025,15050,25,0.1,0.0096,0.033561
P02,sisyphus,1,15050,15075,25,0.1,0.00935,0.033821
P02,sisyphus,1,15075,15100,25,0.1,0.00936,0.033691
P02,sisyphus,1,15100,15125,25,0.1,0.00958,0.036291
P02,sisyphus,1,15125,15150,25,0.1,0.011791,0.036181
P02,sisyphus,1,15150,15175,25,0.1,0.00951,0.033521
P02,sisyphus,1,15175,15200,25,0.1,0.00937,0.033731
P02,sisyphus,1,15200,15225,25,0.1,0.00962,0.033961
P02,sisyphus,1,15225,15250,25,0.1,0.009641,0.033861
P02,sisyphus,1,15250,15275,25,0.1,0.0095,0.072152
P02,sisyphus,1,15275,15300,25,0.1,0.01247,0.036741
P02,sisyphus,1,15300,15325,25,0.1,0.00985,0.034161
P02,sisyphus,1,15325,15350,25,0.1,0.009761,0.034231
P02,sisyphus,1,15350,15375,25,0.1,0.00955,0.033991
P02,sisyphus,1,15375,15400,25,0.1,0.00952,0.033831
P02,sisyphus,1,15400,15425,25,0.1,0.00958,0.033571
P02,sisyphus,1,15425,15450,25,0.1,0.00949,0.033431
P02,sisyphus,1,15450,15475,25,0.1,0.009441,0.033991
P02,sisyphus,1,15475,15500,25,0.1,0.00949,0.033521
P02,sisyphus,1,15500,15525,25,0.1,0.00931,0.033841
P02,sisyphus,1,15525,15550,25,0.1,0.00949,0.033821
P02,sisyphus,1,15550,15575,25,0.1,0.00942,0.033801
P02,sisyphus,1,15575,15600,25,0.1,0.009461,0.033931
P02,sisyphus,1,15600,15625,25,0.1,0.00953,0.033711
P02,sisyphus,1,15625,15650,25,0.1,0.00945,0.033841
P02,sisyphus,1,15650,15675,25,0.1,0.00953,0.033591
P02,sisyphus,1,15675,15700,25,0.1,0.00938,0.033871
P02,sisyphus,1,15700,15725,25,0.1,0.009631,0.034051
P02,sisyphus,1,15725,15750,25,0.1,0.00944,0.034121
P02,sisyphus,1,15750,15775,25,0.1,0.00945,0.033651
P02,sisyphus,1,15775,15800,25,0.1,0.00961,0.034131
P02,sisyphus,1,15800,15825,25,0.1,0.00943,0.034311
P02,sisyphus,1,15825,15850,25,0.1,0.009681,0.033791
P02,sisyphus,1,15850,15875,25,0.1,0.00946,0.033701
P02,sisyphus,1,15875,15900,25,0.1,0.00955,0.034021
P02,sisyphus,1,15900,15925,25,0.1,0.00953,0.033951
P02,sisyphus,1,15925,15950,25,0.1,0.00944,0.033741
P02,sisyphus,1,15950,15975,25,0.1,0.009331,0.033681
P02,sisyphus,1,15975,16000,25,0.1,0.00949,0.033691
P02,sisyphus,1,16000,16025,25,0.1,0.0096,0.033651
P02,sisyphus,1,16025,16050,25,0.1,0.0095,0.033131
P02,sisyphus,1,16050,16075,25,0.1,0.00968,0.033911
P02,sisyphus,1,16075,16100,25,0.1,0.009521,0.033991
P02,sisyphus,1,16100,16125,25,0.1,0.0096,0.033921
P02,sisyphus,1,16125,16150,25,0.1,0.00958,0.033821
P02,sisyphus,1,16150,16175,25,0.1,0.00951,0.033901
P02,sisyphus,1,16175,16200,25,0.1,0.00947,0.033731
P02,sisyphus,1,16200,16225,25,0.1,0.009521,0.033661
P02,sisyphus,1,16225,16250,25,0.1,0.00968,0.033901
P02,sisyphus,1,16250,16275,25,0.1,0.00958,0.033781
P02,sisyphus,1,16275,16300,25,0.1,0.0093,0.033481
P02,sisyphus,1,16300,16325,25,0.1,0.00961,0.033691
P02,sisyphus,1,16325,16350,25,0.1,0.009321,0.033681
P02,sisyphus,1,16350,16375,25,0.1,0.0094,0.034061
P02,sisyphus,1,16375,16400,25,0.1,0.0093,0.033561
P02,sisyphus,1,16400,16425,25,0.1,0.0095,0.033881
P02,sisyphus,1,16425,16450,25,0.1,0.00947,0.033981
P02,sisyphus,1,16450,16475,25,0.1,0.009441,0.033811
P02,sisyphus,1,16475,16500,25,0.1,0.0094,0.033581
P02,sisyphus,1,16500,16525,25,0.1,0.00943,0.033941
P02,sisyphus,1,16525,16550,25,0.1,0.00967,0.034031
P02,sisyphus,1,16550,16575,25,0.1,0.00953,0.034191
P02,sisyphus,1,16575,16600,25,0.1,0.009461,0.034081
P02,sisyphus,1,16600,16625,25,0.1,0.00941,0.033661
P02,sisyphus,1,16625,16650,25,0.1,0.00934,0.033781
P02,sisyphus,1,16650,16675,25,0.1,0.00963,0.033811
P02,sisyphus,1,16675,16700,25,0.1,0.00962,0.033661
P02,sisyphus,1,16700,16725,25,0.1,0.009571,0.033811
P02,sisyphus,1,16725,16750,25,0.1,0.00949,0.033691
P02,sisyphus,1,16750,16775,25,0.1,0.00956,0.034441
P02,sisyphus,1,16775,16800,25,0.1,0.00961,0.034041
P02,sisyphus,1,16800,16825,25,0.1,0.00954,0.03425
P02,sisyphus,1,16825,16850,25,0.1,0.009811,0.034131
P02,sisyphus,1,16850,16875,25,0.1,0.00939,0.033661
P02,sisyphus,1,16875,16900,25,0.1,0.00947,0.033991
P02,sisyphus,1,16900,16925,25,0.1,0.00939,0.034201
P02,sisyphus,1,16925,16950,25,0.1,0.009571,0.03378
P02,sisyphus,1,16950,16975,25,0.1,0.009561,0.033581
P02,sisyphus,1,16975,17000,25,0.1,0.00927,0.033681
P02,sisyphus,1,17000,17025,25,0.1,0.00933,0.034261
P02,sisyphus,1,17025,17050,25,0.1,0.00928,0.033771
P02,sisyphus,1,17050,17075,25,0.1,0.009341,0.03374
P02,sisyphus,1,17075,17100,25,0.1,0.009441,0.033481
P02,sisyphus,1,17100,17125,25,0.1,0.00963,0.033551
P02,sisyphus,1,17125,17150,25,0.1,0.00929,0.034161
P02,sisyphus,1,17150,17175,25,0.1,0.00942,0.033951
P02,sisyphus,1,17175,17200,25,0.1,0.009381,0.03398
P02,sisyphus,1,17200,17225,25,0.1,0.009501,0.033831
P02,sisyphus,1,17225,17250,25,0.1,0.00942,0.033711
P02,sisyphus,1,17250,17275,25,0.1,0.00926,0.033811
P02,sisyphus,1,17275,17300,25,0.1,0.00941,0.033551
P02,sisyphus,1,17300,17325,25,0.1,0.00935,0.033691
P02,sisyphus,1,17325,17350,25,0.1,0.009561,0.034131
P02,sisyphus,1,17350,17375,25,0.1,0.00958,0.033641
P02,sisyphus,1,17375,17400,25,0.1,0.00948,0.034151
P02,sisyphus,1,17400,17425,25,0.1,0.00952,0.061842
P02,sisyphus,1,17425,17450,25,0.1,0.01264,0.036171
P02,sisyphus,1,17450,17475,25,0.1,0.009771,0.055461
P02,sisyphus,1,17475,17500,25,0.1,0.011831,0.035701
P02,sisyphus,1,17500,17525,25,0.1,0.01003,0.034691
P02,sisyphus,1,17525,17550,25,0.1,0.00966,0.034301
P02,sisyphus,1,17550,17575,25,0.1,0.00994,0.034251
P02,sisyphus,1,17575,17600,25,0.1,0.009741,0.03398
P02,sisyphus,1,17600,17625,25,0.1,0.00957,0.033641
P02,sisyphus,1,17625,17650,25,0.1,0.00947,0.033981
P02,sisyphus,1,17650,17675,25,0.1,0.00943,0.033961
P02,sisyphus,1,17675,17700,25,0.1,0.00942,0.034011
P02,sisyphus,1,17700,17725,25,0.1,0.009351,0.033641
P02,sisyphus,1,17725,17750,25,0.1,0.00961,0.033641
P02,sisyphus,1,17750,17775,25,0.1,0.00956,0.033871
P02,sisyphus,1,17775,17800,25,0.1,0.00962,0.033771
P02,sisyphus,1,17800,17825,25,0.1,0.009671,0.03389
P02,sisyphus,1,17825,17850,25,0.1,0.00959,0.036451
P02,sisyphus,1,17850,17875,25,0.1,0.00945,0.033421
P02,sisyphus,1,17875,17900,25,0.1,0.00953,0.033601
P02,sisyphus,1,17900,17925,25,0.1,0.0095,0.033321
P02,sisyphus,1,17925,17950,25,0.1,0.009631,0.033571
P02,sisyphus,1,17950,17975,25,0.1,0.00959,0.033561
P02,sisyphus,1,17975,18000,25,0.1,0.00962,0.034171
P02,sisyphus,1,18000,18025,25,0.1,0.0097,0.033711
P02,sisyphus,1,18025,18050,25,0.1,0.009401,0.033491
P02,sisyphus,1,18050,18075,25,0.1,0.00955,0.033741
P02,sisyphus,1,18075,18100,25,0.1,0.00963,0.033591
P02,sisyphus,1,18100,18125,25,0.1,0.00922,0.033241
P02,sisyphus,1,18125,18150,25,0.1,0.00947,0.033151
P02,sisyphus,1,18150,18175,25,0.1,0.009521,0.033601
P02,sisyphus,1,18175,18200,25,0.1,0.0096,0.033931
P02,sisyphus,1,18200,18225,25,0.1,0.00971,0.033791
P02,sisyphus,1,18225,18250,25,0.1,0.00938,0.033671
P02,sisyphus,1,18250,18275,25,0.1,0.009561,0.03355
P02,sisyphus,1,18275,18300,25,0.1,0.009451,0.033941
P02,sisyphus,1,18300,18325,25,0.1,0.00953,0.033951
P02,sisyphus,1,18325,18350,25,0.1,0.00949,0.034101
P02,sisyphus,1,18350,18375,25,0.1,0.00967,0.033601
P02,sisyphus,1,18375,18400,25,0.1,0.009471,0.033851
P02,sisyphus,1,18400,18425,25,0.1,0.00955,0.035361
P02,sisyphus,1,18425,18450,25,0.1,0.01047,0.038511
P02,sisyphus,1,18450,18475,25,0.1,0.00961,0.033721
P02,sisyphus,1,18475,18500,25,0.1,0.009541,0.033771
P02,sisyphus,1,18500,18525,25,0.1,0.0095,0.033801
P02,sisyphus,1,18525,18550,25,0.1,0.00948,0.034041
P02,sisyphus,1,18550,18575,25,0.1,0.00954,0.033711
P02,sisyphus,1,18575,18600,25,0.1,0.009631,0.033581
P02,sisyphus,1,18600,18625,25,0.1,0.00972,0.034411
P02,sisyphus,1,18625,18650,25,0.1,0.00983,0.034261
P02,sisyphus,1,18650,18675,25,0.1,0.00954,0.033961
P02,sisyphus,1,18675,18700,25,0.1,0.009731,0.03423
P02,sisyphus,1,18700,18725,25,0.1,0.009541,0.033771
P02,sisyphus,1,18725,18750,25,0.1,0.00961,0.034101
P02,sisyphus,1,18750,18775,25,0.1,0.00958,0.033631
P02,sisyphus,1,18775,18800,25,0.1,0.00954,0.033731
P02,sisyphus,1,18800,18825,25,0.1,0.009641,0.034091
P02,sisyphus,1,18825,18850,25,0.1,0.00962,0.034171
P02,sisyphus,1,18850,18875,25,0.1,0.00966,0.034011
P02,sisyphus,1,18875,18900,25,0.1,0.0096,0.033721
P02,sisyphus,1,18900,18925,25,0.1,0.009541,0.034231
P02,sisyphus,1,18925,18950,25,0.1,0.00955,0.034011
P02,sisyphus,1,18950,18975,25,0.1,0.00944,0.033531
P02,sisyphus,1,18975,19000,25,0.1,0.0095,0.034241
P02,sisyphus,1,19000,19025,25,0.1,0.00974,0.033751
P02,sisyphus,1,19025,19050,25,0.1,0.009601,0.034471
P02,sisyphus,1,19050,19075,25,0.1,0.00955,0.033861
P02,sisyphus,1,19075,19100,25,0.1,0.00974,0.034191
P02,sisyphus,1,19100,19125,25,0.1,0.00942,0.034061
P02,sisyphus,1,19125,19150,25,0.1,0.009531,0.034091
P02,sisyphus,1,19150,19175,25,0.1,0.00949,0.033891
P02,sisyphus,1,19175,19200,25,0.1,0.00968,0.033821
P02,sisyphus,1,19200,19225,25,0.1,0.00968,0.033851
P02,sisyphus,1,19225,19250,25,0.1,0.009391,0.03409
P02,sisyphus,1,19250,19275,25,0.1,0.009511,0.034281
P02,sisyphus,1,19275,19300,25,0.1,0.00957,0.034001
P02,sisyphus,1,19300,19325,25,0.1,0.00963,0.034341
P02,sisyphus,1,19325,19350,25,0.1,0.00962,0.034441
P02,sisyphus,1,19350,19375,25,0.1,0.009811,0.033741
P02,sisyphus,1,19375,19400,25,0.1,0.00966,0.034131
P02,sisyphus,1,19400,19425,25,0.1,0.00966,0.033951
P02,sisyphus,1,19425,19450,25,0.1,0.00952,0.033921
P02,sisyphus,1,19450,19475,25,0.1,0.009641,0.034021
P02,sisyphus,1,19475,19500,25,0.1,0.00957,0.034151
P02,sisyphus,1,19500,19525,25,0.1,0.00939,0.034001
P02,sisyphus,1,19525,19550,25,0.1,0.00946,0.034201
P02,sisyphus,1,19550,19575,25,0.1,0.009641,0.03416
P02,sisyphus,1,19575,19600,25,0.1,0.009671,0.034261
P02,sisyphus,1,19600,19625,25,0.1,0.00939,0.033921
P02,sisyphus,1,19625,19650,25,0.1,0.00958,0.034401
P02,sisyphus,1,19650,19675,25,0.1,0.00944,0.033791
P02,sisyphus,1,19675,19700,25,0.1,0.009611,0.075212
P02,sisyphus,1,19700,19725,25,0.1,0.01121,0.035781
P02,sisyphus,1,19725,19750,25,0.1,0.00985,0.033791
P02,sisyphus,1,19750,19775,25,0.1,0.009541,0.03382
P02,sisyphus,1,19775,19800,25,0.1,0.009771,0.033941
P02,sisyphus,1,19800,19825,25,0.1,0.00969,0.033881
P02,sisyphus,1,19825,19850,25,0.1,0.00956,0.034201
P02,sisyphus,1,19850,19875,25,0.1,0.00945,0.033891
P02,sisyphus,1,19875,19900,25,0.1,0.009601,0.0343
P02,sisyphus,1,19900,19925,25,0.1,0.00967,0.033971
P02,sisyphus,1,19925,19950,25,0.1,0.0097,0.033901
P02,sisyphus,1,19950,19975,25,0.1,0.00955,0.034451
P02,sisyphus,1,19975,20000,25,0.1,0.00972,0.034041
P02,sisyphus,1,20000,20025,25,0.1,0.009521,0.033961
P02,sisyphus,1,20025,20050,25,0.1,0.00963,0.033871
P02,sisyphus,1,20050,20075,25,0.1,0.00955,0.033741
P02,sisyphus,1,20075,20100,25,0.1,0.00965,0.033951
P02,sisyphus,1,20100,20125,25,0.1,0.00964,0.034161
P02,sisyphus,1,20125,20150,25,0.1,0.009821,0.034331
P02,sisyphus,1,20150,20175,25,0.1,0.0096,0.033931
P02,sisyphus,1,20175,20200,25,0.1,0.00971,0.034141
P02,sisyphus,1,20200,20225,25,0.1,0.00959,0.033781
P02,sisyphus,1,20225,20250,25,0.1,0.009481,0.03431
P02,sisyphus,1,20250,20275,25,0.1,0.009611,0.033701
P02,sisyphus,1,20275,20300,25,0.1,0.00944,0.033721
P02,sisyphus,1,20300,20325,25,0.1,0.00951,0.033611
P02,sisyphus,1,20325,20350,25,0.1,0.0095,0.034031
P02,sisyphus,1,20350,20375,25,0.1,0.009461,0.034
P02,sisyphus,1,20375,20400,25,0.1,0.009731,0.033721
P02,sisyphus,1,20400,20425,25,0.1,0.0096,0.033681
P02,sisyphus,1,20425,20450,25,0.1,0.00968,0.033881
P02,sisyphus,1,20450,20475,25,0.1,0.00971,0.033531
P02,sisyphus,1,20475,20500,25,0.1,0.009541,0.03384
P02,sisyphus,1,20500,20525,25,0.1,0.009751,0.034051
P02,sisyphus,1,20525,20550,25,0.1,0.00962,0.033891
P02,sisyphus,1,20550,20575,25,0.1,0.0095,0.034401
P02,sisyphus,1,20575,20600,25,0.1,0.00986,0.034001
P02,sisyphus,1,20600,20625,25,0.1,0.009741,0.034011
P02,sisyphus,1,20625,20650,25,0.1,0.01111,0.037341
P02,sisyphus,1,20650,20675,25,0.1,0.00963,0.034231
P02,sisyphus,1,20675,20700,25,0.1,0.00955,0.034121
P02,sisyphus,1,20700,20725,25,0.1,0.009631,0.03353
P02,sisyphus,1,20725,20750,25,0.1,0.00968,0.034161
P02,sisyphus,1,20750,20775,25,0.1,0.00961,0.034321
P02,sisyphus,1,20775,20800,25,0.1,0.00942,0.034001
P02,sisyphus,1,20800,20825,25,0.1,0.00942,0.034141
P02,sisyphus,1,20825,20850,25,0.1,0.009691,0.034211
P02,sisyphus,1,20850,20875,25,0.1,0.00969,0.033911
P02,sisyphus,1,20875,20900,25,0.1,0.00941,0.033781
P02,sisyphus,1,20900,20925,25,0.1,0.00965,0.033681
P02,sisyphus,1,20925,20950,25,0.1,0.00957,0.033871
P02,sisyphus,1,20950,20975,25,0.1,0.009531,0.033991
P02,sisyphus,1,20975,21000,25,0.1,0.00964,0.034301
P02,sisyphus,1,21000,21025,25,0.1,0.0096,0.033831
P02,sisyphus,1,21025,21050,25,0.1,0.0097,0.034241
P02,sisyphus,1,21050,21075,25,0.1,0.00946,0.034081
P02,sisyphus,1,21075,21100,25,0.1,0.009361,0.033731
P02,sisyphus,1,21100,21125,25,0.1,0.00954,0.033891
P02,sisyphus,1,21125,21150,25,0.1,0.00946,0.034141
P02,sisyphus,1,21150,21175,25,0.1,0.00997,0.035831
P02,sisyphus,1,21175,21200,25,0.1,0.009391,0.03395
P02,sisyphus,1,21200,21225,25,0.1,0.00939,0.033941
P02,sisyphus,1,21225,21250,25,0.1,0.00972,0.033701
P02,sisyphus,1,21250,21275,25,0.1,0.00961,0.033731
P02,sisyphus,1,21275,21300,25,0.1,0.0097,0.033931
P02,sisyphus,1,21300,21325,25,0.1,0.009521,0.03385
P02,sisyphus,1,21325,21350,25,0.1,0.00951,0.033891
P02,sisyphus,1,21350,21375,25,0.1,0.00961,0.033571
P02,sisyphus,1,21375,21400,25,0.1,0.00955,0.033781
P02,sisyphus,1,21400,21425,25,0.1,0.00959,0.033631
P02,sisyphus,1,21425,21450,25,0.1,0.009581,0.03365
P02,sisyphus,1,21450,21475,25,0.1,0.00967,0.033981
P02,sisyphus,1,21475,21500,25,0.1,0.0095,0.033971
P02,sisyphus,1,21500,21525,25,0.1,0.00955,0.033981
P02,sisyphus,1,21525,21550,25,0.1,0.00964,0.034331
P02,sisyphus,1,21550,21575,25,0.1,0.009531,0.034031
P02,sisyphus,1,21575,21600,25,0.1,0.00963,0.033631
P02,sisyphus,1,21600,21625,25,0.1,0.00959,0.033851
P02,sisyphus,1,21625,21650,25,0.1,0.00957,0.033881
P02,sisyphus,1,21650,21675,25,0.1,0.0095,0.034021
P02,sisyphus,1,21675,21700,25,0.1,0.009471,0.033551
P02,sisyphus,1,21700,21725,25,0.1,0.00953,0.033571
P02,sisyphus,1,21725,21750,25,0.1,0.00941,0.036571
P02,sisyphus,1,21750,21775,25,0.1,0.01156,0.036531
P02,sisyphus,1,21775,21800,25,0.1,0.009651,0.034201
P02,sisyphus,1,21800,21825,25,0.1,0.00934,0.033941
P02,sisyphus,1,21825,21850,25,0.1,0.00963,0.034031
P02,sisyphus,1,21850,21875,25,0.1,0.00956,0.034011
P02,sisyphus,1,21875,21900,25,0.1,0.00957,0.047192
P02,sisyphus,1,21900,21925,25,0.1,0.01113,0.035011
P02,sisyphus,1,21925,21950,25,0.1,0.00976,0.033981
P02,sisyphus,1,21950,21975,25,0.1,0.009481,0.03442
P02,sisyphus,1,21975,22000,25,0.1,0.00977,0.034271
P02,sisyphus,1,22000,22025,25,0.1,0.00973,0.034061
P02,sisyphus,1,22025,22050,25,0.1,0.00961,0.034081
P02,sisyphus,1,22050,22075,25,0.1,0.00967,0.034151
P02,sisyphus,1,22075,22100,25,0.1,0.009521,0.034201
P02,sisyphus,1,22100,22125,25,0.1,0.00964,0.034271
P02,sisyphus,1,22125,22150,25,0.1,0.00952,0.033981
P02,sisyphus,1,22150,22175,25,0.1,0.00968,0.033751
P02,sisyphus,1,22175,22200,25,0.1,0.00973,0.033891
P02,sisyphus,1,22200,22225,25,0.1,0.009391,0.034191
P02,sisyphus,1,22225,22250,25,0.1,0.00942,0.033971
P02,sisyphus,1,22250,22275,25,0.1,0.00944,0.033821
P02,sisyphus,1,22275,22300,25,0.1,0.00946,0.034531
P02,sisyphus,1,22300,22325,25,0.1,0.009531,0.03401
P02,sisyphus,1,22325,22350,25,0.1,0.009511,0.034211
P02,sisyphus,1,22350,22375,25,0.1,0.00957,0.034011
P02,sisyphus,1,22375,22400,25,0.1,0.00947,0.033991
P02,sisyphus,1,22400,22425,25,0.1,0.00964,0.034031
P02,sisyphus,1,22425,22450,25,0.1,0.009401,0.03424
P02,sisyphus,1,22450,22475,25,0.1,0.00959,0.034111
P02,sisyphus,1,22475,22500,25,0.1,0.00969,0.034081
P02,sisyphus,1,22500,22525,25,0.1,0.00953,0.034531
P02,sisyphus,1,22525,22550,25,0.1,0.00971,0.034351
P02,sisyphus,1,22550,22575,25,0.1,0.009391,0.034061
P02,sisyphus,1,22575,22600,25,0.1,0.00965,0.034001
P02,sisyphus,1,22600,22625,25,0.1,0.00942,0.033711
P02,sisyphus,1,22625,22650,25,0.1,0.00962,0.033971
P02,sisyphus,1,22650,22675,25,0.1,0.00961,0.033571
P02,sisyphus,1,22675,22700,25,0.1,0.009501,0.033851
P02,sisyphus,1,22700,22725,25,0.1,0.00964,0.034121
P02,sisyphus,1,22725,22750,25,0.1,0.0096,0.034101
P02,sisyphus,1,22750,22775,25,0.1,0.0096,0.034171
P02,sisyphus,1,22775,22800,25,0.1,0.00957,0.033681
P02,sisyphus,1,22800,22825,25,0.1,0.009601,0.033651
P02,sisyphus,1,22825,22850,25,0.1,0.00938,0.034181
P02,sisyphus,1,22850,22875,25,0.1,0.00939,0.034021
P02,sisyphus,1,22875,22900,25,0.1,0.00943,0.034111
P02,sisyphus,1,22900,22925,25,0.1,0.009471,0.03403
P02,sisyphus,1,22925,22950,25,0.1,0.009471,0.034131
P02,sisyphus,1,22950,22975,25,0.1,0.00963,0.033611
P02,sisyphus,1,22975,23000,25,0.1,0.00965,0.033951
P02,sisyphus,1,23000,23025,25,0.1,0.00944,0.033931
P02,sisyphus,1,23025,23050,25,0.1,0.009701,0.03412
P02,sisyphus,1,23050,23075,25,0.1,0.009741,0.033811
P02,sisyphus,1,23075,23100,25,0.1,0.00955,0.034041
P02,sisyphus,1,23100,23125,25,0.1,0.0093,0.033981
P02,sisyphus,1,23125,23150,25,0.1,0.0096,0.033991
P02,sisyphus,1,23150,23175,25,0.1,0.009471,0.03369
P02,sisyphus,1,23175,23200,25,0.1,0.00964,0.033781
P02,sisyphus,1,23200,23225,25,0.1,0.00958,0.033921
P02,sisyphus,1,23225,23250,25,0.1,0.0096,0.033781
P02,sisyphus,1,23250,23275,25,0.1,0.00953,0.033581
P02,sisyphus,1,23275,23300,25,0.1,0.009421,0.03389
P02,sisyphus,1,23300,23325,25,0.1,0.00959,0.034371
P02,sisyphus,1,23325,23350,25,0.1,0.00966,0.033851
P02,sisyphus,1,23350,23375,25,0.1,0.00953,0.034011
P02,sisyphus,1,23375,23400,25,0.1,0.00942,0.034101
P02,sisyphus,1,23400,23425,25,0.1,0.009691,0.034071
P02,sisyphus,1,23425,23450,25,0.1,0.00946,0.034291
P02,sisyphus,1,23450,23475,25,0.1,0.0096,0.033871
P02,sisyphus,1,23475,23500,25,0.1,0.00973,0.034091
P02,sisyphus,1,23500,23525,25,0.1,0.00959,0.033601
P02,sisyphus,1,23525,23550,25,0.1,0.009741,0.033861
P02,sisyphus,1,23550,23575,25,0.1,0.00949,0.033931
P02,sisyphus,1,23575,23600,25,0.1,0.00954,0.033631
P02,sisyphus,1,23600,23625,25,0.1,0.00943,0.033641
P02,sisyphus,1,23625,23650,25,0.1,0.00947,0.034051
P02,sisyphus,1,23650,23675,25,0.1,0.009501,0.034201
P02,sisyphus,1,23675,23700,25,0.1,0.00966,0.033861
P02,sisyphus,1,23700,23725,25,0.1,0.00959,0.034071
P02,sisyphus,1,23725,23750,25,0.1,0.00976,0.034081
P02,sisyphus,1,23750,23775,25,0.1,0.0096,0.033821
P02,sisyphus,1,23775,23800,25,0.1,0.009601,0.034091
P02,sisyphus,1,23800,23825,25,0.1,0.00963,0.034071
P02,sisyphus,1,23825,23850,25,0.1,0.00942,0.033941
P02,sisyphus,1,23850,23875,25,0.1,0.00958,0.033561
P02,sisyphus,1,23875,23900,25,0.1,0.009611,0.03436
P02,sisyphus,1,23900,23925,25,0.1,0.009401,0.033921
P02,sisyphus,1,23925,23950,25,0.1,0.00949,0.034011
P02,sisyphus,1,23950,23975,25,0.1,0.0094,0.034591
P02,sisyphus,1,23975,24000,25,0.1,0.00949,0.034211
P02,sisyphus,1,24000,24025,25,0.1,0.009541,0.03442
P02,sisyphus,1,24025,24050,25,0.1,0.00972,0.034211
P02,sisyphus,1,24050,24075,25,0.1,0.0097,0.034571
P02,sisyphus,1,24075,24100,25,0.1,0.00978,0.034041
P02,sisyphus,1,24100,24125,25,0.1,0.00968,0.041442
P02,sisyphus,1,24125,24150,25,0.1,0.01008,0.034251
P02,sisyphus,1,24150,24175,25,0.1,0.00952,0.033771
P02,sisyphus,1,24175,24200,25,0.1,0.00955,0.034041
P02,sisyphus,1,24200,24225,25,0.1,0.009751,0.033961
P02,sisyphus,1,24225,24250,25,0.1,0.00948,0.034301
P02,sisyphus,1,24250,24275,25,0.1,0.0096,0.034131
P02,sisyphus,1,24275,24300,25,0.1,0.00949,0.034151
P02,sisyphus,1,24300,24325,25,0.1,0.009581,0.03372
P02,sisyphus,1,24325,24350,25,0.1,0.009521,0.034071
P02,sisyphus,1,24350,24375,25,0.1,0.00959,0.034331
P02,sisyphus,1,24375,24400,25,0.1,0.00968,0.034211
P02,sisyphus,1,24400,24425,25,0.1,0.00955,0.033751
P02,sisyphus,1,24425,24450,25,0.1,0.009501,0.033971
P02,sisyphus,1,24450,24475,25,0.1,0.00959,0.033791
P02,sisyphus,1,24475,24500,25,0.1,0.00955,0.036631
P02,sisyphus,1,24500,24525,25,0.1,0.00967,0.033931
P02,sisyphus,1,24525,24550,25,0.1,0.009361,0.033891
P02,sisyphus,1,24550,24575,25,0.1,0.00964,0.033911
P02,sisyphus,1,24575,24600,25,0.1,0.00951,0.033861
P02,sisyphus,1,24600,24625,25,0.1,0.00951,0.033801
P02,sisyphus,1,24625,24650,25,0.1,0.009711,0.03387
P02,sisyphus,1,24650,24675,25,0.1,0.00959,0.033881
P02,sisyphus,1,24675,24700,25,0.1,0.00946,0.033821
P02,sisyphus,1,24700,24725,25,0.1,0.00957,0.034411
P02,sisyphus,1,24725,24750,25,0.1,0.00961,0.033701
P02,sisyphus,1,24750,24775,25,0.1,0.009491,0.033591
P02,sisyphus,1,24775,24800,25,0.1,0.00938,0.033651
P02,sisyphus,1,24800,24825,25,0.1,0.00951,0.033831
P02,sisyphus,1,24825,24850,25,0.1,0.0095,0.033921
P02,sisyphus,1,24850,24875,25,0.1,0.009401,0.0339
P02,sisyphus,1,24875,24900,25,0.1,0.009541,0.033921
P02,sisyphus,1,24900,24925,25,0.1,0.00962,0.034001
P02,sisyphus,1,24925,24950,25,0.1,0.00936,0.033381
P02,sisyphus,1,24950,24975,25,0.1,0.00929,0.034001
P02,sisyphus,1,24975,25000,25,0.1,0.009371,0.034111
P02,sisyphus,1,25000,25025,25,0.1,0.00964,0.034001
P02,sisyphus,1,25025,25050,25,0.1,0.00951,0.034071
P02,sisyphus,1,25050,25075,25,0.1,0.00966,0.034401
P02,sisyphus,1,25075,25100,25,0.1,0.011671,0.039371
P02,sisyphus,1,25100,25125,25,0.1,0.00979,0.034261
P02,sisyphus,1,25125,25150,25,0.1,0.00977,0.034071
P02,sisyphus,1,25150,25175,25,0.1,0.00962,0.033951
P02,sisyphus,1,25175,25200,25,0.1,0.009451,0.034191
P02,sisyphus,1,25200,25225,25,0.1,0.00962,0.033821
P02,sisyphus,1,25225,25250,25,0.1,0.00942,0.034121
P02,sisyphus,1,25250,25275,25,0.1,0.00949,0.034241
P02,sisyphus,1,25275,25300,25,0.1,0.009401,0.033871
P02,sisyphus,1,25300,25325,25,0.1,0.00961,0.033731
P02,sisyphus,1,25325,25350,25,0.1,0.00961,0.033951
P02,sisyphus,1,25350,25375,25,0.1,0.00964,0.034061
P02,sisyphus,1,25375,25400,25,0.1,0.009411,0.03368
P02,sisyphus,1,25400,25425,25,0.1,0.009541,0.033941
P02,sisyphus,1,25425,25450,25,0.1,0.00939,0.033801
P02,sisyphus,1,25450,25475,25,0.1,0.00961,0.034021
P02,sisyphus,1,25475,25500,25,0.1,0.00936,0.033951
P02,sisyphus,1,25500,25525,25,0.1,0.009261,0.034161
P02,sisyphus,1,25525,25550,25,0.1,0.00934,0.034121
P02,sisyphus,1,25550,25575,25,0.1,0.00934,0.033581
P02,sisyphus,1,25575,25600,25,0.1,0.00932,0.033941
P02,sisyphus,1,25600,25625,25,0.1,0.009561,0.03415
P02,sisyphus,1,25625,25650,25,0.1,0.009751,0.038511
P02,sisyphus,1,25650,25675,25,0.1,0.0096,0.034201
P02,sisyphus,1,25675,25700,25,0.1,0.0095,0.034301
P02,sisyphus,1,25700,25725,25,0.1,0.009481,0.034141
P02,sisyphus,1,25725,25750,25,0.1,0.00962,0.034161
P02,sisyphus,1,25750,25775,25,0.1,0.00962,0.033741
P02,sisyphus,1,25775,25800,25,0.1,0.00945,0.033981
P02,sisyphus,1,25800,25825,25,0.1,0.0096,0.034211
P02,sisyphus,1,25825,25850,25,0.1,0.009671,0.034111
P02,sisyphus,1,25850,25875,25,0.1,0.0096,0.033981
P02,sisyphus,1,25875,25900,25,0.1,0.00948,0.034071
P02,sisyphus,1,25900,25925,25,0.1,0.00943,0.033691
P02,sisyphus,1,25925,25950,25,0.1,0.009441,0.034151
P02,sisyphus,1,25950,25975,25,0.1,0.00981,0.033821
P02,sisyphus,1,25975,26000,25,0.1,0.00952,0.034361
P02,sisyphus,1,26000,26025,25,0.1,0.00969,0.034241
P02,sisyphus,1,26025,26050,25,0.1,0.009541,0.03426
P02,sisyphus,1,26050,26075,25,0.1,0.00935,0.034011
P02,sisyphus,1,26075,26100,25,0.1,0.00947,0.034231
P02,sisyphus,1,26100,26125,25,0.1,0.00956,0.033861
P02,sisyphus,1,26125,26150,25,0.1,0.00953,0.033941
P02,sisyphus,1,26150,26175,25,0.1,0.009601,0.034041
P02,sisyphus,1,26175,26200,25,0.1,0.00964,0.033991
P02,sisyphus,1,26200,26225,25,0.1,0.00956,0.033511
P02,sisyphus,1,26225,26250,25,0.1,0.00972,0.033691
P02,sisyphus,1,26250,26275,25,0.1,0.009601,0.033891
P02,sisyphus,1,26275,26300,25,0.1,0.00948,0.033871
P02,sisyphus,1,26300,26325,25,0.1,0.00978,0.034321
P02,sisyphus,1,26325,26350,25,0.1,0.0096,0.065122
P02,sisyphus,1,26350,26375,25,0.1,0.0116,0.035491
P02,sisyphus,1,26375,26400,25,0.1,0.009841,0.034181
P02,sisyphus,1,26400,26425,25,0.1,0.00951,0.034341
P02,sisyphus,1,26425,26450,25,0.1,0.00978,0.033911
P02,sisyphus,1,26450,26475,25,0.1,0.00947,0.033971
P02,sisyphus,1,26475,26500,25,0.1,0.0095,0.033941
P02,sisyphus,1,26500,26525,25,0.1,0.009581,0.033871
P02,sisyphus,1,26525,26550,25,0.1,0.00964,0.034011
P02,sisyphus,1,26550,26575,25,0.1,0.00969,0.034091
P02,sisyphus,1,26575,26600,25,0.1,0.00938,0.033941
P02,sisyphus,1,26600,26625,25,0.1,0.00933,0.03412
P02,sisyphus,1,26625,26650,25,0.1,0.009681,0.033871
P02,sisyphus,1,26650,26675,25,0.1,0.00968,0.034131
P02,sisyphus,1,26675,26700,25,0.1,0.00963,0.033971
P02,sisyphus,1,26700,26725,25,0.1,0.00952,0.033991
P02,sisyphus,1,26725,26750,25,0.1,0.009591,0.03413
P02,sisyphus,1,26750,26775,25,0.1,0.00979,0.034121
P02,sisyphus,1,26775,26800,25,0.1,0.00963,0.033751
P02,sisyphus,1,26800,26825,25,0.1,0.00949,0.033571
P02,sisyphus,1,26825,26850,25,0.1,0.00964,0.034161
P02,sisyphus,1,26850,26875,25,0.1,0.009781,0.033841
P02,sisyphus,1,26875,26900,25,0.1,0.00957,0.034371
P02,sisyphus,1,26900,26925,25,0.1,0.00976,0.033631
P02,sisyphus,1,26925,26950,25,0.1,0.00956,0.033581
P02,sisyphus,1,26950,26975,25,0.1,0.00978,0.033771
P02,sisyphus,1,26975,27000,25,0.1,0.009471,0.033591
P02,sisyphus,1,27000,27025,25,0.1,0.00941,0.033421
P02,sisyphus,1,27025,27050,25,0.1,0.00967,0.034091
P02,sisyphus,1,27050,27075,25,0.1,0.00938,0.033921
P02,sisyphus,1,27075,27100,25,0.1,0.00961,0.033811
P02,sisyphus,1,27100,27125,25,0.1,0.009581,0.034011
P02,sisyphus,1,27125,27150,25,0.1,0.00953,0.034031
P02,sisyphus,1,27150,27175,25,0.1,0.00964,0.034081
P02,sisyphus,1,27175,27200,25,0.1,0.00956,0.034071
P02,sisyphus,1,27200,27225,25,0.1,0.00952,0.033831
P02,sisyphus,1,27225,27250,25,0.1,0.009841,0.034371
P02,sisyphus,1,27250,27275,25,0.1,0.00964,0.036511
P02,sisyphus,1,27275,27300,25,0.1,0.00972,0.033701
P02,sisyphus,1,27300,27325,25,0.1,0.00948,0.033811
P02,sisyphus,1,27325,27350,25,0.1,0.009401,0.03386
P02,sisyphus,1,27350,27375,25,0.1,0.009631,0.033681
P02,sisyphus,1,27375,27400,25,0.1,0.00966,0.033301
P02,sisyphus,1,27400,27425,25,0.1,0.00955,0.033731
P02,sisyphus,1,27425,27450,25,0.1,0.00947,0.033931
P02,sisyphus,1,27450,27475,25,0.1,0.009621,0.03415
P02,sisyphus,1,27475,27500,25,0.1,0.0094,0.033701
P02,sisyphus,1,27500,27525,25,0.1,0.0095,0.033961
P02,sisyphus,1,27525,27550,25,0.1,0.00962,0.033961
P02,sisyphus,1,27550,27575,25,0.1,0.00949,0.034111
P02,sisyphus,1,27575,27600,25,0.1,0.009311,0.033741
P02,sisyphus,1,27600,27625,25,0.1,0.00945,0.033871
P02,sisyphus,1,27625,27650,25,0.1,0.00967,0.033511
P02,sisyphus,1,27650,27675,25,0.1,0.00961,0.033711
P02,sisyphus,1,27675,27700,25,0.1,0.00944,0.033841
P02,sisyphus,1,27700,27725,25,0.1,0.009391,0.033621
P02,sisyphus,1,27725,27750,25,0.1,0.00968,0.033571
P02,sisyphus,1,27750,27775,25,0.1,0.00963,0.033511
P02,sisyphus,1,27775,27800,25,0.1,0.00942,0.033661
P02,sisyphus,1,27800,27825,25,0.1,0.00955,0.033751
P02,sisyphus,1,27825,27850,25,0.1,0.009691,0.035851
P02,sisyphus,1,27850,27875,25,0.1,0.01095,0.037981
P02,sisyphus,1,27875,27900,25,0.1,0.00944,0.033551
P02,sisyphus,1,27900,27925,25,0.1,0.00963,0.034201
P02,sisyphus,1,27925,27950,25,0.1,0.009791,0.034031
P02,sisyphus,1,27950,27975,25,0.1,0.00972,0.033981
P02,sisyphus,1,27975,28000,25,0.1,0.00946,0.034101
P02,sisyphus,1,28000,28025,25,0.1,0.0096,0.034181
P02,sisyphus,1,28025,28050,25,0.1,0.00956,0.033851
P02,sisyphus,1,28050,28075,25,0.1,0.009651,0.033691
P02,sisyphus,1,28075,28100,25,0.1,0.00946,0.033541
P02,sisyphus,1,28100,28125,25,0.1,0.00953,0.033911
P02,sisyphus,1,28125,28150,25,0.1,0.00952,0.034071
P02,sisyphus,1,28150,28175,25,0.1,0.00951,0.034031
P02,sisyphus,1,28175,28200,25,0.1,0.009591,0.033531
P02,sisyphus,1,28200,28225,25,0.1,0.00949,0.034031
P02,sisyphus,1,28225,28250,25,0.1,0.00949,0.033891
P02,sisyphus,1,28250,28275,25,0.1,0.00975,0.033721
P02,sisyphus,1,28275,28300,25,0.1,0.00955,0.033741
P02,sisyphus,1,28300,28325,25,0.1,0.009521,0.033881
P02,sisyphus,1,28325,28350,25,0.1,0.00946,0.034161
P02,sisyphus,1,28350,28375,25,0.1,0.00954,0.034161
P02,sisyphus,1,28375,28400,25,0.1,0.00974,0.034241
P02,sisyphus,1,28400,28425,25,0.1,0.009671,0.03456
P02,sisyphus,1,28425,28450,25,0.1,0.009801,0.033801
P02,sisyphus,1,28450,28475,25,0.1,0.00972,0.033631
P02,sisyphus,1,28475,28500,25,0.1,0.00947,0.033791
P02,sisyphus,1,28500,28525,25,0.1,0.00969,0.033741
P02,sisyphus,1,28525,28550,25,0.1,0.009591,0.040761
P02,sisyphus,1,28550,28575,25,0.1,0.01035,0.034561
P02,sisyphus,1,28575,28600,25,0.1,0.00931,0.034041
P02,sisyphus,1,28600,28625,25,0.1,0.00958,0.033781
P02,sisyphus,1,28625,28627,2,0.008,0.009451,0.03283
P02,shape_sorter_interaction,1,0,25,25,0.1,0.020561,0.090082
P02,shape_sorter_interaction,1,25,50,25,0.1,0.01772,0.057532
P02,shape_sorter_interaction,1,50,75,25,0.1,0.01536,0.054021
P02,shape_sorter_interaction,1,75,100,25,0.1,0.0149,0.052251
P02,shape_sorter_interaction,1,100,125,25,0.1,0.014811,0.052351
P02,shape_sorter_interaction,1,125,150,25,0.1,0.014681,0.052021
P02,shape_sorter_interaction,1,150,175,25,0.1,0.014681,0.052221
P02,shape_sorter_interaction,1,175,200,25,0.1,0.01445,0.051752
P02,shape_sorter_interaction,1,200,225,25,0.1,0.01449,0.051372
P02,shape_sorter_interaction,1,225,250,25,0.1,0.01451,0.050931
P02,shape_sorter_interaction,1,250,275,25,0.1,0.014431,0.051241
P02,shape_sorter_interaction,1,275,300,25,0.1,0.014511,0.051521
P02,shape_sorter_interaction,1,300,325,25,0.1,0.014681,0.051381
P02,shape_sorter_interaction,1,325,350,25,0.1,0.0144,0.051692
P02,shape_sorter_interaction,1,350,375,25,0.1,0.01416,0.051592
P02,shape_sorter_interaction,1,375,400,25,0.1,0.01435,0.052121
P02,shape_sorter_interaction,1,400,425,25,0.1,0.014541,0.053611
P02,shape_sorter_interaction,1,425,450,25,0.1,0.014711,0.052251
P02,shape_sorter_interaction,1,450,475,25,0.1,0.014611,0.052791
P02,shape_sorter_interaction,1,475,500,25,0.1,0.014871,0.053551
P02,shape_sorter_interaction,1,500,525,25,0.1,0.01442,0.052352
P02,shape_sorter_interaction,1,525,550,25,0.1,0.0147,0.101663
P02,shape_sorter_interaction,1,550,575,25,0.1,0.018141,0.055041
P02,shape_sorter_interaction,1,575,600,25,0.1,0.015131,0.052601
P02,shape_sorter_interaction,1,600,625,25,0.1,0.01464,0.051811
P02,shape_sorter_interaction,1,625,650,25,0.1,0.01441,0.051712
P02,shape_sorter_interaction,1,650,675,25,0.1,0.01469,0.051472
P02,shape_sorter_interaction,1,675,700,25,0.1,0.01458,0.051452
P02,shape_sorter_interaction,1,700,725,25,0.1,0.0145,0.051231
P02,shape_sorter_interaction,1,725,750,25,0.1,0.014381,0.052911
P02,shape_sorter_interaction,1,750,775,25,0.1,0.014451,0.052071
P02,shape_sorter_interaction,1,775,800,25,0.1,0.014651,0.052071
P02,shape_sorter_interaction,1,800,825,25,0.1,0.01433,0.052441
P02,shape_sorter_interaction,1,825,850,25,0.1,0.01484,0.052142
P02,shape_sorter_interaction,1,850,875,25,0.1,0.015501,0.052851
P02,shape_sorter_interaction,1,875,900,25,0.1,0.014561,0.052321
P02,shape_sorter_interaction,1,900,925,25,0.1,0.01473,0.051502
P02,shape_sorter_interaction,1,925,950,25,0.1,0.01493,0.052122
P02,shape_sorter_interaction,1,950,975,25,0.1,0.01466,0.052832
P02,shape_sorter_interaction,1,975,1000,25,0.1,0.01483,0.052212
P02,shape_sorter_interaction,1,1000,1025,25,0.1,0.01491,0.051701
P02,shape_sorter_interaction,1,1025,1050,25,0.1,0.014691,0.051571
P02,shape_sorter_interaction,1,1050,1075,25,0.1,0.014701,0.051941
P02,shape_sorter_interaction,1,1075,1100,25,0.1,0.014701,0.051951
P02,shape_sorter_interaction,1,1100,1125,25,0.1,0.01459,0.052031
P02,shape_sorter_interaction,1,1125,1150,25,0.1,0.01467,0.051062
P02,shape_sorter_interaction,1,1150,1175,25,0.1,0.01459,0.052142
P02,shape_sorter_interaction,1,1175,1200,25,0.1,0.01463,0.051832
P02,shape_sorter_interaction,1,1200,1225,25,0.1,0.01543,0.052042
P02,shape_sorter_interaction,1,1225,1250,25,0.1,0.01474,0.052282
P02,shape_sorter_interaction,1,1250,1275,25,0.1,0.01488,0.052041
P02,shape_sorter_interaction,1,1275,1300,25,0.1,0.014611,0.052011
P02,shape_sorter_interaction,1,1300,1325,25,0.1,0.014761,0.051941
P02,shape_sorter_interaction,1,1325,1350,25,0.1,0.015041,0.052061
P02,shape_sorter_interaction,1,1350,1375,25,0.1,0.0149,0.051741
P02,shape_sorter_interaction,1,1375,1400,25,0.1,0.01459,0.051262
P02,shape_sorter_interaction,1,1400,1425,25,0.1,0.01463,0.052502
P02,shape_sorter_interaction,1,1425,1450,25,0.1,0.01474,0.052082
P02,shape_sorter_interaction,1,1450,1475,25,0.1,0.01457,0.051471
P02,shape_sorter_interaction,1,1475,1500,25,0.1,0.014131,0.051211
P02,shape_sorter_interaction,1,1500,1525,25,0.1,0.014761,0.051211
P02,shape_sorter_interaction,1,1525,1550,25,0.1,0.014721,0.051931
P02,shape_sorter_interaction,1,1550,1575,25,0.1,0.01481,0.051882
P02,shape_sorter_interaction,1,1575,1600,25,0.1,0.01462,0.052332
P02,shape_sorter_interaction,1,1600,1625,25,0.1,0.01494,0.051932
P02,shape_sorter_interaction,1,1625,1650,25,0.1,0.01451,0.051882
P02,shape_sorter_interaction,1,1650,1675,25,0.1,0.01454,0.051121
P02,shape_sorter_interaction,1,1675,1700,25,0.1,0.014651,0.051901
P02,shape_sorter_interaction,1,1700,1725,25,0.1,0.014651,0.051721
P02,shape_sorter_interaction,1,1725,1750,25,0.1,0.014811,0.051481
P02,shape_sorter_interaction,1,1750,1775,25,0.1,0.0147,0.051732
P02,shape_sorter_interaction,1,1775,1800,25,0.1,0.01477,0.051762
P02,shape_sorter_interaction,1,1800,1825,25,0.1,0.01475,0.051802
P02,shape_sorter_interaction,1,1825,1850,25,0.1,0.01447,0.051821
P02,shape_sorter_interaction,1,1850,1875,25,0.1,0.01472,0.052211
P02,shape_sorter_interaction,1,1875,1900,25,0.1,0.014711,0.051551
P02,shape_sorter_interaction,1,1900,1925,25,0.1,0.014691,0.052391
P02,shape_sorter_interaction,1,1925,1950,25,0.1,0.014961,0.051981
P02,shape_sorter_interaction,1,1950,1975,25,0.1,0.01486,0.115883
P02,shape_sorter_interaction,1,1975,2000,25,0.1,0.02165,0.058412
P02,shape_sorter_interaction,1,2000,2025,25,0.1,0.01555,0.052942
P02,shape_sorter_interaction,1,2025,2050,25,0.1,0.01473,0.052012
P02,shape_sorter_interaction,1,2050,2075,25,0.1,0.01474,0.051642
P02,shape_sorter_interaction,1,2075,2100,25,0.1,0.01466,0.051531
P02,shape_sorter_interaction,1,2100,2125,25,0.1,0.014611,0.052331
P02,shape_sorter_interaction,1,2125,2150,25,0.1,0.014731,0.051521
P02,shape_sorter_interaction,1,2150,2175,25,0.1,0.01478,0.052072
P02,shape_sorter_interaction,1,2175,2200,25,0.1,0.01491,0.052192
P02,shape_sorter_interaction,1,2200,2225,25,0.1,0.01462,0.051402
P02,shape_sorter_interaction,1,2225,2250,25,0.1,0.0144,0.052031
P02,shape_sorter_interaction,1,2250,2275,25,0.1,0.014721,0.052481
P02,shape_sorter_interaction,1,2275,2300,25,0.1,0.014571,0.052171
P02,shape_sorter_interaction,1,2300,2325,25,0.1,0.014581,0.052341
P02,shape_sorter_interaction,1,2325,2350,25,0.1,0.01479,0.051802
P02,shape_sorter_interaction,1,2350,2375,25,0.1,0.01458,0.051452
P02,shape_sorter_interaction,1,2375,2400,25,0.1,0.01466,0.052072
P02,shape_sorter_interaction,1,2400,2425,25,0.1,0.01458,0.051111
P02,shape_sorter_interaction,1,2425,2450,25,0.1,0.014781,0.051741
P02,shape_sorter_interaction,1,2450,2475,25,0.1,0.014631,0.051601
P02,shape_sorter_interaction,1,2475,2500,25,0.1,0.0146,0.052472
P02,shape_sorter_interaction,1,2500,2525,25,0.1,0.01463,0.051392
P02,shape_sorter_interaction,1,2525,2550,25,0.1,0.01438,0.051912
P02,shape_sorter_interaction,1,2550,2575,25,0.1,0.01464,0.051261
P02,shape_sorter_interaction,1,2575,2600,25,0.1,0.014151,0.051641
P02,shape_sorter_interaction,1,2600,2625,25,0.1,0.014341,0.051601
P02,shape_sorter_interaction,1,2625,2650,25,0.1,0.01465,0.051662
P02,shape_sorter_interaction,1,2650,2675,25,0.1,0.01453,0.050992
P02,shape_sorter_interaction,1,2675,2700,25,0.1,0.01441,0.051232
P02,shape_sorter_interaction,1,2700,2725,25,0.1,0.01455,0.051491
P02,shape_sorter_interaction,1,2725,2750,25,0.1,0.014651,0.051591
P02,shape_sorter_interaction,1,2750,2775,25,0.1,0.014491,0.051771
P02,shape_sorter_interaction,1,2775,2800,25,0.1,0.01479,0.051442
P02,shape_sorter_interaction,1,2800,2825,25,0.1,0.01452,0.051892
P02,shape_sorter_interaction,1,2825,2850,25,0.1,0.0148,0.051772
P02,shape_sorter_interaction,1,2850,2875,25,0.1,0.01467,0.051301
P02,shape_sorter_interaction,1,2875,2900,25,0.1,0.014311,0.051711
P02,shape_sorter_interaction,1,2900,2925,25,0.1,0.014551,0.051321
P02,shape_sorter_interaction,1,2925,2950,25,0.1,0.01473,0.052002
P02,shape_sorter_interaction,1,2950,2975,25,0.1,0.01509,0.052622
P02,shape_sorter_interaction,1,2975,3000,25,0.1,0.01468,0.052192
P02,shape_sorter_interaction,1,3000,3025,25,0.1,0.01452,0.050791
P02,shape_sorter_interaction,1,3025,3050,25,0.1,0.014811,0.051471
P02,shape_sorter_interaction,1,3050,3075,25,0.1,0.014631,0.051411
P02,shape_sorter_interaction,1,3075,3100,25,0.1,0.014801,0.052081
P02,shape_sorter_interaction,1,3100,3125,25,0.1,0.0149,0.052082
P02,shape_sorter_interaction,1,3125,3150,25,0.1,0.01486,0.052512
P02,shape_sorter_interaction,1,3150,3175,25,0.1,0.01449,0.051992
P02,shape_sorter_interaction,1,3175,3200,25,0.1,0.01464,0.051521
P02,shape_sorter_interaction,1,3200,3225,25,0.1,0.014701,0.051751
P02,shape_sorter_interaction,1,3225,3250,25,0.1,0.014661,0.052271
P02,shape_sorter_interaction,1,3250,3275,25,0.1,0.014771,0.051771
P02,shape_sorter_interaction,1,3275,3300,25,0.1,0.01483,0.051652
P02,shape_sorter_interaction,1,3300,3325,25,0.1,0.01445,0.051012
P02,shape_sorter_interaction,1,3325,3350,25,0.1,0.01444,0.052071
P02,shape_sorter_interaction,1,3350,3375,25,0.1,0.014671,0.052271
P02,shape_sorter_interaction,1,3375,3400,25,0.1,0.014711,0.052511
P02,shape_sorter_interaction,1,3400,3425,25,0.1,0.037091,0.068652
P02,shape_sorter_interaction,1,3425,3450,25,0.1,0.016491,0.053361
P02,shape_sorter_interaction,1,3450,3475,25,0.1,0.01506,0.051681
P02,shape_sorter_interaction,1,3475,3500,25,0.1,0.01441,0.051792
P02,shape_sorter_interaction,1,3500,3525,25,0.1,0.01455,0.051752
P02,shape_sorter_interaction,1,3525,3550,25,0.1,0.01478,0.051771
P02,shape_sorter_interaction,1,3550,3575,25,0.1,0.014681,0.051941
P02,shape_sorter_interaction,1,3575,3600,25,0.1,0.014851,0.051761
P02,shape_sorter_interaction,1,3600,3625,25,0.1,0.014831,0.052541
P02,shape_sorter_interaction,1,3625,3650,25,0.1,0.01473,0.051912
P02,shape_sorter_interaction,1,3650,3675,25,0.1,0.01466,0.051462
P02,shape_sorter_interaction,1,3675,3700,25,0.1,0.01484,0.051802
P02,shape_sorter_interaction,1,3700,3725,25,0.1,0.01476,0.051421
P02,shape_sorter_interaction,1,3725,3750,25,0.1,0.014911,0.051741
P02,shape_sorter_interaction,1,3750,3775,25,0.1,0.014661,0.051341
P02,shape_sorter_interaction,1,3775,3800,25,0.1,0.014681,0.050961
P02,shape_sorter_interaction,1,3800,3825,25,0.1,0.01462,0.050772
P02,shape_sorter_interaction,1,3825,3850,25,0.1,0.01449,0.051492
P02,shape_sorter_interaction,1,3850,3875,25,0.1,0.01493,0.051371
P02,shape_sorter_interaction,1,3875,3900,25,0.1,0.014551,0.051381
P02,shape_sorter_interaction,1,3900,3925,25,0.1,0.014731,0.051461
P02,shape_sorter_interaction,1,3925,3950,25,0.1,0.01461,0.051282
P02,shape_sorter_interaction,1,3950,3975,25,0.1,0.01455,0.052202
P02,shape_sorter_interaction,1,3975,4000,25,0.1,0.01448,0.052142
P02,shape_sorter_interaction,1,4000,4025,25,0.1,0.01454,0.051241
P02,shape_sorter_interaction,1,4025,4050,25,0.1,0.014521,0.051321
P02,shape_sorter_interaction,1,4050,4075,25,0.1,0.014591,0.051661
P02,shape_sorter_interaction,1,4075,4100,25,0.1,0.014761,0.052071
P02,shape_sorter_interaction,1,4100,4125,25,0.1,0.01462,0.051342
P02,shape_sorter_interaction,1,4125,4150,25,0.1,0.01467,0.051472
P02,shape_sorter_interaction,1,4150,4175,25,0.1,0.01434,0.051211
P02,shape_sorter_interaction,1,4175,4200,25,0.1,0.014361,0.051551
P02,shape_sorter_interaction,1,4200,4225,25,0.1,0.014651,0.051211
P02,shape_sorter_interaction,1,4225,4250,25,0.1,0.014641,0.051451
P02,shape_sorter_interaction,1,4250,4275,25,0.1,0.01479,0.051682
P02,shape_sorter_interaction,1,4275,4300,25,0.1,0.01471,0.051582
P02,shape_sorter_interaction,1,4300,4325,25,0.1,0.01477,0.051641
P02,shape_sorter_interaction,1,4325,4350,25,0.1,0.015151,0.052071
P02,shape_sorter_interaction,1,4350,4375,25,0.1,0.014771,0.051811
P02,shape_sorter_interaction,1,4375,4400,25,0.1,0.014921,0.052061
P02,shape_sorter_interaction,1,4400,4425,25,0.1,0.01483,0.051792
P02,shape_sorter_interaction,1,4425,4450,25,0.1,0.01501,0.052682
P02,shape_sorter_interaction,1,4450,4475,25,0.1,0.01464,0.051632
P02,shape_sorter_interaction,1,4475,4500,25,0.1,0.01487,0.052441
P02,shape_sorter_interaction,1,4500,4525,25,0.1,0.015191,0.051821
P02,shape_sorter_interaction,1,4525,4550,25,0.1,0.015091,0.052921
P02,shape_sorter_interaction,1,4550,4575,25,0.1,0.014561,0.052011
P02,shape_sorter_interaction,1,4575,4600,25,0.1,0.01491,0.052442
P02,shape_sorter_interaction,1,4600,4625,25,0.1,0.01486,0.052022
P02,shape_sorter_interaction,1,4625,4650,25,0.1,0.01488,0.051042
P02,shape_sorter_interaction,1,4650,4675,25,0.1,0.01463,0.056572
P02,shape_sorter_interaction,1,4675,4700,25,0.1,0.015,0.052031
P02,shape_sorter_interaction,1,4700,4725,25,0.1,0.014401,0.050941
P02,shape_sorter_interaction,1,4725,4750,25,0.1,0.014591,0.051081
P02,shape_sorter_interaction,1,4750,4775,25,0.1,0.014671,0.052061
P02,shape_sorter_interaction,1,4775,4800,25,0.1,0.01458,0.051912
P02,shape_sorter_interaction,1,4800,4825,25,0.1,0.01448,0.051702
P02,shape_sorter_interaction,1,4825,4850,25,0.1,0.01462,0.051731
P02,shape_sorter_interaction,1,4850,4875,25,0.1,0.105643,0.076773
P02,shape_sorter_interaction,1,4875,4900,25,0.1,0.01736,0.055552
P02,shape_sorter_interaction,1,4900,4925,25,0.1,0.01503,0.052112
P02,shape_sorter_interaction,1,4925,4950,25,0.1,0.01447,0.051641
P02,shape_sorter_interaction,1,4950,4975,25,0.1,0.014361,0.051951
P02,shape_sorter_interaction,1,4975,5000,25,0.1,0.014311,0.051691
P02,shape_sorter_interaction,1,5000,5025,25,0.1,0.014261,0.051311
P02,shape_sorter_interaction,1,5025,5050,25,0.1,0.01439,0.051122
P02,shape_sorter_interaction,1,5050,5075,25,0.1,0.0104,0.033891
P02,shape_sorter_interaction,1,5075,5100,25,0.1,0.00939,0.033651
P02,shape_sorter_interaction,1,5100,5125,25,0.1,0.009401,0.033141
P02,shape_sorter_interaction,1,5125,5150,25,0.1,0.00917,0.033491
P02,shape_sorter_interaction,1,5150,5175,25,0.1,0.00929,0.032981
P02,shape_sorter_interaction,1,5175,5200,25,0.1,0.00914,0.032821
P02,shape_sorter_interaction,1,5200,5225,25,0.1,0.00911,0.032521
P02,shape_sorter_interaction,1,5225,5250,25,0.1,0.009241,0.03284
P02,shape_sorter_interaction,1,5250,5275,25,0.1,0.009221,0.032421
P02,shape_sorter_interaction,1,5275,5300,25,0.1,0.00917,0.032901
P02,shape_sorter_interaction,1,5300,5325,25,0.1,0.00904,0.033101
P02,shape_sorter_interaction,1,5325,5350,25,0.1,0.00917,0.032901
P02,shape_sorter_interaction,1,5350,5375,25,0.1,0.00925,0.033181
P02,shape_sorter_interaction,1,5375,5400,25,0.1,0.009071,0.032911
P02,shape_sorter_interaction,1,5400,5425,25,0.1,0.00929,0.032851
P02,shape_sorter_interaction,1,5425,5450,25,0.1,0.00922,0.032701
P02,shape_sorter_interaction,1,5450,5475,25,0.1,0.00927,0.032721
P02,shape_sorter_interaction,1,5475,5500,25,0.1,0.00925,0.032831
P02,shape_sorter_interaction,1,5500,5525,25,0.1,0.009331,0.032921
P02,shape_sorter_interaction,1,5525,5550,25,0.1,0.00936,0.033181
P02,shape_sorter_interaction,1,5550,5575,25,0.1,0.01115,0.035731
P02,shape_sorter_interaction,1,5575,5600,25,0.1,0.00936,0.033051
P02,shape_sorter_interaction,1,5600,5625,25,0.1,0.009021,0.03288
P02,shape_sorter_interaction,1,5625,5650,25,0.1,0.009181,0.032671
P02,shape_sorter_interaction,1,5650,5675,25,0.1,0.00931,0.032551
P02,shape_sorter_interaction,1,5675,5700,25,0.1,0.00919,0.032951
P02,shape_sorter_interaction,1,5700,5725,25,0.1,0.00929,0.032861
P02,shape_sorter_interaction,1,5725,5750,25,0.1,0.00931,0.033101
P02,shape_sorter_interaction,1,5750,5775,25,0.1,0.009301,0.033301
P02,shape_sorter_interaction,1,5775,5800,25,0.1,0.00935,0.032921
P02,shape_sorter_interaction,1,5800,5825,25,0.1,0.00921,0.033051
P02,shape_sorter_interaction,1,5825,5850,25,0.1,0.00934,0.032771
P02,shape_sorter_interaction,1,5850,5875,25,0.1,0.00915,0.032641
P02,shape_sorter_interaction,1,5875,5900,25,0.1,0.009101,0.03267
P02,shape_sorter_interaction,1,5900,5925,25,0.1,0.0094,0.033211
P02,shape_sorter_interaction,1,5925,5950,25,0.1,0.00928,0.032611
P02,shape_sorter_interaction,1,5950,5975,25,0.1,0.00934,0.032921
P02,shape_sorter_interaction,1,5975,6000,25,0.1,0.00927,0.033111
P02,shape_sorter_interaction,1,6000,6025,25,0.1,0.009361,0.03296
P02,shape_sorter_interaction,1,6025,6050,25,0.1,0.009021,0.032501
P02,shape_sorter_interaction,1,6050,6075,25,0.1,0.00925,0.032791
P02,shape_sorter_interaction,1,6075,6100,25,0.1,0.00912,0.032851
P02,shape_sorter_interaction,1,6100,6125,25,0.1,0.00929,0.033761
P02,shape_sorter_interaction,1,6125,6150,25,0.1,0.011601,0.035751
P02,shape_sorter_interaction,1,6150,6175,25,0.1,0.00964,0.033611
P02,shape_sorter_interaction,1,6175,6200,25,0.1,0.00954,0.033481
P02,shape_sorter_interaction,1,6200,6225,25,0.1,0.00928,0.033031
P02,shape_sorter_interaction,1,6225,6250,25,0.1,0.0094,0.032901
P02,shape_sorter_interaction,1,6250,6275,25,0.1,0.009341,0.032521
P02,shape_sorter_interaction,1,6275,6300,25,0.1,0.00937,0.032781
P02,shape_sorter_interaction,1,6300,6325,25,0.1,0.00928,0.032721
P02,shape_sorter_interaction,1,6325,6350,25,0.1,0.00926,0.033521
P02,shape_sorter_interaction,1,6350,6375,25,0.1,0.00928,0.032831
P02,shape_sorter_interaction,1,6375,6400,25,0.1,0.009441,0.03334
P02,shape_sorter_interaction,1,6400,6425,25,0.1,0.00928,0.032641
P02,shape_sorter_interaction,1,6425,6450,25,0.1,0.00929,0.032321
P02,shape_sorter_interaction,1,6450,6475,25,0.1,0.00938,0.032771
P02,shape_sorter_interaction,1,6475,6500,25,0.1,0.00934,0.032851
P02,shape_sorter_interaction,1,6500,6525,25,0.1,0.009401,0.03311
P02,shape_sorter_interaction,1,6525,6550,25,0.1,0.009521,0.032711
P02,shape_sorter_interaction,1,6550,6575,25,0.1,0.00927,0.032841
P02,shape_sorter_interaction,1,6575,6600,25,0.1,0.00951,0.032771
P02,shape_sorter_interaction,1,6600,6625,25,0.1,0.00957,0.032801
P02,shape_sorter_interaction,1,6625,6650,25,0.1,0.009391,0.03295
P02,shape_sorter_interaction,1,6650,6675,25,0.1,0.009351,0.032921
P02,shape_sorter_interaction,1,6675,6700,25,0.1,0.00933,0.034641
P02,shape_sorter_interaction,1,6700,6725,25,0.1,0.01011,0.034731
P02,shape_sorter_interaction,1,6725,6750,25,0.1,0.00985,0.033101
P02,shape_sorter_interaction,1,6750,6775,25,0.1,0.009321,0.032891
P02,shape_sorter_interaction,1,6775,6800,25,0.1,0.00926,0.033161
P02,shape_sorter_interaction,1,6800,6825,25,0.1,0.00941,0.033131
P02,shape_sorter_interaction,1,6825,6850,25,0.1,0.00936,0.033121
P02,shape_sorter_interaction,1,6850,6875,25,0.1,0.00935,0.033511
P02,shape_sorter_interaction,1,6875,6900,25,0.1,0.009531,0.033071
P02,shape_sorter_interaction,1,6900,6925,25,0.1,0.00953,0.034041
P02,shape_sorter_interaction,1,6925,6950,25,0.1,0.00929,0.033671
P02,shape_sorter_interaction,1,6950,6975,25,0.1,0.031271,0.043701
P02,shape_sorter_interaction,1,6975,7000,25,0.1,0.01072,0.033831
P02,shape_sorter_interaction,1,7000,7025,25,0.1,0.009411,0.033301
P02,shape_sorter_interaction,1,7025,7050,25,0.1,0.00935,0.032711
P02,shape_sorter_interaction,1,7050,7075,25,0.1,0.00937,0.032681
P02,shape_sorter_interaction,1,7075,7100,25,0.1,0.00935,0.032721
P02,shape_sorter_interaction,1,7100,7125,25,0.1,0.00924,0.032631
P02,shape_sorter_interaction,1,7125,7150,25,0.1,0.00934,0.032541
P02,shape_sorter_interaction,1,7150,7175,25,0.1,0.009461,0.032611
P02,shape_sorter_interaction,1,7175,7200,25,0.1,0.0094,0.032381
P02,shape_sorter_interaction,1,7200,7225,25,0.1,0.00935,0.032791
P02,shape_sorter_interaction,1,7225,7250,25,0.1,0.00921,0.033481
P02,shape_sorter_interaction,1,7250,7275,25,0.1,0.00928,0.032771
P02,shape_sorter_interaction,1,7275,7300,25,0.1,0.00918,0.032371
P02,shape_sorter_interaction,1,7300,7325,25,0.1,0.009221,0.032511
P02,shape_sorter_interaction,1,7325,7350,25,0.1,0.00919,0.033091
P02,shape_sorter_interaction,1,7350,7375,25,0.1,0.00939,0.033771
P02,shape_sorter_interaction,1,7375,7400,25,0.1,0.0094,0.033141
P02,shape_sorter_interaction,1,7400,7425,25,0.1,0.00939,0.033061
P02,shape_sorter_interaction,1,7425,7450,25,0.1,0.009451,0.03289
P02,shape_sorter_interaction,1,7450,7475,25,0.1,0.009531,0.032971
P02,shape_sorter_interaction,1,7475,7500,25,0.1,0.00931,0.033001
P02,shape_sorter_interaction,1,7500,7525,25,0.1,0.00947,0.032911
P02,shape_sorter_interaction,1,7525,7550,25,0.1,0.00928,0.033211
P02,shape_sorter_interaction,1,7550,7575,25,0.1,0.00941,0.033351
P02,shape_sorter_interaction,1,7575,7600,25,0.1,0.009461,0.033571
P02,shape_sorter_interaction,1,7600,7625,25,0.1,0.0094,0.033071
P02,shape_sorter_interaction,1,7625,7650,25,0.1,0.00941,0.032841
P02,shape_sorter_interaction,1,7650,7675,25,0.1,0.00951,0.032751
P02,shape_sorter_interaction,1,7675,7700,25,0.1,0.00937,0.033071
P02,shape_sorter_interaction,1,7700,7725,25,0.1,0.0094,0.033041
P02,shape_sorter_interaction,1,7725,7750,25,0.1,0.009681,0.032961
P02,shape_sorter_interaction,1,7750,7775,25,0.1,0.00943,0.032971
P02,shape_sorter_interaction,1,7775,7800,25,0.1,0.00945,0.033061
P02,shape_sorter_interaction,1,7800,7825,25,0.1,0.00925,0.033221
P02,shape_sorter_interaction,1,7825,7850,25,0.1,0.00945,0.033081
P02,shape_sorter_interaction,1,7850,7875,25,0.1,0.009261,0.03296
P02,shape_sorter_interaction,1,7875,7900,25,0.1,0.009451,0.032841
P02,shape_sorter_interaction,1,7900,7925,25,0.1,0.00944,0.033211
P02,shape_sorter_interaction,1,7925,7950,25,0.1,0.00966,0.033181
P02,shape_sorter_interaction,1,7950,7975,25,0.1,0.00934,0.032911
P02,shape_sorter_interaction,1,7975,8000,25,0.1,0.00948,0.032821
P02,shape_sorter_interaction,1,8000,8025,25,0.1,0.009421,0.033341
P02,shape_sorter_interaction,1,8025,8050,25,0.1,0.00942,0.033121
P02,shape_sorter_interaction,1,8050,8075,25,0.1,0.0093,0.033171
P02,shape_sorter_interaction,1,8075,8100,25,0.1,0.00956,0.033211
P02,shape_sorter_interaction,1,8100,8125,25,0.1,0.00943,0.033241
P02,shape_sorter_interaction,1,8125,8150,25,0.1,0.009401,0.03327
P02,shape_sorter_interaction,1,8150,8175,25,0.1,0.009461,0.033321
P02,shape_sorter_interaction,1,8175,8200,25,0.1,0.00934,0.032921
P02,shape_sorter_interaction,1,8200,8225,25,0.1,0.00953,0.033261
P02,shape_sorter_interaction,1,8225,8250,25,0.1,0.00934,0.033951
P02,shape_sorter_interaction,1,8250,8275,25,0.1,0.009671,0.03305
P02,shape_sorter_interaction,1,8275,8300,25,0.1,0.009371,0.032991
P02,shape_sorter_interaction,1,8300,8325,25,0.1,0.00927,0.033171
P02,shape_sorter_interaction,1,8325,8350,25,0.1,0.00935,0.033011
P02,shape_sorter_interaction,1,8350,8375,25,0.1,0.00932,0.032791
P02,shape_sorter_interaction,1,8375,8400,25,0.1,0.00941,0.032741
P02,shape_sorter_interaction,1,8400,8425,25,0.1,0.009341,0.0328
P02,shape_sorter_interaction,1,8425,8450,25,0.1,0.009471,0.033061
P02,shape_sorter_interaction,1,8450,8475,25,0.1,0.00935,0.032461
P02,shape_sorter_interaction,1,8475,8500,25,0.1,0.00923,0.032851
P02,shape_sorter_interaction,1,8500,8525,25,0.1,0.00948,0.032901
P02,shape_sorter_interaction,1,8525,8550,25,0.1,0.00931,0.032711
P02,shape_sorter_interaction,1,8550,8575,25,0.1,0.009491,0.03255
P02,shape_sorter_interaction,1,8575,8600,25,0.1,0.009341,0.032771
P02,shape_sorter_interaction,1,8600,8625,25,0.1,0.00942,0.032531
P02,shape_sorter_interaction,1,8625,8650,25,0.1,0.00926,0.032761
P02,shape_sorter_interaction,1,8650,8675,25,0.1,0.00951,0.032881
P02,shape_sorter_interaction,1,8675,8700,25,0.1,0.00922,0.032671
P02,shape_sorter_interaction,1,8700,8725,25,0.1,0.009271,0.03289
P02,shape_sorter_interaction,1,8725,8750,25,0.1,0.009241,0.032781
P02,shape_sorter_interaction,1,8750,8775,25,0.1,0.00928,0.032571
P02,shape_sorter_interaction,1,8775,8800,25,0.1,0.00935,0.032781
P02,shape_sorter_interaction,1,8800,8825,25,0.1,0.00943,0.032591
P02,shape_sorter_interaction,1,8825,8850,25,0.1,0.00944,0.032541
P02,shape_sorter_interaction,1,8850,8875,25,0.1,0.009311,0.03265
P02,shape_sorter_interaction,1,8875,8900,25,0.1,0.00924,0.032851
P02,shape_sorter_interaction,1,8900,8925,25,0.1,0.00942,0.032891
P02,shape_sorter_interaction,1,8925,8950,25,0.1,0.00933,0.033081
P02,shape_sorter_interaction,1,8950,8975,25,0.1,0.00939,0.032951
P02,shape_sorter_interaction,1,8975,9000,25,0.1,0.00928,0.033061
P02,shape_sorter_interaction,1,9000,9025,25,0.1,0.009421,0.032811
P02,shape_sorter_interaction,1,9025,9050,25,0.1,0.00931,0.032421
P02,shape_sorter_interaction,1,9050,9075,25,0.1,0.00925,0.032601
P02,shape_sorter_interaction,1,9075,9100,25,0.1,0.00933,0.032691
P02,shape_sorter_interaction,1,9100,9125,25,0.1,0.00936,0.032271
P02,shape_sorter_interaction,1,9125,9150,25,0.1,0.00938,0.032901
P02,shape_sorter_interaction,1,9150,9175,25,0.1,0.009311,0.03254
P02,shape_sorter_interaction,1,9175,9200,25,0.1,0.00918,0.032801
P02,shape_sorter_interaction,1,9200,9225,25,0.1,0.00931,0.032661
P02,shape_sorter_interaction,1,9225,9250,25,0.1,0.00958,0.050981
P02,shape_sorter_interaction,1,9250,9275,25,0.1,0.01259,0.034701
P02,shape_sorter_interaction,1,9275,9300,25,0.1,0.00957,0.033401
P02,shape_sorter_interaction,1,9300,9325,25,0.1,0.00947,0.032831
P02,shape_sorter_interaction,1,9325,9350,25,0.1,0.00933,0.032801
P02,shape_sorter_interaction,1,9350,9375,25,0.1,0.009321,0.032891
P02,shape_sorter_interaction,1,9375,9400,25,0.1,0.00929,0.032931
P02,shape_sorter_interaction,1,9400,9425,25,0.1,0.00958,0.032951
P02,shape_sorter_interaction,1,9425,9450,25,0.1,0.0094,0.032811
P02,shape_sorter_interaction,1,9450,9475,25,0.1,0.00941,0.032981
P02,shape_sorter_interaction,1,9475,9500,25,0.1,0.00942,0.040622
P02,shape_sorter_interaction,1,9500,9525,25,0.1,0.02135,0.066792
P02,shape_sorter_interaction,1,9525,9550,25,0.1,0.018581,0.064321
P02,shape_sorter_interaction,1,9550,9575,25,0.1,0.019001,0.065212
P02,shape_sorter_interaction,1,9575,9600,25,0.1,0.01864,0.064982
P02,shape_sorter_interaction,1,9600,9625,25,0.1,0.018621,0.064681
P02,shape_sorter_interaction,1,9625,9650,25,0.1,0.018591,0.065222
P02,shape_sorter_interaction,1,9650,9675,25,0.1,0.01853,0.065112
P02,shape_sorter_interaction,1,9675,9700,25,0.1,0.018591,0.064851
P02,shape_sorter_interaction,1,9700,9725,25,0.1,0.018711,0.065252
P02,shape_sorter_interaction,1,9725,9750,25,0.1,0.01876,0.064752
P02,shape_sorter_interaction,1,9750,9775,25,0.1,0.01862,0.065162
P02,shape_sorter_interaction,1,9775,9800,25,0.1,0.018491,0.065102
P02,shape_sorter_interaction,1,9800,9825,25,0.1,0.01842,0.064892
P02,shape_sorter_interaction,1,9825,9850,25,0.1,0.01854,0.065062
P02,shape_sorter_interaction,1,9850,9875,25,0.1,0.018341,0.064791
P02,shape_sorter_interaction,1,9875,9900,25,0.1,0.01858,0.065372
P02,shape_sorter_interaction,1,9900,9925,25,0.1,0.01876,0.064812
P02,shape_sorter_interaction,1,9925,9950,25,0.1,0.018581,0.064431
P02,shape_sorter_interaction,1,9950,9975,25,0.1,0.01853,0.064232
P02,shape_sorter_interaction,1,9975,10000,25,0.1,0.0187,0.064552
P02,shape_sorter_interaction,1,10000,10025,25,0.1,0.018341,0.064491
P02,shape_sorter_interaction,1,10025,10050,25,0.1,0.019601,0.065672
P02,shape_sorter_interaction,1,10050,10075,25,0.1,0.01884,0.065102
P02,shape_sorter_interaction,1,10075,10100,25,0.1,0.018661,0.065361
P02,shape_sorter_interaction,1,10100,10125,25,0.1,0.018831,0.065292
P02,shape_sorter_interaction,1,10125,10150,25,0.1,0.01862,0.065282
P02,shape_sorter_interaction,1,10150,10175,25,0.1,0.018771,0.064751
P02,shape_sorter_interaction,1,10175,10200,25,0.1,0.018601,0.065192
P02,shape_sorter_interaction,1,10200,10225,25,0.1,0.01881,0.065122
P02,shape_sorter_interaction,1,10225,10250,25,0.1,0.018631,0.064431
P02,shape_sorter_interaction,1,10250,10275,25,0.1,0.018661,0.064952
P02,shape_sorter_interaction,1,10275,10300,25,0.1,0.01898,0.064952
P02,shape_sorter_interaction,1,10300,10325,25,0.1,0.018441,0.064171
P02,shape_sorter_interaction,1,10325,10350,25,0.1,0.018751,0.064242
P02,shape_sorter_interaction,1,10350,10375,25,0.1,0.01853,0.065322
P02,shape_sorter_interaction,1,10375,10400,25,0.1,0.01845,0.064792
P02,shape_sorter_interaction,1,10400,10425,25,0.1,0.018381,0.064281
P02,shape_sorter_interaction,1,10425,10450,25,0.1,0.01839,0.064852
P02,shape_sorter_interaction,1,10450,10475,25,0.1,0.01874,0.065662
P02,shape_sorter_interaction,1,10475,10500,25,0.1,0.018491,0.065651
P02,shape_sorter_interaction,1,10500,10525,25,0.1,0.01838,0.144874
P02,shape_sorter_interaction,1,10525,10550,25,0.1,0.024921,0.070402
P02,shape_sorter_interaction,1,10550,10575,25,0.1,0.01937,0.065732
P02,shape_sorter_interaction,1,10575,10600,25,0.1,0.018481,0.064921
P02,shape_sorter_interaction,1,10600,10625,25,0.1,0.01817,0.064802
P02,shape_sorter_interaction,1,10625,10650,25,0.1,0.01821,0.064662
P02,shape_sorter_interaction,1,10650,10675,25,0.1,0.018561,0.064761
P02,shape_sorter_interaction,1,10675,10700,25,0.1,0.01854,0.044311
P02,shape_sorter_interaction,1,10700,10725,25,0.1,0.009021,0.03285
P02,shape_sorter_interaction,1,10725,10750,25,0.1,0.009141,0.033051
P02,shape_sorter_interaction,1,10750,10775,25,0.1,0.00948,0.033341
P02,shape_sorter_interaction,1,10775,10800,25,0.1,0.00948,0.033071
P02,shape_sorter_interaction,1,10800,10825,25,0.1,0.0095,0.032901
P02,shape_sorter_interaction,1,10825,10850,25,0.1,0.009081,0.03276
P02,shape_sorter_interaction,1,10850,10875,25,0.1,0.009391,0.032711
P02,shape_sorter_interaction,1,10875,10900,25,0.1,0.00922,0.033421
P02,shape_sorter_interaction,1,10900,10925,25,0.1,0.00927,0.033051
P02,shape_sorter_interaction,1,10925,10950,25,0.1,0.00923,0.033151
P02,shape_sorter_interaction,1,10950,10975,25,0.1,0.00929,0.03342
P02,shape_sorter_interaction,1,10975,11000,25,0.1,0.009361,0.032861
P02,shape_sorter_interaction,1,11000,11025,25,0.1,0.00921,0.033251
P02,shape_sorter_interaction,1,11025,11050,25,0.1,0.00919,0.032971
P02,shape_sorter_interaction,1,11050,11075,25,0.1,0.00925,0.033061
P02,shape_sorter_interaction,1,11075,11100,25,0.1,0.00932,0.033201
P02,shape_sorter_interaction,1,11100,11125,25,0.1,0.009401,0.032731
P02,shape_sorter_interaction,1,11125,11150,25,0.1,0.00933,0.032911
P02,shape_sorter_interaction,1,11150,11175,25,0.1,0.00915,0.032661
P02,shape_sorter_interaction,1,11175,11200,25,0.1,0.00972,0.037181
P02,shape_sorter_interaction,1,11200,11225,25,0.1,0.009391,0.03314
P02,shape_sorter_interaction,1,11225,11250,25,0.1,0.00932,0.032601
P02,shape_sorter_interaction,1,11250,11275,25,0.1,0.00928,0.032641
P02,shape_sorter_interaction,1,11275,11300,25,0.1,0.00942,0.032791
P02,shape_sorter_interaction,1,11300,11325,25,0.1,0.0092,0.032771
P02,shape_sorter_interaction,1,11325,11350,25,0.1,0.00912,0.032701
P02,shape_sorter_interaction,1,11350,11375,25,0.1,0.009361,0.032771
P02,shape_sorter_interaction,1,11375,11400,25,0.1,0.0094,0.032581
P02,shape_sorter_interaction,1,11400,11425,25,0.1,0.00926,0.032821
P02,shape_sorter_interaction,1,11425,11450,25,0.1,0.00947,0.032941
P02,shape_sorter_interaction,1,11450,11475,25,0.1,0.00932,0.032881
P02,shape_sorter_interaction,1,11475,11500,25,0.1,0.009241,0.033181
P02,shape_sorter_interaction,1,11500,11525,25,0.1,0.00934,0.032841
P02,shape_sorter_interaction,1,11525,11550,25,0.1,0.00932,0.032881
P02,shape_sorter_interaction,1,11550,11575,25,0.1,0.00919,0.033091
P02,shape_sorter_interaction,1,11575,11600,25,0.1,0.00942,0.033071
P02,shape_sorter_interaction,1,11600,11625,25,0.1,0.009091,0.033351
P02,shape_sorter_interaction,1,11625,11650,25,0.1,0.00914,0.032691
P02,shape_sorter_interaction,1,11650,11675,25,0.1,0.0093,0.032741
P02,shape_sorter_interaction,1,11675,11700,25,0.1,0.00915,0.032601
P02,shape_sorter_interaction,1,11700,11725,25,0.1,0.00928,0.033071
P02,shape_sorter_interaction,1,11725,11750,25,0.1,0.009261,0.03317
P02,shape_sorter_interaction,1,11750,11775,25,0.1,0.009561,0.037891
P02,shape_sorter_interaction,1,11775,11800,25,0.1,0.00936,0.033361
P02,shape_sorter_interaction,1,11800,11825,25,0.1,0.00938,0.033151
P02,shape_sorter_interaction,1,11825,11850,25,0.1,0.009461,0.03294
P02,shape_sorter_interaction,1,11850,11875,25,0.1,0.009401,0.032861
P02,shape_sorter_interaction,1,11875,11900,25,0.1,0.00937,0.032491
P02,shape_sorter_interaction,1,11900,11925,25,0.1,0.00915,0.032941
P02,shape_sorter_interaction,1,11925,11950,25,0.1,0.00937,0.032681
P02,shape_sorter_interaction,1,11950,11975,25,0.1,0.00918,0.032931
P02,shape_sorter_interaction,1,11975,12000,25,0.1,0.009241,0.033051
P02,shape_sorter_interaction,1,12000,12025,25,0.1,0.00924,0.032801
P02,shape_sorter_interaction,1,12025,12050,25,0.1,0.00922,0.033211
P02,shape_sorter_interaction,1,12050,12075,25,0.1,0.00927,0.033091
P02,shape_sorter_interaction,1,12075,12100,25,0.1,0.00925,0.032841
P02,shape_sorter_interaction,1,12100,12125,25,0.1,0.009321,0.033461
P02,shape_sorter_interaction,1,12125,12150,25,0.1,0.00943,0.033271
P02,shape_sorter_interaction,1,12150,12175,25,0.1,0.00945,0.033001
P02,shape_sorter_interaction,1,12175,12200,25,0.1,0.00935,0.032881
P02,shape_sorter_interaction,1,12200,12225,25,0.1,0.00943,0.032991
P02,shape_sorter_interaction,1,12225,12250,25,0.1,0.009321,0.033091
P02,shape_sorter_interaction,1,12250,12275,25,0.1,0.00922,0.032681
P02,shape_sorter_interaction,1,12275,12300,25,0.1,0.00934,0.033161
P02,shape_sorter_interaction,1,12300,12325,25,0.1,0.00943,0.033621
P02,shape_sorter_interaction,1,12325,12350,25,0.1,0.00995,0.036811
P02,shape_sorter_interaction,1,12350,12375,25,0.1,0.009281,0.033041
P02,shape_sorter_interaction,1,12375,12400,25,0.1,0.00917,0.033051
P02,shape_sorter_interaction,1,12400,12425,25,0.1,0.00927,0.033241
P02,shape_sorter_interaction,1,12425,12450,25,0.1,0.0092,0.033041
P02,shape_sorter_interaction,1,12450,12475,25,0.1,0.009281,0.03334
P02,shape_sorter_interaction,1,12475,12500,25,0.1,0.009321,0.032721
P02,shape_sorter_interaction,1,12500,12525,25,0.1,0.00936,0.032901
P02,shape_sorter_interaction,1,12525,12550,25,0.1,0.00937,0.033011
P02,shape_sorter_interaction,1,12550,12575,25,0.1,0.00934,0.032861
P02,shape_sorter_interaction,1,12575,12600,25,0.1,0.00934,0.045282
P02,shape_sorter_interaction,1,12600,12625,25,0.1,0.01072,0.034051
P02,shape_sorter_interaction,1,12625,12650,25,0.1,0.00938,0.033281
P02,shape_sorter_interaction,1,12650,12675,25,0.1,0.00946,0.032971
P02,shape_sorter_interaction,1,12675,12700,25,0.1,0.009311,0.032911
P02,shape_sorter_interaction,1,12700,12725,25,0.1,0.0094,0.033101
P02,shape_sorter_interaction,1,12725,12750,25,0.1,0.00934,0.033081
P02,shape_sorter_interaction,1,12750,12775,25,0.1,0.00935,0.032921
P02,shape_sorter_interaction,1,12775,12800,25,0.1,0.00942,0.032651
P02,shape_sorter_interaction,1,12800,12825,25,0.1,0.00943,0.03287
P02,shape_sorter_interaction,1,12825,12850,25,0.1,0.009191,0.032651
P02,shape_sorter_interaction,1,12850,12875,25,0.1,0.00942,0.032751
P02,shape_sorter_interaction,1,12875,12900,25,0.1,0.00942,0.035651
P02,shape_sorter_interaction,1,12900,12925,25,0.1,0.01121,0.033291
P02,shape_sorter_interaction,1,12925,12950,25,0.1,0.00925,0.032941
P02,shape_sorter_interaction,1,12950,12975,25,0.1,0.009331,0.032911
P02,shape_sorter_interaction,1,12975,13000,25,0.1,0.00932,0.032741
P02,shape_sorter_interaction,1,13000,13025,25,0.1,0.00918,0.032171
P02,shape_sorter_interaction,1,13025,13050,25,0.1,0.00924,0.032641
P02,shape_sorter_interaction,1,13050,13075,25,0.1,0.00919,0.032851
P02,shape_sorter_interaction,1,13075,13100,25,0.1,0.00918,0.032991
P02,shape_sorter_interaction,1,13100,13125,25,0.1,0.009351,0.033121
P02,shape_sorter_interaction,1,13125,13150,25,0.1,0.00931,0.033211
P02,shape_sorter_interaction,1,13150,13175,25,0.1,0.00941,0.032701
P02,shape_sorter_interaction,1,13175,13200,25,0.1,0.0093,0.032981
P02,shape_sorter_interaction,1,13200,13225,25,0.1,0.00948,0.033061
P02,shape_sorter_interaction,1,13225,13250,25,0.1,0.009451,0.03303
P02,shape_sorter_interaction,1,13250,13275,25,0.1,0.009271,0.032801
P02,shape_sorter_interaction,1,13275,13300,25,0.1,0.00931,0.032981
P02,shape_sorter_interaction,1,13300,13325,25,0.1,0.00927,0.032361
P02,shape_sorter_interaction,1,13325,13350,25,0.1,0.00926,0.032681
P02,shape_sorter_interaction,1,13350,13375,25,0.1,0.00919,0.032831
P02,shape_sorter_interaction,1,13375,13400,25,0.1,0.009221,0.03282
P02,shape_sorter_interaction,1,13400,13425,25,0.1,0.009181,0.032901
P02,shape_sorter_interaction,1,13425,13450,25,0.1,0.00922,0.032791
P02,shape_sorter_interaction,1,13450,13475,25,0.1,0.00942,0.033291
P02,shape_sorter_interaction,1,13475,13500,25,0.1,0.00922,0.032891
P02,shape_sorter_interaction,1,13500,13525,25,0.1,0.00953,0.032821
P02,shape_sorter_interaction,1,13525,13550,25,0.1,0.009241,0.03317
P02,shape_sorter_interaction,1,13550,13575,25,0.1,0.009221,0.033171
P02,shape_sorter_interaction,1,13575,13600,25,0.1,0.00913,0.032731
P02,shape_sorter_interaction,1,13600,13625,25,0.1,0.00926,0.032861
P02,shape_sorter_interaction,1,13625,13650,25,0.1,0.00937,0.033011
P02,shape_sorter_interaction,1,13650,13675,25,0.1,0.00932,0.032721
P02,shape_sorter_interaction,1,13675,13700,25,0.1,0.009131,0.03297
P02,shape_sorter_interaction,1,13700,13725,25,0.1,0.009431,0.032961
P02,shape_sorter_interaction,1,13725,13750,25,0.1,0.00915,0.033251
P02,shape_sorter_interaction,1,13750,13775,25,0.1,0.00935,0.032861
P02,shape_sorter_interaction,1,13775,13800,25,0.1,0.00932,0.032781
P02,shape_sorter_interaction,1,13800,13825,25,0.1,0.0092,0.032731
P02,shape_sorter_interaction,1,13825,13850,25,0.1,0.009271,0.03238
P02,shape_sorter_interaction,1,13850,13875,25,0.1,0.00928,0.032191
P02,shape_sorter_interaction,1,13875,13900,25,0.1,0.00926,0.033051
P02,shape_sorter_interaction,1,13900,13925,25,0.1,0.00932,0.032581
P02,shape_sorter_interaction,1,13925,13950,25,0.1,0.00927,0.032921
P02,shape_sorter_interaction,1,13950,13975,25,0.1,0.00937,0.032931
P02,shape_sorter_interaction,1,13975,14000,25,0.1,0.009281,0.03283
P02,shape_sorter_interaction,1,14000,14025,25,0.1,0.00932,0.032761
P02,shape_sorter_interaction,1,14025,14050,25,0.1,0.00918,0.032791
P02,shape_sorter_interaction,1,14050,14075,25,0.1,0.00933,0.032591
P02,shape_sorter_interaction,1,14075,14100,25,0.1,0.00939,0.032721
P02,shape_sorter_interaction,1,14100,14125,25,0.1,0.00922,0.032501
P02,shape_sorter_interaction,1,14125,14150,25,0.1,0.009221,0.03268
P02,shape_sorter_interaction,1,14150,14175,25,0.1,0.009301,0.032761
P02,shape_sorter_interaction,1,14175,14200,25,0.1,0.00939,0.032561
P02,shape_sorter_interaction,1,14200,14225,25,0.1,0.0092,0.032581
P02,shape_sorter_interaction,1,14225,14250,25,0.1,0.00939,0.032981
P02,shape_sorter_interaction,1,14250,14275,25,0.1,0.00928,0.033321
P02,shape_sorter_interaction,1,14275,14300,25,0.1,0.009231,0.03303
P02,shape_sorter_interaction,1,14300,14325,25,0.1,0.00919,0.032901
P02,shape_sorter_interaction,1,14325,14350,25,0.1,0.00939,0.033211
P02,shape_sorter_interaction,1,14350,14375,25,0.1,0.00927,0.032411
P02,shape_sorter_interaction,1,14375,14400,25,0.1,0.00936,0.032511
P02,shape_sorter_interaction,1,14400,14425,25,0.1,0.00935,0.032761
P02,shape_sorter_interaction,1,14425,14450,25,0.1,0.009391,0.03261
P02,shape_sorter_interaction,1,14450,14475,25,0.1,0.0093,0.032871
P02,shape_sorter_interaction,1,14475,14500,25,0.1,0.0093,0.032761
P02,shape_sorter_interaction,1,14500,14525,25,0.1,0.00915,0.032441
P02,shape_sorter_interaction,1,14525,14550,25,0.1,0.0092,0.032851
P02,shape_sorter_interaction,1,14550,14575,25,0.1,0.0094,0.032841
P02,shape_sorter_interaction,1,14575,14600,25,0.1,0.009671,0.032961
P02,shape_sorter_interaction,1,14600,14625,25,0.1,0.00919,0.032791
P02,shape_sorter_interaction,1,14625,14650,25,0.1,0.00911,0.033011
P02,shape_sorter_interaction,1,14650,14675,25,0.1,0.00938,0.033191
P02,shape_sorter_interaction,1,14675,14700,25,0.1,0.00932,0.032731
P02,shape_sorter_interaction,1,14700,14725,25,0.1,0.00937,0.032701
P02,shape_sorter_interaction,1,14725,14750,25,0.1,0.009281,0.032621
P02,shape_sorter_interaction,1,14750,14775,25,0.1,0.00932,0.032401
P02,shape_sorter_interaction,1,14775,14800,25,0.1,0.00935,0.032951
P02,shape_sorter_interaction,1,14800,14825,25,0.1,0.00926,0.033321
P02,shape_sorter_interaction,1,14825,14850,25,0.1,0.00999,0.032761
P02,shape_sorter_interaction,1,14850,14875,25,0.1,0.009301,0.03311
P02,shape_sorter_interaction,1,14875,14900,25,0.1,0.009431,0.048821
P02,shape_sorter_interaction,1,14900,14925,25,0.1,0.01115,0.034041
P02,shape_sorter_interaction,1,14925,14950,25,0.1,0.009531,0.03263
P02,shape_sorter_interaction,1,14950,14975,25,0.1,0.009181,0.032981
P02,shape_sorter_interaction,1,14975,15000,25,0.1,0.00942,0.032821
P02,shape_sorter_interaction,1,15000,15025,25,0.1,0.0093,0.032871
P02,shape_sorter_interaction,1,15025,15050,25,0.1,0.00916,0.032821
P02,shape_sorter_interaction,1,15050,15075,25,0.1,0.00929,0.033051
P02,shape_sorter_interaction,1,15075,15100,25,0.1,0.009201,0.03268
P02,shape_sorter_interaction,1,15100,15125,25,0.1,0.00935,0.033021
P02,shape_sorter_interaction,1,15125,15150,25,0.1,0.0093,0.032981
P02,shape_sorter_interaction,1,15150,15175,25,0.1,0.00949,0.032581
P02,shape_sorter_interaction,1,15175,15200,25,0.1,0.00929,0.033311
P02,shape_sorter_interaction,1,15200,15225,25,0.1,0.00929,0.032911
P02,shape_sorter_interaction,1,15225,15250,25,0.1,0.009351,0.032441
P02,shape_sorter_interaction,1,15250,15275,25,0.1,0.00915,0.032491
P02,shape_sorter_interaction,1,15275,15300,25,0.1,0.00924,0.033031
P02,shape_sorter_interaction,1,15300,15325,25,0.1,0.00935,0.032731
P02,shape_sorter_interaction,1,15325,15350,25,0.1,0.00921,0.032951
P02,shape_sorter_interaction,1,15350,15375,25,0.1,0.00936,0.033151
P02,shape_sorter_interaction,1,15375,15400,25,0.1,0.009521,0.032831
P02,shape_sorter_interaction,1,15400,15425,25,0.1,0.00947,0.033151
P02,shape_sorter_interaction,1,15425,15450,25,0.1,0.00936,0.032871
P02,shape_sorter_interaction,1,15450,15475,25,0.1,0.0093,0.033131
P02,shape_sorter_interaction,1,15475,15500,25,0.1,0.00922,0.032771
P02,shape_sorter_interaction,1,15500,15525,25,0.1,0.009281,0.03301
P02,shape_sorter_interaction,1,15525,15550,25,0.1,0.009331,0.033121
P02,shape_sorter_interaction,1,15550,15575,25,0.1,0.00923,0.033041
P02,shape_sorter_interaction,1,15575,15600,25,0.1,0.00929,0.032631
P02,shape_sorter_interaction,1,15600,15625,25,0.1,0.00936,0.033021
P02,shape_sorter_interaction,1,15625,15650,25,0.1,0.00939,0.033071
P02,shape_sorter_interaction,1,15650,15675,25,0.1,0.009391,0.03285
P02,shape_sorter_interaction,1,15675,15700,25,0.1,0.009371,0.032991
P02,shape_sorter_interaction,1,15700,15725,25,0.1,0.00936,0.032701
P02,shape_sorter_interaction,1,15725,15750,25,0.1,0.0093,0.032901
P02,shape_sorter_interaction,1,15750,15775,25,0.1,0.00939,0.032711
P02,shape_sorter_interaction,1,15775,15800,25,0.1,0.00917,0.032681
P02,shape_sorter_interaction,1,15800,15825,25,0.1,0.009311,0.03288
P02,shape_sorter_interaction,1,15825,15850,25,0.1,0.009201,0.032861
P02,shape_sorter_interaction,1,15850,15875,25,0.1,0.00933,0.032681
P02,shape_sorter_interaction,1,15875,15900,25,0.1,0.00908,0.032841
P02,shape_sorter_interaction,1,15900,15925,25,0.1,0.00938,0.032721
P02,shape_sorter_interaction,1,15925,15950,25,0.1,0.00935,0.032561
P02,shape_sorter_interaction,1,15950,15975,25,0.1,0.009351,0.03325
P02,shape_sorter_interaction,1,15975,16000,25,0.1,0.009321,0.032951
P02,shape_sorter_interaction,1,16000,16025,25,0.1,0.0093,0.033391
P02,shape_sorter_interaction,1,16025,16050,25,0.1,0.00945,0.032991
P02,shape_sorter_interaction,1,16050,16075,25,0.1,0.00945,0.032611
P02,shape_sorter_interaction,1,16075,16100,25,0.1,0.00946,0.032801
P02,shape_sorter_interaction,1,16100,16125,25,0.1,0.009451,0.033161
P02,shape_sorter_interaction,1,16125,16150,25,0.1,0.00949,0.032781
P02,shape_sorter_interaction,1,16150,16175,25,0.1,0.00935,0.032921
P02,shape_sorter_interaction,1,16175,16200,25,0.1,0.00933,0.032621
P02,shape_sorter_interaction,1,16200,16225,25,0.1,0.00929,0.032691
P02,shape_sorter_interaction,1,16225,16250,25,0.1,0.00927,0.032311
P02,shape_sorter_interaction,1,16250,16275,25,0.1,0.009211,0.032951
P02,shape_sorter_interaction,1,16275,16300,25,0.1,0.00929,0.032521
P02,shape_sorter_interaction,1,16300,16325,25,0.1,0.00925,0.032731
P02,shape_sorter_interaction,1,16325,16350,25,0.1,0.00943,0.036691
P02,shape_sorter_interaction,1,16350,16375,25,0.1,0.01035,0.034731
P02,shape_sorter_interaction,1,16375,16400,25,0.1,0.009211,0.032841
P02,shape_sorter_interaction,1,16400,16425,25,0.1,0.0093,0.032941
P02,shape_sorter_interaction,1,16425,16450,25,0.1,0.00925,0.032771
P02,shape_sorter_interaction,1,16450,16475,25,0.1,0.00943,0.033611
P02,shape_sorter_interaction,1,16475,16500,25,0.1,0.00944,0.033661
P02,shape_sorter_interaction,1,16500,16525,25,0.1,0.009301,0.0332
P02,shape_sorter_interaction,1,16525,16550,25,0.1,0.009411,0.032901
P02,shape_sorter_interaction,1,16550,16575,25,0.1,0.00915,0.033201
P02,shape_sorter_interaction,1,16575,16600,25,0.1,0.00948,0.032891
P02,shape_sorter_interaction,1,16600,16625,25,0.1,0.00957,0.032711
P02,shape_sorter_interaction,1,16625,16650,25,0.1,0.00932,0.033171
P02,shape_sorter_interaction,1,16650,16675,25,0.1,0.009501,0.032691
P02,shape_sorter_interaction,1,16675,16700,25,0.1,0.00938,0.033211
P02,shape_sorter_interaction,1,16700,16725,25,0.1,0.00944,0.033111
P02,shape_sorter_interaction,1,16725,16750,25,0.1,0.00924,0.033111
P02,shape_sorter_interaction,1,16750,16775,25,0.1,0.00927,0.032841
P02,shape_sorter_interaction,1,16775,16800,25,0.1,0.00932,0.032941
P02,shape_sorter_interaction,1,16800,16825,25,0.1,0.009461,0.033311
P02,shape_sorter_interaction,1,16825,16850,25,0.1,0.00982,0.032811
P02,shape_sorter_interaction,1,16850,16875,25,0.1,0.00945,0.033111
P02,shape_sorter_interaction,1,16875,16900,25,0.1,0.00932,0.033321
P02,shape_sorter_interaction,1,16900,16925,25,0.1,0.00975,0.033221
P02,shape_sorter_interaction,1,16925,16950,25,0.1,0.009441,0.032961
P02,shape_sorter_interaction,1,16950,16975,25,0.1,0.00933,0.032851
P02,shape_sorter_interaction,1,16975,17000,25,0.1,0.00923,0.032691
P02,shape_sorter_interaction,1,17000,17025,25,0.1,0.00935,0.032931
P02,shape_sorter_interaction,1,17025,17050,25,0.1,0.00925,0.032741
P02,shape_sorter_interaction,1,17050,17075,25,0.1,0.00943,0.032991
P02,shape_sorter_interaction,1,17075,17100,25,0.1,0.009331,0.033071
P02,shape_sorter_interaction,1,17100,17125,25,0.1,0.00941,0.033011
P02,shape_sorter_interaction,1,17125,17150,25,0.1,0.0094,0.033061
P02,shape_sorter_interaction,1,17150,17175,25,0.1,0.00952,0.060202
P02,shape_sorter_interaction,1,17175,17200,25,0.1,0.01145,0.034931
P02,shape_sorter_interaction,1,17200,17225,25,0.1,0.00956,0.033121
P02,shape_sorter_interaction,1,17225,17250,25,0.1,0.009571,0.033091
P02,shape_sorter_interaction,1,17250,17275,25,0.1,0.0094,0.033401
P02,shape_sorter_interaction,1,17275,17300,25,0.1,0.00937,0.032971
P02,shape_sorter_interaction,1,17300,17325,25,0.1,0.00928,0.032821
P02,shape_sorter_interaction,1,17325,17350,25,0.1,0.00928,0.033321
P02,shape_sorter_interaction,1,17350,17375,25,0.1,0.009361,0.033351
P02,shape_sorter_interaction,1,17375,17400,25,0.1,0.00946,0.033571
P02,shape_sorter_interaction,1,17400,17425,25,0.1,0.00937,0.061962
P02,shape_sorter_interaction,1,17425,17450,25,0.1,0.01292,0.034891
P02,shape_sorter_interaction,1,17450,17475,25,0.1,0.00952,0.033701
P02,shape_sorter_interaction,1,17475,17500,25,0.1,0.009461,0.033471
P02,shape_sorter_interaction,1,17500,17525,25,0.1,0.00924,0.033251
P02,shape_sorter_interaction,1,17525,17550,25,0.1,0.00928,0.033221
P02,shape_sorter_interaction,1,17550,17575,25,0.1,0.0092,0.033351
P02,shape_sorter_interaction,1,17575,17600,25,0.1,0.00923,0.033531
P02,shape_sorter_interaction,1,17600,17625,25,0.1,0.009171,0.033361
P02,shape_sorter_interaction,1,17625,17650,25,0.1,0.00929,0.033451
P02,shape_sorter_interaction,1,17650,17675,25,0.1,0.00933,0.033131
P02,shape_sorter_interaction,1,17675,17700,25,0.1,0.00933,0.033051
P02,shape_sorter_interaction,1,17700,17725,25,0.1,0.00914,0.032971
P02,shape_sorter_interaction,1,17725,17750,25,0.1,0.009271,0.033311
P02,shape_sorter_interaction,1,17750,17775,25,0.1,0.00931,0.033291
P02,shape_sorter_interaction,1,17775,17800,25,0.1,0.00944,0.033181
P02,shape_sorter_interaction,1,17800,17825,25,0.1,0.00929,0.033101
P02,shape_sorter_interaction,1,17825,17850,25,0.1,0.00916,0.033131
P02,shape_sorter_interaction,1,17850,17875,25,0.1,0.009531,0.033411
P02,shape_sorter_interaction,1,17875,17900,25,0.1,0.00925,0.033511
P02,shape_sorter_interaction,1,17900,17925,25,0.1,0.00932,0.033151
P02,shape_sorter_interaction,1,17925,17950,25,0.1,0.00915,0.033391
P02,shape_sorter_interaction,1,17950,17975,25,0.1,0.00924,0.033451
P02,shape_sorter_interaction,1,17975,18000,25,0.1,0.009311,0.033061
P02,shape_sorter_interaction,1,18000,18025,25,0.1,0.00937,0.033171
P02,shape_sorter_interaction,1,18025,18050,25,0.1,0.00934,0.033541
P02,shape_sorter_interaction,1,18050,18075,25,0.1,0.00946,0.032901
P02,shape_sorter_interaction,1,18075,18100,25,0.1,0.00932,0.033141
P02,shape_sorter_interaction,1,18100,18125,25,0.1,0.009171,0.033121
P02,shape_sorter_interaction,1,18125,18150,25,0.1,0.00905,0.033251
P02,shape_sorter_interaction,1,18150,18175,25,0.1,0.00929,0.032931
P02,shape_sorter_interaction,1,18175,18200,25,0.1,0.00946,0.033301
P02,shape_sorter_interaction,1,18200,18225,25,0.1,0.00935,0.032781
P02,shape_sorter_interaction,1,18225,18250,25,0.1,0.009381,0.03306
P02,shape_sorter_interaction,1,18250,18275,25,0.1,0.00918,0.033011
P02,shape_sorter_interaction,1,18275,18300,25,0.1,0.00936,0.033161
P02,shape_sorter_interaction,1,18300,18325,25,0.1,0.00923,0.032901
P02,shape_sorter_interaction,1,18325,18350,25,0.1,0.00935,0.033241
P02,shape_sorter_interaction,1,18350,18375,25,0.1,0.009331,0.03352
P02,shape_sorter_interaction,1,18375,18400,25,0.1,0.009391,0.033321
P02,shape_sorter_interaction,1,18400,18425,25,0.1,0.00953,0.033831
P02,shape_sorter_interaction,1,18425,18450,25,0.1,0.00946,0.033511
P02,shape_sorter_interaction,1,18450,18475,25,0.1,0.00939,0.033711
P02,shape_sorter_interaction,1,18475,18500,25,0.1,0.009241,0.033111
P02,shape_sorter_interaction,1,18500,18525,25,0.1,0.00924,0.033201
P02,shape_sorter_interaction,1,18525,18550,25,0.1,0.00953,0.033361
P02,shape_sorter_interaction,1,18550,18575,25,0.1,0.00928,0.033641
P02,shape_sorter_interaction,1,18575,18600,25,0.1,0.00938,0.033721
P02,shape_sorter_interaction,1,18600,18625,25,0.1,0.009471,0.033401
P02,shape_sorter_interaction,1,18625,18650,25,0.1,0.00929,0.033651
P02,shape_sorter_interaction,1,18650,18675,25,0.1,0.00928,0.033911
P02,shape_sorter_interaction,1,18675,18700,25,0.1,0.00929,0.034001
P02,shape_sorter_interaction,1,18700,18725,25,0.1,0.009411,0.0339
P02,shape_sorter_interaction,1,18725,18750,25,0.1,0.009511,0.033311
P02,shape_sorter_interaction,1,18750,18775,25,0.1,0.00929,0.033121
P02,shape_sorter_interaction,1,18775,18800,25,0.1,0.00935,0.033271
P02,shape_sorter_interaction,1,18800,18825,25,0.1,0.00936,0.033181
P02,shape_sorter_interaction,1,18825,18850,25,0.1,0.009441,0.03328
P02,shape_sorter_interaction,1,18850,18875,25,0.1,0.009361,0.033481
P02,shape_sorter_interaction,1,18875,18900,25,0.1,0.00938,0.033161
P02,shape_sorter_interaction,1,18900,18925,25,0.1,0.0093,0.033101
P02,shape_sorter_interaction,1,18925,18950,25,0.1,0.00927,0.033221
P02,shape_sorter_interaction,1,18950,18975,25,0.1,0.009371,0.03332
P02,shape_sorter_interaction,1,18975,19000,25,0.1,0.009391,0.033111
P02,shape_sorter_interaction,1,19000,19025,25,0.1,0.00936,0.033341
P02,shape_sorter_interaction,1,19025,19050,25,0.1,0.0094,0.033331
P02,shape_sorter_interaction,1,19050,19075,25,0.1,0.00932,0.032701
P02,shape_sorter_interaction,1,19075,19100,25,0.1,0.009321,0.03327
P02,shape_sorter_interaction,1,19100,19125,25,0.1,0.009401,0.033441
P02,shape_sorter_interaction,1,19125,19150,25,0.1,0.00941,0.033411
P02,shape_sorter_interaction,1,19150,19175,25,0.1,0.00939,0.033141
P02,shape_sorter_interaction,1,19175,19200,25,0.1,0.0092,0.033041
P02,shape_sorter_interaction,1,19200,19225,25,0.1,0.009251,0.03322
P02,shape_sorter_interaction,1,19225,19250,25,0.1,0.009331,0.033441
P02,shape_sorter_interaction,1,19250,19275,25,0.1,0.00948,0.033331
P02,shape_sorter_interaction,1,19275,19300,25,0.1,0.00933,0.033301
P02,shape_sorter_interaction,1,19300,19325,25,0.1,0.00936,0.033281
P02,shape_sorter_interaction,1,19325,19350,25,0.1,0.009291,0.0333
P02,shape_sorter_interaction,1,19350,19375,25,0.1,0.00936,0.033021
P02,shape_sorter_interaction,1,19375,19400,25,0.1,0.0094,0.033201
P02,shape_sorter_interaction,1,19400,19425,25,0.1,0.00924,0.045981
P02,shape_sorter_interaction,1,19425,19450,25,0.1,0.013681,0.040241
P02,shape_sorter_interaction,1,19450,19475,25,0.1,0.01019,0.033841
P02,shape_sorter_interaction,1,19475,19500,25,0.1,0.00958,0.033491
P02,shape_sorter_interaction,1,19500,19525,25,0.1,0.009301,0.033431
P02,shape_sorter_interaction,1,19525,19550,25,0.1,0.00934,0.033351
P02,shape_sorter_interaction,1,19550,19575,25,0.1,0.00939,0.033241
P02,shape_sorter_interaction,1,19575,19600,25,0.1,0.00948,0.033251
P02,shape_sorter_interaction,1,19600,19625,25,0.1,0.00935,0.033301
P02,shape_sorter_interaction,1,19625,19650,25,0.1,0.009371,0.03312
P02,shape_sorter_interaction,1,19650,19675,25,0.1,0.009431,0.033061
P02,shape_sorter_interaction,1,19675,19700,25,0.1,0.00947,0.033131
P02,shape_sorter_interaction,1,19700,19725,25,0.1,0.00943,0.033001
P02,shape_sorter_interaction,1,19725,19750,25,0.1,0.0094,0.033401
P02,shape_sorter_interaction,1,19750,19775,25,0.1,0.00941,0.033201
P02,shape_sorter_interaction,1,19775,19800,25,0.1,0.009381,0.033291
P02,shape_sorter_interaction,1,19800,19825,25,0.1,0.00937,0.033301
P02,shape_sorter_interaction,1,19825,19850,25,0.1,0.00925,0.033211
P02,shape_sorter_interaction,1,19850,19875,25,0.1,0.00932,0.033341
P02,shape_sorter_interaction,1,19875,19900,25,0.1,0.0096,0.033191
P02,shape_sorter_interaction,1,19900,19925,25,0.1,0.009421,0.03356
P02,shape_sorter_interaction,1,19925,19950,25,0.1,0.009451,0.033451
P02,shape_sorter_interaction,1,19950,19975,25,0.1,0.00946,0.033181
P02,shape_sorter_interaction,1,19975,20000,25,0.1,0.00939,0.033531
P02,shape_sorter_interaction,1,20000,20025,25,0.1,0.00935,0.033051
P02,shape_sorter_interaction,1,20025,20050,25,0.1,0.0093,0.033001
P02,shape_sorter_interaction,1,20050,20075,25,0.1,0.009261,0.032991
P02,shape_sorter_interaction,1,20075,20100,25,0.1,0.00941,0.033051
P02,shape_sorter_interaction,1,20100,20125,25,0.1,0.00915,0.033071
P02,shape_sorter_interaction,1,20125,20150,25,0.1,0.00919,0.033211
P02,shape_sorter_interaction,1,20150,20175,25,0.1,0.00929,0.033241
P02,shape_sorter_interaction,1,20175,20200,25,0.1,0.009291,0.03307
P02,shape_sorter_interaction,1,20200,20225,25,0.1,0.009321,0.033301
P02,shape_sorter_interaction,1,20225,20250,25,0.1,0.00939,0.033141
P02,shape_sorter_interaction,1,20250,20275,25,0.1,0.00928,0.033301
P02,shape_sorter_interaction,1,20275,20300,25,0.1,0.00925,0.032961
P02,shape_sorter_interaction,1,20300,20325,25,0.1,0.00927,0.033451
P02,shape_sorter_interaction,1,20325,20350,25,0.1,0.009311,0.03341
P02,shape_sorter_interaction,1,20350,20375,25,0.1,0.00941,0.033481
P02,shape_sorter_interaction,1,20375,20400,25,0.1,0.00929,0.033471
P02,shape_sorter_interaction,1,20400,20425,25,0.1,0.00955,0.033391
P02,shape_sorter_interaction,1,20425,20450,25,0.1,0.00943,0.033181
P02,shape_sorter_interaction,1,20450,20475,25,0.1,0.009241,0.03334
P02,shape_sorter_interaction,1,20475,20500,25,0.1,0.009361,0.032881
P02,shape_sorter_interaction,1,20500,20525,25,0.1,0.00951,0.032991
P02,shape_sorter_interaction,1,20525,20550,25,0.1,0.00939,0.033371
P02,shape_sorter_interaction,1,20550,20575,25,0.1,0.00931,0.033511
P02,shape_sorter_interaction,1,20575,20600,25,0.1,0.00946,0.033491
P02,shape_sorter_interaction,1,20600,20625,25,0.1,0.009341,0.033341
P02,shape_sorter_interaction,1,20625,20650,25,0.1,0.00943,0.032791
P02,shape_sorter_interaction,1,20650,20675,25,0.1,0.00938,0.033111
P02,shape_sorter_interaction,1,20675,20700,25,0.1,0.00934,0.032821
P02,shape_sorter_interaction,1,20700,20725,25,0.1,0.00952,0.033451
P02,shape_sorter_interaction,1,20725,20750,25,0.1,0.009411,0.03315
P02,shape_sorter_interaction,1,20750,20775,25,0.1,0.009321,0.033621
P02,shape_sorter_interaction,1,20775,20800,25,0.1,0.00965,0.033611
P02,shape_sorter_interaction,1,20800,20825,25,0.1,0.00948,0.033571
P02,shape_sorter_interaction,1,20825,20850,25,0.1,0.00953,0.033561
P02,shape_sorter_interaction,1,20850,20875,25,0.1,0.00977,0.033721
P02,shape_sorter_interaction,1,20875,20900,25,0.1,0.009591,0.033791
P02,shape_sorter_interaction,1,20900,20925,25,0.1,0.00944,0.033331
P02,shape_sorter_interaction,1,20925,20950,25,0.1,0.00926,0.033501
P02,shape_sorter_interaction,1,20950,20975,25,0.1,0.00944,0.033441
P02,shape_sorter_interaction,1,20975,21000,25,0.1,0.00941,0.033971
P02,shape_sorter_interaction,1,21000,21025,25,0.1,0.009501,0.033201
P02,shape_sorter_interaction,1,21025,21050,25,0.1,0.00942,0.033311
P02,shape_sorter_interaction,1,21050,21075,25,0.1,0.00949,0.033461
P02,shape_sorter_interaction,1,21075,21100,25,0.1,0.00932,0.033381
P02,shape_sorter_interaction,1,21100,21125,25,0.1,0.00931,0.033551
P02,shape_sorter_interaction,1,21125,21150,25,0.1,0.009221,0.03366
P02,shape_sorter_interaction,1,21150,21175,25,0.1,0.00947,0.033631
P02,shape_sorter_interaction,1,21175,21200,25,0.1,0.00952,0.033481
P02,shape_sorter_interaction,1,21200,21225,25,0.1,0.00928,0.033381
P02,shape_sorter_interaction,1,21225,21250,25,0.1,0.00931,0.033341
P02,shape_sorter_interaction,1,21250,21275,25,0.1,0.009381,0.03344
P02,shape_sorter_interaction,1,21275,21300,25,0.1,0.009301,0.033441
P02,shape_sorter_interaction,1,21300,21325,25,0.1,0.00932,0.033251
P02,shape_sorter_interaction,1,21325,21350,25,0.1,0.00929,0.033231
P02,shape_sorter_interaction,1,21350,21375,25,0.1,0.0093,0.033271
P02,shape_sorter_interaction,1,21375,21400,25,0.1,0.00938,0.033641
P02,shape_sorter_interaction,1,21400,21425,25,0.1,0.009541,0.033371
P02,shape_sorter_interaction,1,21425,21450,25,0.1,0.00928,0.032781
P02,shape_sorter_interaction,1,21450,21475,25,0.1,0.00932,0.033291
P02,shape_sorter_interaction,1,21475,21500,25,0.1,0.00939,0.033261
P02,shape_sorter_interaction,1,21500,21525,25,0.1,0.00929,0.033291
P02,shape_sorter_interaction,1,21525,21550,25,0.1,0.009291,0.0334
P02,shape_sorter_interaction,1,21550,21575,25,0.1,0.009341,0.033381
P02,shape_sorter_interaction,1,21575,21600,25,0.1,0.00928,0.033481
P02,shape_sorter_interaction,1,21600,21625,25,0.1,0.00946,0.033341
P02,shape_sorter_interaction,1,21625,21650,25,0.1,0.0093,0.033231
P02,shape_sorter_interaction,1,21650,21675,25,0.1,0.00916,0.032961
P02,shape_sorter_interaction,1,21675,21700,25,0.1,0.015851,0.034971
P02,shape_sorter_interaction,1,21700,21725,25,0.1,0.00971,0.033521
P02,shape_sorter_interaction,1,21725,21750,25,0.1,0.00942,0.033141
P02,shape_sorter_interaction,1,21750,21775,25,0.1,0.00938,0.033441
P02,shape_sorter_interaction,1,21775,21800,25,0.1,0.009291,0.03368
P02,shape_sorter_interaction,1,21800,21825,25,0.1,0.00939,0.033271
P02,shape_sorter_interaction,1,21825,21850,25,0.1,0.00937,0.033521
P02,shape_sorter_interaction,1,21850,21875,25,0.1,0.00939,0.033411
P02,shape_sorter_interaction,1,21875,21900,25,0.1,0.00925,0.033261
P02,shape_sorter_interaction,1,21900,21925,25,0.1,0.009381,0.03339
P02,shape_sorter_interaction,1,21925,21950,25,0.1,0.009341,0.033321
P02,shape_sorter_interaction,1,21950,21975,25,0.1,0.00935,0.033011
P02,shape_sorter_interaction,1,21975,22000,25,0.1,0.00942,0.033221
P02,shape_sorter_interaction,1,22000,22025,25,0.1,0.0094,0.033221
P02,shape_sorter_interaction,1,22025,22050,25,0.1,0.00949,0.033741
P02,shape_sorter_interaction,1,22050,22075,25,0.1,0.009481,0.033471
P02,shape_sorter_interaction,1,22075,22100,25,0.1,0.00938,0.033141
P02,shape_sorter_interaction,1,22100,22125,25,0.1,0.00934,0.032711
P02,shape_sorter_interaction,1,22125,22150,25,0.1,0.00928,0.033311
P02,shape_sorter_interaction,1,22150,22175,25,0.1,0.00961,0.033261
P02,shape_sorter_interaction,1,22175,22200,25,0.1,0.009411,0.0333
P02,shape_sorter_interaction,1,22200,22225,25,0.1,0.009321,0.033481
P02,shape_sorter_interaction,1,22225,22250,25,0.1,0.00948,0.033251
P02,shape_sorter_interaction,1,22250,22275,25,0.1,0.00932,0.032921
P02,shape_sorter_interaction,1,22275,22300,25,0.1,0.00929,0.033131
P02,shape_sorter_interaction,1,22300,22325,25,0.1,0.00946,0.032991
P02,shape_sorter_interaction,1,22325,22350,25,0.1,0.009401,0.033121
P02,shape_sorter_interaction,1,22350,22375,25,0.1,0.00926,0.033131
P02,shape_sorter_interaction,1,22375,22400,25,0.1,0.00923,0.033021
P02,shape_sorter_interaction,1,22400,22425,25,0.1,0.00927,0.033081
P02,shape_sorter_interaction,1,22425,22450,25,0.1,0.00922,0.033251
P02,shape_sorter_interaction,1,22450,22475,25,0.1,0.00944,0.033361
P02,shape_sorter_interaction,1,22475,22500,25,0.1,0.009421,0.032821
P02,shape_sorter_interaction,1,22500,22525,25,0.1,0.00922,0.033061
P02,shape_sorter_interaction,1,22525,22550,25,0.1,0.00928,0.033181
P02,shape_sorter_interaction,1,22550,22575,25,0.1,0.00938,0.033201
P02,shape_sorter_interaction,1,22575,22600,25,0.1,0.00937,0.033071
P02,shape_sorter_interaction,1,22600,22625,25,0.1,0.009111,0.03272
P02,shape_sorter_interaction,1,22625,22650,25,0.1,0.009371,0.032871
P02,shape_sorter_interaction,1,22650,22675,25,0.1,0.00947,0.033081
P02,shape_sorter_interaction,1,22675,22700,25,0.1,0.00935,0.033161
P02,shape_sorter_interaction,1,22700,22725,25,0.1,0.00925,0.033381
P02,shape_sorter_interaction,1,22725,22750,25,0.1,0.00916,0.033261
P02,shape_sorter_interaction,1,22750,22775,25,0.1,0.009291,0.03344
P02,shape_sorter_interaction,1,22775,22800,25,0.1,0.00922,0.033131
P02,shape_sorter_interaction,1,22800,22825,25,0.1,0.00934,0.033151
P02,shape_sorter_interaction,1,22825,22850,25,0.1,0.00935,0.032811
P02,shape_sorter_interaction,1,22850,22875,25,0.1,0.00915,0.033271
P02,shape_sorter_interaction,1,22875,22900,25,0.1,0.0095,0.033081
P02,shape_sorter_interaction,1,22900,22925,25,0.1,0.009411,0.033261
P02,shape_sorter_interaction,1,22925,22950,25,0.1,0.0093,0.033331
P02,shape_sorter_interaction,1,22950,22975,25,0.1,0.00919,0.033521
P02,shape_sorter_interaction,1,22975,23000,25,0.1,0.00941,0.033421
P02,shape_sorter_interaction,1,23000,23025,25,0.1,0.00952,0.033871
P02,shape_sorter_interaction,1,23025,23050,25,0.1,0.009331,0.033681
P02,shape_sorter_interaction,1,23050,23075,25,0.1,0.00946,0.033161
P02,shape_sorter_interaction,1,23075,23100,25,0.1,0.00942,0.033411
P02,shape_sorter_interaction,1,23100,23125,25,0.1,0.00943,0.033161
P02,shape_sorter_interaction,1,23125,23150,25,0.1,0.00939,0.033451
P02,shape_sorter_interaction,1,23150,23175,25,0.1,0.009421,0.03309
P02,shape_sorter_interaction,1,23175,23200,25,0.1,0.009441,0.033111
P02,shape_sorter_interaction,1,23200,23225,25,0.1,0.00934,0.033151
P02,shape_sorter_interaction,1,23225,23250,25,0.1,0.0093,0.033321
P02,shape_sorter_interaction,1,23250,23275,25,0.1,0.00948,0.033351
P02,shape_sorter_interaction,1,23275,23300,25,0.1,0.00931,0.033211
P02,shape_sorter_interaction,1,23300,23325,25,0.1,0.009501,0.033391
P02,shape_sorter_interaction,1,23325,23350,25,0.1,0.00952,0.033261
P02,shape_sorter_interaction,1,23350,23375,25,0.1,0.00939,0.033481
P02,shape_sorter_interaction,1,23375,23400,25,0.1,0.00928,0.033541
P02,shape_sorter_interaction,1,23400,23425,25,0.1,0.00922,0.032961
P02,shape_sorter_interaction,1,23425,23450,25,0.1,0.009411,0.03319
P02,shape_sorter_interaction,1,23450,23475,25,0.1,0.009321,0.033171
P02,shape_sorter_interaction,1,23475,23500,25,0.1,0.0091,0.033261
P02,shape_sorter_interaction,1,23500,23525,25,0.1,0.00937,0.033621
P02,shape_sorter_interaction,1,23525,23550,25,0.1,0.00931,0.033391
P02,shape_sorter_interaction,1,23550,23575,25,0.1,0.00928,0.033521
P02,shape_sorter_interaction,1,23575,23600,25,0.1,0.009401,0.033351
P02,shape_sorter_interaction,1,23600,23625,25,0.1,0.0093,0.032851
P02,shape_sorter_interaction,1,23625,23650,25,0.1,0.00931,0.032931
P02,shape_sorter_interaction,1,23650,23675,25,0.1,0.00935,0.032941
P02,shape_sorter_interaction,1,23675,23700,25,0.1,0.00923,0.033381
P02,shape_sorter_interaction,1,23700,23725,25,0.1,0.009441,0.03334
P02,shape_sorter_interaction,1,23725,23750,25,0.1,0.009171,0.033401
P02,shape_sorter_interaction,1,23750,23775,25,0.1,0.00921,0.033421
P02,shape_sorter_interaction,1,23775,23800,25,0.1,0.00936,0.032981
P02,shape_sorter_interaction,1,23800,23825,25,0.1,0.00953,0.033101
P02,shape_sorter_interaction,1,23825,23850,25,0.1,0.00937,0.033491
P02,shape_sorter_interaction,1,23850,23875,25,0.1,0.009331,0.033131
P02,shape_sorter_interaction,1,23875,23900,25,0.1,0.00937,0.033581
P02,shape_sorter_interaction,1,23900,23925,25,0.1,0.00936,0.033171
P02,shape_sorter_interaction,1,23925,23950,25,0.1,0.00925,0.033051
P02,shape_sorter_interaction,1,23950,23975,25,0.1,0.00937,0.089913
P02,shape_sorter_interaction,1,23975,24000,25,0.1,0.0153,0.039041
P02,shape_sorter_interaction,1,24000,24025,25,0.1,0.010131,0.034671
P02,shape_sorter_interaction,1,24025,24050,25,0.1,0.00973,0.033651
P02,shape_sorter_interaction,1,24050,24075,25,0.1,0.00961,0.033391
P02,shape_sorter_interaction,1,24075,24100,25,0.1,0.00958,0.033251
P02,shape_sorter_interaction,1,24100,24125,25,0.1,0.009291,0.03299
P02,shape_sorter_interaction,1,24125,24150,25,0.1,0.009261,0.033061
P02,shape_sorter_interaction,1,24150,24175,25,0.1,0.00919,0.033121
P02,shape_sorter_interaction,1,24175,24200,25,0.1,0.00909,0.033071
P02,shape_sorter_interaction,1,24200,24225,25,0.1,0.00933,0.033021
P02,shape_sorter_interaction,1,24225,24250,25,0.1,0.009291,0.03324
P02,shape_sorter_interaction,1,24250,24275,25,0.1,0.009321,0.033191
P02,shape_sorter_interaction,1,24275,24300,25,0.1,0.00937,0.033421
P02,shape_sorter_interaction,1,24300,24325,25,0.1,0.00943,0.033041
P02,shape_sorter_interaction,1,24325,24350,25,0.1,0.00958,0.033561
P02,shape_sorter_interaction,1,24350,24375,25,0.1,0.009171,0.03298
P02,shape_sorter_interaction,1,24375,24400,25,0.1,0.009341,0.033421
P02,shape_sorter_interaction,1,24400,24425,25,0.1,0.00943,0.033521
P02,shape_sorter_interaction,1,24425,24450,25,0.1,0.00945,0.033021
P02,shape_sorter_interaction,1,24450,24475,25,0.1,0.00922,0.032521
P02,shape_sorter_interaction,1,24475,24500,25,0.1,0.009291,0.03336
P02,shape_sorter_interaction,1,24500,24525,25,0.1,0.009311,0.032951
P02,shape_sorter_interaction,1,24525,24550,25,0.1,0.00918,0.032861
P02,shape_sorter_interaction,1,24550,24575,25,0.1,0.00938,0.033171
P02,shape_sorter_interaction,1,24575,24600,25,0.1,0.00906,0.033021
P02,shape_sorter_interaction,1,24600,24625,25,0.1,0.00924,0.033221
P02,shape_sorter_interaction,1,24625,24650,25,0.1,0.009331,0.033281
P02,shape_sorter_interaction,1,24650,24675,25,0.1,0.00927,0.033491
P02,shape_sorter_interaction,1,24675,24700,25,0.1,0.00919,0.032841
P02,shape_sorter_interaction,1,24700,24725,25,0.1,0.00906,0.033181
P02,shape_sorter_interaction,1,24725,24750,25,0.1,0.00936,0.033381
P02,shape_sorter_interaction,1,24750,24775,25,0.1,0.009341,0.033571
P02,shape_sorter_interaction,1,24775,24800,25,0.1,0.0094,0.032761
P02,shape_sorter_interaction,1,24800,24825,25,0.1,0.00933,0.033221
P02,shape_sorter_interaction,1,24825,24850,25,0.1,0.0095,0.033181
P02,shape_sorter_interaction,1,24850,24875,25,0.1,0.0092,0.032921
P02,shape_sorter_interaction,1,24875,24900,25,0.1,0.009301,0.033011
P02,shape_sorter_interaction,1,24900,24925,25,0.1,0.00906,0.032961
P02,shape_sorter_interaction,1,24925,24950,25,0.1,0.00921,0.032841
P02,shape_sorter_interaction,1,24950,24975,25,0.1,0.00952,0.033011
P02,shape_sorter_interaction,1,24975,25000,25,0.1,0.00932,0.032961
P02,shape_sorter_interaction,1,25000,25025,25,0.1,0.009271,0.032931
P02,shape_sorter_interaction,1,25025,25050,25,0.1,0.00896,0.033041
P02,shape_sorter_interaction,1,25050,25075,25,0.1,0.00952,0.033621
P02,shape_sorter_interaction,1,25075,25100,25,0.1,0.00962,0.033491
P02,shape_sorter_interaction,1,25100,25125,25,0.1,0.00963,0.033541
P02,shape_sorter_interaction,1,25125,25150,25,0.1,0.009501,0.033841
P02,shape_sorter_interaction,1,25150,25175,25,0.1,0.00929,0.033591
P02,shape_sorter_interaction,1,25175,25200,25,0.1,0.00944,0.033501
P02,shape_sorter_interaction,1,25200,25225,25,0.1,0.00944,0.033041
P02,shape_sorter_interaction,1,25225,25250,25,0.1,0.00935,0.032811
P02,shape_sorter_interaction,1,25250,25275,25,0.1,0.009501,0.033081
P02,shape_sorter_interaction,1,25275,25300,25,0.1,0.00964,0.033041
P02,shape_sorter_interaction,1,25300,25325,25,0.1,0.00946,0.033201
P02,shape_sorter_interaction,1,25325,25350,25,0.1,0.00923,0.032891
P02,shape_sorter_interaction,1,25350,25375,25,0.1,0.00932,0.033351
P02,shape_sorter_interaction,1,25375,25400,25,0.1,0.009491,0.033021
P02,shape_sorter_interaction,1,25400,25425,25,0.1,0.00956,0.032911
P02,shape_sorter_interaction,1,25425,25450,25,0.1,0.00941,0.032881
P02,shape_sorter_interaction,1,25450,25475,25,0.1,0.0093,0.032981
P02,shape_sorter_interaction,1,25475,25500,25,0.1,0.00932,0.033121
P02,shape_sorter_interaction,1,25500,25525,25,0.1,0.009541,0.033081
P02,shape_sorter_interaction,1,25525,25550,25,0.1,0.00963,0.033151
P02,shape_sorter_interaction,1,25550,25561,11,0.044,0.01021,0.032721
