held_out_participant,trigger,true_rating,predicted_rating,true_binary_LOW_HIGH,predicted_binary_LOW_HIGH
P01,115,6.0,4.317939281463623,1,1
P01,414,2.0,4.387322902679443,0,1
P01,223,3.0,5.176278114318848,0,1
P01,423,3.0,4.365286350250244,0,1
P01,121,5.0,4.143747329711914,1,1
P01,320,3.0,3.853828191757202,0,0
P01,302,2.0,4.141685485839844,0,1
P01,103,5.0,4.70512056350708,1,1
P01,409,2.0,4.011384010314941,0,1
P01,330,6.0,5.021572589874268,1,1
P01,117,1.0,4.865781307220459,0,1
P01,228,2.0,4.168929100036621,0,1
P01,413,2.0,3.918743133544922,0,0
P01,422,6.0,4.094449520111084,1,1
P01,318,4.0,4.305297374725342,1,1
P01,105,5.0,5.178633213043213,1,1
P01,224,5.0,4.1148295402526855,1,1
P01,323,5.0,3.833707571029663,1,0
P01,424,2.0,3.6633989810943604,0,0
P01,417,2.0,3.992497682571411,0,0
P01,316,5.0,3.088672161102295,1,0
P01,101,6.0,4.027811527252197,1,1
P01,109,5.0,4.084258079528809,1,1
P01,421,3.0,4.025172233581543,0,1
P01,206,6.0,3.6364316940307617,1,0
P01,125,5.0,3.6555120944976807,1,0
P01,116,2.0,3.4302351474761963,0,0
P01,315,1.0,3.849533796310425,0,0
P01,303,5.0,4.52166223526001,1,1
P01,126,5.0,4.055305004119873,1,1
P01,410,2.0,3.4991636276245117,0,0
P01,227,5.0,3.9290049076080322,1,0
P01,405,6.0,4.518378257751465,1,1
P01,128,5.0,3.8884265422821045,1,0
P01,209,5.0,4.029397487640381,1,1
P01,415,6.0,3.721890687942505,1,0
P01,212,5.0,3.5620038509368896,1,0
P01,416,6.0,4.361345291137695,1,1
P01,123,6.0,3.651714563369751,1,0
P01,226,6.0,3.3666985034942627,1,0
P01,403,3.0,2.9268882274627686,0,0
P01,408,3.0,3.4896132946014404,0,0
P01,406,3.0,4.181578636169434,0,1
P01,122,3.0,3.6418182849884033,0,0
P01,129,3.0,3.546309232711792,0,0
P01,204,5.0,3.2257893085479736,1,0
P01,218,6.0,2.9033725261688232,1,0
P01,207,5.0,3.7435522079467773,1,0
P01,219,3.0,3.497704029083252,0,0
P01,221,6.0,3.6871769428253174,1,0
P01,412,2.0,2.8951497077941895,0,0
P01,313,5.0,3.7859652042388916,1,0
P01,309,3.0,4.017874717712402,0,1
P01,215,5.0,4.36379861831665,1,1
P01,106,5.0,4.1082682609558105,1,1
P01,418,4.0,3.8854141235351562,1,0
P01,317,3.0,3.6442246437072754,0,0
P01,210,3.0,3.996284008026123,0,0
P01,319,7.0,3.6837708950042725,1,0
P01,402,5.0,3.781506299972534,1,0
P01,430,2.0,3.044691801071167,0,0
P01,201,5.0,3.6006062030792236,1,0
P01,304,3.0,2.7657229900360107,0,0
P01,324,4.0,3.407235860824585,1,0
P01,213,7.0,3.6436426639556885,1,0
P01,329,2.0,3.7183024883270264,0,0
P01,220,6.0,4.308448314666748,1,1
P01,112,5.0,4.146365165710449,1,1
P01,211,5.0,4.0907697677612305,1,1
P01,322,3.0,3.5152297019958496,0,0
P01,321,3.0,3.989936590194702,0,0
P01,419,5.0,4.0555524826049805,1,1
P01,310,5.0,3.7029213905334473,1,0
P01,314,3.0,4.21538782119751,0,1
P01,127,2.0,3.72721004486084,0,0
P01,428,5.0,4.002732753753662,1,1
P01,111,5.0,3.5470712184906006,1,0
P01,325,3.0,4.358309268951416,0,1
P01,306,4.0,3.6598563194274902,1,0
P01,312,6.0,4.498278617858887,1,1
P01,225,5.0,4.8187103271484375,1,1
P01,426,5.0,3.5152275562286377,1,0
P01,130,5.0,4.064587116241455,1,1
P01,328,5.0,3.8259990215301514,1,0
P01,118,3.0,3.9543139934539795,0,0
P01,205,5.0,4.834198474884033,1,1
P01,214,3.0,4.00084924697876,0,1
P01,425,7.0,4.197780132293701,1,1
P01,307,4.0,3.5471034049987793,1,0
P01,429,4.0,3.1094119548797607,1,0
P01,327,3.0,2.774090051651001,0,0
P01,420,7.0,3.494675397872925,1,0
P01,208,7.0,3.646334171295166,1,0
P01,404,5.0,3.9116156101226807,1,0
P01,120,5.0,3.8502392768859863,1,0
P01,427,5.0,3.2247915267944336,1,0
P01,401,3.0,3.7311575412750244,0,0
P01,311,3.0,3.6918485164642334,0,0
P01,305,3.0,3.3409457206726074,0,0
P01,407,5.0,4.099122524261475,1,1
P01,222,5.0,3.6086668968200684,1,0
P01,229,5.0,3.9172933101654053,1,0
P01,108,3.0,3.673813581466675,0,0
P01,308,5.0,3.825026512145996,1,0
P01,119,6.0,3.508943796157837,1,0
P01,230,6.0,4.10979700088501,1,1
P01,104,3.0,4.050817489624023,0,1
P01,102,3.0,3.742600679397583,0,0
P01,301,3.0,3.4160239696502686,0,0
P01,107,3.0,3.528671979904175,0,0
P01,411,3.0,3.330451488494873,0,0
P01,217,5.0,4.361454486846924,1,1
P02,320,3.0,3.6466376781463623,0,0
P02,104,6.0,3.729588270187378,1,0
P02,422,6.0,4.3066301345825195,1,1
P02,101,2.0,4.120987892150879,0,1
P02,427,5.0,4.562022686004639,1,1
P02,108,6.0,3.967967987060547,1,0
P02,328,3.0,4.349939823150635,0,1
P02,110,5.0,4.527161121368408,1,1
P02,322,3.0,4.543406963348389,0,1
P02,405,5.0,4.103682994842529,1,1
P02,404,3.0,4.215695381164551,0,1
P02,204,3.0,3.8637607097625732,0,0
P02,308,4.0,4.211989879608154,1,1
P02,429,4.0,3.901228904724121,1,0
P02,127,4.0,3.494168281555176,1,0
P02,105,3.0,3.7234644889831543,0,0
P02,128,1.0,4.0955915451049805,0,1
P02,117,4.0,4.360345363616943,1,1
P02,324,4.0,4.3457207679748535,1,1
P02,403,5.0,4.195923328399658,1,1
P02,210,4.0,4.464615345001221,1,1
P02,214,3.0,4.242941379547119,0,1
P02,304,3.0,4.059392929077148,0,1
P02,229,5.0,4.5201029777526855,1,1
P02,325,1.0,4.042125701904297,0,1
P02,209,7.0,4.729039192199707,1,1
P02,224,4.0,4.3687615394592285,1,1
P02,112,1.0,4.450448036193848,0,1
P02,227,5.0,4.3116326332092285,1,1
P02,430,4.0,4.785890102386475,1,1
P02,311,5.0,4.112716197967529,1,1
P02,225,4.0,4.050830364227295,1,1
P02,113,1.0,4.210339069366455,0,1
P02,314,4.0,4.122238636016846,1,1
P02,424,2.0,4.411950588226318,0,1
P02,216,3.0,4.510888576507568,0,1
P02,107,1.0,4.670273303985596,0,1
P02,114,1.0,5.358337879180908,0,1
P02,223,4.0,4.39105749130249,1,1
P02,126,2.0,4.351635932922363,0,1
P02,122,2.0,4.259120464324951,0,1
P02,208,6.0,4.628773212432861,1,1
P02,106,4.0,3.8199474811553955,1,0
P02,414,5.0,4.379364967346191,1,1
P02,130,5.0,4.419266223907471,1,1
P02,207,4.0,4.389974117279053,1,1
P02,313,5.0,4.384195804595947,1,1
P02,211,5.0,4.453266620635986,1,1
P02,302,4.0,3.7098608016967773,1,0
P02,222,5.0,4.05303430557251,1,1
P02,421,5.0,4.115077495574951,1,1
P02,303,3.0,4.716963291168213,0,1
P02,116,6.0,4.47495174407959,1,1
P02,317,2.0,4.476992130279541,0,1
P02,115,5.0,4.464941024780273,1,1
P02,203,4.0,4.880802631378174,1,1
P02,330,2.0,4.391366481781006,0,1
P02,103,1.0,4.797752857208252,0,1
P02,118,3.0,4.396609783172607,0,1
P02,408,5.0,3.897416353225708,1,0
P02,102,4.0,4.099592685699463,1,1
P02,318,4.0,4.314664840698242,1,1
P02,401,3.0,4.266194820404053,0,1
P02,121,3.0,4.440012454986572,0,1
P02,309,1.0,4.721885681152344,0,1
P02,407,5.0,4.574350833892822,1,1
P02,416,4.0,4.675511837005615,1,1
P02,316,2.0,4.836913585662842,0,1
P02,425,5.0,4.368232250213623,1,1
P02,124,3.0,4.5278544425964355,0,1
P02,220,4.0,4.48194694519043,1,1
P02,305,5.0,4.7347588539123535,1,1
P02,312,6.0,4.3693461418151855,1,1
P02,409,4.0,4.232420444488525,1,1
P02,319,3.0,3.8124024868011475,0,0
P02,109,5.0,4.226320743560791,1,1
P02,221,5.0,4.276123523712158,1,1
P02,428,3.0,4.012232780456543,0,1
P02,205,6.0,4.519976615905762,1,1
P02,321,3.0,4.49539852142334,0,1
P02,329,3.0,4.213985443115234,0,1
P02,420,3.0,4.444413661956787,0,1
P02,228,5.0,4.106404781341553,1,1
P02,415,2.0,3.8752427101135254,0,0
P02,111,5.0,4.4975104331970215,1,1
P02,201,6.0,4.445258617401123,1,1
P02,125,2.0,4.355404376983643,0,1
P02,310,5.0,4.0970282554626465,1,1
P02,217,6.0,4.21012544631958,1,1
P02,306,3.0,4.02413272857666,0,1
P02,412,5.0,4.857473373413086,1,1
P02,120,6.0,3.8890867233276367,1,0
P02,202,4.0,4.083565711975098,1,1
P02,129,4.0,4.2373199462890625,1,1
P02,417,3.0,4.1396260261535645,0,1
P02,226,5.0,4.238305568695068,1,1
P02,215,5.0,4.418098449707031,1,1
P02,315,4.0,4.60671854019165,1,1
P02,327,4.0,4.156744480133057,1,1
P02,418,2.0,4.298423767089844,0,1
P04,329,5.0,5.11461067199707,1,1
P04,320,3.0,4.034984588623047,0,1
P04,205,6.0,4.206533432006836,1,1
P04,309,3.0,4.914951324462891,0,1
P04,413,4.0,3.406944751739502,1,0
P04,109,6.0,3.9933905601501465,1,0
P04,221,6.0,4.318058013916016,1,1
P04,204,5.0,4.013617992401123,1,1
P04,129,6.0,4.02752161026001,1,1
P04,408,6.0,3.8695273399353027,1,0
P04,219,3.0,3.6464438438415527,0,0
P04,314,3.0,4.055010795593262,0,1
P04,307,3.0,4.229562759399414,0,1
P04,116,7.0,3.7403922080993652,1,0
P04,411,2.0,4.173008441925049,0,1
P04,312,6.0,4.211188793182373,1,1
P04,101,1.0,4.146241664886475,0,1
P04,201,7.0,4.680723190307617,1,1
P04,209,3.0,3.0545921325683594,0,0
P04,211,5.0,2.645782709121704,1,0
P04,125,3.0,3.2639880180358887,0,0
P04,317,3.0,2.952700138092041,0,0
P04,223,2.0,2.9256067276000977,0,0
P04,421,1.0,2.7914905548095703,0,0
P04,420,6.0,3.442967414855957,1,0
P04,412,6.0,3.383401870727539,1,0
P04,217,6.0,3.791182518005371,1,0
P04,407,6.0,2.537330150604248,1,0
P04,114,1.0,2.877093553543091,0,0
P04,422,7.0,3.5915770530700684,1,0
P04,404,6.0,4.061551094055176,1,1
P04,304,1.0,3.3464531898498535,0,0
P04,212,5.0,3.0264039039611816,1,0
P04,410,3.0,2.9393434524536133,0,0
P04,306,3.0,2.9460511207580566,0,0
P04,115,1.0,3.1297597885131836,0,0
P04,104,4.0,3.506650447845459,1,0
P04,318,3.0,3.0062825679779053,0,0
P04,128,1.0,2.912412643432617,0,0
P04,210,6.0,3.6925458908081055,1,0
P04,427,3.0,2.9286081790924072,0,0
P04,326,5.0,2.587520122528076,1,0
P04,111,1.0,2.6376500129699707,0,0
P04,229,5.0,3.599154472351074,1,0
P04,405,6.0,3.542701244354248,1,0
P04,112,3.0,3.037747383117676,0,0
P04,216,4.0,3.659730911254883,1,0
P04,313,3.0,2.8722047805786133,0,0
P04,424,1.0,2.639677047729492,0,0
P04,418,3.0,2.869472026824951,0,0
P04,215,6.0,2.898423910140991,1,0
P04,222,5.0,2.978071928024292,1,0
P04,315,4.0,3.637995719909668,1,0
P04,330,5.0,2.878920555114746,1,0
P04,423,4.0,2.7984580993652344,1,0
P04,308,4.0,2.586874485015869,1,0
P04,207,6.0,2.9339184761047363,1,0
P04,123,7.0,2.7233877182006836,1,0
P04,226,7.0,3.4194412231445312,1,0
P04,105,1.0,3.088801860809326,0,0
P04,202,5.0,2.988128423690796,1,0
P04,322,5.0,2.648264169692993,1,0
P04,124,7.0,3.5731139183044434,1,0
P04,206,6.0,2.486006259918213,1,0
P04,316,4.0,2.836653232574463,1,0
P04,328,5.0,3.041898727416992,1,0
P04,108,7.0,2.891739845275879,1,0
P04,103,2.0,3.395521640777588,0,0
P04,102,1.0,2.7433149814605713,0,0
P04,130,4.0,3.756834030151367,1,0
P04,321,2.0,2.87068510055542,0,0
P04,301,4.0,2.9489738941192627,1,0
P04,107,1.0,3.281481981277466,0,0
P04,327,2.0,2.8177599906921387,0,0
P04,225,6.0,3.270345687866211,1,0
P04,121,6.0,2.9275879859924316,1,0
P04,319,3.0,2.476334810256958,0,0
P04,220,4.0,3.3004183769226074,1,0
P04,122,1.0,2.33282470703125,0,0
P04,120,4.0,3.0545778274536133,1,0
P04,218,5.0,3.212864398956299,1,0
P04,228,5.0,3.1880123615264893,1,0
P04,119,1.0,3.1250481605529785,0,0
P04,409,5.0,3.050015449523926,1,0
P04,428,7.0,2.956511974334717,1,0
P04,430,4.0,3.0972704887390137,1,0
P04,419,4.0,3.112274169921875,1,0
P04,324,4.0,3.2694451808929443,1,0
P04,325,3.0,3.098479986190796,0,0
P04,403,5.0,3.1636571884155273,1,0
P04,310,5.0,3.3459513187408447,1,0
P04,118,1.0,2.768148899078369,0,0
P04,227,7.0,2.8303935527801514,1,0
P04,224,3.0,3.0951457023620605,0,0
P04,106,1.0,3.1208558082580566,0,0
P04,402,4.0,2.570903778076172,1,0
P04,416,5.0,3.098874092102051,1,0
P04,203,5.0,3.4241297245025635,1,0
P04,429,4.0,2.47291898727417,1,0
P04,303,3.0,2.2771100997924805,0,0
P04,230,5.0,2.8156042098999023,1,0
P04,302,4.0,2.4447357654571533,1,0
P05,214,3.0,4.089633941650391,0,1
P05,107,1.0,4.809075832366943,0,1
P05,404,4.0,4.922532558441162,1,1
P05,121,2.0,4.134315490722656,0,1
P05,122,1.0,4.372889518737793,0,1
P05,319,5.0,4.429411888122559,1,1
P05,307,6.0,4.252786636352539,1,1
P05,208,7.0,3.892343759536743,1,0
P05,115,3.0,4.533819198608398,0,1
P05,215,4.0,4.097979545593262,1,1
P05,221,6.0,4.121719837188721,1,1
P05,127,3.0,4.153409957885742,0,1
P05,206,5.0,4.2012715339660645,1,1
P05,309,4.0,4.40408182144165,1,1
P05,409,3.0,4.416219234466553,0,1
P05,108,6.0,4.3091278076171875,1,1
P05,316,2.0,3.746746063232422,0,0
P05,225,5.0,4.154597759246826,1,1
P05,408,5.0,4.107702255249023,1,1
P05,118,2.0,4.2712297439575195,0,1
P05,327,1.0,4.399782180786133,0,1
P05,312,5.0,4.1259074211120605,1,1
P05,318,4.0,4.2725653648376465,1,1
P05,330,3.0,4.224110126495361,0,1
P05,202,6.0,4.307028770446777,1,1
P05,301,5.0,4.632105827331543,1,1
P05,413,5.0,4.707083702087402,1,1
P05,222,5.0,4.489086627960205,1,1
P05,216,5.0,4.46405029296875,1,1
P05,130,2.0,4.362198829650879,0,1
P05,328,3.0,4.56168270111084,0,1
P05,407,4.0,4.417111396789551,1,1
P05,104,5.0,4.165403842926025,1,1
P05,308,7.0,4.2718281745910645,1,1
P05,326,2.0,4.172127723693848,0,1
P05,323,3.0,4.152895450592041,0,1
P05,124,5.0,4.291202545166016,1,1
P05,317,4.0,4.184323787689209,1,1
P05,125,2.0,3.814056158065796,0,0
P05,220,5.0,4.2711405754089355,1,1
P05,406,2.0,4.154614448547363,0,1
P05,219,5.0,4.427206516265869,1,1
P05,310,5.0,3.991915702819824,1,0
P05,321,1.0,4.007378101348877,0,1
P05,113,1.0,4.425993919372559,0,1
P05,305,3.0,4.099137306213379,0,1
P05,315,5.0,4.049892902374268,1,1
P05,112,3.0,4.03971004486084,0,1
P05,403,5.0,4.086386203765869,1,1
P05,128,1.0,3.78031849861145,0,0
P05,329,3.0,4.159877300262451,0,1
P05,412,6.0,4.185005187988281,1,1
P05,429,3.0,4.447991371154785,0,1
P05,103,2.0,4.088225364685059,0,1
P05,302,5.0,3.9289891719818115,1,0
P05,427,5.0,4.626033782958984,1,1
P05,421,5.0,4.361401557922363,1,1
P05,410,1.0,4.228213310241699,0,1
P05,205,5.0,4.639421463012695,1,1
P05,420,5.0,4.531730651855469,1,1
P05,105,3.0,4.5357890129089355,0,1
P05,201,7.0,4.479181289672852,1,1
P05,416,5.0,4.416265487670898,1,1
P05,401,3.0,4.483841896057129,0,1
P05,428,6.0,3.9596457481384277,1,0
P05,204,5.0,4.093519687652588,1,1
P05,227,4.0,4.458280563354492,1,1
P05,324,5.0,4.536073684692383,1,1
P05,203,7.0,4.357437610626221,1,1
P05,212,4.0,4.341403961181641,1,1
P05,424,3.0,4.375301361083984,0,1
P05,304,3.0,4.6277031898498535,0,1
P05,228,5.0,4.232224941253662,1,1
P05,418,6.0,4.342056751251221,1,1
P05,230,5.0,4.001870155334473,1,1
P05,211,6.0,4.165074348449707,1,1
P05,229,6.0,4.072493076324463,1,1
P05,425,5.0,4.070224285125732,1,1
P05,111,1.0,3.925554037094116,0,0
P05,303,6.0,4.205507278442383,1,1
P05,209,5.0,4.163461685180664,1,1
P05,320,3.0,3.9381563663482666,0,0
P05,120,5.0,3.843472480773926,1,0
P05,101,3.0,4.633205413818359,0,1
P05,422,5.0,4.3002400398254395,1,1
P05,217,6.0,4.421326637268066,1,1
P05,123,4.0,4.196404457092285,1,1
P05,430,4.0,4.23473596572876,1,1
P05,414,4.0,4.048946380615234,1,1
P05,106,3.0,4.117990493774414,0,1
P05,126,5.0,4.420369625091553,1,1
P05,325,3.0,4.103170871734619,0,1
P05,426,5.0,4.081665515899658,1,1
P05,405,3.0,4.255969047546387,0,1
P05,423,3.0,4.008086681365967,0,1
P05,213,5.0,4.125892639160156,1,1
P05,117,5.0,3.896958112716675,1,0
P05,129,1.0,3.684093475341797,0,0
P05,207,4.0,4.129715919494629,1,1
P05,226,5.0,3.9268686771392822,1,0
P05,322,2.0,4.154932498931885,0,1
P05,110,3.0,4.196176528930664,0,1
P05,417,5.0,3.894599199295044,1,0
P05,415,5.0,3.737036943435669,1,0
P05,419,5.0,3.981403112411499,1,0
P05,102,3.0,4.067909240722656,0,1
P05,402,5.0,3.9863083362579346,1,0
P05,314,3.0,3.7994987964630127,0,0
P05,411,1.0,4.102811813354492,0,1
P05,313,3.0,4.045260906219482,0,1
P05,223,5.0,4.021052837371826,1,1
P05,114,5.0,3.853618621826172,1,0
P05,119,5.0,4.097237586975098,1,1
P05,306,3.0,4.012447357177734,0,1
P05,210,5.0,4.0441460609436035,1,1
P06,227,5.0,3.745523691177368,1,0
P06,424,5.0,4.145363807678223,1,1
P06,217,4.0,3.6933300495147705,1,0
P06,430,1.0,4.13944673538208,0,1
P06,415,4.0,3.5626380443573,1,0
P06,427,4.0,3.5350630283355713,1,0
P06,320,3.0,3.122969388961792,0,0
P06,104,3.0,3.4539763927459717,0,0
P06,317,5.0,3.3416054248809814,1,0
P06,315,3.0,3.3932793140411377,0,0
P06,204,3.0,3.6664795875549316,0,0
P06,308,2.0,3.547126293182373,0,0
P06,325,6.0,3.647503137588501,1,0
P06,220,3.0,3.5875394344329834,0,0
P06,102,3.0,3.1500117778778076,0,0
P06,304,2.0,2.9813997745513916,0,0
P06,123,3.0,3.3841521739959717,0,0
P06,121,3.0,3.0174612998962402,0,0
P06,103,4.0,3.0834076404571533,1,0
P06,120,1.0,3.4492008686065674,0,0
P06,429,1.0,3.311866521835327,0,0
P06,314,2.0,3.7954180240631104,0,0
P06,402,5.0,3.377190351486206,1,0
P06,229,6.0,3.916834831237793,1,0
P06,208,6.0,3.8254306316375732,1,0
P06,226,4.0,3.339111566543579,1,0
P06,116,5.0,3.4336211681365967,1,0
P06,126,5.0,3.691197633743286,1,0
P06,209,5.0,3.7775580883026123,1,0
P06,401,4.0,3.4084017276763916,1,0
P06,215,5.0,3.715616464614868,1,0
P06,409,3.0,3.2236061096191406,0,0
P06,324,1.0,3.81546950340271,0,0
P06,313,5.0,3.2326719760894775,1,0
P06,316,2.0,3.1500728130340576,0,0
P06,219,4.0,3.2083027362823486,1,0
P06,207,4.0,4.128828048706055,1,1
P06,425,6.0,4.639448642730713,1,1
P06,124,3.0,3.5137102603912354,0,0
P06,129,5.0,3.589879274368286,1,0
P06,101,6.0,3.565288782119751,1,0
P06,309,4.0,3.2509000301361084,1,0
P06,422,3.0,3.548922300338745,0,0
P06,112,3.0,3.209010362625122,0,0
P06,119,5.0,3.7862837314605713,1,0
P06,125,3.0,3.42718768119812,0,0
P06,412,3.0,3.517925262451172,0,0
P06,213,4.0,4.177227020263672,1,1
P06,211,4.0,3.5377655029296875,1,0
P06,109,3.0,3.4511184692382812,0,0
P06,407,5.0,3.818889856338501,1,0
P06,410,2.0,3.258913993835449,0,0
P06,111,3.0,3.6077725887298584,0,0
P06,206,5.0,3.887324571609497,1,0
P06,202,1.0,3.990055799484253,0,0
P06,222,2.0,3.612001657485962,0,0
P06,305,3.0,3.409764528274536,0,0
P06,323,5.0,3.8431427478790283,1,0
P06,406,3.0,3.7933542728424072,0,0
P06,105,3.0,3.843848466873169,0,0
P06,216,3.0,3.6009364128112793,0,0
P06,326,2.0,3.9120800495147705,0,0
P06,230,5.0,4.01185417175293,1,1
P06,307,5.0,3.2675845623016357,1,0
P06,228,5.0,3.731067419052124,1,0
P06,114,5.0,3.5634236335754395,1,0
P06,122,3.0,4.073969841003418,0,1
P06,224,2.0,3.271615982055664,0,0
P06,421,5.0,3.5009191036224365,1,0
P06,419,5.0,3.6762449741363525,1,0
P06,203,6.0,4.063161373138428,1,1
P06,210,4.0,4.118517875671387,1,1
P06,420,6.0,3.7928073406219482,1,0
P06,115,2.0,3.897507429122925,0,0
P06,306,2.0,3.7520015239715576,0,0
P06,319,2.0,3.7531051635742188,0,0
P06,428,3.0,3.4306490421295166,0,0
P06,403,4.0,3.6292874813079834,1,0
P06,310,6.0,4.366522312164307,1,1
P06,328,6.0,4.224571228027344,1,1
P06,221,5.0,3.718223810195923,1,0
P06,127,4.0,3.9599852561950684,1,0
P06,322,3.0,3.7999930381774902,0,0
P06,118,4.0,3.5192441940307617,1,0
P06,411,1.0,3.654165744781494,0,0
P06,329,4.0,3.683601140975952,1,0
P06,416,2.0,3.7616987228393555,0,0
P06,413,2.0,3.297076940536499,0,0
P06,108,6.0,3.9137308597564697,1,0
P06,128,6.0,3.202122211456299,1,0
P06,330,6.0,3.7558438777923584,1,0
P06,117,4.0,4.411688327789307,1,1
P06,423,4.0,3.442551851272583,1,0
P06,327,6.0,3.6361477375030518,1,0
P06,311,5.0,3.560511589050293,1,0
P06,214,6.0,3.42948579788208,1,0
P06,110,4.0,4.068321228027344,1,1
P06,303,2.0,3.3889248371124268,0,0
P06,212,5.0,3.9051480293273926,1,0
P06,107,5.0,3.3771820068359375,1,0
P06,302,1.0,3.699378252029419,0,0
P06,405,2.0,3.4857561588287354,0,0
P06,113,5.0,3.4595744609832764,1,0
P06,417,2.0,3.6000425815582275,0,0
P06,321,4.0,3.638531446456909,1,0
P06,205,6.0,3.821045398712158,1,0
P06,318,5.0,3.0093095302581787,1,0
P06,404,2.0,3.824812173843384,0,0
P06,130,4.0,3.9884259700775146,1,0
P06,312,6.0,3.72577166557312,1,0
P06,223,4.0,3.374257802963257,1,0
P06,218,6.0,3.847946882247925,1,0
P06,414,2.0,3.662451982498169,0,0
P06,301,1.0,3.5413856506347656,0,0
P06,201,5.0,3.595233201980591,1,0
P06,106,3.0,3.696896553039551,0,0
P06,426,3.0,3.6145246028900146,0,0
P06,225,6.0,3.6107285022735596,1,0
P06,418,3.0,3.7030439376831055,0,0
P07,316,1.0,3.3108479976654053,0,0
P07,111,1.0,3.8471319675445557,0,0
P07,411,1.0,3.882126808166504,0,0
P07,114,1.0,3.248276472091675,0,0
P07,130,5.0,3.6307103633880615,1,0
P07,229,5.0,3.6345179080963135,1,0
P07,208,5.0,3.192746877670288,1,0
P07,201,1.0,3.7120931148529053,0,0
P07,213,4.0,3.2963359355926514,1,0
P07,112,1.0,3.4672365188598633,0,0
P07,105,1.0,3.0935592651367188,0,0
P07,219,1.0,4.016141414642334,0,1
P07,419,1.0,3.796583890914917,0,0
P07,228,1.0,3.4264988899230957,0,0
P07,106,1.0,3.942793607711792,0,0
P07,425,2.0,3.7007224559783936,0,0
P07,318,1.0,3.6802165508270264,0,0
P07,326,1.0,3.309429883956909,0,0
P07,409,1.0,3.513392448425293,0,0
P07,314,1.0,3.7222044467926025,0,0
P07,408,1.0,3.541076421737671,0,0
P07,101,1.0,3.399460554122925,0,0
P07,107,1.0,3.3228516578674316,0,0
P07,319,1.0,3.9681146144866943,0,0
P07,211,2.0,3.551002264022827,0,0
P07,305,1.0,4.252809524536133,0,1
P07,203,1.0,4.268851280212402,0,1
P07,202,1.0,4.031677722930908,0,1
P07,317,1.0,4.37968635559082,0,1
P07,404,1.0,4.033270835876465,0,1
P07,126,5.0,4.087069034576416,1,1
P07,427,1.0,4.389596939086914,0,1
P07,303,1.0,4.276611328125,0,1
P07,204,1.0,3.9440178871154785,0,0
P07,307,1.0,4.1778645515441895,0,1
P07,230,5.0,3.8646819591522217,1,0
P07,426,1.0,3.355250120162964,0,0
P07,312,5.0,3.9443576335906982,1,0
P07,110,2.0,3.6931440830230713,0,0
P07,120,2.0,4.233932018280029,0,1
P07,414,1.0,3.412811756134033,0,0
P07,104,5.0,3.492278814315796,1,0
P07,323,1.0,3.379702091217041,0,0
P07,330,1.0,3.5409553050994873,0,0
P07,402,1.0,3.4827897548675537,0,0
P07,423,1.0,3.5068447589874268,0,0
P07,121,3.0,3.4797863960266113,0,0
P07,311,1.0,4.055686950683594,0,1
P07,207,1.0,3.6833839416503906,0,0
P07,329,1.0,4.350165843963623,0,1
P07,129,1.0,3.6971724033355713,0,0
P07,125,5.0,3.9163124561309814,1,0
P07,304,1.0,3.629032611846924,0,0
P07,403,1.0,3.897613286972046,0,0
P07,410,1.0,3.8144257068634033,0,0
P07,226,5.0,3.895799398422241,1,0
P07,428,1.0,3.429476022720337,0,0
P07,214,3.0,3.840632438659668,0,0
P07,216,2.0,3.6564741134643555,0,0
P07,220,6.0,3.4193732738494873,1,0
P07,127,1.0,4.164968013763428,0,1
P07,401,4.0,4.390749931335449,1,1
P07,108,4.0,4.107540130615234,1,1
P07,424,1.0,3.840118169784546,0,0
P07,109,3.0,4.087949275970459,0,1
P07,328,1.0,4.280014514923096,0,1
P07,430,1.0,4.236178398132324,0,1
P07,209,1.0,4.349009990692139,0,1
P07,117,1.0,4.504846096038818,0,1
P07,421,2.0,4.447500705718994,0,1
P07,218,1.0,3.9771296977996826,0,0
P07,412,1.0,4.52341890335083,0,1
P07,224,3.0,3.592277765274048,0,0
P07,429,1.0,4.723339080810547,0,1
P07,223,1.0,4.533095359802246,0,1
P07,406,1.0,4.4370880126953125,0,1
P07,306,1.0,4.436307907104492,0,1
P07,301,1.0,4.114812850952148,0,1
P07,221,1.0,4.345969200134277,0,1
P07,315,1.0,3.789004325866699,0,0
P07,310,2.0,4.5546064376831055,0,1
P07,321,2.0,3.890681028366089,0,0
P07,420,2.0,4.322779655456543,0,1
P07,103,1.0,3.9948031902313232,0,0
P07,418,1.0,4.200777053833008,0,1
P07,308,1.0,3.9533798694610596,0,0
P07,309,1.0,3.9650256633758545,0,0
P07,212,1.0,4.106088638305664,0,1
P07,225,2.0,4.5210795402526855,0,1
P07,128,1.0,4.475251197814941,0,1
P07,115,1.0,4.695285797119141,0,1
P07,227,2.0,4.710501670837402,0,1
P07,422,1.0,4.416989326477051,0,1
P07,206,1.0,4.115889549255371,0,1
P07,416,1.0,4.214564323425293,0,1
P07,324,1.0,4.793152809143066,0,1
P07,210,1.0,4.422509670257568,0,1
P07,405,2.0,4.1051411628723145,0,1
P07,215,2.0,4.098776817321777,0,1
P07,320,1.0,3.8779852390289307,0,0
P07,123,2.0,4.1727375984191895,0,1
P07,325,1.0,3.7857553958892822,0,0
P07,302,2.0,4.271113395690918,0,1
P07,413,1.0,4.426681995391846,0,1
P07,113,5.0,3.6420979499816895,1,0
P07,217,2.0,3.951639175415039,0,0
P07,407,1.0,4.155558109283447,0,1
P07,119,5.0,4.264071941375732,1,1
P07,122,5.0,3.4612510204315186,1,0
P07,205,5.0,4.127222061157227,1,1
P07,102,1.0,2.8208072185516357,0,0
P07,116,3.0,3.6870386600494385,0,0
P07,222,1.0,3.6673660278320312,0,0
P07,313,2.0,3.5109059810638428,0,0
P07,327,2.0,3.9049839973449707,0,0
P07,322,1.0,4.67814826965332,0,1
P07,124,1.0,3.59336256980896,0,0
P08,413,3.0,4.469391345977783,0,1
P08,227,4.0,4.358582019805908,1,1
P08,310,3.0,4.934747695922852,0,1
P08,126,4.0,4.752719879150391,1,1
P08,407,3.0,4.4293670654296875,0,1
P08,304,2.0,4.116275787353516,0,1
P08,428,3.0,4.219021797180176,0,1
P08,308,3.0,4.691991806030273,0,1
P08,411,3.0,4.040114402770996,0,1
P08,303,2.0,4.087296009063721,0,1
P08,406,3.0,4.557708740234375,0,1
P08,208,5.0,4.692951679229736,1,1
P08,301,3.0,4.853930950164795,0,1
P08,420,3.0,4.552249431610107,0,1
P08,415,3.0,4.5044355392456055,0,1
P08,222,4.0,4.113750457763672,1,1
P08,430,2.0,3.515906810760498,0,0
P08,205,4.0,4.202913284301758,1,1
P08,302,2.0,4.598443984985352,0,1
P08,118,4.0,4.3152852058410645,1,1
P08,311,3.0,4.2734575271606445,0,1
P08,228,4.0,4.426537036895752,1,1
P08,122,4.0,4.544918060302734,1,1
P08,223,4.0,4.661747455596924,1,1
P08,114,5.0,4.041628837585449,1,1
P08,421,3.0,5.553738117218018,0,1
P08,327,3.0,4.572965621948242,0,1
P08,111,4.0,5.041565895080566,1,1
P08,416,3.0,4.291371822357178,0,1
P08,216,4.0,4.275127410888672,1,1
P08,102,4.0,4.091934680938721,1,1
P08,425,3.0,3.935758113861084,0,0
P08,316,3.0,4.0887651443481445,0,1
P08,307,2.0,3.709325075149536,0,0
P08,423,3.0,3.6474928855895996,0,0
P08,220,5.0,3.7967162132263184,1,0
P08,410,3.0,4.496488094329834,0,1
P08,323,3.0,4.043270587921143,0,1
P08,424,3.0,4.233412742614746,0,1
P08,402,3.0,4.052164077758789,0,1
P08,412,3.0,3.6636698246002197,0,0
P08,127,4.0,3.996443271636963,1,0
P08,218,5.0,4.30109977722168,1,1
P08,225,4.0,4.361372947692871,1,1
P08,418,3.0,4.204897880554199,0,1
P08,112,4.0,4.281453609466553,1,1
P08,401,3.0,3.971012830734253,0,0
P08,108,4.0,4.144651889801025,1,1
P08,202,4.0,4.481565475463867,1,1
P08,319,3.0,4.2249555587768555,0,1
P08,115,4.0,4.279797077178955,1,1
P08,414,3.0,4.418123245239258,0,1
P08,103,4.0,3.6370842456817627,1,0
P08,104,4.0,4.721498489379883,1,1
P08,321,3.0,4.9379143714904785,0,1
P08,408,3.0,4.340564727783203,0,1
P08,206,4.0,3.8595142364501953,1,0
P08,314,3.0,4.178452968597412,0,1
P08,403,3.0,3.8358919620513916,0,0
P08,212,4.0,4.163743019104004,1,1
P08,229,5.0,4.0872063636779785,1,1
P08,105,4.0,4.0474419593811035,1,1
P08,429,2.0,4.339845657348633,0,1
P08,417,3.0,5.4546942710876465,0,1
P08,213,4.0,4.769009590148926,1,1
P08,422,3.0,4.576147079467773,0,1
P08,322,3.0,4.279326438903809,0,1
P08,426,3.0,4.102829456329346,0,1
P08,320,3.0,4.346715450286865,0,1
P08,116,4.0,3.8931262493133545,1,0
P08,315,2.0,3.8645942211151123,0,0
P08,204,4.0,4.339731693267822,1,1
P08,427,3.0,4.327538967132568,0,1
P08,221,5.0,4.365171432495117,1,1
P08,214,4.0,3.722672939300537,1,0
P08,120,5.0,4.550088882446289,1,1
P08,330,3.0,4.192559242248535,0,1
P08,207,4.0,4.562222480773926,1,1
P08,404,3.0,4.895483016967773,0,1
P08,309,2.0,4.898654937744141,0,1
P08,107,4.0,4.335387229919434,1,1
P08,209,5.0,4.032580375671387,1,1
P08,325,3.0,4.267723560333252,0,1
P08,328,3.0,4.2815070152282715,0,1
P08,211,5.0,3.752377986907959,1,0
P08,119,4.0,3.512613296508789,1,0
P08,130,4.0,4.01270055770874,1,1
P08,110,4.0,4.747599124908447,1,1
P08,121,4.0,4.283224582672119,1,1
P08,117,4.0,4.606085300445557,1,1
P08,210,5.0,4.325918674468994,1,1
P08,305,2.0,3.6491832733154297,0,0
P08,113,4.0,4.213005542755127,1,1
P08,217,4.0,4.461103916168213,1,1
P08,226,5.0,4.098516464233398,1,1
P08,405,3.0,4.385786056518555,0,1
P08,215,5.0,4.661466598510742,1,1
P08,203,5.0,4.569484710693359,1,1
P08,101,4.0,4.377572059631348,1,1
P08,324,2.0,3.62778639793396,0,0
P08,313,3.0,5.247427940368652,0,1
P08,312,3.0,4.317870140075684,0,1
P08,123,4.0,3.905271053314209,1,0
P08,329,3.0,4.32375431060791,0,1
P08,318,2.0,3.8799500465393066,0,0
P08,128,4.0,4.3365278244018555,1,1
P08,409,3.0,4.182091236114502,0,1
P08,124,4.0,4.8574371337890625,1,1
P08,125,5.0,4.703746795654297,1,1
P08,201,4.0,4.026953220367432,1,1
P09,402,3.0,3.072577476501465,0,0
P09,305,3.0,2.9946303367614746,0,0
P09,102,2.0,4.148938179016113,0,1
P09,421,2.0,4.070038318634033,0,1
P09,401,2.0,4.6412353515625,0,1
P09,130,5.0,4.490818023681641,1,1
P09,106,2.0,3.5256083011627197,0,0
P09,408,5.0,3.8647348880767822,1,0
P09,319,3.0,3.7011756896972656,0,0
P09,126,5.0,3.9618539810180664,1,0
P09,324,3.0,3.6469218730926514,0,0
P09,216,3.0,3.9451470375061035,0,0
P09,209,6.0,3.809314012527466,1,0
P09,121,3.0,4.59187126159668,0,1
P09,424,3.0,3.5377981662750244,0,0
P09,123,2.0,3.717580795288086,0,0
P09,410,2.0,3.645216464996338,0,0
P09,214,6.0,3.5358822345733643,1,0
P09,112,5.0,3.7977793216705322,1,0
P09,315,3.0,2.9828176498413086,0,0
P09,128,5.0,4.128425121307373,1,1
P09,105,3.0,3.4438605308532715,0,0
P09,218,5.0,3.5987958908081055,1,0
P09,419,5.0,4.250295639038086,1,1
P09,425,6.0,3.251032590866089,1,0
P09,107,4.0,3.4192709922790527,1,0
P09,330,3.0,3.750253200531006,0,0
P09,122,7.0,4.086000442504883,1,1
P09,103,7.0,3.6241543292999268,1,0
P09,414,5.0,3.4608585834503174,1,0
P09,302,2.0,2.8713135719299316,0,0
P09,313,3.0,4.767022132873535,0,1
P09,211,6.0,3.7652783393859863,1,0
P09,229,3.0,3.6003339290618896,0,0
P09,306,5.0,3.1148242950439453,1,0
P09,230,1.0,3.377610445022583,0,0
P09,327,7.0,3.541318893432617,1,0
P09,118,6.0,3.503237724304199,1,0
P09,316,5.0,3.2114453315734863,1,0
P09,104,3.0,5.32999324798584,0,1
P09,113,7.0,3.350590229034424,1,0
P09,309,2.0,3.6917307376861572,0,0
P09,108,5.0,3.5692739486694336,1,0
P09,224,5.0,3.667480230331421,1,0
P09,225,5.0,3.7835114002227783,1,0
P09,111,5.0,3.6369762420654297,1,0
P09,314,5.0,4.872259140014648,1,1
P09,329,3.0,3.5499861240386963,0,0
P09,403,5.0,4.483673095703125,1,1
P09,420,3.0,4.3017778396606445,0,1
P09,210,5.0,3.634857654571533,1,0
P09,409,5.0,3.036168336868286,1,0
P09,418,5.0,3.1769514083862305,1,0
P09,101,7.0,3.8478078842163086,1,0
P09,219,5.0,4.0432634353637695,1,1
P09,217,7.0,3.721348285675049,1,0
P09,226,7.0,3.946894645690918,1,0
P09,427,3.0,3.7822985649108887,0,0
P09,310,4.0,3.636577606201172,1,0
P09,404,5.0,3.777902126312256,1,0
P09,227,5.0,3.948377847671509,1,0
P09,407,3.0,3.575101375579834,0,0
P09,326,5.0,4.429208755493164,1,1
P09,422,6.0,3.7250750064849854,1,0
P09,215,7.0,3.502235174179077,1,0
P09,201,5.0,3.7818257808685303,1,0
P09,208,6.0,2.997117042541504,1,0
P09,317,7.0,3.3548097610473633,1,0
P09,411,5.0,3.3922932147979736,1,0
P09,207,5.0,3.1043834686279297,1,0
P09,426,3.0,3.655412197113037,0,0
P09,203,6.0,3.659003257751465,1,0
P09,110,7.0,3.336500644683838,1,0
P09,318,6.0,3.730762481689453,1,0
P09,212,5.0,3.358846426010132,1,0
P09,430,4.0,3.946777820587158,1,0
P09,228,5.0,4.246042251586914,1,1
P09,220,3.0,3.423166275024414,0,0
P09,114,7.0,3.4018876552581787,1,0
P09,129,5.0,3.1830832958221436,1,0
P09,307,5.0,3.678013801574707,1,0
P09,320,7.0,3.876682996749878,1,0
P09,417,3.0,3.1485023498535156,0,0
P09,202,4.0,3.9350476264953613,1,0
P09,413,3.0,4.251539707183838,0,1
P09,423,3.0,3.5874853134155273,0,0
P09,416,5.0,3.8722124099731445,1,0
P09,325,3.0,3.6219451427459717,0,0
P09,415,3.0,4.061254024505615,0,1
P09,206,3.0,4.771262168884277,0,1
P09,213,6.0,3.6512112617492676,1,0
P09,127,6.0,4.329207420349121,1,1
P09,205,5.0,3.624147891998291,1,0
P09,311,7.0,4.929448127746582,1,1
P09,120,6.0,4.744998931884766,1,1
P09,109,6.0,3.412965774536133,1,0
P09,328,5.0,3.736816644668579,1,0
P09,428,3.0,4.40609073638916,0,1
P09,321,7.0,3.9583239555358887,1,0
P09,222,5.0,3.4615352153778076,1,0
P09,115,5.0,4.034402370452881,1,1
P09,221,5.0,3.6008944511413574,1,0
P09,119,7.0,3.715245246887207,1,0
P09,429,5.0,3.8523106575012207,1,0
P09,412,5.0,3.726612091064453,1,0
P09,204,3.0,3.7341463565826416,0,0
P09,124,7.0,4.856212615966797,1,1
P09,312,5.0,3.6586954593658447,1,0
P09,406,3.0,3.3172879219055176,0,0
P09,223,5.0,4.3677520751953125,1,1
P09,322,5.0,3.772268295288086,1,0
P09,125,7.0,3.6084299087524414,1,0
P09,323,7.0,3.3463776111602783,1,0
P09,117,6.0,3.5748517513275146,1,0
P09,308,6.0,4.208125114440918,1,1
P09,116,7.0,3.3767571449279785,1,0
P09,304,6.0,3.710942268371582,1,0
P10,207,3.0,4.254258632659912,0,1
P10,401,4.0,3.635636806488037,1,0
P10,323,5.0,3.027348518371582,1,0
P10,421,4.0,3.8912317752838135,1,0
P10,408,4.0,4.327963829040527,1,1
P10,413,4.0,4.001112937927246,1,1
P10,425,4.0,3.744819402694702,1,0
P10,307,3.0,4.03096342086792,0,1
P10,314,3.0,4.019427299499512,0,1
P10,326,1.0,4.231926441192627,0,1
P10,210,4.0,3.875736713409424,1,0
P10,126,5.0,3.938880443572998,1,0
P10,118,1.0,4.100346088409424,0,1
P10,429,5.0,4.2060017585754395,1,1
P10,223,5.0,3.7904210090637207,1,0
P10,222,5.0,3.9846444129943848,1,0
P10,415,5.0,4.327115535736084,1,1
P10,217,6.0,4.000758171081543,1,1
P10,110,3.0,4.044704437255859,0,1
P10,220,5.0,3.5938897132873535,1,0
P10,201,5.0,3.7908101081848145,1,0
P10,330,4.0,4.053450107574463,1,1
P10,304,1.0,3.8145389556884766,0,0
P10,306,1.0,3.9255192279815674,0,0
P10,420,4.0,4.052938938140869,1,1
P10,422,5.0,4.6002631187438965,1,1
P10,409,5.0,3.763329029083252,1,0
P10,416,4.0,4.478418827056885,1,1
P10,113,1.0,3.8289635181427,0,0
P10,213,5.0,4.217365264892578,1,1
P10,315,3.0,3.6501026153564453,0,0
P10,318,2.0,4.12158203125,0,1
P10,402,4.0,3.8898072242736816,1,0
P10,310,4.0,3.8127119541168213,1,0
P10,106,1.0,3.6808791160583496,0,0
P10,418,4.0,3.943920373916626,1,0
P10,103,1.0,3.8634238243103027,0,0
P10,316,1.0,3.619429111480713,0,0
P10,301,2.0,4.047967910766602,0,1
P10,324,4.0,3.9569551944732666,1,0
P10,104,2.0,3.5331177711486816,0,0
P10,202,5.0,3.9937596321105957,1,0
P10,325,3.0,4.182082176208496,0,1
P10,419,5.0,4.2498250007629395,1,1
P10,122,1.0,3.8273940086364746,0,0
P10,328,1.0,4.044057369232178,0,1
P10,129,1.0,3.5612123012542725,0,0
P10,327,1.0,4.394459247589111,0,1
P10,116,2.0,4.329275131225586,0,1
P10,119,1.0,4.049015522003174,0,1
P10,112,1.0,4.156843185424805,0,1
P10,214,4.0,4.05285120010376,1,1
P10,404,4.0,4.285954475402832,1,1
P10,212,4.0,4.229718208312988,1,1
P10,215,5.0,4.428369522094727,1,1
P10,125,2.0,3.9977917671203613,0,0
P10,120,4.0,3.6308772563934326,1,0
P10,128,1.0,4.896076202392578,0,1
P10,424,1.0,4.116485595703125,0,1
P10,130,4.0,4.303633213043213,1,1
P10,309,4.0,4.201047897338867,1,1
P10,403,4.0,4.339300155639648,1,1
P10,203,4.0,4.574444770812988,1,1
P10,117,3.0,4.578164577484131,0,1
P10,206,4.0,4.126122951507568,1,1
P10,124,2.0,4.154935836791992,0,1
P10,321,3.0,4.054851055145264,0,1
P10,102,1.0,4.183051109313965,0,1
P10,411,1.0,4.3076491355896,0,1
P10,406,1.0,3.195558786392212,0,0
P10,426,5.0,3.9478492736816406,1,0
P10,302,1.0,4.296804428100586,0,1
P10,317,1.0,4.014347076416016,0,1
P10,107,1.0,4.138980865478516,0,1
P10,111,1.0,4.313671588897705,0,1
P10,108,4.0,4.468263626098633,1,1
P10,226,5.0,3.50639271736145,1,0
P10,227,5.0,4.654482841491699,1,1
P10,414,4.0,3.47812557220459,1,0
P10,115,1.0,3.8796005249023438,0,0
P10,224,3.0,4.0096354484558105,0,1
P10,127,3.0,3.9058480262756348,0,0
P10,423,4.0,4.025262832641602,1,1
P10,319,4.0,5.767460823059082,1,1
P10,225,4.0,4.4153008460998535,1,1
P10,305,4.0,4.583286762237549,1,1
P10,221,4.0,4.133378982543945,1,1
P10,405,4.0,4.096617221832275,1,1
P10,428,4.0,4.802712440490723,1,1
P10,308,1.0,4.294393062591553,0,1
P10,228,4.0,4.214468002319336,1,1
P10,204,4.0,4.355795860290527,1,1
P10,105,1.0,4.243607044219971,0,1
P10,430,1.0,4.380995273590088,0,1
P10,407,3.0,5.579783916473389,0,1
P10,322,1.0,4.380407810211182,0,1
P10,410,1.0,5.286999225616455,0,1
P10,121,1.0,3.5324203968048096,0,0
P10,101,3.0,3.81298828125,0,0
P10,216,5.0,4.138094902038574,1,1
P10,320,1.0,3.9885339736938477,0,0
P10,208,5.0,4.019927978515625,1,1
P10,205,4.0,3.979876756668091,1,0
P10,303,3.0,4.248088836669922,0,1
P10,219,3.0,4.488587856292725,0,1
P10,109,1.0,4.359726905822754,0,1
P10,329,1.0,4.868465900421143,0,1
P10,114,1.0,3.9239439964294434,0,0
P10,211,4.0,4.588899612426758,1,1
P10,229,4.0,4.050766944885254,1,1
P10,313,1.0,3.9916439056396484,0,0
P10,218,4.0,4.359226226806641,1,1
P10,417,4.0,4.150126934051514,1,1
P10,412,4.0,3.8017725944519043,1,0
P10,209,4.0,4.848224639892578,1,1
P10,427,4.0,4.107976913452148,1,1
P10,312,4.0,4.113801002502441,1,1
P10,230,4.0,4.420713424682617,1,1
P10,123,4.0,4.357377052307129,1,1
P10,311,1.0,3.997602701187134,0,0
P11,318,3.0,3.664163112640381,0,0
P11,416,2.0,3.7367148399353027,0,0
P11,319,5.0,3.362823724746704,1,0
P11,419,2.0,3.2129201889038086,0,0
P11,129,7.0,3.4019627571105957,1,0
P11,328,3.0,3.403153896331787,0,0
P11,428,4.0,3.664893865585327,1,0
P11,322,5.0,3.9352316856384277,1,0
P11,315,4.0,3.727555751800537,1,0
P11,121,3.0,4.027329444885254,0,1
P11,326,7.0,3.923203468322754,1,0
P11,226,1.0,4.074867248535156,0,1
P11,105,7.0,3.88181209564209,1,0
P11,117,5.0,3.906266212463379,1,0
P11,210,4.0,3.911970376968384,1,0
P11,207,3.0,3.67702579498291,0,0
P11,413,4.0,4.08241605758667,1,1
P11,430,6.0,3.542788028717041,1,0
P11,122,3.0,3.9073925018310547,0,0
P11,208,1.0,3.5638983249664307,0,0
P11,411,7.0,3.9625601768493652,1,0
P11,116,2.0,3.446577548980713,0,0
P11,303,4.0,4.480884552001953,1,1
P11,425,2.0,3.788693428039551,0,0
P11,124,7.0,3.4777183532714844,1,0
P11,227,2.0,3.499997138977051,0,0
P11,106,7.0,3.812725067138672,1,0
P11,123,2.0,3.924591302871704,0,0
P11,225,1.0,3.5404796600341797,0,0
P11,302,3.0,4.385605812072754,0,1
P11,329,6.0,3.4825005531311035,1,0
P11,110,7.0,4.3964691162109375,1,1
P11,327,4.0,3.6706385612487793,1,0
P11,311,6.0,3.930330276489258,1,0
P11,309,2.0,3.8899097442626953,0,0
P11,408,1.0,3.7814199924468994,0,0
P11,217,2.0,3.587127208709717,0,0
P11,204,5.0,4.458393096923828,1,1
P11,304,2.0,4.5414018630981445,0,1
P11,418,3.0,3.510214328765869,0,0
P11,212,5.0,3.9614038467407227,1,0
P11,128,3.0,4.749722480773926,0,1
P11,205,6.0,3.9730424880981445,1,0
P11,203,5.0,3.8559062480926514,1,0
P11,102,1.0,3.17767596244812,0,0
P11,316,3.0,4.458898067474365,0,1
P11,109,2.0,4.404214382171631,0,1
P11,301,4.0,4.484006404876709,1,1
P11,421,3.0,4.229222297668457,0,1
P11,130,5.0,4.1513800621032715,1,1
P11,108,5.0,4.177788734436035,1,1
P11,219,3.0,4.583004474639893,0,1
P11,409,5.0,4.208994388580322,1,1
P11,228,5.0,4.922578811645508,1,1
P11,115,2.0,3.8835344314575195,0,0
P11,120,5.0,4.225619792938232,1,1
P11,401,3.0,4.638509750366211,0,1
P11,415,5.0,4.3127217292785645,1,1
P11,321,5.0,5.002910614013672,1,1
P11,201,6.0,3.514200210571289,1,0
P11,313,1.0,4.096073627471924,0,1
P11,312,5.0,3.7854509353637695,1,0
P11,403,6.0,4.421206474304199,1,1
P11,402,6.0,3.7395548820495605,1,0
P11,220,6.0,4.063182830810547,1,1
P11,310,5.0,4.0418620109558105,1,1
P11,221,6.0,3.964036464691162,1,0
P11,307,4.0,3.47298526763916,1,0
P11,423,4.0,4.0241875648498535,1,1
P11,103,2.0,3.803562641143799,0,0
P11,320,2.0,3.563732147216797,0,0
P11,222,6.0,3.7364072799682617,1,0
P11,118,1.0,3.8973495960235596,0,0
P11,206,4.0,3.308537721633911,1,0
P11,216,6.0,4.473782539367676,1,1
P11,224,4.0,3.882073163986206,1,0
P11,330,5.0,4.428601264953613,1,1
P11,414,7.0,4.021389007568359,1,1
P11,114,1.0,4.243702411651611,0,1
P11,202,5.0,4.025521755218506,1,1
P11,427,6.0,4.3909912109375,1,1
P11,229,7.0,4.742897987365723,1,1
P11,323,3.0,3.7440152168273926,0,0
P11,101,3.0,4.398431777954102,0,1
P11,317,3.0,4.495699882507324,0,1
P11,412,6.0,3.511167287826538,1,0
P11,107,2.0,3.8451194763183594,0,0
P11,325,2.0,3.9920907020568848,0,0
P11,404,6.0,4.039849758148193,1,1
P11,211,4.0,3.7174947261810303,1,0
P11,420,4.0,3.056328296661377,1,0
P11,422,7.0,5.405557155609131,1,1
P11,306,2.0,4.255331039428711,0,1
P11,426,6.0,3.6530301570892334,1,0
P11,214,6.0,3.9323887825012207,1,0
P11,112,2.0,3.70943021774292,0,0
P11,305,3.0,3.324017286300659,0,0
P11,424,1.0,3.8764708042144775,0,0
P11,405,5.0,3.699056625366211,1,0
P11,209,6.0,3.897420644760132,1,0
P11,407,5.0,4.454342365264893,1,1
P11,314,1.0,4.229763984680176,0,1
P11,126,2.0,3.0741660594940186,0,0
P11,324,3.0,4.17954683303833,0,1
P11,127,4.0,4.064572811126709,1,1
P11,406,2.0,3.6393938064575195,0,0
P11,230,7.0,3.667940616607666,1,0
P11,104,4.0,3.897056818008423,1,0
P11,410,1.0,3.9204189777374268,0,0
P11,213,6.0,3.6708149909973145,1,0
P11,111,1.0,3.88431978225708,0,0
P11,125,3.0,3.7672810554504395,0,0
P11,417,7.0,4.080677032470703,1,1
P11,429,4.0,4.138017654418945,1,1
P11,215,6.0,3.871413230895996,1,0
P11,119,3.0,3.257645606994629,0,0
P11,308,1.0,3.3632960319519043,0,0
P11,218,7.0,3.611776828765869,1,0
P11,223,5.0,4.082850933074951,1,1
P11,113,3.0,4.058203220367432,0,1
P12,328,4.0,4.330465316772461,1,1
P12,106,5.0,4.276309013366699,1,1
P12,127,2.0,4.149402618408203,0,1
P12,222,5.0,4.04379940032959,1,1
P12,130,4.0,4.269425392150879,1,1
P12,107,3.0,3.9339308738708496,0,0
P12,307,4.0,4.1167073249816895,1,1
P12,202,5.0,4.404482841491699,1,1
P12,306,4.0,3.857062816619873,1,0
P12,205,5.0,4.274017810821533,1,1
P12,318,4.0,4.016461372375488,1,1
P12,327,4.0,3.903215169906616,1,0
P12,122,6.0,3.9850473403930664,1,0
P12,219,6.0,3.998457908630371,1,0
P12,315,4.0,4.112074851989746,1,1
P12,421,4.0,4.448638916015625,1,1
P12,216,6.0,3.7584164142608643,1,0
P12,108,5.0,4.060181617736816,1,1
P12,329,5.0,4.302663803100586,1,1
P12,124,6.0,3.984729766845703,1,0
P12,404,6.0,4.158350467681885,1,1
P12,308,4.0,3.929202079772949,1,0
P12,102,7.0,4.022981643676758,1,1
P12,428,4.0,4.025696754455566,1,1
P12,413,5.0,4.230225563049316,1,1
P12,229,5.0,4.037233352661133,1,1
P12,201,6.0,4.031336784362793,1,1
P12,224,5.0,4.11175537109375,1,1
P12,411,4.0,4.1516804695129395,1,1
P12,409,5.0,4.067094802856445,1,1
P12,410,5.0,3.7264513969421387,1,0
P12,104,5.0,4.063600063323975,1,1
P12,223,5.0,4.144683361053467,1,1
P12,418,4.0,4.076794147491455,1,1
P12,415,6.0,4.194945812225342,1,1
P12,420,4.0,4.163080215454102,1,1
P12,312,5.0,4.019874572753906,1,1
P12,114,6.0,3.919090986251831,1,0
P12,417,4.0,3.9403257369995117,1,0
P12,402,4.0,3.88338041305542,1,0
P12,425,5.0,4.179114818572998,1,1
P12,115,6.0,4.0074076652526855,1,1
P12,407,4.0,3.8687214851379395,1,0
P12,319,5.0,4.151393890380859,1,1
P12,129,5.0,4.030407428741455,1,1
P12,403,5.0,4.062575340270996,1,1
P12,203,6.0,4.17606258392334,1,1
P12,302,4.0,4.082980632781982,1,1
P12,316,6.0,4.0304975509643555,1,1
P12,416,7.0,4.19335412979126,1,1
P12,221,5.0,4.343979358673096,1,1
P12,325,4.0,4.046597003936768,1,1
P12,401,6.0,4.111310005187988,1,1
P12,309,6.0,4.23310661315918,1,1
P12,230,4.0,4.065401077270508,1,1
P12,304,6.0,4.074467658996582,1,1
P12,211,5.0,4.0128374099731445,1,1
P12,213,6.0,3.951578140258789,1,0
P12,423,4.0,4.0168962478637695,1,1
P12,320,5.0,3.8391029834747314,1,0
P12,424,6.0,3.6702816486358643,1,0
P12,311,7.0,3.8844361305236816,1,0
P12,322,6.0,4.025294780731201,1,1
P12,313,7.0,4.081314563751221,1,1
P12,109,5.0,3.984088897705078,1,0
P12,310,5.0,4.19469690322876,1,1
P12,212,6.0,4.060385227203369,1,1
P12,323,6.0,4.363690376281738,1,1
P12,427,6.0,3.870023250579834,1,0
P12,324,4.0,3.9362263679504395,1,0
P12,406,4.0,4.1925554275512695,1,1
P12,207,6.0,3.8797295093536377,1,0
P12,210,4.0,4.049555778503418,1,1
P12,123,6.0,3.8022589683532715,1,0
P12,430,6.0,3.700680732727051,1,0
P12,120,5.0,3.791810989379883,1,0
P12,204,4.0,4.016755104064941,1,1
P12,405,4.0,4.180419445037842,1,1
P12,314,4.0,4.14177942276001,1,1
P12,125,7.0,3.8658528327941895,1,0
P12,209,5.0,3.955139636993408,1,0
P12,408,5.0,3.660112142562866,1,0
P12,113,7.0,4.014810562133789,1,1
P12,208,6.0,3.870093822479248,1,0
P12,206,6.0,3.9823036193847656,1,0
P12,128,6.0,3.823892116546631,1,0
P12,326,6.0,4.026893615722656,1,1
P12,121,5.0,4.188986301422119,1,1
P12,321,6.0,3.9362969398498535,1,0
P12,317,7.0,3.858366012573242,1,0
P12,118,5.0,3.8774547576904297,1,0
P12,214,6.0,3.977867603302002,1,0
P12,215,5.0,4.047910690307617,1,1
P12,305,5.0,3.963731527328491,1,0
P12,228,6.0,4.065018177032471,1,1
P12,226,6.0,4.161163806915283,1,1
P12,217,6.0,4.027256488800049,1,1
P12,112,7.0,3.8241817951202393,1,0
P12,117,5.0,4.072596073150635,1,1
P12,101,7.0,4.029579162597656,1,1
P12,103,7.0,3.9470291137695312,1,0
P12,301,4.0,4.2663726806640625,1,1
P12,330,6.0,3.9086899757385254,1,0
P12,422,6.0,4.0895161628723145,1,1
P12,419,4.0,3.821739673614502,1,0
P12,126,4.0,4.02947473526001,1,1
P12,303,6.0,3.927138566970825,1,0
P12,218,6.0,3.882803201675415,1,0
P12,227,3.0,4.249558448791504,0,1
P12,111,3.0,3.9837961196899414,0,0
P12,225,4.0,3.825566291809082,1,0
P12,220,5.0,4.078638076782227,1,1
P12,110,4.0,4.020967483520508,1,1
P12,426,4.0,4.071413993835449,1,1
P12,105,5.0,3.931765556335449,1,0
P12,429,4.0,4.093063831329346,1,1
P12,414,4.0,3.942899703979492,1,0
P12,119,6.0,3.941676139831543,1,0
P12,412,4.0,4.1580586433410645,1,1
P12,116,4.0,4.099022388458252,1,1
P15,105,4.0,4.795054912567139,1,1
P15,114,1.0,3.493403196334839,0,0
P15,211,6.0,3.7115023136138916,1,0
P15,107,2.0,4.3476033210754395,0,1
P15,412,4.0,3.5916364192962646,1,0
P15,225,6.0,3.389509439468384,1,0
P15,220,5.0,3.955129384994507,1,0
P15,323,4.0,3.8390746116638184,1,0
P15,410,2.0,3.9618215560913086,0,0
P15,227,4.0,3.3807475566864014,1,0
P15,207,5.0,3.1236355304718018,1,0
P15,304,2.0,3.6784768104553223,0,0
P15,212,4.0,4.166847229003906,1,1
P15,411,2.0,3.1504619121551514,0,0
P15,409,4.0,3.313854217529297,1,0
P15,101,3.0,3.6774919033050537,0,0
P15,414,4.0,3.313277006149292,1,0
P15,121,5.0,3.4425885677337646,1,0
P15,402,4.0,4.100490093231201,1,1
P15,210,4.0,3.179764986038208,1,0
P15,214,4.0,3.6026997566223145,1,0
P15,213,4.0,3.5333967208862305,1,0
P15,108,4.0,4.787818908691406,1,1
P15,208,5.0,3.9634623527526855,1,0
P15,317,4.0,3.1338560581207275,1,0
P15,230,4.0,3.623004913330078,1,0
P15,316,4.0,3.3934152126312256,1,0
P15,123,4.0,3.962287664413452,1,0
P15,405,4.0,4.378968238830566,1,1
P15,416,6.0,3.1267101764678955,1,0
P15,404,6.0,4.057676792144775,1,1
P15,329,4.0,4.025835037231445,1,1
P15,118,3.0,3.256669282913208,0,0
P15,310,7.0,3.5822699069976807,1,0
P15,415,6.0,3.7746410369873047,1,0
P15,413,4.0,3.626081705093384,1,0
P15,427,6.0,4.157887935638428,1,1
P15,127,4.0,3.417253255844116,1,0
P15,229,4.0,3.5782406330108643,1,0
P15,116,2.0,3.7294704914093018,0,0
P15,110,5.0,3.867497682571411,1,0
P15,115,3.0,3.3222172260284424,0,0
P15,407,4.0,4.528717041015625,1,1
P15,303,4.0,3.9058024883270264,1,0
P15,408,4.0,3.7381656169891357,1,0
P15,328,4.0,4.57840633392334,1,1
P15,130,4.0,4.088714122772217,1,1
P15,111,1.0,3.9662132263183594,0,0
P15,129,2.0,3.9597878456115723,0,0
P15,223,4.0,3.7351551055908203,1,0
P15,103,2.0,3.834648370742798,0,0
P15,206,4.0,3.350276470184326,1,0
P15,326,2.0,3.8386919498443604,0,0
P15,428,4.0,4.769537448883057,1,1
P15,426,4.0,3.294649839401245,1,0
P15,320,3.0,3.136314630508423,0,0
P15,221,7.0,3.234832763671875,1,0
P15,209,7.0,3.503217935562134,1,0
P15,222,6.0,3.9875032901763916,1,0
P15,109,4.0,4.338608741760254,1,1
P15,324,4.0,3.748466730117798,1,0
P15,306,4.0,3.2208988666534424,1,0
P15,106,1.0,3.9433248043060303,0,0
P15,126,5.0,3.0072169303894043,1,0
P15,128,6.0,3.4532196521759033,1,0
P15,219,5.0,3.5254178047180176,1,0
P15,425,4.0,3.660710096359253,1,0
P15,201,7.0,4.19173002243042,1,1
P15,403,4.0,4.106327533721924,1,1
P15,419,4.0,3.896277666091919,1,0
P15,417,4.0,3.482009172439575,1,0
P15,205,7.0,3.7376832962036133,1,0
P15,424,5.0,3.973459005355835,1,0
P15,429,5.0,4.054819107055664,1,1
P15,322,5.0,3.619631767272949,1,0
P15,318,4.0,4.063494682312012,1,1
P15,216,5.0,3.859510660171509,1,0
P15,218,5.0,2.982067108154297,1,0
P15,120,6.0,3.209214448928833,1,0
P15,217,7.0,4.3584771156311035,1,1
P15,327,2.0,3.730140209197998,0,0
P15,117,2.0,3.2406020164489746,0,0
P15,124,2.0,3.3821723461151123,0,0
P15,119,4.0,4.0966410636901855,1,1
P15,314,4.0,3.7994577884674072,1,0
P15,125,4.0,3.485771656036377,1,0
P15,311,2.0,3.412015676498413,0,0
P15,102,2.0,4.6199116706848145,0,1
P15,319,4.0,3.7769620418548584,1,0
P15,422,6.0,3.6693990230560303,1,0
P15,315,4.0,3.6707522869110107,1,0
P15,401,4.0,3.7294371128082275,1,0
P15,305,5.0,3.048269033432007,1,0
P15,321,4.0,4.463139533996582,1,1
P15,203,5.0,3.3272082805633545,1,0
P15,204,4.0,3.7097880840301514,1,0
P15,406,3.0,3.472562074661255,0,0
P15,228,4.0,3.9362540245056152,1,0
P15,308,5.0,3.84397292137146,1,0
P15,302,4.0,4.046968460083008,1,1
P15,224,4.0,3.5261757373809814,1,0
P15,112,3.0,3.9937374591827393,0,0
P15,423,4.0,3.8270556926727295,1,0
P15,430,4.0,3.6305572986602783,1,0
P15,202,4.0,3.9421422481536865,1,0
P15,226,7.0,3.928363561630249,1,0
P15,307,4.0,2.96331524848938,1,0
P15,312,4.0,4.159164905548096,1,1
P15,420,4.0,3.9662935733795166,1,0
P15,301,4.0,3.1615240573883057,1,0
P15,113,3.0,5.019165992736816,0,1
P15,309,4.0,3.8752102851867676,1,0
P16,323,4.0,3.718950033187866,1,0
P16,310,3.0,2.9467670917510986,0,0
P16,215,5.0,4.082989692687988,1,1
P16,119,5.0,2.8635964393615723,1,0
P16,429,5.0,3.7596170902252197,1,0
P16,411,1.0,2.9312849044799805,0,0
P16,315,5.0,3.019331693649292,1,0
P16,427,5.0,3.31866192817688,1,0
P16,217,6.0,3.6190736293792725,1,0
P16,223,3.0,3.5366108417510986,0,0
P16,113,1.0,3.563805341720581,0,0
P16,415,6.0,3.1691112518310547,1,0
P16,306,5.0,3.5883843898773193,1,0
P16,325,5.0,3.7861692905426025,1,0
P16,327,2.0,3.5053889751434326,0,0
P16,206,6.0,3.489807367324829,1,0
P16,124,2.0,3.458007335662842,0,0
P16,115,1.0,3.348428964614868,0,0
P16,321,2.0,3.633530855178833,0,0
P16,128,2.0,3.0103461742401123,0,0
P16,403,5.0,3.270724058151245,1,0
P16,220,7.0,3.551922082901001,1,0
P16,202,6.0,3.5753061771392822,1,0
P16,229,7.0,4.0920186042785645,1,1
P16,228,6.0,3.8985612392425537,1,0
P16,101,2.0,4.355545997619629,0,1
P16,114,2.0,3.477576971054077,0,0
P16,408,6.0,3.7480885982513428,1,0
P16,117,3.0,4.062276363372803,0,1
P16,122,1.0,3.3575546741485596,0,0
P16,328,6.0,3.4937617778778076,1,0
P16,212,6.0,3.2370009422302246,1,0
P16,216,6.0,3.820496082305908,1,0
P16,129,2.0,3.8061277866363525,0,0
P16,108,6.0,4.146836280822754,1,1
P16,102,2.0,3.732774257659912,0,0
P16,407,5.0,4.206873893737793,1,1
P16,420,5.0,4.337149620056152,1,1
P16,412,7.0,3.287935495376587,1,0
P16,203,5.0,4.517855644226074,1,1
P16,421,5.0,4.221426963806152,1,1
P16,222,6.0,4.298605918884277,1,1
P16,107,2.0,3.784114122390747,0,0
P16,309,2.0,3.8113667964935303,0,0
P16,414,5.0,4.294409275054932,1,1
P16,418,6.0,4.082556247711182,1,1
P16,330,3.0,4.313083648681641,0,1
P16,225,5.0,3.6991944313049316,1,0
P16,126,4.0,4.039549350738525,1,1
P16,207,5.0,3.6893370151519775,1,0
P16,109,2.0,4.1317620277404785,0,1
P16,428,6.0,3.2382211685180664,1,0
P16,322,2.0,3.981210231781006,0,0
P16,422,6.0,4.370967864990234,1,1
P16,307,5.0,3.193148612976074,1,0
P16,110,4.0,3.540956497192383,1,0
P16,305,5.0,4.222716331481934,1,1
P16,425,6.0,3.4988486766815186,1,0
P16,301,4.0,4.257572650909424,1,1
P16,121,4.0,4.08206844329834,1,1
P16,312,4.0,3.825533390045166,1,0
P16,208,7.0,3.677324056625366,1,0
P16,105,2.0,3.570248603820801,0,0
P16,304,2.0,3.236865997314453,0,0
P16,201,7.0,4.092115879058838,1,1
P16,125,2.0,3.6274821758270264,0,0
P16,103,3.0,4.144491195678711,0,1
P16,406,4.0,4.2955474853515625,1,1
P16,221,4.0,4.434481620788574,1,1
P16,409,5.0,3.5072150230407715,1,0
P16,413,5.0,4.161334037780762,1,1
P16,210,4.0,3.889085054397583,1,0
P16,209,5.0,4.117327690124512,1,1
P16,317,2.0,4.1319899559021,0,1
P16,211,6.0,3.9442150592803955,1,0
P16,130,4.0,4.282081127166748,1,1
P16,303,3.0,3.8695452213287354,0,0
P16,416,6.0,3.742060899734497,1,0
P16,314,4.0,4.162210941314697,1,1
P16,308,4.0,4.454019546508789,1,1
P16,104,2.0,3.161515474319458,0,0
P16,118,2.0,3.1827151775360107,0,0
P16,426,5.0,4.077542781829834,1,1
P16,120,5.0,3.8344998359680176,1,0
P16,318,3.0,2.8596646785736084,0,0
P16,123,3.0,4.018561363220215,0,1
P16,419,6.0,3.649623394012451,1,0
P16,423,5.0,3.8956716060638428,1,0
P16,410,4.0,3.7334487438201904,1,0
P16,405,5.0,4.380707740783691,1,1
P16,302,5.0,3.7555863857269287,1,0
P16,311,3.0,4.033312797546387,0,1
P16,227,3.0,3.895521402359009,0,0
P16,204,4.0,3.592747211456299,1,0
P16,326,2.0,3.6068429946899414,0,0
P16,224,6.0,3.979736566543579,1,0
P16,230,5.0,4.159873008728027,1,1
P16,111,2.0,3.932985782623291,0,0
P16,214,3.0,3.814249277114868,0,0
P16,401,2.0,4.202061653137207,0,1
P16,116,4.0,3.6727635860443115,1,0
P16,329,1.0,3.3828554153442383,0,0
P16,226,7.0,4.2832207679748535,1,1
P16,219,6.0,3.5871074199676514,1,0
P16,424,3.0,3.9727280139923096,0,0
P16,320,3.0,3.6863138675689697,0,0
P16,404,6.0,3.446181058883667,1,0
P16,430,4.0,4.455270767211914,1,1
P16,213,6.0,3.5499279499053955,1,0
P16,319,5.0,3.8953332901000977,1,0
P16,417,5.0,4.016404628753662,1,1
P16,313,2.0,3.3801801204681396,0,0
P16,112,2.0,3.673818349838257,0,0
P16,402,4.0,3.5819170475006104,1,0
P16,218,4.0,3.549619674682617,1,0
P16,324,4.0,4.405428409576416,1,1
P17,323,3.0,4.2542829513549805,0,1
P17,416,6.0,5.0469889640808105,1,1
P17,223,3.0,4.615865230560303,0,1
P17,113,1.0,4.85198974609375,0,1
P17,305,5.0,4.653880596160889,1,1
P17,304,3.0,5.3849945068359375,0,1
P17,311,3.0,4.570289611816406,0,1
P17,210,3.0,4.332634449005127,0,1
P17,430,4.0,4.714219570159912,1,1
P17,202,3.0,4.462131023406982,0,1
P17,102,5.0,4.501413822174072,1,1
P17,103,5.0,4.759073257446289,1,1
P17,309,3.0,4.532211780548096,0,1
P17,405,1.0,4.730806350708008,0,1
P17,310,5.0,4.5888142585754395,1,1
P17,127,5.0,4.6941447257995605,1,1
P17,316,5.0,4.160661697387695,1,1
P17,204,4.0,4.4205403327941895,1,1
P17,418,4.0,4.345579624176025,1,1
P17,219,5.0,4.285843372344971,1,1
P17,120,5.0,4.528324604034424,1,1
P17,125,5.0,4.641287326812744,1,1
P17,420,3.0,4.486863613128662,0,1
P17,229,5.0,4.722902774810791,1,1
P17,227,4.0,4.40079927444458,1,1
P17,217,3.0,4.65989875793457,0,1
P17,401,6.0,4.204700469970703,1,1
P17,126,6.0,4.477663993835449,1,1
P17,220,3.0,4.893467426300049,0,1
P17,114,5.0,4.354759693145752,1,1
P17,128,6.0,4.735057353973389,1,1
P17,314,4.0,4.941755294799805,1,1
P17,319,3.0,4.952544689178467,0,1
P17,415,2.0,4.839590549468994,0,1
P17,425,3.0,4.331439971923828,0,1
P17,225,5.0,4.181534767150879,1,1
P17,317,5.0,5.123213768005371,1,1
P17,106,6.0,5.203024864196777,1,1
P17,402,4.0,4.5647358894348145,1,1
P17,330,3.0,4.450308799743652,0,1
P17,230,6.0,4.620985507965088,1,1
P17,406,3.0,5.048389911651611,0,1
P17,116,5.0,4.704043865203857,1,1
P17,413,4.0,5.097779750823975,1,1
P17,306,4.0,4.61293363571167,1,1
P17,201,6.0,5.688745498657227,1,1
P17,105,6.0,5.112281322479248,1,1
P17,206,5.0,5.152637004852295,1,1
P17,207,4.0,4.709678649902344,1,1
P17,218,3.0,4.037572383880615,0,1
P17,215,4.0,4.4074859619140625,1,1
P17,115,5.0,4.981086254119873,1,1
P17,303,4.0,4.20134162902832,1,1
P17,428,4.0,4.452748775482178,1,1
P17,327,6.0,4.949543476104736,1,1
P17,118,7.0,4.820067882537842,1,1
P17,226,6.0,4.278486728668213,1,1
P17,410,5.0,4.527937889099121,1,1
P17,321,5.0,4.628774166107178,1,1
P17,108,3.0,4.614220142364502,0,1
P17,412,3.0,4.23351526260376,0,1
P17,407,5.0,4.986892223358154,1,1
P17,427,6.0,4.662486553192139,1,1
P17,112,5.0,4.935086250305176,1,1
P17,318,3.0,4.718217372894287,0,1
P17,130,5.0,4.5395073890686035,1,1
P17,119,6.0,4.959752559661865,1,1
P17,212,5.0,4.497338771820068,1,1
P17,419,5.0,4.5091552734375,1,1
P17,104,7.0,4.509048938751221,1,1
P17,411,6.0,4.300853252410889,1,1
P17,205,6.0,4.541022777557373,1,1
P17,121,3.0,4.310266971588135,0,1
P17,302,3.0,4.362450122833252,0,1
P17,313,7.0,4.254851341247559,1,1
P17,214,3.0,4.765145778656006,0,1
P17,325,5.0,4.563843250274658,1,1
P17,417,3.0,4.181807041168213,0,1
P17,208,6.0,4.75204610824585,1,1
P17,320,6.0,4.4865336418151855,1,1
P17,429,5.0,4.235727787017822,1,1
P17,315,5.0,4.724595546722412,1,1
P17,421,5.0,4.370968818664551,1,1
P17,129,6.0,4.367415904998779,1,1
P17,301,3.0,4.473213195800781,0,1
P17,122,5.0,4.847105503082275,1,1
P17,408,5.0,4.3728861808776855,1,1
P17,211,5.0,4.652024745941162,1,1
P17,228,5.0,4.436447620391846,1,1
P17,209,3.0,4.5106730461120605,0,1
P17,117,6.0,4.307955265045166,1,1
P17,124,7.0,4.802669525146484,1,1
P17,326,6.0,4.4874653816223145,1,1
P17,426,4.0,4.564136981964111,1,1
P17,203,5.0,4.243213176727295,1,1
P17,312,5.0,4.244034290313721,1,1
P17,222,5.0,4.560306072235107,1,1
P17,107,5.0,4.758697032928467,1,1
P17,307,4.0,4.516762733459473,1,1
P17,329,5.0,4.174850940704346,1,1
P17,109,6.0,5.1189656257629395,1,1
P17,328,5.0,4.515152454376221,1,1
P17,221,5.0,4.524283409118652,1,1
P17,213,5.0,4.7396416664123535,1,1
P17,101,6.0,4.400805950164795,1,1
P17,322,6.0,4.352987766265869,1,1
P17,308,5.0,4.354738712310791,1,1
P17,404,3.0,4.2894768714904785,0,1
P17,403,3.0,4.595883846282959,0,1
P17,414,3.0,4.617446422576904,0,1
P17,424,4.0,4.377825736999512,1,1
P17,422,5.0,4.385470867156982,1,1
P17,324,4.0,4.520278453826904,1,1
P17,111,7.0,4.591851711273193,1,1
P17,423,5.0,4.589393138885498,1,1
P17,224,4.0,4.650441646575928,1,1
P17,216,3.0,3.932837963104248,0,0
P17,409,3.0,4.354135036468506,0,1
P17,123,5.0,4.502667427062988,1,1
P18,114,4.0,3.931143283843994,1,0
P18,311,5.0,4.435979843139648,1,1
P18,107,5.0,4.941367149353027,1,1
P18,229,2.0,4.914056777954102,0,1
P18,407,3.0,4.8534440994262695,0,1
P18,216,3.0,5.3506011962890625,0,1
P18,127,3.0,4.715842247009277,0,1
P18,125,5.0,4.936551094055176,1,1
P18,414,3.0,4.272613048553467,0,1
P18,306,6.0,4.719770431518555,1,1
P18,426,5.0,5.010447025299072,1,1
P18,215,5.0,4.4799604415893555,1,1
P18,317,5.0,4.746274948120117,1,1
P18,108,6.0,4.553646564483643,1,1
P18,223,2.0,4.851672649383545,0,1
P18,402,3.0,4.3060407638549805,0,1
P18,301,3.0,4.546224117279053,0,1
P18,323,3.0,3.869675636291504,0,0
P18,222,3.0,4.229337215423584,0,1
P18,329,2.0,3.742924690246582,0,0
P18,101,3.0,4.379247188568115,0,1
P18,409,3.0,3.7850942611694336,0,0
P18,126,3.0,4.942251205444336,0,1
P18,307,5.0,3.776668071746826,1,0
P18,423,2.0,3.788996458053589,0,0
P18,416,3.0,3.97648549079895,0,0
P18,104,3.0,3.5294971466064453,0,0
P18,419,3.0,3.4943885803222656,0,0
P18,304,4.0,3.9929111003875732,1,0
P18,205,6.0,4.197453022003174,1,1
P18,120,5.0,3.8577065467834473,1,0
P18,315,4.0,4.123712062835693,1,1
P18,302,4.0,3.9674465656280518,1,0
P18,403,1.0,4.551346778869629,0,1
P18,211,7.0,4.519252300262451,1,1
P18,305,3.0,3.57563853263855,0,0
P18,220,7.0,4.264005661010742,1,1
P18,124,2.0,4.182981491088867,0,1
P18,309,3.0,4.024134635925293,0,1
P18,413,4.0,4.497198581695557,1,1
P18,116,3.0,4.060293674468994,0,1
P18,207,5.0,3.982705593109131,1,0
P18,221,5.0,4.344349384307861,1,1
P18,212,5.0,3.6144285202026367,1,0
P18,111,3.0,3.6108169555664062,0,0
P18,226,6.0,3.7609283924102783,1,0
P18,314,2.0,3.51096773147583,0,0
P18,405,3.0,3.924826145172119,0,0
P18,106,6.0,4.237912654876709,1,1
P18,204,2.0,4.194593906402588,0,1
P18,105,5.0,4.080755233764648,1,1
P18,122,5.0,3.5161924362182617,1,0
P18,325,5.0,4.905651569366455,1,1
P18,202,3.0,3.6099491119384766,0,0
P18,430,4.0,4.529989242553711,1,1
P18,224,4.0,4.259614944458008,1,1
P18,324,2.0,3.810492992401123,0,0
P18,417,5.0,4.07594633102417,1,1
P18,110,6.0,4.411049842834473,1,1
P18,321,5.0,3.5622177124023438,1,0
P18,119,4.0,3.5492563247680664,1,0
P18,406,4.0,4.526140213012695,1,1
P18,312,2.0,3.977025032043457,0,0
P18,327,5.0,3.985560894012451,1,0
P18,210,5.0,3.9154133796691895,1,0
P18,408,3.0,3.8879308700561523,0,0
P18,421,4.0,3.3832929134368896,1,0
P18,228,4.0,4.054505348205566,1,1
P18,225,2.0,4.412497520446777,0,1
P18,420,3.0,3.8403804302215576,0,0
P18,115,3.0,4.716702461242676,0,1
P18,208,7.0,4.322414398193359,1,1
P18,319,5.0,4.548954010009766,1,1
P18,117,2.0,4.484636306762695,0,1
P18,103,3.0,4.141415596008301,0,1
P18,330,2.0,5.0248003005981445,0,1
P18,303,4.0,4.2448601722717285,1,1
P18,123,5.0,3.7902631759643555,1,0
P18,404,3.0,4.016253471374512,0,1
P18,128,5.0,4.275876998901367,1,1
P18,422,3.0,3.946934461593628,0,0
P18,310,4.0,4.18649435043335,1,1
P18,318,1.0,3.7676753997802734,0,0
P18,410,4.0,4.149330139160156,1,1
P18,320,1.0,3.846456527709961,0,0
P18,424,3.0,3.8586182594299316,0,0
P18,328,2.0,4.171510696411133,0,1
P18,418,2.0,4.022712230682373,0,1
P18,326,3.0,4.6018476486206055,0,1
P18,209,3.0,4.539607524871826,0,1
P18,121,3.0,3.9180920124053955,0,0
P18,219,3.0,4.449753284454346,0,1
P18,109,3.0,3.5527172088623047,0,0
P18,227,2.0,4.325869560241699,0,1
P18,316,3.0,4.789968490600586,0,1
P18,130,4.0,3.8525915145874023,1,0
P18,113,5.0,3.864492416381836,1,0
P18,129,3.0,3.874906063079834,0,0
P18,429,3.0,4.643057823181152,0,1
P18,203,7.0,4.684138298034668,1,1
P18,411,1.0,4.445383548736572,0,1
P18,206,3.0,4.558253288269043,0,1
P18,313,2.0,3.6178300380706787,0,0
P18,112,3.0,4.38092041015625,0,1
P18,217,5.0,4.689983367919922,1,1
P18,412,3.0,4.588436603546143,0,1
P18,401,4.0,5.045524597167969,1,1
P18,230,3.0,4.402244567871094,0,1
P18,427,4.0,4.3941545486450195,1,1
P18,425,6.0,4.270943641662598,1,1
P18,102,4.0,4.428951740264893,1,1
P18,308,3.0,4.340343475341797,0,1
P18,218,7.0,4.044957637786865,1,1
P18,201,7.0,4.9151201248168945,1,1
P18,118,4.0,3.8823108673095703,1,0
P18,214,4.0,4.166046142578125,1,1
P18,428,3.0,4.95972204208374,0,1
P18,213,5.0,4.342858791351318,1,1
P19,224,6.0,3.598957061767578,1,0
P19,409,5.0,3.3291845321655273,1,0
P19,217,6.0,3.745997667312622,1,0
P19,113,2.0,3.3365793228149414,0,0
P19,125,4.0,3.6995859146118164,1,0
P19,116,5.0,3.6314799785614014,1,0
P19,301,3.0,4.012212753295898,0,1
P19,108,5.0,3.6501379013061523,1,0
P19,202,4.0,4.1374077796936035,1,1
P19,418,5.0,3.414257526397705,1,0
P19,111,2.0,3.8086113929748535,0,0
P19,208,7.0,3.00130558013916,1,0
P19,414,4.0,3.659904956817627,1,0
P19,218,6.0,3.407348394393921,1,0
P19,401,3.0,3.3809571266174316,0,0
P19,201,5.0,3.4456212520599365,1,0
P19,126,5.0,3.9376578330993652,1,0
P19,314,4.0,3.5542712211608887,1,0
P19,110,5.0,3.7946901321411133,1,0
P19,104,4.0,3.6868014335632324,1,0
P19,225,5.0,3.7301104068756104,1,0
P19,426,4.0,3.723405122756958,1,0
P19,415,4.0,3.7009544372558594,1,0
P19,127,3.0,3.2316153049468994,0,0
P19,215,5.0,3.60996675491333,1,0
P19,421,5.0,3.6509900093078613,1,0
P19,221,5.0,3.4519357681274414,1,0
P19,214,4.0,4.071464538574219,1,1
P19,216,5.0,4.0533647537231445,1,1
P19,302,1.0,3.4196996688842773,0,0
P19,423,1.0,3.39277720451355,0,0
P19,304,1.0,3.1493537425994873,0,0
P19,412,4.0,3.4270427227020264,1,0
P19,107,1.0,3.47324538230896,0,0
P19,109,3.0,3.6090891361236572,0,0
P19,328,4.0,4.02235221862793,1,1
P19,326,2.0,4.308322906494141,0,1
P19,322,3.0,3.1761817932128906,0,0
P19,206,4.0,3.571108818054199,1,0
P19,128,2.0,3.619863271713257,0,0
P19,410,1.0,3.9848074913024902,0,0
P19,129,2.0,3.3907127380371094,0,0
P19,209,5.0,3.565835952758789,1,0
P19,325,1.0,3.767549514770508,0,0
P19,228,5.0,3.9212114810943604,1,0
P19,226,7.0,3.773359775543213,1,0
P19,119,2.0,3.5393216609954834,0,0
P19,305,1.0,3.834257125854492,0,0
P19,425,7.0,4.042482376098633,1,1
P19,405,5.0,4.250343322753906,1,1
P19,422,6.0,3.5924880504608154,1,0
P19,117,3.0,4.0498456954956055,0,1
P19,315,3.0,3.996472120285034,0,0
P19,327,3.0,3.5983636379241943,0,0
P19,424,2.0,3.7222976684570312,0,0
P19,420,1.0,3.545844554901123,0,0
P19,309,1.0,3.6329140663146973,0,0
P19,213,6.0,3.00744891166687,1,0
P19,417,1.0,4.065783977508545,0,1
P19,430,1.0,3.5356409549713135,0,0
P19,313,2.0,4.564165115356445,0,1
P19,316,2.0,3.8785176277160645,0,0
P19,402,1.0,3.223038673400879,0,0
P19,324,2.0,4.110745906829834,0,1
P19,419,4.0,3.620992422103882,1,0
P19,311,3.0,4.408443927764893,0,1
P19,428,5.0,3.9286224842071533,1,0
P19,130,5.0,3.8770759105682373,1,0
P19,317,2.0,4.040582656860352,0,1
P19,112,2.0,3.7199294567108154,0,0
P19,114,2.0,4.056591510772705,0,1
P19,403,3.0,3.513406276702881,0,0
P19,230,3.0,4.014927864074707,0,1
P19,320,2.0,3.4350812435150146,0,0
P19,318,3.0,3.538154363632202,0,0
P19,115,2.0,4.093832492828369,0,1
P19,205,7.0,3.5635159015655518,1,0
P19,118,3.0,2.986041307449341,0,0
P19,329,3.0,3.525275945663452,0,0
P19,227,3.0,3.7947096824645996,0,0
P19,408,3.0,3.3093068599700928,0,0
P19,212,5.0,3.4343996047973633,1,0
P19,406,2.0,3.758582592010498,0,0
P19,204,5.0,4.080136775970459,1,1
P19,220,6.0,3.543508529663086,1,0
P19,123,4.0,4.1375017166137695,1,1
P19,312,5.0,3.9849026203155518,1,0
P19,303,4.0,3.3678948879241943,1,0
P19,407,2.0,3.2301769256591797,0,0
P19,207,5.0,3.584676504135132,1,0
P19,101,3.0,3.739049196243286,0,0
P19,222,6.0,4.093659400939941,1,1
P19,105,3.0,3.711596965789795,0,0
P19,203,6.0,3.334803581237793,1,0
P19,229,7.0,3.7846007347106934,1,0
P19,307,4.0,3.648484230041504,1,0
P19,427,5.0,3.2483856678009033,1,0
P19,106,3.0,4.14967679977417,0,1
P19,223,3.0,3.424957752227783,0,0
P19,319,3.0,4.445315361022949,0,1
P19,310,3.0,3.5222768783569336,0,0
P19,124,3.0,3.488182306289673,0,0
P19,102,3.0,3.7093920707702637,0,0
P19,404,3.0,4.421174049377441,0,1
P19,103,3.0,3.376193046569824,0,0
P19,429,2.0,3.5726490020751953,0,0
P19,121,3.0,3.6626412868499756,0,0
P19,321,3.0,4.030916690826416,0,1
P19,122,5.0,3.7631115913391113,1,0
P19,416,5.0,3.926064968109131,1,0
P19,210,6.0,4.157294273376465,1,1
P19,323,3.0,4.089590549468994,0,1
P19,120,7.0,4.02850866317749,1,1
P19,219,3.0,4.0932111740112305,0,1
P19,308,3.0,3.5006933212280273,0,0
P19,211,7.0,3.7842812538146973,1,0
P19,330,3.0,4.163865089416504,0,1
P19,411,1.0,4.138798236846924,0,1
P19,413,3.0,3.700140953063965,0,0
P19,306,3.0,3.4090113639831543,0,0
P21,217,6.0,3.6144602298736572,1,0
P21,402,2.0,3.6440389156341553,0,0
P21,213,6.0,3.7191901206970215,1,0
P21,430,2.0,4.106865882873535,0,1
P21,101,1.0,4.310546875,0,1
P21,207,2.0,4.928766250610352,0,1
P21,114,1.0,4.1927971839904785,0,1
P21,127,2.0,3.998903751373291,0,0
P21,408,6.0,4.490366458892822,1,1
P21,325,3.0,4.473031044006348,0,1
P21,110,4.0,3.8006927967071533,1,0
P21,427,3.0,4.235875129699707,0,1
P21,413,6.0,4.00742769241333,1,1
P21,117,1.0,3.933220863342285,0,0
P21,116,1.0,4.217165946960449,0,1
P21,316,5.0,4.618768692016602,1,1
P21,417,5.0,3.571700096130371,1,0
P21,223,5.0,3.808255434036255,1,0
P21,411,1.0,3.553196907043457,0,0
P21,301,1.0,3.800626754760742,0,0
P21,210,1.0,4.117502212524414,0,1
P21,222,5.0,4.021742820739746,1,1
P21,227,6.0,3.1399102210998535,1,0
P21,326,4.0,3.625877618789673,1,0
P21,122,2.0,4.100729942321777,0,1
P21,308,2.0,3.7966151237487793,0,0
P21,125,6.0,4.13134241104126,1,1
P21,330,2.0,3.3798668384552,0,0
P21,112,1.0,3.8110365867614746,0,0
P21,312,2.0,4.053208351135254,0,1
P21,428,1.0,3.8238301277160645,0,0
P21,418,6.0,3.7775909900665283,1,0
P21,106,2.0,3.9741744995117188,0,0
P21,307,1.0,3.715353488922119,0,0
P21,128,1.0,4.131011009216309,0,1
P21,221,7.0,3.54099178314209,1,0
P21,119,2.0,3.4977922439575195,0,0
P21,310,5.0,3.8235912322998047,1,0
P21,422,6.0,5.653977394104004,1,1
P21,319,2.0,3.765157699584961,0,0
P21,113,1.0,3.7296059131622314,0,0
P21,103,1.0,3.361514091491699,0,0
P21,108,2.0,4.101762294769287,0,1
P21,304,1.0,3.650538921356201,0,0
P21,401,4.0,3.82080078125,1,0
P21,107,2.0,3.8965935707092285,0,0
P21,111,1.0,4.030686855316162,0,1
P21,214,1.0,3.213353157043457,0,0
P21,105,1.0,3.766244411468506,0,0
P21,124,2.0,3.8989078998565674,0,0
P21,315,1.0,3.8653295040130615,0,0
P21,328,1.0,5.298408508300781,0,1
P21,216,6.0,3.8452491760253906,1,0
P21,314,1.0,3.3720974922180176,0,0
P21,121,2.0,4.248387336730957,0,1
P21,225,5.0,4.461884498596191,1,1
P21,202,2.0,3.939533233642578,0,0
P21,102,1.0,3.8053524494171143,0,0
P21,313,2.0,3.7279505729675293,0,0
P21,407,3.0,4.08863639831543,0,1
P21,405,2.0,4.222229957580566,0,1
P21,409,6.0,3.8183493614196777,1,0
P21,209,7.0,3.7847771644592285,1,0
P21,104,1.0,4.165102481842041,0,1
P21,309,6.0,3.544267177581787,1,0
P21,322,2.0,3.96408748626709,0,0
P21,429,6.0,3.807236671447754,1,0
P21,123,3.0,3.530038833618164,0,0
P21,421,7.0,3.4162673950195312,1,0
P21,120,6.0,3.6697115898132324,1,0
P21,303,2.0,3.3522567749023438,0,0
P21,204,6.0,4.290127277374268,1,1
P21,329,2.0,3.314465045928955,0,0
P21,212,5.0,3.4949002265930176,1,0
P21,415,6.0,3.9890317916870117,1,0
P21,318,1.0,3.4560985565185547,0,0
P21,423,6.0,3.5508065223693848,1,0
P21,205,6.0,4.682872295379639,1,1
P21,215,6.0,3.880190372467041,1,0
P21,224,1.0,3.6322309970855713,0,0
P21,228,5.0,3.464285373687744,1,0
P21,323,2.0,3.555358409881592,0,0
P21,118,1.0,3.6270766258239746,0,0
P21,412,2.0,3.4215686321258545,0,0
P21,109,1.0,4.0792999267578125,0,1
P21,403,6.0,3.5961990356445312,1,0
P21,321,1.0,3.5482335090637207,0,0
P21,424,2.0,3.450995445251465,0,0
P21,126,1.0,3.6862683296203613,0,0
P21,302,5.0,3.8073813915252686,1,0
P21,229,7.0,3.3887171745300293,1,0
P21,419,7.0,3.928476333618164,1,0
P21,420,5.0,5.83399772644043,1,1
P21,414,5.0,3.5226123332977295,1,0
P21,211,7.0,4.183499336242676,1,1
P21,404,5.0,3.7101337909698486,1,0
P21,327,2.0,3.8247878551483154,0,0
P21,425,6.0,4.490564346313477,1,1
P21,320,2.0,3.2880096435546875,0,0
P21,219,6.0,3.3367063999176025,1,0
P21,311,2.0,3.5641682147979736,0,0
P21,206,3.0,4.058626174926758,0,1
P21,306,1.0,3.703216791152954,0,0
P21,317,4.0,3.5729753971099854,1,0
P21,129,1.0,3.538036584854126,0,0
P21,305,1.0,5.280716896057129,0,1
P21,130,3.0,4.627229690551758,0,1
P21,426,3.0,3.681765079498291,0,0
P22,213,2.0,3.918489694595337,0,0
P22,313,6.0,4.13498067855835,1,1
P22,110,7.0,4.310245990753174,1,1
P22,403,3.0,4.078326225280762,0,1
P22,101,5.0,3.785637378692627,1,0
P22,307,4.0,4.088126182556152,1,1
P22,320,6.0,2.9943745136260986,1,0
P22,406,6.0,4.691988468170166,1,1
P22,311,4.0,3.8893730640411377,1,0
P22,207,3.0,4.034192085266113,0,1
P22,209,4.0,3.791515827178955,1,0
P22,218,2.0,4.231012344360352,0,1
P22,404,6.0,5.244785308837891,1,1
P22,115,5.0,3.8916337490081787,1,0
P22,204,2.0,5.2015228271484375,0,1
P22,228,5.0,3.8450613021850586,1,0
P22,129,7.0,3.59348464012146,1,0
P22,303,4.0,4.031525611877441,1,1
P22,119,4.0,4.009863376617432,1,1
P22,118,6.0,3.5030517578125,1,0
P22,405,1.0,3.9563586711883545,0,0
P22,417,1.0,4.085638046264648,0,1
P22,327,1.0,3.275045156478882,0,0
P22,223,1.0,4.047980308532715,0,1
P22,319,2.0,3.1185264587402344,0,0
P22,312,4.0,3.2187397480010986,1,0
P22,106,4.0,4.385589599609375,1,1
P22,326,3.0,3.0575919151306152,0,0
P22,221,1.0,3.49458909034729,0,0
P22,117,4.0,3.967663526535034,1,0
P22,226,1.0,4.003021717071533,0,1
P22,324,2.0,3.4227817058563232,0,0
P22,227,1.0,3.176996946334839,0,0
P22,111,3.0,3.005465269088745,0,0
P22,325,2.0,4.036657810211182,0,1
P22,230,1.0,3.775506019592285,0,0
P22,317,1.0,3.994771718978882,0,0
P22,412,1.0,3.0706422328948975,0,0
P22,120,1.0,3.5332601070404053,0,0
P22,418,1.0,3.319033145904541,0,0
P22,428,1.0,3.195194721221924,0,0
P22,420,1.0,3.6822926998138428,0,0
P22,122,3.0,3.3447811603546143,0,0
P22,416,1.0,3.368608236312866,0,0
P22,424,7.0,3.4421546459198,1,0
P22,425,1.0,3.71232533454895,0,0
P22,124,7.0,3.6606404781341553,1,0
P22,229,4.0,3.5780484676361084,1,0
P22,323,1.0,3.5909337997436523,0,0
P22,308,7.0,3.536936044692993,1,0
P22,415,1.0,3.6938061714172363,0,0
P22,126,7.0,3.1834018230438232,1,0
P22,206,1.0,3.1543352603912354,0,0
P22,215,1.0,3.6059491634368896,0,0
P22,104,6.0,3.7488820552825928,1,0
P22,330,2.0,3.7509167194366455,0,0
P22,315,1.0,3.783931016921997,0,0
P22,205,1.0,4.13739538192749,0,1
P22,318,1.0,3.8937973976135254,0,0
P22,201,1.0,3.699892282485962,0,0
P22,305,2.0,3.895925760269165,0,0
P22,127,1.0,3.6474547386169434,0,0
P22,211,1.0,3.0437099933624268,0,0
P22,107,5.0,3.5843613147735596,1,0
P22,208,1.0,3.443427324295044,0,0
P22,109,7.0,4.247838973999023,1,1
P22,413,1.0,3.903681516647339,0,0
P22,328,6.0,3.7527778148651123,1,0
P22,113,6.0,3.6880550384521484,1,0
P22,203,1.0,3.945202589035034,0,0
P22,422,1.0,3.4388537406921387,0,0
P22,304,6.0,3.470625638961792,1,0
P22,216,1.0,3.503257989883423,0,0
P22,214,1.0,3.73136830329895,0,0
P22,414,1.0,3.2959048748016357,0,0
P22,401,2.0,3.8619651794433594,0,0
P22,402,1.0,3.7788896560668945,0,0
P22,314,3.0,4.060468673706055,0,1
P22,423,1.0,3.385406732559204,0,0
P22,421,1.0,3.323996067047119,0,0
P22,102,5.0,3.3066134452819824,1,0
P22,112,3.0,3.2750465869903564,0,0
P22,411,7.0,3.2299082279205322,1,0
P22,321,5.0,3.6276581287384033,1,0
P22,105,7.0,3.42166805267334,1,0
P22,430,3.0,4.132148742675781,0,1
P22,409,1.0,4.630738258361816,0,1
P22,220,1.0,4.263246059417725,0,1
P22,212,1.0,3.8720197677612305,0,0
P22,426,1.0,3.8475801944732666,0,0
P22,114,7.0,3.9321415424346924,1,0
P22,210,6.0,3.39398193359375,1,0
P22,316,5.0,3.498915672302246,1,0
P22,128,7.0,3.708338975906372,1,0
P22,121,3.0,4.173250198364258,0,1
P22,306,4.0,3.683764696121216,1,0
P22,123,1.0,3.607626438140869,0,0
P22,222,1.0,3.8404335975646973,0,0
P22,130,7.0,3.5792834758758545,1,0
P22,116,7.0,3.479063034057617,1,0
P22,224,3.0,3.84877610206604,0,0
P22,410,6.0,3.8042094707489014,1,0
P22,301,3.0,3.34407901763916,0,0
P22,322,4.0,3.6019492149353027,1,0
P22,429,2.0,3.170560359954834,0,0
P22,408,1.0,3.643404722213745,0,0
P22,219,1.0,2.935741901397705,0,0
P22,202,1.0,3.2098138332366943,0,0
P22,419,1.0,3.2133383750915527,0,0
P22,103,4.0,3.3193271160125732,1,0
P22,329,4.0,3.4505975246429443,1,0
P22,217,1.0,3.5893609523773193,0,0
P22,225,2.0,3.795860528945923,0,0
P22,310,1.0,3.4979610443115234,0,0
P22,125,5.0,3.3508379459381104,1,0
P22,407,2.0,3.2600786685943604,0,0
P22,108,1.0,4.041343688964844,0,1
P23,308,5.0,4.142395496368408,1,1
P23,202,6.0,3.330552101135254,1,0
P23,205,7.0,3.898373603820801,1,0
P23,305,2.0,3.9283509254455566,0,0
P23,423,5.0,4.311099529266357,1,1
P23,214,6.0,3.949594259262085,1,0
P23,215,6.0,3.821995735168457,1,0
P23,304,5.0,3.498842716217041,1,0
P23,115,5.0,4.008299350738525,1,1
P23,106,7.0,3.092928647994995,1,0
P23,230,5.0,3.678130626678467,1,0
P23,319,5.0,4.255278587341309,1,1
P23,216,6.0,3.363325595855713,1,0
P23,320,4.0,3.3821356296539307,1,0
P23,116,2.0,4.208380222320557,0,1
P23,309,5.0,3.796250820159912,1,0
P23,224,5.0,3.2296204566955566,1,0
P23,411,5.0,3.624753952026367,1,0
P23,102,6.0,3.729813814163208,1,0
P23,427,7.0,4.3596110343933105,1,1
P23,430,4.0,3.453702926635742,1,0
P23,207,5.0,3.7728452682495117,1,0
P23,105,2.0,3.6500415802001953,0,0
P23,222,5.0,4.645146369934082,1,1
P23,104,5.0,3.4571218490600586,1,0
P23,306,2.0,3.5428385734558105,0,0
P23,313,4.0,4.257194995880127,1,1
P23,323,3.0,3.882171630859375,0,0
P23,314,3.0,3.8951802253723145,0,0
P23,330,5.0,3.243417263031006,1,0
P23,325,5.0,4.118211269378662,1,1
P23,428,5.0,3.7888994216918945,1,0
P23,111,5.0,4.263336181640625,1,1
P23,130,2.0,4.154262542724609,0,1
P23,223,6.0,3.761413097381592,1,0
P23,124,3.0,4.215950012207031,0,1
P23,401,4.0,3.3674559593200684,1,0
P23,125,2.0,3.9193837642669678,0,0
P23,218,6.0,3.383662700653076,1,0
P23,109,5.0,4.580535411834717,1,1
P23,201,7.0,3.519047737121582,1,0
P23,126,5.0,3.830106019973755,1,0
P23,414,2.0,3.5330379009246826,0,0
P23,226,7.0,3.7510507106781006,1,0
P23,225,7.0,3.6516833305358887,1,0
P23,317,2.0,3.511333465576172,0,0
P23,206,2.0,4.363831996917725,0,1
P23,110,5.0,4.4369378089904785,1,1
P23,229,6.0,4.108712673187256,1,1
P23,426,5.0,4.45235013961792,1,1
P23,122,5.0,4.161202430725098,1,1
P23,326,2.0,3.6771364212036133,0,0
P23,108,5.0,3.70048451423645,1,0
P23,220,7.0,3.7769224643707275,1,0
P23,415,6.0,3.6663413047790527,1,0
P23,310,6.0,3.5545096397399902,1,0
P23,210,6.0,4.142685413360596,1,1
P23,203,7.0,2.657114028930664,1,0
P23,419,5.0,3.7356762886047363,1,0
P23,228,6.0,3.5140175819396973,1,0
P23,429,3.0,3.5123562812805176,0,0
P23,209,3.0,3.827866554260254,0,0
P23,406,5.0,3.523271083831787,1,0
P23,112,2.0,4.223597049713135,0,1
P23,103,2.0,4.068554878234863,0,1
P23,418,3.0,4.799759864807129,0,1
P23,227,6.0,4.633719444274902,1,1
P23,118,6.0,3.9012839794158936,1,0
P23,421,3.0,4.077422142028809,0,1
P23,402,3.0,3.420870304107666,0,0
P23,129,5.0,4.578895568847656,1,1
P23,405,5.0,4.242467403411865,1,1
P23,117,5.0,3.775005578994751,1,0
P23,318,3.0,4.007091045379639,0,1
P23,107,2.0,3.969601631164551,0,0
P23,302,3.0,4.010062217712402,0,1
P23,425,5.0,3.5460045337677,1,0
P23,417,3.0,4.428175449371338,0,1
P23,217,5.0,3.2546749114990234,1,0
P23,327,3.0,3.73183012008667,0,0
P23,321,5.0,3.5239696502685547,1,0
P23,113,2.0,4.1740899085998535,0,1
P23,212,6.0,3.5182487964630127,1,0
P23,213,7.0,3.8901174068450928,1,0
P23,420,6.0,3.9999356269836426,1,0
P23,119,5.0,4.01189661026001,1,1
P23,409,5.0,3.936189651489258,1,0
P23,404,7.0,3.819305896759033,1,0
P23,412,5.0,4.044975757598877,1,1
P23,208,7.0,3.884955406188965,1,0
P23,128,3.0,4.256481647491455,0,1
P23,413,3.0,3.6248817443847656,0,0
P23,410,5.0,4.458267688751221,1,1
P23,329,1.0,3.8036608695983887,0,0
P23,312,5.0,3.6565141677856445,1,0
P23,403,5.0,5.0160112380981445,1,1
P23,211,6.0,3.6617777347564697,1,0
P23,311,1.0,3.764888048171997,0,0
P23,219,6.0,4.529423236846924,1,1
P23,114,5.0,3.465878486633301,1,0
P23,307,5.0,3.382982015609741,1,0
P23,127,6.0,4.93424129486084,1,1
P23,101,6.0,4.338736534118652,1,1
P23,316,5.0,4.333492755889893,1,1
P23,303,3.0,3.893613576889038,0,0
P23,120,6.0,3.2645678520202637,1,0
P23,221,6.0,4.050294876098633,1,1
P23,328,3.0,3.886017322540283,0,0
P23,121,5.0,3.8625221252441406,1,0
P23,408,3.0,3.4182662963867188,0,0
P23,422,7.0,3.565237522125244,1,0
P23,424,2.0,3.9666781425476074,0,0
P23,315,4.0,3.6510210037231445,1,0
P23,324,3.0,3.3873558044433594,0,0
P23,322,5.0,3.5409598350524902,1,0
P23,204,3.0,3.941173553466797,0,0
P23,407,5.0,3.967480182647705,1,0
P23,416,5.0,3.584608554840088,1,0
P26,101,2.0,5.463275909423828,0,1
P26,116,5.0,4.569486141204834,1,1
P26,216,4.0,4.399622440338135,1,1
P26,328,6.0,4.210787296295166,1,1
P26,109,1.0,4.327390670776367,0,1
P26,214,4.0,3.958698272705078,1,0
P26,301,3.0,4.8639020919799805,0,1
P26,315,6.0,4.164949417114258,1,1
P26,302,1.0,4.307124137878418,0,1
P26,125,1.0,4.404066562652588,0,1
P26,213,7.0,4.630039691925049,1,1
P26,417,5.0,3.669454574584961,1,0
P26,311,1.0,4.176441192626953,0,1
P26,201,7.0,4.134818077087402,1,1
P26,416,6.0,4.298623085021973,1,1
P26,107,1.0,4.2982563972473145,0,1
P26,126,6.0,4.156006813049316,1,1
P26,227,7.0,4.248016357421875,1,1
P26,409,7.0,4.122979640960693,1,1
P26,401,2.0,4.190066337585449,0,1
P26,406,2.0,4.266841411590576,0,1
P26,408,7.0,4.268476486206055,1,1
P26,324,3.0,4.504420280456543,0,1
P26,215,7.0,4.495975017547607,1,1
P26,410,1.0,3.5693578720092773,0,0
P26,104,4.0,4.454461574554443,1,1
P26,218,7.0,4.431303977966309,1,1
P26,318,6.0,4.189877986907959,1,1
P26,329,5.0,3.630549430847168,1,0
P26,420,6.0,4.014681339263916,1,1
P26,411,1.0,4.162677764892578,0,1
P26,124,1.0,4.317898750305176,0,1
P26,229,7.0,4.529774188995361,1,1
P26,127,7.0,3.908768892288208,1,0
P26,429,2.0,4.290239334106445,0,1
P26,323,2.0,4.649159908294678,0,1
P26,307,6.0,4.003915309906006,1,1
P26,404,6.0,4.732825756072998,1,1
P26,117,5.0,4.667119026184082,1,1
P26,221,7.0,4.695479393005371,1,1
P26,419,7.0,4.511834144592285,1,1
P26,220,7.0,4.303735733032227,1,1
P26,314,4.0,4.690976142883301,1,1
P26,230,5.0,3.9736435413360596,1,0
P26,321,1.0,4.26198148727417,0,1
P26,223,6.0,4.152973175048828,1,1
P26,421,7.0,4.48713493347168,1,1
P26,209,6.0,4.827996730804443,1,1
P26,102,1.0,4.860048294067383,0,1
P26,211,7.0,4.347020626068115,1,1
P26,121,2.0,4.372833251953125,0,1
P26,325,4.0,4.266694068908691,1,1
P26,415,6.0,3.6496448516845703,1,0
P26,210,3.0,3.8258540630340576,0,0
P26,118,2.0,4.059314727783203,0,1
P26,407,3.0,4.311624050140381,0,1
P26,226,5.0,4.075080871582031,1,1
P26,206,5.0,3.9925968647003174,1,0
P26,108,7.0,4.572227478027344,1,1
P26,320,1.0,4.92304801940918,0,1
P26,203,6.0,3.9861724376678467,1,0
P26,204,6.0,4.220693588256836,1,1
P26,427,3.0,4.138134479522705,0,1
P26,222,7.0,3.543848991394043,1,0
P26,106,1.0,4.815835475921631,0,1
P26,111,5.0,4.210132598876953,1,1
P26,225,7.0,3.8689112663269043,1,0
P26,115,2.0,4.7553558349609375,0,1
P26,430,4.0,3.946897029876709,1,0
P26,123,3.0,4.371168613433838,0,1
P26,114,7.0,4.484429836273193,1,1
P26,313,4.0,4.0807013511657715,1,1
P26,405,6.0,4.16895866394043,1,1
P26,305,4.0,3.4287056922912598,1,0
P26,129,2.0,4.357497692108154,0,1
P26,103,2.0,4.601291179656982,0,1
P26,326,6.0,3.9846465587615967,1,0
P26,207,7.0,4.414608001708984,1,1
P26,322,2.0,5.059108257293701,0,1
P26,219,2.0,4.530463218688965,0,1
P26,402,6.0,4.854340076446533,1,1
P26,308,3.0,4.794678211212158,0,1
P26,119,2.0,4.4490790367126465,0,1
P26,319,2.0,4.56281042098999,0,1
P26,303,2.0,4.251056671142578,0,1
P26,212,7.0,5.016804218292236,1,1
P26,122,5.0,4.804226398468018,1,1
P26,113,1.0,4.439824104309082,0,1
P26,310,4.0,4.221128463745117,1,1
P26,228,6.0,4.518209457397461,1,1
P26,414,2.0,4.0191330909729,0,1
P26,224,2.0,4.953530311584473,0,1
P26,425,6.0,4.702104091644287,1,1
P26,317,3.0,4.397207260131836,0,1
P26,217,3.0,5.301053524017334,0,1
P26,424,4.0,4.584454536437988,1,1
P26,304,4.0,4.05491304397583,1,1
P26,316,4.0,4.895254611968994,1,1
P26,208,7.0,4.5828166007995605,1,1
P26,202,7.0,4.55982780456543,1,1
P26,330,3.0,4.90717887878418,0,1
P26,422,6.0,4.459568023681641,1,1
P26,105,3.0,4.375344276428223,0,1
P26,120,6.0,4.615386009216309,1,1
P26,309,3.0,5.178133010864258,0,1
P26,426,6.0,5.048254013061523,1,1
P26,403,6.0,4.256762504577637,1,1
P26,418,5.0,4.476947784423828,1,1
P26,306,6.0,4.3590087890625,1,1
P26,128,7.0,4.4624223709106445,1,1
P26,130,4.0,5.246913433074951,1,1
P26,205,7.0,5.251924991607666,1,1
P26,412,6.0,4.684946537017822,1,1
P26,110,6.0,4.831280708312988,1,1
P26,423,3.0,4.759824752807617,0,1
P26,312,4.0,4.179476737976074,1,1
P26,112,6.0,4.232192516326904,1,1
P26,327,3.0,4.053700923919678,0,1
P29,128,3.0,3.3766415119171143,0,0
P29,327,5.0,3.337122917175293,1,0
P29,119,3.0,2.9730772972106934,0,0
P29,416,6.0,3.673427104949951,1,0
P29,110,5.0,3.9815425872802734,1,0
P29,230,5.0,3.380812644958496,1,0
P29,229,5.0,3.3165130615234375,1,0
P29,312,4.0,3.4932360649108887,1,0
P29,211,3.0,3.803375244140625,0,0
P29,221,5.0,3.786562442779541,1,0
P29,202,3.0,3.554668426513672,0,0
P29,402,4.0,3.6986944675445557,1,0
P29,403,5.0,3.2659406661987305,1,0
P29,210,5.0,3.812659740447998,1,0
P29,105,2.0,3.277853488922119,0,0
P29,306,4.0,3.6409008502960205,1,0
P29,330,5.0,3.5759475231170654,1,0
P29,408,6.0,4.217202186584473,1,1
P29,106,2.0,3.341064453125,0,0
P29,407,4.0,3.507368564605713,1,0
P29,424,5.0,2.9102416038513184,1,0
P29,412,7.0,3.6349523067474365,1,0
P29,404,6.0,3.844277858734131,1,0
P29,121,4.0,3.547830104827881,1,0
P29,112,2.0,3.221402168273926,0,0
P29,420,4.0,3.560464382171631,1,0
P29,125,6.0,3.920222043991089,1,0
P29,224,6.0,3.6404404640197754,1,0
P29,122,2.0,4.623814105987549,0,1
P29,117,6.0,4.249600887298584,1,1
P29,417,5.0,3.794369697570801,1,0
P29,324,4.0,2.886276960372925,1,0
P29,213,6.0,4.051932334899902,1,1
P29,118,2.0,2.9739620685577393,0,0
P29,325,5.0,3.128830671310425,1,0
P29,409,5.0,3.085158109664917,1,0
P29,415,6.0,3.561659097671509,1,0
P29,304,2.0,3.241307020187378,0,0
P29,129,1.0,3.5520544052124023,0,0
P29,220,5.0,3.2895150184631348,1,0
P29,203,7.0,4.9083428382873535,1,1
P29,216,4.0,3.5281848907470703,1,0
P29,315,5.0,3.2237038612365723,1,0
P29,319,4.0,3.1222035884857178,1,0
P29,201,6.0,4.761281967163086,1,1
P29,425,5.0,3.760732650756836,1,0
P29,429,3.0,3.071294069290161,0,0
P29,108,6.0,3.884509801864624,1,0
P29,113,1.0,3.57392954826355,0,0
P29,316,3.0,3.6155478954315186,0,0
P29,104,3.0,3.529284954071045,0,0
P29,430,4.0,4.449220180511475,1,1
P29,318,4.0,4.070135593414307,1,1
P29,225,4.0,3.532409429550171,1,0
P29,322,3.0,3.9089913368225098,0,0
P29,206,5.0,2.9429588317871094,1,0
P29,426,6.0,3.1827540397644043,1,0
P29,130,5.0,3.64109468460083,1,0
P29,107,2.0,3.893791675567627,0,0
P29,309,3.0,3.6173577308654785,0,0
P29,427,5.0,4.037735462188721,1,1
P29,329,3.0,3.619053840637207,0,0
P29,405,4.0,4.202081680297852,1,1
P29,311,2.0,4.621593952178955,0,1
P29,303,3.0,4.130321502685547,0,1
P29,101,2.0,4.75225305557251,0,1
P29,320,2.0,3.891183376312256,0,0
P29,313,2.0,3.9451212882995605,0,0
P29,212,6.0,3.6787338256835938,1,0
P29,116,2.0,3.9365055561065674,0,0
P29,414,5.0,3.274552583694458,1,0
P29,308,4.0,4.285872936248779,1,1
P29,421,6.0,3.4849798679351807,1,0
P29,411,4.0,3.1165366172790527,1,0
P29,423,5.0,3.3465209007263184,1,0
P29,103,2.0,3.6053972244262695,0,0
P29,301,4.0,3.530155897140503,1,0
P29,321,4.0,3.7578954696655273,1,0
P29,222,6.0,3.317784309387207,1,0
P29,422,7.0,3.9421885013580322,1,0
P29,205,6.0,3.3783257007598877,1,0
P29,226,6.0,3.3445382118225098,1,0
P29,204,5.0,3.901744842529297,1,0
P29,317,3.0,3.233095169067383,0,0
P29,323,2.0,3.660611391067505,0,0
P29,310,3.0,4.438993453979492,0,1
P29,126,5.0,3.05464506149292,1,0
P29,124,2.0,3.501969337463379,0,0
P29,326,3.0,4.819703578948975,0,1
P29,328,5.0,3.6387276649475098,1,0
P29,207,4.0,3.575129985809326,1,0
P29,227,5.0,3.4530746936798096,1,0
P29,219,4.0,3.8976824283599854,1,0
P29,102,2.0,2.9725589752197266,0,0
P29,209,4.0,3.5152769088745117,1,0
P29,302,4.0,3.009901523590088,1,0
P29,123,3.0,3.3811473846435547,0,0
P29,214,5.0,3.558601140975952,1,0
P29,111,2.0,3.584444284439087,0,0
P29,215,6.0,3.889570713043213,1,0
P29,401,3.0,3.2939960956573486,0,0
P29,418,4.0,3.168728828430176,1,0
P29,114,2.0,3.1581225395202637,0,0
P29,127,3.0,4.800874710083008,0,1
P29,419,5.0,3.8273651599884033,1,0
P29,413,5.0,3.3986897468566895,1,0
P29,410,1.0,6.029651165008545,0,1
P29,217,5.0,4.0583319664001465,1,1
P29,228,5.0,3.138176918029785,1,0
P30,426,3.0,4.517474174499512,0,1
P30,322,5.0,4.6152567863464355,1,1
P30,127,5.0,4.9593000411987305,1,1
P30,115,3.0,4.814359188079834,0,1
P30,419,5.0,4.655107021331787,1,1
P30,327,2.0,4.421603679656982,0,1
P30,214,5.0,4.567466735839844,1,1
P30,305,4.0,4.892590522766113,1,1
P30,222,6.0,4.658337116241455,1,1
P30,104,5.0,4.805129528045654,1,1
P30,221,6.0,5.528886318206787,1,1
P30,218,6.0,5.2193603515625,1,1
P30,108,6.0,4.857368469238281,1,1
P30,124,2.0,4.786857604980469,0,1
P30,418,5.0,4.93945837020874,1,1
P30,119,3.0,5.227709770202637,0,1
P30,311,3.0,4.672359943389893,0,1
P30,415,5.0,4.996448993682861,1,1
P30,207,5.0,4.38541316986084,1,1
P30,225,5.0,4.92250919342041,1,1
P30,219,5.0,4.610700607299805,1,1
P30,408,5.0,4.445268154144287,1,1
P30,228,4.0,5.04265022277832,1,1
P30,329,5.0,4.9523820877075195,1,1
P30,111,2.0,5.237508773803711,0,1
P30,208,7.0,4.609580993652344,1,1
P30,424,4.0,4.915122032165527,1,1
P30,315,4.0,4.665257453918457,1,1
P30,220,7.0,4.59791898727417,1,1
P30,110,5.0,5.183206081390381,1,1
P30,101,5.0,5.001389503479004,1,1
P30,328,3.0,5.0788984298706055,0,1
P30,212,5.0,5.211557865142822,1,1
P30,321,4.0,5.210409164428711,1,1
P30,407,3.0,4.873312473297119,0,1
P30,129,1.0,4.7867279052734375,0,1
P30,213,6.0,4.771903991699219,1,1
P30,314,5.0,4.919502258300781,1,1
P30,117,3.0,5.45300817489624,0,1
P30,201,5.0,4.870353698730469,1,1
P30,118,1.0,5.057281494140625,0,1
P30,307,2.0,4.947543144226074,0,1
P30,130,5.0,5.03713321685791,1,1
P30,116,5.0,5.219217300415039,1,1
P30,416,5.0,4.759880542755127,1,1
P30,106,3.0,4.639875411987305,0,1
P30,318,5.0,4.8233962059021,1,1
P30,226,5.0,4.9774675369262695,1,1
P30,304,2.0,4.790859699249268,0,1
P30,202,3.0,4.809323310852051,0,1
P30,215,5.0,4.715981483459473,1,1
P30,401,3.0,4.94685173034668,0,1
P30,209,5.0,5.170096397399902,1,1
P30,308,1.0,4.762393951416016,0,1
P30,427,5.0,5.1595587730407715,1,1
P30,301,5.0,5.157857418060303,1,1
P30,412,5.0,4.619196891784668,1,1
P30,323,3.0,4.816173553466797,0,1
P30,414,5.0,4.360535621643066,1,1
P30,425,7.0,4.986819267272949,1,1
P30,303,3.0,4.336791038513184,0,1
P30,121,5.0,4.237635135650635,1,1
P30,409,5.0,4.327177047729492,1,1
P30,205,6.0,4.635880470275879,1,1
P30,114,1.0,4.713347434997559,0,1
P30,406,4.0,4.538965225219727,1,1
P30,120,6.0,4.5379767417907715,1,1
P30,312,5.0,4.801865577697754,1,1
P30,429,3.0,4.658156871795654,0,1
P30,102,3.0,4.527740955352783,0,1
P30,310,5.0,4.928523063659668,1,1
P30,210,4.0,4.632508277893066,1,1
P30,405,5.0,4.3972296714782715,1,1
P30,421,5.0,4.171131610870361,1,1
P30,430,3.0,4.479171276092529,0,1
P30,217,5.0,4.654311180114746,1,1
P30,325,4.0,4.843225002288818,1,1
P30,316,3.0,4.583531379699707,0,1
P30,413,4.0,4.990381240844727,1,1
P30,103,3.0,4.3936614990234375,0,1
P30,324,3.0,4.086472511291504,0,1
P30,229,6.0,4.211430072784424,1,1
P30,123,3.0,4.637168884277344,0,1
P30,107,4.0,4.518846035003662,1,1
P30,230,5.0,4.386361598968506,1,1
P30,109,1.0,5.184627532958984,0,1
P30,423,5.0,4.52345085144043,1,1
P30,105,3.0,4.944660186767578,0,1
P30,113,2.0,4.577853202819824,0,1
P30,326,5.0,4.486751556396484,1,1
P30,410,3.0,4.550887107849121,0,1
P30,216,5.0,4.772787570953369,1,1
P30,428,5.0,4.3190107345581055,1,1
P30,206,6.0,4.387273788452148,1,1
P30,122,3.0,4.935619831085205,0,1
P30,227,5.0,4.531341075897217,1,1
P30,404,5.0,5.197816371917725,1,1
P30,420,4.0,4.67912483215332,1,1
P30,126,5.0,4.629816055297852,1,1
P30,317,3.0,4.079954624176025,0,1
P30,203,6.0,4.261753559112549,1,1
P30,411,3.0,4.2264814376831055,0,1
P30,128,2.0,4.371741771697998,0,1
P30,417,4.0,4.050956726074219,1,1
P30,223,3.0,4.69435453414917,0,1
P30,319,3.0,4.670755863189697,0,1
P30,403,5.0,4.794339179992676,1,1
P30,313,3.0,4.288283348083496,0,1
P30,211,7.0,4.841965675354004,1,1
P30,330,5.0,4.995339870452881,1,1
P30,402,6.0,4.21004581451416,1,1
P30,112,3.0,4.546257495880127,0,1
P30,309,3.0,4.275394916534424,0,1
P30,224,5.0,4.647979259490967,1,1
P30,204,5.0,4.4962477684021,1,1
P30,320,3.0,4.454716682434082,0,1
P30,422,7.0,4.9361042976379395,1,1
P30,125,5.0,4.7894368171691895,1,1
P30,306,3.0,4.7510271072387695,0,1
P30,302,3.0,3.927851915359497,0,0
P31,208,4.0,3.670936346054077,1,0
P31,324,5.0,3.773127794265747,1,0
P31,214,3.0,3.9641494750976562,0,0
P31,304,2.0,3.9536778926849365,0,0
P31,409,3.0,3.7376768589019775,0,0
P31,120,2.0,4.199639797210693,0,1
P31,305,5.0,4.211526393890381,1,1
P31,312,3.0,4.0193586349487305,0,1
P31,103,3.0,3.980243444442749,0,0
P31,402,5.0,4.023016452789307,1,1
P31,207,3.0,4.894184112548828,0,1
P31,209,5.0,3.952003002166748,1,0
P31,107,1.0,3.6971099376678467,0,0
P31,104,3.0,4.056324481964111,0,1
P31,122,2.0,4.291020393371582,0,1
P31,307,5.0,3.918113946914673,1,0
P31,415,5.0,3.6907942295074463,1,0
P31,228,6.0,4.796184062957764,1,1
P31,127,7.0,3.6267006397247314,1,0
P31,328,4.0,3.912461996078491,1,0
P31,320,3.0,4.018428802490234,0,1
P31,110,2.0,5.2699503898620605,0,1
P31,301,3.0,3.8936240673065186,0,0
P31,414,5.0,4.4066243171691895,1,1
P31,212,5.0,3.830106019973755,1,0
P31,203,6.0,4.339807510375977,1,1
P31,102,3.0,4.0173163414001465,0,1
P31,313,1.0,4.250736713409424,0,1
P31,406,3.0,3.380404472351074,0,0
P31,227,6.0,4.948300361633301,1,1
P31,105,3.0,4.942656993865967,0,1
P31,411,3.0,3.803422212600708,0,0
P31,316,1.0,4.028881072998047,0,1
P31,419,5.0,3.607306718826294,1,0
P31,424,3.0,3.5819509029388428,0,0
P31,230,5.0,3.988327980041504,1,0
P31,113,5.0,4.02866268157959,1,1
P31,126,3.0,4.061642646789551,0,1
P31,407,5.0,3.7044761180877686,1,0
P31,216,7.0,5.049808025360107,1,1
P31,413,5.0,3.811352491378784,1,0
P31,130,5.0,4.62108850479126,1,1
P31,322,2.0,3.901688814163208,0,0
P31,306,3.0,4.14980936050415,0,1
P31,403,5.0,3.6179277896881104,1,0
P31,109,2.0,3.6480133533477783,0,0
P31,101,1.0,4.122778415679932,0,1
P31,205,3.0,4.238188743591309,0,1
P31,417,5.0,4.178796768188477,1,1
P31,211,7.0,3.845684051513672,1,0
P31,315,5.0,3.9987545013427734,1,0
P31,201,6.0,4.486939907073975,1,1
P31,410,1.0,4.359714984893799,0,1
P31,314,2.0,4.251631259918213,0,1
P31,219,5.0,3.8927292823791504,1,0
P31,206,3.0,3.6381044387817383,0,0
P31,210,3.0,4.237621307373047,0,1
P31,229,6.0,3.9166929721832275,1,0
P31,129,3.0,3.871689558029175,0,0
P31,425,6.0,4.089553356170654,1,1
P31,329,3.0,4.0798020362854,0,1
P31,218,6.0,3.2311062812805176,1,0
P31,418,5.0,4.103059768676758,1,1
P31,221,5.0,4.122885227203369,1,1
P31,302,3.0,3.8674046993255615,0,0
P31,204,5.0,4.144692420959473,1,1
P31,326,1.0,3.9892330169677734,0,0
P31,225,5.0,3.7286083698272705,1,0
P31,321,2.0,4.002394199371338,0,1
P31,318,5.0,4.018041133880615,1,1
P31,325,3.0,4.5431084632873535,0,1
P31,115,2.0,4.165014743804932,0,1
P31,112,2.0,4.282766819000244,0,1
P31,303,3.0,4.076591968536377,0,1
P31,202,5.0,4.1173224449157715,1,1
P31,428,6.0,3.901372194290161,1,0
P31,118,2.0,4.8873114585876465,0,1
P31,223,5.0,5.119656085968018,1,1
P31,405,5.0,4.184421539306641,1,1
P31,119,2.0,4.18048095703125,0,1
P31,128,5.0,4.0393967628479,1,1
P31,426,5.0,4.086825847625732,1,1
P31,421,6.0,5.065401077270508,1,1
P31,429,3.0,4.818341255187988,0,1
P31,124,3.0,4.69323205947876,0,1
P31,412,5.0,3.7680158615112305,1,0
P31,416,6.0,4.3803534507751465,1,1
P31,226,7.0,4.003093242645264,1,1
P31,323,3.0,4.383080959320068,0,1
P31,108,7.0,4.026460647583008,1,1
P31,319,3.0,4.149668216705322,0,1
P31,330,5.0,4.3946709632873535,1,1
P31,401,3.0,4.489038467407227,0,1
P31,222,6.0,4.38686990737915,1,1
P31,217,7.0,3.5784800052642822,1,0
P31,327,2.0,4.060323715209961,0,1
P31,311,2.0,4.351019859313965,0,1
P31,427,7.0,5.166736125946045,1,1
P31,310,3.0,3.7267098426818848,0,0
P31,116,3.0,4.20134973526001,0,1
P31,422,6.0,3.699821949005127,1,0
P31,430,3.0,4.182160377502441,0,1
P31,117,3.0,4.7700629234313965,0,1
P31,213,6.0,5.2185797691345215,1,1
P31,420,5.0,4.332587718963623,1,1
P31,121,3.0,3.977806806564331,0,0
P31,114,1.0,4.2707295417785645,0,1
P31,123,2.0,4.012441635131836,0,1
P31,423,5.0,4.021580696105957,1,1
P31,404,5.0,4.696013450622559,1,1
P31,125,3.0,4.574326038360596,0,1
P31,308,3.0,4.164836406707764,0,1
P31,309,3.0,4.488543510437012,0,1
P31,317,4.0,4.657977104187012,1,1
P31,111,2.0,3.887415647506714,0,0
P31,408,3.0,3.803070068359375,0,0
P31,106,1.0,3.721672773361206,0,0
P31,224,5.0,3.8362958431243896,1,0
P31,220,7.0,3.4875965118408203,1,0
P32,408,6.0,3.9473845958709717,1,0
P32,226,7.0,3.638852834701538,1,0
P32,426,5.0,3.63956356048584,1,0
P32,314,6.0,4.403041362762451,1,1
P32,207,4.0,4.040266036987305,1,1
P32,110,4.0,3.94079852104187,1,0
P32,115,4.0,4.030112266540527,1,1
P32,104,6.0,4.0119547843933105,1,1
P32,422,4.0,3.848062038421631,1,0
P32,302,4.0,4.273952007293701,1,1
P32,330,5.0,3.3346312046051025,1,0
P32,213,5.0,3.9334707260131836,1,0
P32,206,4.0,3.859144449234009,1,0
P32,229,4.0,4.147007942199707,1,1
P32,223,4.0,4.64626932144165,1,1
P32,220,5.0,3.896995782852173,1,0
P32,301,4.0,4.366556167602539,1,1
P32,409,4.0,3.370525598526001,1,0
P32,230,5.0,3.8503618240356445,1,0
P32,225,3.0,3.665354013442993,0,0
P32,123,5.0,4.30764627456665,1,1
P32,421,4.0,3.748537302017212,1,0
P32,219,5.0,3.933601140975952,1,0
P32,324,5.0,3.973503589630127,1,0
P32,205,4.0,4.073034763336182,1,1
P32,428,5.0,4.384314060211182,1,1
P32,116,5.0,3.9238803386688232,1,0
P32,309,3.0,3.3221983909606934,0,0
P32,415,3.0,3.7732601165771484,0,0
P32,405,4.0,3.8731577396392822,1,0
P32,312,5.0,3.5273287296295166,1,0
P32,327,6.0,4.085841178894043,1,1
P32,125,5.0,3.851445436477661,1,0
P32,107,6.0,3.847357988357544,1,0
P32,418,6.0,3.8514950275421143,1,0
P32,429,4.0,3.930873155593872,1,0
P32,311,4.0,3.9802401065826416,1,0
P32,228,4.0,3.93183970451355,1,0
P32,430,6.0,3.2806546688079834,1,0
P32,111,5.0,3.969505786895752,1,0
P32,411,5.0,3.754668951034546,1,0
P32,323,5.0,3.8594696521759033,1,0
P32,403,4.0,4.228646278381348,1,1
P32,304,4.0,4.084753513336182,1,1
P32,201,2.0,3.955396890640259,0,0
P32,221,5.0,4.00064754486084,1,1
P32,227,4.0,3.7023651599884033,1,0
P32,420,4.0,4.119836330413818,1,1
P32,320,5.0,4.002484321594238,1,1
P32,401,3.0,3.5419230461120605,0,0
P32,318,3.0,4.2828049659729,0,1
P32,128,4.0,3.6516008377075195,1,0
P32,120,5.0,3.9570236206054688,1,0
P32,328,5.0,3.626641035079956,1,0
P32,108,4.0,3.5123231410980225,1,0
P32,414,4.0,3.6168038845062256,1,0
P32,202,4.0,3.9781174659729004,1,0
P32,224,4.0,4.123431205749512,1,1
P32,122,5.0,3.880594491958618,1,0
P32,127,4.0,4.053455829620361,1,1
P32,216,4.0,4.464766025543213,1,1
P32,425,5.0,3.871831178665161,1,0
P32,410,5.0,4.26666784286499,1,1
P32,427,1.0,4.124472141265869,0,1
P32,310,4.0,4.2159247398376465,1,1
P32,322,5.0,3.9317572116851807,1,0
P32,424,5.0,3.831475257873535,1,0
P32,315,5.0,3.770836591720581,1,0
P32,305,4.0,5.2080864906311035,1,1
P32,114,4.0,3.860921859741211,1,0
P32,313,4.0,4.108667850494385,1,1
P32,215,5.0,4.018681049346924,1,1
P32,402,5.0,3.7270750999450684,1,0
P32,417,5.0,3.910060405731201,1,0
P32,129,4.0,4.016719818115234,1,1
P32,306,1.0,4.085780620574951,0,1
P32,106,4.0,4.200217247009277,1,1
P32,307,5.0,4.046235084533691,1,1
P32,423,4.0,3.5440776348114014,1,0
P32,214,4.0,3.342345714569092,1,0
P32,103,6.0,3.7954440116882324,1,0
P32,204,4.0,3.176628828048706,1,0
P32,412,4.0,4.060877323150635,1,1
P32,407,4.0,3.087290048599243,1,0
P32,413,4.0,4.055347442626953,1,1
P32,208,6.0,3.889326572418213,1,0
P32,211,5.0,3.9544107913970947,1,0
P32,316,5.0,3.463737726211548,1,0
P32,124,5.0,4.1103715896606445,1,1
P32,117,4.0,3.94321870803833,1,0
P32,105,4.0,3.6883671283721924,1,0
P32,217,4.0,4.094424247741699,1,1
P32,118,4.0,3.2254509925842285,1,0
P32,112,4.0,3.9148168563842773,1,0
P32,102,4.0,3.835808515548706,1,0
P32,404,5.0,3.713313579559326,1,0
P32,416,4.0,4.005134582519531,1,1
P32,119,4.0,3.5954482555389404,1,0
P32,209,3.0,3.8031556606292725,0,0
P32,113,5.0,3.9751198291778564,1,0
P32,319,5.0,3.1628081798553467,1,0
P32,329,4.0,5.521082401275635,1,1
P32,109,4.0,3.9553754329681396,1,0
P32,308,4.0,4.307197093963623,1,1
P32,203,5.0,3.789309501647949,1,0
P32,210,2.0,3.8106610774993896,0,0
P32,325,5.0,4.911588191986084,1,1
P32,326,4.0,4.547914028167725,1,1
P32,222,4.0,3.182915449142456,1,0
P32,317,3.0,3.434462308883667,0,0
P32,212,3.0,3.9003312587738037,0,0
P32,321,3.0,3.9972646236419678,0,0
P32,121,4.0,4.134419918060303,1,1
P32,419,4.0,4.021275043487549,1,1
P32,406,3.0,3.668952703475952,0,0
P32,101,4.0,3.927307605743408,1,0
P32,130,3.0,4.290403366088867,0,1
P32,126,3.0,3.862765312194824,0,0
P32,303,4.0,3.9658172130584717,1,0
P32,218,6.0,3.6579842567443848,1,0
P33,118,3.0,3.5765135288238525,0,0
P33,313,5.0,3.775416612625122,1,0
P33,428,2.0,3.195641279220581,0,0
P33,219,5.0,3.6067330837249756,1,0
P33,202,6.0,6.111613750457764,1,1
P33,203,6.0,2.7641313076019287,1,0
P33,402,5.0,2.9418299198150635,1,0
P33,427,6.0,2.9152724742889404,1,0
P33,123,1.0,3.3900814056396484,0,0
P33,211,7.0,4.591414451599121,1,1
P33,323,6.0,4.435499668121338,1,1
P33,225,6.0,3.5157487392425537,1,0
P33,424,4.0,3.278729200363159,1,0
P33,410,5.0,5.182427406311035,1,1
P33,303,2.0,3.698641061782837,0,0
P33,128,2.0,2.6857259273529053,0,0
P33,107,1.0,3.80655837059021,0,0
P33,108,6.0,4.773093223571777,1,1
P33,206,5.0,3.191027879714966,1,0
P33,204,6.0,3.7363288402557373,1,0
P33,216,6.0,3.462183713912964,1,0
P33,420,6.0,3.497140884399414,1,0
P33,207,6.0,3.116157293319702,1,0
P33,201,6.0,3.8259799480438232,1,0
P33,220,6.0,3.306241750717163,1,0
P33,210,5.0,3.8557333946228027,1,0
P33,127,5.0,3.141648054122925,1,0
P33,305,1.0,3.3029887676239014,0,0
P33,406,2.0,4.037087440490723,0,1
P33,114,6.0,3.4420740604400635,1,0
P33,110,6.0,4.802214622497559,1,1
P33,101,7.0,4.361911773681641,1,1
P33,407,5.0,4.447699546813965,1,1
P33,226,6.0,3.301542043685913,1,0
P33,326,5.0,3.579089403152466,1,0
P33,327,5.0,3.8687474727630615,1,0
P33,423,5.0,4.024440288543701,1,1
P33,209,3.0,3.6099560260772705,0,0
P33,103,5.0,4.143864154815674,1,1
P33,227,6.0,3.7883481979370117,1,0
P33,330,5.0,4.463049411773682,1,1
P33,115,5.0,5.278058052062988,1,1
P33,124,5.0,4.941944122314453,1,1
P33,317,5.0,3.4065475463867188,1,0
P33,405,4.0,4.317608833312988,1,1
P33,318,5.0,3.5872321128845215,1,0
P33,329,3.0,3.2569901943206787,0,0
P33,120,5.0,4.438716888427734,1,1
P33,401,3.0,3.6108930110931396,0,0
P33,228,6.0,4.092753887176514,1,1
P33,312,6.0,3.1697003841400146,1,0
P33,223,6.0,4.814444541931152,1,1
P33,416,6.0,2.9790849685668945,1,0
P33,217,6.0,3.9538891315460205,1,0
P33,430,1.0,3.1685705184936523,0,0
P33,222,6.0,3.428697109222412,1,0
P33,328,3.0,4.397047996520996,0,1
P33,321,6.0,3.591395616531372,1,0
P33,302,2.0,3.6435794830322266,0,0
P33,112,6.0,3.664165735244751,1,0
P33,308,2.0,4.246789932250977,0,1
P33,314,2.0,4.491454601287842,0,1
P33,129,6.0,3.6781656742095947,1,0
P33,106,2.0,3.360593557357788,0,0
P33,105,6.0,3.7204246520996094,1,0
P33,307,5.0,4.282147407531738,1,1
P33,412,5.0,3.6318938732147217,1,0
P33,304,4.0,3.451082468032837,1,0
P33,409,4.0,3.820244073867798,1,0
P33,411,4.0,3.156696319580078,1,0
P33,221,4.0,6.103288173675537,1,1
P33,316,4.0,2.9858028888702393,1,0
P33,414,4.0,3.066826581954956,1,0
P33,111,5.0,3.6926419734954834,1,0
P33,309,3.0,5.649860382080078,0,1
P33,224,6.0,3.306394577026367,1,0
P33,311,5.0,3.438070774078369,1,0
P33,116,5.0,2.8414652347564697,1,0
P33,213,5.0,4.398240089416504,1,1
P33,325,5.0,3.2171578407287598,1,0
P33,122,5.0,3.0834858417510986,1,0
P33,408,5.0,3.1589808464050293,1,0
P33,306,3.0,3.542536973953247,0,0
P33,102,1.0,4.123451232910156,0,1
P33,319,3.0,2.947787046432495,0,0
P33,104,3.0,3.3310933113098145,0,0
P33,417,3.0,3.5643651485443115,0,0
P33,324,2.0,3.3394429683685303,0,0
P33,413,3.0,3.108710289001465,0,0
P33,425,2.0,3.6051650047302246,0,0
P33,429,2.0,2.8083865642547607,0,0
P33,404,2.0,3.507418394088745,0,0
P33,301,2.0,3.739921808242798,0,0
P33,426,5.0,3.0595967769622803,1,0
P33,418,5.0,2.7350008487701416,1,0
P33,212,5.0,3.2107818126678467,1,0
P33,419,3.0,3.413369655609131,0,0
P33,421,5.0,3.4242899417877197,1,0
P33,229,5.0,2.4712073802948,1,0
P33,415,5.0,2.9183311462402344,1,0
P33,214,5.0,3.2861568927764893,1,0
P33,320,4.0,3.0691726207733154,1,0
P33,130,3.0,5.44278621673584,0,1
P33,205,5.0,3.6258163452148438,1,0
P33,218,5.0,3.9355719089508057,1,0
P33,125,6.0,3.5444390773773193,1,0
P33,230,6.0,3.1403145790100098,1,0
P33,215,6.0,4.078115463256836,1,1
P33,109,5.0,4.1874165534973145,1,1
P33,315,1.0,3.50368332862854,0,0
P33,322,5.0,3.113675117492676,1,0
P33,117,5.0,3.6127960681915283,1,0
P33,121,5.0,3.0693445205688477,1,0
P33,403,5.0,2.8191440105438232,1,0
P33,208,6.0,4.590455055236816,1,1
P33,422,6.0,3.4716603755950928,1,0
P33,126,5.0,3.130460500717163,1,0
P34,305,1.0,4.324947834014893,0,1
P34,122,5.0,4.409918308258057,1,1
P34,417,3.0,4.049427032470703,0,1
P34,429,2.0,4.552234172821045,0,1
P34,430,2.0,4.421698093414307,0,1
P34,301,3.0,4.1369309425354,0,1
P34,109,5.0,4.467893123626709,1,1
P34,420,6.0,4.407846927642822,1,1
P34,107,2.0,4.106847286224365,0,1
P34,211,6.0,3.572603702545166,1,0
P34,428,6.0,4.072077751159668,1,1
P34,226,6.0,4.188724994659424,1,1
P34,329,5.0,3.944098949432373,1,0
P34,212,5.0,3.9938480854034424,1,0
P34,220,6.0,4.02285099029541,1,1
P34,414,5.0,4.009759426116943,1,1
P34,411,2.0,4.766380786895752,0,1
P34,128,2.0,3.7337560653686523,0,0
P34,223,5.0,4.119378089904785,1,1
P34,308,4.0,4.017627716064453,1,1
P34,409,5.0,4.020841598510742,1,1
P34,419,5.0,4.182460308074951,1,1
P34,215,5.0,4.214945316314697,1,1
P34,216,5.0,3.9559452533721924,1,0
P34,326,3.0,4.018879413604736,0,1
P34,102,2.0,3.929874897003174,0,0
P34,421,6.0,4.217482089996338,1,1
P34,108,6.0,4.048374652862549,1,1
P34,418,5.0,3.8329272270202637,1,0
P34,208,7.0,4.1726508140563965,1,1
P34,106,1.0,5.42407751083374,0,1
P34,427,4.0,4.23804235458374,1,1
P34,224,5.0,4.2819976806640625,1,1
P34,310,5.0,4.183910846710205,1,1
P34,304,1.0,3.897117853164673,0,0
P34,219,5.0,4.370146751403809,1,1
P34,415,5.0,3.7752487659454346,1,0
P34,130,5.0,4.617668628692627,1,1
P34,324,4.0,4.608829021453857,1,1
P34,402,4.0,4.556864261627197,1,1
P34,312,5.0,4.62639045715332,1,1
P34,105,3.0,4.51411247253418,0,1
P34,116,6.0,4.3856377601623535,1,1
P34,318,4.0,4.375888347625732,1,1
P34,306,4.0,4.6772685050964355,1,1
P34,117,5.0,4.449461460113525,1,1
P34,425,6.0,4.393446922302246,1,1
P34,129,2.0,3.975940704345703,0,0
P34,307,6.0,4.144663333892822,1,1
P34,319,4.0,4.508204936981201,1,1
P34,325,3.0,4.274551868438721,0,1
P34,214,5.0,4.721342086791992,1,1
P34,403,5.0,5.1499104499816895,1,1
P34,316,3.0,4.237706661224365,0,1
P34,321,5.0,4.17039680480957,1,1
P34,114,1.0,4.032783508300781,0,1
P34,119,3.0,4.113190174102783,0,1
P34,217,7.0,4.3347930908203125,1,1
P34,412,6.0,4.452818393707275,1,1
P34,323,5.0,4.303305149078369,1,1
P34,230,6.0,4.751074314117432,1,1
P34,317,4.0,3.2569429874420166,1,0
P34,314,4.0,4.125541687011719,1,1
P34,423,4.0,4.4621710777282715,1,1
P34,413,5.0,3.784398078918457,1,0
P34,209,6.0,4.365861415863037,1,1
P34,127,6.0,4.734492778778076,1,1
P34,204,6.0,4.068201065063477,1,1
P34,302,4.0,4.110745429992676,1,1
P34,218,6.0,4.4643025398254395,1,1
P34,404,5.0,5.788424968719482,1,1
P34,410,1.0,4.02202033996582,0,1
P34,313,3.0,4.220895290374756,0,1
P34,205,6.0,4.723771572113037,1,1
P34,222,6.0,3.9280145168304443,1,0
P34,406,1.0,4.062976837158203,0,1
P34,401,5.0,4.121451377868652,1,1
P34,327,5.0,4.218394756317139,1,1
P34,320,4.0,4.275439739227295,1,1
P34,315,3.0,4.28127908706665,0,1
P34,424,5.0,4.120560169219971,1,1
P34,322,3.0,4.109012126922607,0,1
P34,407,5.0,4.468027114868164,1,1
P34,328,5.0,4.471598148345947,1,1
P34,120,6.0,3.877181053161621,1,0
P34,408,6.0,4.052947044372559,1,1
P34,206,5.0,4.078424453735352,1,1
P34,125,6.0,4.333645343780518,1,1
P34,115,2.0,4.558848857879639,0,1
P34,111,1.0,3.888698101043701,0,0
P34,221,6.0,4.569049835205078,1,1
P34,303,1.0,4.3262200355529785,0,1
P34,210,5.0,3.796442985534668,1,0
P34,104,6.0,4.501899242401123,1,1
P34,118,2.0,3.7226219177246094,0,0
P34,112,2.0,4.737084865570068,0,1
P34,103,2.0,4.184654235839844,0,1
P34,207,5.0,4.2542405128479,1,1
P34,330,7.0,5.247471809387207,1,1
P34,229,7.0,3.952727794647217,1,0
P34,110,6.0,4.376834392547607,1,1
P34,426,6.0,4.185705184936523,1,1
P34,101,2.0,4.166395664215088,0,1
P34,422,7.0,4.3726959228515625,1,1
P34,124,1.0,4.477189064025879,0,1
P34,309,2.0,4.151265621185303,0,1
P34,227,4.0,3.9310710430145264,1,0
P34,121,4.0,4.592750549316406,1,1
P34,416,5.0,4.253827095031738,1,1
P34,126,6.0,4.5720295906066895,1,1
P34,228,6.0,4.219103813171387,1,1
P34,113,2.0,3.9763295650482178,0,0
P34,213,5.0,4.029820442199707,1,1
P34,123,5.0,4.448071002960205,1,1
P34,201,5.0,4.347484588623047,1,1
P35,123,4.0,2.8340003490448,1,0
P35,209,2.0,3.434605836868286,0,0
P35,430,3.0,3.042940616607666,0,0
P35,104,3.0,3.4836816787719727,0,0
P35,306,5.0,3.159041166305542,1,0
P35,410,3.0,3.031118154525757,0,0
P35,128,2.0,3.6830332279205322,0,0
P35,403,5.0,3.2906596660614014,1,0
P35,308,6.0,3.5494465827941895,1,0
P35,201,6.0,3.0095202922821045,1,0
P35,326,5.0,3.4263291358947754,1,0
P35,111,7.0,3.5829739570617676,1,0
P35,110,7.0,3.6933820247650146,1,0
P35,221,7.0,3.772505283355713,1,0
P35,311,4.0,3.6129539012908936,1,0
P35,304,5.0,3.1709482669830322,1,0
P35,316,5.0,3.1272318363189697,1,0
P35,415,4.0,3.1974217891693115,1,0
P35,414,5.0,3.254209041595459,1,0
P35,309,2.0,3.4785072803497314,0,0
P35,223,5.0,3.790957450866699,1,0
P35,117,5.0,3.1831281185150146,1,0
P35,112,5.0,2.9868714809417725,1,0
P35,109,6.0,3.5023882389068604,1,0
P35,313,5.0,3.6132771968841553,1,0
P35,217,7.0,3.214343309402466,1,0
P35,418,5.0,3.3148064613342285,1,0
P35,330,5.0,3.9087235927581787,1,0
P35,215,7.0,3.164968252182007,1,0
P35,315,5.0,3.239483594894409,1,0
P35,317,5.0,4.072213649749756,1,1
P35,224,3.0,3.6134560108184814,0,0
P35,428,6.0,3.4823129177093506,1,0
P35,325,3.0,3.7477877140045166,0,0
P35,401,4.0,3.3687970638275146,1,0
P35,205,7.0,3.2982914447784424,1,0
P35,230,3.0,3.6143569946289062,0,0
P35,124,5.0,3.846041440963745,1,0
P35,419,4.0,3.4123997688293457,1,0
P35,204,6.0,3.7023777961730957,1,0
P35,121,3.0,3.4885501861572266,0,0
P35,426,3.0,3.614219903945923,0,0
P35,420,5.0,4.238052845001221,1,1
P35,303,5.0,3.846586227416992,1,0
P35,220,5.0,3.756340265274048,1,0
P35,102,3.0,3.754779100418091,0,0
P35,227,7.0,3.4965107440948486,1,0
P35,301,2.0,3.8435192108154297,0,0
P35,206,2.0,3.3916454315185547,0,0
P35,421,5.0,3.485987424850464,1,0
P35,310,4.0,3.413867235183716,1,0
P35,327,6.0,3.9196550846099854,1,0
P35,116,4.0,2.916424036026001,1,0
P35,404,7.0,3.951856851577759,1,0
P35,314,4.0,3.663322687149048,1,0
P35,130,3.0,3.4888713359832764,0,0
P35,127,5.0,4.197840213775635,1,1
P35,107,6.0,3.3195302486419678,1,0
P35,417,3.0,3.5898406505584717,0,0
P35,120,7.0,3.3769922256469727,1,0
P35,408,3.0,3.403442621231079,0,0
P35,328,3.0,4.000394344329834,0,1
P35,305,3.0,3.0987892150878906,0,0
P35,211,6.0,3.4790279865264893,1,0
P35,319,3.0,3.580374240875244,0,0
P35,108,4.0,3.6438148021698,1,0
P35,427,3.0,4.106802463531494,0,1
P35,105,6.0,3.586743116378784,1,0
P35,416,5.0,3.4044625759124756,1,0
P35,222,7.0,3.652540922164917,1,0
P35,407,5.0,3.8527767658233643,1,0
P35,413,4.0,3.5515291690826416,1,0
P35,203,4.0,3.8881237506866455,1,0
P35,207,5.0,3.3711354732513428,1,0
P35,113,2.0,3.6256511211395264,0,0
P35,225,5.0,3.9577910900115967,1,0
P35,323,3.0,3.6125950813293457,0,0
P35,212,5.0,3.5037147998809814,1,0
P35,412,5.0,3.574530839920044,1,0
P35,118,5.0,3.6194911003112793,1,0
P35,324,5.0,3.396939992904663,1,0
P35,101,6.0,3.9292123317718506,1,0
P35,214,5.0,3.651092767715454,1,0
P35,202,3.0,3.691112756729126,0,0
P35,424,5.0,3.3959174156188965,1,0
P35,122,7.0,3.448601245880127,1,0
P35,423,2.0,4.722429275512695,0,1
P35,103,3.0,3.3429114818573,0,0
P35,312,2.0,3.3043079376220703,0,0
P35,320,6.0,3.554365873336792,1,0
P35,216,2.0,3.355266571044922,0,0
P35,406,2.0,3.1552786827087402,0,0
P35,422,7.0,3.633054733276367,1,0
P35,106,6.0,3.359449625015259,1,0
P35,114,7.0,3.501132011413574,1,0
P35,411,3.0,3.3380444049835205,0,0
P35,213,2.0,3.6378893852233887,0,0
P35,307,5.0,3.292872428894043,1,0
P35,329,5.0,4.031352519989014,1,1
P35,226,4.0,3.4599788188934326,1,0
P35,302,2.0,3.7680275440216064,0,0
P35,218,7.0,3.514570474624634,1,0
P35,409,3.0,3.7727725505828857,0,0
P35,405,5.0,3.666607141494751,1,0
P35,318,2.0,3.7293713092803955,0,0
P35,429,5.0,3.7401442527770996,1,0
P35,129,6.0,3.5845885276794434,1,0
P35,402,1.0,3.5065114498138428,0,0
P35,228,2.0,3.469052314758301,0,0
P35,229,5.0,3.405322790145874,1,0
P35,115,6.0,3.6489245891571045,1,0
P35,119,5.0,4.063364505767822,1,1
P35,125,7.0,3.1946864128112793,1,0
P35,126,7.0,3.5186827182769775,1,0
P36,408,5.0,4.141800403594971,1,1
P36,230,5.0,4.642113208770752,1,1
P36,202,5.0,4.711175441741943,1,1
P36,208,7.0,4.200806140899658,1,1
P36,301,2.0,5.182052135467529,0,1
P36,122,4.0,3.9249401092529297,1,0
P36,418,4.0,4.147092342376709,1,1
P36,329,2.0,3.7541136741638184,0,0
P36,211,5.0,3.9904978275299072,1,0
P36,312,5.0,4.000369071960449,1,1
P36,420,5.0,3.6306421756744385,1,0
P36,216,5.0,3.5645477771759033,1,0
P36,210,2.0,3.52315092086792,0,0
P36,109,6.0,4.543047904968262,1,1
P36,327,5.0,3.4851150512695312,1,0
P36,304,5.0,4.219192028045654,1,1
P36,402,3.0,3.4376845359802246,0,0
P36,315,5.0,4.473634243011475,1,1
P36,311,5.0,5.467118740081787,1,1
P36,406,5.0,4.317641258239746,1,1
P36,310,5.0,3.988741397857666,1,0
P36,422,6.0,5.084483623504639,1,1
P36,423,3.0,3.9817557334899902,0,0
P36,123,3.0,4.214664459228516,0,1
P36,428,2.0,3.870755195617676,0,0
P36,117,5.0,5.167587757110596,1,1
P36,323,6.0,4.258488178253174,1,1
P36,409,5.0,4.119618892669678,1,1
P36,218,7.0,3.475198984146118,1,0
P36,330,6.0,4.402758598327637,1,1
P36,204,4.0,4.373062610626221,1,1
P36,225,6.0,4.491661548614502,1,1
P36,405,5.0,4.509912014007568,1,1
P36,414,3.0,4.189765453338623,0,1
P36,111,6.0,4.610411643981934,1,1
P36,222,6.0,4.162425994873047,1,1
P36,121,6.0,4.316893100738525,1,1
P36,320,6.0,4.5104451179504395,1,1
P36,227,3.0,3.879957675933838,0,0
P36,113,5.0,4.011170864105225,1,1
P36,125,6.0,4.012402534484863,1,1
P36,104,6.0,3.8770322799682617,1,0
P36,221,6.0,4.026623725891113,1,1
P36,325,5.0,3.7709696292877197,1,0
P36,205,6.0,4.114290714263916,1,1
P36,403,5.0,4.496317386627197,1,1
P36,112,5.0,4.27302885055542,1,1
P36,105,6.0,4.428792476654053,1,1
P36,413,6.0,4.629878520965576,1,1
P36,119,6.0,4.074699878692627,1,1
P36,120,7.0,3.991581439971924,1,0
P36,316,5.0,3.9753756523132324,1,0
P36,209,6.0,3.8730831146240234,1,0
P36,129,6.0,4.742795467376709,1,1
P36,116,6.0,3.8082222938537598,1,0
P36,128,6.0,5.134030342102051,1,1
P36,419,5.0,3.807938575744629,1,0
P36,213,7.0,4.304075241088867,1,1
P36,410,6.0,4.637478351593018,1,1
P36,228,6.0,3.702782154083252,1,0
P36,424,3.0,3.8344316482543945,0,0
P36,212,5.0,5.136305332183838,1,1
P36,412,3.0,3.543898820877075,0,0
P36,130,5.0,4.0402116775512695,1,1
P36,220,6.0,5.0836052894592285,1,1
P36,201,6.0,4.203689098358154,1,1
P36,226,6.0,3.9668688774108887,1,0
P36,124,1.0,4.331118583679199,0,1
P36,110,2.0,4.170090198516846,0,1
P36,427,5.0,3.579941749572754,1,0
P36,319,3.0,5.333727836608887,0,1
P36,425,6.0,3.7620582580566406,1,0
P36,215,5.0,3.947148323059082,1,0
P36,411,1.0,4.958554267883301,0,1
P36,317,2.0,4.19172477722168,0,1
P36,114,1.0,5.251305103302002,0,1
P36,306,3.0,4.290499687194824,0,1
P36,107,6.0,3.8674938678741455,1,0
P36,219,5.0,3.912194013595581,1,0
P36,321,1.0,3.6977810859680176,0,0
P36,101,6.0,3.7602951526641846,1,0
P36,415,5.0,4.208688259124756,1,1
P36,313,5.0,3.8242340087890625,1,0
P36,426,4.0,3.972883462905884,1,0
P36,326,6.0,4.220993518829346,1,1
P36,127,5.0,4.567046642303467,1,1
P36,224,6.0,3.8974223136901855,1,0
P36,303,5.0,3.506816864013672,1,0
P36,305,1.0,3.677121639251709,0,0
P36,302,1.0,3.8236584663391113,0,0
P36,421,5.0,4.098258018493652,1,1
P36,307,5.0,3.737053394317627,1,0
P36,207,5.0,4.103544235229492,1,1
P36,308,3.0,3.4331178665161133,0,0
P36,223,6.0,3.499724864959717,1,0
P36,115,6.0,4.867672443389893,1,1
P36,118,5.0,3.4146361351013184,1,0
P36,206,5.0,4.373388767242432,1,1
P36,309,5.0,3.839053153991699,1,0
P36,404,5.0,4.069140911102295,1,1
P36,229,6.0,4.189505100250244,1,1
P36,217,6.0,5.01936149597168,1,1
P37,328,3.0,4.684600830078125,0,1
P37,207,5.0,4.141972064971924,1,1
P37,214,6.0,4.855520248413086,1,1
P37,311,2.0,4.971939563751221,0,1
P37,324,4.0,4.468410491943359,1,1
P37,128,4.0,4.9612507820129395,1,1
P37,411,3.0,4.606783390045166,0,1
P37,113,4.0,4.446866989135742,1,1
P37,405,7.0,4.861213684082031,1,1
P37,115,4.0,4.294584274291992,1,1
P37,215,6.0,4.6142377853393555,1,1
P37,418,5.0,4.707350254058838,1,1
P37,327,4.0,5.123073101043701,1,1
P37,109,4.0,4.384653091430664,1,1
P37,307,4.0,4.162034511566162,1,1
P37,224,6.0,4.4223480224609375,1,1
P37,406,4.0,4.516170501708984,1,1
P37,116,4.0,4.193429946899414,1,1
P37,310,6.0,4.35968017578125,1,1
P37,317,4.0,4.5985212326049805,1,1
P37,226,6.0,4.480463027954102,1,1
P37,210,4.0,4.626039505004883,1,1
P37,101,2.0,4.475781440734863,0,1
P37,318,4.0,4.652933120727539,1,1
P37,219,4.0,4.99266242980957,1,1
P37,202,4.0,5.331394195556641,1,1
P37,220,5.0,4.590927600860596,1,1
P37,204,4.0,4.609255790710449,1,1
P37,304,3.0,4.701648712158203,0,1
P37,111,4.0,5.075526714324951,1,1
P37,403,4.0,4.762328147888184,1,1
P37,417,4.0,4.9572343826293945,1,1
P37,108,4.0,5.171550750732422,1,1
P37,127,5.0,4.918947219848633,1,1
P37,322,4.0,5.135262966156006,1,1
P37,102,4.0,4.9711384773254395,1,1
P37,426,4.0,5.193955421447754,1,1
P37,409,4.0,5.012941360473633,1,1
P37,410,3.0,5.165140628814697,0,1
P37,227,5.0,4.876102447509766,1,1
P37,415,6.0,4.874200820922852,1,1
P37,119,4.0,4.828496932983398,1,1
P37,121,4.0,5.120391845703125,1,1
P37,404,6.0,5.370058059692383,1,1
P37,413,5.0,5.296024322509766,1,1
P37,422,6.0,4.843554496765137,1,1
P37,401,4.0,5.271173477172852,1,1
P37,306,4.0,5.114049911499023,1,1
P37,229,4.0,5.052639007568359,1,1
P37,222,5.0,5.465914726257324,1,1
P37,316,4.0,5.064635276794434,1,1
P37,122,3.0,4.870354652404785,0,1
P37,419,5.0,5.331744194030762,1,1
P37,106,3.0,5.230465888977051,0,1
P37,206,5.0,4.759787559509277,1,1
P37,315,4.0,5.072870254516602,1,1
P37,230,5.0,5.3701066970825195,1,1
P37,302,4.0,5.290484428405762,1,1
P37,408,4.0,5.31636905670166,1,1
P37,208,5.0,5.047743320465088,1,1
P37,118,4.0,5.238356113433838,1,1
P37,323,4.0,5.170506954193115,1,1
P37,414,4.0,4.808140754699707,1,1
P37,319,4.0,4.96303653717041,1,1
P37,221,7.0,5.218216896057129,1,1
P37,423,4.0,4.636198043823242,1,1
P37,429,4.0,4.654150485992432,1,1
P37,425,5.0,5.002158164978027,1,1
P37,312,4.0,5.024939060211182,1,1
P37,126,4.0,5.1472625732421875,1,1
P37,412,4.0,5.141386032104492,1,1
P37,130,4.0,4.506277561187744,1,1
P37,228,6.0,4.976334571838379,1,1
P37,124,4.0,4.795705318450928,1,1
P37,313,3.0,4.575283050537109,0,1
P37,326,3.0,4.465907096862793,0,1
P37,212,3.0,4.625966548919678,0,1
P37,303,5.0,4.503200531005859,1,1
P37,309,3.0,4.829268932342529,0,1
P37,107,1.0,4.666082859039307,0,1
P37,329,2.0,4.687362194061279,0,1
P37,427,5.0,5.016722679138184,1,1
P37,120,5.0,5.030675888061523,1,1
P37,225,5.0,5.021944999694824,1,1
P37,114,1.0,4.569178581237793,0,1
P37,428,4.0,4.802850723266602,1,1
P37,129,2.0,4.78434944152832,0,1
P37,209,4.0,4.983120441436768,1,1
P37,105,3.0,4.94170618057251,0,1
P37,320,4.0,4.7368927001953125,1,1
P37,103,4.0,4.844168663024902,1,1
P37,201,4.0,4.994183540344238,1,1
P37,205,7.0,5.1616315841674805,1,1
P37,321,5.0,5.680206775665283,1,1
P37,407,6.0,5.190583229064941,1,1
P37,217,7.0,5.208329200744629,1,1
P37,123,4.0,4.588951110839844,1,1
P37,104,1.0,4.580565929412842,0,1
P37,110,4.0,5.096255302429199,1,1
P37,325,4.0,5.0358381271362305,1,1
P37,218,6.0,5.159255027770996,1,1
P37,402,4.0,4.616880893707275,1,1
P37,330,4.0,4.23351526260376,1,1
P37,125,4.0,4.757514953613281,1,1
P37,421,5.0,4.90080451965332,1,1
P37,420,6.0,4.907527446746826,1,1
P37,117,4.0,4.8513569831848145,1,1
P38,407,3.0,3.4088168144226074,0,0
P38,413,5.0,3.469541549682617,1,0
P38,124,6.0,3.5719847679138184,1,0
P38,119,6.0,3.7765212059020996,1,0
P38,217,5.0,3.2265090942382812,1,0
P38,425,5.0,3.588162422180176,1,0
P38,414,5.0,3.325772285461426,1,0
P38,116,2.0,3.8191518783569336,0,0
P38,424,4.0,3.178579568862915,1,0
P38,112,5.0,3.463630199432373,1,0
P38,201,2.0,3.776906967163086,0,0
P38,306,4.0,3.664851665496826,1,0
P38,328,4.0,3.6371803283691406,1,0
P38,108,2.0,3.366137742996216,0,0
P38,103,2.0,3.2566041946411133,0,0
P38,223,3.0,3.5756959915161133,0,0
P38,125,5.0,3.698019027709961,1,0
P38,410,2.0,3.853328227996826,0,0
P38,128,2.0,3.440600872039795,0,0
P38,319,3.0,3.659656524658203,0,0
P38,115,3.0,3.8837475776672363,0,0
P38,228,4.0,3.356184959411621,1,0
P38,401,4.0,3.7983334064483643,1,0
P38,327,2.0,3.7995400428771973,0,0
P38,127,3.0,3.4349417686462402,0,0
P38,426,2.0,3.2066197395324707,0,0
P38,202,3.0,3.5879931449890137,0,0
P38,318,4.0,3.2593839168548584,1,0
P38,322,2.0,3.157482385635376,0,0
P38,408,5.0,3.4114105701446533,1,0
P38,230,6.0,3.6345818042755127,1,0
P38,324,4.0,3.751619815826416,1,0
P38,313,3.0,3.896752119064331,0,0
P38,215,5.0,4.25336217880249,1,1
P38,110,5.0,3.6419689655303955,1,0
P38,111,2.0,3.4637949466705322,0,0
P38,121,5.0,3.885040521621704,1,0
P38,225,5.0,3.555583953857422,1,0
P38,308,6.0,3.457218647003174,1,0
P38,402,6.0,4.152296543121338,1,1
P38,203,6.0,3.7110419273376465,1,0
P38,227,6.0,3.3180737495422363,1,0
P38,416,6.0,3.391453266143799,1,0
P38,229,6.0,4.420616149902344,1,1
P38,204,3.0,3.748568058013916,0,0
P38,304,3.0,3.733157157897949,0,0
P38,314,2.0,4.569076061248779,0,1
P38,421,5.0,4.276704788208008,1,1
P38,302,3.0,3.706273317337036,0,0
P38,106,2.0,3.5121803283691406,0,0
P38,415,6.0,3.656165599822998,1,0
P38,104,6.0,3.597977638244629,1,0
P38,428,4.0,3.512763023376465,1,0
P38,417,6.0,3.8904762268066406,1,0
P38,209,5.0,3.457916259765625,1,0
P38,420,5.0,3.6214561462402344,1,0
P38,325,3.0,3.638522148132324,0,0
P38,207,6.0,3.7375245094299316,1,0
P38,218,6.0,3.7082200050354004,1,0
P38,311,2.0,4.0372700691223145,0,1
P38,423,5.0,4.017792224884033,1,1
P38,406,3.0,3.5187950134277344,0,0
P38,226,4.0,3.5950307846069336,1,0
P38,329,3.0,4.427917957305908,0,1
P38,409,5.0,3.436877727508545,1,0
P38,310,6.0,3.8128161430358887,1,0
P38,321,2.0,3.844475030899048,0,0
P38,216,6.0,4.370157718658447,1,1
P38,326,3.0,3.09319806098938,0,0
P38,113,2.0,3.8141698837280273,0,0
P38,404,6.0,4.167552947998047,1,1
P38,120,5.0,3.7267446517944336,1,0
P38,405,6.0,3.5564568042755127,1,0
P38,224,5.0,3.768307685852051,1,0
P38,107,3.0,4.149956703186035,0,1
P38,129,2.0,3.669555902481079,0,0
P38,205,5.0,3.537851333618164,1,0
P38,320,2.0,3.504944324493408,0,0
P38,403,5.0,3.7457165718078613,1,0
P38,118,3.0,3.983543872833252,0,0
P38,301,5.0,4.58735466003418,1,1
P38,109,2.0,3.879042863845825,0,0
P38,213,6.0,3.440922737121582,1,0
P38,221,6.0,3.6886632442474365,1,0
P38,220,3.0,4.157661437988281,0,1
P38,102,2.0,3.7207183837890625,0,0
P38,101,1.0,3.7432303428649902,0,0
P38,429,4.0,4.705041885375977,1,1
P38,309,4.0,3.332956552505493,1,0
P38,123,5.0,3.7398438453674316,1,0
P38,214,5.0,3.7469215393066406,1,0
P38,412,5.0,3.289435386657715,1,0
P38,114,2.0,4.283734321594238,0,1
P38,212,6.0,3.9078683853149414,1,0
P38,130,6.0,3.737795829772949,1,0
P38,430,2.0,3.57100772857666,0,0
P38,312,5.0,3.7024545669555664,1,0
P38,422,6.0,3.9210638999938965,1,0
P38,411,3.0,3.957930564880371,0,0
P38,206,5.0,3.8546178340911865,1,0
P38,211,6.0,3.7267730236053467,1,0
P38,323,2.0,3.6861095428466797,0,0
P38,208,7.0,3.824336290359497,1,0
P38,122,2.0,4.142972946166992,0,1
P38,330,3.0,3.7606701850891113,0,0
P38,418,5.0,4.4300947189331055,1,1
P38,222,6.0,4.105889797210693,1,1
P38,219,3.0,4.083815574645996,0,1
P38,117,5.0,3.868706703186035,1,0
P38,427,7.0,3.9189612865448,1,0
P38,307,6.0,4.750632286071777,1,1
P38,305,2.0,3.78556489944458,0,0
P38,315,5.0,3.8255765438079834,1,0
P38,105,2.0,3.7268614768981934,0,0
P38,210,6.0,3.61430287361145,1,0
P38,316,3.0,4.1926774978637695,0,1
P38,317,3.0,4.004052639007568,0,1
P38,419,5.0,3.4468393325805664,1,0
P38,303,3.0,3.935967445373535,0,0
P38,126,6.0,3.784503221511841,1,0
P39,126,3.0,3.5544521808624268,0,0
P39,312,3.0,3.3355562686920166,0,0
P39,120,4.0,3.113919496536255,1,0
P39,413,4.0,3.6929705142974854,1,0
P39,424,1.0,3.7548329830169678,0,0
P39,310,1.0,2.9369027614593506,0,0
P39,307,2.0,3.1132919788360596,0,0
P39,210,3.0,3.00398588180542,0,0
P39,112,2.0,2.855509042739868,0,0
P39,313,1.0,2.793429374694824,0,0
P39,407,5.0,3.0398528575897217,1,0
P39,426,6.0,2.9104981422424316,1,0
P39,315,1.0,3.8461339473724365,0,0
P39,311,1.0,3.375714063644409,0,0
P39,122,1.0,3.2933902740478516,0,0
P39,412,2.0,2.964642286300659,0,0
P39,114,1.0,3.1484334468841553,0,0
P39,116,1.0,3.6960244178771973,0,0
P39,319,1.0,2.9659852981567383,0,0
P39,316,1.0,3.1124348640441895,0,0
P39,430,1.0,3.263453722000122,0,0
P39,406,1.0,3.2648022174835205,0,0
P39,328,4.0,2.7251484394073486,1,0
P39,113,1.0,3.1030068397521973,0,0
P39,427,3.0,3.0841543674468994,0,0
P39,324,1.0,3.106099843978882,0,0
P39,204,1.0,3.168999433517456,0,0
P39,107,1.0,3.594667673110962,0,0
P39,130,2.0,3.445495843887329,0,0
P39,302,1.0,3.4248814582824707,0,0
P39,425,3.0,3.0760185718536377,0,0
P39,317,2.0,3.682509183883667,0,0
P39,119,1.0,3.6119818687438965,0,0
P39,429,1.0,3.258859157562256,0,0
P39,212,3.0,3.5388383865356445,0,0
P39,225,1.0,3.572861909866333,0,0
P39,206,2.0,2.9301700592041016,0,0
P39,223,1.0,3.35433030128479,0,0
P39,121,2.0,3.661240339279175,0,0
P39,222,2.0,3.068215847015381,0,0
P39,123,2.0,3.319207191467285,0,0
P39,414,1.0,3.4597041606903076,0,0
P39,111,3.0,3.3212201595306396,0,0
P39,219,1.0,3.368978500366211,0,0
P39,309,1.0,3.1909019947052,0,0
P39,326,1.0,3.357717514038086,0,0
P39,402,3.0,3.288649320602417,0,0
P39,110,3.0,3.370760679244995,0,0
P39,401,3.0,3.5087053775787354,0,0
P39,221,2.0,3.3342807292938232,0,0
P39,428,3.0,3.021688938140869,0,0
P39,301,1.0,3.3165905475616455,0,0
P39,322,2.0,3.3741934299468994,0,0
P39,330,2.0,2.9485318660736084,0,0
P39,327,3.0,2.825845956802368,0,0
P39,201,4.0,2.9124765396118164,1,0
P39,226,2.0,3.4578027725219727,0,0
P39,422,4.0,3.372419595718384,1,0
P39,207,5.0,3.5395166873931885,1,0
P39,109,2.0,3.482030153274536,0,0
P39,418,1.0,2.954901933670044,0,0
P39,102,2.0,2.93229079246521,0,0
P39,105,1.0,3.3540873527526855,0,0
P39,329,1.0,3.5930964946746826,0,0
P39,224,2.0,3.479781150817871,0,0
P39,320,1.0,3.0812394618988037,0,0
P39,217,3.0,3.174638271331787,0,0
P39,423,5.0,3.0217792987823486,1,0
P39,421,3.0,3.074409008026123,0,0
P39,325,1.0,3.39239239692688,0,0
P39,318,1.0,2.940849781036377,0,0
P39,103,3.0,3.0900418758392334,0,0
P39,216,1.0,3.1900758743286133,0,0
P39,118,1.0,2.966615915298462,0,0
P39,205,1.0,3.2302329540252686,0,0
P39,218,2.0,3.7307093143463135,0,0
P39,104,2.0,3.43845272064209,0,0
P39,115,1.0,3.3100717067718506,0,0
P39,417,1.0,3.3145289421081543,0,0
P39,220,5.0,3.027756690979004,1,0
P39,208,6.0,3.3331825733184814,1,0
P39,415,4.0,3.293470621109009,1,0
P39,409,2.0,2.9247732162475586,0,0
P39,229,3.0,3.1843185424804688,0,0
P39,405,4.0,2.9879326820373535,1,0
P39,127,3.0,3.332869529724121,0,0
P39,124,3.0,2.9970529079437256,0,0
P39,209,1.0,3.286808729171753,0,0
P39,420,2.0,3.0683748722076416,0,0
P39,108,1.0,3.2346112728118896,0,0
P39,213,2.0,3.345468282699585,0,0
P39,321,1.0,3.0106465816497803,0,0
P39,416,2.0,3.457305669784546,0,0
P39,314,1.0,3.5445590019226074,0,0
P39,228,1.0,3.2905428409576416,0,0
P39,117,2.0,2.998422861099243,0,0
P39,410,1.0,2.9847023487091064,0,0
P39,215,1.0,3.3122971057891846,0,0
P39,101,3.0,2.9857449531555176,0,0
P39,304,1.0,3.149304151535034,0,0
P39,419,1.0,3.1657135486602783,0,0
P39,408,1.0,2.7880866527557373,0,0
P39,202,2.0,2.8853883743286133,0,0
P39,411,2.0,2.926900625228882,0,0
P39,303,2.0,2.9379987716674805,0,0
P39,305,1.0,3.3095614910125732,0,0
P39,323,1.0,2.856933116912842,0,0
P39,128,3.0,3.0938992500305176,0,0
P39,211,1.0,3.3956265449523926,0,0
P39,308,3.0,3.241511106491089,0,0
P39,404,2.0,3.5927984714508057,0,0
P39,129,3.0,2.9636294841766357,0,0
P39,125,3.0,3.2310314178466797,0,0
P39,403,2.0,3.2774384021759033,0,0
P39,230,1.0,3.449713945388794,0,0
P39,306,1.0,3.432786226272583,0,0
P39,106,3.0,2.991572618484497,0,0
P39,203,5.0,3.456172227859497,1,0
P40,405,6.0,3.5975918769836426,1,0
P40,319,6.0,3.0755014419555664,1,0
P40,108,5.0,3.9062998294830322,1,0
P40,424,2.0,3.7145915031433105,0,0
P40,110,5.0,3.9789044857025146,1,0
P40,309,2.0,3.773287057876587,0,0
P40,307,6.0,3.441164493560791,1,0
P40,429,2.0,3.7177670001983643,0,0
P40,216,6.0,3.7047791481018066,1,0
P40,303,1.0,4.165736198425293,0,1
P40,123,3.0,3.6057722568511963,0,0
P40,427,5.0,4.2104058265686035,1,1
P40,325,2.0,3.762099504470825,0,0
P40,301,5.0,3.6266958713531494,1,0
P40,422,6.0,4.083951473236084,1,1
P40,329,2.0,4.084499359130859,0,1
P40,125,1.0,3.9735116958618164,0,0
P40,302,5.0,3.8162012100219727,1,0
P40,421,5.0,4.001833438873291,1,1
P40,418,4.0,3.4062178134918213,1,0
P40,425,7.0,3.746687173843384,1,0
P40,230,7.0,4.16892671585083,1,1
P40,317,1.0,3.5716302394866943,0,0
P40,221,5.0,3.7577314376831055,1,0
P40,101,1.0,4.006482124328613,0,1
P40,127,3.0,3.828035593032837,0,0
P40,419,6.0,4.501704692840576,1,1
P40,304,1.0,4.389612674713135,0,1
P40,314,4.0,4.641026973724365,1,1
P40,226,7.0,3.7648274898529053,1,0
P40,206,2.0,3.67472767829895,0,0
P40,322,1.0,4.116025924682617,0,1
P40,211,6.0,3.6158297061920166,1,0
P40,415,6.0,3.753340244293213,1,0
P40,208,7.0,5.217232704162598,1,1
P40,316,3.0,3.9653069972991943,0,0
P40,124,1.0,3.164409637451172,0,0
P40,312,5.0,3.9845826625823975,1,0
P40,311,2.0,4.230123519897461,0,1
P40,401,2.0,3.6353037357330322,0,0
P40,324,4.0,4.087074279785156,1,1
P40,229,6.0,4.312489986419678,1,1
P40,326,3.0,4.256853103637695,0,1
P40,201,5.0,4.084255218505859,1,1
P40,105,1.0,4.410952568054199,0,1
P40,117,5.0,4.027621269226074,1,1
P40,129,1.0,4.201203346252441,0,1
P40,113,1.0,3.581402540206909,0,0
P40,203,7.0,4.035811901092529,1,1
P40,106,1.0,3.7892825603485107,0,0
P40,218,7.0,4.105509281158447,1,1
P40,118,1.0,4.212190628051758,0,1
P40,423,5.0,4.186765670776367,1,1
P40,120,6.0,3.8508870601654053,1,0
P40,207,6.0,4.917236804962158,1,1
P40,223,5.0,4.036426067352295,1,1
P40,122,1.0,4.652143955230713,0,1
P40,412,6.0,4.164770603179932,1,1
P40,102,2.0,4.439295291900635,0,1
P40,305,1.0,4.853166103363037,0,1
P40,209,6.0,3.605458974838257,1,0
P40,330,4.0,4.151991844177246,1,1
P40,119,1.0,3.7722673416137695,0,0
P40,430,3.0,4.0109052658081055,0,1
P40,409,5.0,4.264894008636475,1,1
P40,114,1.0,4.319760322570801,0,1
P40,220,6.0,4.068655967712402,1,1
P40,416,6.0,4.251596450805664,1,1
P40,115,1.0,4.362709999084473,0,1
P40,318,4.0,4.2553839683532715,1,1
P40,215,3.0,4.427903175354004,0,1
P40,320,2.0,4.240166664123535,0,1
P40,407,5.0,4.031090259552002,1,1
P40,413,5.0,4.205990314483643,1,1
P40,310,5.0,4.464709758758545,1,1
P40,104,5.0,4.224617004394531,1,1
P40,327,4.0,3.9023854732513428,1,0
P40,408,4.0,4.430139064788818,1,1
P40,204,5.0,4.086743354797363,1,1
P40,410,2.0,4.2492780685424805,0,1
P40,128,1.0,4.8379225730896,0,1
P40,219,5.0,4.226377010345459,1,1
P40,214,3.0,3.9385969638824463,0,0
P40,103,1.0,4.266138076782227,0,1
P40,213,5.0,4.7051849365234375,1,1
P40,130,5.0,3.9744889736175537,1,0
P40,210,5.0,4.206030368804932,1,1
P40,308,2.0,3.8644843101501465,0,0
P40,402,4.0,4.072451591491699,1,1
P40,414,5.0,4.15730094909668,1,1
P40,111,1.0,4.230325222015381,0,1
P40,411,1.0,3.887768268585205,0,0
P40,205,5.0,3.9002530574798584,1,0
P40,406,2.0,3.991677761077881,0,0
P40,107,1.0,5.188774108886719,0,1
P40,426,5.0,4.261255264282227,1,1
P40,116,5.0,4.459804534912109,1,1
P40,404,5.0,3.940429925918579,1,0
P40,126,5.0,4.107030868530273,1,1
P40,428,5.0,3.8500983715057373,1,0
P40,217,5.0,3.6877946853637695,1,0
P40,420,6.0,3.696946859359741,1,0
P40,112,1.0,4.208560466766357,0,1
P40,328,5.0,3.6135082244873047,1,0
P40,323,5.0,4.105867862701416,1,1
P40,225,5.0,4.331502914428711,1,1
P40,313,1.0,3.9386675357818604,0,0
P40,109,1.0,4.307048320770264,0,1
P40,224,6.0,4.343027591705322,1,1
P40,202,5.0,4.864816665649414,1,1
P40,315,4.0,3.4692461490631104,1,0
P40,306,5.0,3.90055775642395,1,0
P40,417,6.0,3.9524600505828857,1,0
P40,403,5.0,3.682230234146118,1,0
P40,321,1.0,4.038747787475586,0,1
P40,222,7.0,4.1408586502075195,1,1
P40,121,4.0,4.294687271118164,1,1
P40,228,7.0,3.4543306827545166,1,0
P40,227,6.0,4.655918598175049,1,1
P40,212,6.0,5.072340965270996,1,1
P41,129,3.0,4.318358898162842,0,1
P41,426,4.0,3.573181390762329,1,0
P41,205,3.0,4.018893718719482,0,1
P41,126,5.0,4.093557834625244,1,1
P41,417,5.0,4.696370601654053,1,1
P41,410,2.0,4.314728736877441,0,1
P41,119,1.0,3.5451431274414062,0,0
P41,405,5.0,3.7205824851989746,1,0
P41,117,3.0,3.571249008178711,0,0
P41,430,4.0,3.9312658309936523,1,0
P41,424,1.0,3.2110838890075684,0,0
P41,329,2.0,3.867072820663452,0,0
P41,415,2.0,3.7687647342681885,0,0
P41,311,1.0,3.42555570602417,0,0
P41,320,5.0,4.668348789215088,1,1
P41,327,6.0,3.8035836219787598,1,0
P41,412,7.0,3.3318634033203125,1,0
P41,114,5.0,3.651121139526367,1,0
P41,122,3.0,3.098742961883545,0,0
P41,319,3.0,3.3650383949279785,0,0
P41,128,5.0,3.4181134700775146,1,0
P41,210,6.0,3.5578155517578125,1,0
P41,125,1.0,4.0094404220581055,0,1
P41,220,7.0,3.2037782669067383,1,0
P41,120,7.0,3.265627384185791,1,0
P41,323,3.0,3.6742992401123047,0,0
P41,406,1.0,4.008439064025879,0,1
P41,304,1.0,3.892336368560791,0,0
P41,322,3.0,3.7262845039367676,0,0
P41,201,7.0,3.7710297107696533,1,0
P41,203,7.0,3.840423583984375,1,0
P41,425,6.0,3.6887083053588867,1,0
P41,217,7.0,3.8328166007995605,1,0
P41,427,2.0,3.9521777629852295,0,0
P41,213,7.0,3.673354387283325,1,0
P41,402,2.0,4.050343990325928,0,1
P41,318,3.0,4.37632417678833,0,1
P41,212,3.0,4.205033302307129,0,1
P41,418,3.0,3.6855621337890625,0,0
P41,101,1.0,3.525324583053589,0,0
P41,108,6.0,3.9744033813476562,1,0
P41,414,5.0,4.112069606781006,1,1
P41,204,7.0,4.093521595001221,1,1
P41,408,6.0,3.9251322746276855,1,0
P41,202,3.0,4.450507164001465,0,1
P41,330,5.0,3.648668050765991,1,0
P41,115,6.0,3.4783689975738525,1,0
P41,218,7.0,3.7352139949798584,1,0
P41,104,2.0,4.37209415435791,0,1
P41,423,3.0,3.8581809997558594,0,0
P41,321,3.0,3.6766650676727295,0,0
P41,409,5.0,3.8526854515075684,1,0
P41,222,7.0,4.021504878997803,1,1
P41,315,1.0,3.775374412536621,0,0
P41,420,1.0,4.198343753814697,0,1
P41,224,7.0,4.592504978179932,1,1
P41,301,1.0,4.050915241241455,0,1
P41,428,7.0,3.5493860244750977,1,0
P41,113,6.0,3.5556955337524414,1,0
P41,111,5.0,3.42808198928833,1,0
P41,130,5.0,3.07096529006958,1,0
P41,127,7.0,3.4788460731506348,1,0
P41,404,6.0,3.5850729942321777,1,0
P41,207,7.0,3.759148359298706,1,0
P41,403,5.0,3.5725812911987305,1,0
P41,413,5.0,3.3507447242736816,1,0
P41,317,5.0,3.3142852783203125,1,0
P41,305,1.0,3.304713726043701,0,0
P41,312,6.0,3.488900661468506,1,0
P41,314,1.0,3.8104045391082764,0,0
P41,309,5.0,3.9241204261779785,1,0
P41,214,2.0,3.6230220794677734,0,0
P41,110,7.0,3.7748055458068848,1,0
P41,229,7.0,3.6326828002929688,1,0
P41,421,7.0,4.005246162414551,1,1
P41,227,5.0,4.147105693817139,1,1
P41,121,1.0,3.730403184890747,0,0
P41,313,5.0,3.2264792919158936,1,0
P41,116,6.0,3.5383853912353516,1,0
P41,401,1.0,3.8910536766052246,0,0
P41,407,2.0,4.149701118469238,0,1
P41,216,5.0,4.6039042472839355,1,1
P41,221,7.0,4.290737628936768,1,1
P41,328,5.0,3.814182758331299,1,0
P41,105,5.0,4.073928356170654,1,1
P41,112,2.0,3.7282352447509766,0,0
P41,230,3.0,4.07070779800415,0,1
P41,228,6.0,4.011162757873535,1,1
P41,326,1.0,3.8747177124023438,0,0
P41,306,3.0,4.08631706237793,0,1
P41,106,5.0,3.827247381210327,1,0
P41,102,1.0,3.8179988861083984,0,0
P41,219,5.0,3.8274683952331543,1,0
P41,429,1.0,3.736370086669922,0,0
P41,307,6.0,3.6767783164978027,1,0
P41,124,3.0,3.4451401233673096,0,0
P41,422,6.0,3.82757830619812,1,0
P41,223,5.0,3.8060073852539062,1,0
P41,103,1.0,3.904548168182373,0,0
P41,416,6.0,3.4533865451812744,1,0
P41,324,4.0,3.6630501747131348,1,0
P41,118,6.0,4.3774590492248535,1,1
P41,302,1.0,4.4857048988342285,0,1
P41,215,7.0,3.489581346511841,1,0
P41,225,5.0,4.402615547180176,1,1
P41,123,3.0,4.293689727783203,0,1
P41,107,3.0,4.1203484535217285,0,1
P41,411,1.0,3.7317352294921875,0,0
P41,303,5.0,4.1336822509765625,1,1
P41,109,5.0,3.6101861000061035,1,0
P41,226,7.0,3.5135984420776367,1,0
P41,419,3.0,3.625594139099121,0,0
P41,316,2.0,3.6652097702026367,0,0
P41,308,5.0,3.714702844619751,1,0
P41,209,7.0,3.5343124866485596,1,0
P41,208,7.0,3.666637659072876,1,0
P41,211,7.0,3.725555896759033,1,0
P42,309,2.0,3.895409345626831,0,0
P42,229,5.0,3.598613977432251,1,0
P42,429,1.0,3.711854934692383,0,0
P42,225,4.0,3.508779287338257,1,0
P42,424,2.0,3.487765312194824,0,0
P42,410,2.0,3.6151461601257324,0,0
P42,227,6.0,3.6866414546966553,1,0
P42,130,5.0,3.647969961166382,1,0
P42,203,6.0,3.6984472274780273,1,0
P42,216,5.0,3.6345293521881104,1,0
P42,322,4.0,3.8882689476013184,1,0
P42,221,4.0,3.920180559158325,1,0
P42,110,6.0,3.4489834308624268,1,0
P42,415,4.0,4.262689113616943,1,1
P42,202,6.0,3.562894105911255,1,0
P42,428,6.0,3.7210538387298584,1,0
P42,122,3.0,3.623201847076416,0,0
P42,209,3.0,3.3275601863861084,0,0
P42,315,4.0,3.650843381881714,1,0
P42,422,5.0,4.036129951477051,1,1
P42,106,2.0,3.6243770122528076,0,0
P42,312,3.0,3.735595941543579,0,0
P42,103,2.0,4.063633918762207,0,1
P42,219,3.0,3.6042988300323486,0,0
P42,204,3.0,3.7921433448791504,0,0
P42,425,5.0,3.897625207901001,1,0
P42,108,6.0,3.836625814437866,1,0
P42,102,2.0,3.6763803958892822,0,0
P42,306,5.0,3.8045527935028076,1,0
P42,404,5.0,3.5617222785949707,1,0
P42,409,5.0,3.7382771968841553,1,0
P42,324,4.0,3.56954026222229,1,0
P42,406,3.0,3.545945405960083,0,0
P42,217,6.0,4.026154518127441,1,1
P42,101,6.0,3.477511167526245,1,0
P42,311,4.0,3.7653696537017822,1,0
P42,123,2.0,3.7774271965026855,0,0
P42,317,2.0,3.4697954654693604,0,0
P42,304,2.0,3.545692205429077,0,0
P42,423,6.0,3.633117914199829,1,0
P42,129,2.0,3.640812635421753,0,0
P42,115,2.0,4.153769016265869,0,1
P42,119,5.0,3.892970561981201,1,0
P42,107,2.0,4.07261848449707,0,1
P42,124,3.0,4.545169830322266,0,1
P42,426,4.0,4.014153480529785,1,1
P42,224,4.0,4.266509532928467,1,1
P42,417,4.0,3.867375612258911,1,0
P42,430,5.0,3.928548574447632,1,0
P42,214,5.0,4.1919779777526855,1,1
P42,320,6.0,4.0738749504089355,1,1
P42,413,3.0,4.086538791656494,0,1
P42,201,5.0,3.740718126296997,1,0
P42,211,6.0,4.207294940948486,1,1
P42,412,5.0,3.9472901821136475,1,0
P42,213,4.0,4.239583492279053,1,1
P42,407,4.0,4.235721588134766,1,1
P42,401,6.0,4.256207466125488,1,1
P42,301,2.0,3.829413414001465,0,0
P42,308,2.0,4.073572158813477,0,1
P42,405,2.0,4.875539302825928,0,1
P42,127,5.0,3.9169700145721436,1,0
P42,313,5.0,4.165372371673584,1,1
P42,220,6.0,3.9313712120056152,1,0
P42,316,2.0,3.926267147064209,0,0
P42,402,3.0,3.9897475242614746,0,0
P42,118,4.0,4.015751838684082,1,1
P42,117,5.0,4.005471229553223,1,1
P42,125,7.0,4.025058746337891,1,1
P42,116,2.0,3.7937748432159424,0,0
P42,327,4.0,4.071332931518555,1,1
P42,113,1.0,4.119293212890625,0,1
P42,109,3.0,3.703977346420288,0,0
P42,126,6.0,4.042697429656982,1,1
P42,416,5.0,3.8062546253204346,1,0
P42,419,5.0,4.027738571166992,1,1
P42,105,6.0,4.011696815490723,1,1
P42,230,6.0,4.007916450500488,1,1
P42,208,6.0,3.9560678005218506,1,0
P42,319,2.0,3.8012492656707764,0,0
P42,218,5.0,3.9527130126953125,1,0
P42,328,3.0,3.8844735622406006,0,0
P42,314,1.0,3.8808956146240234,0,0
P42,307,5.0,3.7290680408477783,1,0
P42,418,6.0,4.031585693359375,1,1
P42,329,2.0,3.891557216644287,0,0
P42,104,3.0,3.929676055908203,0,0
P42,205,4.0,3.8837034702301025,1,0
P42,303,4.0,3.783154249191284,1,0
P42,228,5.0,3.5080039501190186,1,0
P42,323,6.0,3.7916533946990967,1,0
P42,120,7.0,4.189216136932373,1,1
P42,326,2.0,3.7970869541168213,0,0
P42,112,2.0,4.009258270263672,0,1
P42,121,2.0,3.9828498363494873,0,0
P42,223,5.0,3.914079427719116,1,0
P42,206,2.0,4.376317977905273,0,1
P42,226,4.0,4.067000865936279,1,1
P42,207,2.0,3.9369428157806396,0,0
P42,421,5.0,3.9005508422851562,1,0
P42,114,1.0,3.8758461475372314,0,0
P42,321,7.0,4.205503940582275,1,1
P42,414,5.0,4.221511363983154,1,1
P42,325,5.0,4.263308048248291,1,1
P42,310,2.0,4.149285793304443,0,1
P42,411,1.0,3.9517223834991455,0,0
P42,210,2.0,3.820056200027466,0,0
P42,427,2.0,4.304361820220947,0,1
P42,305,2.0,4.093864440917969,0,1
P42,111,5.0,4.121653079986572,1,1
P42,403,5.0,4.249098300933838,1,1
P42,302,2.0,4.168243885040283,0,1
P42,222,6.0,4.469659805297852,1,1
P42,330,6.0,4.263086795806885,1,1
P42,212,3.0,4.433103084564209,0,1
P42,408,6.0,4.104431629180908,1,1
P42,128,2.0,3.998971700668335,0,0
P42,420,3.0,4.454506874084473,0,1
P42,318,3.0,4.062555313110352,0,1
P42,215,5.0,3.591312885284424,1,0
P43,420,3.0,3.956070899963379,0,0
P43,311,3.0,3.514010190963745,0,0
P43,411,2.0,3.619407892227173,0,0
P43,117,5.0,3.7513792514801025,1,0
P43,215,5.0,3.5589115619659424,1,0
P43,110,5.0,3.2389841079711914,1,0
P43,316,4.0,3.381359338760376,1,0
P43,115,2.0,3.950819253921509,0,0
P43,405,4.0,4.259246826171875,1,1
P43,319,3.0,3.660719156265259,0,0
P43,211,5.0,3.7233352661132812,1,0
P43,421,5.0,3.9158542156219482,1,0
P43,408,4.0,3.0809738636016846,1,0
P43,127,3.0,3.89660906791687,0,0
P43,302,1.0,3.359295606613159,0,0
P43,305,3.0,3.4491546154022217,0,0
P43,125,5.0,3.7845284938812256,1,0
P43,114,3.0,4.103573799133301,0,1
P43,425,6.0,3.523491144180298,1,0
P43,217,5.0,3.8052518367767334,1,0
P43,120,5.0,3.2233242988586426,1,0
P43,418,4.0,3.2410643100738525,1,0
P43,129,2.0,3.3336851596832275,0,0
P43,105,3.0,3.670753002166748,0,0
P43,402,5.0,3.260047674179077,1,0
P43,325,5.0,3.676966428756714,1,0
P43,222,4.0,3.951845645904541,1,0
P43,106,2.0,3.1312601566314697,0,0
P43,320,5.0,3.505436658859253,1,0
P43,111,4.0,3.581174850463867,1,0
P43,230,6.0,3.8534348011016846,1,0
P43,205,3.0,2.784001588821411,0,0
P43,113,2.0,3.3873746395111084,0,0
P43,426,5.0,3.8331027030944824,1,0
P43,121,4.0,3.5986740589141846,1,0
P43,407,5.0,3.504201650619507,1,0
P43,216,5.0,3.508308172225952,1,0
P43,109,3.0,3.6229817867279053,0,0
P43,404,6.0,3.5341384410858154,1,0
P43,128,2.0,2.9668142795562744,0,0
P43,318,4.0,3.441502809524536,1,0
P43,206,5.0,3.723606824874878,1,0
P43,210,6.0,3.6679317951202393,1,0
P43,328,4.0,3.4738805294036865,1,0
P43,116,7.0,3.6300065517425537,1,0
P43,119,5.0,3.651489496231079,1,0
P43,423,4.0,3.6142823696136475,1,0
P43,412,3.0,2.8794476985931396,0,0
P43,323,5.0,3.425337553024292,1,0
P43,313,1.0,3.5006027221679688,0,0
P43,329,3.0,3.780505895614624,0,0
P43,104,5.0,3.3801465034484863,1,0
P43,225,3.0,3.4204790592193604,0,0
P43,203,5.0,3.302518606185913,1,0
P43,429,2.0,3.3956544399261475,0,0
P43,315,3.0,3.5295419692993164,0,0
P43,303,3.0,3.1500566005706787,0,0
P43,108,5.0,3.4128191471099854,1,0
P43,304,2.0,3.5197432041168213,0,0
P43,122,3.0,3.0487537384033203,0,0
P43,424,4.0,2.677832841873169,1,0
P43,112,5.0,4.176929950714111,1,1
P43,209,5.0,3.2231979370117188,1,0
P43,207,5.0,3.2759249210357666,1,0
P43,130,4.0,3.264596462249756,1,0
P43,417,4.0,3.187244176864624,1,0
P43,118,3.0,3.591163396835327,0,0
P43,406,4.0,3.5318915843963623,1,0
P43,326,3.0,3.295466184616089,0,0
P43,416,5.0,3.635101318359375,1,0
P43,330,4.0,3.6565961837768555,1,0
P43,415,5.0,3.3547887802124023,1,0
P43,314,3.0,4.028810501098633,0,1
P43,327,5.0,3.444134473800659,1,0
P43,428,5.0,2.9149792194366455,1,0
P43,310,4.0,3.6700851917266846,1,0
P43,202,3.0,3.5137362480163574,0,0
P43,427,5.0,3.1259195804595947,1,0
P43,401,2.0,3.4282619953155518,0,0
P43,301,5.0,3.6488635540008545,1,0
P43,227,4.0,3.4117729663848877,1,0
P43,224,3.0,3.3979244232177734,0,0
P43,126,4.0,3.118666887283325,1,0
P43,410,3.0,3.6340572834014893,0,0
P43,218,6.0,3.8214192390441895,1,0
P43,223,4.0,3.26295804977417,1,0
P43,430,2.0,3.475449800491333,0,0
P43,107,3.0,3.441528558731079,0,0
P43,413,3.0,3.900977373123169,0,0
P43,103,4.0,3.229489803314209,1,0
P43,403,3.0,3.920158624649048,0,0
P43,214,5.0,3.199726104736328,1,0
P43,307,5.0,3.257225751876831,1,0
P43,212,5.0,3.2928237915039062,1,0
P43,102,4.0,3.318575620651245,1,0
P43,124,5.0,3.643183946609497,1,0
P43,208,6.0,3.494877815246582,1,0
P43,221,3.0,3.5646235942840576,0,0
P43,324,3.0,3.504711866378784,0,0
P43,322,4.0,3.1867892742156982,1,0
P43,419,3.0,3.3225653171539307,0,0
P43,226,4.0,3.3089935779571533,1,0
P43,228,3.0,3.281179904937744,0,0
P43,414,3.0,3.2871029376983643,0,0
P43,317,5.0,3.5887179374694824,1,0
P43,321,4.0,3.427239418029785,1,0
P43,219,3.0,3.4442198276519775,0,0
P43,101,5.0,3.553631067276001,1,0
P43,204,3.0,3.5535061359405518,0,0
P43,306,2.0,3.317697286605835,0,0
P43,123,3.0,3.5933172702789307,0,0
P43,422,5.0,3.302638053894043,1,0
P43,220,7.0,3.3980400562286377,1,0
P43,308,3.0,3.276961326599121,0,0
P43,409,3.0,3.2637999057769775,0,0
P43,201,5.0,3.5673978328704834,1,0
P43,229,4.0,3.4454753398895264,1,0
P43,312,5.0,3.515979528427124,1,0
P43,309,2.0,3.2298214435577393,0,0
P43,213,5.0,3.1320602893829346,1,0
P44,203,7.0,3.2083799839019775,1,0
P44,210,5.0,3.710367441177368,1,0
P44,319,4.0,3.6876180171966553,1,0
P44,221,5.0,4.278665542602539,1,1
P44,121,1.0,4.071606159210205,0,1
P44,225,2.0,3.7694284915924072,0,0
P44,307,2.0,4.0644354820251465,0,1
P44,407,4.0,4.145333766937256,1,1
P44,120,5.0,3.729525327682495,1,0
P44,419,5.0,3.7784183025360107,1,0
P44,126,1.0,4.112723350524902,0,1
P44,111,1.0,3.778165817260742,0,0
P44,124,1.0,4.258180141448975,0,1
P44,320,1.0,4.076059341430664,0,1
P44,425,7.0,4.074857234954834,1,1
P44,115,1.0,4.090466499328613,0,1
P44,304,1.0,4.2194952964782715,0,1
P44,216,6.0,3.8999650478363037,1,0
P44,227,5.0,4.106173038482666,1,1
P44,212,5.0,3.007631540298462,1,0
P44,103,1.0,4.123641014099121,0,1
P44,430,1.0,4.187453269958496,0,1
P44,403,5.0,4.242743015289307,1,1
P44,328,1.0,4.420558929443359,0,1
P44,108,5.0,4.528237342834473,1,1
P44,310,4.0,4.110828399658203,1,1
P44,217,5.0,4.035788059234619,1,1
P44,325,1.0,4.069479942321777,0,1
P44,226,5.0,4.218999862670898,1,1
P44,302,1.0,4.328348159790039,0,1
P44,229,5.0,3.813908576965332,1,0
P44,215,5.0,3.7857704162597656,1,0
P44,422,4.0,2.9792134761810303,1,0
P44,207,4.0,3.9718055725097656,1,0
P44,417,5.0,3.769700527191162,1,0
P44,409,5.0,4.010562419891357,1,1
P44,330,5.0,4.098511219024658,1,1
P44,303,1.0,4.169951438903809,0,1
P44,219,1.0,3.8760201930999756,0,0
P44,424,1.0,4.162470817565918,0,1
P44,201,7.0,3.9131577014923096,1,0
P44,428,7.0,4.13165283203125,1,1
P44,313,1.0,4.276086807250977,0,1
P44,130,2.0,4.297765254974365,0,1
P44,110,1.0,4.199520111083984,0,1
P44,301,2.0,4.321040153503418,0,1
P44,223,7.0,4.1498308181762695,1,1
P44,326,1.0,4.5661492347717285,0,1
P44,202,5.0,4.174197196960449,1,1
P44,314,1.0,4.622892379760742,0,1
P44,206,1.0,4.172103404998779,0,1
P44,327,1.0,3.977980375289917,0,0
P44,306,1.0,4.062510013580322,0,1
P44,113,1.0,4.095579624176025,0,1
P44,116,1.0,3.920710325241089,0,0
P44,429,1.0,3.8071343898773193,0,0
P44,323,1.0,3.4590299129486084,0,0
P44,224,1.0,3.511327028274536,0,0
P44,117,1.0,4.679068565368652,0,1
P44,118,1.0,3.1334290504455566,0,0
P44,423,5.0,3.2226617336273193,1,0
P44,311,1.0,3.70235276222229,0,0
P44,220,7.0,3.3995816707611084,1,0
P44,109,1.0,3.3466479778289795,0,0
P44,112,1.0,3.560346841812134,0,0
P44,322,1.0,3.7419769763946533,0,0
P44,208,7.0,4.002501964569092,1,1
P44,416,5.0,4.1432037353515625,1,1
P44,204,5.0,4.030539035797119,1,1
P44,401,2.0,4.096313953399658,0,1
P44,421,4.0,4.085258960723877,1,1
P44,105,1.0,4.322932243347168,0,1
P44,211,7.0,3.792999029159546,1,0
P44,129,1.0,4.324988842010498,0,1
P44,230,5.0,2.832355260848999,1,0
P44,329,1.0,4.155969142913818,0,1
P44,404,4.0,4.190509796142578,1,1
P44,214,4.0,4.317220687866211,1,1
P44,412,5.0,4.0805983543396,1,1
P44,309,2.0,4.33372688293457,0,1
P44,205,5.0,4.167520523071289,1,1
P44,128,1.0,4.083461284637451,0,1
P44,415,3.0,3.7089226245880127,0,0
P44,405,3.0,4.642144203186035,0,1
P44,213,5.0,3.153724431991577,1,0
P44,119,1.0,3.400315761566162,0,0
P44,315,1.0,4.111515045166016,0,1
P44,101,1.0,4.773284435272217,0,1
P44,427,4.0,4.3176069259643555,1,1
P44,318,1.0,4.466482639312744,0,1
P44,228,5.0,4.553295135498047,1,1
P44,418,5.0,3.96164870262146,1,0
P44,410,1.0,4.627239227294922,0,1
P44,106,1.0,4.265771389007568,0,1
P44,406,1.0,4.294527053833008,0,1
P44,413,5.0,4.242107391357422,1,1
P44,222,7.0,4.110438346862793,1,1
P44,218,7.0,4.412784576416016,1,1
P44,104,1.0,4.137840747833252,0,1
P44,426,5.0,4.054177284240723,1,1
P44,402,5.0,4.3130388259887695,1,1
P44,209,1.0,4.202834129333496,0,1
P44,107,1.0,4.136565685272217,0,1
P44,414,7.0,3.7015745639801025,1,0
P44,127,1.0,3.7426064014434814,0,0
P44,420,6.0,4.115077972412109,1,1
P44,122,1.0,4.658142566680908,0,1
P44,312,1.0,3.56771183013916,0,0
P44,125,1.0,3.591139554977417,0,0
P44,324,1.0,4.576066970825195,0,1
P44,305,1.0,4.454381942749023,0,1
P44,317,1.0,4.2888617515563965,0,1
P44,316,1.0,4.059260845184326,0,1
P44,408,5.0,4.1972150802612305,1,1
P44,114,1.0,4.497884273529053,0,1
P44,123,1.0,4.3158488273620605,0,1
P44,308,1.0,4.29743766784668,0,1
P44,102,1.0,4.663888931274414,0,1
P44,411,1.0,3.9151625633239746,0,0
P45,227,5.0,3.400609254837036,1,0
P45,120,5.0,3.770360231399536,1,0
P45,419,5.0,3.713437795639038,1,0
P45,312,4.0,3.393885850906372,1,0
P45,121,4.0,3.5847713947296143,1,0
P45,330,3.0,3.3724372386932373,0,0
P45,416,5.0,3.4745564460754395,1,0
P45,406,3.0,3.387725591659546,0,0
P45,329,4.0,3.1929869651794434,1,0
P45,204,3.0,3.228060722351074,0,0
P45,129,2.0,3.674292802810669,0,0
P45,414,4.0,3.5543365478515625,1,0
P45,427,4.0,3.34820818901062,1,0
P45,103,3.0,3.651520013809204,0,0
P45,114,1.0,3.267805814743042,0,0
P45,325,2.0,3.1993558406829834,0,0
P45,412,6.0,3.2121245861053467,1,0
P45,119,2.0,3.3220033645629883,0,0
P45,203,5.0,3.0764429569244385,1,0
P45,328,3.0,3.0419864654541016,0,0
P45,117,2.0,3.2741897106170654,0,0
P45,405,5.0,3.4298393726348877,1,0
P45,421,3.0,3.340778350830078,0,0
P45,218,4.0,3.4144506454467773,1,0
P45,115,2.0,3.3761794567108154,0,0
P45,420,2.0,3.3440799713134766,0,0
P45,219,4.0,3.221623182296753,1,0
P45,402,3.0,3.1989219188690186,0,0
P45,301,2.0,3.404996156692505,0,0
P45,113,1.0,3.6294357776641846,0,0
P45,216,3.0,3.535454034805298,0,0
P45,423,2.0,3.574176073074341,0,0
P45,409,5.0,3.5886826515197754,1,0
P45,127,3.0,3.525137424468994,0,0
P45,221,5.0,3.3386452198028564,1,0
P45,105,2.0,3.414780616760254,0,0
P45,125,5.0,4.055118560791016,1,1
P45,111,1.0,3.4977104663848877,0,0
P45,428,4.0,3.1247377395629883,1,0
P45,214,5.0,3.5069329738616943,1,0
P45,226,5.0,3.645272970199585,1,0
P45,211,4.0,3.249248743057251,1,0
P45,321,1.0,3.247307777404785,0,0
P45,205,3.0,3.624425172805786,0,0
P45,430,2.0,3.2234976291656494,0,0
P45,130,5.0,3.835294246673584,1,0
P45,425,5.0,3.468327760696411,1,0
P45,404,4.0,4.242469787597656,1,1
P45,305,1.0,3.509251832962036,0,0
P45,429,1.0,3.4027860164642334,0,0
P45,124,1.0,3.6089041233062744,0,0
P45,316,1.0,3.376777410507202,0,0
P45,110,6.0,3.808209180831909,1,0
P45,126,6.0,3.486332893371582,1,0
P45,106,1.0,3.567570447921753,0,0
P45,424,2.0,3.138078451156616,0,0
P45,209,6.0,3.185358762741089,1,0
P45,310,4.0,4.6785197257995605,1,1
P45,101,1.0,3.821537733078003,0,0
P45,116,5.0,3.1984565258026123,1,0
P45,407,4.0,3.5329694747924805,1,0
P45,315,3.0,3.135390043258667,0,0
P45,403,4.0,3.7114906311035156,1,0
P45,224,4.0,3.29471492767334,1,0
P45,108,6.0,3.7237660884857178,1,0
P45,220,6.0,3.7252180576324463,1,0
P45,128,1.0,3.4261341094970703,0,0
P45,212,4.0,3.457256317138672,1,0
P45,308,2.0,3.648101329803467,0,0
P45,201,5.0,3.488007068634033,1,0
P45,415,4.0,3.3944504261016846,1,0
P45,324,2.0,3.8816416263580322,0,0
P45,323,2.0,3.5264666080474854,0,0
P45,213,6.0,3.2669005393981934,1,0
P45,302,2.0,3.323537588119507,0,0
P45,228,5.0,3.313288450241089,1,0
P45,306,2.0,3.4924724102020264,0,0
P45,206,3.0,4.09581995010376,0,1
P45,222,5.0,3.3525617122650146,1,0
P45,112,2.0,3.8557193279266357,0,0
P45,122,1.0,3.528642416000366,0,0
P45,215,6.0,3.574693202972412,1,0
P45,318,2.0,3.3199656009674072,0,0
P45,413,3.0,3.9084713459014893,0,0
P45,317,1.0,3.0878634452819824,0,0
P45,309,1.0,3.9002983570098877,0,0
P45,109,2.0,3.2719669342041016,0,0
P45,202,2.0,3.753970146179199,0,0
P45,304,1.0,3.623555898666382,0,0
P45,118,1.0,3.423752546310425,0,0
P45,327,1.0,3.178039789199829,0,0
P45,102,1.0,4.067949295043945,0,1
P45,208,6.0,3.2930619716644287,1,0
P45,123,2.0,3.313223123550415,0,0
P45,107,1.0,3.162557363510132,0,0
P45,207,3.0,3.4624125957489014,0,0
P45,322,1.0,3.2251176834106445,0,0
P45,307,4.0,3.5817148685455322,1,0
P45,401,2.0,3.4206762313842773,0,0
P45,417,4.0,3.38835072517395,1,0
P45,225,3.0,3.54738187789917,0,0
P45,418,4.0,3.9366941452026367,1,0
P45,313,2.0,3.5184836387634277,0,0
P45,230,6.0,3.696634292602539,1,0
P45,303,2.0,3.4495909214019775,0,0
P45,217,5.0,3.570965528488159,1,0
P45,408,5.0,3.162316083908081,1,0
P45,104,2.0,3.4487369060516357,0,0
P45,410,2.0,3.896691083908081,0,0
P45,319,2.0,3.5049092769622803,0,0
P45,422,4.0,3.746654987335205,1,0
P45,426,4.0,3.408097982406616,1,0
P45,320,2.0,3.4511849880218506,0,0
P45,411,1.0,3.258997678756714,0,0
P45,223,2.0,3.3188488483428955,0,0
P45,326,2.0,3.3675944805145264,0,0
P45,311,2.0,3.832850456237793,0,0
P45,229,5.0,3.434945821762085,1,0
P45,314,2.0,3.60434627532959,0,0
P45,210,1.0,3.2787249088287354,0,0
P46,316,1.0,4.3826584815979,0,1
P46,220,4.0,3.680105686187744,1,0
P46,329,2.0,4.446228981018066,0,1
P46,430,4.0,3.623197317123413,1,0
P46,402,5.0,3.6550018787384033,1,0
P46,107,3.0,4.3700432777404785,0,1
P46,124,2.0,3.2078804969787598,0,0
P46,309,2.0,4.248966693878174,0,1
P46,320,2.0,3.6797831058502197,0,0
P46,106,1.0,3.6342780590057373,0,0
P46,121,3.0,3.4316296577453613,0,0
P46,120,5.0,4.341702938079834,1,1
P46,222,5.0,3.1926426887512207,1,0
P46,315,4.0,3.620002508163452,1,0
P46,303,3.0,3.194772481918335,0,0
P46,330,5.0,3.977168560028076,1,0
P46,415,5.0,3.381974220275879,1,0
P46,224,6.0,4.436635494232178,1,1
P46,126,6.0,3.676119804382324,1,0
P46,323,3.0,4.262244701385498,0,1
P46,407,4.0,3.7527108192443848,1,0
P46,418,4.0,3.9427895545959473,1,0
P46,428,5.0,4.6788177490234375,1,1
P46,425,6.0,2.9611833095550537,1,0
P46,422,6.0,3.499856472015381,1,0
P46,113,1.0,3.3384311199188232,0,0
P46,110,6.0,3.212451934814453,1,0
P46,218,5.0,3.646855115890503,1,0
P46,229,5.0,3.4329910278320312,1,0
P46,115,3.0,3.0700411796569824,0,0
P46,301,4.0,3.6344926357269287,1,0
P46,419,4.0,3.9040307998657227,1,0
P46,111,3.0,3.160095453262329,0,0
P46,223,3.0,3.455239772796631,0,0
P46,112,5.0,2.992741107940674,1,0
P46,215,5.0,3.452483654022217,1,0
P46,409,3.0,3.0460386276245117,0,0
P46,206,5.0,3.3728487491607666,1,0
P46,314,4.0,3.1123993396759033,1,0
P46,211,5.0,3.659712314605713,1,0
P46,130,5.0,3.3264713287353516,1,0
P46,217,5.0,4.506187915802002,1,1
P46,307,5.0,3.2247323989868164,1,0
P46,101,2.0,2.8728272914886475,0,0
P46,128,4.0,3.766932964324951,1,0
P46,109,4.0,3.441249370574951,1,0
P46,325,5.0,3.351400136947632,1,0
P46,216,4.0,4.005194187164307,1,1
P46,305,4.0,3.845050573348999,1,0
P46,302,4.0,3.0876169204711914,1,0
P46,313,4.0,2.8416473865509033,1,0
P46,125,5.0,3.242748737335205,1,0
P46,104,4.0,3.897158145904541,1,0
P46,403,5.0,3.116672992706299,1,0
P46,214,5.0,3.254676580429077,1,0
P46,103,3.0,2.6401853561401367,0,0
P46,310,5.0,3.3656580448150635,1,0
P46,207,5.0,2.873147487640381,1,0
P46,427,4.0,3.150204658508301,1,0
P46,304,2.0,3.5217509269714355,0,0
P46,213,5.0,3.3702282905578613,1,0
P46,324,4.0,3.2535552978515625,1,0
P46,203,5.0,3.0580339431762695,1,0
P46,413,4.0,3.0282270908355713,1,0
P46,420,4.0,3.1876235008239746,1,0
P46,317,4.0,3.2697060108184814,1,0
P46,321,5.0,3.0701723098754883,1,0
P46,423,4.0,3.7124290466308594,1,0
P46,312,2.0,3.214590549468994,0,0
P46,326,4.0,3.4664769172668457,1,0
P46,426,5.0,3.378755807876587,1,0
P46,230,4.0,3.4069559574127197,1,0
P46,319,4.0,2.8819375038146973,1,0
P46,108,4.0,3.272787570953369,1,0
P46,118,3.0,3.589508056640625,0,0
P46,414,3.0,2.963463544845581,0,0
P46,417,4.0,3.0564637184143066,1,0
P46,204,4.0,3.1764273643493652,1,0
P46,209,5.0,2.846519947052002,1,0
P46,228,5.0,2.929866075515747,1,0
P46,226,6.0,2.7056326866149902,1,0
P46,122,5.0,3.531773567199707,1,0
P46,219,4.0,2.661344528198242,1,0
P46,412,5.0,3.397221803665161,1,0
P46,424,2.0,3.456350803375244,0,0
P46,114,1.0,2.9436094760894775,0,0
P46,306,5.0,2.463425636291504,1,0
P46,123,5.0,3.0614638328552246,1,0
P46,102,2.0,3.3625519275665283,0,0
P46,201,4.0,3.0113649368286133,1,0
P46,401,3.0,3.3217320442199707,0,0
P46,117,4.0,2.9563543796539307,1,0
P46,328,4.0,2.9549407958984375,1,0
P46,225,5.0,3.1747844219207764,1,0
P46,410,3.0,3.724851131439209,0,0
P46,405,4.0,3.832991123199463,1,0
P46,416,5.0,2.648940086364746,1,0
P46,116,5.0,3.585623264312744,1,0
P46,327,3.0,3.006549835205078,0,0
P46,308,4.0,2.99851655960083,1,0
P46,311,3.0,3.293836832046509,0,0
P46,127,4.0,2.75197172164917,1,0
P46,408,3.0,3.5331287384033203,0,0
P46,210,5.0,2.9115352630615234,1,0
P46,406,3.0,2.6682395935058594,0,0
P46,227,5.0,3.4905784130096436,1,0
P46,202,3.0,2.847573757171631,0,0
P46,221,5.0,2.880575180053711,1,0
P46,318,4.0,3.1410248279571533,1,0
P46,404,5.0,3.3254082202911377,1,0
P46,322,5.0,3.521984100341797,1,0
P46,421,5.0,3.139031410217285,1,0
P46,105,3.0,3.177474021911621,0,0
P46,119,5.0,3.3412857055664062,1,0
P46,429,4.0,2.7969250679016113,1,0
P46,212,5.0,3.069762706756592,1,0
P46,205,3.0,3.1242170333862305,0,0
P46,129,5.0,3.2074379920959473,1,0
