participant,task,segment_id,window_id,window_start_s,window_end_s,target,model_rank,modality,classifier,feature_family,selected_feature_count,frozen_image_balanced_accuracy,original_hard_prediction,high_probability,feature_assembly_ms,fitted_transform_and_inference_ms
P27,pick_place,1,pick_place_s1_20.000,20.0,22.0,arousal,1,eeg,gnb,paper_compact,10,0.5831318681318681,0,0.3379507981884783,1.325615,2.7802729999999998
P27,pick_place,1,pick_place_s1_20.000,20.0,22.0,arousal,2,face,logreg,face_geometry,10,0.5754970760233917,0,0.49126751894542003,0.37649,1.217411
P27,pick_place,1,pick_place_s1_20.000,20.0,22.0,arousal,3,eeg,logreg,paper_compact,10,0.5704395604395605,0,0.4627882561942845,0.541374,1.522901
P27,pick_place,1,pick_place_s1_20.000,20.0,22.0,valence,1,multimodal,svm,all_eeg_plus_face,5,0.5983333333333333,1,0.717578174523044,1.243833,3.5514639999999997
P27,pick_place,1,pick_place_s1_20.000,20.0,22.0,valence,2,eeg,logreg,all_eeg,8,0.5766666666666667,1,0.6705209126860753,2.484056,4.163260999999999
P27,pick_place,1,pick_place_s1_20.000,20.0,22.0,valence,3,multimodal,logreg,all_eeg_plus_face,10,0.5650000000000001,1,0.6709682904835106,2.556098,2.337361
P27,pick_place,1,pick_place_s1_21.000,21.0,23.0,arousal,1,eeg,gnb,paper_compact,10,0.5831318681318681,1,0.670411362494114,0.790001,1.9282510000000002
P27,pick_place,1,pick_place_s1_21.000,21.0,23.0,arousal,2,face,logreg,face_geometry,10,0.5754970760233917,0,0.4397594936672027,0.530444,1.1823409999999999
P27,pick_place,1,pick_place_s1_21.000,21.0,23.0,arousal,3,eeg,logreg,paper_compact,10,0.5704395604395605,0,0.45491139644328943,0.522174,1.465189
P27,pick_place,1,pick_place_s1_21.000,21.0,23.0,valence,1,multimodal,svm,all_eeg_plus_face,5,0.5983333333333333,1,0.7165087923854215,1.206262,2.112566
P27,pick_place,1,pick_place_s1_21.000,21.0,23.0,valence,2,eeg,logreg,all_eeg,8,0.5766666666666667,1,0.5501811860929586,1.123659,2.8377049999999997
P27,pick_place,1,pick_place_s1_21.000,21.0,23.0,valence,3,multimodal,logreg,all_eeg_plus_face,10,0.5650000000000001,1,0.520863406493591,1.90145,3.178703
P27,pick_place,1,pick_place_s1_22.000,22.0,24.0,arousal,1,eeg,gnb,paper_compact,10,0.5831318681318681,1,0.7679629990448241,0.75333,1.836959
P27,pick_place,1,pick_place_s1_22.000,22.0,24.0,arousal,2,face,logreg,face_geometry,10,0.5754970760233917,0,0.4752265261543308,0.339239,1.166161
P27,pick_place,1,pick_place_s1_22.000,22.0,24.0,arousal,3,eeg,logreg,paper_compact,10,0.5704395604395605,1,0.5103473943678958,0.490263,1.412287
P27,pick_place,1,pick_place_s1_22.000,22.0,24.0,valence,1,multimodal,svm,all_eeg_plus_face,5,0.5983333333333333,1,0.7088628243891834,1.141871,2.093585
P27,pick_place,1,pick_place_s1_22.000,22.0,24.0,valence,2,eeg,logreg,all_eeg,8,0.5766666666666667,1,0.6678661398882967,1.065999,1.8765500000000002
P27,pick_place,1,pick_place_s1_22.000,22.0,24.0,valence,3,multimodal,logreg,all_eeg_plus_face,10,0.5650000000000001,1,0.6358369030523218,1.14474,1.950211
P27,pick_place,1,pick_place_s1_23.000,23.0,25.0,arousal,1,eeg,gnb,paper_compact,10,0.5831318681318681,0,0.45480362082197817,1.14245,1.89029
P27,pick_place,1,pick_place_s1_23.000,23.0,25.0,arousal,2,face,logreg,face_geometry,10,0.5754970760233917,0,0.48675396152625755,0.347119,1.2068020000000002
P27,pick_place,1,pick_place_s1_23.000,23.0,25.0,arousal,3,eeg,logreg,paper_compact,10,0.5704395604395605,1,0.5269435980894813,0.503824,1.455908
P27,pick_place,1,pick_place_s1_23.000,23.0,25.0,valence,1,multimodal,svm,all_eeg_plus_face,5,0.5983333333333333,1,0.698574606007944,1.187351,2.159928
P27,pick_place,1,pick_place_s1_23.000,23.0,25.0,valence,2,eeg,logreg,all_eeg,8,0.5766666666666667,1,0.7091371725387927,1.110099,2.004413
P27,pick_place,1,pick_place_s1_23.000,23.0,25.0,valence,3,multimodal,logreg,all_eeg_plus_face,10,0.5650000000000001,1,0.698936632759971,1.173661,2.065894
P27,pick_place,1,pick_place_s1_24.000,24.0,26.0,arousal,1,eeg,gnb,paper_compact,10,0.5831318681318681,0,0.14055688700655278,1.175971,3.00026
P27,pick_place,1,pick_place_s1_24.000,24.0,26.0,arousal,2,face,logreg,face_geometry,10,0.5754970760233917,0,0.44847313739142664,0.545325,1.832249
P27,pick_place,1,pick_place_s1_24.000,24.0,26.0,arousal,3,eeg,logreg,paper_compact,10,0.5704395604395605,0,0.38101412033979437,0.867583,2.274979
P27,pick_place,1,pick_place_s1_24.000,24.0,26.0,valence,1,multimodal,svm,all_eeg_plus_face,5,0.5983333333333333,1,0.7130818256924312,1.87821,3.275797
P27,pick_place,1,pick_place_s1_24.000,24.0,26.0,valence,2,eeg,logreg,all_eeg,8,0.5766666666666667,1,0.6949415460016972,1.708725,3.0408410000000003
P27,pick_place,1,pick_place_s1_24.000,24.0,26.0,valence,3,multimodal,logreg,all_eeg_plus_face,10,0.5650000000000001,1,0.6819898805958068,1.818498,3.1406340000000004
P27,pick_place,1,pick_place_s1_25.000,25.0,27.0,arousal,1,eeg,gnb,paper_compact,10,0.5831318681318681,1,0.954557941810642,1.187541,2.65328
P27,pick_place,1,pick_place_s1_25.000,25.0,27.0,arousal,2,face,logreg,face_geometry,10,0.5754970760233917,0,0.4396510534519199,0.340759,1.13716
P27,pick_place,1,pick_place_s1_25.000,25.0,27.0,arousal,3,eeg,logreg,paper_compact,10,0.5704395604395605,0,0.4761838997955128,0.483243,1.401227
P27,pick_place,1,pick_place_s1_25.000,25.0,27.0,valence,1,multimodal,svm,all_eeg_plus_face,5,0.5983333333333333,1,0.7371462969142091,1.14567,2.069345
P27,pick_place,1,pick_place_s1_25.000,25.0,27.0,valence,2,eeg,logreg,all_eeg,8,0.5766666666666667,1,0.6264319801979357,1.066088,1.874939
P27,pick_place,1,pick_place_s1_25.000,25.0,27.0,valence,3,multimodal,logreg,all_eeg_plus_face,10,0.5650000000000001,1,0.5819046262619596,1.168271,1.924701
P27,pick_place,1,pick_place_s1_26.000,26.0,28.0,arousal,1,eeg,gnb,paper_compact,10,0.5831318681318681,1,0.9817877362690218,0.74321,1.822609
P27,pick_place,1,pick_place_s1_26.000,26.0,28.0,arousal,2,face,logreg,face_geometry,10,0.5754970760233917,0,0.4422867971965842,0.334799,1.145891
P27,pick_place,1,pick_place_s1_26.000,26.0,28.0,arousal,3,eeg,logreg,paper_compact,10,0.5704395604395605,1,0.5388621295675372,0.484063,1.384587
P27,pick_place,1,pick_place_s1_26.000,26.0,28.0,valence,1,multimodal,svm,all_eeg_plus_face,5,0.5983333333333333,1,0.6915393693148416,1.159141,2.051224
P27,pick_place,1,pick_place_s1_26.000,26.0,28.0,valence,2,eeg,logreg,all_eeg,8,0.5766666666666667,1,0.5494122119477775,1.063578,1.9098
P27,pick_place,1,pick_place_s1_26.000,26.0,28.0,valence,3,multimodal,logreg,all_eeg_plus_face,10,0.5650000000000001,1,0.5153630470226797,1.127049,1.9378410000000001
P27,pick_place,1,pick_place_s1_27.000,27.0,29.0,arousal,1,eeg,gnb,paper_compact,10,0.5831318681318681,1,0.999768984075642,1.187501,2.5743190000000005
P27,pick_place,1,pick_place_s1_27.000,27.0,29.0,arousal,2,face,logreg,face_geometry,10,0.5754970760233917,0,0.46860440201400283,0.34382,1.14124
P27,pick_place,1,pick_place_s1_27.000,27.0,29.0,arousal,3,eeg,logreg,paper_compact,10,0.5704395604395605,1,0.5707059865011564,0.485202,1.403278
P27,pick_place,1,pick_place_s1_27.000,27.0,29.0,valence,1,multimodal,svm,all_eeg_plus_face,5,0.5983333333333333,1,0.7166609418089698,1.13259,2.051184
P27,pick_place,1,pick_place_s1_27.000,27.0,29.0,valence,2,eeg,logreg,all_eeg,8,0.5766666666666667,1,0.6894698092916343,1.062788,1.8325280000000002
P27,pick_place,1,pick_place_s1_27.000,27.0,29.0,valence,3,multimodal,logreg,all_eeg_plus_face,10,0.5650000000000001,1,0.6705511518141116,1.176451,1.89729
P27,pick_place,1,pick_place_s1_28.000,28.0,30.0,arousal,1,eeg,gnb,paper_compact,10,0.5831318681318681,1,0.9965114336864849,0.796561,1.9437520000000001
P27,pick_place,1,pick_place_s1_28.000,28.0,30.0,arousal,2,face,logreg,face_geometry,10,0.5754970760233917,0,0.4961615839750274,0.355159,1.2303730000000002
P27,pick_place,1,pick_place_s1_28.000,28.0,30.0,arousal,3,eeg,logreg,paper_compact,10,0.5704395604395605,1,0.5446736355256748,0.508714,1.49373
P27,pick_place,1,pick_place_s1_28.000,28.0,30.0,valence,1,multimodal,svm,all_eeg_plus_face,5,0.5983333333333333,1,0.6969643314388067,1.186342,2.166426
P27,pick_place,1,pick_place_s1_28.000,28.0,30.0,valence,2,eeg,logreg,all_eeg,8,0.5766666666666667,1,0.6427076864013568,1.12578,1.9462220000000001
P27,pick_place,1,pick_place_s1_28.000,28.0,30.0,valence,3,multimodal,logreg,all_eeg_plus_face,10,0.5650000000000001,1,0.6258334991794166,1.211252,2.022914
P27,pick_place,1,pick_place_s1_29.000,29.0,31.0,arousal,1,eeg,gnb,paper_compact,10,0.5831318681318681,1,0.502438043282669,1.312185,3.190204
P27,pick_place,1,pick_place_s1_29.000,29.0,31.0,arousal,2,face,logreg,face_geometry,10,0.5754970760233917,1,0.5022855240006685,0.349829,1.1463
P27,pick_place,1,pick_place_s1_29.000,29.0,31.0,arousal,3,eeg,logreg,paper_compact,10,0.5704395604395605,1,0.5508193931154781,0.494753,1.425557
P27,pick_place,1,pick_place_s1_29.000,29.0,31.0,valence,1,multimodal,svm,all_eeg_plus_face,5,0.5983333333333333,1,0.7406156097745746,1.175371,2.101886
P27,pick_place,1,pick_place_s1_29.000,29.0,31.0,valence,2,eeg,logreg,all_eeg,8,0.5766666666666667,1,0.5587382387301871,1.097659,1.9114110000000002
P27,pick_place,1,pick_place_s1_29.000,29.0,31.0,valence,3,multimodal,logreg,all_eeg_plus_face,10,0.5650000000000001,1,0.5442521522126178,1.189602,1.9669919999999999
P27,pick_place,1,pick_place_s1_30.000,30.0,32.0,arousal,1,eeg,gnb,paper_compact,10,0.5831318681318681,0,0.38251941342686724,1.186142,2.982759
P27,pick_place,1,pick_place_s1_30.000,30.0,32.0,arousal,2,face,logreg,face_geometry,10,0.5754970760233917,1,0.5243718286086085,0.543795,1.8596989999999998
P27,pick_place,1,pick_place_s1_30.000,30.0,32.0,arousal,3,eeg,logreg,paper_compact,10,0.5704395604395605,1,0.5020043068397483,0.837392,2.28152
P27,pick_place,1,pick_place_s1_30.000,30.0,32.0,valence,1,multimodal,svm,all_eeg_plus_face,5,0.5983333333333333,1,0.7177392498332805,1.902651,2.223029
P27,pick_place,1,pick_place_s1_30.000,30.0,32.0,valence,2,eeg,logreg,all_eeg,8,0.5766666666666667,1,0.5162802430093528,1.079939,1.927941
P27,pick_place,1,pick_place_s1_30.000,30.0,32.0,valence,3,multimodal,logreg,all_eeg_plus_face,10,0.5650000000000001,1,0.5058873842004893,1.192162,2.013883
P27,pick_place,1,pick_place_s1_31.000,31.0,33.0,arousal,1,eeg,gnb,paper_compact,10,0.5831318681318681,1,0.5679339010627591,0.783471,1.9136009999999999
P27,pick_place,1,pick_place_s1_31.000,31.0,33.0,arousal,2,face,logreg,face_geometry,10,0.5754970760233917,1,0.5007356899230727,0.355709,1.183612
P27,pick_place,1,pick_place_s1_31.000,31.0,33.0,arousal,3,eeg,logreg,paper_compact,10,0.5704395604395605,0,0.4533370314993897,0.507483,1.6326429999999998
P27,pick_place,1,pick_place_s1_31.000,31.0,33.0,valence,1,multimodal,svm,all_eeg_plus_face,5,0.5983333333333333,1,0.6685255368401753,1.841629,3.263885
P27,pick_place,1,pick_place_s1_31.000,31.0,33.0,valence,2,eeg,logreg,all_eeg,8,0.5766666666666667,1,0.5263971202549844,1.776016,2.966508
P27,pick_place,1,pick_place_s1_31.000,31.0,33.0,valence,3,multimodal,logreg,all_eeg_plus_face,10,0.5650000000000001,1,0.5085638640097491,1.849179,3.0772720000000002
P27,pick_place,1,pick_place_s1_32.000,32.0,34.0,arousal,1,eeg,gnb,paper_compact,10,0.5831318681318681,1,0.6923805109729546,0.786791,1.88341
P27,pick_place,1,pick_place_s1_32.000,32.0,34.0,arousal,2,face,logreg,face_geometry,10,0.5754970760233917,0,0.4987467969354865,0.349929,1.169031
P27,pick_place,1,pick_place_s1_32.000,32.0,34.0,arousal,3,eeg,logreg,paper_compact,10,0.5704395604395605,0,0.4931622154478467,0.507784,1.447898
P27,pick_place,1,pick_place_s1_32.000,32.0,34.0,valence,1,multimodal,svm,all_eeg_plus_face,5,0.5983333333333333,1,0.7650774736347205,1.182452,2.084665
P27,pick_place,1,pick_place_s1_32.000,32.0,34.0,valence,2,eeg,logreg,all_eeg,8,0.5766666666666667,1,0.5827636341233662,1.13753,1.9059510000000002
P27,pick_place,1,pick_place_s1_32.000,32.0,34.0,valence,3,multimodal,logreg,all_eeg_plus_face,10,0.5650000000000001,1,0.5597217232669118,1.170131,1.974832
P27,pick_place,1,pick_place_s1_33.000,33.0,35.0,arousal,1,eeg,gnb,paper_compact,10,0.5831318681318681,1,0.973870966981829,0.77692,1.896721
P27,pick_place,1,pick_place_s1_33.000,33.0,35.0,arousal,2,face,logreg,face_geometry,10,0.5754970760233917,1,0.5066720595197077,0.352809,1.1890319999999999
P27,pick_place,1,pick_place_s1_33.000,33.0,35.0,arousal,3,eeg,logreg,paper_compact,10,0.5704395604395605,1,0.5860368190249782,0.505924,1.441578
P27,pick_place,1,pick_place_s1_33.000,33.0,35.0,valence,1,multimodal,svm,all_eeg_plus_face,5,0.5983333333333333,1,0.688262848670214,1.212682,2.1031560000000002
P27,pick_place,1,pick_place_s1_33.000,33.0,35.0,valence,2,eeg,logreg,all_eeg,8,0.5766666666666667,1,0.5571963667698108,1.104829,1.937811
P27,pick_place,1,pick_place_s1_33.000,33.0,35.0,valence,3,multimodal,logreg,all_eeg_plus_face,10,0.5650000000000001,1,0.5064454912381143,1.182111,2.027874
P27,pick_place,1,pick_place_s1_34.000,34.0,36.0,arousal,1,eeg,gnb,paper_compact,10,0.5831318681318681,1,0.6795249447883922,0.817331,1.8332380000000001
P27,pick_place,1,pick_place_s1_34.000,34.0,36.0,arousal,2,face,logreg,face_geometry,10,0.5754970760233917,1,0.5194748682138517,0.340818,1.175551
P27,pick_place,1,pick_place_s1_34.000,34.0,36.0,arousal,3,eeg,logreg,paper_compact,10,0.5704395604395605,1,0.5442471638000302,0.499894,1.433097
P27,pick_place,1,pick_place_s1_34.000,34.0,36.0,valence,1,multimodal,svm,all_eeg_plus_face,5,0.5983333333333333,1,0.6905931622581513,1.204952,2.0877049999999997
P27,pick_place,1,pick_place_s1_34.000,34.0,36.0,valence,2,eeg,logreg,all_eeg,8,0.5766666666666667,0,0.4761020202500968,1.098159,1.9152310000000001
P27,pick_place,1,pick_place_s1_34.000,34.0,36.0,valence,3,multimodal,logreg,all_eeg_plus_face,10,0.5650000000000001,0,0.4491222868409064,1.169391,1.9738319999999998
P27,pick_place,1,pick_place_s1_35.000,35.0,37.0,arousal,1,eeg,gnb,paper_compact,10,0.5831318681318681,1,0.8695196168837783,0.76388,1.8573099999999998
P27,pick_place,1,pick_place_s1_35.000,35.0,37.0,arousal,2,face,logreg,face_geometry,10,0.5754970760233917,1,0.5912076406570853,0.337519,1.1344800000000002
P27,pick_place,1,pick_place_s1_35.000,35.0,37.0,arousal,3,eeg,logreg,paper_compact,10,0.5704395604395605,1,0.5428042135022129,0.486733,1.3865770000000002
P27,pick_place,1,pick_place_s1_35.000,35.0,37.0,valence,1,multimodal,svm,all_eeg_plus_face,5,0.5983333333333333,1,0.6862904639519333,1.458538,3.216825
P27,pick_place,1,pick_place_s1_35.000,35.0,37.0,valence,2,eeg,logreg,all_eeg,8,0.5766666666666667,1,0.5099003689189723,1.703425,2.973188
P27,pick_place,1,pick_place_s1_35.000,35.0,37.0,valence,3,multimodal,logreg,all_eeg_plus_face,10,0.5650000000000001,0,0.49866187915244536,1.808448,3.0390800000000002
P27,pick_place,1,pick_place_s1_36.000,36.0,38.0,arousal,1,eeg,gnb,paper_compact,10,0.5831318681318681,0,0.0058066903149815285,0.78116,1.8931190000000002
P27,pick_place,1,pick_place_s1_36.000,36.0,38.0,arousal,2,face,logreg,face_geometry,10,0.5754970760233917,1,0.5655514071958863,0.37534,1.1637109999999997
P27,pick_place,1,pick_place_s1_36.000,36.0,38.0,arousal,3,eeg,logreg,paper_compact,10,0.5704395604395605,0,0.49388939066107673,0.506453,1.428668
P27,pick_place,1,pick_place_s1_36.000,36.0,38.0,valence,1,multimodal,svm,all_eeg_plus_face,5,0.5983333333333333,1,0.7342269731587393,1.251724,3.146283
P27,pick_place,1,pick_place_s1_36.000,36.0,38.0,valence,2,eeg,logreg,all_eeg,8,0.5766666666666667,0,0.49872140188206954,1.709235,2.969789
P27,pick_place,1,pick_place_s1_36.000,36.0,38.0,valence,3,multimodal,logreg,all_eeg_plus_face,10,0.5650000000000001,0,0.4876108909044756,2.298881,2.8421659999999997
P27,pick_place,1,pick_place_s1_37.000,37.0,39.0,arousal,1,eeg,gnb,paper_compact,10,0.5831318681318681,0,0.09300141625030144,0.787661,1.90539
P27,pick_place,1,pick_place_s1_37.000,37.0,39.0,arousal,2,face,logreg,face_geometry,10,0.5754970760233917,0,0.4957332251456078,0.348309,1.16193
P27,pick_place,1,pick_place_s1_37.000,37.0,39.0,arousal,3,eeg,logreg,paper_compact,10,0.5704395604395605,0,0.4864289915748144,0.548174,1.4459680000000001
P27,pick_place,1,pick_place_s1_37.000,37.0,39.0,valence,1,multimodal,svm,all_eeg_plus_face,5,0.5983333333333333,1,0.7146597514838572,1.220632,2.152437
P27,pick_place,1,pick_place_s1_37.000,37.0,39.0,valence,2,eeg,logreg,all_eeg,8,0.5766666666666667,0,0.495551092492001,1.135841,1.924751
P27,pick_place,1,pick_place_s1_37.000,37.0,39.0,valence,3,multimodal,logreg,all_eeg_plus_face,10,0.5650000000000001,0,0.45173080065293025,1.203662,2.0054730000000003
P27,pick_place,1,pick_place_s1_38.000,38.0,40.0,arousal,1,eeg,gnb,paper_compact,10,0.5831318681318681,1,0.9593382739163294,0.75879,1.773417
P27,pick_place,1,pick_place_s1_38.000,38.0,40.0,arousal,2,face,logreg,face_geometry,10,0.5754970760233917,1,0.5051702946239179,0.349519,1.182602
P27,pick_place,1,pick_place_s1_38.000,38.0,40.0,arousal,3,eeg,logreg,paper_compact,10,0.5704395604395605,1,0.5352505989543048,0.515824,1.4754390000000002
P27,pick_place,1,pick_place_s1_38.000,38.0,40.0,valence,1,multimodal,svm,all_eeg_plus_face,5,0.5983333333333333,1,0.7392772126188709,1.213852,2.059423
P27,pick_place,1,pick_place_s1_38.000,38.0,40.0,valence,2,eeg,logreg,all_eeg,8,0.5766666666666667,1,0.5287244745436175,1.1363,1.964832
P27,pick_place,1,pick_place_s1_38.000,38.0,40.0,valence,3,multimodal,logreg,all_eeg_plus_face,10,0.5650000000000001,1,0.5138244967417721,1.204392,2.017484
P27,pick_place,1,pick_place_s1_39.000,39.0,41.0,arousal,1,eeg,gnb,paper_compact,10,0.5831318681318681,0,1.8904578148437226e-56,0.75553,1.812818
P27,pick_place,1,pick_place_s1_39.000,39.0,41.0,arousal,3,eeg,logreg,paper_compact,10,0.5704395604395605,0,0.24932349627659434,0.508944,1.4375870000000002
P27,pick_place,1,pick_place_s1_39.000,39.0,41.0,valence,2,eeg,logreg,all_eeg,8,0.5766666666666667,0,0.18820867165983868,1.13331,1.90694
P27,pick_place,1,pick_place_s1_40.000,40.0,42.0,arousal,1,eeg,gnb,paper_compact,10,0.5831318681318681,0,3.193495202145424e-06,1.122559,2.851555
P27,pick_place,1,pick_place_s1_40.000,40.0,42.0,arousal,3,eeg,logreg,paper_compact,10,0.5704395604395605,1,0.5108171075602731,0.865612,1.4671489999999998
P27,pick_place,1,pick_place_s1_40.000,40.0,42.0,valence,2,eeg,logreg,all_eeg,8,0.5766666666666667,0,0.16756326938866073,1.154801,1.919131
P27,shape_sorter_observation,1,shape_sorter_observation_s1_21.000,21.0,23.0,arousal,1,eeg,gnb,paper_compact,10,0.5831318681318681,1,0.9732107375563228,1.195152,2.976259
P27,shape_sorter_observation,1,shape_sorter_observation_s1_21.000,21.0,23.0,arousal,2,face,logreg,face_geometry,10,0.5754970760233917,0,0.3973091328950905,0.542994,1.87334
P27,shape_sorter_observation,1,shape_sorter_observation_s1_21.000,21.0,23.0,arousal,3,eeg,logreg,paper_compact,10,0.5704395604395605,0,0.4855572306913144,0.495233,1.456859
P27,shape_sorter_observation,1,shape_sorter_observation_s1_21.000,21.0,23.0,valence,1,multimodal,svm,all_eeg_plus_face,5,0.5983333333333333,0,0.6069544198523198,1.210352,2.148907
P27,shape_sorter_observation,1,shape_sorter_observation_s1_21.000,21.0,23.0,valence,2,eeg,logreg,all_eeg,8,0.5766666666666667,0,0.47883504059983184,1.125859,1.903111
P27,shape_sorter_observation,1,shape_sorter_observation_s1_21.000,21.0,23.0,valence,3,multimodal,logreg,all_eeg_plus_face,10,0.5650000000000001,0,0.4701715876117983,1.169871,1.9756909999999999
P27,shape_sorter_observation,1,shape_sorter_observation_s1_22.000,22.0,24.0,arousal,1,eeg,gnb,paper_compact,10,0.5831318681318681,1,0.963927966113603,1.194642,2.906097
P27,shape_sorter_observation,1,shape_sorter_observation_s1_22.000,22.0,24.0,arousal,2,face,logreg,face_geometry,10,0.5754970760233917,0,0.36863189173451916,0.551685,1.834259
P27,shape_sorter_observation,1,shape_sorter_observation_s1_22.000,22.0,24.0,arousal,3,eeg,logreg,paper_compact,10,0.5704395604395605,0,0.4847986291471327,0.798581,2.2450200000000002
P27,shape_sorter_observation,1,shape_sorter_observation_s1_22.000,22.0,24.0,valence,1,multimodal,svm,all_eeg_plus_face,5,0.5983333333333333,0,0.6512333271012438,1.864029,3.256037
P27,shape_sorter_observation,1,shape_sorter_observation_s1_22.000,22.0,24.0,valence,2,eeg,logreg,all_eeg,8,0.5766666666666667,0,0.4463755214419909,1.710355,3.0197410000000002
P27,shape_sorter_observation,1,shape_sorter_observation_s1_22.000,22.0,24.0,valence,3,multimodal,logreg,all_eeg_plus_face,10,0.5650000000000001,0,0.4398366471778844,1.815018,3.064941
P27,shape_sorter_observation,1,shape_sorter_observation_s1_23.000,23.0,25.0,arousal,1,eeg,gnb,paper_compact,10,0.5831318681318681,0,0.3425629238923957,0.790531,1.87796
P27,shape_sorter_observation,1,shape_sorter_observation_s1_23.000,23.0,25.0,arousal,2,face,logreg,face_geometry,10,0.5754970760233917,0,0.3956817073702123,0.348069,1.1466100000000001
P27,shape_sorter_observation,1,shape_sorter_observation_s1_23.000,23.0,25.0,arousal,3,eeg,logreg,paper_compact,10,0.5704395604395605,0,0.4522968146005938,0.510374,1.474419
P27,shape_sorter_observation,1,shape_sorter_observation_s1_23.000,23.0,25.0,valence,1,multimodal,svm,all_eeg_plus_face,5,0.5983333333333333,0,0.6558413679603491,1.190882,2.090815
P27,shape_sorter_observation,1,shape_sorter_observation_s1_23.000,23.0,25.0,valence,2,eeg,logreg,all_eeg,8,0.5766666666666667,0,0.4713812546005697,1.13631,1.89275
P27,shape_sorter_observation,1,shape_sorter_observation_s1_23.000,23.0,25.0,valence,3,multimodal,logreg,all_eeg_plus_face,10,0.5650000000000001,0,0.4658099730605211,1.17027,1.959122
P27,shape_sorter_observation,1,shape_sorter_observation_s1_24.000,24.0,26.0,arousal,1,eeg,gnb,paper_compact,10,0.5831318681318681,1,0.9367050274967342,0.779311,1.88095
P27,shape_sorter_observation,1,shape_sorter_observation_s1_24.000,24.0,26.0,arousal,2,face,logreg,face_geometry,10,0.5754970760233917,0,0.3923541514389395,0.34926,1.231532
P27,shape_sorter_observation,1,shape_sorter_observation_s1_24.000,24.0,26.0,arousal,3,eeg,logreg,paper_compact,10,0.5704395604395605,1,0.5004423657512111,0.686558,2.22787
P27,shape_sorter_observation,1,shape_sorter_observation_s1_24.000,24.0,26.0,valence,1,multimodal,svm,all_eeg_plus_face,5,0.5983333333333333,1,0.730931578168557,1.819559,3.284747
P27,shape_sorter_observation,1,shape_sorter_observation_s1_24.000,24.0,26.0,valence,2,eeg,logreg,all_eeg,8,0.5766666666666667,1,0.5794503869834936,1.707215,2.976658
P27,shape_sorter_observation,1,shape_sorter_observation_s1_24.000,24.0,26.0,valence,3,multimodal,logreg,all_eeg_plus_face,10,0.5650000000000001,1,0.5525553769664319,1.883179,3.0185410000000004
P27,shape_sorter_observation,1,shape_sorter_observation_s1_25.000,25.0,27.0,arousal,1,eeg,gnb,paper_compact,10,0.5831318681318681,1,0.9921758169964388,0.828412,2.8619559999999997
P27,shape_sorter_observation,1,shape_sorter_observation_s1_25.000,25.0,27.0,arousal,2,face,logreg,face_geometry,10,0.5754970760233917,0,0.39313615156335163,0.544225,1.8603290000000001
P27,shape_sorter_observation,1,shape_sorter_observation_s1_25.000,25.0,27.0,arousal,3,eeg,logreg,paper_compact,10,0.5704395604395605,1,0.5577497795921774,0.790071,2.1677580000000005
P27,shape_sorter_observation,1,shape_sorter_observation_s1_25.000,25.0,27.0,valence,1,multimodal,svm,all_eeg_plus_face,5,0.5983333333333333,1,0.7112660516116341,1.180971,2.097276
P27,shape_sorter_observation,1,shape_sorter_observation_s1_25.000,25.0,27.0,valence,2,eeg,logreg,all_eeg,8,0.5766666666666667,1,0.5288366299540274,1.090789,1.8809799999999999
P27,shape_sorter_observation,1,shape_sorter_observation_s1_25.000,25.0,27.0,valence,3,multimodal,logreg,all_eeg_plus_face,10,0.5650000000000001,0,0.49418408128929603,1.395446,3.020259
P27,shape_sorter_observation,1,shape_sorter_observation_s1_26.000,26.0,28.0,arousal,1,eeg,gnb,paper_compact,10,0.5831318681318681,1,0.9655485531998053,0.76488,1.8536380000000001
P27,shape_sorter_observation,1,shape_sorter_observation_s1_26.000,26.0,28.0,arousal,2,face,logreg,face_geometry,10,0.5754970760233917,0,0.3840288142422576,0.355249,1.150141
P27,shape_sorter_observation,1,shape_sorter_observation_s1_26.000,26.0,28.0,arousal,3,eeg,logreg,paper_compact,10,0.5704395604395605,1,0.5371740721305454,0.501103,1.414828
P27,shape_sorter_observation,1,shape_sorter_observation_s1_26.000,26.0,28.0,valence,1,multimodal,svm,all_eeg_plus_face,5,0.5983333333333333,0,0.6533984038185648,1.185641,2.0718949999999996
P27,shape_sorter_observation,1,shape_sorter_observation_s1_26.000,26.0,28.0,valence,2,eeg,logreg,all_eeg,8,0.5766666666666667,0,0.48373986273051706,1.167331,1.89635
P27,shape_sorter_observation,1,shape_sorter_observation_s1_26.000,26.0,28.0,valence,3,multimodal,logreg,all_eeg_plus_face,10,0.5650000000000001,0,0.46702533630318593,1.166591,1.9665519999999999
P27,shape_sorter_observation,1,shape_sorter_observation_s1_27.000,27.0,29.0,arousal,1,eeg,gnb,paper_compact,10,0.5831318681318681,1,0.8901446308028045,0.76294,1.859669
P27,shape_sorter_observation,1,shape_sorter_observation_s1_27.000,27.0,29.0,arousal,2,face,logreg,face_geometry,10,0.5754970760233917,0,0.4976954721959266,0.348789,1.14462
P27,shape_sorter_observation,1,shape_sorter_observation_s1_27.000,27.0,29.0,arousal,3,eeg,logreg,paper_compact,10,0.5704395604395605,0,0.4962802000825978,0.501073,1.439638
P27,shape_sorter_observation,1,shape_sorter_observation_s1_27.000,27.0,29.0,valence,1,multimodal,svm,all_eeg_plus_face,5,0.5983333333333333,1,0.7666256937807512,1.180472,2.0984949999999998
P27,shape_sorter_observation,1,shape_sorter_observation_s1_27.000,27.0,29.0,valence,2,eeg,logreg,all_eeg,8,0.5766666666666667,1,0.6003025014822871,1.092729,1.876489
P27,shape_sorter_observation,1,shape_sorter_observation_s1_27.000,27.0,29.0,valence,3,multimodal,logreg,all_eeg_plus_face,10,0.5650000000000001,1,0.5558731931778463,1.185891,1.942852
P27,shape_sorter_observation,1,shape_sorter_observation_s1_28.000,28.0,30.0,arousal,1,eeg,gnb,paper_compact,10,0.5831318681318681,1,0.8225166262360742,1.213302,3.094811
P27,shape_sorter_observation,1,shape_sorter_observation_s1_28.000,28.0,30.0,arousal,2,face,logreg,face_geometry,10,0.5754970760233917,0,0.4731551053814201,0.417581,1.15018
P27,shape_sorter_observation,1,shape_sorter_observation_s1_28.000,28.0,30.0,arousal,3,eeg,logreg,paper_compact,10,0.5704395604395605,0,0.46942686838865744,0.498923,1.429668
P27,shape_sorter_observation,1,shape_sorter_observation_s1_28.000,28.0,30.0,valence,1,multimodal,svm,all_eeg_plus_face,5,0.5983333333333333,1,0.7274520447024362,1.190071,2.084936
P27,shape_sorter_observation,1,shape_sorter_observation_s1_28.000,28.0,30.0,valence,2,eeg,logreg,all_eeg,8,0.5766666666666667,1,0.6611616609907092,1.13287,1.90042
P27,shape_sorter_observation,1,shape_sorter_observation_s1_28.000,28.0,30.0,valence,3,multimodal,logreg,all_eeg_plus_face,10,0.5650000000000001,1,0.6286180982810808,1.172931,1.974592
P27,shape_sorter_observation,1,shape_sorter_observation_s1_29.000,29.0,31.0,arousal,1,eeg,gnb,paper_compact,10,0.5831318681318681,1,0.876959162187418,1.226163,1.820777
P27,shape_sorter_observation,1,shape_sorter_observation_s1_29.000,29.0,31.0,arousal,2,face,logreg,face_geometry,10,0.5754970760233917,0,0.471695487390331,0.338289,1.2165419999999998
P27,shape_sorter_observation,1,shape_sorter_observation_s1_29.000,29.0,31.0,arousal,3,eeg,logreg,paper_compact,10,0.5704395604395605,1,0.5181493891771747,0.500684,1.414717
P27,shape_sorter_observation,1,shape_sorter_observation_s1_29.000,29.0,31.0,valence,1,multimodal,svm,all_eeg_plus_face,5,0.5983333333333333,1,0.7144462751849202,1.191451,2.926698
P27,shape_sorter_observation,1,shape_sorter_observation_s1_29.000,29.0,31.0,valence,2,eeg,logreg,all_eeg,8,0.5766666666666667,1,0.6431099898002859,1.737916,2.924528
P27,shape_sorter_observation,1,shape_sorter_observation_s1_29.000,29.0,31.0,valence,3,multimodal,logreg,all_eeg_plus_face,10,0.5650000000000001,1,0.6186948294076297,1.844249,3.142513
P27,shape_sorter_observation,1,shape_sorter_observation_s1_30.000,30.0,32.0,arousal,1,eeg,gnb,paper_compact,10,0.5831318681318681,1,0.903557229177502,0.779311,1.90901
P27,shape_sorter_observation,1,shape_sorter_observation_s1_30.000,30.0,32.0,arousal,2,face,logreg,face_geometry,10,0.5754970760233917,0,0.3928867949239303,0.353259,1.165491
P27,shape_sorter_observation,1,shape_sorter_observation_s1_30.000,30.0,32.0,arousal,3,eeg,logreg,paper_compact,10,0.5704395604395605,0,0.49682760858383124,0.543975,1.4517280000000001
P27,shape_sorter_observation,1,shape_sorter_observation_s1_30.000,30.0,32.0,valence,1,multimodal,svm,all_eeg_plus_face,5,0.5983333333333333,1,0.6928958907098071,1.205172,2.559388
P27,shape_sorter_observation,1,shape_sorter_observation_s1_30.000,30.0,32.0,valence,2,eeg,logreg,all_eeg,8,0.5766666666666667,1,0.5240593127553292,1.704676,3.0436010000000002
P27,shape_sorter_observation,1,shape_sorter_observation_s1_30.000,30.0,32.0,valence,3,multimodal,logreg,all_eeg_plus_face,10,0.5650000000000001,0,0.472642919443106,1.89782,3.037651
P27,shape_sorter_observation,1,shape_sorter_observation_s1_31.000,31.0,33.0,arousal,1,eeg,gnb,paper_compact,10,0.5831318681318681,1,0.8117260656548841,0.75433,1.8510389999999999
P27,shape_sorter_observation,1,shape_sorter_observation_s1_31.000,31.0,33.0,arousal,2,face,logreg,face_geometry,10,0.5754970760233917,0,0.3796647272307498,0.36043,1.154391
P27,shape_sorter_observation,1,shape_sorter_observation_s1_31.000,31.0,33.0,arousal,3,eeg,logreg,paper_compact,10,0.5704395604395605,1,0.511342426516763,0.500914,1.4110470000000002
P27,shape_sorter_observation,1,shape_sorter_observation_s1_31.000,31.0,33.0,valence,1,multimodal,svm,all_eeg_plus_face,5,0.5983333333333333,0,0.6531011772741286,1.191582,2.076575
P27,shape_sorter_observation,1,shape_sorter_observation_s1_31.000,31.0,33.0,valence,2,eeg,logreg,all_eeg,8,0.5766666666666667,1,0.5632109745062913,1.14074,1.8946200000000002
P27,shape_sorter_observation,1,shape_sorter_observation_s1_31.000,31.0,33.0,valence,3,multimodal,logreg,all_eeg_plus_face,10,0.5650000000000001,0,0.49722632655765736,1.16947,1.969143
P27,shape_sorter_observation,1,shape_sorter_observation_s1_32.000,32.0,34.0,arousal,1,eeg,gnb,paper_compact,10,0.5831318681318681,1,0.9993489721280022,0.75608,1.853959
P27,shape_sorter_observation,1,shape_sorter_observation_s1_32.000,32.0,34.0,arousal,2,face,logreg,face_geometry,10,0.5754970760233917,0,0.4210523829336403,0.342549,1.12228
P27,shape_sorter_observation,1,shape_sorter_observation_s1_32.000,32.0,34.0,arousal,3,eeg,logreg,paper_compact,10,0.5704395604395605,1,0.6148842441316729,0.490283,2.684272
P27,shape_sorter_observation,1,shape_sorter_observation_s1_32.000,32.0,34.0,valence,1,multimodal,svm,all_eeg_plus_face,5,0.5983333333333333,1,0.7006558660142548,2.126796,2.032424
P27,shape_sorter_observation,1,shape_sorter_observation_s1_32.000,32.0,34.0,valence,2,eeg,logreg,all_eeg,8,0.5766666666666667,1,0.6378465161379959,1.088779,1.827779
P27,shape_sorter_observation,1,shape_sorter_observation_s1_32.000,32.0,34.0,valence,3,multimodal,logreg,all_eeg_plus_face,10,0.5650000000000001,1,0.5965534097476258,1.13955,1.896611
P27,shape_sorter_observation,1,shape_sorter_observation_s1_33.000,33.0,35.0,arousal,1,eeg,gnb,paper_compact,10,0.5831318681318681,1,0.9996856052061172,0.772221,1.8456290000000002
P27,shape_sorter_observation,1,shape_sorter_observation_s1_33.000,33.0,35.0,arousal,2,face,logreg,face_geometry,10,0.5754970760233917,0,0.3923626940572617,0.353189,1.1674710000000001
P27,shape_sorter_observation,1,shape_sorter_observation_s1_33.000,33.0,35.0,arousal,3,eeg,logreg,paper_compact,10,0.5704395604395605,1,0.5749089842855758,0.501443,1.409258
P27,shape_sorter_observation,1,shape_sorter_observation_s1_33.000,33.0,35.0,valence,1,multimodal,svm,all_eeg_plus_face,5,0.5983333333333333,1,0.6875038321615909,1.220692,2.076105
P27,shape_sorter_observation,1,shape_sorter_observation_s1_33.000,33.0,35.0,valence,2,eeg,logreg,all_eeg,8,0.5766666666666667,1,0.6215070967267736,1.10243,1.8982299999999999
P27,shape_sorter_observation,1,shape_sorter_observation_s1_33.000,33.0,35.0,valence,3,multimodal,logreg,all_eeg_plus_face,10,0.5650000000000001,1,0.5920637803387816,1.166201,1.9742129999999998
P27,shape_sorter_observation,1,shape_sorter_observation_s1_34.000,34.0,36.0,arousal,1,eeg,gnb,paper_compact,10,0.5831318681318681,0,0.48507980850428245,0.7501,1.792378
P27,shape_sorter_observation,1,shape_sorter_observation_s1_34.000,34.0,36.0,arousal,2,face,logreg,face_geometry,10,0.5754970760233917,0,0.4025421080284135,0.339249,1.174671
P27,shape_sorter_observation,1,shape_sorter_observation_s1_34.000,34.0,36.0,arousal,3,eeg,logreg,paper_compact,10,0.5704395604395605,0,0.4638644481507744,0.488953,1.365937
P27,shape_sorter_observation,1,shape_sorter_observation_s1_34.000,34.0,36.0,valence,1,multimodal,svm,all_eeg_plus_face,5,0.5983333333333333,1,0.7152201036629529,1.194751,3.0067690000000002
P27,shape_sorter_observation,1,shape_sorter_observation_s1_34.000,34.0,36.0,valence,2,eeg,logreg,all_eeg,8,0.5766666666666667,1,0.6166445606610731,1.782497,2.9223570000000003
P27,shape_sorter_observation,1,shape_sorter_observation_s1_34.000,34.0,36.0,valence,3,multimodal,logreg,all_eeg_plus_face,10,0.5650000000000001,1,0.5985345281190662,1.801498,3.0440110000000002
P27,shape_sorter_observation,1,shape_sorter_observation_s1_35.000,35.0,37.0,arousal,1,eeg,gnb,paper_compact,10,0.5831318681318681,0,0.13343679308117334,1.171521,2.914277
P27,shape_sorter_observation,1,shape_sorter_observation_s1_35.000,35.0,37.0,arousal,2,face,logreg,face_geometry,10,0.5754970760233917,0,0.4322142066765591,0.546564,1.88314
P27,shape_sorter_observation,1,shape_sorter_observation_s1_35.000,35.0,37.0,arousal,3,eeg,logreg,paper_compact,10,0.5704395604395605,0,0.46953947294784476,0.78548,2.442554
P27,shape_sorter_observation,1,shape_sorter_observation_s1_35.000,35.0,37.0,valence,1,multimodal,svm,all_eeg_plus_face,5,0.5983333333333333,1,0.7271060502206735,1.833759,3.218205
P27,shape_sorter_observation,1,shape_sorter_observation_s1_35.000,35.0,37.0,valence,2,eeg,logreg,all_eeg,8,0.5766666666666667,1,0.6681029503179323,1.700856,2.949298
P27,shape_sorter_observation,1,shape_sorter_observation_s1_35.000,35.0,37.0,valence,3,multimodal,logreg,all_eeg_plus_face,10,0.5650000000000001,1,0.6376130246316085,1.86979,3.210855
P27,shape_sorter_observation,1,shape_sorter_observation_s1_36.000,36.0,38.0,arousal,1,eeg,gnb,paper_compact,10,0.5831318681318681,0,0.13607059506628597,1.722015,1.8308689999999999
P27,shape_sorter_observation,1,shape_sorter_observation_s1_36.000,36.0,38.0,arousal,2,face,logreg,face_geometry,10,0.5754970760233917,0,0.4027271693378184,0.342849,1.185351
P27,shape_sorter_observation,1,shape_sorter_observation_s1_36.000,36.0,38.0,arousal,3,eeg,logreg,paper_compact,10,0.5704395604395605,0,0.45922745974851537,0.509394,1.4337579999999999
P27,shape_sorter_observation,1,shape_sorter_observation_s1_36.000,36.0,38.0,valence,1,multimodal,svm,all_eeg_plus_face,5,0.5983333333333333,1,0.6963987749872417,1.173121,2.795364
P27,shape_sorter_observation,1,shape_sorter_observation_s1_36.000,36.0,38.0,valence,2,eeg,logreg,all_eeg,8,0.5766666666666667,1,0.5516783756067206,1.788058,2.9286659999999998
P27,shape_sorter_observation,1,shape_sorter_observation_s1_36.000,36.0,38.0,valence,3,multimodal,logreg,all_eeg_plus_face,10,0.5650000000000001,1,0.5114684963748597,1.89648,3.1127420000000003
P27,shape_sorter_observation,1,shape_sorter_observation_s1_37.000,37.0,39.0,arousal,1,eeg,gnb,paper_compact,10,0.5831318681318681,0,0.033296008408787985,0.800611,1.894131
P27,shape_sorter_observation,1,shape_sorter_observation_s1_37.000,37.0,39.0,arousal,2,face,logreg,face_geometry,10,0.5754970760233917,0,0.42119704135922653,0.349299,1.184811
P27,shape_sorter_observation,1,shape_sorter_observation_s1_37.000,37.0,39.0,arousal,3,eeg,logreg,paper_compact,10,0.5704395604395605,0,0.43175976598171195,0.514264,1.4583179999999998
P27,shape_sorter_observation,1,shape_sorter_observation_s1_37.000,37.0,39.0,valence,1,multimodal,svm,all_eeg_plus_face,5,0.5983333333333333,1,0.7171283272366532,1.215552,2.138927
P27,shape_sorter_observation,1,shape_sorter_observation_s1_37.000,37.0,39.0,valence,2,eeg,logreg,all_eeg,8,0.5766666666666667,1,0.5754653155079092,1.095439,1.9258009999999999
P27,shape_sorter_observation,1,shape_sorter_observation_s1_37.000,37.0,39.0,valence,3,multimodal,logreg,all_eeg_plus_face,10,0.5650000000000001,1,0.5559260828422244,1.175991,1.9875629999999997
P27,shape_sorter_observation,1,shape_sorter_observation_s1_38.000,38.0,40.0,arousal,1,eeg,gnb,paper_compact,10,0.5831318681318681,1,0.7104339864998999,0.769301,1.856439
P27,shape_sorter_observation,1,shape_sorter_observation_s1_38.000,38.0,40.0,arousal,2,face,logreg,face_geometry,10,0.5754970760233917,1,0.5146691230803156,0.3648,1.159921
P27,shape_sorter_observation,1,shape_sorter_observation_s1_38.000,38.0,40.0,arousal,3,eeg,logreg,paper_compact,10,0.5704395604395605,0,0.466133089196082,0.504124,1.413337
P27,shape_sorter_observation,1,shape_sorter_observation_s1_38.000,38.0,40.0,valence,1,multimodal,svm,all_eeg_plus_face,5,0.5983333333333333,1,0.7323400230645538,1.542521,3.223925
P27,shape_sorter_observation,1,shape_sorter_observation_s1_38.000,38.0,40.0,valence,2,eeg,logreg,all_eeg,8,0.5766666666666667,1,0.5715640469166046,1.701015,3.187625
P27,shape_sorter_observation,1,shape_sorter_observation_s1_38.000,38.0,40.0,valence,3,multimodal,logreg,all_eeg_plus_face,10,0.5650000000000001,1,0.5386650799645231,2.363523,2.173838
P27,shape_sorter_observation,1,shape_sorter_observation_s1_39.000,39.0,41.0,arousal,1,eeg,gnb,paper_compact,10,0.5831318681318681,1,0.6588134719768416,0.77166,1.88304
P27,shape_sorter_observation,1,shape_sorter_observation_s1_39.000,39.0,41.0,arousal,2,face,logreg,face_geometry,10,0.5754970760233917,1,0.5072061623043013,0.350869,1.164511
P27,shape_sorter_observation,1,shape_sorter_observation_s1_39.000,39.0,41.0,arousal,3,eeg,logreg,paper_compact,10,0.5704395604395605,1,0.5334553180692813,0.504944,1.4391280000000002
P27,shape_sorter_observation,1,shape_sorter_observation_s1_39.000,39.0,41.0,valence,1,multimodal,svm,all_eeg_plus_face,5,0.5983333333333333,1,0.7086562464474842,1.192372,2.074775
P27,shape_sorter_observation,1,shape_sorter_observation_s1_39.000,39.0,41.0,valence,2,eeg,logreg,all_eeg,8,0.5766666666666667,1,0.5777237612941076,1.124,1.883549
P27,shape_sorter_observation,1,shape_sorter_observation_s1_39.000,39.0,41.0,valence,3,multimodal,logreg,all_eeg_plus_face,10,0.5650000000000001,1,0.5246393940059443,1.177071,1.966172
P27,shape_sorter_observation,1,shape_sorter_observation_s1_40.000,40.0,42.0,arousal,1,eeg,gnb,paper_compact,10,0.5831318681318681,1,0.8695388677892989,1.178952,3.166544
P27,shape_sorter_observation,1,shape_sorter_observation_s1_40.000,40.0,42.0,arousal,2,face,logreg,face_geometry,10,0.5754970760233917,1,0.5060065116509672,0.689579,2.0633440000000003
P27,shape_sorter_observation,1,shape_sorter_observation_s1_40.000,40.0,42.0,arousal,3,eeg,logreg,paper_compact,10,0.5704395604395605,1,0.5168194616674836,0.493783,1.4003170000000003
P27,shape_sorter_observation,1,shape_sorter_observation_s1_40.000,40.0,42.0,valence,1,multimodal,svm,all_eeg_plus_face,5,0.5983333333333333,1,0.7143744679855277,1.195811,2.050825
P27,shape_sorter_observation,1,shape_sorter_observation_s1_40.000,40.0,42.0,valence,2,eeg,logreg,all_eeg,8,0.5766666666666667,1,0.6628346109413309,1.096389,1.88947
P27,shape_sorter_observation,1,shape_sorter_observation_s1_40.000,40.0,42.0,valence,3,multimodal,logreg,all_eeg_plus_face,10,0.5650000000000001,1,0.6331635173489001,1.167831,1.964342
P27,shape_sorter_observation,1,shape_sorter_observation_s1_41.000,41.0,43.0,arousal,1,eeg,gnb,paper_compact,10,0.5831318681318681,1,0.7717737027553013,1.192681,1.823319
P27,shape_sorter_observation,1,shape_sorter_observation_s1_41.000,41.0,43.0,arousal,2,face,logreg,face_geometry,10,0.5754970760233917,1,0.514618442438828,0.342239,1.168001
P27,shape_sorter_observation,1,shape_sorter_observation_s1_41.000,41.0,43.0,arousal,3,eeg,logreg,paper_compact,10,0.5704395604395605,0,0.45962880379389903,0.509604,1.4091069999999999
P27,shape_sorter_observation,1,shape_sorter_observation_s1_41.000,41.0,43.0,valence,1,multimodal,svm,all_eeg_plus_face,5,0.5983333333333333,1,0.7224753890266782,1.180752,2.096355
P27,shape_sorter_observation,1,shape_sorter_observation_s1_41.000,41.0,43.0,valence,2,eeg,logreg,all_eeg,8,0.5766666666666667,1,0.6542862656755282,1.107329,1.9374809999999998
P27,shape_sorter_observation,1,shape_sorter_observation_s1_41.000,41.0,43.0,valence,3,multimodal,logreg,all_eeg_plus_face,10,0.5650000000000001,1,0.6529013165801604,1.165991,1.996613
P27,shape_sorter_observation,1,shape_sorter_observation_s1_42.000,42.0,44.0,arousal,1,eeg,gnb,paper_compact,10,0.5831318681318681,0,0.025663536178534924,0.75053,1.836128
P27,shape_sorter_observation,1,shape_sorter_observation_s1_42.000,42.0,44.0,arousal,2,face,logreg,face_geometry,10,0.5754970760233917,0,0.49764268313524135,0.344769,1.1271289999999998
P27,shape_sorter_observation,1,shape_sorter_observation_s1_42.000,42.0,44.0,arousal,3,eeg,logreg,paper_compact,10,0.5704395604395605,0,0.427748670808381,0.495183,1.414697
P27,shape_sorter_observation,1,shape_sorter_observation_s1_42.000,42.0,44.0,valence,1,multimodal,svm,all_eeg_plus_face,5,0.5983333333333333,1,0.7337404265897421,1.208162,2.062365
P27,shape_sorter_observation,1,shape_sorter_observation_s1_42.000,42.0,44.0,valence,2,eeg,logreg,all_eeg,8,0.5766666666666667,1,0.6855528365443984,1.11779,1.87682
P27,shape_sorter_observation,1,shape_sorter_observation_s1_42.000,42.0,44.0,valence,3,multimodal,logreg,all_eeg_plus_face,10,0.5650000000000001,1,0.6899318261915414,1.169131,1.961542
P27,shape_sorter_observation,1,shape_sorter_observation_s1_43.000,43.0,45.0,arousal,1,eeg,gnb,paper_compact,10,0.5831318681318681,1,0.885954383241201,1.197972,2.8847560000000003
P27,shape_sorter_observation,1,shape_sorter_observation_s1_43.000,43.0,45.0,arousal,2,face,logreg,face_geometry,10,0.5754970760233917,0,0.4927332837441795,0.548774,1.798548
P27,shape_sorter_observation,1,shape_sorter_observation_s1_43.000,43.0,45.0,arousal,3,eeg,logreg,paper_compact,10,0.5704395604395605,1,0.5331186418529082,0.792751,2.24671
P27,shape_sorter_observation,1,shape_sorter_observation_s1_43.000,43.0,45.0,valence,1,multimodal,svm,all_eeg_plus_face,5,0.5983333333333333,1,0.7407840028276892,1.839429,2.3596830000000004
P27,shape_sorter_observation,1,shape_sorter_observation_s1_43.000,43.0,45.0,valence,2,eeg,logreg,all_eeg,8,0.5766666666666667,1,0.6023117427644653,1.088249,1.87984
P27,shape_sorter_observation,1,shape_sorter_observation_s1_43.000,43.0,45.0,valence,3,multimodal,logreg,all_eeg_plus_face,10,0.5650000000000001,1,0.5896243105972546,1.15835,1.9539220000000002
P27,shape_sorter_observation,1,shape_sorter_observation_s1_44.000,44.0,46.0,arousal,1,eeg,gnb,paper_compact,10,0.5831318681318681,1,0.995281941470329,1.183461,2.728062
P27,shape_sorter_observation,1,shape_sorter_observation_s1_44.000,44.0,46.0,arousal,2,face,logreg,face_geometry,10,0.5754970760233917,0,0.4542524790448607,0.345859,1.1229289999999998
P27,shape_sorter_observation,1,shape_sorter_observation_s1_44.000,44.0,46.0,arousal,3,eeg,logreg,paper_compact,10,0.5704395604395605,1,0.5914434072492495,0.491383,1.4195069999999999
P27,shape_sorter_observation,1,shape_sorter_observation_s1_44.000,44.0,46.0,valence,1,multimodal,svm,all_eeg_plus_face,5,0.5983333333333333,0,0.658965153011677,1.184482,2.113535
P27,shape_sorter_observation,1,shape_sorter_observation_s1_44.000,44.0,46.0,valence,2,eeg,logreg,all_eeg,8,0.5766666666666667,1,0.5145552772124625,1.101429,1.87559
P27,shape_sorter_observation,1,shape_sorter_observation_s1_44.000,44.0,46.0,valence,3,multimodal,logreg,all_eeg_plus_face,10,0.5650000000000001,0,0.4910326778599346,1.206712,1.942901
P27,shape_sorter_observation,1,shape_sorter_observation_s1_45.000,45.0,47.0,arousal,1,eeg,gnb,paper_compact,10,0.5831318681318681,1,0.6898539179361685,1.181061,2.901177
P27,shape_sorter_observation,1,shape_sorter_observation_s1_45.000,45.0,47.0,arousal,2,face,logreg,face_geometry,10,0.5754970760233917,0,0.4306606744604566,0.547375,1.7931970000000002
P27,shape_sorter_observation,1,shape_sorter_observation_s1_45.000,45.0,47.0,arousal,3,eeg,logreg,paper_compact,10,0.5704395604395605,1,0.5140034283413937,0.784411,2.24273
P27,shape_sorter_observation,1,shape_sorter_observation_s1_45.000,45.0,47.0,valence,1,multimodal,svm,all_eeg_plus_face,5,0.5983333333333333,1,0.7269428671731718,1.871359,3.159854
P27,shape_sorter_observation,1,shape_sorter_observation_s1_45.000,45.0,47.0,valence,2,eeg,logreg,all_eeg,8,0.5766666666666667,1,0.6470199524204515,1.739336,2.922317
P27,shape_sorter_observation,1,shape_sorter_observation_s1_45.000,45.0,47.0,valence,3,multimodal,logreg,all_eeg_plus_face,10,0.5650000000000001,1,0.6390718197247443,1.807008,2.928378
P27,shape_sorter_observation,1,shape_sorter_observation_s1_46.000,46.0,48.0,arousal,1,eeg,gnb,paper_compact,10,0.5831318681318681,0,0.0416982767310906,1.181461,2.8561360000000002
P27,shape_sorter_observation,1,shape_sorter_observation_s1_46.000,46.0,48.0,arousal,2,face,logreg,face_geometry,10,0.5754970760233917,0,0.41432450794216324,0.543335,1.778357
P27,shape_sorter_observation,1,shape_sorter_observation_s1_46.000,46.0,48.0,arousal,3,eeg,logreg,paper_compact,10,0.5704395604395605,0,0.458220769871684,0.838552,2.204929
P27,shape_sorter_observation,1,shape_sorter_observation_s1_46.000,46.0,48.0,valence,1,multimodal,svm,all_eeg_plus_face,5,0.5983333333333333,1,0.7061882722564162,1.850779,3.176704
P27,shape_sorter_observation,1,shape_sorter_observation_s1_46.000,46.0,48.0,valence,2,eeg,logreg,all_eeg,8,0.5766666666666667,1,0.6174524356955212,1.701815,2.9703679999999997
P27,shape_sorter_observation,1,shape_sorter_observation_s1_46.000,46.0,48.0,valence,3,multimodal,logreg,all_eeg_plus_face,10,0.5650000000000001,1,0.6027558215973464,1.812448,3.042841
P27,shape_sorter_observation,1,shape_sorter_observation_s1_47.000,47.0,49.0,arousal,1,eeg,gnb,paper_compact,10,0.5831318681318681,0,0.32120373376506345,1.52625,3.663767
P27,shape_sorter_observation,1,shape_sorter_observation_s1_47.000,47.0,49.0,arousal,2,face,logreg,face_geometry,10,0.5754970760233917,0,0.371588128497507,0.692429,1.7967369999999998
P27,shape_sorter_observation,1,shape_sorter_observation_s1_47.000,47.0,49.0,arousal,3,eeg,logreg,paper_compact,10,0.5704395604395605,1,0.5353116568000907,0.498583,1.415888
P27,shape_sorter_observation,1,shape_sorter_observation_s1_47.000,47.0,49.0,valence,1,multimodal,svm,all_eeg_plus_face,5,0.5983333333333333,0,0.6108741004863764,1.184481,2.1219469999999996
P27,shape_sorter_observation,1,shape_sorter_observation_s1_47.000,47.0,49.0,valence,2,eeg,logreg,all_eeg,8,0.5766666666666667,0,0.48366307501861244,1.128989,1.9073
P27,shape_sorter_observation,1,shape_sorter_observation_s1_47.000,47.0,49.0,valence,3,multimodal,logreg,all_eeg_plus_face,10,0.5650000000000001,0,0.44781889462136876,1.162041,1.983333
P27,shape_sorter_observation,1,shape_sorter_observation_s1_48.000,48.0,50.0,arousal,1,eeg,gnb,paper_compact,10,0.5831318681318681,1,0.9392986359377701,0.778941,1.8967399999999999
P27,shape_sorter_observation,1,shape_sorter_observation_s1_48.000,48.0,50.0,arousal,2,face,logreg,face_geometry,10,0.5754970760233917,0,0.38884008683142735,0.352469,1.179862
P27,shape_sorter_observation,1,shape_sorter_observation_s1_48.000,48.0,50.0,arousal,3,eeg,logreg,paper_compact,10,0.5704395604395605,1,0.5914697863856475,0.509634,1.4227280000000002
P27,shape_sorter_observation,1,shape_sorter_observation_s1_48.000,48.0,50.0,valence,1,multimodal,svm,all_eeg_plus_face,5,0.5983333333333333,0,0.6474411285063065,1.224082,2.0886560000000003
P27,shape_sorter_observation,1,shape_sorter_observation_s1_48.000,48.0,50.0,valence,2,eeg,logreg,all_eeg,8,0.5766666666666667,1,0.5610972453051034,1.102469,1.9027310000000002
P27,shape_sorter_observation,1,shape_sorter_observation_s1_48.000,48.0,50.0,valence,3,multimodal,logreg,all_eeg_plus_face,10,0.5650000000000001,1,0.5249511034157688,1.183852,1.994233
P27,shape_sorter_observation,1,shape_sorter_observation_s1_49.000,49.0,51.0,arousal,1,eeg,gnb,paper_compact,10,0.5831318681318681,0,0.35411803795876684,0.771691,1.859018
P27,shape_sorter_observation,1,shape_sorter_observation_s1_49.000,49.0,51.0,arousal,2,face,logreg,face_geometry,10,0.5754970760233917,0,0.4819025359991037,0.357829,1.158411
P27,shape_sorter_observation,1,shape_sorter_observation_s1_49.000,49.0,51.0,arousal,3,eeg,logreg,paper_compact,10,0.5704395604395605,0,0.4439653125165637,0.507273,1.439469
P27,shape_sorter_observation,1,shape_sorter_observation_s1_49.000,49.0,51.0,valence,1,multimodal,svm,all_eeg_plus_face,5,0.5983333333333333,1,0.7075067055589651,1.190331,2.1345470000000004
P27,shape_sorter_observation,1,shape_sorter_observation_s1_49.000,49.0,51.0,valence,2,eeg,logreg,all_eeg,8,0.5766666666666667,1,0.6144726928866064,1.10285,1.89167
P27,shape_sorter_observation,1,shape_sorter_observation_s1_49.000,49.0,51.0,valence,3,multimodal,logreg,all_eeg_plus_face,10,0.5650000000000001,1,0.6019695440672872,1.173451,1.9665030000000001
P27,shape_sorter_observation,1,shape_sorter_observation_s1_50.000,50.0,52.0,arousal,1,eeg,gnb,paper_compact,10,0.5831318681318681,0,0.037604891388891566,1.199361,2.791815
P27,shape_sorter_observation,1,shape_sorter_observation_s1_50.000,50.0,52.0,arousal,2,face,logreg,face_geometry,10,0.5754970760233917,0,0.4908958536648995,0.600676,1.294984
P27,shape_sorter_observation,1,shape_sorter_observation_s1_50.000,50.0,52.0,arousal,3,eeg,logreg,paper_compact,10,0.5704395604395605,0,0.4563912118818365,0.493103,1.4004670000000001
P27,shape_sorter_observation,1,shape_sorter_observation_s1_50.000,50.0,52.0,valence,1,multimodal,svm,all_eeg_plus_face,5,0.5983333333333333,1,0.7076424269627289,1.181821,2.0580049999999996
P27,shape_sorter_observation,1,shape_sorter_observation_s1_50.000,50.0,52.0,valence,2,eeg,logreg,all_eeg,8,0.5766666666666667,1,0.5106086653208864,1.098619,1.87788
P27,shape_sorter_observation,1,shape_sorter_observation_s1_50.000,50.0,52.0,valence,3,multimodal,logreg,all_eeg_plus_face,10,0.5650000000000001,1,0.5030921828215503,1.164711,1.979632
P27,shape_sorter_observation,1,shape_sorter_observation_s1_51.000,51.0,53.0,arousal,1,eeg,gnb,paper_compact,10,0.5831318681318681,1,0.7087384023422441,0.76507,1.822598
P27,shape_sorter_observation,1,shape_sorter_observation_s1_51.000,51.0,53.0,arousal,2,face,logreg,face_geometry,10,0.5754970760233917,0,0.476407954570951,0.35219,1.14224
P27,shape_sorter_observation,1,shape_sorter_observation_s1_51.000,51.0,53.0,arousal,3,eeg,logreg,paper_compact,10,0.5704395604395605,1,0.5027304916517199,0.508903,1.4164080000000001
P27,shape_sorter_observation,1,shape_sorter_observation_s1_51.000,51.0,53.0,valence,1,multimodal,svm,all_eeg_plus_face,5,0.5983333333333333,1,0.7176546615294881,1.206722,2.076605
P27,shape_sorter_observation,1,shape_sorter_observation_s1_51.000,51.0,53.0,valence,2,eeg,logreg,all_eeg,8,0.5766666666666667,1,0.5817495209953534,1.12774,1.895241
P27,shape_sorter_observation,1,shape_sorter_observation_s1_51.000,51.0,53.0,valence,3,multimodal,logreg,all_eeg_plus_face,10,0.5650000000000001,1,0.5360202675733645,1.169431,1.967272
P27,shape_sorter_observation,1,shape_sorter_observation_s1_52.000,52.0,54.0,arousal,1,eeg,gnb,paper_compact,10,0.5831318681318681,1,0.8781932003520583,0.778601,1.89349
P27,shape_sorter_observation,1,shape_sorter_observation_s1_52.000,52.0,54.0,arousal,2,face,logreg,face_geometry,10,0.5754970760233917,0,0.3756658203972565,0.358339,1.163951
P27,shape_sorter_observation,1,shape_sorter_observation_s1_52.000,52.0,54.0,arousal,3,eeg,logreg,paper_compact,10,0.5704395604395605,0,0.47689530113127604,0.504654,1.432668
P27,shape_sorter_observation,1,shape_sorter_observation_s1_52.000,52.0,54.0,valence,1,multimodal,svm,all_eeg_plus_face,5,0.5983333333333333,1,0.7346880234543431,1.184801,2.078455
P27,shape_sorter_observation,1,shape_sorter_observation_s1_52.000,52.0,54.0,valence,2,eeg,logreg,all_eeg,8,0.5766666666666667,1,0.519300463352334,1.135709,1.8946999999999998
P27,shape_sorter_observation,1,shape_sorter_observation_s1_52.000,52.0,54.0,valence,3,multimodal,logreg,all_eeg_plus_face,10,0.5650000000000001,0,0.4726231074729603,1.180341,1.957402
P27,shape_sorter_observation,1,shape_sorter_observation_s1_53.000,53.0,55.0,arousal,1,eeg,gnb,paper_compact,10,0.5831318681318681,1,0.9424903363799045,0.77593,1.860739
P27,shape_sorter_observation,1,shape_sorter_observation_s1_53.000,53.0,55.0,arousal,2,face,logreg,face_geometry,10,0.5754970760233917,0,0.38265906108020065,0.34984,1.14693
P27,shape_sorter_observation,1,shape_sorter_observation_s1_53.000,53.0,55.0,arousal,3,eeg,logreg,paper_compact,10,0.5704395604395605,1,0.5169032351383551,0.503673,1.427548
P27,shape_sorter_observation,1,shape_sorter_observation_s1_53.000,53.0,55.0,valence,1,multimodal,svm,all_eeg_plus_face,5,0.5983333333333333,1,0.7409853044469065,1.212583,2.0854939999999997
P27,shape_sorter_observation,1,shape_sorter_observation_s1_53.000,53.0,55.0,valence,2,eeg,logreg,all_eeg,8,0.5766666666666667,1,0.6159004539993338,1.13737,1.88371
P27,shape_sorter_observation,1,shape_sorter_observation_s1_53.000,53.0,55.0,valence,3,multimodal,logreg,all_eeg_plus_face,10,0.5650000000000001,1,0.5886519822726893,1.168981,1.979082
P27,shape_sorter_observation,1,shape_sorter_observation_s1_54.000,54.0,56.0,arousal,1,eeg,gnb,paper_compact,10,0.5831318681318681,1,0.531922217655051,1.228113,2.825064
P27,shape_sorter_observation,1,shape_sorter_observation_s1_54.000,54.0,56.0,arousal,2,face,logreg,face_geometry,10,0.5754970760233917,0,0.4779222997508635,0.542544,1.87417
P27,shape_sorter_observation,1,shape_sorter_observation_s1_54.000,54.0,56.0,arousal,3,eeg,logreg,paper_compact,10,0.5704395604395605,1,0.545595647632849,0.784,2.2336899999999997
P27,shape_sorter_observation,1,shape_sorter_observation_s1_54.000,54.0,56.0,valence,1,multimodal,svm,all_eeg_plus_face,5,0.5983333333333333,1,0.6716520485832956,1.830908,3.2654870000000003
P27,shape_sorter_observation,1,shape_sorter_observation_s1_54.000,54.0,56.0,valence,2,eeg,logreg,all_eeg,8,0.5766666666666667,1,0.5506491811424287,1.706985,2.947438
P27,shape_sorter_observation,1,shape_sorter_observation_s1_54.000,54.0,56.0,valence,3,multimodal,logreg,all_eeg_plus_face,10,0.5650000000000001,1,0.5221710823758952,1.90056,4.197801
P27,shape_sorter_observation,1,shape_sorter_observation_s1_55.000,55.0,57.0,arousal,1,eeg,gnb,paper_compact,10,0.5831318681318681,0,0.0007941554246686142,0.77154,1.832199
P27,shape_sorter_observation,1,shape_sorter_observation_s1_55.000,55.0,57.0,arousal,2,face,logreg,face_geometry,10,0.5754970760233917,0,0.48679483788131606,0.356089,1.14268
P27,shape_sorter_observation,1,shape_sorter_observation_s1_55.000,55.0,57.0,arousal,3,eeg,logreg,paper_compact,10,0.5704395604395605,0,0.419185394510638,0.516814,1.426098
P27,shape_sorter_observation,1,shape_sorter_observation_s1_55.000,55.0,57.0,valence,1,multimodal,svm,all_eeg_plus_face,5,0.5983333333333333,1,0.7164759063653215,1.215942,2.076183
P27,shape_sorter_observation,1,shape_sorter_observation_s1_55.000,55.0,57.0,valence,2,eeg,logreg,all_eeg,8,0.5766666666666667,1,0.6453760709397605,1.12887,1.88833
P27,shape_sorter_observation,1,shape_sorter_observation_s1_55.000,55.0,57.0,valence,3,multimodal,logreg,all_eeg_plus_face,10,0.5650000000000001,1,0.6194448596189146,1.167691,1.984843
P27,shape_sorter_observation,1,shape_sorter_observation_s1_56.000,56.0,58.0,arousal,1,eeg,gnb,paper_compact,10,0.5831318681318681,0,4.7164274249130574e-08,0.75219,1.863508
P27,shape_sorter_observation,1,shape_sorter_observation_s1_56.000,56.0,58.0,arousal,2,face,logreg,face_geometry,10,0.5754970760233917,0,0.355735247095495,0.37415,1.1360899999999998
P27,shape_sorter_observation,1,shape_sorter_observation_s1_56.000,56.0,58.0,arousal,3,eeg,logreg,paper_compact,10,0.5704395604395605,0,0.37185089822084416,0.500173,1.437248
P27,shape_sorter_observation,1,shape_sorter_observation_s1_56.000,56.0,58.0,valence,1,multimodal,svm,all_eeg_plus_face,5,0.5983333333333333,1,0.7392801572511042,1.225722,2.108226
P27,shape_sorter_observation,1,shape_sorter_observation_s1_56.000,56.0,58.0,valence,2,eeg,logreg,all_eeg,8,0.5766666666666667,1,0.5566419867472713,1.147201,1.88123
P27,shape_sorter_observation,1,shape_sorter_observation_s1_56.000,56.0,58.0,valence,3,multimodal,logreg,all_eeg_plus_face,10,0.5650000000000001,0,0.4572019017745552,1.177501,2.005743
P27,shape_sorter_observation,1,shape_sorter_observation_s1_57.000,57.0,59.0,arousal,1,eeg,gnb,paper_compact,10,0.5831318681318681,0,4.8362383339501956e-14,0.770401,1.750076
P27,shape_sorter_observation,1,shape_sorter_observation_s1_57.000,57.0,59.0,arousal,2,face,logreg,face_geometry,10,0.5754970760233917,0,0.2926030399323714,0.353709,1.159051
P27,shape_sorter_observation,1,shape_sorter_observation_s1_57.000,57.0,59.0,arousal,3,eeg,logreg,paper_compact,10,0.5704395604395605,0,0.2223110981804815,0.533714,1.425098
P27,shape_sorter_observation,1,shape_sorter_observation_s1_57.000,57.0,59.0,valence,1,multimodal,svm,all_eeg_plus_face,5,0.5983333333333333,1,0.7039543330171124,1.200862,2.047974
P27,shape_sorter_observation,1,shape_sorter_observation_s1_57.000,57.0,59.0,valence,2,eeg,logreg,all_eeg,8,0.5766666666666667,0,0.43895932608579197,1.13026,1.942172
P27,shape_sorter_observation,1,shape_sorter_observation_s1_57.000,57.0,59.0,valence,3,multimodal,logreg,all_eeg_plus_face,10,0.5650000000000001,0,0.35251912207968694,1.170011,1.998053
P27,shape_sorter_observation,1,shape_sorter_observation_s1_58.000,58.0,60.0,arousal,1,eeg,gnb,paper_compact,10,0.5831318681318681,0,0.0004514235433576317,0.727669,1.783258
P27,shape_sorter_observation,1,shape_sorter_observation_s1_58.000,58.0,60.0,arousal,3,eeg,logreg,paper_compact,10,0.5704395604395605,0,0.2420251444932439,0.533274,1.422958
P27,shape_sorter_observation,1,shape_sorter_observation_s1_58.000,58.0,60.0,valence,2,eeg,logreg,all_eeg,8,0.5766666666666667,1,0.5279497507563569,1.098699,1.930571
P27,shape_sorter_observation,1,shape_sorter_observation_s1_59.000,59.0,61.0,arousal,1,eeg,gnb,paper_compact,10,0.5831318681318681,0,2.4458837109968023e-09,0.738059,1.7634670000000001
P27,shape_sorter_observation,1,shape_sorter_observation_s1_59.000,59.0,61.0,arousal,3,eeg,logreg,paper_compact,10,0.5704395604395605,0,0.3682139908996947,0.532714,1.442708
P27,shape_sorter_observation,1,shape_sorter_observation_s1_59.000,59.0,61.0,valence,2,eeg,logreg,all_eeg,8,0.5766666666666667,1,0.6999601117651907,1.12671,1.9075209999999998
P27,stack,1,stack_s1_21.000,21.0,23.0,arousal,1,eeg,gnb,paper_compact,10,0.5831318681318681,1,0.8290794305290019,1.190682,2.915607
P27,stack,1,stack_s1_21.000,21.0,23.0,arousal,2,face,logreg,face_geometry,10,0.5754970760233917,0,0.38932763244777874,0.550615,1.8165980000000002
P27,stack,1,stack_s1_21.000,21.0,23.0,arousal,3,eeg,logreg,paper_compact,10,0.5704395604395605,1,0.5285662297695441,0.794351,2.2718399999999996
P27,stack,1,stack_s1_21.000,21.0,23.0,valence,1,multimodal,svm,all_eeg_plus_face,5,0.5983333333333333,1,0.7082418883641785,1.847629,3.206185
P27,stack,1,stack_s1_21.000,21.0,23.0,valence,2,eeg,logreg,all_eeg,8,0.5766666666666667,1,0.5074649364444381,1.761317,2.961129
P27,stack,1,stack_s1_21.000,21.0,23.0,valence,3,multimodal,logreg,all_eeg_plus_face,10,0.5650000000000001,0,0.49359668290924547,1.808938,3.140733
P27,stack,1,stack_s1_22.000,22.0,24.0,arousal,1,eeg,gnb,paper_compact,10,0.5831318681318681,1,0.9771801859171974,0.77909,1.8733099999999998
P27,stack,1,stack_s1_22.000,22.0,24.0,arousal,2,face,logreg,face_geometry,10,0.5754970760233917,0,0.38105912290560223,0.349609,1.178072
P27,stack,1,stack_s1_22.000,22.0,24.0,arousal,3,eeg,logreg,paper_compact,10,0.5704395604395605,1,0.5607018348917041,0.501994,1.4159869999999999
P27,stack,1,stack_s1_22.000,22.0,24.0,valence,1,multimodal,svm,all_eeg_plus_face,5,0.5983333333333333,1,0.7525375165406138,1.214642,2.081025
P27,stack,1,stack_s1_22.000,22.0,24.0,valence,2,eeg,logreg,all_eeg,8,0.5766666666666667,1,0.51712068247306,1.097869,1.9038700000000002
P27,stack,1,stack_s1_22.000,22.0,24.0,valence,3,multimodal,logreg,all_eeg_plus_face,10,0.5650000000000001,0,0.452808825668866,1.172191,1.9764220000000001
P27,stack,1,stack_s1_23.000,23.0,25.0,arousal,1,eeg,gnb,paper_compact,10,0.5831318681318681,1,0.9974451432192166,1.177561,2.851926
P27,stack,1,stack_s1_23.000,23.0,25.0,arousal,2,face,logreg,face_geometry,10,0.5754970760233917,0,0.3877373715280714,0.536625,1.8245280000000001
P27,stack,1,stack_s1_23.000,23.0,25.0,arousal,3,eeg,logreg,paper_compact,10,0.5704395604395605,1,0.5822364178297554,0.781201,2.200819
P27,stack,1,stack_s1_23.000,23.0,25.0,valence,1,multimodal,svm,all_eeg_plus_face,5,0.5983333333333333,0,0.6358773694950924,1.863949,3.198415
P27,stack,1,stack_s1_23.000,23.0,25.0,valence,2,eeg,logreg,all_eeg,8,0.5766666666666667,0,0.4085057976780362,1.694985,2.9142469999999996
P27,stack,1,stack_s1_23.000,23.0,25.0,valence,3,multimodal,logreg,all_eeg_plus_face,10,0.5650000000000001,0,0.34635253258512744,1.13034,1.897511
P27,stack,1,stack_s1_24.000,24.0,26.0,arousal,1,eeg,gnb,paper_compact,10,0.5831318681318681,1,0.7845363834756112,1.557882,2.402934
P27,stack,1,stack_s1_24.000,24.0,26.0,arousal,2,face,logreg,face_geometry,10,0.5754970760233917,0,0.3905744020282411,0.34889,1.171011
P27,stack,1,stack_s1_24.000,24.0,26.0,arousal,3,eeg,logreg,paper_compact,10,0.5704395604395605,1,0.5028191346950367,0.499614,1.426667
P27,stack,1,stack_s1_24.000,24.0,26.0,valence,1,multimodal,svm,all_eeg_plus_face,5,0.5983333333333333,1,0.7237268040646576,1.187331,2.1038959999999998
P27,stack,1,stack_s1_24.000,24.0,26.0,valence,2,eeg,logreg,all_eeg,8,0.5766666666666667,1,0.5836813217142235,1.089678,1.9539620000000002
P27,stack,1,stack_s1_24.000,24.0,26.0,valence,3,multimodal,logreg,all_eeg_plus_face,10,0.5650000000000001,1,0.5659461798190273,1.16042,1.989843
P27,stack,1,stack_s1_25.000,25.0,27.0,arousal,1,eeg,gnb,paper_compact,10,0.5831318681318681,1,0.9341326124718947,1.175811,2.935078
P27,stack,1,stack_s1_25.000,25.0,27.0,arousal,2,face,logreg,face_geometry,10,0.5754970760233917,0,0.39599444672175693,0.537585,1.7861969999999998
P27,stack,1,stack_s1_25.000,25.0,27.0,arousal,3,eeg,logreg,paper_compact,10,0.5704395604395605,1,0.5089473521666747,0.843763,2.204468
P27,stack,1,stack_s1_25.000,25.0,27.0,valence,1,multimodal,svm,all_eeg_plus_face,5,0.5983333333333333,1,0.7327460636904002,1.87608,3.997686
P27,stack,1,stack_s1_25.000,25.0,27.0,valence,2,eeg,logreg,all_eeg,8,0.5766666666666667,1,0.6332276453912958,1.269034,1.9017600000000001
P27,stack,1,stack_s1_25.000,25.0,27.0,valence,3,multimodal,logreg,all_eeg_plus_face,10,0.5650000000000001,1,0.6135409335153814,1.1352,1.917481
P27,stack,1,stack_s1_26.000,26.0,28.0,arousal,1,eeg,gnb,paper_compact,10,0.5831318681318681,0,0.44836789144398215,1.246303,2.150657
P27,stack,1,stack_s1_26.000,26.0,28.0,arousal,2,face,logreg,face_geometry,10,0.5754970760233917,0,0.4055693074018319,0.337209,1.1304299999999998
P27,stack,1,stack_s1_26.000,26.0,28.0,arousal,3,eeg,logreg,paper_compact,10,0.5704395604395605,0,0.47782639245926617,0.503313,1.3978570000000001
P27,stack,1,stack_s1_26.000,26.0,28.0,valence,1,multimodal,svm,all_eeg_plus_face,5,0.5983333333333333,1,0.7235802876585034,1.177552,2.075404
P27,stack,1,stack_s1_26.000,26.0,28.0,valence,2,eeg,logreg,all_eeg,8,0.5766666666666667,1,0.7011058682548909,1.096649,1.9104400000000001
P27,stack,1,stack_s1_26.000,26.0,28.0,valence,3,multimodal,logreg,all_eeg_plus_face,10,0.5650000000000001,1,0.677142339789256,1.159631,1.9340809999999997
P27,stack,1,stack_s1_27.000,27.0,29.0,arousal,1,eeg,gnb,paper_compact,10,0.5831318681318681,0,0.16787689575333428,1.793247,3.6339770000000002
P27,stack,1,stack_s1_27.000,27.0,29.0,arousal,2,face,logreg,face_geometry,10,0.5754970760233917,0,0.4078850371364034,0.354439,1.13286
P27,stack,1,stack_s1_27.000,27.0,29.0,arousal,3,eeg,logreg,paper_compact,10,0.5704395604395605,1,0.5035307746760979,0.492613,1.387157
P27,stack,1,stack_s1_27.000,27.0,29.0,valence,1,multimodal,svm,all_eeg_plus_face,5,0.5983333333333333,1,0.74279123563331,1.211002,2.073515
P27,stack,1,stack_s1_27.000,27.0,29.0,valence,2,eeg,logreg,all_eeg,8,0.5766666666666667,1,0.5405753397085931,1.104309,1.8813600000000001
P27,stack,1,stack_s1_27.000,27.0,29.0,valence,3,multimodal,logreg,all_eeg_plus_face,10,0.5650000000000001,0,0.49628294026894515,1.167281,1.978643
P27,stack,1,stack_s1_28.000,28.0,30.0,arousal,1,eeg,gnb,paper_compact,10,0.5831318681318681,0,5.030292585436245e-07,1.564192,2.861596
P27,stack,1,stack_s1_28.000,28.0,30.0,arousal,2,face,logreg,face_geometry,10,0.5754970760233917,0,0.41503106225099473,0.34064,1.13354
P27,stack,1,stack_s1_28.000,28.0,30.0,arousal,3,eeg,logreg,paper_compact,10,0.5704395604395605,0,0.4839560113084462,0.496024,1.410197
P27,stack,1,stack_s1_28.000,28.0,30.0,valence,1,multimodal,svm,all_eeg_plus_face,5,0.5983333333333333,1,0.7197884697314433,1.205552,2.089446
P27,stack,1,stack_s1_28.000,28.0,30.0,valence,2,eeg,logreg,all_eeg,8,0.5766666666666667,0,0.3509922126737734,1.100229,1.87952
P27,stack,1,stack_s1_28.000,28.0,30.0,valence,3,multimodal,logreg,all_eeg_plus_face,10,0.5650000000000001,0,0.321448894207426,1.202612,1.950842
P27,stack,1,stack_s1_29.000,29.0,31.0,arousal,1,eeg,gnb,paper_compact,10,0.5831318681318681,0,6.190766166714925e-07,0.76419,1.862699
P27,stack,1,stack_s1_29.000,29.0,31.0,arousal,2,face,logreg,face_geometry,10,0.5754970760233917,0,0.3786088696217659,0.344069,1.13625
P27,stack,1,stack_s1_29.000,29.0,31.0,arousal,3,eeg,logreg,paper_compact,10,0.5704395604395605,1,0.5059527761712843,0.495353,1.4219169999999999
P27,stack,1,stack_s1_29.000,29.0,31.0,valence,1,multimodal,svm,all_eeg_plus_face,5,0.5983333333333333,1,0.7025825982083206,1.193922,2.070335
P27,stack,1,stack_s1_29.000,29.0,31.0,valence,2,eeg,logreg,all_eeg,8,0.5766666666666667,0,0.4512184919856586,1.13734,1.88725
P27,stack,1,stack_s1_29.000,29.0,31.0,valence,3,multimodal,logreg,all_eeg_plus_face,10,0.5650000000000001,0,0.41324174111745143,1.164191,1.962272
P27,stack,1,stack_s1_30.000,30.0,32.0,arousal,1,eeg,gnb,paper_compact,10,0.5831318681318681,0,0.17472631448882073,1.225853,2.8141839999999996
P27,stack,1,stack_s1_30.000,30.0,32.0,arousal,2,face,logreg,face_geometry,10,0.5754970760233917,0,0.38106686907228404,0.534464,1.891591
P27,stack,1,stack_s1_30.000,30.0,32.0,arousal,3,eeg,logreg,paper_compact,10,0.5704395604395605,1,0.5375512881541947,0.77691,2.2248599999999996
P27,stack,1,stack_s1_30.000,30.0,32.0,valence,1,multimodal,svm,all_eeg_plus_face,5,0.5983333333333333,1,0.677913110582558,1.822548,3.662507
P27,stack,1,stack_s1_30.000,30.0,32.0,valence,2,eeg,logreg,all_eeg,8,0.5766666666666667,1,0.5143389322889573,1.947652,1.8111270000000002
P27,stack,1,stack_s1_30.000,30.0,32.0,valence,3,multimodal,logreg,all_eeg_plus_face,10,0.5650000000000001,0,0.4730127432028182,1.14128,1.934701
P27,stack,1,stack_s1_31.000,31.0,33.0,arousal,1,eeg,gnb,paper_compact,10,0.5831318681318681,0,0.42362550024427503,0.75428,1.8098880000000002
P27,stack,1,stack_s1_31.000,31.0,33.0,arousal,2,face,logreg,face_geometry,10,0.5754970760233917,0,0.41243245347380086,0.34166,1.14958
P27,stack,1,stack_s1_31.000,31.0,33.0,arousal,3,eeg,logreg,paper_compact,10,0.5704395604395605,1,0.5097808644067555,0.494493,1.412527
P27,stack,1,stack_s1_31.000,31.0,33.0,valence,1,multimodal,svm,all_eeg_plus_face,5,0.5983333333333333,1,0.7227530981868815,1.193111,2.065625
P27,stack,1,stack_s1_31.000,31.0,33.0,valence,2,eeg,logreg,all_eeg,8,0.5766666666666667,1,0.6762677699774188,1.090529,1.9468320000000001
P27,stack,1,stack_s1_31.000,31.0,33.0,valence,3,multimodal,logreg,all_eeg_plus_face,10,0.5650000000000001,1,0.6269638636453186,1.167551,2.009814
P27,stack,1,stack_s1_32.000,32.0,34.0,arousal,1,eeg,gnb,paper_compact,10,0.5831318681318681,0,0.023589223517221838,1.201792,2.9530279999999998
P27,stack,1,stack_s1_32.000,32.0,34.0,arousal,2,face,logreg,face_geometry,10,0.5754970760233917,0,0.4410372161744131,0.550414,1.815619
P27,stack,1,stack_s1_32.000,32.0,34.0,arousal,3,eeg,logreg,paper_compact,10,0.5704395604395605,1,0.5156107074369156,0.813901,2.2428100000000004
P27,stack,1,stack_s1_32.000,32.0,34.0,valence,1,multimodal,svm,all_eeg_plus_face,5,0.5983333333333333,1,0.7106766875009494,1.87551,3.258816
P27,stack,1,stack_s1_32.000,32.0,34.0,valence,2,eeg,logreg,all_eeg,8,0.5766666666666667,0,0.4883255267445347,1.173811,1.8774589999999998
P27,stack,1,stack_s1_32.000,32.0,34.0,valence,3,multimodal,logreg,all_eeg_plus_face,10,0.5650000000000001,0,0.4408182579763025,1.195382,1.951731
P27,stack,1,stack_s1_33.000,33.0,35.0,arousal,1,eeg,gnb,paper_compact,10,0.5831318681318681,1,0.7037335621226491,0.76412,1.8560189999999999
P27,stack,1,stack_s1_33.000,33.0,35.0,arousal,2,face,logreg,face_geometry,10,0.5754970760233917,0,0.4222113382406844,0.35574,1.17158
P27,stack,1,stack_s1_33.000,33.0,35.0,arousal,3,eeg,logreg,paper_compact,10,0.5704395604395605,1,0.5432937036621095,0.504633,1.426718
P27,stack,1,stack_s1_33.000,33.0,35.0,valence,1,multimodal,svm,all_eeg_plus_face,5,0.5983333333333333,1,0.7022116239503208,1.199422,2.0774850000000002
P27,stack,1,stack_s1_33.000,33.0,35.0,valence,2,eeg,logreg,all_eeg,8,0.5766666666666667,0,0.4782978194594695,1.098329,1.939141
P27,stack,1,stack_s1_33.000,33.0,35.0,valence,3,multimodal,logreg,all_eeg_plus_face,10,0.5650000000000001,0,0.44219917482749643,1.167181,1.9858319999999998
P27,stack,1,stack_s1_34.000,34.0,36.0,arousal,1,eeg,gnb,paper_compact,10,0.5831318681318681,0,0.4722133843964079,0.845473,1.8209680000000001
P27,stack,1,stack_s1_34.000,34.0,36.0,arousal,2,face,logreg,face_geometry,10,0.5754970760233917,0,0.3926861253707743,0.337339,1.1737009999999999
P27,stack,1,stack_s1_34.000,34.0,36.0,arousal,3,eeg,logreg,paper_compact,10,0.5704395604395605,1,0.5344673089162879,0.495903,1.406587
P27,stack,1,stack_s1_34.000,34.0,36.0,valence,1,multimodal,svm,all_eeg_plus_face,5,0.5983333333333333,1,0.7796806055956409,1.177612,2.092885
P27,stack,1,stack_s1_34.000,34.0,36.0,valence,2,eeg,logreg,all_eeg,8,0.5766666666666667,0,0.4082463755512218,1.10033,1.9135010000000001
P27,stack,1,stack_s1_34.000,34.0,36.0,valence,3,multimodal,logreg,all_eeg_plus_face,10,0.5650000000000001,0,0.38667295286721975,1.161681,1.961222
P27,stack,1,stack_s1_35.000,35.0,37.0,arousal,1,eeg,gnb,paper_compact,10,0.5831318681318681,1,0.8413015540196329,1.592903,2.002663
P27,stack,1,stack_s1_35.000,35.0,37.0,arousal,2,face,logreg,face_geometry,10,0.5754970760233917,0,0.3980750510835702,0.337929,1.12805
P27,stack,1,stack_s1_35.000,35.0,37.0,arousal,3,eeg,logreg,paper_compact,10,0.5704395604395605,0,0.4915610757897769,0.554365,1.418447
P27,stack,1,stack_s1_35.000,35.0,37.0,valence,1,multimodal,svm,all_eeg_plus_face,5,0.5983333333333333,1,0.6990593659922352,1.209411,2.6168899999999997
P27,stack,1,stack_s1_35.000,35.0,37.0,valence,2,eeg,logreg,all_eeg,8,0.5766666666666667,0,0.44573481928135505,1.704535,3.01772
P27,stack,1,stack_s1_35.000,35.0,37.0,valence,3,multimodal,logreg,all_eeg_plus_face,10,0.5650000000000001,0,0.4136812928348969,1.886,3.02137
P27,stack,1,stack_s1_36.000,36.0,38.0,arousal,1,eeg,gnb,paper_compact,10,0.5831318681318681,1,0.9451531905351934,0.798171,1.807708
P27,stack,1,stack_s1_36.000,36.0,38.0,arousal,2,face,logreg,face_geometry,10,0.5754970760233917,0,0.4180515003084964,0.344239,1.117079
P27,stack,1,stack_s1_36.000,36.0,38.0,arousal,3,eeg,logreg,paper_compact,10,0.5704395604395605,0,0.473242574115068,0.508404,1.390257
P27,stack,1,stack_s1_36.000,36.0,38.0,valence,1,multimodal,svm,all_eeg_plus_face,5,0.5983333333333333,1,0.7432277619087757,1.15594,2.090766
P27,stack,1,stack_s1_36.000,36.0,38.0,valence,2,eeg,logreg,all_eeg,8,0.5766666666666667,0,0.4834415380387367,1.059118,1.8646999999999998
P27,stack,1,stack_s1_36.000,36.0,38.0,valence,3,multimodal,logreg,all_eeg_plus_face,10,0.5650000000000001,0,0.4464548508316786,1.12675,1.9057700000000002
P27,stack,1,stack_s1_37.000,37.0,39.0,arousal,1,eeg,gnb,paper_compact,10,0.5831318681318681,1,0.958314134733216,1.186172,2.907007
P27,stack,1,stack_s1_37.000,37.0,39.0,arousal,2,face,logreg,face_geometry,10,0.5754970760233917,0,0.4181181014195351,0.337729,1.14723
P27,stack,1,stack_s1_37.000,37.0,39.0,arousal,3,eeg,logreg,paper_compact,10,0.5704395604395605,1,0.5323308458929918,0.504453,1.439478
P27,stack,1,stack_s1_37.000,37.0,39.0,valence,1,multimodal,svm,all_eeg_plus_face,5,0.5983333333333333,0,0.6110003332751662,1.172911,2.1034759999999997
P27,stack,1,stack_s1_37.000,37.0,39.0,valence,2,eeg,logreg,all_eeg,8,0.5766666666666667,1,0.512774203259564,1.14732,1.909451
P27,stack,1,stack_s1_37.000,37.0,39.0,valence,3,multimodal,logreg,all_eeg_plus_face,10,0.5650000000000001,0,0.48907912687733257,1.186232,1.974072
P27,stack,1,stack_s1_38.000,38.0,40.0,arousal,1,eeg,gnb,paper_compact,10,0.5831318681318681,1,0.9725090904188223,0.76765,1.847108
P27,stack,1,stack_s1_38.000,38.0,40.0,arousal,2,face,logreg,face_geometry,10,0.5754970760233917,0,0.40480657170233536,0.344119,1.145641
P27,stack,1,stack_s1_38.000,38.0,40.0,arousal,3,eeg,logreg,paper_compact,10,0.5704395604395605,1,0.5300728283045578,0.493923,1.4204080000000001
P27,stack,1,stack_s1_38.000,38.0,40.0,valence,1,multimodal,svm,all_eeg_plus_face,5,0.5983333333333333,1,0.7396849519811446,1.190352,2.076135
P27,stack,1,stack_s1_38.000,38.0,40.0,valence,2,eeg,logreg,all_eeg,8,0.5766666666666667,1,0.5389812214631968,1.13147,1.88276
P27,stack,1,stack_s1_38.000,38.0,40.0,valence,3,multimodal,logreg,all_eeg_plus_face,10,0.5650000000000001,1,0.5335925931858742,1.162561,1.973773
P27,stack,1,stack_s1_39.000,39.0,41.0,arousal,1,eeg,gnb,paper_compact,10,0.5831318681318681,1,0.9598953553756278,1.181881,2.875216
P27,stack,1,stack_s1_39.000,39.0,41.0,arousal,2,face,logreg,face_geometry,10,0.5754970760233917,0,0.43611730312322117,0.540324,1.8028680000000001
P27,stack,1,stack_s1_39.000,39.0,41.0,arousal,3,eeg,logreg,paper_compact,10,0.5704395604395605,1,0.5543335980613162,0.785431,2.202039
P27,stack,1,stack_s1_39.000,39.0,41.0,valence,1,multimodal,svm,all_eeg_plus_face,5,0.5983333333333333,1,0.6932254653920185,1.829949,3.051581
P27,stack,1,stack_s1_39.000,39.0,41.0,valence,2,eeg,logreg,all_eeg,8,0.5766666666666667,0,0.45628166809625925,1.062968,1.86165
P27,stack,1,stack_s1_39.000,39.0,41.0,valence,3,multimodal,logreg,all_eeg_plus_face,10,0.5650000000000001,0,0.4555668571297399,1.15015,1.91994
P27,stack,1,stack_s1_40.000,40.0,42.0,arousal,1,eeg,gnb,paper_compact,10,0.5831318681318681,1,0.9760884903781862,0.77285,1.85606
P27,stack,1,stack_s1_40.000,40.0,42.0,arousal,2,face,logreg,face_geometry,10,0.5754970760233917,0,0.402237399651463,0.34798,1.18138
P27,stack,1,stack_s1_40.000,40.0,42.0,arousal,3,eeg,logreg,paper_compact,10,0.5704395604395605,1,0.5415290142005761,0.504363,1.411948
P27,stack,1,stack_s1_40.000,40.0,42.0,valence,1,multimodal,svm,all_eeg_plus_face,5,0.5983333333333333,1,0.6674688663594681,1.219852,3.140804
P27,stack,1,stack_s1_40.000,40.0,42.0,valence,2,eeg,logreg,all_eeg,8,0.5766666666666667,1,0.5127136185694681,1.715156,2.958499
P27,stack,1,stack_s1_40.000,40.0,42.0,valence,3,multimodal,logreg,all_eeg_plus_face,10,0.5650000000000001,0,0.4829990802535413,1.795627,3.0344610000000003
P27,stack,1,stack_s1_41.000,41.0,43.0,arousal,1,eeg,gnb,paper_compact,10,0.5831318681318681,1,0.9781102621212662,1.185211,2.834585
P27,stack,1,stack_s1_41.000,41.0,43.0,arousal,2,face,logreg,face_geometry,10,0.5754970760233917,0,0.4055372467308222,0.537654,1.809248
P27,stack,1,stack_s1_41.000,41.0,43.0,arousal,3,eeg,logreg,paper_compact,10,0.5704395604395605,1,0.5519501593496481,0.77623,2.2421800000000003
P27,stack,1,stack_s1_41.000,41.0,43.0,valence,1,multimodal,svm,all_eeg_plus_face,5,0.5983333333333333,1,0.7189296396293692,1.312125,2.016703
P27,stack,1,stack_s1_41.000,41.0,43.0,valence,2,eeg,logreg,all_eeg,8,0.5766666666666667,0,0.47315760687558645,1.102399,1.8507889999999998
P27,stack,1,stack_s1_41.000,41.0,43.0,valence,3,multimodal,logreg,all_eeg_plus_face,10,0.5650000000000001,0,0.44224794646336363,1.157331,1.943081
P27,stack,1,stack_s1_42.000,42.0,44.0,arousal,1,eeg,gnb,paper_compact,10,0.5831318681318681,1,0.9855416281344653,0.75932,1.803248
P27,stack,1,stack_s1_42.000,42.0,44.0,arousal,2,face,logreg,face_geometry,10,0.5754970760233917,0,0.4202380735138476,0.341439,1.150941
P27,stack,1,stack_s1_42.000,42.0,44.0,arousal,3,eeg,logreg,paper_compact,10,0.5704395604395605,1,0.5772737214797913,0.498313,1.404347
P27,stack,1,stack_s1_42.000,42.0,44.0,valence,1,multimodal,svm,all_eeg_plus_face,5,0.5983333333333333,0,0.6533999677846869,1.193912,2.069925
P27,stack,1,stack_s1_42.000,42.0,44.0,valence,2,eeg,logreg,all_eeg,8,0.5766666666666667,1,0.5051618402240773,1.09909,1.89507
P27,stack,1,stack_s1_42.000,42.0,44.0,valence,3,multimodal,logreg,all_eeg_plus_face,10,0.5650000000000001,0,0.48196862809917995,1.161421,1.962402
P27,stack,1,stack_s1_43.000,43.0,45.0,arousal,1,eeg,gnb,paper_compact,10,0.5831318681318681,1,0.9953070402165349,0.797771,1.8685880000000001
P27,stack,1,stack_s1_43.000,43.0,45.0,arousal,2,face,logreg,face_geometry,10,0.5754970760233917,0,0.4576016361222433,0.349309,1.1704719999999997
P27,stack,1,stack_s1_43.000,43.0,45.0,arousal,3,eeg,logreg,paper_compact,10,0.5704395604395605,1,0.5788658190226821,0.534015,1.431908
P27,stack,1,stack_s1_43.000,43.0,45.0,valence,1,multimodal,svm,all_eeg_plus_face,5,0.5983333333333333,0,0.626902636696962,1.194462,2.140216
P27,stack,1,stack_s1_43.000,43.0,45.0,valence,2,eeg,logreg,all_eeg,8,0.5766666666666667,1,0.5102147993616858,1.107599,1.927671
P27,stack,1,stack_s1_43.000,43.0,45.0,valence,3,multimodal,logreg,all_eeg_plus_face,10,0.5650000000000001,0,0.4881363464464406,1.179281,1.958192
P27,stack,1,stack_s1_44.000,44.0,46.0,arousal,1,eeg,gnb,paper_compact,10,0.5831318681318681,1,0.9217672758953587,1.186011,2.64011
P27,stack,1,stack_s1_44.000,44.0,46.0,arousal,2,face,logreg,face_geometry,10,0.5754970760233917,0,0.4625038352324147,0.342089,1.1310200000000001
P27,stack,1,stack_s1_44.000,44.0,46.0,arousal,3,eeg,logreg,paper_compact,10,0.5704395604395605,1,0.5261824283912745,0.495333,1.417378
P27,stack,1,stack_s1_44.000,44.0,46.0,valence,1,multimodal,svm,all_eeg_plus_face,5,0.5983333333333333,1,0.7540431164475014,1.176621,2.126857
P27,stack,1,stack_s1_44.000,44.0,46.0,valence,2,eeg,logreg,all_eeg,8,0.5766666666666667,1,0.6061346572119236,1.614833,3.03162
P27,stack,1,stack_s1_44.000,44.0,46.0,valence,3,multimodal,logreg,all_eeg_plus_face,10,0.5650000000000001,1,0.5531723451028397,1.799857,3.1655329999999995
P27,stack,1,stack_s1_45.000,45.0,47.0,arousal,1,eeg,gnb,paper_compact,10,0.5831318681318681,1,0.9651603152094296,1.182761,2.3275819999999996
P27,stack,1,stack_s1_45.000,45.0,47.0,arousal,2,face,logreg,face_geometry,10,0.5754970760233917,0,0.43449761020278904,0.335579,1.108719
P27,stack,1,stack_s1_45.000,45.0,47.0,arousal,3,eeg,logreg,paper_compact,10,0.5704395604395605,1,0.5559858687559709,0.487243,1.391737
P27,stack,1,stack_s1_45.000,45.0,47.0,valence,1,multimodal,svm,all_eeg_plus_face,5,0.5983333333333333,1,0.7218399761802254,1.14353,2.036744
P27,stack,1,stack_s1_45.000,45.0,47.0,valence,2,eeg,logreg,all_eeg,8,0.5766666666666667,1,0.6142883629000373,1.059108,1.821248
P27,stack,1,stack_s1_45.000,45.0,47.0,valence,3,multimodal,logreg,all_eeg_plus_face,10,0.5650000000000001,1,0.5570801665683787,1.154051,1.8843299999999998
P27,stack,1,stack_s1_46.000,46.0,48.0,arousal,1,eeg,gnb,paper_compact,10,0.5831318681318681,1,0.9983984963338313,1.439048,1.814708
P27,stack,1,stack_s1_46.000,46.0,48.0,arousal,2,face,logreg,face_geometry,10,0.5754970760233917,0,0.4639956829321633,0.335559,1.206022
P27,stack,1,stack_s1_46.000,46.0,48.0,arousal,3,eeg,logreg,paper_compact,10,0.5704395604395605,1,0.5467780159708902,0.499943,1.3985969999999999
P27,stack,1,stack_s1_46.000,46.0,48.0,valence,1,multimodal,svm,all_eeg_plus_face,5,0.5983333333333333,1,0.706172964388172,1.198522,2.7969340000000003
P27,stack,1,stack_s1_46.000,46.0,48.0,valence,2,eeg,logreg,all_eeg,8,0.5766666666666667,1,0.5738437358432587,1.779328,2.9104069999999997
P27,stack,1,stack_s1_46.000,46.0,48.0,valence,3,multimodal,logreg,all_eeg_plus_face,10,0.5650000000000001,1,0.5479324744203681,1.89518,3.0391809999999997
P27,stack,1,stack_s1_47.000,47.0,49.0,arousal,1,eeg,gnb,paper_compact,10,0.5831318681318681,1,0.992290934664344,1.168881,2.349623
P27,stack,1,stack_s1_47.000,47.0,49.0,arousal,2,face,logreg,face_geometry,10,0.5754970760233917,0,0.47740971440911123,0.338149,1.116149
P27,stack,1,stack_s1_47.000,47.0,49.0,arousal,3,eeg,logreg,paper_compact,10,0.5704395604395605,1,0.5772180636061713,0.498523,1.414508
P27,stack,1,stack_s1_47.000,47.0,49.0,valence,1,multimodal,svm,all_eeg_plus_face,5,0.5983333333333333,0,0.5827921130144569,1.186761,2.103506
P27,stack,1,stack_s1_47.000,47.0,49.0,valence,2,eeg,logreg,all_eeg,8,0.5766666666666667,0,0.37199521915354444,1.10103,1.87891
P27,stack,1,stack_s1_47.000,47.0,49.0,valence,3,multimodal,logreg,all_eeg_plus_face,10,0.5650000000000001,0,0.3578552099591034,1.204552,1.940441
P27,stack,1,stack_s1_48.000,48.0,50.0,arousal,1,eeg,gnb,paper_compact,10,0.5831318681318681,1,0.9924049175615081,1.622483,1.842339
P27,stack,1,stack_s1_48.000,48.0,50.0,arousal,2,face,logreg,face_geometry,10,0.5754970760233917,0,0.45867241716431456,0.34624,1.16058
P27,stack,1,stack_s1_48.000,48.0,50.0,arousal,3,eeg,logreg,paper_compact,10,0.5704395604395605,1,0.5166846745684343,0.496833,1.390307
P27,stack,1,stack_s1_48.000,48.0,50.0,valence,1,multimodal,svm,all_eeg_plus_face,5,0.5983333333333333,1,0.6720905347259777,1.217263,2.64333
P27,stack,1,stack_s1_48.000,48.0,50.0,valence,2,eeg,logreg,all_eeg,8,0.5766666666666667,1,0.5316043477943746,1.749676,2.926227
P27,stack,1,stack_s1_48.000,48.0,50.0,valence,3,multimodal,logreg,all_eeg_plus_face,10,0.5650000000000001,1,0.5088451423633666,1.863189,3.047121
P27,stack,1,stack_s1_49.000,49.0,51.0,arousal,1,eeg,gnb,paper_compact,10,0.5831318681318681,0,0.013638125275257006,0.762001,1.8353789999999999
P27,stack,1,stack_s1_49.000,49.0,51.0,arousal,2,face,logreg,face_geometry,10,0.5754970760233917,0,0.4574093323585526,0.341349,1.1418300000000001
P27,stack,1,stack_s1_49.000,49.0,51.0,arousal,3,eeg,logreg,paper_compact,10,0.5704395604395605,0,0.49931491162802794,0.497673,1.4174579999999999
P27,stack,1,stack_s1_49.000,49.0,51.0,valence,1,multimodal,svm,all_eeg_plus_face,5,0.5983333333333333,1,0.7168401729776424,1.190441,2.080176
P27,stack,1,stack_s1_49.000,49.0,51.0,valence,2,eeg,logreg,all_eeg,8,0.5766666666666667,1,0.6427211529265218,1.1285,1.88284
P27,stack,1,stack_s1_49.000,49.0,51.0,valence,3,multimodal,logreg,all_eeg_plus_face,10,0.5650000000000001,1,0.6090338770040248,1.166171,1.961452
P27,stack,1,stack_s1_50.000,50.0,52.0,arousal,1,eeg,gnb,paper_compact,10,0.5831318681318681,0,0.04515173978126974,1.173341,2.907047
P27,stack,1,stack_s1_50.000,50.0,52.0,arousal,2,face,logreg,face_geometry,10,0.5754970760233917,0,0.4272995009182554,0.541304,1.814878
P27,stack,1,stack_s1_50.000,50.0,52.0,arousal,3,eeg,logreg,paper_compact,10,0.5704395604395605,1,0.5190030838102677,0.787861,2.26924
P27,stack,1,stack_s1_50.000,50.0,52.0,valence,1,multimodal,svm,all_eeg_plus_face,5,0.5983333333333333,1,0.7093388993744372,1.817698,3.194985
P27,stack,1,stack_s1_50.000,50.0,52.0,valence,2,eeg,logreg,all_eeg,8,0.5766666666666667,1,0.6799580308066818,1.701985,2.3484819999999997
P27,stack,1,stack_s1_50.000,50.0,52.0,valence,3,multimodal,logreg,all_eeg_plus_face,10,0.5650000000000001,1,0.6494165243068312,1.136211,1.959062
P27,stack,1,stack_s1_51.000,51.0,53.0,arousal,1,eeg,gnb,paper_compact,10,0.5831318681318681,1,0.8000015695677604,1.181802,2.909047
P27,stack,1,stack_s1_51.000,51.0,53.0,arousal,2,face,logreg,face_geometry,10,0.5754970760233917,0,0.4179257676775871,0.540655,1.8296080000000001
P27,stack,1,stack_s1_51.000,51.0,53.0,arousal,3,eeg,logreg,paper_compact,10,0.5704395604395605,1,0.540690384419308,0.78466,2.264401
P27,stack,1,stack_s1_51.000,51.0,53.0,valence,1,multimodal,svm,all_eeg_plus_face,5,0.5983333333333333,1,0.6657076154939842,1.829548,3.196745
P27,stack,1,stack_s1_51.000,51.0,53.0,valence,2,eeg,logreg,all_eeg,8,0.5766666666666667,0,0.4760200697623656,1.707445,2.9509990000000004
P27,stack,1,stack_s1_51.000,51.0,53.0,valence,3,multimodal,logreg,all_eeg_plus_face,10,0.5650000000000001,0,0.4123958281064212,1.864459,2.114746
P27,stack,1,stack_s1_52.000,52.0,54.0,arousal,1,eeg,gnb,paper_compact,10,0.5831318681318681,1,0.8428292769195521,1.177011,2.845285
P27,stack,1,stack_s1_52.000,52.0,54.0,arousal,2,face,logreg,face_geometry,10,0.5754970760233917,0,0.4303979056028461,0.542654,1.7847680000000001
P27,stack,1,stack_s1_52.000,52.0,54.0,arousal,3,eeg,logreg,paper_compact,10,0.5704395604395605,1,0.516307822270062,0.778411,2.251869
P27,stack,1,stack_s1_52.000,52.0,54.0,valence,1,multimodal,svm,all_eeg_plus_face,5,0.5983333333333333,0,0.649276394611212,1.898151,2.2377589999999996
P27,stack,1,stack_s1_52.000,52.0,54.0,valence,2,eeg,logreg,all_eeg,8,0.5766666666666667,0,0.3884198630813036,1.088869,1.8761299999999999
P27,stack,1,stack_s1_52.000,52.0,54.0,valence,3,multimodal,logreg,all_eeg_plus_face,10,0.5650000000000001,0,0.3371668798028897,1.161311,2.064194
P27,stack,1,stack_s1_53.000,53.0,55.0,arousal,1,eeg,gnb,paper_compact,10,0.5831318681318681,1,0.9536165314400842,0.75589,1.832639
P27,stack,1,stack_s1_53.000,53.0,55.0,arousal,2,face,logreg,face_geometry,10,0.5754970760233917,0,0.3872429313857658,0.345019,1.13759
P27,stack,1,stack_s1_53.000,53.0,55.0,arousal,3,eeg,logreg,paper_compact,10,0.5704395604395605,1,0.5520743670047064,0.503243,1.404557
P27,stack,1,stack_s1_53.000,53.0,55.0,valence,1,multimodal,svm,all_eeg_plus_face,5,0.5983333333333333,0,0.6539512185340182,1.203991,2.063454
P27,stack,1,stack_s1_53.000,53.0,55.0,valence,2,eeg,logreg,all_eeg,8,0.5766666666666667,0,0.43881250647124026,1.14915,1.8697799999999998
P27,stack,1,stack_s1_53.000,53.0,55.0,valence,3,multimodal,logreg,all_eeg_plus_face,10,0.5650000000000001,0,0.35260402134122387,1.161341,2.000003
P27,stack,1,stack_s1_54.000,54.0,56.0,arousal,1,eeg,gnb,paper_compact,10,0.5831318681318681,0,0.2533146298661787,1.183771,2.806565
P27,stack,1,stack_s1_54.000,54.0,56.0,arousal,2,face,logreg,face_geometry,10,0.5754970760233917,0,0.37682761050226604,0.338339,1.1282
P27,stack,1,stack_s1_54.000,54.0,56.0,arousal,3,eeg,logreg,paper_compact,10,0.5704395604395605,0,0.4533588778380096,0.490373,1.386717
P27,stack,1,stack_s1_54.000,54.0,56.0,valence,1,multimodal,svm,all_eeg_plus_face,5,0.5983333333333333,1,0.7190699624393071,1.17743,2.0747150000000003
P27,stack,1,stack_s1_54.000,54.0,56.0,valence,2,eeg,logreg,all_eeg,8,0.5766666666666667,1,0.5968477006005465,1.090479,1.869709
P27,stack,1,stack_s1_54.000,54.0,56.0,valence,3,multimodal,logreg,all_eeg_plus_face,10,0.5650000000000001,0,0.4825247905360635,1.225822,1.935262
P27,stack,1,stack_s1_55.000,55.0,57.0,arousal,1,eeg,gnb,paper_compact,10,0.5831318681318681,1,0.9782737443285187,0.774871,1.909521
P27,stack,1,stack_s1_55.000,55.0,57.0,arousal,2,face,logreg,face_geometry,10,0.5754970760233917,0,0.4231358345716188,0.34544,1.14165
P27,stack,1,stack_s1_55.000,55.0,57.0,arousal,3,eeg,logreg,paper_compact,10,0.5704395604395605,0,0.48308384766633056,0.498273,1.7343359999999999
P27,stack,1,stack_s1_55.000,55.0,57.0,valence,1,multimodal,svm,all_eeg_plus_face,5,0.5983333333333333,1,0.7069359649915273,1.832628,3.264917
P27,stack,1,stack_s1_55.000,55.0,57.0,valence,2,eeg,logreg,all_eeg,8,0.5766666666666667,1,0.5411335591668107,1.785708,2.919867
P27,stack,1,stack_s1_55.000,55.0,57.0,valence,3,multimodal,logreg,all_eeg_plus_face,10,0.5650000000000001,0,0.4798083521873394,1.852439,3.053051
P27,stack,1,stack_s1_56.000,56.0,58.0,arousal,1,eeg,gnb,paper_compact,10,0.5831318681318681,1,0.9928641059980585,0.77405,1.86078
P27,stack,1,stack_s1_56.000,56.0,58.0,arousal,2,face,logreg,face_geometry,10,0.5754970760233917,0,0.4432995299633685,0.344969,1.148001
P27,stack,1,stack_s1_56.000,56.0,58.0,arousal,3,eeg,logreg,paper_compact,10,0.5704395604395605,1,0.561375018605496,0.501973,1.4294879999999999
P27,stack,1,stack_s1_56.000,56.0,58.0,valence,1,multimodal,svm,all_eeg_plus_face,5,0.5983333333333333,1,0.6742674571529421,1.182002,2.059324
P27,stack,1,stack_s1_56.000,56.0,58.0,valence,2,eeg,logreg,all_eeg,8,0.5766666666666667,0,0.48305861621628815,1.13089,1.8775689999999998
P27,stack,1,stack_s1_56.000,56.0,58.0,valence,3,multimodal,logreg,all_eeg_plus_face,10,0.5650000000000001,0,0.4483359292106518,1.177621,1.947412
P27,stack,1,stack_s1_57.000,57.0,59.0,arousal,1,eeg,gnb,paper_compact,10,0.5831318681318681,1,0.9460728268233604,0.78656,1.8661
P27,stack,1,stack_s1_57.000,57.0,59.0,arousal,2,face,logreg,face_geometry,10,0.5754970760233917,0,0.4241022942299508,0.34997,1.15302
P27,stack,1,stack_s1_57.000,57.0,59.0,arousal,3,eeg,logreg,paper_compact,10,0.5704395604395605,1,0.527357217971519,0.502943,1.4275280000000001
P27,stack,1,stack_s1_57.000,57.0,59.0,valence,1,multimodal,svm,all_eeg_plus_face,5,0.5983333333333333,1,0.756482130782255,1.294834,3.195785
P27,stack,1,stack_s1_57.000,57.0,59.0,valence,2,eeg,logreg,all_eeg,8,0.5766666666666667,1,0.6054071907151513,1.701745,2.9780089999999997
P27,stack,1,stack_s1_57.000,57.0,59.0,valence,3,multimodal,logreg,all_eeg_plus_face,10,0.5650000000000001,1,0.5530337462745472,1.804768,3.044381
P27,stack,1,stack_s1_58.000,58.0,60.0,arousal,1,eeg,gnb,paper_compact,10,0.5831318681318681,0,7.968237827592778e-07,1.186731,2.882567
P27,stack,1,stack_s1_58.000,58.0,60.0,arousal,2,face,logreg,face_geometry,10,0.5754970760233917,0,0.3931446085756334,0.538214,1.7774279999999998
P27,stack,1,stack_s1_58.000,58.0,60.0,arousal,3,eeg,logreg,paper_compact,10,0.5704395604395605,1,0.683056531767865,0.776651,2.2248390000000002
P27,stack,1,stack_s1_58.000,58.0,60.0,valence,1,multimodal,svm,all_eeg_plus_face,5,0.5983333333333333,1,0.6939217599215349,1.845329,3.8047210000000002
P27,stack,1,stack_s1_58.000,58.0,60.0,valence,2,eeg,logreg,all_eeg,8,0.5766666666666667,0,0.11077457117199815,1.532161,1.830409
P27,stack,1,stack_s1_58.000,58.0,60.0,valence,3,multimodal,logreg,all_eeg_plus_face,10,0.5650000000000001,0,0.0802286665476369,1.167481,1.911491
P27,stack,1,stack_s1_59.000,59.0,61.0,arousal,1,eeg,gnb,paper_compact,10,0.5831318681318681,0,1.2915045102180141e-11,1.165461,2.860306
P27,stack,1,stack_s1_59.000,59.0,61.0,arousal,2,face,logreg,face_geometry,10,0.5754970760233917,0,0.4110175987345073,0.337349,1.11564
P27,stack,1,stack_s1_59.000,59.0,61.0,arousal,3,eeg,logreg,paper_compact,10,0.5704395604395605,1,0.7181236392958104,0.485903,1.3826859999999999
P27,stack,1,stack_s1_59.000,59.0,61.0,valence,1,multimodal,svm,all_eeg_plus_face,5,0.5983333333333333,1,0.6824447438672412,1.182102,2.051364
P27,stack,1,stack_s1_59.000,59.0,61.0,valence,2,eeg,logreg,all_eeg,8,0.5766666666666667,0,0.06280579357906405,1.115649,1.8716799999999998
P27,stack,1,stack_s1_59.000,59.0,61.0,valence,3,multimodal,logreg,all_eeg_plus_face,10,0.5650000000000001,0,0.047278188017910464,1.183352,1.934131
P27,stack,1,stack_s1_60.000,60.0,62.0,arousal,1,eeg,gnb,paper_compact,10,0.5831318681318681,0,0.025023803676085667,1.236993,2.8157140000000003
P27,stack,1,stack_s1_60.000,60.0,62.0,arousal,2,face,logreg,face_geometry,10,0.5754970760233917,0,0.4549272005125449,0.554625,1.783397
P27,stack,1,stack_s1_60.000,60.0,62.0,arousal,3,eeg,logreg,paper_compact,10,0.5704395604395605,1,0.5542008674476778,0.780351,2.2393
P27,stack,1,stack_s1_60.000,60.0,62.0,valence,1,multimodal,svm,all_eeg_plus_face,5,0.5983333333333333,1,0.743189855853945,1.829568,2.7466030000000003
P27,stack,1,stack_s1_60.000,60.0,62.0,valence,2,eeg,logreg,all_eeg,8,0.5766666666666667,0,0.48491876919259075,1.047098,1.819868
P27,stack,1,stack_s1_60.000,60.0,62.0,valence,3,multimodal,logreg,all_eeg_plus_face,10,0.5650000000000001,0,0.41122524733297994,1.12993,1.878349
P27,stack,1,stack_s1_61.000,61.0,63.0,arousal,1,eeg,gnb,paper_compact,10,0.5831318681318681,0,0.011073303288193757,1.173481,2.8572059999999997
P27,stack,1,stack_s1_61.000,61.0,63.0,arousal,2,face,logreg,face_geometry,10,0.5754970760233917,0,0.42790841975716565,0.537215,1.771556
P27,stack,1,stack_s1_61.000,61.0,63.0,arousal,3,eeg,logreg,paper_compact,10,0.5704395604395605,0,0.4365859007761651,0.789341,2.195989
P27,stack,1,stack_s1_61.000,61.0,63.0,valence,1,multimodal,svm,all_eeg_plus_face,5,0.5983333333333333,0,0.6544885585785676,1.85042,3.2120949999999997
P27,stack,1,stack_s1_61.000,61.0,63.0,valence,2,eeg,logreg,all_eeg,8,0.5766666666666667,0,0.48199882447666975,1.702285,2.9505579999999996
P27,stack,1,stack_s1_61.000,61.0,63.0,valence,3,multimodal,logreg,all_eeg_plus_face,10,0.5650000000000001,0,0.4392509855603571,1.807628,3.034621
P27,stack,1,stack_s1_62.000,62.0,64.0,arousal,1,eeg,gnb,paper_compact,10,0.5831318681318681,0,0.16780323650060913,1.173361,2.8128750000000005
P27,stack,1,stack_s1_62.000,62.0,64.0,arousal,2,face,logreg,face_geometry,10,0.5754970760233917,0,0.446119375474452,0.533964,1.8053379999999999
P27,stack,1,stack_s1_62.000,62.0,64.0,arousal,3,eeg,logreg,paper_compact,10,0.5704395604395605,0,0.4826471708651651,0.78258,2.25535
P27,stack,1,stack_s1_62.000,62.0,64.0,valence,1,multimodal,svm,all_eeg_plus_face,5,0.5983333333333333,1,0.7396742208625058,1.435189,2.050964
P27,stack,1,stack_s1_62.000,62.0,64.0,valence,2,eeg,logreg,all_eeg,8,0.5766666666666667,0,0.4893918911642789,1.103709,1.87107
P27,stack,1,stack_s1_62.000,62.0,64.0,valence,3,multimodal,logreg,all_eeg_plus_face,10,0.5650000000000001,0,0.4500500273416697,1.181011,1.926331
P27,stack,1,stack_s1_63.000,63.0,65.0,arousal,1,eeg,gnb,paper_compact,10,0.5831318681318681,0,0.011855212328023912,0.76194,1.8311990000000002
P27,stack,1,stack_s1_63.000,63.0,65.0,arousal,2,face,logreg,face_geometry,10,0.5754970760233917,1,0.5115213958502856,0.344789,1.1383699999999999
P27,stack,1,stack_s1_63.000,63.0,65.0,arousal,3,eeg,logreg,paper_compact,10,0.5704395604395605,0,0.4259041498658958,0.504073,1.4031259999999999
P27,stack,1,stack_s1_63.000,63.0,65.0,valence,1,multimodal,svm,all_eeg_plus_face,5,0.5983333333333333,1,0.6889451600704924,1.208892,2.053564
P27,stack,1,stack_s1_63.000,63.0,65.0,valence,2,eeg,logreg,all_eeg,8,0.5766666666666667,1,0.5407180185601347,1.147951,1.869918
P27,stack,1,stack_s1_63.000,63.0,65.0,valence,3,multimodal,logreg,all_eeg_plus_face,10,0.5650000000000001,1,0.5305920567039654,1.15803,1.993993
P27,stack,1,stack_s1_64.000,64.0,66.0,arousal,1,eeg,gnb,paper_compact,10,0.5831318681318681,1,0.7388688924944853,0.75047,1.813498
P27,stack,1,stack_s1_64.000,64.0,66.0,arousal,2,face,logreg,face_geometry,10,0.5754970760233917,0,0.4786143581212511,0.342249,1.1490909999999999
P27,stack,1,stack_s1_64.000,64.0,66.0,arousal,3,eeg,logreg,paper_compact,10,0.5704395604395605,1,0.5360609127882178,0.497994,1.433588
P27,stack,1,stack_s1_64.000,64.0,66.0,valence,1,multimodal,svm,all_eeg_plus_face,5,0.5983333333333333,1,0.6789358097458494,1.183361,2.0640650000000003
P27,stack,1,stack_s1_64.000,64.0,66.0,valence,2,eeg,logreg,all_eeg,8,0.5766666666666667,1,0.5288070277871071,1.12257,1.8853499999999999
P27,stack,1,stack_s1_64.000,64.0,66.0,valence,3,multimodal,logreg,all_eeg_plus_face,10,0.5650000000000001,1,0.5051529007423482,1.158731,1.9591020000000001
P27,stack,1,stack_s1_65.000,65.0,67.0,arousal,1,eeg,gnb,paper_compact,10,0.5831318681318681,0,0.026127360383636545,0.77559,1.9055909999999998
P27,stack,1,stack_s1_65.000,65.0,67.0,arousal,2,face,logreg,face_geometry,10,0.5754970760233917,0,0.48849858363821097,0.345399,1.13834
P27,stack,1,stack_s1_65.000,65.0,67.0,arousal,3,eeg,logreg,paper_compact,10,0.5704395604395605,0,0.49938328477391963,0.491083,1.436498
P27,stack,1,stack_s1_65.000,65.0,67.0,valence,1,multimodal,svm,all_eeg_plus_face,5,0.5983333333333333,1,0.672472792287431,1.182942,2.085195
P27,stack,1,stack_s1_65.000,65.0,67.0,valence,2,eeg,logreg,all_eeg,8,0.5766666666666667,1,0.5617697059618944,1.094829,1.888281
P27,stack,1,stack_s1_65.000,65.0,67.0,valence,3,multimodal,logreg,all_eeg_plus_face,10,0.5650000000000001,1,0.5217152512777474,1.203192,1.9428809999999999
P27,stack,1,stack_s1_66.000,66.0,68.0,arousal,1,eeg,gnb,paper_compact,10,0.5831318681318681,0,2.62966839421263e-06,0.790861,1.874309
P27,stack,1,stack_s1_66.000,66.0,68.0,arousal,2,face,logreg,face_geometry,10,0.5754970760233917,0,0.4930071535235659,0.344839,1.2011720000000001
P27,stack,1,stack_s1_66.000,66.0,68.0,arousal,3,eeg,logreg,paper_compact,10,0.5704395604395605,0,0.44513352954705604,0.499143,1.4573489999999998
P27,stack,1,stack_s1_66.000,66.0,68.0,valence,1,multimodal,svm,all_eeg_plus_face,5,0.5983333333333333,1,0.7307933790666102,1.214822,2.104166
P27,stack,1,stack_s1_66.000,66.0,68.0,valence,2,eeg,logreg,all_eeg,8,0.5766666666666667,1,0.5402059630046012,1.096229,1.927011
P27,stack,1,stack_s1_66.000,66.0,68.0,valence,3,multimodal,logreg,all_eeg_plus_face,10,0.5650000000000001,0,0.4843278053909733,1.203522,2.000893
P27,stack,1,stack_s1_67.000,67.0,69.0,arousal,1,eeg,gnb,paper_compact,10,0.5831318681318681,0,1.203574437212688e-06,1.167351,2.927258
P27,stack,1,stack_s1_67.000,67.0,69.0,arousal,2,face,logreg,face_geometry,10,0.5754970760233917,0,0.421100615056615,0.537064,1.818648
P27,stack,1,stack_s1_67.000,67.0,69.0,arousal,3,eeg,logreg,paper_compact,10,0.5704395604395605,1,0.5091462523928847,0.783061,1.933491
P27,stack,1,stack_s1_67.000,67.0,69.0,valence,1,multimodal,svm,all_eeg_plus_face,5,0.5983333333333333,1,0.69277534617107,1.189572,2.079785
P27,stack,1,stack_s1_67.000,67.0,69.0,valence,2,eeg,logreg,all_eeg,8,0.5766666666666667,0,0.3111621928117825,1.11658,1.89486
P27,stack,1,stack_s1_67.000,67.0,69.0,valence,3,multimodal,logreg,all_eeg_plus_face,10,0.5650000000000001,0,0.27450355480037403,1.15173,2.003443
P27,stack,1,stack_s1_68.000,68.0,70.0,arousal,1,eeg,gnb,paper_compact,10,0.5831318681318681,0,9.367840474249129e-07,0.75554,1.7724469999999999
P27,stack,1,stack_s1_68.000,68.0,70.0,arousal,2,face,logreg,face_geometry,10,0.5754970760233917,0,0.35727515498313284,0.345089,1.14012
P27,stack,1,stack_s1_68.000,68.0,70.0,arousal,3,eeg,logreg,paper_compact,10,0.5704395604395605,0,0.4705867854199513,0.503144,1.468909
P27,stack,1,stack_s1_68.000,68.0,70.0,valence,1,multimodal,svm,all_eeg_plus_face,5,0.5983333333333333,1,0.69294821693035,1.167861,2.0658849999999997
P27,stack,1,stack_s1_68.000,68.0,70.0,valence,2,eeg,logreg,all_eeg,8,0.5766666666666667,0,0.2584522690176372,1.123149,1.912829
P27,stack,1,stack_s1_68.000,68.0,70.0,valence,3,multimodal,logreg,all_eeg_plus_face,10,0.5650000000000001,0,0.2342170890285909,1.188652,1.9715719999999999
P27,stack,1,stack_s1_69.000,69.0,71.0,arousal,1,eeg,gnb,paper_compact,10,0.5831318681318681,0,0.00022763449292983006,0.75314,1.756097
P27,stack,1,stack_s1_69.000,69.0,71.0,arousal,3,eeg,logreg,paper_compact,10,0.5704395604395605,0,0.4003297736317168,0.537934,1.4823389999999999
P27,stack,1,stack_s1_69.000,69.0,71.0,valence,2,eeg,logreg,all_eeg,8,0.5766666666666667,1,0.6469422481638285,1.107649,1.9398019999999998
P27,sisyphus,1,sisyphus_s1_22.000,22.0,24.0,arousal,1,eeg,gnb,paper_compact,10,0.5831318681318681,0,0.2478534524898091,0.75198,1.816819
P27,sisyphus,1,sisyphus_s1_22.000,22.0,24.0,arousal,2,face,logreg,face_geometry,10,0.5754970760233917,0,0.36688091881821305,0.340069,1.12082
P27,sisyphus,1,sisyphus_s1_22.000,22.0,24.0,arousal,3,eeg,logreg,paper_compact,10,0.5704395604395605,0,0.44357831671683823,0.483253,1.367336
P27,sisyphus,1,sisyphus_s1_22.000,22.0,24.0,valence,1,multimodal,svm,all_eeg_plus_face,5,0.5983333333333333,1,0.7286091472518141,1.13605,2.018084
P27,sisyphus,1,sisyphus_s1_22.000,22.0,24.0,valence,2,eeg,logreg,all_eeg,8,0.5766666666666667,1,0.5740385443468387,1.054278,1.8649290000000003
P27,sisyphus,1,sisyphus_s1_22.000,22.0,24.0,valence,3,multimodal,logreg,all_eeg_plus_face,10,0.5650000000000001,1,0.5601484517973369,1.120959,1.88825
P27,sisyphus,1,sisyphus_s1_23.000,23.0,25.0,arousal,1,eeg,gnb,paper_compact,10,0.5831318681318681,0,0.28627253533255964,1.184881,2.7801039999999997
P27,sisyphus,1,sisyphus_s1_23.000,23.0,25.0,arousal,2,face,logreg,face_geometry,10,0.5754970760233917,0,0.3900156225967694,0.339349,1.12494
P27,sisyphus,1,sisyphus_s1_23.000,23.0,25.0,arousal,3,eeg,logreg,paper_compact,10,0.5704395604395605,0,0.4202571056825039,0.491533,1.4134579999999999
P27,sisyphus,1,sisyphus_s1_23.000,23.0,25.0,valence,1,multimodal,svm,all_eeg_plus_face,5,0.5983333333333333,1,0.6821798655611062,1.171501,2.074455
P27,sisyphus,1,sisyphus_s1_23.000,23.0,25.0,valence,2,eeg,logreg,all_eeg,8,0.5766666666666667,1,0.5067453991931616,1.113189,1.87959
P27,sisyphus,1,sisyphus_s1_23.000,23.0,25.0,valence,3,multimodal,logreg,all_eeg_plus_face,10,0.5650000000000001,0,0.4868039115038419,1.180772,1.942021
P27,sisyphus,1,sisyphus_s1_24.000,24.0,26.0,arousal,1,eeg,gnb,paper_compact,10,0.5831318681318681,0,0.029472892352320704,1.176031,2.844796
P27,sisyphus,1,sisyphus_s1_24.000,24.0,26.0,arousal,2,face,logreg,face_geometry,10,0.5754970760233917,0,0.38881093126852606,0.536145,1.818178
P27,sisyphus,1,sisyphus_s1_24.000,24.0,26.0,arousal,3,eeg,logreg,paper_compact,10,0.5704395604395605,0,0.47032393058906674,0.779041,2.218859
P27,sisyphus,1,sisyphus_s1_24.000,24.0,26.0,valence,1,multimodal,svm,all_eeg_plus_face,5,0.5983333333333333,1,0.7668986287090436,1.815988,3.183174
P27,sisyphus,1,sisyphus_s1_24.000,24.0,26.0,valence,2,eeg,logreg,all_eeg,8,0.5766666666666667,0,0.4781443555306689,1.700306,2.244668
P27,sisyphus,1,sisyphus_s1_24.000,24.0,26.0,valence,3,multimodal,logreg,all_eeg_plus_face,10,0.5650000000000001,0,0.4430006290295166,1.1303,1.9695019999999999
P27,sisyphus,1,sisyphus_s1_25.000,25.0,27.0,arousal,1,eeg,gnb,paper_compact,10,0.5831318681318681,0,1.2252596380862708e-69,1.187962,2.9178469999999996
P27,sisyphus,1,sisyphus_s1_25.000,25.0,27.0,arousal,2,face,logreg,face_geometry,10,0.5754970760233917,0,0.4637397045525538,0.537584,1.834519
P27,sisyphus,1,sisyphus_s1_25.000,25.0,27.0,arousal,3,eeg,logreg,paper_compact,10,0.5704395604395605,1,0.6883286385046781,0.784821,2.206109
P27,sisyphus,1,sisyphus_s1_25.000,25.0,27.0,valence,1,multimodal,svm,all_eeg_plus_face,5,0.5983333333333333,1,0.6929482171026871,1.853349,3.238066
P27,sisyphus,1,sisyphus_s1_25.000,25.0,27.0,valence,2,eeg,logreg,all_eeg,8,0.5766666666666667,0,6.986938329218581e-15,1.699785,2.945088
P27,sisyphus,1,sisyphus_s1_25.000,25.0,27.0,valence,3,multimodal,logreg,all_eeg_plus_face,10,0.5650000000000001,0,7.409550413555479e-14,1.796988,3.02995
P27,sisyphus,1,sisyphus_s1_26.000,26.0,28.0,arousal,1,eeg,gnb,paper_compact,10,0.5831318681318681,0,1.8059078406245127e-65,1.200532,2.8951870000000004
P27,sisyphus,1,sisyphus_s1_26.000,26.0,28.0,arousal,2,face,logreg,face_geometry,10,0.5754970760233917,1,0.5436842999743585,0.544594,1.789098
P27,sisyphus,1,sisyphus_s1_26.000,26.0,28.0,arousal,3,eeg,logreg,paper_compact,10,0.5704395604395605,1,0.7210771960630183,0.781751,2.254109
P27,sisyphus,1,sisyphus_s1_26.000,26.0,28.0,valence,1,multimodal,svm,all_eeg_plus_face,5,0.5983333333333333,1,0.6929482171026871,1.830958,3.917064
P27,sisyphus,1,sisyphus_s1_26.000,26.0,28.0,valence,2,eeg,logreg,all_eeg,8,0.5766666666666667,0,2.206922902021426e-20,1.392297,1.836808
P27,sisyphus,1,sisyphus_s1_26.000,26.0,28.0,valence,3,multimodal,logreg,all_eeg_plus_face,10,0.5650000000000001,0,6.781234604150337e-19,1.191411,1.939812
P27,sisyphus,1,sisyphus_s1_27.000,27.0,29.0,arousal,1,eeg,gnb,paper_compact,10,0.5831318681318681,1,0.9561410768486888,0.74705,1.7882479999999998
P27,sisyphus,1,sisyphus_s1_27.000,27.0,29.0,arousal,2,face,logreg,face_geometry,10,0.5754970760233917,1,0.5033856558020561,0.330659,1.106519
P27,sisyphus,1,sisyphus_s1_27.000,27.0,29.0,arousal,3,eeg,logreg,paper_compact,10,0.5704395604395605,1,0.6165165367629574,0.478723,1.370636
P27,sisyphus,1,sisyphus_s1_27.000,27.0,29.0,valence,1,multimodal,svm,all_eeg_plus_face,5,0.5983333333333333,1,0.6929482171026871,1.141901,2.035284
P27,sisyphus,1,sisyphus_s1_27.000,27.0,29.0,valence,2,eeg,logreg,all_eeg,8,0.5766666666666667,0,0.03117148895460587,1.062298,1.8482890000000003
P27,sisyphus,1,sisyphus_s1_27.000,27.0,29.0,valence,3,multimodal,logreg,all_eeg_plus_face,10,0.5650000000000001,0,0.029547302161589732,1.13147,1.900811
P27,sisyphus,1,sisyphus_s1_28.000,28.0,30.0,arousal,1,eeg,gnb,paper_compact,10,0.5831318681318681,1,0.5574197328630818,0.75821,1.8384289999999999
P27,sisyphus,1,sisyphus_s1_28.000,28.0,30.0,arousal,2,face,logreg,face_geometry,10,0.5754970760233917,0,0.4439615225634764,0.348709,1.1371
P27,sisyphus,1,sisyphus_s1_28.000,28.0,30.0,arousal,3,eeg,logreg,paper_compact,10,0.5704395604395605,1,0.5636973506386423,0.491923,1.4118579999999998
P27,sisyphus,1,sisyphus_s1_28.000,28.0,30.0,valence,1,multimodal,svm,all_eeg_plus_face,5,0.5983333333333333,1,0.689875266493574,1.598862,3.185465
P27,sisyphus,1,sisyphus_s1_28.000,28.0,30.0,valence,2,eeg,logreg,all_eeg,8,0.5766666666666667,0,0.3231910320119641,1.699725,2.984539
P27,sisyphus,1,sisyphus_s1_28.000,28.0,30.0,valence,3,multimodal,logreg,all_eeg_plus_face,10,0.5650000000000001,0,0.29178679623278714,1.808898,3.045351
P27,sisyphus,1,sisyphus_s1_29.000,29.0,31.0,arousal,1,eeg,gnb,paper_compact,10,0.5831318681318681,1,0.6945101028875091,1.178592,2.874286
P27,sisyphus,1,sisyphus_s1_29.000,29.0,31.0,arousal,2,face,logreg,face_geometry,10,0.5754970760233917,0,0.3960217297065537,0.534344,1.788588
P27,sisyphus,1,sisyphus_s1_29.000,29.0,31.0,arousal,3,eeg,logreg,paper_compact,10,0.5704395604395605,0,0.4941604618805054,0.779681,2.2139990000000003
P27,sisyphus,1,sisyphus_s1_29.000,29.0,31.0,valence,1,multimodal,svm,all_eeg_plus_face,5,0.5983333333333333,1,0.710156728714836,1.821008,2.921948
P27,sisyphus,1,sisyphus_s1_29.000,29.0,31.0,valence,2,eeg,logreg,all_eeg,8,0.5766666666666667,1,0.5475531060746193,1.067588,1.843309
P27,sisyphus,1,sisyphus_s1_29.000,29.0,31.0,valence,3,multimodal,logreg,all_eeg_plus_face,10,0.5650000000000001,1,0.5163949702998437,1.145551,1.9207910000000001
P27,sisyphus,1,sisyphus_s1_30.000,30.0,32.0,arousal,1,eeg,gnb,paper_compact,10,0.5831318681318681,1,0.5943989897484289,1.173361,2.823384
P27,sisyphus,1,sisyphus_s1_30.000,30.0,32.0,arousal,2,face,logreg,face_geometry,10,0.5754970760233917,0,0.3939351602691372,0.533344,1.812388
P27,sisyphus,1,sisyphus_s1_30.000,30.0,32.0,arousal,3,eeg,logreg,paper_compact,10,0.5704395604395605,1,0.5314541425812345,0.775801,2.178918
P27,sisyphus,1,sisyphus_s1_30.000,30.0,32.0,valence,1,multimodal,svm,all_eeg_plus_face,5,0.5983333333333333,1,0.674162982584902,1.868409,3.215366
P27,sisyphus,1,sisyphus_s1_30.000,30.0,32.0,valence,2,eeg,logreg,all_eeg,8,0.5766666666666667,0,0.4957362918226809,1.702475,2.9366380000000003
P27,sisyphus,1,sisyphus_s1_30.000,30.0,32.0,valence,3,multimodal,logreg,all_eeg_plus_face,10,0.5650000000000001,0,0.45922165999453723,1.798747,3.00625
P27,sisyphus,1,sisyphus_s1_31.000,31.0,33.0,arousal,1,eeg,gnb,paper_compact,10,0.5831318681318681,0,0.0003587754143266553,0.78232,1.8497999999999999
P27,sisyphus,1,sisyphus_s1_31.000,31.0,33.0,arousal,2,face,logreg,face_geometry,10,0.5754970760233917,0,0.38589880069710103,0.35447,1.1478599999999999
P27,sisyphus,1,sisyphus_s1_31.000,31.0,33.0,arousal,3,eeg,logreg,paper_compact,10,0.5704395604395605,0,0.49484682064151453,0.501093,1.422978
P27,sisyphus,1,sisyphus_s1_31.000,31.0,33.0,valence,1,multimodal,svm,all_eeg_plus_face,5,0.5983333333333333,1,0.689168804157053,1.203552,2.069905
P27,sisyphus,1,sisyphus_s1_31.000,31.0,33.0,valence,2,eeg,logreg,all_eeg,8,0.5766666666666667,0,0.40165459212614935,1.141601,1.8778
P27,sisyphus,1,sisyphus_s1_31.000,31.0,33.0,valence,3,multimodal,logreg,all_eeg_plus_face,10,0.5650000000000001,0,0.38722369598269446,1.157441,2.006133
P27,sisyphus,1,sisyphus_s1_32.000,32.0,34.0,arousal,1,eeg,gnb,paper_compact,10,0.5831318681318681,0,0.08165464459370975,0.766361,1.8355190000000001
P27,sisyphus,1,sisyphus_s1_32.000,32.0,34.0,arousal,2,face,logreg,face_geometry,10,0.5754970760233917,0,0.3570531149666659,0.340939,1.1590310000000001
P27,sisyphus,1,sisyphus_s1_32.000,32.0,34.0,arousal,3,eeg,logreg,paper_compact,10,0.5704395604395605,1,0.503677183283139,0.497063,1.406836
P27,sisyphus,1,sisyphus_s1_32.000,32.0,34.0,valence,1,multimodal,svm,all_eeg_plus_face,5,0.5983333333333333,1,0.6739278287347126,1.166031,2.866766
P27,sisyphus,1,sisyphus_s1_32.000,32.0,34.0,valence,2,eeg,logreg,all_eeg,8,0.5766666666666667,0,0.46859055782063347,1.735726,2.897007
P27,sisyphus,1,sisyphus_s1_32.000,32.0,34.0,valence,3,multimodal,logreg,all_eeg_plus_face,10,0.5650000000000001,0,0.4662068566351031,1.830848,3.039981
P27,sisyphus,1,sisyphus_s1_33.000,33.0,35.0,arousal,1,eeg,gnb,paper_compact,10,0.5831318681318681,1,0.6255187780709679,0.76414,1.836949
P27,sisyphus,1,sisyphus_s1_33.000,33.0,35.0,arousal,2,face,logreg,face_geometry,10,0.5754970760233917,0,0.3722051930037937,0.339309,1.13171
P27,sisyphus,1,sisyphus_s1_33.000,33.0,35.0,arousal,3,eeg,logreg,paper_compact,10,0.5704395604395605,0,0.48138855160095906,0.492273,1.426798
P27,sisyphus,1,sisyphus_s1_33.000,33.0,35.0,valence,1,multimodal,svm,all_eeg_plus_face,5,0.5983333333333333,1,0.7517301050142087,1.662474,3.173954
P27,sisyphus,1,sisyphus_s1_33.000,33.0,35.0,valence,2,eeg,logreg,all_eeg,8,0.5766666666666667,1,0.5876030022785729,1.698805,2.955189
P27,sisyphus,1,sisyphus_s1_33.000,33.0,35.0,valence,3,multimodal,logreg,all_eeg_plus_face,10,0.5650000000000001,1,0.5693232313946917,1.804088,3.0151090000000003
P27,sisyphus,1,sisyphus_s1_34.000,34.0,36.0,arousal,1,eeg,gnb,paper_compact,10,0.5831318681318681,1,0.8470002772027126,0.757231,1.828938
P27,sisyphus,1,sisyphus_s1_34.000,34.0,36.0,arousal,2,face,logreg,face_geometry,10,0.5754970760233917,0,0.3943209719631137,0.347439,1.1519210000000002
P27,sisyphus,1,sisyphus_s1_34.000,34.0,36.0,arousal,3,eeg,logreg,paper_compact,10,0.5704395604395605,1,0.5067005908427875,0.496263,1.401637
P27,sisyphus,1,sisyphus_s1_34.000,34.0,36.0,valence,1,multimodal,svm,all_eeg_plus_face,5,0.5983333333333333,1,0.7061551010404652,1.200822,2.071355
P27,sisyphus,1,sisyphus_s1_34.000,34.0,36.0,valence,2,eeg,logreg,all_eeg,8,0.5766666666666667,1,0.6526083680777801,1.09835,1.918501
P27,sisyphus,1,sisyphus_s1_34.000,34.0,36.0,valence,3,multimodal,logreg,all_eeg_plus_face,10,0.5650000000000001,1,0.6271368822549839,1.161731,1.9511409999999998
P27,sisyphus,1,sisyphus_s1_35.000,35.0,37.0,arousal,1,eeg,gnb,paper_compact,10,0.5831318681318681,1,0.7074050182779383,1.171941,2.871766
P27,sisyphus,1,sisyphus_s1_35.000,35.0,37.0,arousal,2,face,logreg,face_geometry,10,0.5754970760233917,0,0.387334747088901,0.534675,1.864719
P27,sisyphus,1,sisyphus_s1_35.000,35.0,37.0,arousal,3,eeg,logreg,paper_compact,10,0.5704395604395605,1,0.5343631826902733,0.783731,2.1917780000000002
P27,sisyphus,1,sisyphus_s1_35.000,35.0,37.0,valence,1,multimodal,svm,all_eeg_plus_face,5,0.5983333333333333,1,0.6695333744437232,1.86907,3.169234
P27,sisyphus,1,sisyphus_s1_35.000,35.0,37.0,valence,2,eeg,logreg,all_eeg,8,0.5766666666666667,1,0.5743082589786677,1.699455,2.924058
P27,sisyphus,1,sisyphus_s1_35.000,35.0,37.0,valence,3,multimodal,logreg,all_eeg_plus_face,10,0.5650000000000001,1,0.5738800230949125,1.799838,2.2620299999999998
P27,sisyphus,1,sisyphus_s1_36.000,36.0,38.0,arousal,1,eeg,gnb,paper_compact,10,0.5831318681318681,1,0.9600546337459898,0.796431,1.924311
P27,sisyphus,1,sisyphus_s1_36.000,36.0,38.0,arousal,2,face,logreg,face_geometry,10,0.5754970760233917,0,0.36176322560563545,0.348739,1.181862
P27,sisyphus,1,sisyphus_s1_36.000,36.0,38.0,arousal,3,eeg,logreg,paper_compact,10,0.5704395604395605,1,0.5301908653733705,0.502104,1.457618
P27,sisyphus,1,sisyphus_s1_36.000,36.0,38.0,valence,1,multimodal,svm,all_eeg_plus_face,5,0.5983333333333333,1,0.7087168620893194,1.189531,2.139227
P27,sisyphus,1,sisyphus_s1_36.000,36.0,38.0,valence,2,eeg,logreg,all_eeg,8,0.5766666666666667,1,0.5885586759696144,2.25624,3.8262519999999998
P27,sisyphus,1,sisyphus_s1_36.000,36.0,38.0,valence,3,multimodal,logreg,all_eeg_plus_face,10,0.5650000000000001,1,0.5414939581394451,1.550071,1.970693
P27,sisyphus,1,sisyphus_s1_37.000,37.0,39.0,arousal,1,eeg,gnb,paper_compact,10,0.5831318681318681,1,0.8587013698791758,1.209352,2.851126
P27,sisyphus,1,sisyphus_s1_37.000,37.0,39.0,arousal,2,face,logreg,face_geometry,10,0.5754970760233917,0,0.35838515907218405,0.595056,1.8101580000000002
P27,sisyphus,1,sisyphus_s1_37.000,37.0,39.0,arousal,3,eeg,logreg,paper_compact,10,0.5704395604395605,1,0.5229802828993808,0.790691,2.2500590000000003
P27,sisyphus,1,sisyphus_s1_37.000,37.0,39.0,valence,1,multimodal,svm,all_eeg_plus_face,5,0.5983333333333333,1,0.7221259835803504,1.844079,3.230836
P27,sisyphus,1,sisyphus_s1_37.000,37.0,39.0,valence,2,eeg,logreg,all_eeg,8,0.5766666666666667,1,0.7372908295226984,1.791758,1.921611
P27,sisyphus,1,sisyphus_s1_37.000,37.0,39.0,valence,3,multimodal,logreg,all_eeg_plus_face,10,0.5650000000000001,1,0.6999963509075321,1.14748,1.9849430000000001
P27,sisyphus,1,sisyphus_s1_38.000,38.0,40.0,arousal,1,eeg,gnb,paper_compact,10,0.5831318681318681,0,0.44544667132550175,0.783741,1.864789
P27,sisyphus,1,sisyphus_s1_38.000,38.0,40.0,arousal,2,face,logreg,face_geometry,10,0.5754970760233917,0,0.3615550017450356,0.3486,1.213072
P27,sisyphus,1,sisyphus_s1_38.000,38.0,40.0,arousal,3,eeg,logreg,paper_compact,10,0.5704395604395605,1,0.527560725603187,0.502553,1.410117
P27,sisyphus,1,sisyphus_s1_38.000,38.0,40.0,valence,1,multimodal,svm,all_eeg_plus_face,5,0.5983333333333333,1,0.7192494527665413,1.213822,2.071345
P27,sisyphus,1,sisyphus_s1_38.000,38.0,40.0,valence,2,eeg,logreg,all_eeg,8,0.5766666666666667,1,0.6569964308091951,1.108159,1.888921
P27,sisyphus,1,sisyphus_s1_38.000,38.0,40.0,valence,3,multimodal,logreg,all_eeg_plus_face,10,0.5650000000000001,1,0.6454694620070139,1.168241,1.979122
P27,sisyphus,1,sisyphus_s1_39.000,39.0,41.0,arousal,1,eeg,gnb,paper_compact,10,0.5831318681318681,1,0.5373463424325244,1.234523,2.7903640000000003
P27,sisyphus,1,sisyphus_s1_39.000,39.0,41.0,arousal,2,face,logreg,face_geometry,10,0.5754970760233917,0,0.39287746851294886,0.567965,1.770207
P27,sisyphus,1,sisyphus_s1_39.000,39.0,41.0,arousal,3,eeg,logreg,paper_compact,10,0.5704395604395605,1,0.5272299081485999,0.77382,2.2405299999999997
P27,sisyphus,1,sisyphus_s1_39.000,39.0,41.0,valence,1,multimodal,svm,all_eeg_plus_face,5,0.5983333333333333,1,0.7117962629845267,1.813938,3.195365
P27,sisyphus,1,sisyphus_s1_39.000,39.0,41.0,valence,2,eeg,logreg,all_eeg,8,0.5766666666666667,1,0.5570283449154012,1.768917,1.914791
P27,sisyphus,1,sisyphus_s1_39.000,39.0,41.0,valence,3,multimodal,logreg,all_eeg_plus_face,10,0.5650000000000001,1,0.5335558109464702,1.12782,1.953122
P27,sisyphus,1,sisyphus_s1_40.000,40.0,42.0,arousal,1,eeg,gnb,paper_compact,10,0.5831318681318681,0,2.4897644825030007e-08,1.386987,1.845709
P27,sisyphus,1,sisyphus_s1_40.000,40.0,42.0,arousal,2,face,logreg,face_geometry,10,0.5754970760233917,0,0.45532892835424965,0.34571,1.174511
P27,sisyphus,1,sisyphus_s1_40.000,40.0,42.0,arousal,3,eeg,logreg,paper_compact,10,0.5704395604395605,1,0.641553644145218,0.499043,1.4044069999999997
P27,sisyphus,1,sisyphus_s1_40.000,40.0,42.0,valence,1,multimodal,svm,all_eeg_plus_face,5,0.5983333333333333,1,0.6929482171026871,1.187322,2.075575
P27,sisyphus,1,sisyphus_s1_40.000,40.0,42.0,valence,2,eeg,logreg,all_eeg,8,0.5766666666666667,0,0.09804404150417088,1.095279,1.9262309999999998
P27,sisyphus,1,sisyphus_s1_40.000,40.0,42.0,valence,3,multimodal,logreg,all_eeg_plus_face,10,0.5650000000000001,0,0.09394757781019483,1.16458,1.949512
P27,sisyphus,1,sisyphus_s1_41.000,41.0,43.0,arousal,1,eeg,gnb,paper_compact,10,0.5831318681318681,0,4.2808039003675946e-16,0.782871,1.8271180000000002
P27,sisyphus,1,sisyphus_s1_41.000,41.0,43.0,arousal,2,face,logreg,face_geometry,10,0.5754970760233917,0,0.4724402643784313,0.341879,1.13295
P27,sisyphus,1,sisyphus_s1_41.000,41.0,43.0,arousal,3,eeg,logreg,paper_compact,10,0.5704395604395605,1,0.6529195663997287,0.518154,1.3992170000000002
P27,sisyphus,1,sisyphus_s1_41.000,41.0,43.0,valence,1,multimodal,svm,all_eeg_plus_face,5,0.5983333333333333,1,0.6929482171026871,1.177771,2.120687
P27,sisyphus,1,sisyphus_s1_41.000,41.0,43.0,valence,2,eeg,logreg,all_eeg,8,0.5766666666666667,0,1.2134538135961722e-07,1.095089,1.89192
P27,sisyphus,1,sisyphus_s1_41.000,41.0,43.0,valence,3,multimodal,logreg,all_eeg_plus_face,10,0.5650000000000001,0,3.442356491586466e-07,1.161241,1.924801
P27,sisyphus,1,sisyphus_s1_42.000,42.0,44.0,arousal,1,eeg,gnb,paper_compact,10,0.5831318681318681,0,0.01810408009326341,0.77036,1.8431589999999998
P27,sisyphus,1,sisyphus_s1_42.000,42.0,44.0,arousal,2,face,logreg,face_geometry,10,0.5754970760233917,1,0.5332689369592473,0.341919,1.14012
P27,sisyphus,1,sisyphus_s1_42.000,42.0,44.0,arousal,3,eeg,logreg,paper_compact,10,0.5704395604395605,1,0.5691531968086875,0.500663,1.397907
P27,sisyphus,1,sisyphus_s1_42.000,42.0,44.0,valence,1,multimodal,svm,all_eeg_plus_face,5,0.5983333333333333,1,0.6929482171026871,1.189691,2.099036
P27,sisyphus,1,sisyphus_s1_42.000,42.0,44.0,valence,2,eeg,logreg,all_eeg,8,0.5766666666666667,0,0.03143498728574139,1.090799,1.8702900000000002
P27,sisyphus,1,sisyphus_s1_42.000,42.0,44.0,valence,3,multimodal,logreg,all_eeg_plus_face,10,0.5650000000000001,0,0.03782266839972813,1.164941,1.936411
P27,sisyphus,1,sisyphus_s1_43.000,43.0,45.0,arousal,1,eeg,gnb,paper_compact,10,0.5831318681318681,0,0.06120341725996105,0.75871,1.898671
P27,sisyphus,1,sisyphus_s1_43.000,43.0,45.0,arousal,2,face,logreg,face_geometry,10,0.5754970760233917,0,0.46970171735899763,0.338939,1.128319
P27,sisyphus,1,sisyphus_s1_43.000,43.0,45.0,arousal,3,eeg,logreg,paper_compact,10,0.5704395604395605,0,0.4348015155361606,0.493583,1.479489
P27,sisyphus,1,sisyphus_s1_43.000,43.0,45.0,valence,1,multimodal,svm,all_eeg_plus_face,5,0.5983333333333333,1,0.7141908099023405,1.597462,3.2650059999999996
P27,sisyphus,1,sisyphus_s1_43.000,43.0,45.0,valence,2,eeg,logreg,all_eeg,8,0.5766666666666667,1,0.6499800292430254,1.698105,3.0125499999999996
P27,sisyphus,1,sisyphus_s1_43.000,43.0,45.0,valence,3,multimodal,logreg,all_eeg_plus_face,10,0.5650000000000001,1,0.6340845003374159,1.836569,2.9995499999999997
P27,sisyphus,1,sisyphus_s1_44.000,44.0,46.0,arousal,1,eeg,gnb,paper_compact,10,0.5831318681318681,1,0.9582870414169085,0.77541,1.8800199999999998
P27,sisyphus,1,sisyphus_s1_44.000,44.0,46.0,arousal,2,face,logreg,face_geometry,10,0.5754970760233917,0,0.4357805700781752,0.34973,1.293313
P27,sisyphus,1,sisyphus_s1_44.000,44.0,46.0,arousal,3,eeg,logreg,paper_compact,10,0.5704395604395605,0,0.49786337000011877,0.784841,2.284741
P27,sisyphus,1,sisyphus_s1_44.000,44.0,46.0,valence,1,multimodal,svm,all_eeg_plus_face,5,0.5983333333333333,1,0.7076252303156401,1.821668,3.2258459999999998
P27,sisyphus,1,sisyphus_s1_44.000,44.0,46.0,valence,2,eeg,logreg,all_eeg,8,0.5766666666666667,1,0.745514307451835,1.696375,2.9521279999999996
P27,sisyphus,1,sisyphus_s1_44.000,44.0,46.0,valence,3,multimodal,logreg,all_eeg_plus_face,10,0.5650000000000001,1,0.715875513557096,1.86084,2.138826
P27,sisyphus,1,sisyphus_s1_45.000,45.0,47.0,arousal,1,eeg,gnb,paper_compact,10,0.5831318681318681,1,0.6150369013452404,1.174361,2.856016
P27,sisyphus,1,sisyphus_s1_45.000,45.0,47.0,arousal,2,face,logreg,face_geometry,10,0.5754970760233917,0,0.42482732449375576,0.536534,1.758947
P27,sisyphus,1,sisyphus_s1_45.000,45.0,47.0,arousal,3,eeg,logreg,paper_compact,10,0.5704395604395605,1,0.5233554098829983,0.775711,2.2049679999999996
P27,sisyphus,1,sisyphus_s1_45.000,45.0,47.0,valence,1,multimodal,svm,all_eeg_plus_face,5,0.5983333333333333,1,0.698441561894741,1.807298,3.734399
P27,sisyphus,1,sisyphus_s1_45.000,45.0,47.0,valence,2,eeg,logreg,all_eeg,8,0.5766666666666667,1,0.6634251727408682,1.727235,1.805018
P27,sisyphus,1,sisyphus_s1_45.000,45.0,47.0,valence,3,multimodal,logreg,all_eeg_plus_face,10,0.5650000000000001,1,0.6485806418566922,1.170972,1.8965200000000002
P27,sisyphus,1,sisyphus_s1_46.000,46.0,48.0,arousal,1,eeg,gnb,paper_compact,10,0.5831318681318681,0,0.16234111527016326,0.775101,1.868689
P27,sisyphus,1,sisyphus_s1_46.000,46.0,48.0,arousal,2,face,logreg,face_geometry,10,0.5754970760233917,0,0.42700733824394166,0.346069,1.1762110000000001
P27,sisyphus,1,sisyphus_s1_46.000,46.0,48.0,arousal,3,eeg,logreg,paper_compact,10,0.5704395604395605,0,0.4438094310576696,0.500424,1.420057
P27,sisyphus,1,sisyphus_s1_46.000,46.0,48.0,valence,1,multimodal,svm,all_eeg_plus_face,5,0.5983333333333333,1,0.6955202653098884,1.206962,3.005819
P27,sisyphus,1,sisyphus_s1_46.000,46.0,48.0,valence,2,eeg,logreg,all_eeg,8,0.5766666666666667,1,0.549701839733765,1.744597,2.957178
P27,sisyphus,1,sisyphus_s1_46.000,46.0,48.0,valence,3,multimodal,logreg,all_eeg_plus_face,10,0.5650000000000001,1,0.5332979844030996,1.814358,3.049741
P27,sisyphus,1,sisyphus_s1_47.000,47.0,49.0,arousal,1,eeg,gnb,paper_compact,10,0.5831318681318681,0,0.2101143737088421,1.176682,2.838695
P27,sisyphus,1,sisyphus_s1_47.000,47.0,49.0,arousal,2,face,logreg,face_geometry,10,0.5754970760233917,0,0.4184316189423689,0.537995,1.781827
P27,sisyphus,1,sisyphus_s1_47.000,47.0,49.0,arousal,3,eeg,logreg,paper_compact,10,0.5704395604395605,0,0.48344297888627114,0.801172,2.1908179999999997
P27,sisyphus,1,sisyphus_s1_47.000,47.0,49.0,valence,1,multimodal,svm,all_eeg_plus_face,5,0.5983333333333333,1,0.7296054101763814,1.869389,2.057365
P27,sisyphus,1,sisyphus_s1_47.000,47.0,49.0,valence,2,eeg,logreg,all_eeg,8,0.5766666666666667,1,0.558515444806947,1.074609,1.862149
P27,sisyphus,1,sisyphus_s1_47.000,47.0,49.0,valence,3,multimodal,logreg,all_eeg_plus_face,10,0.5650000000000001,1,0.5438800916452801,1.151371,2.0150539999999997
P27,sisyphus,1,sisyphus_s1_48.000,48.0,50.0,arousal,1,eeg,gnb,paper_compact,10,0.5831318681318681,0,0.3364024164269373,1.205062,2.812465
P27,sisyphus,1,sisyphus_s1_48.000,48.0,50.0,arousal,2,face,logreg,face_geometry,10,0.5754970760233917,0,0.3551688865733567,0.581926,1.4280480000000002
P27,sisyphus,1,sisyphus_s1_48.000,48.0,50.0,arousal,3,eeg,logreg,paper_compact,10,0.5704395604395605,1,0.5212301832339247,0.492463,1.3912860000000002
P27,sisyphus,1,sisyphus_s1_48.000,48.0,50.0,valence,1,multimodal,svm,all_eeg_plus_face,5,0.5983333333333333,1,0.6792409900646806,1.183911,2.051944
P27,sisyphus,1,sisyphus_s1_48.000,48.0,50.0,valence,2,eeg,logreg,all_eeg,8,0.5766666666666667,1,0.5305794251009681,1.108889,1.86149
P27,sisyphus,1,sisyphus_s1_48.000,48.0,50.0,valence,3,multimodal,logreg,all_eeg_plus_face,10,0.5650000000000001,1,0.5163373439013847,1.15987,1.9556809999999998
P27,sisyphus,1,sisyphus_s1_49.000,49.0,51.0,arousal,1,eeg,gnb,paper_compact,10,0.5831318681318681,0,0.08799791280809167,1.175411,2.880257
P27,sisyphus,1,sisyphus_s1_49.000,49.0,51.0,arousal,2,face,logreg,face_geometry,10,0.5754970760233917,0,0.3654365181202732,0.493593,1.1302199999999998
P27,sisyphus,1,sisyphus_s1_49.000,49.0,51.0,arousal,3,eeg,logreg,paper_compact,10,0.5704395604395605,1,0.5359083956932555,0.491013,1.4119169999999999
P27,sisyphus,1,sisyphus_s1_49.000,49.0,51.0,valence,1,multimodal,svm,all_eeg_plus_face,5,0.5983333333333333,1,0.7315298538003632,1.169661,2.059645
P27,sisyphus,1,sisyphus_s1_49.000,49.0,51.0,valence,2,eeg,logreg,all_eeg,8,0.5766666666666667,1,0.5020867389411319,1.10923,1.874399
P27,sisyphus,1,sisyphus_s1_49.000,49.0,51.0,valence,3,multimodal,logreg,all_eeg_plus_face,10,0.5650000000000001,0,0.49695143321712365,1.15766,1.959612
P27,sisyphus,1,sisyphus_s1_50.000,50.0,52.0,arousal,1,eeg,gnb,paper_compact,10,0.5831318681318681,1,0.8598495110107411,0.77523,1.840819
P27,sisyphus,1,sisyphus_s1_50.000,50.0,52.0,arousal,2,face,logreg,face_geometry,10,0.5754970760233917,0,0.4239787669155855,0.342019,1.176881
P27,sisyphus,1,sisyphus_s1_50.000,50.0,52.0,arousal,3,eeg,logreg,paper_compact,10,0.5704395604395605,1,0.5260190031812302,0.503593,1.415548
P27,sisyphus,1,sisyphus_s1_50.000,50.0,52.0,valence,1,multimodal,svm,all_eeg_plus_face,5,0.5983333333333333,1,0.7465714715657641,1.212352,2.071435
P27,sisyphus,1,sisyphus_s1_50.000,50.0,52.0,valence,2,eeg,logreg,all_eeg,8,0.5766666666666667,1,0.5320361862903373,1.093489,1.88133
P27,sisyphus,1,sisyphus_s1_50.000,50.0,52.0,valence,3,multimodal,logreg,all_eeg_plus_face,10,0.5650000000000001,1,0.5310259603461127,1.161771,1.9727620000000001
P27,sisyphus,1,sisyphus_s1_51.000,51.0,53.0,arousal,1,eeg,gnb,paper_compact,10,0.5831318681318681,1,0.8349178900104921,1.549921,1.943682
P27,sisyphus,1,sisyphus_s1_51.000,51.0,53.0,arousal,2,face,logreg,face_geometry,10,0.5754970760233917,0,0.3742835432970672,0.341639,1.14008
P27,sisyphus,1,sisyphus_s1_51.000,51.0,53.0,arousal,3,eeg,logreg,paper_compact,10,0.5704395604395605,1,0.5658393401276527,0.499813,1.412647
P27,sisyphus,1,sisyphus_s1_51.000,51.0,53.0,valence,1,multimodal,svm,all_eeg_plus_face,5,0.5983333333333333,1,0.6897927689465736,1.180411,2.112816
P27,sisyphus,1,sisyphus_s1_51.000,51.0,53.0,valence,2,eeg,logreg,all_eeg,8,0.5766666666666667,0,0.3147912261466353,1.096179,1.9089409999999998
P27,sisyphus,1,sisyphus_s1_51.000,51.0,53.0,valence,3,multimodal,logreg,all_eeg_plus_face,10,0.5650000000000001,0,0.3002541841389779,1.162531,2.416083
P27,sisyphus,1,sisyphus_s1_52.000,52.0,54.0,arousal,1,eeg,gnb,paper_compact,10,0.5831318681318681,1,0.5094507544689026,1.177831,2.818695
P27,sisyphus,1,sisyphus_s1_52.000,52.0,54.0,arousal,2,face,logreg,face_geometry,10,0.5754970760233917,0,0.386369532949891,0.533544,1.763086
P27,sisyphus,1,sisyphus_s1_52.000,52.0,54.0,arousal,3,eeg,logreg,paper_compact,10,0.5704395604395605,1,0.6062015774566826,0.818022,1.733266
P27,sisyphus,1,sisyphus_s1_52.000,52.0,54.0,valence,1,multimodal,svm,all_eeg_plus_face,5,0.5983333333333333,1,0.6929482171026871,1.164351,2.055555
P27,sisyphus,1,sisyphus_s1_52.000,52.0,54.0,valence,2,eeg,logreg,all_eeg,8,0.5766666666666667,0,0.012812640445256391,1.086169,1.923201
P27,sisyphus,1,sisyphus_s1_52.000,52.0,54.0,valence,3,multimodal,logreg,all_eeg_plus_face,10,0.5650000000000001,0,0.015215404763378128,1.156851,1.915061
P27,sisyphus,1,sisyphus_s1_53.000,53.0,55.0,arousal,1,eeg,gnb,paper_compact,10,0.5831318681318681,1,0.968232882128103,1.209182,2.807235
P27,sisyphus,1,sisyphus_s1_53.000,53.0,55.0,arousal,2,face,logreg,face_geometry,10,0.5754970760233917,0,0.3494187390224647,0.579106,1.765847
P27,sisyphus,1,sisyphus_s1_53.000,53.0,55.0,arousal,3,eeg,logreg,paper_compact,10,0.5704395604395605,1,0.5632173514391625,0.775941,2.212058
P27,sisyphus,1,sisyphus_s1_53.000,53.0,55.0,valence,1,multimodal,svm,all_eeg_plus_face,5,0.5983333333333333,1,0.6912473308301413,1.811978,3.172925
P27,sisyphus,1,sisyphus_s1_53.000,53.0,55.0,valence,2,eeg,logreg,all_eeg,8,0.5766666666666667,0,0.26635559017689914,1.750466,2.080264
P27,sisyphus,1,sisyphus_s1_53.000,53.0,55.0,valence,3,multimodal,logreg,all_eeg_plus_face,10,0.5650000000000001,0,0.2444489195258166,1.10594,1.8624690000000002
P27,sisyphus,1,sisyphus_s1_54.000,54.0,56.0,arousal,1,eeg,gnb,paper_compact,10,0.5831318681318681,0,0.00021469899726830638,0.74502,1.777147
P27,sisyphus,1,sisyphus_s1_54.000,54.0,56.0,arousal,2,face,logreg,face_geometry,10,0.5754970760233917,0,0.29938844507993667,0.330758,1.103249
P27,sisyphus,1,sisyphus_s1_54.000,54.0,56.0,arousal,3,eeg,logreg,paper_compact,10,0.5704395604395605,0,0.4948811647906148,0.485663,1.3579560000000002
P27,sisyphus,1,sisyphus_s1_54.000,54.0,56.0,valence,1,multimodal,svm,all_eeg_plus_face,5,0.5983333333333333,1,0.6841906491643135,1.161131,1.993973
P27,sisyphus,1,sisyphus_s1_54.000,54.0,56.0,valence,2,eeg,logreg,all_eeg,8,0.5766666666666667,0,0.45831269877617087,1.078949,1.8258480000000001
P27,sisyphus,1,sisyphus_s1_54.000,54.0,56.0,valence,3,multimodal,logreg,all_eeg_plus_face,10,0.5650000000000001,0,0.41917545669312595,1.126699,1.8920799999999998
P27,sisyphus,1,sisyphus_s1_55.000,55.0,57.0,arousal,1,eeg,gnb,paper_compact,10,0.5831318681318681,0,7.19123478768407e-05,1.236342,2.054795
P27,sisyphus,1,sisyphus_s1_55.000,55.0,57.0,arousal,2,face,logreg,face_geometry,10,0.5754970760233917,0,0.3059713659826274,0.342249,1.1548109999999998
P27,sisyphus,1,sisyphus_s1_55.000,55.0,57.0,arousal,3,eeg,logreg,paper_compact,10,0.5704395604395605,0,0.476142278433243,0.500854,1.404677
P27,sisyphus,1,sisyphus_s1_55.000,55.0,57.0,valence,1,multimodal,svm,all_eeg_plus_face,5,0.5983333333333333,1,0.691603718485874,1.170411,2.086636
P27,sisyphus,1,sisyphus_s1_55.000,55.0,57.0,valence,2,eeg,logreg,all_eeg,8,0.5766666666666667,1,0.5027213499498242,1.087279,1.89996
P27,sisyphus,1,sisyphus_s1_55.000,55.0,57.0,valence,3,multimodal,logreg,all_eeg_plus_face,10,0.5650000000000001,0,0.46304996892617617,1.161521,1.930031
P27,sisyphus,1,sisyphus_s1_56.000,56.0,58.0,arousal,1,eeg,gnb,paper_compact,10,0.5831318681318681,0,0.0010242290271266403,0.772641,1.846359
P27,sisyphus,1,sisyphus_s1_56.000,56.0,58.0,arousal,2,face,logreg,face_geometry,10,0.5754970760233917,0,0.3854468386814974,0.340979,1.14246
P27,sisyphus,1,sisyphus_s1_56.000,56.0,58.0,arousal,3,eeg,logreg,paper_compact,10,0.5704395604395605,1,0.5352150786778116,0.498153,1.426038
P27,sisyphus,1,sisyphus_s1_56.000,56.0,58.0,valence,1,multimodal,svm,all_eeg_plus_face,5,0.5983333333333333,1,0.6831389291660206,1.194422,2.122496
P27,sisyphus,1,sisyphus_s1_56.000,56.0,58.0,valence,2,eeg,logreg,all_eeg,8,0.5766666666666667,1,0.5222957216946698,1.085639,1.86822
P27,sisyphus,1,sisyphus_s1_56.000,56.0,58.0,valence,3,multimodal,logreg,all_eeg_plus_face,10,0.5650000000000001,0,0.4657665914191185,1.216902,1.9293820000000002
P27,sisyphus,1,sisyphus_s1_57.000,57.0,59.0,arousal,1,eeg,gnb,paper_compact,10,0.5831318681318681,0,1.6611606114657472e-113,1.177631,2.8754969999999997
P27,sisyphus,1,sisyphus_s1_57.000,57.0,59.0,arousal,2,face,logreg,face_geometry,10,0.5754970760233917,0,0.41436513006115844,0.537525,1.781807
P27,sisyphus,1,sisyphus_s1_57.000,57.0,59.0,arousal,3,eeg,logreg,paper_compact,10,0.5704395604395605,0,0.16477241388837527,0.777461,2.2955910000000004
P27,sisyphus,1,sisyphus_s1_57.000,57.0,59.0,valence,1,multimodal,svm,all_eeg_plus_face,5,0.5983333333333333,1,0.6929707653653976,1.919841,3.160334
P27,sisyphus,1,sisyphus_s1_57.000,57.0,59.0,valence,2,eeg,logreg,all_eeg,8,0.5766666666666667,1,0.5289818342766001,1.727215,2.943228
P27,sisyphus,1,sisyphus_s1_57.000,57.0,59.0,valence,3,multimodal,logreg,all_eeg_plus_face,10,0.5650000000000001,0,0.4861872011404569,1.799667,3.022931
P27,sisyphus,1,sisyphus_s1_58.000,58.0,60.0,arousal,1,eeg,gnb,paper_compact,10,0.5831318681318681,0,1.4446010148049906e-131,1.261393,1.9975029999999998
P27,sisyphus,1,sisyphus_s1_58.000,58.0,60.0,arousal,2,face,logreg,face_geometry,10,0.5754970760233917,0,0.3830898542700764,0.338289,1.156121
P27,sisyphus,1,sisyphus_s1_58.000,58.0,60.0,arousal,3,eeg,logreg,paper_compact,10,0.5704395604395605,0,0.20047920755386897,0.494143,1.390656
P27,sisyphus,1,sisyphus_s1_58.000,58.0,60.0,valence,1,multimodal,svm,all_eeg_plus_face,5,0.5983333333333333,1,0.6929482171026871,1.179531,2.075595
P27,sisyphus,1,sisyphus_s1_58.000,58.0,60.0,valence,2,eeg,logreg,all_eeg,8,0.5766666666666667,0,0.0146862973833408,1.092089,1.928141
P27,sisyphus,1,sisyphus_s1_58.000,58.0,60.0,valence,3,multimodal,logreg,all_eeg_plus_face,10,0.5650000000000001,0,0.017174973077065763,1.15763,1.9220910000000002
P27,sisyphus,1,sisyphus_s1_59.000,59.0,61.0,arousal,1,eeg,gnb,paper_compact,10,0.5831318681318681,0,2.6697399985493803e-52,1.161381,3.01438
P27,sisyphus,1,sisyphus_s1_59.000,59.0,61.0,arousal,2,face,logreg,face_geometry,10,0.5754970760233917,0,0.38666484634838305,0.674848,2.3201319999999996
P27,sisyphus,1,sisyphus_s1_59.000,59.0,61.0,arousal,3,eeg,logreg,paper_compact,10,0.5704395604395605,1,0.5419285839268905,0.482272,1.378297
P27,sisyphus,1,sisyphus_s1_59.000,59.0,61.0,valence,1,multimodal,svm,all_eeg_plus_face,5,0.5983333333333333,1,0.6929482171026871,1.172081,2.0488850000000003
P27,sisyphus,1,sisyphus_s1_59.000,59.0,61.0,valence,2,eeg,logreg,all_eeg,8,0.5766666666666667,0,2.2687702550010477e-19,1.084009,1.9015
P27,sisyphus,1,sisyphus_s1_59.000,59.0,61.0,valence,3,multimodal,logreg,all_eeg_plus_face,10,0.5650000000000001,0,5.1878433393143105e-18,1.153981,2.010433
P27,sisyphus,1,sisyphus_s1_60.000,60.0,62.0,arousal,1,eeg,gnb,paper_compact,10,0.5831318681318681,0,1.7269201101719737e-07,0.77391,1.8659
P27,sisyphus,1,sisyphus_s1_60.000,60.0,62.0,arousal,2,face,logreg,face_geometry,10,0.5754970760233917,0,0.30197609152354277,0.339029,1.1415099999999998
P27,sisyphus,1,sisyphus_s1_60.000,60.0,62.0,arousal,3,eeg,logreg,paper_compact,10,0.5704395604395605,1,0.6981733980401593,0.493983,1.51245
P27,sisyphus,1,sisyphus_s1_60.000,60.0,62.0,valence,1,multimodal,svm,all_eeg_plus_face,5,0.5983333333333333,1,0.6929482171026871,1.175991,2.108606
P27,sisyphus,1,sisyphus_s1_60.000,60.0,62.0,valence,2,eeg,logreg,all_eeg,8,0.5766666666666667,0,2.4741137517095302e-15,1.082218,1.87474
P27,sisyphus,1,sisyphus_s1_60.000,60.0,62.0,valence,3,multimodal,logreg,all_eeg_plus_face,10,0.5650000000000001,0,2.142828592245135e-14,1.168561,1.9473019999999999
P27,sisyphus,1,sisyphus_s1_61.000,61.0,63.0,arousal,1,eeg,gnb,paper_compact,10,0.5831318681318681,0,0.01701857176597944,0.74989,1.849659
P27,sisyphus,1,sisyphus_s1_61.000,61.0,63.0,arousal,2,face,logreg,face_geometry,10,0.5754970760233917,0,0.30876314402354277,0.339079,1.1327500000000001
P27,sisyphus,1,sisyphus_s1_61.000,61.0,63.0,arousal,3,eeg,logreg,paper_compact,10,0.5704395604395605,1,0.553294097553413,0.496233,1.394247
P27,sisyphus,1,sisyphus_s1_61.000,61.0,63.0,valence,1,multimodal,svm,all_eeg_plus_face,5,0.5983333333333333,1,0.6929481159835955,1.175971,2.066625
P27,sisyphus,1,sisyphus_s1_61.000,61.0,63.0,valence,2,eeg,logreg,all_eeg,8,0.5766666666666667,0,0.1413541275532267,1.104269,1.86955
P27,sisyphus,1,sisyphus_s1_61.000,61.0,63.0,valence,3,multimodal,logreg,all_eeg_plus_face,10,0.5650000000000001,0,0.14141990641890995,1.14936,1.9542720000000002
P27,sisyphus,1,sisyphus_s1_62.000,62.0,64.0,arousal,1,eeg,gnb,paper_compact,10,0.5831318681318681,0,0.0008307081932134028,0.759531,1.8513490000000001
P27,sisyphus,1,sisyphus_s1_62.000,62.0,64.0,arousal,2,face,logreg,face_geometry,10,0.5754970760233917,0,0.3685474186717969,0.338849,1.15641
P27,sisyphus,1,sisyphus_s1_62.000,62.0,64.0,arousal,3,eeg,logreg,paper_compact,10,0.5704395604395605,0,0.44858057436992027,0.495453,1.4338579999999999
P27,sisyphus,1,sisyphus_s1_62.000,62.0,64.0,valence,1,multimodal,svm,all_eeg_plus_face,5,0.5983333333333333,0,0.6207812298298365,1.167781,2.091646
P27,sisyphus,1,sisyphus_s1_62.000,62.0,64.0,valence,2,eeg,logreg,all_eeg,8,0.5766666666666667,0,0.3596418970673221,1.080299,1.87628
P27,sisyphus,1,sisyphus_s1_62.000,62.0,64.0,valence,3,multimodal,logreg,all_eeg_plus_face,10,0.5650000000000001,0,0.3454215647150183,1.171241,1.952582
P27,sisyphus,1,sisyphus_s1_63.000,63.0,65.0,arousal,1,eeg,gnb,paper_compact,10,0.5831318681318681,0,0.025378028729289737,1.239183,2.7839240000000003
P27,sisyphus,1,sisyphus_s1_63.000,63.0,65.0,arousal,2,face,logreg,face_geometry,10,0.5754970760233917,0,0.36567800176497645,0.559495,1.759397
P27,sisyphus,1,sisyphus_s1_63.000,63.0,65.0,arousal,3,eeg,logreg,paper_compact,10,0.5704395604395605,0,0.4029743462418423,0.76547,2.288891
P27,sisyphus,1,sisyphus_s1_63.000,63.0,65.0,valence,1,multimodal,svm,all_eeg_plus_face,5,0.5983333333333333,1,0.7161229031137647,1.788358,3.1933949999999998
P27,sisyphus,1,sisyphus_s1_63.000,63.0,65.0,valence,2,eeg,logreg,all_eeg,8,0.5766666666666667,1,0.5132932858176313,1.693634,3.456702
P27,sisyphus,1,sisyphus_s1_63.000,63.0,65.0,valence,3,multimodal,logreg,all_eeg_plus_face,10,0.5650000000000001,0,0.4863633908748183,1.820238,1.8887399999999999
P27,sisyphus,1,sisyphus_s1_64.000,64.0,66.0,arousal,1,eeg,gnb,paper_compact,10,0.5831318681318681,0,0.3696605317012855,0.780441,1.8443180000000001
P27,sisyphus,1,sisyphus_s1_64.000,64.0,66.0,arousal,2,face,logreg,face_geometry,10,0.5754970760233917,0,0.37349040496759595,0.337369,1.14209
P27,sisyphus,1,sisyphus_s1_64.000,64.0,66.0,arousal,3,eeg,logreg,paper_compact,10,0.5704395604395605,0,0.47484817233990295,0.542054,1.417068
P27,sisyphus,1,sisyphus_s1_64.000,64.0,66.0,valence,1,multimodal,svm,all_eeg_plus_face,5,0.5983333333333333,1,0.6635322342686514,1.162291,2.062265
P27,sisyphus,1,sisyphus_s1_64.000,64.0,66.0,valence,2,eeg,logreg,all_eeg,8,0.5766666666666667,1,0.5092803316442197,1.627213,2.9486580000000004
P27,sisyphus,1,sisyphus_s1_64.000,64.0,66.0,valence,3,multimodal,logreg,all_eeg_plus_face,10,0.5650000000000001,0,0.49867930784349307,1.774807,3.026431
P27,sisyphus,1,sisyphus_s1_65.000,65.0,67.0,arousal,1,eeg,gnb,paper_compact,10,0.5831318681318681,0,0.26021968775265064,1.180791,2.811805
P27,sisyphus,1,sisyphus_s1_65.000,65.0,67.0,arousal,2,face,logreg,face_geometry,10,0.5754970760233917,0,0.3676127776782842,0.530584,1.3683260000000002
P27,sisyphus,1,sisyphus_s1_65.000,65.0,67.0,arousal,3,eeg,logreg,paper_compact,10,0.5704395604395605,0,0.46080742371962796,0.488353,1.416778
P27,sisyphus,1,sisyphus_s1_65.000,65.0,67.0,valence,1,multimodal,svm,all_eeg_plus_face,5,0.5983333333333333,1,0.7464421859226379,1.15139,2.061305
P27,sisyphus,1,sisyphus_s1_65.000,65.0,67.0,valence,2,eeg,logreg,all_eeg,8,0.5766666666666667,1,0.6291223556669887,1.085269,1.861769
P27,sisyphus,1,sisyphus_s1_65.000,65.0,67.0,valence,3,multimodal,logreg,all_eeg_plus_face,10,0.5650000000000001,1,0.6233403542737196,1.13281,1.961542
P27,sisyphus,1,sisyphus_s1_66.000,66.0,68.0,arousal,1,eeg,gnb,paper_compact,10,0.5831318681318681,0,1.2367019905232086e-100,1.159201,2.852186
P27,sisyphus,1,sisyphus_s1_66.000,66.0,68.0,arousal,2,face,logreg,face_geometry,10,0.5754970760233917,0,0.36583408649611043,0.522274,1.1825219999999999
P27,sisyphus,1,sisyphus_s1_66.000,66.0,68.0,arousal,3,eeg,logreg,paper_compact,10,0.5704395604395605,1,0.5651034720079425,0.484373,1.395656
P27,sisyphus,1,sisyphus_s1_66.000,66.0,68.0,valence,1,multimodal,svm,all_eeg_plus_face,5,0.5983333333333333,1,0.6785287912814221,1.162041,2.041635
P27,sisyphus,1,sisyphus_s1_66.000,66.0,68.0,valence,2,eeg,logreg,all_eeg,8,0.5766666666666667,0,0.4840611161943377,1.090979,1.863099
P27,sisyphus,1,sisyphus_s1_66.000,66.0,68.0,valence,3,multimodal,logreg,all_eeg_plus_face,10,0.5650000000000001,0,0.4731635723973073,1.164061,1.9297209999999998
P27,sisyphus,1,sisyphus_s1_67.000,67.0,69.0,arousal,1,eeg,gnb,paper_compact,10,0.5831318681318681,0,3.609304404182998e-154,0.75097,1.8464289999999999
P27,sisyphus,1,sisyphus_s1_67.000,67.0,69.0,arousal,2,face,logreg,face_geometry,10,0.5754970760233917,0,0.4084004758428107,0.337039,1.1326800000000001
P27,sisyphus,1,sisyphus_s1_67.000,67.0,69.0,arousal,3,eeg,logreg,paper_compact,10,0.5704395604395605,1,0.6782615632158533,0.487673,1.399137
P27,sisyphus,1,sisyphus_s1_67.000,67.0,69.0,valence,1,multimodal,svm,all_eeg_plus_face,5,0.5983333333333333,1,0.6929482171026871,1.167981,2.063455
P27,sisyphus,1,sisyphus_s1_67.000,67.0,69.0,valence,2,eeg,logreg,all_eeg,8,0.5766666666666667,0,4.877646893880381e-07,1.11764,1.875629
P27,sisyphus,1,sisyphus_s1_67.000,67.0,69.0,valence,3,multimodal,logreg,all_eeg_plus_face,10,0.5650000000000001,0,1.0640154151457238e-06,1.14933,1.9661629999999999
P27,sisyphus,1,sisyphus_s1_68.000,68.0,70.0,arousal,1,eeg,gnb,paper_compact,10,0.5831318681318681,0,8.452212574684215e-37,1.196622,2.780114
P27,sisyphus,1,sisyphus_s1_68.000,68.0,70.0,arousal,2,face,logreg,face_geometry,10,0.5754970760233917,0,0.4048830628991801,0.522834,1.825999
P27,sisyphus,1,sisyphus_s1_68.000,68.0,70.0,arousal,3,eeg,logreg,paper_compact,10,0.5704395604395605,1,0.7098088511993548,0.76009,2.205367
P27,sisyphus,1,sisyphus_s1_68.000,68.0,70.0,valence,1,multimodal,svm,all_eeg_plus_face,5,0.5983333333333333,1,0.6929482171026871,1.795617,3.1681939999999997
P27,sisyphus,1,sisyphus_s1_68.000,68.0,70.0,valence,2,eeg,logreg,all_eeg,8,0.5766666666666667,0,4.639725040400883e-11,1.672595,2.187738
P27,sisyphus,1,sisyphus_s1_68.000,68.0,70.0,valence,3,multimodal,logreg,all_eeg_plus_face,10,0.5650000000000001,0,1.7233953297039345e-10,1.13189,1.932971
P27,sisyphus,1,sisyphus_s1_69.000,69.0,71.0,arousal,1,eeg,gnb,paper_compact,10,0.5831318681318681,0,3.3783566591038676e-09,0.760311,1.847899
P27,sisyphus,1,sisyphus_s1_69.000,69.0,71.0,arousal,2,face,logreg,face_geometry,10,0.5754970760233917,1,0.5020941362989382,0.340029,1.1749209999999999
P27,sisyphus,1,sisyphus_s1_69.000,69.0,71.0,arousal,3,eeg,logreg,paper_compact,10,0.5704395604395605,1,0.5664423526498846,0.494364,1.419877
P27,sisyphus,1,sisyphus_s1_69.000,69.0,71.0,valence,1,multimodal,svm,all_eeg_plus_face,5,0.5983333333333333,1,0.6929482171026871,1.301185,3.172484
P27,sisyphus,1,sisyphus_s1_69.000,69.0,71.0,valence,2,eeg,logreg,all_eeg,8,0.5766666666666667,0,0.0606105344540365,1.717566,2.961398
P27,sisyphus,1,sisyphus_s1_69.000,69.0,71.0,valence,3,multimodal,logreg,all_eeg_plus_face,10,0.5650000000000001,0,0.048917321914140555,1.785818,3.0294399999999997
P27,sisyphus,1,sisyphus_s1_70.000,70.0,72.0,arousal,1,eeg,gnb,paper_compact,10,0.5831318681318681,0,1.7787532657350535e-06,1.269993,2.8525060000000004
P27,sisyphus,1,sisyphus_s1_70.000,70.0,72.0,arousal,2,face,logreg,face_geometry,10,0.5754970760233917,1,0.5181442314404665,0.561685,1.7865680000000002
P27,sisyphus,1,sisyphus_s1_70.000,70.0,72.0,arousal,3,eeg,logreg,paper_compact,10,0.5704395604395605,0,0.4488091324313269,0.7653,2.314372
P27,sisyphus,1,sisyphus_s1_70.000,70.0,72.0,valence,1,multimodal,svm,all_eeg_plus_face,5,0.5983333333333333,1,0.68729613031407,1.809298,3.224545
P27,sisyphus,1,sisyphus_s1_70.000,70.0,72.0,valence,2,eeg,logreg,all_eeg,8,0.5766666666666667,1,0.5047198154383695,1.830879,3.7409090000000003
P27,sisyphus,1,sisyphus_s1_70.000,70.0,72.0,valence,3,multimodal,logreg,all_eeg_plus_face,10,0.5650000000000001,0,0.4698770065491912,1.105299,1.90344
P27,sisyphus,1,sisyphus_s1_71.000,71.0,73.0,arousal,1,eeg,gnb,paper_compact,10,0.5831318681318681,0,3.8224059571068775e-09,1.163111,2.879616
P27,sisyphus,1,sisyphus_s1_71.000,71.0,73.0,arousal,2,face,logreg,face_geometry,10,0.5754970760233917,1,0.5353728852103645,0.529634,1.7797580000000002
P27,sisyphus,1,sisyphus_s1_71.000,71.0,73.0,arousal,3,eeg,logreg,paper_compact,10,0.5704395604395605,0,0.444891815831019,0.770941,2.3040109999999996
P27,sisyphus,1,sisyphus_s1_71.000,71.0,73.0,valence,1,multimodal,svm,all_eeg_plus_face,5,0.5983333333333333,0,0.6415714367076524,1.90425,3.189385
P27,sisyphus,1,sisyphus_s1_71.000,71.0,73.0,valence,2,eeg,logreg,all_eeg,8,0.5766666666666667,1,0.5566657317126263,1.736086,2.951477
P27,sisyphus,1,sisyphus_s1_71.000,71.0,73.0,valence,3,multimodal,logreg,all_eeg_plus_face,10,0.5650000000000001,1,0.5199808820699873,1.787728,3.067811
P27,sisyphus,1,sisyphus_s1_72.000,72.0,74.0,arousal,1,eeg,gnb,paper_compact,10,0.5831318681318681,0,6.312941862261668e-07,0.900064,1.825718
P27,sisyphus,1,sisyphus_s1_72.000,72.0,74.0,arousal,2,face,logreg,face_geometry,10,0.5754970760233917,1,0.5263559801013332,0.334279,1.1659510000000002
P27,sisyphus,1,sisyphus_s1_72.000,72.0,74.0,arousal,3,eeg,logreg,paper_compact,10,0.5704395604395605,0,0.48205316996008707,0.490183,1.398008
P27,sisyphus,1,sisyphus_s1_72.000,72.0,74.0,valence,1,multimodal,svm,all_eeg_plus_face,5,0.5983333333333333,1,0.7147740621245099,1.15708,2.932108
P27,sisyphus,1,sisyphus_s1_72.000,72.0,74.0,valence,2,eeg,logreg,all_eeg,8,0.5766666666666667,1,0.545408854954972,1.699585,2.904068
P27,sisyphus,1,sisyphus_s1_72.000,72.0,74.0,valence,3,multimodal,logreg,all_eeg_plus_face,10,0.5650000000000001,1,0.5191602766367561,1.826479,3.0068499999999996
P27,sisyphus,1,sisyphus_s1_73.000,73.0,75.0,arousal,1,eeg,gnb,paper_compact,10,0.5831318681318681,0,1.9310257750356015e-24,0.76841,1.961043
P27,sisyphus,1,sisyphus_s1_73.000,73.0,75.0,arousal,2,face,logreg,face_geometry,10,0.5754970760233917,1,0.5183861864807301,0.523204,1.764447
P27,sisyphus,1,sisyphus_s1_73.000,73.0,75.0,arousal,3,eeg,logreg,paper_compact,10,0.5704395604395605,1,0.75917619848821,0.76367,2.2079690000000003
P27,sisyphus,1,sisyphus_s1_73.000,73.0,75.0,valence,1,multimodal,svm,all_eeg_plus_face,5,0.5983333333333333,1,0.7011785275130545,1.820648,3.150554
P27,sisyphus,1,sisyphus_s1_73.000,73.0,75.0,valence,2,eeg,logreg,all_eeg,8,0.5766666666666667,0,0.41623280437059845,1.51198,1.8416890000000001
P27,sisyphus,1,sisyphus_s1_73.000,73.0,75.0,valence,3,multimodal,logreg,all_eeg_plus_face,10,0.5650000000000001,0,0.39169047350473657,1.13936,1.9183
P27,sisyphus,1,sisyphus_s1_74.000,74.0,76.0,arousal,1,eeg,gnb,paper_compact,10,0.5831318681318681,0,0.0,0.77073,1.8446889999999998
P27,sisyphus,1,sisyphus_s1_74.000,74.0,76.0,arousal,2,face,logreg,face_geometry,10,0.5754970760233917,1,0.5226472065961993,0.341089,1.1391400000000003
P27,sisyphus,1,sisyphus_s1_74.000,74.0,76.0,arousal,3,eeg,logreg,paper_compact,10,0.5704395604395605,0,0.11711607374945085,0.498563,1.406248
P27,sisyphus,1,sisyphus_s1_74.000,74.0,76.0,valence,1,multimodal,svm,all_eeg_plus_face,5,0.5983333333333333,1,0.6929482171026871,1.186741,2.056715
P27,sisyphus,1,sisyphus_s1_74.000,74.0,76.0,valence,2,eeg,logreg,all_eeg,8,0.5766666666666667,0,1.6449101677017942e-219,1.088109,1.908281
P27,sisyphus,1,sisyphus_s1_74.000,74.0,76.0,valence,3,multimodal,logreg,all_eeg_plus_face,10,0.5650000000000001,0,1.1049942138691725e-200,1.14618,1.9429919999999998
P27,sisyphus,1,sisyphus_s1_75.000,75.0,77.0,arousal,1,eeg,gnb,paper_compact,10,0.5831318681318681,0,1.7255844297944878e-167,0.74716,1.8649689999999999
P27,sisyphus,1,sisyphus_s1_75.000,75.0,77.0,arousal,2,face,logreg,face_geometry,10,0.5754970760233917,1,0.556758183602771,0.339209,1.14005
P27,sisyphus,1,sisyphus_s1_75.000,75.0,77.0,arousal,3,eeg,logreg,paper_compact,10,0.5704395604395605,1,0.9325227813652022,0.495573,1.433228
P27,sisyphus,1,sisyphus_s1_75.000,75.0,77.0,valence,1,multimodal,svm,all_eeg_plus_face,5,0.5983333333333333,1,0.6929482171026871,1.164351,2.110976
P27,sisyphus,1,sisyphus_s1_75.000,75.0,77.0,valence,2,eeg,logreg,all_eeg,8,0.5766666666666667,0,1.5939068275516988e-91,1.080898,1.8657199999999998
P27,sisyphus,1,sisyphus_s1_75.000,75.0,77.0,valence,3,multimodal,logreg,all_eeg_plus_face,10,0.5650000000000001,0,5.538171227597146e-84,1.213102,1.931211
P27,sisyphus,1,sisyphus_s1_76.000,76.0,78.0,arousal,1,eeg,gnb,paper_compact,10,0.5831318681318681,0,3.0957408517047974e-23,0.770431,1.863099
P27,sisyphus,1,sisyphus_s1_76.000,76.0,78.0,arousal,2,face,logreg,face_geometry,10,0.5754970760233917,1,0.5361646051169995,0.337679,1.13536
P27,sisyphus,1,sisyphus_s1_76.000,76.0,78.0,arousal,3,eeg,logreg,paper_compact,10,0.5704395604395605,1,0.6239225761612103,0.488323,1.4128680000000002
P27,sisyphus,1,sisyphus_s1_76.000,76.0,78.0,valence,1,multimodal,svm,all_eeg_plus_face,5,0.5983333333333333,1,0.6929482171026871,1.189531,2.0524750000000003
P27,sisyphus,1,sisyphus_s1_76.000,76.0,78.0,valence,2,eeg,logreg,all_eeg,8,0.5766666666666667,0,0.0003580316265211701,1.14383,1.8849899999999997
P27,sisyphus,1,sisyphus_s1_76.000,76.0,78.0,valence,3,multimodal,logreg,all_eeg_plus_face,10,0.5650000000000001,0,0.0004498217077496809,1.14579,2.014043
P27,sisyphus,1,sisyphus_s1_77.000,77.0,79.0,arousal,1,eeg,gnb,paper_compact,10,0.5831318681318681,0,1.5813535826912185e-10,0.74365,1.8879799999999998
P27,sisyphus,1,sisyphus_s1_77.000,77.0,79.0,arousal,2,face,logreg,face_geometry,10,0.5754970760233917,0,0.49673193746830463,0.338349,1.13641
P27,sisyphus,1,sisyphus_s1_77.000,77.0,79.0,arousal,3,eeg,logreg,paper_compact,10,0.5704395604395605,0,0.48573006679151576,0.489543,1.4657589999999998
P27,sisyphus,1,sisyphus_s1_77.000,77.0,79.0,valence,1,multimodal,svm,all_eeg_plus_face,5,0.5983333333333333,1,0.6925964699725086,1.790997,3.2511270000000003
P27,sisyphus,1,sisyphus_s1_77.000,77.0,79.0,valence,2,eeg,logreg,all_eeg,8,0.5766666666666667,0,0.27450857119051114,1.682224,3.041401
P27,sisyphus,1,sisyphus_s1_77.000,77.0,79.0,valence,3,multimodal,logreg,all_eeg_plus_face,10,0.5650000000000001,0,0.244441845430953,1.811668,2.9987700000000004
P27,sisyphus,1,sisyphus_s1_78.000,78.0,80.0,arousal,1,eeg,gnb,paper_compact,10,0.5831318681318681,0,5.037498547496337e-08,0.76541,1.837118
P27,sisyphus,1,sisyphus_s1_78.000,78.0,80.0,arousal,2,face,logreg,face_geometry,10,0.5754970760233917,0,0.4915447462221243,0.334689,1.156811
P27,sisyphus,1,sisyphus_s1_78.000,78.0,80.0,arousal,3,eeg,logreg,paper_compact,10,0.5704395604395605,0,0.4551967009099794,0.488823,1.404978
P27,sisyphus,1,sisyphus_s1_78.000,78.0,80.0,valence,1,multimodal,svm,all_eeg_plus_face,5,0.5983333333333333,1,0.6998694965364997,1.209042,2.0812350000000004
P27,sisyphus,1,sisyphus_s1_78.000,78.0,80.0,valence,2,eeg,logreg,all_eeg,8,0.5766666666666667,0,0.4530438507075883,1.081849,1.8938300000000001
P27,sisyphus,1,sisyphus_s1_78.000,78.0,80.0,valence,3,multimodal,logreg,all_eeg_plus_face,10,0.5650000000000001,0,0.4230203353540524,1.14716,1.9499920000000002
P27,sisyphus,1,sisyphus_s1_79.000,79.0,81.0,arousal,1,eeg,gnb,paper_compact,10,0.5831318681318681,0,1.2066783986482693e-05,1.218722,1.8129979999999999
P27,sisyphus,1,sisyphus_s1_79.000,79.0,81.0,arousal,2,face,logreg,face_geometry,10,0.5754970760233917,0,0.4751362527189949,0.331679,1.158061
P27,sisyphus,1,sisyphus_s1_79.000,79.0,81.0,arousal,3,eeg,logreg,paper_compact,10,0.5704395604395605,0,0.40873020037130925,0.487403,1.3924269999999999
P27,sisyphus,1,sisyphus_s1_79.000,79.0,81.0,valence,1,multimodal,svm,all_eeg_plus_face,5,0.5983333333333333,1,0.7024674287490273,1.155861,2.847775
P27,sisyphus,1,sisyphus_s1_79.000,79.0,81.0,valence,2,eeg,logreg,all_eeg,8,0.5766666666666667,1,0.6762443018740122,1.739066,2.9142569999999997
P27,sisyphus,1,sisyphus_s1_79.000,79.0,81.0,valence,3,multimodal,logreg,all_eeg_plus_face,10,0.5650000000000001,1,0.6705892718675082,1.590212,1.9199210000000002
P27,sisyphus,1,sisyphus_s1_80.000,80.0,82.0,arousal,1,eeg,gnb,paper_compact,10,0.5831318681318681,0,2.382304658380254e-10,0.74356,1.9140609999999998
P27,sisyphus,1,sisyphus_s1_80.000,80.0,82.0,arousal,2,face,logreg,face_geometry,10,0.5754970760233917,0,0.467633308975364,0.337369,1.141551
P27,sisyphus,1,sisyphus_s1_80.000,80.0,82.0,arousal,3,eeg,logreg,paper_compact,10,0.5704395604395605,0,0.3962695452506692,0.499234,1.9144610000000002
P27,sisyphus,1,sisyphus_s1_80.000,80.0,82.0,valence,1,multimodal,svm,all_eeg_plus_face,5,0.5983333333333333,0,0.6571105513951693,1.799019,3.273127
P27,sisyphus,1,sisyphus_s1_80.000,80.0,82.0,valence,2,eeg,logreg,all_eeg,8,0.5766666666666667,1,0.5640674059106611,1.766627,2.931128
P27,sisyphus,1,sisyphus_s1_80.000,80.0,82.0,valence,3,multimodal,logreg,all_eeg_plus_face,10,0.5650000000000001,1,0.5539849356327198,1.816148,3.066531
P27,sisyphus,1,sisyphus_s1_81.000,81.0,83.0,arousal,1,eeg,gnb,paper_compact,10,0.5831318681318681,0,9.466888013971298e-11,1.15771,2.180628
P27,sisyphus,1,sisyphus_s1_81.000,81.0,83.0,arousal,2,face,logreg,face_geometry,10,0.5754970760233917,0,0.41780089133777487,0.332569,1.11864
P27,sisyphus,1,sisyphus_s1_81.000,81.0,83.0,arousal,3,eeg,logreg,paper_compact,10,0.5704395604395605,0,0.4409149070490963,0.506574,1.416578
P27,sisyphus,1,sisyphus_s1_81.000,81.0,83.0,valence,1,multimodal,svm,all_eeg_plus_face,5,0.5983333333333333,1,0.6929482171017509,1.168281,2.083355
P27,sisyphus,1,sisyphus_s1_81.000,81.0,83.0,valence,2,eeg,logreg,all_eeg,8,0.5766666666666667,0,0.15530365445295924,1.081539,1.87417
P27,sisyphus,1,sisyphus_s1_81.000,81.0,83.0,valence,3,multimodal,logreg,all_eeg_plus_face,10,0.5650000000000001,0,0.14909455167431962,1.14039,1.931282
P27,sisyphus,1,sisyphus_s1_82.000,82.0,84.0,arousal,1,eeg,gnb,paper_compact,10,0.5831318681318681,0,9.983236732252946e-32,1.684945,4.209811999999999
P27,sisyphus,1,sisyphus_s1_82.000,82.0,84.0,arousal,2,face,logreg,face_geometry,10,0.5754970760233917,0,0.4185205706144455,0.789601,2.374213
P27,sisyphus,1,sisyphus_s1_82.000,82.0,84.0,arousal,3,eeg,logreg,paper_compact,10,0.5704395604395605,1,0.6639489462074983,1.024008,2.8607859999999996
P27,sisyphus,1,sisyphus_s1_82.000,82.0,84.0,valence,1,multimodal,svm,all_eeg_plus_face,5,0.5983333333333333,1,0.6929482171026871,1.594962,2.049493
P27,sisyphus,1,sisyphus_s1_82.000,82.0,84.0,valence,2,eeg,logreg,all_eeg,8,0.5766666666666667,0,4.938989253199473e-05,1.098079,1.89989
P27,sisyphus,1,sisyphus_s1_82.000,82.0,84.0,valence,3,multimodal,logreg,all_eeg_plus_face,10,0.5650000000000001,0,8.090639195280688e-05,1.176222,1.9813520000000002
P27,sisyphus,1,sisyphus_s1_83.000,83.0,85.0,arousal,1,eeg,gnb,paper_compact,10,0.5831318681318681,0,1.7663897955050655e-157,0.75731,1.85046
P27,sisyphus,1,sisyphus_s1_83.000,83.0,85.0,arousal,2,face,logreg,face_geometry,10,0.5754970760233917,0,0.4126386851980812,0.335939,1.14953
P27,sisyphus,1,sisyphus_s1_83.000,83.0,85.0,arousal,3,eeg,logreg,paper_compact,10,0.5704395604395605,0,0.3314938782806468,0.491313,1.4422679999999999
P27,sisyphus,1,sisyphus_s1_83.000,83.0,85.0,valence,1,multimodal,svm,all_eeg_plus_face,5,0.5983333333333333,1,0.6929482171026871,1.166991,2.0894459999999997
P27,sisyphus,1,sisyphus_s1_83.000,83.0,85.0,valence,2,eeg,logreg,all_eeg,8,0.5766666666666667,0,6.470416851336108e-16,1.10719,1.8973200000000001
P27,sisyphus,1,sisyphus_s1_83.000,83.0,85.0,valence,3,multimodal,logreg,all_eeg_plus_face,10,0.5650000000000001,0,9.012490959438849e-15,1.176951,1.9646430000000001
P27,sisyphus,1,sisyphus_s1_84.000,84.0,86.0,arousal,1,eeg,gnb,paper_compact,10,0.5831318681318681,0,5.861663879120142e-92,1.16433,2.8933760000000004
P27,sisyphus,1,sisyphus_s1_84.000,84.0,86.0,arousal,2,face,logreg,face_geometry,10,0.5754970760233917,0,0.3850533054924765,0.526024,1.8316880000000002
P27,sisyphus,1,sisyphus_s1_84.000,84.0,86.0,arousal,3,eeg,logreg,paper_compact,10,0.5704395604395605,0,0.34516171471259127,0.823362,1.760967
P27,sisyphus,1,sisyphus_s1_84.000,84.0,86.0,valence,1,multimodal,svm,all_eeg_plus_face,5,0.5983333333333333,1,0.6929482171026871,1.151291,2.101976
P27,sisyphus,1,sisyphus_s1_84.000,84.0,86.0,valence,2,eeg,logreg,all_eeg,8,0.5766666666666667,0,0.007903084177201942,1.100359,1.915741
P27,sisyphus,1,sisyphus_s1_84.000,84.0,86.0,valence,3,multimodal,logreg,all_eeg_plus_face,10,0.5650000000000001,0,0.009267476251779863,1.151641,1.971722
P27,sisyphus,1,sisyphus_s1_85.000,85.0,87.0,arousal,1,eeg,gnb,paper_compact,10,0.5831318681318681,0,0.0,1.159241,2.910718
P27,sisyphus,1,sisyphus_s1_85.000,85.0,87.0,arousal,2,face,logreg,face_geometry,10,0.5754970760233917,0,0.3598117344974944,0.525064,1.761207
P27,sisyphus,1,sisyphus_s1_85.000,85.0,87.0,arousal,3,eeg,logreg,paper_compact,10,0.5704395604395605,0,0.19446107203718674,0.806021,2.1746179999999997
P27,sisyphus,1,sisyphus_s1_85.000,85.0,87.0,valence,1,multimodal,svm,all_eeg_plus_face,5,0.5983333333333333,1,0.6929482171026871,1.926161,3.8909830000000003
P27,sisyphus,1,sisyphus_s1_85.000,85.0,87.0,valence,2,eeg,logreg,all_eeg,8,0.5766666666666667,0,9.730400057336465e-256,1.052708,1.827289
P27,sisyphus,1,sisyphus_s1_85.000,85.0,87.0,valence,3,multimodal,logreg,all_eeg_plus_face,10,0.5650000000000001,0,8.719034347461057e-234,1.12793,1.9244400000000002
P27,sisyphus,1,sisyphus_s1_86.000,86.0,88.0,arousal,1,eeg,gnb,paper_compact,10,0.5831318681318681,0,0.0,1.13715,1.85636
P27,sisyphus,1,sisyphus_s1_86.000,86.0,88.0,arousal,2,face,logreg,face_geometry,10,0.5754970760233917,0,0.34792328090413327,0.330409,1.1609209999999999
P27,sisyphus,1,sisyphus_s1_86.000,86.0,88.0,arousal,3,eeg,logreg,paper_compact,10,0.5704395604395605,1,0.5939096057183292,0.511293,1.444359
P27,sisyphus,1,sisyphus_s1_86.000,86.0,88.0,valence,1,multimodal,svm,all_eeg_plus_face,5,0.5983333333333333,1,0.6929482171026871,1.190881,2.141317
P27,sisyphus,1,sisyphus_s1_86.000,86.0,88.0,valence,2,eeg,logreg,all_eeg,8,0.5766666666666667,0,1.443904261914839e-251,1.082048,1.9097309999999998
P27,sisyphus,1,sisyphus_s1_86.000,86.0,88.0,valence,3,multimodal,logreg,all_eeg_plus_face,10,0.5650000000000001,0,4.905917473658896e-230,1.176551,1.9646119999999998
P27,sisyphus,1,sisyphus_s1_87.000,87.0,89.0,arousal,1,eeg,gnb,paper_compact,10,0.5831318681318681,1,0.8547277539935588,1.177882,2.769112
P27,sisyphus,1,sisyphus_s1_87.000,87.0,89.0,arousal,2,face,logreg,face_geometry,10,0.5754970760233917,0,0.42198488177581084,0.563545,1.759087
P27,sisyphus,1,sisyphus_s1_87.000,87.0,89.0,arousal,3,eeg,logreg,paper_compact,10,0.5704395604395605,1,0.6452659646700386,0.761031,2.203858
P27,sisyphus,1,sisyphus_s1_87.000,87.0,89.0,valence,1,multimodal,svm,all_eeg_plus_face,5,0.5983333333333333,1,0.6929482171026871,1.801768,3.181304
P27,sisyphus,1,sisyphus_s1_87.000,87.0,89.0,valence,2,eeg,logreg,all_eeg,8,0.5766666666666667,0,4.783388401783362e-06,1.772517,1.958852
P27,sisyphus,1,sisyphus_s1_87.000,87.0,89.0,valence,3,multimodal,logreg,all_eeg_plus_face,10,0.5650000000000001,0,6.607292841627159e-06,1.1145,1.9470619999999998
P27,sisyphus,1,sisyphus_s1_88.000,88.0,90.0,arousal,1,eeg,gnb,paper_compact,10,0.5831318681318681,0,0.04017256702186831,0.758521,1.832938
P27,sisyphus,1,sisyphus_s1_88.000,88.0,90.0,arousal,2,face,logreg,face_geometry,10,0.5754970760233917,0,0.45344114830823673,0.391851,1.1456700000000002
P27,sisyphus,1,sisyphus_s1_88.000,88.0,90.0,arousal,3,eeg,logreg,paper_compact,10,0.5704395604395605,0,0.4539109998511593,0.489643,1.4041869999999999
P27,sisyphus,1,sisyphus_s1_88.000,88.0,90.0,valence,1,multimodal,svm,all_eeg_plus_face,5,0.5983333333333333,1,0.6937725269560938,1.189122,2.058534
P27,sisyphus,1,sisyphus_s1_88.000,88.0,90.0,valence,2,eeg,logreg,all_eeg,8,0.5766666666666667,0,0.3138406873425851,1.075378,1.89087
P27,sisyphus,1,sisyphus_s1_88.000,88.0,90.0,valence,3,multimodal,logreg,all_eeg_plus_face,10,0.5650000000000001,0,0.29004605344729106,1.145121,1.9500520000000001
P27,sisyphus,1,sisyphus_s1_89.000,89.0,91.0,arousal,1,eeg,gnb,paper_compact,10,0.5831318681318681,0,0.2633135255291669,0.776891,1.9443909999999998
P27,sisyphus,1,sisyphus_s1_89.000,89.0,91.0,arousal,2,face,logreg,face_geometry,10,0.5754970760233917,0,0.47334274210259397,0.672318,2.27014
P27,sisyphus,1,sisyphus_s1_89.000,89.0,91.0,arousal,3,eeg,logreg,paper_compact,10,0.5704395604395605,1,0.5004645393039495,0.841022,1.411828
P27,sisyphus,1,sisyphus_s1_89.000,89.0,91.0,valence,1,multimodal,svm,all_eeg_plus_face,5,0.5983333333333333,1,0.689335166416001,1.189461,2.129617
P27,sisyphus,1,sisyphus_s1_89.000,89.0,91.0,valence,2,eeg,logreg,all_eeg,8,0.5766666666666667,0,0.21399440318963234,1.082489,1.89366
P27,sisyphus,1,sisyphus_s1_89.000,89.0,91.0,valence,3,multimodal,logreg,all_eeg_plus_face,10,0.5650000000000001,0,0.18498629992837445,1.142781,1.956162
P27,sisyphus,1,sisyphus_s1_90.000,90.0,92.0,arousal,1,eeg,gnb,paper_compact,10,0.5831318681318681,0,0.004236825587701041,1.212813,2.788154
P27,sisyphus,1,sisyphus_s1_90.000,90.0,92.0,arousal,2,face,logreg,face_geometry,10,0.5754970760233917,0,0.4766007171676117,0.550095,1.781197
P27,sisyphus,1,sisyphus_s1_90.000,90.0,92.0,arousal,3,eeg,logreg,paper_compact,10,0.5704395604395605,0,0.49283453555265166,0.76547,2.1670380000000002
P27,sisyphus,1,sisyphus_s1_90.000,90.0,92.0,valence,1,multimodal,svm,all_eeg_plus_face,5,0.5983333333333333,1,0.6929481830367183,1.12637,2.030784
P27,sisyphus,1,sisyphus_s1_90.000,90.0,92.0,valence,2,eeg,logreg,all_eeg,8,0.5766666666666667,0,0.20802948211013514,1.070288,1.842329
P27,sisyphus,1,sisyphus_s1_90.000,90.0,92.0,valence,3,multimodal,logreg,all_eeg_plus_face,10,0.5650000000000001,0,0.18246048862881217,1.15207,1.92157
P27,sisyphus,1,sisyphus_s1_91.000,91.0,93.0,arousal,1,eeg,gnb,paper_compact,10,0.5831318681318681,0,0.0018994737652271766,0.75957,1.812129
P27,sisyphus,1,sisyphus_s1_91.000,91.0,93.0,arousal,2,face,logreg,face_geometry,10,0.5754970760233917,0,0.4481302378109798,0.332558,1.139101
P27,sisyphus,1,sisyphus_s1_91.000,91.0,93.0,arousal,3,eeg,logreg,paper_compact,10,0.5704395604395605,0,0.4940603022330917,0.497344,1.406157
P27,sisyphus,1,sisyphus_s1_91.000,91.0,93.0,valence,1,multimodal,svm,all_eeg_plus_face,5,0.5983333333333333,1,0.7485432146965265,1.198172,2.0713850000000003
P27,sisyphus,1,sisyphus_s1_91.000,91.0,93.0,valence,2,eeg,logreg,all_eeg,8,0.5766666666666667,1,0.5214460950135912,1.13612,1.8733400000000002
P27,sisyphus,1,sisyphus_s1_91.000,91.0,93.0,valence,3,multimodal,logreg,all_eeg_plus_face,10,0.5650000000000001,0,0.48349015705359927,1.13852,1.9926229999999998
P27,sisyphus,1,sisyphus_s1_92.000,92.0,94.0,arousal,1,eeg,gnb,paper_compact,10,0.5831318681318681,0,0.0027129822260748776,1.160521,2.9153579999999994
P27,sisyphus,1,sisyphus_s1_92.000,92.0,94.0,arousal,2,face,logreg,face_geometry,10,0.5754970760233917,0,0.36225377096623135,0.526404,1.813708
P27,sisyphus,1,sisyphus_s1_92.000,92.0,94.0,arousal,3,eeg,logreg,paper_compact,10,0.5704395604395605,0,0.4111625699630156,0.769971,2.223079
P27,sisyphus,1,sisyphus_s1_92.000,92.0,94.0,valence,1,multimodal,svm,all_eeg_plus_face,5,0.5983333333333333,0,0.6159212014569643,2.223099,3.167734
P27,sisyphus,1,sisyphus_s1_92.000,92.0,94.0,valence,2,eeg,logreg,all_eeg,8,0.5766666666666667,0,0.42593229073974825,1.043648,1.843489
P27,sisyphus,1,sisyphus_s1_92.000,92.0,94.0,valence,3,multimodal,logreg,all_eeg_plus_face,10,0.5650000000000001,0,0.4086839058865225,1.13514,1.9098709999999999
P27,sisyphus,1,sisyphus_s1_93.000,93.0,95.0,arousal,1,eeg,gnb,paper_compact,10,0.5831318681318681,0,3.9867032037306176e-08,1.159431,2.912467
P27,sisyphus,1,sisyphus_s1_93.000,93.0,95.0,arousal,2,face,logreg,face_geometry,10,0.5754970760233917,0,0.38996232069524045,0.525064,1.813009
P27,sisyphus,1,sisyphus_s1_93.000,93.0,95.0,arousal,3,eeg,logreg,paper_compact,10,0.5704395604395605,0,0.33009955824264786,0.768831,2.2369209999999997
P27,sisyphus,1,sisyphus_s1_93.000,93.0,95.0,valence,1,multimodal,svm,all_eeg_plus_face,5,0.5983333333333333,1,0.6805032898288141,1.722036,2.0584939999999996
P27,sisyphus,1,sisyphus_s1_93.000,93.0,95.0,valence,2,eeg,logreg,all_eeg,8,0.5766666666666667,1,0.6490747038129745,1.088329,1.8777100000000002
P27,sisyphus,1,sisyphus_s1_93.000,93.0,95.0,valence,3,multimodal,logreg,all_eeg_plus_face,10,0.5650000000000001,1,0.6428119029536705,1.174271,1.9986929999999998
P27,sisyphus,1,sisyphus_s1_94.000,94.0,96.0,arousal,1,eeg,gnb,paper_compact,10,0.5831318681318681,0,0.00026641715135096076,0.786451,1.831649
P27,sisyphus,1,sisyphus_s1_94.000,94.0,96.0,arousal,2,face,logreg,face_geometry,10,0.5754970760233917,0,0.4302340709336575,0.329169,1.11086
P27,sisyphus,1,sisyphus_s1_94.000,94.0,96.0,arousal,3,eeg,logreg,paper_compact,10,0.5704395604395605,0,0.3937811246738265,0.475443,1.370816
P27,sisyphus,1,sisyphus_s1_94.000,94.0,96.0,valence,1,multimodal,svm,all_eeg_plus_face,5,0.5983333333333333,1,0.6900262689252395,1.169251,2.007094
P27,sisyphus,1,sisyphus_s1_94.000,94.0,96.0,valence,2,eeg,logreg,all_eeg,8,0.5766666666666667,1,0.6309703811440582,1.059998,1.8266080000000002
P27,sisyphus,1,sisyphus_s1_94.000,94.0,96.0,valence,3,multimodal,logreg,all_eeg_plus_face,10,0.5650000000000001,1,0.6104227389910499,1.137571,1.8833400000000002
P27,sisyphus,1,sisyphus_s1_95.000,95.0,97.0,arousal,1,eeg,gnb,paper_compact,10,0.5831318681318681,0,0.00204576707584315,0.74488,1.791207
P27,sisyphus,1,sisyphus_s1_95.000,95.0,97.0,arousal,2,face,logreg,face_geometry,10,0.5754970760233917,0,0.430202270373744,0.333269,1.12581
P27,sisyphus,1,sisyphus_s1_95.000,95.0,97.0,arousal,3,eeg,logreg,paper_compact,10,0.5704395604395605,0,0.4705963038548547,0.485572,1.49431
P27,sisyphus,1,sisyphus_s1_95.000,95.0,97.0,valence,1,multimodal,svm,all_eeg_plus_face,5,0.5983333333333333,0,0.6251141736642217,1.151101,2.059955
P27,sisyphus,1,sisyphus_s1_95.000,95.0,97.0,valence,2,eeg,logreg,all_eeg,8,0.5766666666666667,1,0.5289033961673844,1.110439,1.87984
P27,sisyphus,1,sisyphus_s1_95.000,95.0,97.0,valence,3,multimodal,logreg,all_eeg_plus_face,10,0.5650000000000001,1,0.50631200539432,1.165831,3.302538
P27,sisyphus,1,sisyphus_s1_96.000,96.0,98.0,arousal,1,eeg,gnb,paper_compact,10,0.5831318681318681,0,0.0006934734439949694,0.75044,1.814679
P27,sisyphus,1,sisyphus_s1_96.000,96.0,98.0,arousal,2,face,logreg,face_geometry,10,0.5754970760233917,0,0.4304538901177343,0.35402,1.1361599999999998
P27,sisyphus,1,sisyphus_s1_96.000,96.0,98.0,arousal,3,eeg,logreg,paper_compact,10,0.5704395604395605,0,0.49589689115663294,0.497233,1.405157
P27,sisyphus,1,sisyphus_s1_96.000,96.0,98.0,valence,1,multimodal,svm,all_eeg_plus_face,5,0.5983333333333333,1,0.6711497104287498,1.179232,2.054554
P27,sisyphus,1,sisyphus_s1_96.000,96.0,98.0,valence,2,eeg,logreg,all_eeg,8,0.5766666666666667,1,0.5483960870185439,1.143841,1.8798099999999998
P27,sisyphus,1,sisyphus_s1_96.000,96.0,98.0,valence,3,multimodal,logreg,all_eeg_plus_face,10,0.5650000000000001,1,0.5275133217928942,1.14763,1.945752
P27,sisyphus,1,sisyphus_s1_97.000,97.0,99.0,arousal,1,eeg,gnb,paper_compact,10,0.5831318681318681,0,0.0007065601034445723,1.165931,2.295051
P27,sisyphus,1,sisyphus_s1_97.000,97.0,99.0,arousal,2,face,logreg,face_geometry,10,0.5754970760233917,0,0.3966716748419459,0.331269,1.12947
P27,sisyphus,1,sisyphus_s1_97.000,97.0,99.0,arousal,3,eeg,logreg,paper_compact,10,0.5704395604395605,0,0.46402991181323244,0.509483,1.411438
P27,sisyphus,1,sisyphus_s1_97.000,97.0,99.0,valence,1,multimodal,svm,all_eeg_plus_face,5,0.5983333333333333,1,0.7728008389406594,1.161931,2.076435
P27,sisyphus,1,sisyphus_s1_97.000,97.0,99.0,valence,2,eeg,logreg,all_eeg,8,0.5766666666666667,1,0.6486397507566941,1.075539,1.87926
P27,sisyphus,1,sisyphus_s1_97.000,97.0,99.0,valence,3,multimodal,logreg,all_eeg_plus_face,10,0.5650000000000001,1,0.623762901662103,1.14114,1.928041
P27,sisyphus,1,sisyphus_s1_98.000,98.0,100.0,arousal,1,eeg,gnb,paper_compact,10,0.5831318681318681,0,7.712537481713452e-06,0.76241,1.86227
P27,sisyphus,1,sisyphus_s1_98.000,98.0,100.0,arousal,2,face,logreg,face_geometry,10,0.5754970760233917,0,0.3864419310127146,0.336219,1.1437300000000001
P27,sisyphus,1,sisyphus_s1_98.000,98.0,100.0,arousal,3,eeg,logreg,paper_compact,10,0.5704395604395605,0,0.49186031246625356,0.497873,1.416628
P27,sisyphus,1,sisyphus_s1_98.000,98.0,100.0,valence,1,multimodal,svm,all_eeg_plus_face,5,0.5983333333333333,0,0.6546500589737526,1.224132,2.061895
P27,sisyphus,1,sisyphus_s1_98.000,98.0,100.0,valence,2,eeg,logreg,all_eeg,8,0.5766666666666667,1,0.5024017224099742,1.10625,1.86827
P27,sisyphus,1,sisyphus_s1_98.000,98.0,100.0,valence,3,multimodal,logreg,all_eeg_plus_face,10,0.5650000000000001,0,0.470071097933081,1.144101,2.352203
P27,sisyphus,1,sisyphus_s1_99.000,99.0,101.0,arousal,1,eeg,gnb,paper_compact,10,0.5831318681318681,0,0.0010978494349040131,0.75417,1.86029
P27,sisyphus,1,sisyphus_s1_99.000,99.0,101.0,arousal,2,face,logreg,face_geometry,10,0.5754970760233917,0,0.327965045031299,0.343309,1.13876
P27,sisyphus,1,sisyphus_s1_99.000,99.0,101.0,arousal,3,eeg,logreg,paper_compact,10,0.5704395604395605,0,0.4323637060144132,0.493023,1.414556
P27,sisyphus,1,sisyphus_s1_99.000,99.0,101.0,valence,1,multimodal,svm,all_eeg_plus_face,5,0.5983333333333333,1,0.696400423852853,1.180902,2.0928050000000002
P27,sisyphus,1,sisyphus_s1_99.000,99.0,101.0,valence,2,eeg,logreg,all_eeg,8,0.5766666666666667,1,0.6489598709438374,1.081809,1.8698399999999997
P27,sisyphus,1,sisyphus_s1_99.000,99.0,101.0,valence,3,multimodal,logreg,all_eeg_plus_face,10,0.5650000000000001,1,0.6013969917812646,1.151431,1.929001
P27,sisyphus,1,sisyphus_s1_100.000,100.0,102.0,arousal,1,eeg,gnb,paper_compact,10,0.5831318681318681,0,6.431432643329225e-52,1.308194,2.801925
P27,sisyphus,1,sisyphus_s1_100.000,100.0,102.0,arousal,2,face,logreg,face_geometry,10,0.5754970760233917,0,0.28072625114277067,0.544365,1.7691569999999999
P27,sisyphus,1,sisyphus_s1_100.000,100.0,102.0,arousal,3,eeg,logreg,paper_compact,10,0.5704395604395605,0,0.1914678876819667,0.75864,2.203659
P27,sisyphus,1,sisyphus_s1_100.000,100.0,102.0,valence,1,multimodal,svm,all_eeg_plus_face,5,0.5983333333333333,1,0.6916924349958442,1.787278,3.218966
P27,sisyphus,1,sisyphus_s1_100.000,100.0,102.0,valence,2,eeg,logreg,all_eeg,8,0.5766666666666667,0,0.4955353653308242,1.688756,2.902237
P27,sisyphus,1,sisyphus_s1_100.000,100.0,102.0,valence,3,multimodal,logreg,all_eeg_plus_face,10,0.5650000000000001,0,0.4553727165394041,1.721546,1.88353
P27,sisyphus,1,sisyphus_s1_101.000,101.0,103.0,arousal,1,eeg,gnb,paper_compact,10,0.5831318681318681,0,2.7171085204942856e-60,0.74851,1.8603789999999998
P27,sisyphus,1,sisyphus_s1_101.000,101.0,103.0,arousal,2,face,logreg,face_geometry,10,0.5754970760233917,0,0.2947444376688809,0.335009,1.14407
P27,sisyphus,1,sisyphus_s1_101.000,101.0,103.0,arousal,3,eeg,logreg,paper_compact,10,0.5704395604395605,0,0.33526378080483166,0.493083,1.421938
P27,sisyphus,1,sisyphus_s1_101.000,101.0,103.0,valence,1,multimodal,svm,all_eeg_plus_face,5,0.5983333333333333,1,0.6929482171026871,1.168621,2.109126
P27,sisyphus,1,sisyphus_s1_101.000,101.0,103.0,valence,2,eeg,logreg,all_eeg,8,0.5766666666666667,0,0.10231911858574302,1.083659,1.8754300000000002
P27,sisyphus,1,sisyphus_s1_101.000,101.0,103.0,valence,3,multimodal,logreg,all_eeg_plus_face,10,0.5650000000000001,0,0.096343647218462,1.183581,1.9291209999999999
P27,sisyphus,1,sisyphus_s1_102.000,102.0,104.0,arousal,1,eeg,gnb,paper_compact,10,0.5831318681318681,0,4.699557723383025e-48,0.74675,1.839329
P27,sisyphus,1,sisyphus_s1_102.000,102.0,104.0,arousal,2,face,logreg,face_geometry,10,0.5754970760233917,0,0.33354775965181116,0.335199,1.1478000000000002
P27,sisyphus,1,sisyphus_s1_102.000,102.0,104.0,arousal,3,eeg,logreg,paper_compact,10,0.5704395604395605,1,0.5262766783148631,0.490643,1.423108
P27,sisyphus,1,sisyphus_s1_102.000,102.0,104.0,valence,1,multimodal,svm,all_eeg_plus_face,5,0.5983333333333333,1,0.6929482171026871,1.177842,2.097855
P27,sisyphus,1,sisyphus_s1_102.000,102.0,104.0,valence,2,eeg,logreg,all_eeg,8,0.5766666666666667,0,0.0490787548200475,1.076009,1.862219
P27,sisyphus,1,sisyphus_s1_102.000,102.0,104.0,valence,3,multimodal,logreg,all_eeg_plus_face,10,0.5650000000000001,0,0.04692265972514642,1.14956,1.928271
P27,sisyphus,1,sisyphus_s1_103.000,103.0,105.0,arousal,1,eeg,gnb,paper_compact,10,0.5831318681318681,0,8.436728786216097e-23,1.1467,2.803114
P27,sisyphus,1,sisyphus_s1_103.000,103.0,105.0,arousal,2,face,logreg,face_geometry,10,0.5754970760233917,0,0.3510584814554862,0.524444,1.768937
P27,sisyphus,1,sisyphus_s1_103.000,103.0,105.0,arousal,3,eeg,logreg,paper_compact,10,0.5704395604395605,1,0.7058261474099915,0.76385,2.019184
P27,sisyphus,1,sisyphus_s1_103.000,103.0,105.0,valence,1,multimodal,svm,all_eeg_plus_face,5,0.5983333333333333,1,0.6929482171026871,1.13862,2.071825
P27,sisyphus,1,sisyphus_s1_103.000,103.0,105.0,valence,2,eeg,logreg,all_eeg,8,0.5766666666666667,0,0.007741459500887333,1.081429,1.8579590000000001
P27,sisyphus,1,sisyphus_s1_103.000,103.0,105.0,valence,3,multimodal,logreg,all_eeg_plus_face,10,0.5650000000000001,0,0.007382169988878543,1.178351,1.9321210000000002
P27,sisyphus,1,sisyphus_s1_104.000,104.0,106.0,arousal,1,eeg,gnb,paper_compact,10,0.5831318681318681,0,3.6214547377383876e-60,1.191671,2.8053850000000002
P27,sisyphus,1,sisyphus_s1_104.000,104.0,106.0,arousal,2,face,logreg,face_geometry,10,0.5754970760233917,0,0.3038293072890223,0.575465,1.7836979999999998
P27,sisyphus,1,sisyphus_s1_104.000,104.0,106.0,arousal,3,eeg,logreg,paper_compact,10,0.5704395604395605,1,0.6645718629406092,0.76759,2.23261
P27,sisyphus,1,sisyphus_s1_104.000,104.0,106.0,valence,1,multimodal,svm,all_eeg_plus_face,5,0.5983333333333333,1,0.6929482171026871,1.802637,3.193775
P27,sisyphus,1,sisyphus_s1_104.000,104.0,106.0,valence,2,eeg,logreg,all_eeg,8,0.5766666666666667,0,1.84642685434363e-11,1.722126,2.117856
P27,sisyphus,1,sisyphus_s1_104.000,104.0,106.0,valence,3,multimodal,logreg,all_eeg_plus_face,10,0.5650000000000001,0,6.435007822786626e-11,1.13016,1.9336820000000001
P27,sisyphus,1,sisyphus_s1_105.000,105.0,107.0,arousal,1,eeg,gnb,paper_compact,10,0.5831318681318681,0,1.1021698450266028e-55,1.193222,2.8008740000000003
P27,sisyphus,1,sisyphus_s1_105.000,105.0,107.0,arousal,2,face,logreg,face_geometry,10,0.5754970760233917,0,0.47681620231290667,0.522654,1.598093
P27,sisyphus,1,sisyphus_s1_105.000,105.0,107.0,arousal,3,eeg,logreg,paper_compact,10,0.5704395604395605,0,0.46761540719583333,0.486743,1.3860069999999998
P27,sisyphus,1,sisyphus_s1_105.000,105.0,107.0,valence,1,multimodal,svm,all_eeg_plus_face,5,0.5983333333333333,1,0.6929482171026871,1.166121,2.061965
P27,sisyphus,1,sisyphus_s1_105.000,105.0,107.0,valence,2,eeg,logreg,all_eeg,8,0.5766666666666667,0,0.022761410870089482,1.095169,1.8800700000000001
P27,sisyphus,1,sisyphus_s1_105.000,105.0,107.0,valence,3,multimodal,logreg,all_eeg_plus_face,10,0.5650000000000001,0,0.023107222898558842,1.147721,1.9757820000000001
P27,sisyphus,1,sisyphus_s1_106.000,106.0,108.0,arousal,1,eeg,gnb,paper_compact,10,0.5831318681318681,0,4.347002031802013e-19,1.146741,2.8476850000000002
P27,sisyphus,1,sisyphus_s1_106.000,106.0,108.0,arousal,2,face,logreg,face_geometry,10,0.5754970760233917,1,0.5088106945940567,0.330258,1.12246
P27,sisyphus,1,sisyphus_s1_106.000,106.0,108.0,arousal,3,eeg,logreg,paper_compact,10,0.5704395604395605,0,0.41054857059055255,0.491903,1.409197
P27,sisyphus,1,sisyphus_s1_106.000,106.0,108.0,valence,1,multimodal,svm,all_eeg_plus_face,5,0.5983333333333333,1,0.6998662414602677,1.159991,2.077745
P27,sisyphus,1,sisyphus_s1_106.000,106.0,108.0,valence,2,eeg,logreg,all_eeg,8,0.5766666666666667,1,0.6498946024585208,1.075078,1.8708500000000001
P27,sisyphus,1,sisyphus_s1_106.000,106.0,108.0,valence,3,multimodal,logreg,all_eeg_plus_face,10,0.5650000000000001,1,0.6151065349796017,1.168651,1.927471
P27,sisyphus,1,sisyphus_s1_107.000,107.0,109.0,arousal,1,eeg,gnb,paper_compact,10,0.5831318681318681,0,3.2409740992190073e-07,1.227023,2.153527
P27,sisyphus,1,sisyphus_s1_107.000,107.0,109.0,arousal,2,face,logreg,face_geometry,10,0.5754970760233917,0,0.4880049860303091,0.331749,1.1354
P27,sisyphus,1,sisyphus_s1_107.000,107.0,109.0,arousal,3,eeg,logreg,paper_compact,10,0.5704395604395605,0,0.4924022187867795,0.485873,1.400247
P27,sisyphus,1,sisyphus_s1_107.000,107.0,109.0,valence,1,multimodal,svm,all_eeg_plus_face,5,0.5983333333333333,1,0.7219948503853866,1.165381,2.088716
P27,sisyphus,1,sisyphus_s1_107.000,107.0,109.0,valence,2,eeg,logreg,all_eeg,8,0.5766666666666667,1,0.687452368273487,1.082008,1.952092
P27,sisyphus,1,sisyphus_s1_107.000,107.0,109.0,valence,3,multimodal,logreg,all_eeg_plus_face,10,0.5650000000000001,1,0.6382090998760388,1.14463,1.926571
P27,sisyphus,1,sisyphus_s1_108.000,108.0,110.0,arousal,1,eeg,gnb,paper_compact,10,0.5831318681318681,0,1.543728821976344e-05,0.76468,1.8695599999999999
P27,sisyphus,1,sisyphus_s1_108.000,108.0,110.0,arousal,2,face,logreg,face_geometry,10,0.5754970760233917,1,0.512497279763183,0.342199,1.1820719999999998
P27,sisyphus,1,sisyphus_s1_108.000,108.0,110.0,arousal,3,eeg,logreg,paper_compact,10,0.5704395604395605,0,0.48645995603380354,0.498073,1.429408
P27,sisyphus,1,sisyphus_s1_108.000,108.0,110.0,valence,1,multimodal,svm,all_eeg_plus_face,5,0.5983333333333333,1,0.6771506066106425,1.174101,2.61476
P27,sisyphus,1,sisyphus_s1_108.000,108.0,110.0,valence,2,eeg,logreg,all_eeg,8,0.5766666666666667,1,0.6488427403489512,1.712935,2.9095370000000003
P27,sisyphus,1,sisyphus_s1_108.000,108.0,110.0,valence,3,multimodal,logreg,all_eeg_plus_face,10,0.5650000000000001,1,0.6334858790721554,1.850499,3.8764629999999998
P27,sisyphus,1,sisyphus_s1_109.000,109.0,111.0,arousal,1,eeg,gnb,paper_compact,10,0.5831318681318681,0,1.896092491064292e-14,0.765171,1.840249
P27,sisyphus,1,sisyphus_s1_109.000,109.0,111.0,arousal,2,face,logreg,face_geometry,10,0.5754970760233917,0,0.41569579814594637,0.337778,1.1408809999999998
P27,sisyphus,1,sisyphus_s1_109.000,109.0,111.0,arousal,3,eeg,logreg,paper_compact,10,0.5704395604395605,0,0.48485848362922696,0.489723,1.403597
P27,sisyphus,1,sisyphus_s1_109.000,109.0,111.0,valence,1,multimodal,svm,all_eeg_plus_face,5,0.5983333333333333,1,0.6929482171022255,1.193602,2.054464
P27,sisyphus,1,sisyphus_s1_109.000,109.0,111.0,valence,2,eeg,logreg,all_eeg,8,0.5766666666666667,0,0.1657654620925434,1.10294,1.862689
P27,sisyphus,1,sisyphus_s1_109.000,109.0,111.0,valence,3,multimodal,logreg,all_eeg_plus_face,10,0.5650000000000001,0,0.1762920011423454,1.142541,1.961002
P27,sisyphus,1,sisyphus_s1_110.000,110.0,112.0,arousal,1,eeg,gnb,paper_compact,10,0.5831318681318681,0,4.5600210291196444e-14,1.14976,2.402354
P27,sisyphus,1,sisyphus_s1_110.000,110.0,112.0,arousal,2,face,logreg,face_geometry,10,0.5754970760233917,0,0.35885514618561226,0.333238,1.1062400000000001
P27,sisyphus,1,sisyphus_s1_110.000,110.0,112.0,arousal,3,eeg,logreg,paper_compact,10,0.5704395604395605,0,0.49486533995504584,0.483983,1.3957469999999998
P27,sisyphus,1,sisyphus_s1_110.000,110.0,112.0,valence,1,multimodal,svm,all_eeg_plus_face,5,0.5983333333333333,1,0.6929482171026871,1.155951,2.061675
P27,sisyphus,1,sisyphus_s1_110.000,110.0,112.0,valence,2,eeg,logreg,all_eeg,8,0.5766666666666667,0,0.1670525701857824,1.075089,1.8670890000000002
P27,sisyphus,1,sisyphus_s1_110.000,110.0,112.0,valence,3,multimodal,logreg,all_eeg_plus_face,10,0.5650000000000001,0,0.1590345915213728,1.14784,1.923961
P27,sisyphus,1,sisyphus_s1_111.000,111.0,113.0,arousal,1,eeg,gnb,paper_compact,10,0.5831318681318681,0,2.611028220380833e-286,0.829232,1.833128
P27,sisyphus,1,sisyphus_s1_111.000,111.0,113.0,arousal,2,face,logreg,face_geometry,10,0.5754970760233917,0,0.37294093894273544,0.334389,1.1940419999999998
P27,sisyphus,1,sisyphus_s1_111.000,111.0,113.0,arousal,3,eeg,logreg,paper_compact,10,0.5704395604395605,1,0.5347769144079798,0.491713,2.041713
P27,sisyphus,1,sisyphus_s1_111.000,111.0,113.0,valence,1,multimodal,svm,all_eeg_plus_face,5,0.5983333333333333,1,0.6929482171026871,1.8809,3.2406759999999997
P27,sisyphus,1,sisyphus_s1_111.000,111.0,113.0,valence,2,eeg,logreg,all_eeg,8,0.5766666666666667,0,5.852796219660358e-24,1.675064,3.0231310000000002
P27,sisyphus,1,sisyphus_s1_111.000,111.0,113.0,valence,3,multimodal,logreg,all_eeg_plus_face,10,0.5650000000000001,0,3.9983315864043036e-22,1.769997,3.0993219999999995
P27,sisyphus,1,sisyphus_s1_112.000,112.0,114.0,arousal,1,eeg,gnb,paper_compact,10,0.5831318681318681,0,7.272121682350171e-15,1.154451,2.433714
P27,sisyphus,1,sisyphus_s1_112.000,112.0,114.0,arousal,2,face,logreg,face_geometry,10,0.5754970760233917,0,0.4481209424172424,0.334169,1.1376700000000002
P27,sisyphus,1,sisyphus_s1_112.000,112.0,114.0,arousal,3,eeg,logreg,paper_compact,10,0.5704395604395605,1,0.6821370644356902,0.505683,1.400487
P27,sisyphus,1,sisyphus_s1_112.000,112.0,114.0,valence,1,multimodal,svm,all_eeg_plus_face,5,0.5983333333333333,1,0.6929482171026871,1.168151,2.062964
P27,sisyphus,1,sisyphus_s1_112.000,112.0,114.0,valence,2,eeg,logreg,all_eeg,8,0.5766666666666667,0,1.4181577609784227e-12,1.073059,1.8698400000000002
P27,sisyphus,1,sisyphus_s1_112.000,112.0,114.0,valence,3,multimodal,logreg,all_eeg_plus_face,10,0.5650000000000001,0,8.172902298825692e-12,1.142931,1.919342
P27,sisyphus,1,sisyphus_s1_113.000,113.0,115.0,arousal,1,eeg,gnb,paper_compact,10,0.5831318681318681,0,9.756300913210384e-52,0.783941,1.88663
P27,sisyphus,1,sisyphus_s1_113.000,113.0,115.0,arousal,2,face,logreg,face_geometry,10,0.5754970760233917,0,0.3826389815582841,0.336149,1.1414
P27,sisyphus,1,sisyphus_s1_113.000,113.0,115.0,arousal,3,eeg,logreg,paper_compact,10,0.5704395604395605,0,0.23111813287195457,0.487383,1.451928
P27,sisyphus,1,sisyphus_s1_113.000,113.0,115.0,valence,1,multimodal,svm,all_eeg_plus_face,5,0.5983333333333333,1,0.6929482171026871,1.799358,3.181174
P27,sisyphus,1,sisyphus_s1_113.000,113.0,115.0,valence,2,eeg,logreg,all_eeg,8,0.5766666666666667,0,0.00014761978469838327,1.747267,2.945338
P27,sisyphus,1,sisyphus_s1_113.000,113.0,115.0,valence,3,multimodal,logreg,all_eeg_plus_face,10,0.5650000000000001,0,0.00017564008905219635,1.796828,3.01444
P27,sisyphus,1,sisyphus_s1_114.000,114.0,116.0,arousal,1,eeg,gnb,paper_compact,10,0.5831318681318681,0,2.3840516272187666e-104,1.160171,2.8534059999999997
P27,sisyphus,1,sisyphus_s1_114.000,114.0,116.0,arousal,2,face,logreg,face_geometry,10,0.5754970760233917,0,0.4982692686497465,0.525804,1.787367
P27,sisyphus,1,sisyphus_s1_114.000,114.0,116.0,arousal,3,eeg,logreg,paper_compact,10,0.5704395604395605,0,0.050076830882393536,0.76441,2.3367519999999997
P27,sisyphus,1,sisyphus_s1_114.000,114.0,116.0,valence,1,multimodal,svm,all_eeg_plus_face,5,0.5983333333333333,1,0.6929482171026871,1.823038,3.174715
P27,sisyphus,1,sisyphus_s1_114.000,114.0,116.0,valence,2,eeg,logreg,all_eeg,8,0.5766666666666667,0,0.018471564676221186,1.717265,3.833622
P27,sisyphus,1,sisyphus_s1_114.000,114.0,116.0,valence,3,multimodal,logreg,all_eeg_plus_face,10,0.5650000000000001,0,0.017687008560298218,1.10519,1.90758
P27,sisyphus,1,sisyphus_s1_115.000,115.0,117.0,arousal,1,eeg,gnb,paper_compact,10,0.5831318681318681,0,3.0633531935914734e-209,0.774151,1.873039
P27,sisyphus,1,sisyphus_s1_115.000,115.0,117.0,arousal,2,face,logreg,face_geometry,10,0.5754970760233917,1,0.545833486053437,0.344929,1.1565109999999998
P27,sisyphus,1,sisyphus_s1_115.000,115.0,117.0,arousal,3,eeg,logreg,paper_compact,10,0.5704395604395605,0,0.01167550518380502,0.493093,1.437258
P27,sisyphus,1,sisyphus_s1_115.000,115.0,117.0,valence,1,multimodal,svm,all_eeg_plus_face,5,0.5983333333333333,1,0.6929445123889044,1.171621,2.0818260000000004
P27,sisyphus,1,sisyphus_s1_115.000,115.0,117.0,valence,2,eeg,logreg,all_eeg,8,0.5766666666666667,1,0.5852235925664688,1.12954,1.88277
P27,sisyphus,1,sisyphus_s1_115.000,115.0,117.0,valence,3,multimodal,logreg,all_eeg_plus_face,10,0.5650000000000001,1,0.5323224033255796,1.177371,1.944532
P27,sisyphus,1,sisyphus_s1_116.000,116.0,118.0,arousal,1,eeg,gnb,paper_compact,10,0.5831318681318681,0,6.1546e-320,0.770731,1.867079
P27,sisyphus,1,sisyphus_s1_116.000,116.0,118.0,arousal,2,face,logreg,face_geometry,10,0.5754970760233917,0,0.4820466416271002,0.337199,1.14418
P27,sisyphus,1,sisyphus_s1_116.000,116.0,118.0,arousal,3,eeg,logreg,paper_compact,10,0.5704395604395605,0,0.007411227202488464,0.499393,1.465789
P27,sisyphus,1,sisyphus_s1_116.000,116.0,118.0,valence,1,multimodal,svm,all_eeg_plus_face,5,0.5983333333333333,1,0.6928376136037706,1.158011,2.081335
P27,sisyphus,1,sisyphus_s1_116.000,116.0,118.0,valence,2,eeg,logreg,all_eeg,8,0.5766666666666667,1,0.5858059598866164,1.087338,1.8715199999999999
P27,sisyphus,1,sisyphus_s1_116.000,116.0,118.0,valence,3,multimodal,logreg,all_eeg_plus_face,10,0.5650000000000001,1,0.5441707804833248,1.174101,1.9419620000000002
P27,sisyphus,1,sisyphus_s1_117.000,117.0,119.0,arousal,1,eeg,gnb,paper_compact,10,0.5831318681318681,0,1.6414525031733713e-188,1.165581,2.826104
P27,sisyphus,1,sisyphus_s1_117.000,117.0,119.0,arousal,2,face,logreg,face_geometry,10,0.5754970760233917,0,0.40139241196838055,0.526254,1.782466
P27,sisyphus,1,sisyphus_s1_117.000,117.0,119.0,arousal,3,eeg,logreg,paper_compact,10,0.5704395604395605,0,0.005242328073988579,0.78288,2.193449
P27,sisyphus,1,sisyphus_s1_117.000,117.0,119.0,valence,1,multimodal,svm,all_eeg_plus_face,5,0.5983333333333333,1,0.6929467859647902,1.85699,3.156284
P27,sisyphus,1,sisyphus_s1_117.000,117.0,119.0,valence,2,eeg,logreg,all_eeg,8,0.5766666666666667,1,0.638879385936919,1.737006,2.931698
P27,sisyphus,1,sisyphus_s1_117.000,117.0,119.0,valence,3,multimodal,logreg,all_eeg_plus_face,10,0.5650000000000001,1,0.5963656118883793,1.777668,3.071682
P27,sisyphus,1,sisyphus_s1_118.000,118.0,120.0,arousal,1,eeg,gnb,paper_compact,10,0.5831318681318681,0,2.2734723770003646e-97,1.166171,2.9142479999999997
P27,sisyphus,1,sisyphus_s1_118.000,118.0,120.0,arousal,2,face,logreg,face_geometry,10,0.5754970760233917,0,0.36325802430258436,0.521794,1.823359
P27,sisyphus,1,sisyphus_s1_118.000,118.0,120.0,arousal,3,eeg,logreg,paper_compact,10,0.5704395604395605,0,0.007244317552446434,0.477143,1.405136
P27,sisyphus,1,sisyphus_s1_118.000,118.0,120.0,valence,1,multimodal,svm,all_eeg_plus_face,5,0.5983333333333333,1,0.6929480644186234,1.178171,2.111396
P27,sisyphus,1,sisyphus_s1_118.000,118.0,120.0,valence,2,eeg,logreg,all_eeg,8,0.5766666666666667,0,0.425731436777288,1.078919,1.930001
P27,sisyphus,1,sisyphus_s1_118.000,118.0,120.0,valence,3,multimodal,logreg,all_eeg_plus_face,10,0.5650000000000001,0,0.3954779508821383,1.173161,1.996393
P27,sisyphus,1,sisyphus_s1_119.000,119.0,121.0,arousal,1,eeg,gnb,paper_compact,10,0.5831318681318681,0,1.1881790782628878e-09,0.7639,1.8888410000000002
P27,sisyphus,1,sisyphus_s1_119.000,119.0,121.0,arousal,2,face,logreg,face_geometry,10,0.5754970760233917,0,0.3293923879518827,0.36371,1.146251
P27,sisyphus,1,sisyphus_s1_119.000,119.0,121.0,arousal,3,eeg,logreg,paper_compact,10,0.5704395604395605,0,0.09177409658373904,0.567645,1.411758
P27,sisyphus,1,sisyphus_s1_119.000,119.0,121.0,valence,1,multimodal,svm,all_eeg_plus_face,5,0.5983333333333333,1,0.6928182801075765,1.203372,2.120996
P27,sisyphus,1,sisyphus_s1_119.000,119.0,121.0,valence,2,eeg,logreg,all_eeg,8,0.5766666666666667,0,0.4543500873458871,1.10998,1.932231
P27,sisyphus,1,sisyphus_s1_119.000,119.0,121.0,valence,3,multimodal,logreg,all_eeg_plus_face,10,0.5650000000000001,0,0.43637742928941625,1.165211,1.974013
P27,sisyphus,1,sisyphus_s1_120.000,120.0,122.0,arousal,1,eeg,gnb,paper_compact,10,0.5831318681318681,0,4.2614821815206375e-20,1.174281,2.426015
P27,sisyphus,1,sisyphus_s1_120.000,120.0,122.0,arousal,2,face,logreg,face_geometry,10,0.5754970760233917,0,0.3008915699412678,0.333009,1.1155000000000002
P27,sisyphus,1,sisyphus_s1_120.000,120.0,122.0,arousal,3,eeg,logreg,paper_compact,10,0.5704395604395605,0,0.2797995970744189,0.477272,1.428358
P27,sisyphus,1,sisyphus_s1_120.000,120.0,122.0,valence,1,multimodal,svm,all_eeg_plus_face,5,0.5983333333333333,1,0.6687038999785262,1.158371,2.0733750000000004
P27,sisyphus,1,sisyphus_s1_120.000,120.0,122.0,valence,2,eeg,logreg,all_eeg,8,0.5766666666666667,1,0.5695143638238396,1.076739,1.8650989999999998
P27,sisyphus,1,sisyphus_s1_120.000,120.0,122.0,valence,3,multimodal,logreg,all_eeg_plus_face,10,0.5650000000000001,1,0.5620635422237358,1.188351,1.930961
P27,sisyphus,1,sisyphus_s1_121.000,121.0,123.0,arousal,1,eeg,gnb,paper_compact,10,0.5831318681318681,0,2.3317739622693044e-74,0.809472,1.827868
P27,sisyphus,1,sisyphus_s1_121.000,121.0,123.0,arousal,2,face,logreg,face_geometry,10,0.5754970760233917,0,0.3020766042167503,0.346449,1.14399
P27,sisyphus,1,sisyphus_s1_121.000,121.0,123.0,arousal,3,eeg,logreg,paper_compact,10,0.5704395604395605,0,0.017043912529191275,0.501084,1.407377
P27,sisyphus,1,sisyphus_s1_121.000,121.0,123.0,valence,1,multimodal,svm,all_eeg_plus_face,5,0.5983333333333333,1,0.6930702543704155,1.208712,2.076196
P27,sisyphus,1,sisyphus_s1_121.000,121.0,123.0,valence,2,eeg,logreg,all_eeg,8,0.5766666666666667,1,0.7224626573812583,1.084758,1.9204510000000001
P27,sisyphus,1,sisyphus_s1_121.000,121.0,123.0,valence,3,multimodal,logreg,all_eeg_plus_face,10,0.5650000000000001,1,0.707404682430096,1.15669,1.960322
P27,sisyphus,1,sisyphus_s1_122.000,122.0,124.0,arousal,1,eeg,gnb,paper_compact,10,0.5831318681318681,0,3.006116990223563e-131,0.776481,1.8517190000000001
P27,sisyphus,1,sisyphus_s1_122.000,122.0,124.0,arousal,2,face,logreg,face_geometry,10,0.5754970760233917,0,0.27967527535566333,0.339359,1.1493010000000001
P27,sisyphus,1,sisyphus_s1_122.000,122.0,124.0,arousal,3,eeg,logreg,paper_compact,10,0.5704395604395605,0,0.0021952278580564363,0.492383,1.406417
P27,sisyphus,1,sisyphus_s1_122.000,122.0,124.0,valence,1,multimodal,svm,all_eeg_plus_face,5,0.5983333333333333,1,0.6930154055156025,1.630714,3.1995240000000003
P27,sisyphus,1,sisyphus_s1_122.000,122.0,124.0,valence,2,eeg,logreg,all_eeg,8,0.5766666666666667,1,0.7752106299085361,1.673705,3.219086
P27,sisyphus,1,sisyphus_s1_122.000,122.0,124.0,valence,3,multimodal,logreg,all_eeg_plus_face,10,0.5650000000000001,1,0.7618903117894134,2.324183,2.054665
P27,sisyphus,1,sisyphus_s1_123.000,123.0,125.0,arousal,1,eeg,gnb,paper_compact,10,0.5831318681318681,0,1.625886675704455e-64,1.171151,2.8975769999999996
P27,sisyphus,1,sisyphus_s1_123.000,123.0,125.0,arousal,2,face,logreg,face_geometry,10,0.5754970760233917,0,0.2930180344233077,0.521234,1.805218
P27,sisyphus,1,sisyphus_s1_123.000,123.0,125.0,arousal,3,eeg,logreg,paper_compact,10,0.5704395604395605,0,0.028054506087665177,0.7628,2.191588
P27,sisyphus,1,sisyphus_s1_123.000,123.0,125.0,valence,1,multimodal,svm,all_eeg_plus_face,5,0.5983333333333333,1,0.6941606540725747,2.26406,3.098002
P27,sisyphus,1,sisyphus_s1_123.000,123.0,125.0,valence,2,eeg,logreg,all_eeg,8,0.5766666666666667,1,0.7765067383659878,1.066469,1.8645990000000001
P27,sisyphus,1,sisyphus_s1_123.000,123.0,125.0,valence,3,multimodal,logreg,all_eeg_plus_face,10,0.5650000000000001,1,0.7507219973222176,1.148781,1.928421
P27,sisyphus,1,sisyphus_s1_124.000,124.0,126.0,arousal,1,eeg,gnb,paper_compact,10,0.5831318681318681,0,2.5964874597037144e-38,1.230903,2.788115
P27,sisyphus,1,sisyphus_s1_124.000,124.0,126.0,arousal,2,face,logreg,face_geometry,10,0.5754970760233917,0,0.30513708788001725,0.522504,1.3944070000000002
P27,sisyphus,1,sisyphus_s1_124.000,124.0,126.0,arousal,3,eeg,logreg,paper_compact,10,0.5704395604395605,0,0.09576443231473321,0.491293,1.4043569999999999
P27,sisyphus,1,sisyphus_s1_124.000,124.0,126.0,valence,1,multimodal,svm,all_eeg_plus_face,5,0.5983333333333333,1,0.6944123686172546,1.216993,2.059424
P27,sisyphus,1,sisyphus_s1_124.000,124.0,126.0,valence,2,eeg,logreg,all_eeg,8,0.5766666666666667,1,0.7763188307825473,1.078088,1.89046
P27,sisyphus,1,sisyphus_s1_124.000,124.0,126.0,valence,3,multimodal,logreg,all_eeg_plus_face,10,0.5650000000000001,1,0.7502094174178477,1.14979,1.988223
P27,sisyphus,1,sisyphus_s1_125.000,125.0,127.0,arousal,1,eeg,gnb,paper_compact,10,0.5831318681318681,0,1.163297583271608e-17,1.101219,2.745333
P27,sisyphus,1,sisyphus_s1_125.000,125.0,127.0,arousal,2,face,logreg,face_geometry,10,0.5754970760233917,0,0.30649519576189105,0.521674,1.7580060000000002
P27,sisyphus,1,sisyphus_s1_125.000,125.0,127.0,arousal,3,eeg,logreg,paper_compact,10,0.5704395604395605,0,0.29328406664458434,0.76352,2.302161
P27,sisyphus,1,sisyphus_s1_125.000,125.0,127.0,valence,1,multimodal,svm,all_eeg_plus_face,5,0.5983333333333333,1,0.6991036253718808,1.799108,3.1133129999999998
P27,sisyphus,1,sisyphus_s1_125.000,125.0,127.0,valence,2,eeg,logreg,all_eeg,8,0.5766666666666667,1,0.6558499438401775,1.778667,2.932868
P27,sisyphus,1,sisyphus_s1_125.000,125.0,127.0,valence,3,multimodal,logreg,all_eeg_plus_face,10,0.5650000000000001,1,0.6386463815024594,1.786427,3.2310659999999998
P27,sisyphus,1,sisyphus_s1_126.000,126.0,128.0,arousal,1,eeg,gnb,paper_compact,10,0.5831318681318681,0,5.953288967077313e-54,0.710239,1.7153950000000002
P27,sisyphus,1,sisyphus_s1_126.000,126.0,128.0,arousal,3,eeg,logreg,paper_compact,10,0.5704395604395605,0,0.023857404206963872,0.503243,1.407318
P27,sisyphus,1,sisyphus_s1_126.000,126.0,128.0,valence,2,eeg,logreg,all_eeg,8,0.5766666666666667,1,0.7499898064184931,1.083899,1.8931909999999998
P27,shape_sorter_interaction,1,shape_sorter_interaction_s1_22.000,22.0,24.0,arousal,1,eeg,gnb,paper_compact,10,0.5831318681318681,1,0.8983797355923708,1.180361,2.7958950000000002
P27,shape_sorter_interaction,1,shape_sorter_interaction_s1_22.000,22.0,24.0,arousal,2,face,logreg,face_geometry,10,0.5754970760233917,1,0.507499679170072,0.572195,1.217321
P27,shape_sorter_interaction,1,shape_sorter_interaction_s1_22.000,22.0,24.0,arousal,3,eeg,logreg,paper_compact,10,0.5704395604395605,0,0.4904351481648712,0.476273,1.3896870000000001
P27,shape_sorter_interaction,1,shape_sorter_interaction_s1_22.000,22.0,24.0,valence,1,multimodal,svm,all_eeg_plus_face,5,0.5983333333333333,1,0.6811619952602734,1.169091,2.059144
P27,shape_sorter_interaction,1,shape_sorter_interaction_s1_22.000,22.0,24.0,valence,2,eeg,logreg,all_eeg,8,0.5766666666666667,1,0.5380395947783941,1.085458,1.8594
P27,shape_sorter_interaction,1,shape_sorter_interaction_s1_22.000,22.0,24.0,valence,3,multimodal,logreg,all_eeg_plus_face,10,0.5650000000000001,0,0.4979537874713016,1.14628,1.952452
P27,shape_sorter_interaction,1,shape_sorter_interaction_s1_23.000,23.0,25.0,arousal,1,eeg,gnb,paper_compact,10,0.5831318681318681,1,0.8939211990739415,0.76493,1.8936400000000002
P27,shape_sorter_interaction,1,shape_sorter_interaction_s1_23.000,23.0,25.0,arousal,2,face,logreg,face_geometry,10,0.5754970760233917,1,0.5282767786386915,0.338449,1.14265
P27,shape_sorter_interaction,1,shape_sorter_interaction_s1_23.000,23.0,25.0,arousal,3,eeg,logreg,paper_compact,10,0.5704395604395605,1,0.5256943858665546,0.488333,1.428658
P27,shape_sorter_interaction,1,shape_sorter_interaction_s1_23.000,23.0,25.0,valence,1,multimodal,svm,all_eeg_plus_face,5,0.5983333333333333,0,0.6416371028690027,1.169881,2.0638549999999998
P27,shape_sorter_interaction,1,shape_sorter_interaction_s1_23.000,23.0,25.0,valence,2,eeg,logreg,all_eeg,8,0.5766666666666667,1,0.5021997438733287,1.076998,1.8679000000000001
P27,shape_sorter_interaction,1,shape_sorter_interaction_s1_23.000,23.0,25.0,valence,3,multimodal,logreg,all_eeg_plus_face,10,0.5650000000000001,0,0.46968344396490125,1.214492,1.945402
P27,shape_sorter_interaction,1,shape_sorter_interaction_s1_24.000,24.0,26.0,arousal,1,eeg,gnb,paper_compact,10,0.5831318681318681,1,0.6581621423485648,1.196462,2.804024
P27,shape_sorter_interaction,1,shape_sorter_interaction_s1_24.000,24.0,26.0,arousal,2,face,logreg,face_geometry,10,0.5754970760233917,0,0.48361342519871,0.550554,1.779358
P27,shape_sorter_interaction,1,shape_sorter_interaction_s1_24.000,24.0,26.0,arousal,3,eeg,logreg,paper_compact,10,0.5704395604395605,1,0.5161628330665657,0.76102,2.0908860000000002
P27,shape_sorter_interaction,1,shape_sorter_interaction_s1_24.000,24.0,26.0,valence,1,multimodal,svm,all_eeg_plus_face,5,0.5983333333333333,0,0.5663891886554495,1.13815,2.073035
P27,shape_sorter_interaction,1,shape_sorter_interaction_s1_24.000,24.0,26.0,valence,2,eeg,logreg,all_eeg,8,0.5766666666666667,1,0.5129861631272855,1.071079,1.8585789999999998
P27,shape_sorter_interaction,1,shape_sorter_interaction_s1_24.000,24.0,26.0,valence,3,multimodal,logreg,all_eeg_plus_face,10,0.5650000000000001,0,0.4682031625721592,1.368937,3.044372
P27,shape_sorter_interaction,1,shape_sorter_interaction_s1_25.000,25.0,27.0,arousal,1,eeg,gnb,paper_compact,10,0.5831318681318681,0,0.05995861988728686,1.156651,2.826844
P27,shape_sorter_interaction,1,shape_sorter_interaction_s1_25.000,25.0,27.0,arousal,2,face,logreg,face_geometry,10,0.5754970760233917,0,0.3934776783118812,0.524664,1.760627
P27,shape_sorter_interaction,1,shape_sorter_interaction_s1_25.000,25.0,27.0,arousal,3,eeg,logreg,paper_compact,10,0.5704395604395605,1,0.5473964066092825,0.760101,1.8585889999999998
P27,shape_sorter_interaction,1,shape_sorter_interaction_s1_25.000,25.0,27.0,valence,1,multimodal,svm,all_eeg_plus_face,5,0.5983333333333333,1,0.6931014539241238,1.13873,2.016374
P27,shape_sorter_interaction,1,shape_sorter_interaction_s1_25.000,25.0,27.0,valence,2,eeg,logreg,all_eeg,8,0.5766666666666667,1,0.7129794773779329,1.059868,1.841209
P27,shape_sorter_interaction,1,shape_sorter_interaction_s1_25.000,25.0,27.0,valence,3,multimodal,logreg,all_eeg_plus_face,10,0.5650000000000001,1,0.64653717071796,1.143031,1.9115700000000002
P27,shape_sorter_interaction,1,shape_sorter_interaction_s1_26.000,26.0,28.0,arousal,1,eeg,gnb,paper_compact,10,0.5831318681318681,0,0.03581791584430128,1.775788,2.1389760000000004
P27,shape_sorter_interaction,1,shape_sorter_interaction_s1_26.000,26.0,28.0,arousal,2,face,logreg,face_geometry,10,0.5754970760233917,0,0.3220558410981936,0.334499,1.1058189999999999
P27,shape_sorter_interaction,1,shape_sorter_interaction_s1_26.000,26.0,28.0,arousal,3,eeg,logreg,paper_compact,10,0.5704395604395605,1,0.5000879755420746,0.485693,1.383417
P27,shape_sorter_interaction,1,shape_sorter_interaction_s1_26.000,26.0,28.0,valence,1,multimodal,svm,all_eeg_plus_face,5,0.5983333333333333,1,0.7072950652908756,1.163861,2.441785
P27,shape_sorter_interaction,1,shape_sorter_interaction_s1_26.000,26.0,28.0,valence,2,eeg,logreg,all_eeg,8,0.5766666666666667,1,0.597410080370029,1.669435,2.978709
P27,shape_sorter_interaction,1,shape_sorter_interaction_s1_26.000,26.0,28.0,valence,3,multimodal,logreg,all_eeg_plus_face,10,0.5650000000000001,0,0.4640063396922743,1.856419,2.990519
P27,shape_sorter_interaction,1,shape_sorter_interaction_s1_27.000,27.0,29.0,arousal,1,eeg,gnb,paper_compact,10,0.5831318681318681,0,1.850750933298162e-08,1.16195,2.9199379999999997
P27,shape_sorter_interaction,1,shape_sorter_interaction_s1_27.000,27.0,29.0,arousal,2,face,logreg,face_geometry,10,0.5754970760233917,0,0.30080805488942386,0.496634,1.15275
P27,shape_sorter_interaction,1,shape_sorter_interaction_s1_27.000,27.0,29.0,arousal,3,eeg,logreg,paper_compact,10,0.5704395604395605,0,0.4837281902428277,0.477713,1.433538
P27,shape_sorter_interaction,1,shape_sorter_interaction_s1_27.000,27.0,29.0,valence,1,multimodal,svm,all_eeg_plus_face,5,0.5983333333333333,1,0.7100367538062485,1.166071,2.095626
P27,shape_sorter_interaction,1,shape_sorter_interaction_s1_27.000,27.0,29.0,valence,2,eeg,logreg,all_eeg,8,0.5766666666666667,1,0.5838067668139204,1.164061,2.9475480000000003
P27,shape_sorter_interaction,1,shape_sorter_interaction_s1_27.000,27.0,29.0,valence,3,multimodal,logreg,all_eeg_plus_face,10,0.5650000000000001,0,0.48008118477498013,1.838579,3.1630740000000004
P27,shape_sorter_interaction,1,shape_sorter_interaction_s1_28.000,28.0,30.0,arousal,1,eeg,gnb,paper_compact,10,0.5831318681318681,0,2.5741237270509976e-32,1.261263,2.815775
P27,shape_sorter_interaction,1,shape_sorter_interaction_s1_28.000,28.0,30.0,arousal,2,face,logreg,face_geometry,10,0.5754970760233917,0,0.25218660310533614,0.576116,1.767107
P27,shape_sorter_interaction,1,shape_sorter_interaction_s1_28.000,28.0,30.0,arousal,3,eeg,logreg,paper_compact,10,0.5704395604395605,0,0.40792582113587605,0.75949,2.192158
P27,shape_sorter_interaction,1,shape_sorter_interaction_s1_28.000,28.0,30.0,valence,1,multimodal,svm,all_eeg_plus_face,5,0.5983333333333333,1,0.6929482049206059,1.169431,2.081446
P27,shape_sorter_interaction,1,shape_sorter_interaction_s1_28.000,28.0,30.0,valence,2,eeg,logreg,all_eeg,8,0.5766666666666667,0,0.12208408516248959,1.071048,1.8895600000000001
P27,shape_sorter_interaction,1,shape_sorter_interaction_s1_28.000,28.0,30.0,valence,3,multimodal,logreg,all_eeg_plus_face,10,0.5650000000000001,0,0.06990544153095217,1.194162,1.971122
P27,shape_sorter_interaction,1,shape_sorter_interaction_s1_29.000,29.0,31.0,arousal,1,eeg,gnb,paper_compact,10,0.5831318681318681,0,0.00025037424930337914,1.450479,2.5024960000000003
P27,shape_sorter_interaction,1,shape_sorter_interaction_s1_29.000,29.0,31.0,arousal,2,face,logreg,face_geometry,10,0.5754970760233917,0,0.2769028274985469,0.331849,1.12706
P27,shape_sorter_interaction,1,shape_sorter_interaction_s1_29.000,29.0,31.0,arousal,3,eeg,logreg,paper_compact,10,0.5704395604395605,1,0.5603255541343609,0.503424,1.394407
P27,shape_sorter_interaction,1,shape_sorter_interaction_s1_29.000,29.0,31.0,valence,1,multimodal,svm,all_eeg_plus_face,5,0.5983333333333333,1,0.692947687658487,1.165811,2.070415
P27,shape_sorter_interaction,1,shape_sorter_interaction_s1_29.000,29.0,31.0,valence,2,eeg,logreg,all_eeg,8,0.5766666666666667,0,0.10693896970735167,1.083009,1.8964200000000002
P27,shape_sorter_interaction,1,shape_sorter_interaction_s1_29.000,29.0,31.0,valence,3,multimodal,logreg,all_eeg_plus_face,10,0.5650000000000001,0,0.08615047357135845,1.140961,1.929592
P27,shape_sorter_interaction,1,shape_sorter_interaction_s1_30.000,30.0,32.0,arousal,1,eeg,gnb,paper_compact,10,0.5831318681318681,0,1.7137522723986807e-20,1.163121,2.8765470000000004
P27,shape_sorter_interaction,1,shape_sorter_interaction_s1_30.000,30.0,32.0,arousal,2,face,logreg,face_geometry,10,0.5754970760233917,0,0.34492299529244563,0.529374,1.7865280000000001
P27,shape_sorter_interaction,1,shape_sorter_interaction_s1_30.000,30.0,32.0,arousal,3,eeg,logreg,paper_compact,10,0.5704395604395605,0,0.43359033828079413,0.771431,2.196057
P27,shape_sorter_interaction,1,shape_sorter_interaction_s1_30.000,30.0,32.0,valence,1,multimodal,svm,all_eeg_plus_face,5,0.5983333333333333,1,0.6858666117359459,1.821308,3.1976050000000003
P27,shape_sorter_interaction,1,shape_sorter_interaction_s1_30.000,30.0,32.0,valence,2,eeg,logreg,all_eeg,8,0.5766666666666667,0,0.30352754357149325,1.185182,1.7885670000000002
P27,shape_sorter_interaction,1,shape_sorter_interaction_s1_30.000,30.0,32.0,valence,3,multimodal,logreg,all_eeg_plus_face,10,0.5650000000000001,0,0.2807147383274531,1.12924,1.849499
P27,shape_sorter_interaction,1,shape_sorter_interaction_s1_31.000,31.0,33.0,arousal,1,eeg,gnb,paper_compact,10,0.5831318681318681,0,4.158171296709e-09,1.571672,3.551844
P27,shape_sorter_interaction,1,shape_sorter_interaction_s1_31.000,31.0,33.0,arousal,2,face,logreg,face_geometry,10,0.5754970760233917,0,0.4294072598423266,0.331549,1.13049
P27,shape_sorter_interaction,1,shape_sorter_interaction_s1_31.000,31.0,33.0,arousal,3,eeg,logreg,paper_compact,10,0.5704395604395605,0,0.48709348799248364,0.492233,1.4194980000000001
P27,shape_sorter_interaction,1,shape_sorter_interaction_s1_31.000,31.0,33.0,valence,1,multimodal,svm,all_eeg_plus_face,5,0.5983333333333333,0,0.6452300263912626,1.188262,2.079625
P27,shape_sorter_interaction,1,shape_sorter_interaction_s1_31.000,31.0,33.0,valence,2,eeg,logreg,all_eeg,8,0.5766666666666667,0,0.3321831670432882,1.076469,1.862049
P27,shape_sorter_interaction,1,shape_sorter_interaction_s1_31.000,31.0,33.0,valence,3,multimodal,logreg,all_eeg_plus_face,10,0.5650000000000001,0,0.29067248348631713,1.185252,1.9348310000000002
P27,shape_sorter_interaction,1,shape_sorter_interaction_s1_32.000,32.0,34.0,arousal,1,eeg,gnb,paper_compact,10,0.5831318681318681,0,0.02764020180993466,1.159821,2.8619770000000004
P27,shape_sorter_interaction,1,shape_sorter_interaction_s1_32.000,32.0,34.0,arousal,2,face,logreg,face_geometry,10,0.5754970760233917,0,0.4571951627663256,0.526424,1.7942980000000002
P27,shape_sorter_interaction,1,shape_sorter_interaction_s1_32.000,32.0,34.0,arousal,3,eeg,logreg,paper_compact,10,0.5704395604395605,0,0.47733018809975253,0.811682,1.6607039999999997
P27,shape_sorter_interaction,1,shape_sorter_interaction_s1_32.000,32.0,34.0,valence,1,multimodal,svm,all_eeg_plus_face,5,0.5983333333333333,0,0.6545630302334231,1.149741,2.073335
P27,shape_sorter_interaction,1,shape_sorter_interaction_s1_32.000,32.0,34.0,valence,2,eeg,logreg,all_eeg,8,0.5766666666666667,1,0.5132655184435967,1.079258,1.9017810000000002
P27,shape_sorter_interaction,1,shape_sorter_interaction_s1_32.000,32.0,34.0,valence,3,multimodal,logreg,all_eeg_plus_face,10,0.5650000000000001,0,0.4846715828224705,1.149871,1.942231
P27,shape_sorter_interaction,1,shape_sorter_interaction_s1_33.000,33.0,35.0,arousal,1,eeg,gnb,paper_compact,10,0.5831318681318681,0,0.005615037032410013,0.74878,1.848289
P27,shape_sorter_interaction,1,shape_sorter_interaction_s1_33.000,33.0,35.0,arousal,2,face,logreg,face_geometry,10,0.5754970760233917,0,0.4677975293534777,0.335508,1.136161
P27,shape_sorter_interaction,1,shape_sorter_interaction_s1_33.000,33.0,35.0,arousal,3,eeg,logreg,paper_compact,10,0.5704395604395605,0,0.39320990656118754,0.487123,1.4067079999999998
P27,shape_sorter_interaction,1,shape_sorter_interaction_s1_33.000,33.0,35.0,valence,1,multimodal,svm,all_eeg_plus_face,5,0.5983333333333333,1,0.7054402044370163,1.163841,2.0451639999999998
P27,shape_sorter_interaction,1,shape_sorter_interaction_s1_33.000,33.0,35.0,valence,2,eeg,logreg,all_eeg,8,0.5766666666666667,1,0.5533906953050528,1.10119,1.8670299999999997
P27,shape_sorter_interaction,1,shape_sorter_interaction_s1_33.000,33.0,35.0,valence,3,multimodal,logreg,all_eeg_plus_face,10,0.5650000000000001,1,0.5310392396970567,1.141341,1.939762
P27,shape_sorter_interaction,1,shape_sorter_interaction_s1_34.000,34.0,36.0,arousal,1,eeg,gnb,paper_compact,10,0.5831318681318681,0,0.14210389808524618,0.963575,1.851379
P27,shape_sorter_interaction,1,shape_sorter_interaction_s1_34.000,34.0,36.0,arousal,2,face,logreg,face_geometry,10,0.5754970760233917,0,0.4925071500677264,0.337769,1.1631909999999999
P27,shape_sorter_interaction,1,shape_sorter_interaction_s1_34.000,34.0,36.0,arousal,3,eeg,logreg,paper_compact,10,0.5704395604395605,0,0.4778429299658755,0.488163,1.398947
P27,shape_sorter_interaction,1,shape_sorter_interaction_s1_34.000,34.0,36.0,valence,1,multimodal,svm,all_eeg_plus_face,5,0.5983333333333333,1,0.7418927499739922,1.180031,2.0589749999999998
P27,shape_sorter_interaction,1,shape_sorter_interaction_s1_34.000,34.0,36.0,valence,2,eeg,logreg,all_eeg,8,0.5766666666666667,1,0.6371512542974165,1.076869,1.90474
P27,shape_sorter_interaction,1,shape_sorter_interaction_s1_34.000,34.0,36.0,valence,3,multimodal,logreg,all_eeg_plus_face,10,0.5650000000000001,1,0.609946622023465,1.14062,1.944281
P27,shape_sorter_interaction,1,shape_sorter_interaction_s1_35.000,35.0,37.0,arousal,1,eeg,gnb,paper_compact,10,0.5831318681318681,0,0.38578540074130946,1.581051,2.068194
P27,shape_sorter_interaction,1,shape_sorter_interaction_s1_35.000,35.0,37.0,arousal,2,face,logreg,face_geometry,10,0.5754970760233917,0,0.44962673132707115,0.337379,1.2082920000000001
P27,shape_sorter_interaction,1,shape_sorter_interaction_s1_35.000,35.0,37.0,arousal,3,eeg,logreg,paper_compact,10,0.5704395604395605,1,0.5243113831330425,0.484093,1.4020070000000002
P27,shape_sorter_interaction,1,shape_sorter_interaction_s1_35.000,35.0,37.0,valence,1,multimodal,svm,all_eeg_plus_face,5,0.5983333333333333,1,0.7499381441363911,1.187452,2.6313899999999997
P27,shape_sorter_interaction,1,shape_sorter_interaction_s1_35.000,35.0,37.0,valence,2,eeg,logreg,all_eeg,8,0.5766666666666667,1,0.6600746550640082,1.741116,2.921087
P27,shape_sorter_interaction,1,shape_sorter_interaction_s1_35.000,35.0,37.0,valence,3,multimodal,logreg,all_eeg_plus_face,10,0.5650000000000001,1,0.6209933767079915,1.87477,3.043351
P27,shape_sorter_interaction,1,shape_sorter_interaction_s1_36.000,36.0,38.0,arousal,1,eeg,gnb,paper_compact,10,0.5831318681318681,0,0.11041964515483424,1.152581,2.8403150000000004
P27,shape_sorter_interaction,1,shape_sorter_interaction_s1_36.000,36.0,38.0,arousal,2,face,logreg,face_geometry,10,0.5754970760233917,0,0.4315616708798896,0.524694,1.784987
P27,shape_sorter_interaction,1,shape_sorter_interaction_s1_36.000,36.0,38.0,arousal,3,eeg,logreg,paper_compact,10,0.5704395604395605,1,0.5169072533603444,0.76669,2.199208
P27,shape_sorter_interaction,1,shape_sorter_interaction_s1_36.000,36.0,38.0,valence,1,multimodal,svm,all_eeg_plus_face,5,0.5983333333333333,1,0.7524589558552379,1.841568,3.192945
P27,shape_sorter_interaction,1,shape_sorter_interaction_s1_36.000,36.0,38.0,valence,2,eeg,logreg,all_eeg,8,0.5766666666666667,1,0.6382589916408082,1.678426,2.935548
P27,shape_sorter_interaction,1,shape_sorter_interaction_s1_36.000,36.0,38.0,valence,3,multimodal,logreg,all_eeg_plus_face,10,0.5650000000000001,1,0.5695751295935707,1.785798,2.734692
P27,shape_sorter_interaction,1,shape_sorter_interaction_s1_37.000,37.0,39.0,arousal,1,eeg,gnb,paper_compact,10,0.5831318681318681,0,0.019547177691643883,0.75498,1.9114909999999998
P27,shape_sorter_interaction,1,shape_sorter_interaction_s1_37.000,37.0,39.0,arousal,2,face,logreg,face_geometry,10,0.5754970760233917,0,0.4194649423469825,0.341309,1.155771
P27,shape_sorter_interaction,1,shape_sorter_interaction_s1_37.000,37.0,39.0,arousal,3,eeg,logreg,paper_compact,10,0.5704395604395605,0,0.49603958976377976,0.493784,1.442258
P27,shape_sorter_interaction,1,shape_sorter_interaction_s1_37.000,37.0,39.0,valence,1,multimodal,svm,all_eeg_plus_face,5,0.5983333333333333,1,0.7194166083084468,1.165141,2.100717
P27,shape_sorter_interaction,1,shape_sorter_interaction_s1_37.000,37.0,39.0,valence,2,eeg,logreg,all_eeg,8,0.5766666666666667,1,0.505181398995268,1.085939,1.8663490000000003
P27,shape_sorter_interaction,1,shape_sorter_interaction_s1_37.000,37.0,39.0,valence,3,multimodal,logreg,all_eeg_plus_face,10,0.5650000000000001,0,0.43423851422074455,1.163551,1.932141
P27,shape_sorter_interaction,1,shape_sorter_interaction_s1_38.000,38.0,40.0,arousal,1,eeg,gnb,paper_compact,10,0.5831318681318681,1,0.6562364613187012,1.586682,1.8842
P27,shape_sorter_interaction,1,shape_sorter_interaction_s1_38.000,38.0,40.0,arousal,2,face,logreg,face_geometry,10,0.5754970760233917,0,0.4230566576515459,0.333369,1.2059019999999998
P27,shape_sorter_interaction,1,shape_sorter_interaction_s1_38.000,38.0,40.0,arousal,3,eeg,logreg,paper_compact,10,0.5704395604395605,1,0.5212300110129422,0.498533,1.410927
P27,shape_sorter_interaction,1,shape_sorter_interaction_s1_38.000,38.0,40.0,valence,1,multimodal,svm,all_eeg_plus_face,5,0.5983333333333333,0,0.6533983963755583,1.189091,2.7381539999999998
P27,shape_sorter_interaction,1,shape_sorter_interaction_s1_38.000,38.0,40.0,valence,2,eeg,logreg,all_eeg,8,0.5766666666666667,0,0.4869972937964706,1.766848,2.926867
P27,shape_sorter_interaction,1,shape_sorter_interaction_s1_38.000,38.0,40.0,valence,3,multimodal,logreg,all_eeg_plus_face,10,0.5650000000000001,0,0.45251926029451356,1.86397,3.1205529999999997
P27,shape_sorter_interaction,1,shape_sorter_interaction_s1_39.000,39.0,41.0,arousal,1,eeg,gnb,paper_compact,10,0.5831318681318681,0,0.012204465475921149,1.576862,1.8145980000000002
P27,shape_sorter_interaction,1,shape_sorter_interaction_s1_39.000,39.0,41.0,arousal,2,face,logreg,face_geometry,10,0.5754970760233917,0,0.45610859562063427,0.331268,1.123359
P27,shape_sorter_interaction,1,shape_sorter_interaction_s1_39.000,39.0,41.0,arousal,3,eeg,logreg,paper_compact,10,0.5704395604395605,0,0.4738951146283948,0.489533,1.3886370000000001
P27,shape_sorter_interaction,1,shape_sorter_interaction_s1_39.000,39.0,41.0,valence,1,multimodal,svm,all_eeg_plus_face,5,0.5983333333333333,1,0.7023369050834627,1.164351,2.082275
P27,shape_sorter_interaction,1,shape_sorter_interaction_s1_39.000,39.0,41.0,valence,2,eeg,logreg,all_eeg,8,0.5766666666666667,1,0.7287079573386362,1.082519,1.88723
P27,shape_sorter_interaction,1,shape_sorter_interaction_s1_39.000,39.0,41.0,valence,3,multimodal,logreg,all_eeg_plus_face,10,0.5650000000000001,1,0.6901518449165769,1.147181,1.9529020000000001
P27,shape_sorter_interaction,1,shape_sorter_interaction_s1_40.000,40.0,42.0,arousal,1,eeg,gnb,paper_compact,10,0.5831318681318681,0,0.02551087686922943,0.74845,1.820018
P27,shape_sorter_interaction,1,shape_sorter_interaction_s1_40.000,40.0,42.0,arousal,2,face,logreg,face_geometry,10,0.5754970760233917,0,0.4400281322935722,0.342689,1.145821
P27,shape_sorter_interaction,1,shape_sorter_interaction_s1_40.000,40.0,42.0,arousal,3,eeg,logreg,paper_compact,10,0.5704395604395605,0,0.46069268308470435,0.489253,1.423648
P27,shape_sorter_interaction,1,shape_sorter_interaction_s1_40.000,40.0,42.0,valence,1,multimodal,svm,all_eeg_plus_face,5,0.5983333333333333,1,0.6991718249995218,1.167411,2.066135
P27,shape_sorter_interaction,1,shape_sorter_interaction_s1_40.000,40.0,42.0,valence,2,eeg,logreg,all_eeg,8,0.5766666666666667,1,0.6102018104518017,1.10603,1.874369
P27,shape_sorter_interaction,1,shape_sorter_interaction_s1_40.000,40.0,42.0,valence,3,multimodal,logreg,all_eeg_plus_face,10,0.5650000000000001,1,0.5574785511477854,1.16374,1.940612
P27,shape_sorter_interaction,1,shape_sorter_interaction_s1_41.000,41.0,43.0,arousal,1,eeg,gnb,paper_compact,10,0.5831318681318681,0,2.4543134975677345e-07,1.166291,2.8511460000000004
P27,shape_sorter_interaction,1,shape_sorter_interaction_s1_41.000,41.0,43.0,arousal,2,face,logreg,face_geometry,10,0.5754970760233917,0,0.48666523844836174,0.526484,1.8298290000000001
P27,shape_sorter_interaction,1,shape_sorter_interaction_s1_41.000,41.0,43.0,arousal,3,eeg,logreg,paper_compact,10,0.5704395604395605,0,0.4720380882610886,0.724729,1.3936979999999999
P27,shape_sorter_interaction,1,shape_sorter_interaction_s1_41.000,41.0,43.0,valence,1,multimodal,svm,all_eeg_plus_face,5,0.5983333333333333,0,0.6538836692042939,1.153201,2.070135
P27,shape_sorter_interaction,1,shape_sorter_interaction_s1_41.000,41.0,43.0,valence,2,eeg,logreg,all_eeg,8,0.5766666666666667,1,0.5314638589054461,1.080289,1.947622
P27,shape_sorter_interaction,1,shape_sorter_interaction_s1_41.000,41.0,43.0,valence,3,multimodal,logreg,all_eeg_plus_face,10,0.5650000000000001,0,0.48574683316295075,1.14961,1.950141
P27,shape_sorter_interaction,1,shape_sorter_interaction_s1_42.000,42.0,44.0,arousal,1,eeg,gnb,paper_compact,10,0.5831318681318681,0,0.0002461801261905401,1.448309,2.670481
P27,shape_sorter_interaction,1,shape_sorter_interaction_s1_42.000,42.0,44.0,arousal,2,face,logreg,face_geometry,10,0.5754970760233917,1,0.5208472145658305,0.330059,1.1181
P27,shape_sorter_interaction,1,shape_sorter_interaction_s1_42.000,42.0,44.0,arousal,3,eeg,logreg,paper_compact,10,0.5704395604395605,0,0.4436139923019462,0.498893,1.3839869999999999
P27,shape_sorter_interaction,1,shape_sorter_interaction_s1_42.000,42.0,44.0,valence,1,multimodal,svm,all_eeg_plus_face,5,0.5983333333333333,1,0.6954112429626846,1.15944,2.064095
P27,shape_sorter_interaction,1,shape_sorter_interaction_s1_42.000,42.0,44.0,valence,2,eeg,logreg,all_eeg,8,0.5766666666666667,0,0.4993151444271418,1.073559,1.88598
P27,shape_sorter_interaction,1,shape_sorter_interaction_s1_42.000,42.0,44.0,valence,3,multimodal,logreg,all_eeg_plus_face,10,0.5650000000000001,0,0.4643147680981995,1.140891,1.917921
P27,shape_sorter_interaction,1,shape_sorter_interaction_s1_43.000,43.0,45.0,arousal,1,eeg,gnb,paper_compact,10,0.5831318681318681,0,0.18769956752788608,0.764,1.8479089999999998
P27,shape_sorter_interaction,1,shape_sorter_interaction_s1_43.000,43.0,45.0,arousal,2,face,logreg,face_geometry,10,0.5754970760233917,0,0.44103524134389466,0.362799,1.1446509999999999
P27,shape_sorter_interaction,1,shape_sorter_interaction_s1_43.000,43.0,45.0,arousal,3,eeg,logreg,paper_compact,10,0.5704395604395605,0,0.39798539022165813,0.490963,1.4088170000000002
P27,shape_sorter_interaction,1,shape_sorter_interaction_s1_43.000,43.0,45.0,valence,1,multimodal,svm,all_eeg_plus_face,5,0.5983333333333333,1,0.7223009577832841,1.202992,2.068085
P27,shape_sorter_interaction,1,shape_sorter_interaction_s1_43.000,43.0,45.0,valence,2,eeg,logreg,all_eeg,8,0.5766666666666667,1,0.6320241098630475,1.092779,1.8723100000000001
P27,shape_sorter_interaction,1,shape_sorter_interaction_s1_43.000,43.0,45.0,valence,3,multimodal,logreg,all_eeg_plus_face,10,0.5650000000000001,1,0.5651963348329382,1.150631,1.962232
P27,shape_sorter_interaction,1,shape_sorter_interaction_s1_44.000,44.0,46.0,arousal,1,eeg,gnb,paper_compact,10,0.5831318681318681,0,0.17503666153369696,1.562372,2.240929
P27,shape_sorter_interaction,1,shape_sorter_interaction_s1_44.000,44.0,46.0,arousal,2,face,logreg,face_geometry,10,0.5754970760233917,0,0.41875847200085764,0.332569,1.1366200000000002
P27,shape_sorter_interaction,1,shape_sorter_interaction_s1_44.000,44.0,46.0,arousal,3,eeg,logreg,paper_compact,10,0.5704395604395605,0,0.4080901091620643,0.482072,1.409328
P27,shape_sorter_interaction,1,shape_sorter_interaction_s1_44.000,44.0,46.0,valence,1,multimodal,svm,all_eeg_plus_face,5,0.5983333333333333,1,0.6712113666525098,1.184311,2.091237
P27,shape_sorter_interaction,1,shape_sorter_interaction_s1_44.000,44.0,46.0,valence,2,eeg,logreg,all_eeg,8,0.5766666666666667,1,0.6069544748614029,1.076899,1.9322219999999999
P27,shape_sorter_interaction,1,shape_sorter_interaction_s1_44.000,44.0,46.0,valence,3,multimodal,logreg,all_eeg_plus_face,10,0.5650000000000001,1,0.5673316875757501,1.144311,1.924741
P27,shape_sorter_interaction,1,shape_sorter_interaction_s1_45.000,45.0,47.0,arousal,1,eeg,gnb,paper_compact,10,0.5831318681318681,0,0.14367140609515766,0.75209,1.8581679999999998
P27,shape_sorter_interaction,1,shape_sorter_interaction_s1_45.000,45.0,47.0,arousal,2,face,logreg,face_geometry,10,0.5754970760233917,0,0.3860230979186592,0.331209,1.118109
P27,shape_sorter_interaction,1,shape_sorter_interaction_s1_45.000,45.0,47.0,arousal,3,eeg,logreg,paper_compact,10,0.5704395604395605,1,0.5779259412090939,0.479173,1.407007
P27,shape_sorter_interaction,1,shape_sorter_interaction_s1_45.000,45.0,47.0,valence,1,multimodal,svm,all_eeg_plus_face,5,0.5983333333333333,1,0.6888786492897363,1.163191,2.042294
P27,shape_sorter_interaction,1,shape_sorter_interaction_s1_45.000,45.0,47.0,valence,2,eeg,logreg,all_eeg,8,0.5766666666666667,0,0.4871549354976544,1.10551,1.866119
P27,shape_sorter_interaction,1,shape_sorter_interaction_s1_45.000,45.0,47.0,valence,3,multimodal,logreg,all_eeg_plus_face,10,0.5650000000000001,0,0.3663672555360791,1.170022,1.9239020000000002
P27,shape_sorter_interaction,1,shape_sorter_interaction_s1_46.000,46.0,48.0,arousal,1,eeg,gnb,paper_compact,10,0.5831318681318681,0,1.1907047498754772e-06,0.7624,1.86871
P27,shape_sorter_interaction,1,shape_sorter_interaction_s1_46.000,46.0,48.0,arousal,2,face,logreg,face_geometry,10,0.5754970760233917,0,0.4100835879141691,0.335949,1.15316
P27,shape_sorter_interaction,1,shape_sorter_interaction_s1_46.000,46.0,48.0,arousal,3,eeg,logreg,paper_compact,10,0.5704395604395605,1,0.5425594133991821,0.490233,1.436698
P27,shape_sorter_interaction,1,shape_sorter_interaction_s1_46.000,46.0,48.0,valence,1,multimodal,svm,all_eeg_plus_face,5,0.5983333333333333,1,0.6910705263707482,1.165211,2.0924259999999997
P27,shape_sorter_interaction,1,shape_sorter_interaction_s1_46.000,46.0,48.0,valence,2,eeg,logreg,all_eeg,8,0.5766666666666667,0,0.18648267849322603,1.07957,1.87134
P27,shape_sorter_interaction,1,shape_sorter_interaction_s1_46.000,46.0,48.0,valence,3,multimodal,logreg,all_eeg_plus_face,10,0.5650000000000001,0,0.11514248434802972,1.160651,1.9315719999999998
P27,shape_sorter_interaction,1,shape_sorter_interaction_s1_47.000,47.0,49.0,arousal,1,eeg,gnb,paper_compact,10,0.5831318681318681,0,2.9964184047581337e-08,0.75341,1.847179
P27,shape_sorter_interaction,1,shape_sorter_interaction_s1_47.000,47.0,49.0,arousal,2,face,logreg,face_geometry,10,0.5754970760233917,0,0.4823550462112704,0.329669,1.1392609999999999
P27,shape_sorter_interaction,1,shape_sorter_interaction_s1_47.000,47.0,49.0,arousal,3,eeg,logreg,paper_compact,10,0.5704395604395605,0,0.45438110077507865,0.487393,1.3973470000000001
P27,shape_sorter_interaction,1,shape_sorter_interaction_s1_47.000,47.0,49.0,valence,1,multimodal,svm,all_eeg_plus_face,5,0.5983333333333333,1,0.689786370751319,1.179621,2.0572850000000003
P27,shape_sorter_interaction,1,shape_sorter_interaction_s1_47.000,47.0,49.0,valence,2,eeg,logreg,all_eeg,8,0.5766666666666667,0,0.35872859564541854,1.113039,1.87436
P27,shape_sorter_interaction,1,shape_sorter_interaction_s1_47.000,47.0,49.0,valence,3,multimodal,logreg,all_eeg_plus_face,10,0.5650000000000001,0,0.25539685542129437,1.145121,1.9438000000000002
P27,shape_sorter_interaction,1,shape_sorter_interaction_s1_48.000,48.0,50.0,arousal,1,eeg,gnb,paper_compact,10,0.5831318681318681,0,4.119462380089961e-13,0.75983,1.838819
P27,shape_sorter_interaction,1,shape_sorter_interaction_s1_48.000,48.0,50.0,arousal,2,face,logreg,face_geometry,10,0.5754970760233917,1,0.5170123304088442,0.334259,1.14162
P27,shape_sorter_interaction,1,shape_sorter_interaction_s1_48.000,48.0,50.0,arousal,3,eeg,logreg,paper_compact,10,0.5704395604395605,0,0.37588764559742394,0.488383,1.409167
P27,shape_sorter_interaction,1,shape_sorter_interaction_s1_48.000,48.0,50.0,valence,1,multimodal,svm,all_eeg_plus_face,5,0.5983333333333333,1,0.6995859128493731,1.172091,2.054955
P27,shape_sorter_interaction,1,shape_sorter_interaction_s1_48.000,48.0,50.0,valence,2,eeg,logreg,all_eeg,8,0.5766666666666667,0,0.4250860019662295,1.109179,1.8593
P27,shape_sorter_interaction,1,shape_sorter_interaction_s1_48.000,48.0,50.0,valence,3,multimodal,logreg,all_eeg_plus_face,10,0.5650000000000001,0,0.36268044433622704,1.1438,1.929552
P27,shape_sorter_interaction,1,shape_sorter_interaction_s1_49.000,49.0,51.0,arousal,1,eeg,gnb,paper_compact,10,0.5831318681318681,0,9.2802322448299e-19,1.162141,2.853246
P27,shape_sorter_interaction,1,shape_sorter_interaction_s1_49.000,49.0,51.0,arousal,2,face,logreg,face_geometry,10,0.5754970760233917,1,0.5026390214446621,0.520984,1.770627
P27,shape_sorter_interaction,1,shape_sorter_interaction_s1_49.000,49.0,51.0,arousal,3,eeg,logreg,paper_compact,10,0.5704395604395605,0,0.3601039554392758,0.789241,2.1881880000000002
P27,shape_sorter_interaction,1,shape_sorter_interaction_s1_49.000,49.0,51.0,valence,1,multimodal,svm,all_eeg_plus_face,5,0.5983333333333333,1,0.6911934217287928,1.825949,3.1615729999999997
P27,shape_sorter_interaction,1,shape_sorter_interaction_s1_49.000,49.0,51.0,valence,2,eeg,logreg,all_eeg,8,0.5766666666666667,0,0.3796770241069834,1.703516,1.8298079999999999
P27,shape_sorter_interaction,1,shape_sorter_interaction_s1_49.000,49.0,51.0,valence,3,multimodal,logreg,all_eeg_plus_face,10,0.5650000000000001,0,0.3462408346589607,1.171991,1.917871
P27,shape_sorter_interaction,1,shape_sorter_interaction_s1_50.000,50.0,52.0,arousal,1,eeg,gnb,paper_compact,10,0.5831318681318681,0,1.929850064664222e-07,1.207952,2.054605
P27,shape_sorter_interaction,1,shape_sorter_interaction_s1_50.000,50.0,52.0,arousal,2,face,logreg,face_geometry,10,0.5754970760233917,0,0.4699170852573815,0.332669,1.1472909999999998
P27,shape_sorter_interaction,1,shape_sorter_interaction_s1_50.000,50.0,52.0,arousal,3,eeg,logreg,paper_compact,10,0.5704395604395605,0,0.4101095304879779,0.489313,1.406608
P27,shape_sorter_interaction,1,shape_sorter_interaction_s1_50.000,50.0,52.0,valence,1,multimodal,svm,all_eeg_plus_face,5,0.5983333333333333,1,0.6644466438089116,1.167291,2.077625
P27,shape_sorter_interaction,1,shape_sorter_interaction_s1_50.000,50.0,52.0,valence,2,eeg,logreg,all_eeg,8,0.5766666666666667,1,0.52704428795432,1.080109,1.9062199999999998
P27,shape_sorter_interaction,1,shape_sorter_interaction_s1_50.000,50.0,52.0,valence,3,multimodal,logreg,all_eeg_plus_face,10,0.5650000000000001,0,0.45348415706428186,1.146421,1.948882
P27,shape_sorter_interaction,1,shape_sorter_interaction_s1_51.000,51.0,53.0,arousal,1,eeg,gnb,paper_compact,10,0.5831318681318681,0,0.015879354697740187,1.240073,3.209325
P27,shape_sorter_interaction,1,shape_sorter_interaction_s1_51.000,51.0,53.0,arousal,2,face,logreg,face_geometry,10,0.5754970760233917,1,0.5132610595156912,0.331709,1.12867
P27,shape_sorter_interaction,1,shape_sorter_interaction_s1_51.000,51.0,53.0,arousal,3,eeg,logreg,paper_compact,10,0.5704395604395605,1,0.5021498464709667,0.481483,1.4161169999999998
P27,shape_sorter_interaction,1,shape_sorter_interaction_s1_51.000,51.0,53.0,valence,1,multimodal,svm,all_eeg_plus_face,5,0.5983333333333333,1,0.6925550206108333,1.163671,2.085356
P27,shape_sorter_interaction,1,shape_sorter_interaction_s1_51.000,51.0,53.0,valence,2,eeg,logreg,all_eeg,8,0.5766666666666667,0,0.34697502226891336,1.088459,1.89531
P27,shape_sorter_interaction,1,shape_sorter_interaction_s1_51.000,51.0,53.0,valence,3,multimodal,logreg,all_eeg_plus_face,10,0.5650000000000001,0,0.3469930907800321,1.193272,1.957192
P27,shape_sorter_interaction,1,shape_sorter_interaction_s1_52.000,52.0,54.0,arousal,1,eeg,gnb,paper_compact,10,0.5831318681318681,0,0.07909896700918567,1.168261,2.825956
P27,shape_sorter_interaction,1,shape_sorter_interaction_s1_52.000,52.0,54.0,arousal,2,face,logreg,face_geometry,10,0.5754970760233917,1,0.5260933399973542,0.522064,1.822948
P27,shape_sorter_interaction,1,shape_sorter_interaction_s1_52.000,52.0,54.0,arousal,3,eeg,logreg,paper_compact,10,0.5704395604395605,0,0.42093039631381884,0.76045,2.177297
P27,shape_sorter_interaction,1,shape_sorter_interaction_s1_52.000,52.0,54.0,valence,1,multimodal,svm,all_eeg_plus_face,5,0.5983333333333333,1,0.7388245606131585,1.824099,3.180564
P27,shape_sorter_interaction,1,shape_sorter_interaction_s1_52.000,52.0,54.0,valence,2,eeg,logreg,all_eeg,8,0.5766666666666667,0,0.4287434373408889,1.673044,2.429375
P27,shape_sorter_interaction,1,shape_sorter_interaction_s1_52.000,52.0,54.0,valence,3,multimodal,logreg,all_eeg_plus_face,10,0.5650000000000001,0,0.4139271080747209,1.1177,1.9169910000000001
P27,shape_sorter_interaction,1,shape_sorter_interaction_s1_53.000,53.0,55.0,arousal,1,eeg,gnb,paper_compact,10,0.5831318681318681,0,0.013148329299187616,0.784971,1.8695199999999998
P27,shape_sorter_interaction,1,shape_sorter_interaction_s1_53.000,53.0,55.0,arousal,2,face,logreg,face_geometry,10,0.5754970760233917,1,0.5363483972755932,0.332869,1.1632510000000003
P27,shape_sorter_interaction,1,shape_sorter_interaction_s1_53.000,53.0,55.0,arousal,3,eeg,logreg,paper_compact,10,0.5704395604395605,0,0.3686554571099989,0.486803,1.408477
P27,shape_sorter_interaction,1,shape_sorter_interaction_s1_53.000,53.0,55.0,valence,1,multimodal,svm,all_eeg_plus_face,5,0.5983333333333333,1,0.7282157257039582,1.166271,2.1188469999999997
P27,shape_sorter_interaction,1,shape_sorter_interaction_s1_53.000,53.0,55.0,valence,2,eeg,logreg,all_eeg,8,0.5766666666666667,1,0.7153332431846493,1.087749,1.8943999999999999
P27,shape_sorter_interaction,1,shape_sorter_interaction_s1_53.000,53.0,55.0,valence,3,multimodal,logreg,all_eeg_plus_face,10,0.5650000000000001,1,0.7108456485048927,1.152021,1.960602
P27,shape_sorter_interaction,1,shape_sorter_interaction_s1_54.000,54.0,56.0,arousal,1,eeg,gnb,paper_compact,10,0.5831318681318681,0,0.0003795667034025768,1.175501,2.876426
P27,shape_sorter_interaction,1,shape_sorter_interaction_s1_54.000,54.0,56.0,arousal,2,face,logreg,face_geometry,10,0.5754970760233917,1,0.5151936035444369,0.332899,1.1077000000000001
P27,shape_sorter_interaction,1,shape_sorter_interaction_s1_54.000,54.0,56.0,arousal,3,eeg,logreg,paper_compact,10,0.5704395604395605,0,0.4321104356062852,0.473013,1.356167
P27,shape_sorter_interaction,1,shape_sorter_interaction_s1_54.000,54.0,56.0,valence,1,multimodal,svm,all_eeg_plus_face,5,0.5983333333333333,1,0.6967864210373569,1.13448,2.005983
P27,shape_sorter_interaction,1,shape_sorter_interaction_s1_54.000,54.0,56.0,valence,2,eeg,logreg,all_eeg,8,0.5766666666666667,1,0.778238977457319,1.068269,1.817118
P27,shape_sorter_interaction,1,shape_sorter_interaction_s1_54.000,54.0,56.0,valence,3,multimodal,logreg,all_eeg_plus_face,10,0.5650000000000001,1,0.7454373456814659,1.104389,1.949392
P27,shape_sorter_interaction,1,shape_sorter_interaction_s1_55.000,55.0,57.0,arousal,1,eeg,gnb,paper_compact,10,0.5831318681318681,0,2.4955827953513296e-05,1.158931,2.862355
P27,shape_sorter_interaction,1,shape_sorter_interaction_s1_55.000,55.0,57.0,arousal,2,face,logreg,face_geometry,10,0.5754970760233917,1,0.5228332812115521,0.525114,1.802838
P27,shape_sorter_interaction,1,shape_sorter_interaction_s1_55.000,55.0,57.0,arousal,3,eeg,logreg,paper_compact,10,0.5704395604395605,1,0.5722743620546448,0.762481,2.1853089999999997
P27,shape_sorter_interaction,1,shape_sorter_interaction_s1_55.000,55.0,57.0,valence,1,multimodal,svm,all_eeg_plus_face,5,0.5983333333333333,1,0.6844992860931611,1.812268,3.0772120000000003
P27,shape_sorter_interaction,1,shape_sorter_interaction_s1_55.000,55.0,57.0,valence,2,eeg,logreg,all_eeg,8,0.5766666666666667,1,0.587848597245704,1.058738,1.838249
P27,shape_sorter_interaction,1,shape_sorter_interaction_s1_55.000,55.0,57.0,valence,3,multimodal,logreg,all_eeg_plus_face,10,0.5650000000000001,1,0.5411688650606641,1.158651,1.917521
P27,shape_sorter_interaction,1,shape_sorter_interaction_s1_56.000,56.0,58.0,arousal,1,eeg,gnb,paper_compact,10,0.5831318681318681,0,0.005093741345284981,0.75523,1.8386390000000001
P27,shape_sorter_interaction,1,shape_sorter_interaction_s1_56.000,56.0,58.0,arousal,2,face,logreg,face_geometry,10,0.5754970760233917,1,0.5143837772592342,0.334339,1.134971
P27,shape_sorter_interaction,1,shape_sorter_interaction_s1_56.000,56.0,58.0,arousal,3,eeg,logreg,paper_compact,10,0.5704395604395605,1,0.5801806385927027,0.485423,1.407547
P27,shape_sorter_interaction,1,shape_sorter_interaction_s1_56.000,56.0,58.0,valence,1,multimodal,svm,all_eeg_plus_face,5,0.5983333333333333,1,0.6614151842860199,1.173771,2.066005
P27,shape_sorter_interaction,1,shape_sorter_interaction_s1_56.000,56.0,58.0,valence,2,eeg,logreg,all_eeg,8,0.5766666666666667,1,0.5975038186300659,1.104019,1.864291
P27,shape_sorter_interaction,1,shape_sorter_interaction_s1_56.000,56.0,58.0,valence,3,multimodal,logreg,all_eeg_plus_face,10,0.5650000000000001,1,0.5452602100571158,1.149741,1.948822
P27,shape_sorter_interaction,1,shape_sorter_interaction_s1_57.000,57.0,59.0,arousal,1,eeg,gnb,paper_compact,10,0.5831318681318681,0,0.0001819988385582195,1.549321,2.62263
P27,shape_sorter_interaction,1,shape_sorter_interaction_s1_57.000,57.0,59.0,arousal,2,face,logreg,face_geometry,10,0.5754970760233917,0,0.4343942872186214,0.339909,1.148632
P27,shape_sorter_interaction,1,shape_sorter_interaction_s1_57.000,57.0,59.0,arousal,3,eeg,logreg,paper_compact,10,0.5704395604395605,0,0.4940425072211485,0.490854,1.440208
P27,shape_sorter_interaction,1,shape_sorter_interaction_s1_57.000,57.0,59.0,valence,1,multimodal,svm,all_eeg_plus_face,5,0.5983333333333333,1,0.7106654880576938,1.196892,2.322992
P27,shape_sorter_interaction,1,shape_sorter_interaction_s1_57.000,57.0,59.0,valence,2,eeg,logreg,all_eeg,8,0.5766666666666667,1,0.5127330019284264,1.686944,2.926738
P27,shape_sorter_interaction,1,shape_sorter_interaction_s1_57.000,57.0,59.0,valence,3,multimodal,logreg,all_eeg_plus_face,10,0.5650000000000001,0,0.46528995604782974,1.792968,3.069031
P27,shape_sorter_interaction,1,shape_sorter_interaction_s1_58.000,58.0,60.0,arousal,1,eeg,gnb,paper_compact,10,0.5831318681318681,0,1.4222859256114164e-05,0.7555,1.8415489999999999
P27,shape_sorter_interaction,1,shape_sorter_interaction_s1_58.000,58.0,60.0,arousal,2,face,logreg,face_geometry,10,0.5754970760233917,0,0.4295789621748208,0.345309,1.145671
P27,shape_sorter_interaction,1,shape_sorter_interaction_s1_58.000,58.0,60.0,arousal,3,eeg,logreg,paper_compact,10,0.5704395604395605,0,0.481551875866529,0.491073,1.400808
P27,shape_sorter_interaction,1,shape_sorter_interaction_s1_58.000,58.0,60.0,valence,1,multimodal,svm,all_eeg_plus_face,5,0.5983333333333333,1,0.6784855698679472,1.180721,2.068965
P27,shape_sorter_interaction,1,shape_sorter_interaction_s1_58.000,58.0,60.0,valence,2,eeg,logreg,all_eeg,8,0.5766666666666667,0,0.470699211563507,1.10441,1.878169
P27,shape_sorter_interaction,1,shape_sorter_interaction_s1_58.000,58.0,60.0,valence,3,multimodal,logreg,all_eeg_plus_face,10,0.5650000000000001,0,0.40449901626723467,1.15332,1.9637120000000001
P27,shape_sorter_interaction,1,shape_sorter_interaction_s1_59.000,59.0,61.0,arousal,1,eeg,gnb,paper_compact,10,0.5831318681318681,0,0.0003850624465047332,1.152971,2.852106
P27,shape_sorter_interaction,1,shape_sorter_interaction_s1_59.000,59.0,61.0,arousal,2,face,logreg,face_geometry,10,0.5754970760233917,0,0.42816294423257123,0.522274,1.795718
P27,shape_sorter_interaction,1,shape_sorter_interaction_s1_59.000,59.0,61.0,arousal,3,eeg,logreg,paper_compact,10,0.5704395604395605,0,0.4988935204046209,0.76128,2.282641
P27,shape_sorter_interaction,1,shape_sorter_interaction_s1_59.000,59.0,61.0,valence,1,multimodal,svm,all_eeg_plus_face,5,0.5983333333333333,1,0.7373442199778527,1.786997,3.174024
P27,shape_sorter_interaction,1,shape_sorter_interaction_s1_59.000,59.0,61.0,valence,2,eeg,logreg,all_eeg,8,0.5766666666666667,1,0.5182664528580225,1.673385,3.503773
P27,shape_sorter_interaction,1,shape_sorter_interaction_s1_59.000,59.0,61.0,valence,3,multimodal,logreg,all_eeg_plus_face,10,0.5650000000000001,0,0.47191273377790516,1.799218,1.89758
P27,shape_sorter_interaction,1,shape_sorter_interaction_s1_60.000,60.0,62.0,arousal,1,eeg,gnb,paper_compact,10,0.5831318681318681,0,1.7915597836732383e-06,0.75839,1.86964
P27,shape_sorter_interaction,1,shape_sorter_interaction_s1_60.000,60.0,62.0,arousal,2,face,logreg,face_geometry,10,0.5754970760233917,0,0.3770486049180737,0.339479,1.1441409999999999
P27,shape_sorter_interaction,1,shape_sorter_interaction_s1_60.000,60.0,62.0,arousal,3,eeg,logreg,paper_compact,10,0.5704395604395605,0,0.4718797357771881,0.492724,1.4178670000000002
P27,shape_sorter_interaction,1,shape_sorter_interaction_s1_60.000,60.0,62.0,valence,1,multimodal,svm,all_eeg_plus_face,5,0.5983333333333333,1,0.7187398941854336,1.205032,2.074585
P27,shape_sorter_interaction,1,shape_sorter_interaction_s1_60.000,60.0,62.0,valence,2,eeg,logreg,all_eeg,8,0.5766666666666667,1,0.5668745086326306,1.105139,1.87591
P27,shape_sorter_interaction,1,shape_sorter_interaction_s1_60.000,60.0,62.0,valence,3,multimodal,logreg,all_eeg_plus_face,10,0.5650000000000001,1,0.5391356378320007,1.1467,1.9812239999999999
P27,shape_sorter_interaction,1,shape_sorter_interaction_s1_61.000,61.0,63.0,arousal,1,eeg,gnb,paper_compact,10,0.5831318681318681,0,1.0814366374767928e-05,1.154761,2.785914
P27,shape_sorter_interaction,1,shape_sorter_interaction_s1_61.000,61.0,63.0,arousal,2,face,logreg,face_geometry,10,0.5754970760233917,0,0.3601763169463112,0.327258,1.1031
P27,shape_sorter_interaction,1,shape_sorter_interaction_s1_61.000,61.0,63.0,arousal,3,eeg,logreg,paper_compact,10,0.5704395604395605,0,0.4707335513318231,0.491463,1.410048
P27,shape_sorter_interaction,1,shape_sorter_interaction_s1_61.000,61.0,63.0,valence,1,multimodal,svm,all_eeg_plus_face,5,0.5983333333333333,0,0.6592443365649738,1.158791,2.039725
P27,shape_sorter_interaction,1,shape_sorter_interaction_s1_61.000,61.0,63.0,valence,2,eeg,logreg,all_eeg,8,0.5766666666666667,1,0.5715185311103728,1.083149,1.873759
P27,shape_sorter_interaction,1,shape_sorter_interaction_s1_61.000,61.0,63.0,valence,3,multimodal,logreg,all_eeg_plus_face,10,0.5650000000000001,1,0.5245705682035823,1.15495,1.969183
P27,shape_sorter_interaction,1,shape_sorter_interaction_s1_62.000,62.0,64.0,arousal,1,eeg,gnb,paper_compact,10,0.5831318681318681,0,0.00884269170550441,1.175662,2.807514
P27,shape_sorter_interaction,1,shape_sorter_interaction_s1_62.000,62.0,64.0,arousal,2,face,logreg,face_geometry,10,0.5754970760233917,0,0.34387543537574355,0.525654,1.815739
P27,shape_sorter_interaction,1,shape_sorter_interaction_s1_62.000,62.0,64.0,arousal,3,eeg,logreg,paper_compact,10,0.5704395604395605,0,0.45045856936862866,0.76591,2.25107
P27,shape_sorter_interaction,1,shape_sorter_interaction_s1_62.000,62.0,64.0,valence,1,multimodal,svm,all_eeg_plus_face,5,0.5983333333333333,1,0.7220758912418342,1.14193,2.051295
P27,shape_sorter_interaction,1,shape_sorter_interaction_s1_62.000,62.0,64.0,valence,2,eeg,logreg,all_eeg,8,0.5766666666666667,1,0.672685627999758,1.074279,1.85978
P27,shape_sorter_interaction,1,shape_sorter_interaction_s1_62.000,62.0,64.0,valence,3,multimodal,logreg,all_eeg_plus_face,10,0.5650000000000001,1,0.5879981965003508,1.149351,1.9361609999999998
P27,shape_sorter_interaction,1,shape_sorter_interaction_s1_63.000,63.0,65.0,arousal,1,eeg,gnb,paper_compact,10,0.5831318681318681,1,0.9586763900092935,1.176491,2.810795
P27,shape_sorter_interaction,1,shape_sorter_interaction_s1_63.000,63.0,65.0,arousal,2,face,logreg,face_geometry,10,0.5754970760233917,0,0.31619213916398464,0.525684,1.836879
P27,shape_sorter_interaction,1,shape_sorter_interaction_s1_63.000,63.0,65.0,arousal,3,eeg,logreg,paper_compact,10,0.5704395604395605,1,0.5499259556848256,0.765041,2.217229
P27,shape_sorter_interaction,1,shape_sorter_interaction_s1_63.000,63.0,65.0,valence,1,multimodal,svm,all_eeg_plus_face,5,0.5983333333333333,1,0.724102718042149,1.804058,3.190235
P27,shape_sorter_interaction,1,shape_sorter_interaction_s1_63.000,63.0,65.0,valence,2,eeg,logreg,all_eeg,8,0.5766666666666667,1,0.6081296343827327,1.680914,2.2242089999999997
P27,shape_sorter_interaction,1,shape_sorter_interaction_s1_63.000,63.0,65.0,valence,3,multimodal,logreg,all_eeg_plus_face,10,0.5650000000000001,1,0.5395093023983863,1.128499,1.9825930000000003
P27,shape_sorter_interaction,1,shape_sorter_interaction_s1_64.000,64.0,66.0,arousal,1,eeg,gnb,paper_compact,10,0.5831318681318681,1,0.978527965263393,0.7603,1.862499
P27,shape_sorter_interaction,1,shape_sorter_interaction_s1_64.000,64.0,66.0,arousal,2,face,logreg,face_geometry,10,0.5754970760233917,0,0.3154339704677334,0.333509,1.13061
P27,shape_sorter_interaction,1,shape_sorter_interaction_s1_64.000,64.0,66.0,arousal,3,eeg,logreg,paper_compact,10,0.5704395604395605,1,0.5253250819808473,0.489983,1.432278
P27,shape_sorter_interaction,1,shape_sorter_interaction_s1_64.000,64.0,66.0,valence,1,multimodal,svm,all_eeg_plus_face,5,0.5983333333333333,1,0.6885164730304149,1.169831,2.0663839999999998
P27,shape_sorter_interaction,1,shape_sorter_interaction_s1_64.000,64.0,66.0,valence,2,eeg,logreg,all_eeg,8,0.5766666666666667,1,0.7086118272389821,1.080319,1.87698
P27,shape_sorter_interaction,1,shape_sorter_interaction_s1_64.000,64.0,66.0,valence,3,multimodal,logreg,all_eeg_plus_face,10,0.5650000000000001,1,0.6587679951969527,1.181531,1.936202
P27,shape_sorter_interaction,1,shape_sorter_interaction_s1_65.000,65.0,67.0,arousal,1,eeg,gnb,paper_compact,10,0.5831318681318681,1,0.9671566007688878,0.76422,1.843029
P27,shape_sorter_interaction,1,shape_sorter_interaction_s1_65.000,65.0,67.0,arousal,2,face,logreg,face_geometry,10,0.5754970760233917,0,0.321689460349596,0.333118,1.1412910000000003
P27,shape_sorter_interaction,1,shape_sorter_interaction_s1_65.000,65.0,67.0,arousal,3,eeg,logreg,paper_compact,10,0.5704395604395605,1,0.5899044384060456,0.489153,1.394718
P27,shape_sorter_interaction,1,shape_sorter_interaction_s1_65.000,65.0,67.0,valence,1,multimodal,svm,all_eeg_plus_face,5,0.5983333333333333,1,0.7037648846449372,1.219062,2.062315
P27,shape_sorter_interaction,1,shape_sorter_interaction_s1_65.000,65.0,67.0,valence,2,eeg,logreg,all_eeg,8,0.5766666666666667,1,0.5087641330311496,1.13207,1.87441
P27,shape_sorter_interaction,1,shape_sorter_interaction_s1_65.000,65.0,67.0,valence,3,multimodal,logreg,all_eeg_plus_face,10,0.5650000000000001,0,0.4633711734703304,1.14527,1.934752
P27,shape_sorter_interaction,1,shape_sorter_interaction_s1_66.000,66.0,68.0,arousal,1,eeg,gnb,paper_compact,10,0.5831318681318681,1,0.7310999532431384,0.75257,1.8273979999999999
P27,shape_sorter_interaction,1,shape_sorter_interaction_s1_66.000,66.0,68.0,arousal,2,face,logreg,face_geometry,10,0.5754970760233917,0,0.2540184153769583,0.3501,1.1331000000000002
P27,shape_sorter_interaction,1,shape_sorter_interaction_s1_66.000,66.0,68.0,arousal,3,eeg,logreg,paper_compact,10,0.5704395604395605,1,0.586306946515365,0.497213,1.398488
P27,shape_sorter_interaction,1,shape_sorter_interaction_s1_66.000,66.0,68.0,valence,1,multimodal,svm,all_eeg_plus_face,5,0.5983333333333333,1,0.7097860574666848,1.185232,2.055485
P27,shape_sorter_interaction,1,shape_sorter_interaction_s1_66.000,66.0,68.0,valence,2,eeg,logreg,all_eeg,8,0.5766666666666667,0,0.33794185831167045,1.106579,1.87888
P27,shape_sorter_interaction,1,shape_sorter_interaction_s1_66.000,66.0,68.0,valence,3,multimodal,logreg,all_eeg_plus_face,10,0.5650000000000001,0,0.1976267118101236,1.149671,1.9552219999999998
P27,shape_sorter_interaction,1,shape_sorter_interaction_s1_67.000,67.0,69.0,arousal,1,eeg,gnb,paper_compact,10,0.5831318681318681,0,0.0011058765403213703,1.025797,1.8219379999999998
P27,shape_sorter_interaction,1,shape_sorter_interaction_s1_67.000,67.0,69.0,arousal,2,face,logreg,face_geometry,10,0.5754970760233917,0,0.2752950797885371,0.332459,1.13507
P27,shape_sorter_interaction,1,shape_sorter_interaction_s1_67.000,67.0,69.0,arousal,3,eeg,logreg,paper_compact,10,0.5704395604395605,1,0.5230547554317433,0.491243,1.413057
P27,shape_sorter_interaction,1,shape_sorter_interaction_s1_67.000,67.0,69.0,valence,1,multimodal,svm,all_eeg_plus_face,5,0.5983333333333333,1,0.6916718468312824,1.176241,2.084145
P27,shape_sorter_interaction,1,shape_sorter_interaction_s1_67.000,67.0,69.0,valence,2,eeg,logreg,all_eeg,8,0.5766666666666667,0,0.24638909830172626,1.086429,1.9010610000000001
P27,shape_sorter_interaction,1,shape_sorter_interaction_s1_67.000,67.0,69.0,valence,3,multimodal,logreg,all_eeg_plus_face,10,0.5650000000000001,0,0.12966808802470214,1.15194,1.9505419999999998
P27,shape_sorter_interaction,1,shape_sorter_interaction_s1_68.000,68.0,70.0,arousal,1,eeg,gnb,paper_compact,10,0.5831318681318681,0,0.000656727193668154,1.162911,2.855245
P27,shape_sorter_interaction,1,shape_sorter_interaction_s1_68.000,68.0,70.0,arousal,2,face,logreg,face_geometry,10,0.5754970760233917,0,0.4078047874428711,0.523634,1.7731759999999999
P27,shape_sorter_interaction,1,shape_sorter_interaction_s1_68.000,68.0,70.0,arousal,3,eeg,logreg,paper_compact,10,0.5704395604395605,0,0.4340750892210112,0.782161,2.188418
P27,shape_sorter_interaction,1,shape_sorter_interaction_s1_68.000,68.0,70.0,valence,1,multimodal,svm,all_eeg_plus_face,5,0.5983333333333333,0,0.6340784342201528,1.822499,3.1523130000000004
P27,shape_sorter_interaction,1,shape_sorter_interaction_s1_68.000,68.0,70.0,valence,2,eeg,logreg,all_eeg,8,0.5766666666666667,0,0.4282035886149797,1.723627,2.920508
P27,shape_sorter_interaction,1,shape_sorter_interaction_s1_68.000,68.0,70.0,valence,3,multimodal,logreg,all_eeg_plus_face,10,0.5650000000000001,0,0.37151826232446244,1.778828,2.779293
P27,shape_sorter_interaction,1,shape_sorter_interaction_s1_69.000,69.0,71.0,arousal,1,eeg,gnb,paper_compact,10,0.5831318681318681,0,9.957567471792307e-21,0.76407,1.86253
P27,shape_sorter_interaction,1,shape_sorter_interaction_s1_69.000,69.0,71.0,arousal,2,face,logreg,face_geometry,10,0.5754970760233917,0,0.4172408682526314,0.334259,1.1429509999999998
P27,shape_sorter_interaction,1,shape_sorter_interaction_s1_69.000,69.0,71.0,arousal,3,eeg,logreg,paper_compact,10,0.5704395604395605,0,0.4023240061437677,0.486103,1.422849
P27,shape_sorter_interaction,1,shape_sorter_interaction_s1_69.000,69.0,71.0,valence,1,multimodal,svm,all_eeg_plus_face,5,0.5983333333333333,1,0.6925519202853345,1.169861,2.097355
P27,shape_sorter_interaction,1,shape_sorter_interaction_s1_69.000,69.0,71.0,valence,2,eeg,logreg,all_eeg,8,0.5766666666666667,0,0.277955534559193,1.070848,1.8593499999999998
P27,shape_sorter_interaction,1,shape_sorter_interaction_s1_69.000,69.0,71.0,valence,3,multimodal,logreg,all_eeg_plus_face,10,0.5650000000000001,0,0.23090548133928115,1.173901,1.932661
P27,shape_sorter_interaction,1,shape_sorter_interaction_s1_70.000,70.0,72.0,arousal,1,eeg,gnb,paper_compact,10,0.5831318681318681,0,1.0207861080580858e-19,1.168101,2.841856
P27,shape_sorter_interaction,1,shape_sorter_interaction_s1_70.000,70.0,72.0,arousal,2,face,logreg,face_geometry,10,0.5754970760233917,0,0.45899756504968864,0.525174,1.824688
P27,shape_sorter_interaction,1,shape_sorter_interaction_s1_70.000,70.0,72.0,arousal,3,eeg,logreg,paper_compact,10,0.5704395604395605,0,0.41172186146266104,0.76356,2.207079
P27,shape_sorter_interaction,1,shape_sorter_interaction_s1_70.000,70.0,72.0,valence,1,multimodal,svm,all_eeg_plus_face,5,0.5983333333333333,1,0.7175786626009423,1.801828,3.175175
P27,shape_sorter_interaction,1,shape_sorter_interaction_s1_70.000,70.0,72.0,valence,2,eeg,logreg,all_eeg,8,0.5766666666666667,0,0.3904763619710332,1.680384,2.427285
P27,shape_sorter_interaction,1,shape_sorter_interaction_s1_70.000,70.0,72.0,valence,3,multimodal,logreg,all_eeg_plus_face,10,0.5650000000000001,0,0.3462996605290672,1.113849,1.891141
P27,shape_sorter_interaction,1,shape_sorter_interaction_s1_71.000,71.0,73.0,arousal,1,eeg,gnb,paper_compact,10,0.5831318681318681,0,5.30547098879647e-07,0.74661,1.812349
P27,shape_sorter_interaction,1,shape_sorter_interaction_s1_71.000,71.0,73.0,arousal,2,face,logreg,face_geometry,10,0.5754970760233917,0,0.4659440221206862,0.336229,1.13821
P27,shape_sorter_interaction,1,shape_sorter_interaction_s1_71.000,71.0,73.0,arousal,3,eeg,logreg,paper_compact,10,0.5704395604395605,0,0.39168543426884445,0.486373,1.4215289999999998
P27,shape_sorter_interaction,1,shape_sorter_interaction_s1_71.000,71.0,73.0,valence,1,multimodal,svm,all_eeg_plus_face,5,0.5983333333333333,1,0.6918576632817895,1.166731,2.0738649999999996
P27,shape_sorter_interaction,1,shape_sorter_interaction_s1_71.000,71.0,73.0,valence,2,eeg,logreg,all_eeg,8,0.5766666666666667,0,0.29641916089626164,1.104099,1.87185
P27,shape_sorter_interaction,1,shape_sorter_interaction_s1_71.000,71.0,73.0,valence,3,multimodal,logreg,all_eeg_plus_face,10,0.5650000000000001,0,0.29837533564255725,1.169801,1.934911
P27,shape_sorter_interaction,1,shape_sorter_interaction_s1_72.000,72.0,74.0,arousal,1,eeg,gnb,paper_compact,10,0.5831318681318681,0,3.8343519039199575e-05,1.156301,2.3459320000000004
P27,shape_sorter_interaction,1,shape_sorter_interaction_s1_72.000,72.0,74.0,arousal,2,face,logreg,face_geometry,10,0.5754970760233917,0,0.4755311016356519,0.332699,1.122649
P27,shape_sorter_interaction,1,shape_sorter_interaction_s1_72.000,72.0,74.0,arousal,3,eeg,logreg,paper_compact,10,0.5704395604395605,0,0.4010606697601722,0.485103,1.4056970000000002
P27,shape_sorter_interaction,1,shape_sorter_interaction_s1_72.000,72.0,74.0,valence,1,multimodal,svm,all_eeg_plus_face,5,0.5983333333333333,1,0.6929481682291669,1.166521,2.078166
P27,shape_sorter_interaction,1,shape_sorter_interaction_s1_72.000,72.0,74.0,valence,2,eeg,logreg,all_eeg,8,0.5766666666666667,0,0.2439631532196575,1.082379,1.866069
P27,shape_sorter_interaction,1,shape_sorter_interaction_s1_72.000,72.0,74.0,valence,3,multimodal,logreg,all_eeg_plus_face,10,0.5650000000000001,0,0.236585437477183,1.173172,1.930232
P27,shape_sorter_interaction,1,shape_sorter_interaction_s1_73.000,73.0,75.0,arousal,1,eeg,gnb,paper_compact,10,0.5831318681318681,0,0.00014054352577428847,0.77113,1.86878
P27,shape_sorter_interaction,1,shape_sorter_interaction_s1_73.000,73.0,75.0,arousal,2,face,logreg,face_geometry,10,0.5754970760233917,0,0.430532773549636,0.337388,1.1492909999999998
P27,shape_sorter_interaction,1,shape_sorter_interaction_s1_73.000,73.0,75.0,arousal,3,eeg,logreg,paper_compact,10,0.5704395604395605,0,0.42232755434293734,0.493533,1.4070770000000001
P27,shape_sorter_interaction,1,shape_sorter_interaction_s1_73.000,73.0,75.0,valence,1,multimodal,svm,all_eeg_plus_face,5,0.5983333333333333,1,0.7430825331451183,1.472599,3.170415
P27,shape_sorter_interaction,1,shape_sorter_interaction_s1_73.000,73.0,75.0,valence,2,eeg,logreg,all_eeg,8,0.5766666666666667,0,0.40896971996921727,1.676574,2.948988
P27,shape_sorter_interaction,1,shape_sorter_interaction_s1_73.000,73.0,75.0,valence,3,multimodal,logreg,all_eeg_plus_face,10,0.5650000000000001,0,0.380735694887201,1.781208,3.046981
P27,shape_sorter_interaction,1,shape_sorter_interaction_s1_74.000,74.0,76.0,arousal,1,eeg,gnb,paper_compact,10,0.5831318681318681,0,0.0008635865765650531,0.778801,1.87485
P27,shape_sorter_interaction,1,shape_sorter_interaction_s1_74.000,74.0,76.0,arousal,2,face,logreg,face_geometry,10,0.5754970760233917,0,0.42890845821474816,0.332689,1.1366199999999997
P27,shape_sorter_interaction,1,shape_sorter_interaction_s1_74.000,74.0,76.0,arousal,3,eeg,logreg,paper_compact,10,0.5704395604395605,0,0.42387425718517785,0.487993,1.417538
P27,shape_sorter_interaction,1,shape_sorter_interaction_s1_74.000,74.0,76.0,valence,1,multimodal,svm,all_eeg_plus_face,5,0.5983333333333333,1,0.7150982095590668,1.181251,2.109556
P27,shape_sorter_interaction,1,shape_sorter_interaction_s1_74.000,74.0,76.0,valence,2,eeg,logreg,all_eeg,8,0.5766666666666667,1,0.5839317190523442,1.092229,1.86925
P27,shape_sorter_interaction,1,shape_sorter_interaction_s1_74.000,74.0,76.0,valence,3,multimodal,logreg,all_eeg_plus_face,10,0.5650000000000001,1,0.5487856203614403,1.172721,1.9285
P27,shape_sorter_interaction,1,shape_sorter_interaction_s1_75.000,75.0,77.0,arousal,1,eeg,gnb,paper_compact,10,0.5831318681318681,0,0.05875354346650547,0.767041,1.8595289999999998
P27,shape_sorter_interaction,1,shape_sorter_interaction_s1_75.000,75.0,77.0,arousal,2,face,logreg,face_geometry,10,0.5754970760233917,0,0.4729423680386579,0.354279,1.1471010000000001
P27,shape_sorter_interaction,1,shape_sorter_interaction_s1_75.000,75.0,77.0,arousal,3,eeg,logreg,paper_compact,10,0.5704395604395605,0,0.4219716744355566,0.489833,1.4009970000000003
P27,shape_sorter_interaction,1,shape_sorter_interaction_s1_75.000,75.0,77.0,valence,1,multimodal,svm,all_eeg_plus_face,5,0.5983333333333333,0,0.6398817300445091,1.230753,2.064574
P27,shape_sorter_interaction,1,shape_sorter_interaction_s1_75.000,75.0,77.0,valence,2,eeg,logreg,all_eeg,8,0.5766666666666667,1,0.554669568082988,1.082578,1.934822
P27,shape_sorter_interaction,1,shape_sorter_interaction_s1_75.000,75.0,77.0,valence,3,multimodal,logreg,all_eeg_plus_face,10,0.5650000000000001,0,0.49371261521379284,1.155681,2.1977480000000003
P27,shape_sorter_interaction,1,shape_sorter_interaction_s1_76.000,76.0,78.0,arousal,1,eeg,gnb,paper_compact,10,0.5831318681318681,0,0.00016273523979239263,1.162651,2.844366
P27,shape_sorter_interaction,1,shape_sorter_interaction_s1_76.000,76.0,78.0,arousal,2,face,logreg,face_geometry,10,0.5754970760233917,0,0.47587080401262366,0.521424,1.789557
P27,shape_sorter_interaction,1,shape_sorter_interaction_s1_76.000,76.0,78.0,arousal,3,eeg,logreg,paper_compact,10,0.5704395604395605,0,0.43700262087498826,0.766091,2.178978
P27,shape_sorter_interaction,1,shape_sorter_interaction_s1_76.000,76.0,78.0,valence,1,multimodal,svm,all_eeg_plus_face,5,0.5983333333333333,0,0.6400068279632887,1.828859,3.211395
P27,shape_sorter_interaction,1,shape_sorter_interaction_s1_76.000,76.0,78.0,valence,2,eeg,logreg,all_eeg,8,0.5766666666666667,1,0.51698913732057,1.069758,1.824418
P27,shape_sorter_interaction,1,shape_sorter_interaction_s1_76.000,76.0,78.0,valence,3,multimodal,logreg,all_eeg_plus_face,10,0.5650000000000001,0,0.4785873787844514,1.154501,1.9100400000000002
P27,shape_sorter_interaction,1,shape_sorter_interaction_s1_77.000,77.0,79.0,arousal,1,eeg,gnb,paper_compact,10,0.5831318681318681,0,0.0009980115758983416,0.76523,1.8691
P27,shape_sorter_interaction,1,shape_sorter_interaction_s1_77.000,77.0,79.0,arousal,2,face,logreg,face_geometry,10,0.5754970760233917,0,0.47967868770391603,0.339779,2.23411
P27,shape_sorter_interaction,1,shape_sorter_interaction_s1_77.000,77.0,79.0,arousal,3,eeg,logreg,paper_compact,10,0.5704395604395605,0,0.42987658441853205,0.956505,3.00128
P27,shape_sorter_interaction,1,shape_sorter_interaction_s1_77.000,77.0,79.0,valence,1,multimodal,svm,all_eeg_plus_face,5,0.5983333333333333,1,0.6843742934541558,2.562498,3.189894
P27,shape_sorter_interaction,1,shape_sorter_interaction_s1_77.000,77.0,79.0,valence,2,eeg,logreg,all_eeg,8,0.5766666666666667,1,0.588136698003963,1.676325,2.935498
P27,shape_sorter_interaction,1,shape_sorter_interaction_s1_77.000,77.0,79.0,valence,3,multimodal,logreg,all_eeg_plus_face,10,0.5650000000000001,1,0.5501803042859847,1.785707,2.5686080000000002
P27,shape_sorter_interaction,1,shape_sorter_interaction_s1_78.000,78.0,80.0,arousal,1,eeg,gnb,paper_compact,10,0.5831318681318681,0,1.0520430290064527e-06,1.166161,2.932638
P27,shape_sorter_interaction,1,shape_sorter_interaction_s1_78.000,78.0,80.0,arousal,2,face,logreg,face_geometry,10,0.5754970760233917,0,0.4938032615582571,0.527094,1.7824270000000002
P27,shape_sorter_interaction,1,shape_sorter_interaction_s1_78.000,78.0,80.0,arousal,3,eeg,logreg,paper_compact,10,0.5704395604395605,0,0.39236395965449344,0.797981,2.195059
P27,shape_sorter_interaction,1,shape_sorter_interaction_s1_78.000,78.0,80.0,valence,1,multimodal,svm,all_eeg_plus_face,5,0.5983333333333333,1,0.7091670520608333,1.90559,3.998226
P27,shape_sorter_interaction,1,shape_sorter_interaction_s1_78.000,78.0,80.0,valence,2,eeg,logreg,all_eeg,8,0.5766666666666667,1,0.7120931421199926,1.051878,1.89471
P27,shape_sorter_interaction,1,shape_sorter_interaction_s1_78.000,78.0,80.0,valence,3,multimodal,logreg,all_eeg_plus_face,10,0.5650000000000001,1,0.6696160642722718,1.13354,1.9287320000000001
P27,shape_sorter_interaction,1,shape_sorter_interaction_s1_79.000,79.0,81.0,arousal,1,eeg,gnb,paper_compact,10,0.5831318681318681,0,0.006271615954369762,1.213102,2.783714
P27,shape_sorter_interaction,1,shape_sorter_interaction_s1_79.000,79.0,81.0,arousal,2,face,logreg,face_geometry,10,0.5754970760233917,0,0.48759392557803855,0.541044,1.761487
P27,shape_sorter_interaction,1,shape_sorter_interaction_s1_79.000,79.0,81.0,arousal,3,eeg,logreg,paper_compact,10,0.5704395604395605,0,0.47171793083606256,0.75679,2.230828
P27,shape_sorter_interaction,1,shape_sorter_interaction_s1_79.000,79.0,81.0,valence,1,multimodal,svm,all_eeg_plus_face,5,0.5983333333333333,0,0.6568974880434023,1.806128,3.151024
P27,shape_sorter_interaction,1,shape_sorter_interaction_s1_79.000,79.0,81.0,valence,2,eeg,logreg,all_eeg,8,0.5766666666666667,0,0.486836984068233,1.678064,2.917898
P27,shape_sorter_interaction,1,shape_sorter_interaction_s1_79.000,79.0,81.0,valence,3,multimodal,logreg,all_eeg_plus_face,10,0.5650000000000001,0,0.4434173647145694,1.852839,1.8802100000000002
P27,shape_sorter_interaction,1,shape_sorter_interaction_s1_80.000,80.0,82.0,arousal,1,eeg,gnb,paper_compact,10,0.5831318681318681,0,0.02762360746154783,0.75559,1.8316279999999998
P27,shape_sorter_interaction,1,shape_sorter_interaction_s1_80.000,80.0,82.0,arousal,2,face,logreg,face_geometry,10,0.5754970760233917,0,0.43486159253860013,0.332999,1.1337199999999998
P27,shape_sorter_interaction,1,shape_sorter_interaction_s1_80.000,80.0,82.0,arousal,3,eeg,logreg,paper_compact,10,0.5704395604395605,0,0.49560775017179987,0.486963,1.392447
P27,shape_sorter_interaction,1,shape_sorter_interaction_s1_80.000,80.0,82.0,valence,1,multimodal,svm,all_eeg_plus_face,5,0.5983333333333333,1,0.7057244403317344,1.164361,2.052704
P27,shape_sorter_interaction,1,shape_sorter_interaction_s1_80.000,80.0,82.0,valence,2,eeg,logreg,all_eeg,8,0.5766666666666667,0,0.498176279728186,1.117219,1.86287
P27,shape_sorter_interaction,1,shape_sorter_interaction_s1_80.000,80.0,82.0,valence,3,multimodal,logreg,all_eeg_plus_face,10,0.5650000000000001,0,0.4416688417569612,1.14558,1.9375820000000001
P27,shape_sorter_interaction,1,shape_sorter_interaction_s1_81.000,81.0,83.0,arousal,1,eeg,gnb,paper_compact,10,0.5831318681318681,0,0.11759287953991515,1.154411,2.852296
P27,shape_sorter_interaction,1,shape_sorter_interaction_s1_81.000,81.0,83.0,arousal,2,face,logreg,face_geometry,10,0.5754970760233917,0,0.4042074124232811,0.520634,1.756117
P27,shape_sorter_interaction,1,shape_sorter_interaction_s1_81.000,81.0,83.0,arousal,3,eeg,logreg,paper_compact,10,0.5704395604395605,0,0.4565569422006524,0.76321,2.2234589999999996
P27,shape_sorter_interaction,1,shape_sorter_interaction_s1_81.000,81.0,83.0,valence,1,multimodal,svm,all_eeg_plus_face,5,0.5983333333333333,1,0.7052287926706663,1.799188,3.174344
P27,shape_sorter_interaction,1,shape_sorter_interaction_s1_81.000,81.0,83.0,valence,2,eeg,logreg,all_eeg,8,0.5766666666666667,1,0.6035330232520549,1.713615,1.824089
P27,shape_sorter_interaction,1,shape_sorter_interaction_s1_81.000,81.0,83.0,valence,3,multimodal,logreg,all_eeg_plus_face,10,0.5650000000000001,1,0.5749650721670668,1.14058,1.902611
P27,shape_sorter_interaction,1,shape_sorter_interaction_s1_82.000,82.0,84.0,arousal,1,eeg,gnb,paper_compact,10,0.5831318681318681,0,0.4947659354186819,0.780641,1.844989
P27,shape_sorter_interaction,1,shape_sorter_interaction_s1_82.000,82.0,84.0,arousal,2,face,logreg,face_geometry,10,0.5754970760233917,0,0.38078671945284487,0.338389,1.14109
P27,shape_sorter_interaction,1,shape_sorter_interaction_s1_82.000,82.0,84.0,arousal,3,eeg,logreg,paper_compact,10,0.5704395604395605,0,0.49530048846080243,0.511764,1.411338
P27,shape_sorter_interaction,1,shape_sorter_interaction_s1_82.000,82.0,84.0,valence,1,multimodal,svm,all_eeg_plus_face,5,0.5983333333333333,1,0.7029642563945889,1.179861,2.0972660000000003
P27,shape_sorter_interaction,1,shape_sorter_interaction_s1_82.000,82.0,84.0,valence,2,eeg,logreg,all_eeg,8,0.5766666666666667,1,0.6125856565697394,1.097889,1.9011010000000002
P27,shape_sorter_interaction,1,shape_sorter_interaction_s1_82.000,82.0,84.0,valence,3,multimodal,logreg,all_eeg_plus_face,10,0.5650000000000001,1,0.5894363915979425,1.15816,1.9465120000000002
P27,shape_sorter_interaction,1,shape_sorter_interaction_s1_83.000,83.0,85.0,arousal,1,eeg,gnb,paper_compact,10,0.5831318681318681,0,0.0069371373420987386,0.796331,1.8502489999999998
P27,shape_sorter_interaction,1,shape_sorter_interaction_s1_83.000,83.0,85.0,arousal,2,face,logreg,face_geometry,10,0.5754970760233917,0,0.3696108526134085,0.335679,1.145851
P27,shape_sorter_interaction,1,shape_sorter_interaction_s1_83.000,83.0,85.0,arousal,3,eeg,logreg,paper_compact,10,0.5704395604395605,0,0.467754828582637,0.510974,1.3999370000000002
P27,shape_sorter_interaction,1,shape_sorter_interaction_s1_83.000,83.0,85.0,valence,1,multimodal,svm,all_eeg_plus_face,5,0.5983333333333333,1,0.7136142170850766,1.173461,2.120647
P27,shape_sorter_interaction,1,shape_sorter_interaction_s1_83.000,83.0,85.0,valence,2,eeg,logreg,all_eeg,8,0.5766666666666667,1,0.6183705957572097,1.076288,1.915751
P27,shape_sorter_interaction,1,shape_sorter_interaction_s1_83.000,83.0,85.0,valence,3,multimodal,logreg,all_eeg_plus_face,10,0.5650000000000001,1,0.6022115949698794,1.14658,1.927071
P27,shape_sorter_interaction,1,shape_sorter_interaction_s1_84.000,84.0,86.0,arousal,1,eeg,gnb,paper_compact,10,0.5831318681318681,0,0.006785684573970053,0.7593,1.848779
P27,shape_sorter_interaction,1,shape_sorter_interaction_s1_84.000,84.0,86.0,arousal,2,face,logreg,face_geometry,10,0.5754970760233917,0,0.36137132506850955,0.333039,1.13324
P27,shape_sorter_interaction,1,shape_sorter_interaction_s1_84.000,84.0,86.0,arousal,3,eeg,logreg,paper_compact,10,0.5704395604395605,0,0.4908552680741344,0.494853,1.4129880000000001
P27,shape_sorter_interaction,1,shape_sorter_interaction_s1_84.000,84.0,86.0,valence,1,multimodal,svm,all_eeg_plus_face,5,0.5983333333333333,0,0.6518873601791629,1.165821,2.067475
P27,shape_sorter_interaction,1,shape_sorter_interaction_s1_84.000,84.0,86.0,valence,2,eeg,logreg,all_eeg,8,0.5766666666666667,1,0.6161099435732174,1.083379,1.88224
P27,shape_sorter_interaction,1,shape_sorter_interaction_s1_84.000,84.0,86.0,valence,3,multimodal,logreg,all_eeg_plus_face,10,0.5650000000000001,1,0.5932974736384153,1.173241,1.9287820000000002
P27,shape_sorter_interaction,1,shape_sorter_interaction_s1_85.000,85.0,87.0,arousal,1,eeg,gnb,paper_compact,10,0.5831318681318681,0,0.007517851389645994,0.76422,1.873239
P27,shape_sorter_interaction,1,shape_sorter_interaction_s1_85.000,85.0,87.0,arousal,2,face,logreg,face_geometry,10,0.5754970760233917,0,0.3690134147421695,0.344069,1.143
P27,shape_sorter_interaction,1,shape_sorter_interaction_s1_85.000,85.0,87.0,arousal,3,eeg,logreg,paper_compact,10,0.5704395604395605,0,0.4837839781122563,0.491773,1.4318190000000002
P27,shape_sorter_interaction,1,shape_sorter_interaction_s1_85.000,85.0,87.0,valence,1,multimodal,svm,all_eeg_plus_face,5,0.5983333333333333,1,0.6874578777935544,1.163761,2.086906
P27,shape_sorter_interaction,1,shape_sorter_interaction_s1_85.000,85.0,87.0,valence,2,eeg,logreg,all_eeg,8,0.5766666666666667,1,0.6395406523126126,1.090509,1.8663390000000002
P27,shape_sorter_interaction,1,shape_sorter_interaction_s1_85.000,85.0,87.0,valence,3,multimodal,logreg,all_eeg_plus_face,10,0.5650000000000001,1,0.6001649291113528,1.183952,1.9457309999999999
P27,shape_sorter_interaction,1,shape_sorter_interaction_s1_86.000,86.0,88.0,arousal,1,eeg,gnb,paper_compact,10,0.5831318681318681,0,0.0027123420731125546,0.764431,1.8584789999999998
P27,shape_sorter_interaction,1,shape_sorter_interaction_s1_86.000,86.0,88.0,arousal,2,face,logreg,face_geometry,10,0.5754970760233917,0,0.34097101498905125,0.338619,1.170261
P27,shape_sorter_interaction,1,shape_sorter_interaction_s1_86.000,86.0,88.0,arousal,3,eeg,logreg,paper_compact,10,0.5704395604395605,1,0.5630718501250581,0.494463,1.4107370000000001
P27,shape_sorter_interaction,1,shape_sorter_interaction_s1_86.000,86.0,88.0,valence,1,multimodal,svm,all_eeg_plus_face,5,0.5983333333333333,0,0.6009778075759007,1.175041,2.0928050000000002
P27,shape_sorter_interaction,1,shape_sorter_interaction_s1_86.000,86.0,88.0,valence,2,eeg,logreg,all_eeg,8,0.5766666666666667,0,0.36247919222462316,1.087069,1.9459419999999998
P27,shape_sorter_interaction,1,shape_sorter_interaction_s1_86.000,86.0,88.0,valence,3,multimodal,logreg,all_eeg_plus_face,10,0.5650000000000001,0,0.24891973579375284,1.145931,2.038604
P27,shape_sorter_interaction,1,shape_sorter_interaction_s1_87.000,87.0,89.0,arousal,1,eeg,gnb,paper_compact,10,0.5831318681318681,0,0.0008700859513965239,0.768491,1.87438
P27,shape_sorter_interaction,1,shape_sorter_interaction_s1_87.000,87.0,89.0,arousal,2,face,logreg,face_geometry,10,0.5754970760233917,0,0.36582072243379987,0.336799,1.1407
P27,shape_sorter_interaction,1,shape_sorter_interaction_s1_87.000,87.0,89.0,arousal,3,eeg,logreg,paper_compact,10,0.5704395604395605,1,0.562769534633566,0.489243,1.456658
P27,shape_sorter_interaction,1,shape_sorter_interaction_s1_87.000,87.0,89.0,valence,1,multimodal,svm,all_eeg_plus_face,5,0.5983333333333333,0,0.6475121148918553,1.451358,3.192295
P27,shape_sorter_interaction,1,shape_sorter_interaction_s1_87.000,87.0,89.0,valence,2,eeg,logreg,all_eeg,8,0.5766666666666667,0,0.3506768447450321,1.687145,2.764243
P27,shape_sorter_interaction,1,shape_sorter_interaction_s1_87.000,87.0,89.0,valence,3,multimodal,logreg,all_eeg_plus_face,10,0.5650000000000001,0,0.25801682878168264,1.138651,2.008493
P27,shape_sorter_interaction,1,shape_sorter_interaction_s1_88.000,88.0,90.0,arousal,1,eeg,gnb,paper_compact,10,0.5831318681318681,0,3.366893919757903e-12,1.150281,2.7997150000000004
P27,shape_sorter_interaction,1,shape_sorter_interaction_s1_88.000,88.0,90.0,arousal,2,face,logreg,face_geometry,10,0.5754970760233917,0,0.4327263321841275,0.520534,1.787338
P27,shape_sorter_interaction,1,shape_sorter_interaction_s1_88.000,88.0,90.0,arousal,3,eeg,logreg,paper_compact,10,0.5704395604395605,1,0.5639313523085138,0.75738,2.1734180000000003
P27,shape_sorter_interaction,1,shape_sorter_interaction_s1_88.000,88.0,90.0,valence,1,multimodal,svm,all_eeg_plus_face,5,0.5983333333333333,1,0.6835805463248313,1.84742,3.171664
P27,shape_sorter_interaction,1,shape_sorter_interaction_s1_88.000,88.0,90.0,valence,2,eeg,logreg,all_eeg,8,0.5766666666666667,0,0.17465838647109078,1.676394,2.767894
P27,shape_sorter_interaction,1,shape_sorter_interaction_s1_88.000,88.0,90.0,valence,3,multimodal,logreg,all_eeg_plus_face,10,0.5650000000000001,0,0.11947953491710855,1.105489,1.915291
P27,shape_sorter_interaction,1,shape_sorter_interaction_s1_89.000,89.0,91.0,arousal,1,eeg,gnb,paper_compact,10,0.5831318681318681,0,9.585546951218086e-12,1.158881,2.844496
P27,shape_sorter_interaction,1,shape_sorter_interaction_s1_89.000,89.0,91.0,arousal,2,face,logreg,face_geometry,10,0.5754970760233917,0,0.4912125082921281,0.522194,1.771337
P27,shape_sorter_interaction,1,shape_sorter_interaction_s1_89.000,89.0,91.0,arousal,3,eeg,logreg,paper_compact,10,0.5704395604395605,1,0.6219683004200508,0.794181,2.175078
P27,shape_sorter_interaction,1,shape_sorter_interaction_s1_89.000,89.0,91.0,valence,1,multimodal,svm,all_eeg_plus_face,5,0.5983333333333333,1,0.6929179948969215,1.840069,3.151943
P27,shape_sorter_interaction,1,shape_sorter_interaction_s1_89.000,89.0,91.0,valence,2,eeg,logreg,all_eeg,8,0.5766666666666667,0,0.12671716022713583,1.458399,1.823579
P27,shape_sorter_interaction,1,shape_sorter_interaction_s1_89.000,89.0,91.0,valence,3,multimodal,logreg,all_eeg_plus_face,10,0.5650000000000001,0,0.08123585717902067,1.13073,1.912962
P27,shape_sorter_interaction,1,shape_sorter_interaction_s1_90.000,90.0,92.0,arousal,1,eeg,gnb,paper_compact,10,0.5831318681318681,0,0.09722706560063013,1.184561,2.832215
P27,shape_sorter_interaction,1,shape_sorter_interaction_s1_90.000,90.0,92.0,arousal,2,face,logreg,face_geometry,10,0.5754970760233917,1,0.602088774267104,0.572385,1.790298
P27,shape_sorter_interaction,1,shape_sorter_interaction_s1_90.000,90.0,92.0,arousal,3,eeg,logreg,paper_compact,10,0.5704395604395605,1,0.5119304821800316,0.765241,2.230818
P27,shape_sorter_interaction,1,shape_sorter_interaction_s1_90.000,90.0,92.0,valence,1,multimodal,svm,all_eeg_plus_face,5,0.5983333333333333,1,0.7026650813329942,1.809238,3.224666
P27,shape_sorter_interaction,1,shape_sorter_interaction_s1_90.000,90.0,92.0,valence,2,eeg,logreg,all_eeg,8,0.5766666666666667,1,0.6119436294453455,1.766237,2.155088
P27,shape_sorter_interaction,1,shape_sorter_interaction_s1_90.000,90.0,92.0,valence,3,multimodal,logreg,all_eeg_plus_face,10,0.5650000000000001,1,0.5846693006855651,1.13437,1.9495220000000002
P27,shape_sorter_interaction,1,shape_sorter_interaction_s1_91.000,91.0,93.0,arousal,1,eeg,gnb,paper_compact,10,0.5831318681318681,0,0.0705096539698785,0.736509,1.818018
P27,shape_sorter_interaction,1,shape_sorter_interaction_s1_91.000,91.0,93.0,arousal,2,face,logreg,face_geometry,10,0.5754970760233917,1,0.6028005080984921,0.334058,1.12886
P27,shape_sorter_interaction,1,shape_sorter_interaction_s1_91.000,91.0,93.0,arousal,3,eeg,logreg,paper_compact,10,0.5704395604395605,1,0.5318593295703811,0.488103,1.4257680000000001
P27,shape_sorter_interaction,1,shape_sorter_interaction_s1_91.000,91.0,93.0,valence,1,multimodal,svm,all_eeg_plus_face,5,0.5983333333333333,1,0.7606835049848196,1.159701,2.090245
P27,shape_sorter_interaction,1,shape_sorter_interaction_s1_91.000,91.0,93.0,valence,2,eeg,logreg,all_eeg,8,0.5766666666666667,1,0.5635549575231356,1.082038,1.87342
P27,shape_sorter_interaction,1,shape_sorter_interaction_s1_91.000,91.0,93.0,valence,3,multimodal,logreg,all_eeg_plus_face,10,0.5650000000000001,1,0.5031342034956334,1.175441,1.9330920000000003
P27,shape_sorter_interaction,1,shape_sorter_interaction_s1_92.000,92.0,94.0,arousal,1,eeg,gnb,paper_compact,10,0.5831318681318681,0,0.0697318761843981,0.718479,1.731027
P27,shape_sorter_interaction,1,shape_sorter_interaction_s1_92.000,92.0,94.0,arousal,2,face,logreg,face_geometry,10,0.5754970760233917,1,0.6245962781770144,0.337719,1.16275
P27,shape_sorter_interaction,1,shape_sorter_interaction_s1_92.000,92.0,94.0,arousal,3,eeg,logreg,paper_compact,10,0.5704395604395605,1,0.5065247351304495,0.496523,1.418307
P27,shape_sorter_interaction,1,shape_sorter_interaction_s1_92.000,92.0,94.0,valence,1,multimodal,svm,all_eeg_plus_face,5,0.5983333333333333,1,0.7100659218047615,1.178051,2.0156330000000002
P27,shape_sorter_interaction,1,shape_sorter_interaction_s1_92.000,92.0,94.0,valence,2,eeg,logreg,all_eeg,8,0.5766666666666667,0,0.43761916554921854,1.086978,1.9016509999999998
P27,shape_sorter_interaction,1,shape_sorter_interaction_s1_92.000,92.0,94.0,valence,3,multimodal,logreg,all_eeg_plus_face,10,0.5650000000000001,0,0.38196410445921913,1.155481,1.956302
P27,shape_sorter_interaction,1,shape_sorter_interaction_s1_93.000,93.0,95.0,arousal,1,eeg,gnb,paper_compact,10,0.5831318681318681,0,6.057502915193426e-09,0.718989,1.8036780000000001
P27,shape_sorter_interaction,1,shape_sorter_interaction_s1_93.000,93.0,95.0,arousal,3,eeg,logreg,paper_compact,10,0.5704395604395605,0,0.45722894273920706,0.494613,1.4188580000000002
P27,shape_sorter_interaction,1,shape_sorter_interaction_s1_93.000,93.0,95.0,valence,2,eeg,logreg,all_eeg,8,0.5766666666666667,0,0.4835954299390797,1.148531,2.889357
P27,shape_sorter_interaction,1,shape_sorter_interaction_s1_94.000,94.0,96.0,arousal,1,eeg,gnb,paper_compact,10,0.5831318681318681,0,5.32469057538406e-13,1.094779,2.7238130000000003
P27,shape_sorter_interaction,1,shape_sorter_interaction_s1_94.000,94.0,96.0,arousal,3,eeg,logreg,paper_compact,10,0.5704395604395605,0,0.4596706921269552,0.7674,2.22791
P27,shape_sorter_interaction,1,shape_sorter_interaction_s1_94.000,94.0,96.0,valence,2,eeg,logreg,all_eeg,8,0.5766666666666667,0,0.35558605846603086,1.683725,2.936248
