participant,task,segment_id,window_id,window_start_s,window_end_s,target,model_rank,modality,classifier,canonical_p_high,canonical_hard_prediction,causal_p_high,causal_hard_prediction,probability_difference,absolute_probability_difference,hard_agree
P01,pick_place,1,pick_place_s1_24.000,24.0,26.0,arousal,1,face,logreg,0.1154479223544611,0,0.115447922354461,0,-9.71445146547012e-17,9.71445146547012e-17,True
P01,pick_place,1,pick_place_s1_25.000,25.0,27.0,arousal,1,face,logreg,0.1516912847566239,0,0.15169128475662433,0,4.163336342344337e-16,4.163336342344337e-16,True
P01,pick_place,1,pick_place_s1_26.000,26.0,28.0,arousal,1,face,logreg,0.1846183116007802,0,0.18461831160077907,0,-1.1379786002407855e-15,1.1379786002407855e-15,True
P01,pick_place,1,pick_place_s1_27.000,27.0,29.0,arousal,1,face,logreg,0.1425892398959402,0,0.14258923989593955,0,-6.38378239159465e-16,6.38378239159465e-16,True
P01,pick_place,1,pick_place_s1_28.000,28.0,30.0,arousal,1,face,logreg,0.1122268646414168,0,0.11222686464141665,0,-1.5265566588595902e-16,1.5265566588595902e-16,True
P01,pick_place,1,pick_place_s1_29.000,29.0,31.0,arousal,1,face,logreg,0.1110849757109622,0,0.11108497571096217,0,-2.7755575615628914e-17,2.7755575615628914e-17,True
P01,pick_place,1,pick_place_s1_30.000,30.0,32.0,arousal,1,face,logreg,0.071851770438974,0,0.07185177043897419,0,1.8041124150158794e-16,1.8041124150158794e-16,True
P01,pick_place,1,pick_place_s1_31.000,31.0,33.0,arousal,1,face,logreg,0.0485015561811911,0,0.04850155618119095,0,-1.457167719820518e-16,1.457167719820518e-16,True
P01,pick_place,1,pick_place_s1_32.000,32.0,34.0,arousal,1,face,logreg,0.1347861915618022,0,0.13478619156180224,0,5.551115123125783e-17,5.551115123125783e-17,True
P01,pick_place,1,pick_place_s1_33.000,33.0,35.0,arousal,1,face,logreg,0.1903390217373248,0,0.19033902173732445,0,-3.608224830031759e-16,3.608224830031759e-16,True
P01,pick_place,1,pick_place_s1_34.000,34.0,36.0,arousal,1,face,logreg,0.1408140575191195,0,0.14081405751912038,0,8.881784197001252e-16,8.881784197001252e-16,True
P01,pick_place,1,pick_place_s1_35.000,35.0,37.0,arousal,1,face,logreg,0.4648737661817017,0,0.4648737661817018,0,1.1102230246251565e-16,1.1102230246251565e-16,True
P01,pick_place,1,pick_place_s1_36.000,36.0,38.0,arousal,1,face,logreg,0.750637549227323,1,0.750637549227324,1,9.992007221626409e-16,9.992007221626409e-16,True
P01,pick_place,1,pick_place_s1_37.000,37.0,39.0,arousal,1,face,logreg,0.8029390433366607,1,0.8029390433366606,1,-1.1102230246251565e-16,1.1102230246251565e-16,True
P01,pick_place,1,pick_place_s1_38.000,38.0,40.0,arousal,1,face,logreg,0.861044649024897,1,0.8610446490248975,1,5.551115123125783e-16,5.551115123125783e-16,True
P01,pick_place,1,pick_place_s1_39.000,39.0,41.0,arousal,1,face,logreg,0.8652562196643803,1,0.8652562196643802,1,-1.1102230246251565e-16,1.1102230246251565e-16,True
P01,pick_place,1,pick_place_s1_40.000,40.0,42.0,arousal,1,face,logreg,0.8028523981052252,1,0.802852398105225,1,-2.220446049250313e-16,2.220446049250313e-16,True
P01,pick_place,1,pick_place_s1_41.000,41.0,43.0,arousal,1,face,logreg,0.7951920029909815,1,0.7951920029909819,1,4.440892098500626e-16,4.440892098500626e-16,True
P01,pick_place,1,pick_place_s1_42.000,42.0,44.0,arousal,1,face,logreg,0.807173536006297,1,0.8071735360062973,1,2.220446049250313e-16,2.220446049250313e-16,True
P01,shape_sorter_observation,1,shape_sorter_observation_s1_25.000,25.0,27.0,arousal,1,face,logreg,0.1467979242321923,0,0.140592729568525,0,-0.006205194663667285,0.006205194663667285,True
P01,shape_sorter_observation,1,shape_sorter_observation_s1_26.000,26.0,28.0,arousal,1,face,logreg,0.086176749967481,0,0.09223767522005956,0,0.006060925252578564,0.006060925252578564,True
P01,shape_sorter_observation,1,shape_sorter_observation_s1_27.000,27.0,29.0,arousal,1,face,logreg,0.0327027011108641,0,0.03278432666193063,0,8.162555106652758e-05,8.162555106652758e-05,True
P01,shape_sorter_observation,1,shape_sorter_observation_s1_28.000,28.0,30.0,arousal,1,face,logreg,0.0418787608639602,0,0.04124642109395585,0,-0.0006323397700043545,0.0006323397700043545,True
P01,shape_sorter_observation,1,shape_sorter_observation_s1_29.000,29.0,31.0,arousal,1,face,logreg,0.0579318493090828,0,0.057875215187296575,0,-5.663412178622679e-05,5.663412178622679e-05,True
P01,shape_sorter_observation,1,shape_sorter_observation_s1_30.000,30.0,32.0,arousal,1,face,logreg,0.0447736222102166,0,0.04434220180652219,0,-0.00043142040369441303,0.00043142040369441303,True
P01,shape_sorter_observation,1,shape_sorter_observation_s1_31.000,31.0,33.0,arousal,1,face,logreg,0.0954148840184457,0,0.09362535670677105,0,-0.0017895273116746435,0.0017895273116746435,True
P01,shape_sorter_observation,1,shape_sorter_observation_s1_32.000,32.0,34.0,arousal,1,face,logreg,0.1006945038890786,0,0.10182953656775875,0,0.0011350326786801618,0.0011350326786801618,True
P01,shape_sorter_observation,1,shape_sorter_observation_s1_33.000,33.0,35.0,arousal,1,face,logreg,0.0890183220317194,0,0.08829782555452588,0,-0.0007204964771935218,0.0007204964771935218,True
P01,shape_sorter_observation,1,shape_sorter_observation_s1_34.000,34.0,36.0,arousal,1,face,logreg,0.135309531836838,0,0.13193807152502032,0,-0.0033714603118176756,0.0033714603118176756,True
P01,shape_sorter_observation,1,shape_sorter_observation_s1_35.000,35.0,37.0,arousal,1,face,logreg,0.1689351435599477,0,0.1688654122837522,0,-6.973127619550046e-05,6.973127619550046e-05,True
P01,shape_sorter_observation,1,shape_sorter_observation_s1_36.000,36.0,38.0,arousal,1,face,logreg,0.1492591257410724,0,0.15101378508567861,0,0.0017546593446062242,0.0017546593446062242,True
P01,shape_sorter_observation,1,shape_sorter_observation_s1_37.000,37.0,39.0,arousal,1,face,logreg,0.0652747860614052,0,0.06527478606140504,0,-1.6653345369377348e-16,1.6653345369377348e-16,True
P01,shape_sorter_observation,1,shape_sorter_observation_s1_38.000,38.0,40.0,arousal,1,face,logreg,0.0555557206161354,0,0.055555720616135555,0,1.5265566588595902e-16,1.5265566588595902e-16,True
P01,shape_sorter_observation,1,shape_sorter_observation_s1_39.000,39.0,41.0,arousal,1,face,logreg,0.0529090735259185,0,0.05290907352591873,0,2.3592239273284576e-16,2.3592239273284576e-16,True
P01,shape_sorter_observation,1,shape_sorter_observation_s1_40.000,40.0,42.0,arousal,1,face,logreg,0.048130216822828,0,0.04813021682282775,0,-2.498001805406602e-16,2.498001805406602e-16,True
P01,shape_sorter_observation,1,shape_sorter_observation_s1_41.000,41.0,43.0,arousal,1,face,logreg,0.0864321122967467,0,0.08643211229674691,0,2.0816681711721685e-16,2.0816681711721685e-16,True
P01,shape_sorter_observation,1,shape_sorter_observation_s1_42.000,42.0,44.0,arousal,1,face,logreg,0.2388620423438962,0,0.23886204234389719,0,9.71445146547012e-16,9.71445146547012e-16,True
P01,shape_sorter_observation,1,shape_sorter_observation_s1_43.000,43.0,45.0,arousal,1,face,logreg,0.2168952746312608,0,0.21689527463126082,0,2.7755575615628914e-17,2.7755575615628914e-17,True
P01,shape_sorter_observation,1,shape_sorter_observation_s1_44.000,44.0,46.0,arousal,1,face,logreg,0.11313611228524,0,0.11313611228523984,0,-1.5265566588595902e-16,1.5265566588595902e-16,True
P01,shape_sorter_observation,1,shape_sorter_observation_s1_45.000,45.0,47.0,arousal,1,face,logreg,0.0861285322057966,0,0.0861285322057964,0,-1.942890293094024e-16,1.942890293094024e-16,True
P01,shape_sorter_observation,1,shape_sorter_observation_s1_46.000,46.0,48.0,arousal,1,face,logreg,0.0878015337484752,0,0.08780153374847492,0,-2.7755575615628914e-16,2.7755575615628914e-16,True
P01,shape_sorter_observation,1,shape_sorter_observation_s1_47.000,47.0,49.0,arousal,1,face,logreg,0.1440451054463106,0,0.14404510544631,0,-6.106226635438361e-16,6.106226635438361e-16,True
P01,shape_sorter_observation,1,shape_sorter_observation_s1_48.000,48.0,50.0,arousal,1,face,logreg,0.1245784732997305,0,0.12457847329973111,0,6.106226635438361e-16,6.106226635438361e-16,True
P01,shape_sorter_observation,1,shape_sorter_observation_s1_49.000,49.0,51.0,arousal,1,face,logreg,0.1219327285792174,0,0.1219327285792179,0,4.996003610813204e-16,4.996003610813204e-16,True
P01,shape_sorter_observation,1,shape_sorter_observation_s1_50.000,50.0,52.0,arousal,1,face,logreg,0.0693017916057883,0,0.0693017916057882,0,-9.71445146547012e-17,9.71445146547012e-17,True
P01,shape_sorter_observation,1,shape_sorter_observation_s1_51.000,51.0,53.0,arousal,1,face,logreg,0.0594588619552121,0,0.05945886195521219,0,9.020562075079397e-17,9.020562075079397e-17,True
P01,shape_sorter_observation,1,shape_sorter_observation_s1_52.000,52.0,54.0,arousal,1,face,logreg,0.1262253882484118,0,0.12622538824841162,0,-1.942890293094024e-16,1.942890293094024e-16,True
P01,shape_sorter_observation,1,shape_sorter_observation_s1_53.000,53.0,55.0,arousal,1,face,logreg,0.1690704866271295,0,0.16907048662712876,0,-7.494005416219807e-16,7.494005416219807e-16,True
P01,shape_sorter_observation,1,shape_sorter_observation_s1_54.000,54.0,56.0,arousal,1,face,logreg,0.1790542087918315,0,0.1790542087918319,0,3.885780586188048e-16,3.885780586188048e-16,True
P01,shape_sorter_observation,1,shape_sorter_observation_s1_55.000,55.0,57.0,arousal,1,face,logreg,0.2078491192365052,0,0.20784911923650515,0,-5.551115123125783e-17,5.551115123125783e-17,True
P01,shape_sorter_observation,1,shape_sorter_observation_s1_56.000,56.0,58.0,arousal,1,face,logreg,0.2534008465321589,0,0.2534008465321589,0,0.0,0.0,True
P01,shape_sorter_observation,1,shape_sorter_observation_s1_57.000,57.0,59.0,arousal,1,face,logreg,0.3724378829583374,0,0.3724378829583367,0,-7.216449660063518e-16,7.216449660063518e-16,True
P01,shape_sorter_observation,1,shape_sorter_observation_s1_58.000,58.0,60.0,arousal,1,face,logreg,0.6727904713535143,1,0.6727904713535152,1,8.881784197001252e-16,8.881784197001252e-16,True
P01,shape_sorter_observation,1,shape_sorter_observation_s1_59.000,59.0,61.0,arousal,1,face,logreg,0.8917748639757017,1,0.8917748639757017,1,0.0,0.0,True
P01,shape_sorter_observation,1,shape_sorter_observation_s1_60.000,60.0,62.0,arousal,1,face,logreg,0.7531534563221732,1,0.7531534563221723,1,-8.881784197001252e-16,8.881784197001252e-16,True
P01,shape_sorter_observation,1,shape_sorter_observation_s1_61.000,61.0,63.0,arousal,1,face,logreg,0.6222276143331988,1,0.6222276143331987,1,-1.1102230246251565e-16,1.1102230246251565e-16,True
P01,shape_sorter_observation,1,shape_sorter_observation_s1_62.000,62.0,64.0,arousal,1,face,logreg,0.7036360657662751,1,0.7036360657662758,1,6.661338147750939e-16,6.661338147750939e-16,True
P01,stack,1,stack_s1_21.000,21.0,23.0,arousal,1,face,logreg,0.0567415044471306,0,0.05568170084551676,0,-0.0010598036016138401,0.0010598036016138401,True
P01,stack,1,stack_s1_22.000,22.0,24.0,arousal,1,face,logreg,0.0418153813022355,0,0.04181538130223568,0,1.8041124150158794e-16,1.8041124150158794e-16,True
P01,stack,1,stack_s1_23.000,23.0,25.0,arousal,1,face,logreg,0.092533603738215,0,0.09253360373821456,0,-4.3021142204224816e-16,4.3021142204224816e-16,True
P01,stack,1,stack_s1_24.000,24.0,26.0,arousal,1,face,logreg,0.1652978067318481,0,0.16529780673184796,0,-1.3877787807814457e-16,1.3877787807814457e-16,True
P01,stack,1,stack_s1_25.000,25.0,27.0,arousal,1,face,logreg,0.0791141962300954,0,0.07911419623009548,0,8.326672684688674e-17,8.326672684688674e-17,True
P01,stack,1,stack_s1_26.000,26.0,28.0,arousal,1,face,logreg,0.0186949295962476,0,0.018694929596247675,0,7.632783294297951e-17,7.632783294297951e-17,True
P01,stack,1,stack_s1_27.000,27.0,29.0,arousal,1,face,logreg,3.842320634019786e-05,0,3.8423206340197995e-05,0,1.3552527156068805e-19,1.3552527156068805e-19,True
P01,stack,1,stack_s1_28.000,28.0,30.0,arousal,1,face,logreg,0.0007177842280042,0,0.0007177842280042862,0,8.61940727125976e-17,8.61940727125976e-17,True
P01,stack,1,stack_s1_29.000,29.0,31.0,arousal,1,face,logreg,0.0227726118402619,0,0.022772611840261962,0,6.245004513516506e-17,6.245004513516506e-17,True
P01,stack,1,stack_s1_30.000,30.0,32.0,arousal,1,face,logreg,0.1604068554720976,0,0.1604068554720975,0,-1.1102230246251565e-16,1.1102230246251565e-16,True
P01,stack,1,stack_s1_31.000,31.0,33.0,arousal,1,face,logreg,0.0958194712885983,0,0.09581947128859787,0,-4.3021142204224816e-16,4.3021142204224816e-16,True
P01,stack,1,stack_s1_32.000,32.0,34.0,arousal,1,face,logreg,0.1145205064867755,0,0.11452050648677559,0,8.326672684688674e-17,8.326672684688674e-17,True
P01,stack,1,stack_s1_33.000,33.0,35.0,arousal,1,face,logreg,0.1037133406291661,0,0.10371334062916579,0,-3.0531133177191805e-16,3.0531133177191805e-16,True
P01,stack,1,stack_s1_34.000,34.0,36.0,arousal,1,face,logreg,0.0577553342676582,0,0.05775533426765793,0,-2.706168622523819e-16,2.706168622523819e-16,True
P01,stack,1,stack_s1_35.000,35.0,37.0,arousal,1,face,logreg,0.0933323380043851,0,0.0933323380043851,0,0.0,0.0,True
P01,stack,1,stack_s1_36.000,36.0,38.0,arousal,1,face,logreg,0.0625112050869192,0,0.06251120508691911,0,-8.326672684688674e-17,8.326672684688674e-17,True
P01,stack,1,stack_s1_37.000,37.0,39.0,arousal,1,face,logreg,0.041737985914674,0,0.04173798591467384,0,-1.5959455978986625e-16,1.5959455978986625e-16,True
P01,stack,1,stack_s1_38.000,38.0,40.0,arousal,1,face,logreg,0.0835208528638337,0,0.08352085286383404,0,3.3306690738754696e-16,3.3306690738754696e-16,True
P01,stack,1,stack_s1_39.000,39.0,41.0,arousal,1,face,logreg,0.107810359156664,0,0.10781035915666419,0,1.942890293094024e-16,1.942890293094024e-16,True
P01,stack,1,stack_s1_40.000,40.0,42.0,arousal,1,face,logreg,0.1004038319470774,0,0.10040383194707743,0,2.7755575615628914e-17,2.7755575615628914e-17,True
P01,stack,1,stack_s1_41.000,41.0,43.0,arousal,1,face,logreg,0.0486625767680595,0,0.04866257676805964,0,1.457167719820518e-16,1.457167719820518e-16,True
P01,stack,1,stack_s1_42.000,42.0,44.0,arousal,1,face,logreg,0.1057404313241334,0,0.10574043132413392,0,5.273559366969494e-16,5.273559366969494e-16,True
P01,stack,1,stack_s1_43.000,43.0,45.0,arousal,1,face,logreg,0.3039185772091123,0,0.3039185772091114,0,-8.881784197001252e-16,8.881784197001252e-16,True
P01,stack,1,stack_s1_44.000,44.0,46.0,arousal,1,face,logreg,0.333695517346733,0,0.3336955173467324,0,-5.551115123125783e-16,5.551115123125783e-16,True
P01,stack,1,stack_s1_45.000,45.0,47.0,arousal,1,face,logreg,0.2827223908258723,0,0.28272239082587197,0,-3.3306690738754696e-16,3.3306690738754696e-16,True
P01,stack,1,stack_s1_46.000,46.0,48.0,arousal,1,face,logreg,0.1990854675873801,0,0.19908546758737977,0,-3.3306690738754696e-16,3.3306690738754696e-16,True
P01,stack,1,stack_s1_47.000,47.0,49.0,arousal,1,face,logreg,0.1276194240965888,0,0.1276194240965887,0,-1.1102230246251565e-16,1.1102230246251565e-16,True
P01,stack,1,stack_s1_48.000,48.0,50.0,arousal,1,face,logreg,0.142146287830963,0,0.14214628783096314,0,1.3877787807814457e-16,1.3877787807814457e-16,True
P01,stack,1,stack_s1_49.000,49.0,51.0,arousal,1,face,logreg,0.141423515086326,0,0.14142351508632622,0,2.220446049250313e-16,2.220446049250313e-16,True
P01,stack,1,stack_s1_50.000,50.0,52.0,arousal,1,face,logreg,0.0825033655990919,0,0.08250336559909222,0,3.191891195797325e-16,3.191891195797325e-16,True
P01,stack,1,stack_s1_51.000,51.0,53.0,arousal,1,face,logreg,0.0791676317561466,0,0.07916763175614702,0,4.163336342344337e-16,4.163336342344337e-16,True
P01,stack,1,stack_s1_52.000,52.0,54.0,arousal,1,face,logreg,0.0939923197695556,0,0.09399231976955597,0,3.608224830031759e-16,3.608224830031759e-16,True
P01,stack,1,stack_s1_53.000,53.0,55.0,arousal,1,face,logreg,0.1053771290646937,0,0.10537712906469414,0,4.440892098500626e-16,4.440892098500626e-16,True
P01,stack,1,stack_s1_54.000,54.0,56.0,arousal,1,face,logreg,0.1473200232683466,0,0.1473200232683457,0,-8.881784197001252e-16,8.881784197001252e-16,True
P01,stack,1,stack_s1_55.000,55.0,57.0,arousal,1,face,logreg,0.1080528872980229,0,0.10805288729802288,0,-1.3877787807814457e-17,1.3877787807814457e-17,True
P01,stack,1,stack_s1_56.000,56.0,58.0,arousal,1,face,logreg,0.1418252167708953,0,0.14182521677089596,0,6.661338147750939e-16,6.661338147750939e-16,True
P01,stack,1,stack_s1_57.000,57.0,59.0,arousal,1,face,logreg,0.1981543628320281,0,0.1981543628320276,0,-5.273559366969494e-16,5.273559366969494e-16,True
P01,stack,1,stack_s1_58.000,58.0,60.0,arousal,1,face,logreg,0.2147586849431718,0,0.2147586849431709,0,-8.881784197001252e-16,8.881784197001252e-16,True
P01,stack,1,stack_s1_59.000,59.0,61.0,arousal,1,face,logreg,0.2220210527389626,0,0.22202105273896247,0,-1.3877787807814457e-16,1.3877787807814457e-16,True
P01,stack,1,stack_s1_60.000,60.0,62.0,arousal,1,face,logreg,0.3049511294199962,0,0.3049511294199963,0,1.1102230246251565e-16,1.1102230246251565e-16,True
P01,stack,1,stack_s1_61.000,61.0,63.0,arousal,1,face,logreg,0.4366770552243677,0,0.43667705522436745,0,-2.7755575615628914e-16,2.7755575615628914e-16,True
P01,stack,1,stack_s1_62.000,62.0,64.0,arousal,1,face,logreg,0.319099013367728,0,0.31909901336772745,0,-5.551115123125783e-16,5.551115123125783e-16,True
P01,stack,1,stack_s1_63.000,63.0,65.0,arousal,1,face,logreg,0.4203867477303021,0,0.420386747730301,0,-1.1102230246251565e-15,1.1102230246251565e-15,True
P01,stack,1,stack_s1_64.000,64.0,66.0,arousal,1,face,logreg,0.5763215270087908,1,0.5763215270087906,1,-2.220446049250313e-16,2.220446049250313e-16,True
P01,stack,1,stack_s1_65.000,65.0,67.0,arousal,1,face,logreg,0.620311999835333,1,0.6203119998353328,1,-2.220446049250313e-16,2.220446049250313e-16,True
P01,stack,1,stack_s1_66.000,66.0,68.0,arousal,1,face,logreg,0.5431435727439683,1,0.5431435727439686,1,3.3306690738754696e-16,3.3306690738754696e-16,True
P01,stack,1,stack_s1_67.000,67.0,69.0,arousal,1,face,logreg,0.4307426116365535,0,0.43074261163655203,0,-1.4432899320127035e-15,1.4432899320127035e-15,True
P01,stack,1,stack_s1_68.000,68.0,70.0,arousal,1,face,logreg,0.2000191871147818,0,0.20001918711478223,0,4.163336342344337e-16,4.163336342344337e-16,True
P01,sisyphus,1,sisyphus_s1_22.000,22.0,24.0,arousal,1,face,logreg,0.2204884793077028,0,0.22048847930770213,0,-6.661338147750939e-16,6.661338147750939e-16,True
P01,sisyphus,1,sisyphus_s1_23.000,23.0,25.0,arousal,1,face,logreg,0.1643314122295993,0,0.16433141222959985,0,5.551115123125783e-16,5.551115123125783e-16,True
P01,sisyphus,1,sisyphus_s1_24.000,24.0,26.0,arousal,1,face,logreg,0.1430766479981549,0,0.1430766479981548,0,-8.326672684688674e-17,8.326672684688674e-17,True
P01,sisyphus,1,sisyphus_s1_25.000,25.0,27.0,arousal,1,face,logreg,0.1671278532339251,0,0.16712785323392548,0,3.885780586188048e-16,3.885780586188048e-16,True
P01,sisyphus,1,sisyphus_s1_26.000,26.0,28.0,arousal,1,face,logreg,0.213541191232445,0,0.21354119123244428,0,-7.216449660063518e-16,7.216449660063518e-16,True
P01,sisyphus,1,sisyphus_s1_27.000,27.0,29.0,arousal,1,face,logreg,0.1582969411368203,0,0.1582969411368211,0,8.049116928532385e-16,8.049116928532385e-16,True
P01,sisyphus,1,sisyphus_s1_28.000,28.0,30.0,arousal,1,face,logreg,0.0970032055806151,0,0.09700320558061504,0,-6.938893903907228e-17,6.938893903907228e-17,True
P01,sisyphus,1,sisyphus_s1_29.000,29.0,31.0,arousal,1,face,logreg,0.0949676306203702,0,0.09496763062037039,0,1.942890293094024e-16,1.942890293094024e-16,True
P01,sisyphus,1,sisyphus_s1_30.000,30.0,32.0,arousal,1,face,logreg,0.1194358172077256,0,0.1194358172077259,0,3.0531133177191805e-16,3.0531133177191805e-16,True
P01,sisyphus,1,sisyphus_s1_31.000,31.0,33.0,arousal,1,face,logreg,0.123937579261386,0,0.12393757926138554,0,-4.579669976578771e-16,4.579669976578771e-16,True
P01,sisyphus,1,sisyphus_s1_32.000,32.0,34.0,arousal,1,face,logreg,0.0291620953567581,0,0.029162095356758247,0,1.457167719820518e-16,1.457167719820518e-16,True
P01,sisyphus,1,sisyphus_s1_33.000,33.0,35.0,arousal,1,face,logreg,0.0025302995839961,0,0.002530299583996127,0,2.688821387764051e-17,2.688821387764051e-17,True
P01,sisyphus,1,sisyphus_s1_34.000,34.0,36.0,arousal,1,face,logreg,0.0172374870502455,0,0.017237487050245536,0,3.469446951953614e-17,3.469446951953614e-17,True
P01,sisyphus,1,sisyphus_s1_35.000,35.0,37.0,arousal,1,face,logreg,0.1770717934200811,0,0.1770717934200813,0,2.220446049250313e-16,2.220446049250313e-16,True
P01,sisyphus,1,sisyphus_s1_36.000,36.0,38.0,arousal,1,face,logreg,0.4390990644207311,0,0.43909906442072955,0,-1.5543122344752192e-15,1.5543122344752192e-15,True
P01,sisyphus,1,sisyphus_s1_37.000,37.0,39.0,arousal,1,face,logreg,0.7925896474695244,1,0.7925896474695248,1,3.3306690738754696e-16,3.3306690738754696e-16,True
P01,sisyphus,1,sisyphus_s1_38.000,38.0,40.0,arousal,1,face,logreg,0.7938770990799244,1,0.7938770990799239,1,-5.551115123125783e-16,5.551115123125783e-16,True
P01,sisyphus,1,sisyphus_s1_39.000,39.0,41.0,arousal,1,face,logreg,0.5587671982543985,1,0.5587671982543981,1,-3.3306690738754696e-16,3.3306690738754696e-16,True
P01,sisyphus,1,sisyphus_s1_40.000,40.0,42.0,arousal,1,face,logreg,0.4235390435542067,0,0.4235390435542056,0,-1.1102230246251565e-15,1.1102230246251565e-15,True
P01,sisyphus,1,sisyphus_s1_41.000,41.0,43.0,arousal,1,face,logreg,0.3427958766388299,0,0.3427958766388302,0,3.3306690738754696e-16,3.3306690738754696e-16,True
P01,sisyphus,1,sisyphus_s1_42.000,42.0,44.0,arousal,1,face,logreg,0.2775640409851523,0,0.27756404098515286,0,5.551115123125783e-16,5.551115123125783e-16,True
P01,sisyphus,1,sisyphus_s1_43.000,43.0,45.0,arousal,1,face,logreg,0.1942405697042165,0,0.19424056970421708,0,5.828670879282072e-16,5.828670879282072e-16,True
P01,sisyphus,1,sisyphus_s1_44.000,44.0,46.0,arousal,1,face,logreg,0.2704129906804949,0,0.2704129906804941,0,-7.771561172376096e-16,7.771561172376096e-16,True
P01,sisyphus,1,sisyphus_s1_45.000,45.0,47.0,arousal,1,face,logreg,0.3240297427222798,0,0.32402974272228036,0,5.551115123125783e-16,5.551115123125783e-16,True
P01,sisyphus,1,sisyphus_s1_46.000,46.0,48.0,arousal,1,face,logreg,0.2628023119601013,0,0.262802311960101,0,-2.7755575615628914e-16,2.7755575615628914e-16,True
P01,sisyphus,1,sisyphus_s1_47.000,47.0,49.0,arousal,1,face,logreg,0.2078162254668361,0,0.20781622546683642,0,3.3306690738754696e-16,3.3306690738754696e-16,True
P01,sisyphus,1,sisyphus_s1_48.000,48.0,50.0,arousal,1,face,logreg,0.3365244396623302,0,0.33652443966233075,0,5.551115123125783e-16,5.551115123125783e-16,True
P01,sisyphus,1,sisyphus_s1_49.000,49.0,51.0,arousal,1,face,logreg,0.6126592497314749,1,0.6126592497314756,1,6.661338147750939e-16,6.661338147750939e-16,True
P01,sisyphus,1,sisyphus_s1_50.000,50.0,52.0,arousal,1,face,logreg,0.553806272628246,1,0.5538062726282456,1,-4.440892098500626e-16,4.440892098500626e-16,True
P01,sisyphus,1,sisyphus_s1_51.000,51.0,53.0,arousal,1,face,logreg,0.2978177668960328,0,0.2978177668960334,0,6.106226635438361e-16,6.106226635438361e-16,True
P01,sisyphus,1,sisyphus_s1_52.000,52.0,54.0,arousal,1,face,logreg,0.3012988876301713,0,0.30129888763017215,0,8.326672684688674e-16,8.326672684688674e-16,True
P01,shape_sorter_interaction,1,shape_sorter_interaction_s1_25.000,25.0,27.0,arousal,1,face,logreg,0.1551343686400717,0,0.15513436864007138,0,-3.3306690738754696e-16,3.3306690738754696e-16,True
P01,shape_sorter_interaction,1,shape_sorter_interaction_s1_26.000,26.0,28.0,arousal,1,face,logreg,0.1486177703606632,0,0.1486177703606629,0,-3.0531133177191805e-16,3.0531133177191805e-16,True
P01,shape_sorter_interaction,1,shape_sorter_interaction_s1_27.000,27.0,29.0,arousal,1,face,logreg,0.076720212833044,0,0.07672021283304438,0,3.7470027081099033e-16,3.7470027081099033e-16,True
P01,shape_sorter_interaction,1,shape_sorter_interaction_s1_28.000,28.0,30.0,arousal,1,face,logreg,0.0867783662242027,0,0.08677836622420312,0,4.3021142204224816e-16,4.3021142204224816e-16,True
P01,shape_sorter_interaction,1,shape_sorter_interaction_s1_29.000,29.0,31.0,arousal,1,face,logreg,0.0715035115747434,0,0.07150351157474337,0,-2.7755575615628914e-17,2.7755575615628914e-17,True
P01,shape_sorter_interaction,1,shape_sorter_interaction_s1_30.000,30.0,32.0,arousal,1,face,logreg,0.0683613842178239,0,0.06836138421782431,0,4.163336342344337e-16,4.163336342344337e-16,True
P01,shape_sorter_interaction,1,shape_sorter_interaction_s1_31.000,31.0,33.0,arousal,1,face,logreg,0.1112810510851433,0,0.11128105108514381,0,5.134781488891349e-16,5.134781488891349e-16,True
P01,shape_sorter_interaction,1,shape_sorter_interaction_s1_32.000,32.0,34.0,arousal,1,face,logreg,0.1048883288147097,0,0.10488832881470939,0,-3.191891195797325e-16,3.191891195797325e-16,True
P01,shape_sorter_interaction,1,shape_sorter_interaction_s1_33.000,33.0,35.0,arousal,1,face,logreg,0.112901283882656,0,0.11290128388265604,0,4.163336342344337e-17,4.163336342344337e-17,True
P01,shape_sorter_interaction,1,shape_sorter_interaction_s1_34.000,34.0,36.0,arousal,1,face,logreg,0.0999195763138994,0,0.09991957631389936,0,-4.163336342344337e-17,4.163336342344337e-17,True
P01,shape_sorter_interaction,1,shape_sorter_interaction_s1_35.000,35.0,37.0,arousal,1,face,logreg,0.0890537576824449,0,0.08970819772707506,0,0.0006544400446301529,0.0006544400446301529,True
P01,shape_sorter_interaction,1,shape_sorter_interaction_s1_36.000,36.0,38.0,arousal,1,face,logreg,0.0601561897880834,0,0.06119000638025476,0,0.0010338165921713605,0.0010338165921713605,True
P01,shape_sorter_interaction,1,shape_sorter_interaction_s1_37.000,37.0,39.0,arousal,1,face,logreg,0.0529515193273985,0,0.052104201570400445,0,-0.0008473177569980547,0.0008473177569980547,True
P01,shape_sorter_interaction,1,shape_sorter_interaction_s1_38.000,38.0,40.0,arousal,1,face,logreg,0.0987597244934551,0,0.09765968464563554,0,-0.0011000398478195617,0.0011000398478195617,True
P01,shape_sorter_interaction,1,shape_sorter_interaction_s1_39.000,39.0,41.0,arousal,1,face,logreg,0.0993541533981683,0,0.09953283937047702,0,0.00017868597230871752,0.00017868597230871752,True
P01,shape_sorter_interaction,1,shape_sorter_interaction_s1_40.000,40.0,42.0,arousal,1,face,logreg,0.0892333920849524,0,0.08870544172822893,0,-0.0005279503567234695,0.0005279503567234695,True
P01,shape_sorter_interaction,1,shape_sorter_interaction_s1_41.000,41.0,43.0,arousal,1,face,logreg,0.097593471544234,0,0.0993946758104491,0,0.0018012042662150923,0.0018012042662150923,True
P01,shape_sorter_interaction,1,shape_sorter_interaction_s1_42.000,42.0,44.0,arousal,1,face,logreg,0.2310771886614903,0,0.22526859203067734,0,-0.005808596630812957,0.005808596630812957,True
P01,shape_sorter_interaction,1,shape_sorter_interaction_s1_43.000,43.0,45.0,arousal,1,face,logreg,0.3954774271644457,0,0.3915086180713313,0,-0.003968809093114423,0.003968809093114423,True
P01,shape_sorter_interaction,1,shape_sorter_interaction_s1_44.000,44.0,46.0,arousal,1,face,logreg,0.2276034128682701,0,0.2317329897662267,0,0.004129576897956594,0.004129576897956594,True
P01,shape_sorter_interaction,1,shape_sorter_interaction_s1_45.000,45.0,47.0,arousal,1,face,logreg,0.1562937950073653,0,0.1585814258641591,0,0.0022876308567938153,0.0022876308567938153,True
P01,shape_sorter_interaction,1,shape_sorter_interaction_s1_46.000,46.0,48.0,arousal,1,face,logreg,0.147127556789166,0,0.14459323697258886,0,-0.0025343198165771463,0.0025343198165771463,True
P01,shape_sorter_interaction,1,shape_sorter_interaction_s1_47.000,47.0,49.0,arousal,1,face,logreg,0.1849166441480029,0,0.178634854647947,0,-0.006281789500055895,0.006281789500055895,True
P01,shape_sorter_interaction,1,shape_sorter_interaction_s1_48.000,48.0,50.0,arousal,1,face,logreg,0.1626008933860752,0,0.16514589136797725,0,0.002544997981902053,0.002544997981902053,True
P01,shape_sorter_interaction,1,shape_sorter_interaction_s1_49.000,49.0,51.0,arousal,1,face,logreg,0.1458427076694745,0,0.1430626982059229,0,-0.002780009463551586,0.002780009463551586,True
P01,shape_sorter_interaction,1,shape_sorter_interaction_s1_50.000,50.0,52.0,arousal,1,face,logreg,0.1879375080332716,0,0.18723536425090925,0,-0.0007021437823623577,0.0007021437823623577,True
P01,shape_sorter_interaction,1,shape_sorter_interaction_s1_51.000,51.0,53.0,arousal,1,face,logreg,0.1311388907652172,0,0.13071391235953828,0,-0.0004249784056789274,0.0004249784056789274,True
P01,shape_sorter_interaction,1,shape_sorter_interaction_s1_52.000,52.0,54.0,arousal,1,face,logreg,0.1572130720383901,0,0.15546480419373765,0,-0.0017482678446524569,0.0017482678446524569,True
P01,shape_sorter_interaction,1,shape_sorter_interaction_s1_53.000,53.0,55.0,arousal,1,face,logreg,0.1753433580506181,0,0.17456412104566307,0,-0.0007792370049550246,0.0007792370049550246,True
P01,shape_sorter_interaction,1,shape_sorter_interaction_s1_54.000,54.0,56.0,arousal,1,face,logreg,0.1293621017423469,0,0.13193690156224486,0,0.002574799819897944,0.002574799819897944,True
P01,shape_sorter_interaction,1,shape_sorter_interaction_s1_55.000,55.0,57.0,arousal,1,face,logreg,0.0798982696330426,0,0.08115558592615744,0,0.0012573162931148463,0.0012573162931148463,True
P01,shape_sorter_interaction,1,shape_sorter_interaction_s1_56.000,56.0,58.0,arousal,1,face,logreg,0.077049865381139,0,0.07565062586974709,0,-0.0013992395113919115,0.0013992395113919115,True
P01,shape_sorter_interaction,1,shape_sorter_interaction_s1_57.000,57.0,59.0,arousal,1,face,logreg,0.0798390313754565,0,0.07982343440422698,0,-1.5596971229520085e-05,1.5596971229520085e-05,True
P01,shape_sorter_interaction,1,shape_sorter_interaction_s1_58.000,58.0,60.0,arousal,1,face,logreg,0.0725386714679554,0,0.07009646558060867,0,-0.0024422058873467267,0.0024422058873467267,True
P01,shape_sorter_interaction,1,shape_sorter_interaction_s1_59.000,59.0,61.0,arousal,1,face,logreg,0.2009172306585822,0,0.1970897852003657,0,-0.0038274454582164774,0.0038274454582164774,True
P01,shape_sorter_interaction,1,shape_sorter_interaction_s1_60.000,60.0,62.0,arousal,1,face,logreg,0.4228730992859682,0,0.42067167153406515,0,-0.0022014277519030734,0.0022014277519030734,True
P01,shape_sorter_interaction,1,shape_sorter_interaction_s1_61.000,61.0,63.0,arousal,1,face,logreg,0.4874992999790324,0,0.4767920163384564,0,-0.010707283640575993,0.010707283640575993,True
P01,shape_sorter_interaction,1,shape_sorter_interaction_s1_62.000,62.0,64.0,arousal,1,face,logreg,0.255228898451807,0,0.2592501133911521,0,0.004021214939345097,0.004021214939345097,True
P01,shape_sorter_interaction,1,shape_sorter_interaction_s1_63.000,63.0,65.0,arousal,1,face,logreg,0.1376304315160088,0,0.1471166179018714,0,0.0094861863858626,0.0094861863858626,True
P01,shape_sorter_interaction,1,shape_sorter_interaction_s1_64.000,64.0,66.0,arousal,1,face,logreg,0.1689987008289006,0,0.16516600681477805,0,-0.003832694014122534,0.003832694014122534,True
P01,shape_sorter_interaction,1,shape_sorter_interaction_s1_65.000,65.0,67.0,arousal,1,face,logreg,0.1159757145814777,0,0.11556417214883344,0,-0.0004115424326442685,0.0004115424326442685,True
P01,shape_sorter_interaction,1,shape_sorter_interaction_s1_66.000,66.0,68.0,arousal,1,face,logreg,0.108721271415775,0,0.10764368629297305,0,-0.001077585122801955,0.001077585122801955,True
P01,shape_sorter_interaction,1,shape_sorter_interaction_s1_67.000,67.0,69.0,arousal,1,face,logreg,0.1607762509657352,0,0.16041814192117326,0,-0.0003581090445619328,0.0003581090445619328,True
P01,shape_sorter_interaction,1,shape_sorter_interaction_s1_68.000,68.0,70.0,arousal,1,face,logreg,0.1772901183559183,0,0.17761140324688293,0,0.0003212848909646404,0.0003212848909646404,True
P01,shape_sorter_interaction,1,shape_sorter_interaction_s1_69.000,69.0,71.0,arousal,1,face,logreg,0.1525586225298448,0,0.15210714153069416,0,-0.0004514809991506552,0.0004514809991506552,True
P01,shape_sorter_interaction,1,shape_sorter_interaction_s1_70.000,70.0,72.0,arousal,1,face,logreg,0.1418289472846774,0,0.14832149839654477,0,0.006492551111867362,0.006492551111867362,True
P01,shape_sorter_interaction,1,shape_sorter_interaction_s1_71.000,71.0,73.0,arousal,1,face,logreg,0.1249933049905906,0,0.12388377612358462,0,-0.0011095288670059794,0.0011095288670059794,True
P01,shape_sorter_interaction,1,shape_sorter_interaction_s1_72.000,72.0,74.0,arousal,1,face,logreg,0.0819537877957097,0,0.08221156939074103,0,0.00025778159503132836,0.00025778159503132836,True
P01,shape_sorter_interaction,1,shape_sorter_interaction_s1_73.000,73.0,75.0,arousal,1,face,logreg,0.0679062885003865,0,0.06772664303432196,0,-0.00017964546606454024,0.00017964546606454024,True
P01,shape_sorter_interaction,1,shape_sorter_interaction_s1_74.000,74.0,76.0,arousal,1,face,logreg,0.0684236786817443,0,0.06770241581092354,0,-0.000721262870820763,0.000721262870820763,True
P01,shape_sorter_interaction,1,shape_sorter_interaction_s1_75.000,75.0,77.0,arousal,1,face,logreg,0.0751647534939643,0,0.0758476024192171,0,0.0006828489252528047,0.0006828489252528047,True
P01,shape_sorter_interaction,1,shape_sorter_interaction_s1_76.000,76.0,78.0,arousal,1,face,logreg,0.0933400659207997,0,0.08929784579989414,0,-0.0040422201209055625,0.0040422201209055625,True
P01,shape_sorter_interaction,1,shape_sorter_interaction_s1_77.000,77.0,79.0,arousal,1,face,logreg,0.2164336887110524,0,0.21235759523520067,0,-0.004076093475851722,0.004076093475851722,True
P01,shape_sorter_interaction,1,shape_sorter_interaction_s1_78.000,78.0,80.0,arousal,1,face,logreg,0.4248180242391427,0,0.40338373118631526,0,-0.021434293052827458,0.021434293052827458,True
P01,shape_sorter_interaction,1,shape_sorter_interaction_s1_79.000,79.0,81.0,arousal,1,face,logreg,0.7368432527927627,1,0.7383676494024041,1,0.0015243966096413208,0.0015243966096413208,True
P01,shape_sorter_interaction,1,shape_sorter_interaction_s1_80.000,80.0,82.0,arousal,1,face,logreg,0.4789589123744037,0,0.48469997959705313,0,0.005741067222649443,0.005741067222649443,True
P01,shape_sorter_interaction,1,shape_sorter_interaction_s1_81.000,81.0,83.0,arousal,1,face,logreg,0.6328180399505065,1,0.6213563786612263,1,-0.011461661289280167,0.011461661289280167,True
P01,shape_sorter_interaction,1,shape_sorter_interaction_s1_82.000,82.0,84.0,arousal,1,face,logreg,0.5971824560083474,1,0.5969994515165206,1,-0.00018300449182684364,0.00018300449182684364,True
P01,pick_place,1,pick_place_s1_24.000,24.0,26.0,arousal,2,multimodal,gnb,0.1325345066909758,0,1.7252052324809812e-05,0,-0.132517254638651,0.132517254638651,True
P01,pick_place,1,pick_place_s1_25.000,25.0,27.0,arousal,2,multimodal,gnb,0.0330136018539161,0,0.0042628757170648495,0,-0.02875072613685125,0.02875072613685125,True
P01,pick_place,1,pick_place_s1_26.000,26.0,28.0,arousal,2,multimodal,gnb,0.078461141504447,0,0.03201369933832234,0,-0.046447442166124654,0.046447442166124654,True
P01,pick_place,1,pick_place_s1_27.000,27.0,29.0,arousal,2,multimodal,gnb,0.01224038360471,0,0.015092402411755811,0,0.0028520188070458117,0.0028520188070458117,True
P01,pick_place,1,pick_place_s1_28.000,28.0,30.0,arousal,2,multimodal,gnb,0.1270734060936413,0,0.0448789730047903,0,-0.082194433088851,0.082194433088851,True
P01,pick_place,1,pick_place_s1_29.000,29.0,31.0,arousal,2,multimodal,gnb,0.1562077502256599,0,0.3577966016778056,0,0.20158885145214567,0.20158885145214567,True
P01,pick_place,1,pick_place_s1_30.000,30.0,32.0,arousal,2,multimodal,gnb,0.2784654629394887,0,0.11542638639915165,0,-0.16303907654033706,0.16303907654033706,True
P01,pick_place,1,pick_place_s1_31.000,31.0,33.0,arousal,2,multimodal,gnb,0.7343817489874858,1,0.4260558478510367,0,-0.3083259011364491,0.3083259011364491,False
P01,pick_place,1,pick_place_s1_32.000,32.0,34.0,arousal,2,multimodal,gnb,9.571370923825268e-05,0,3.3577967775182516e-05,0,-6.213574146307017e-05,6.213574146307017e-05,True
P01,pick_place,1,pick_place_s1_33.000,33.0,35.0,arousal,2,multimodal,gnb,0.0003101657030884,0,2.1372634221091495e-05,0,-0.00028879306886730853,0.00028879306886730853,True
P01,pick_place,1,pick_place_s1_34.000,34.0,36.0,arousal,2,multimodal,gnb,1.1093463548505968e-07,0,1.0786489410072797e-08,0,-1.0014814607498689e-07,1.0014814607498689e-07,True
P01,pick_place,1,pick_place_s1_35.000,35.0,37.0,arousal,2,multimodal,gnb,7.99377193643867e-06,0,6.479905220514038e-06,0,-1.513866715924631e-06,1.513866715924631e-06,True
P01,pick_place,1,pick_place_s1_36.000,36.0,38.0,arousal,2,multimodal,gnb,0.7502883847191897,1,0.5819087173877664,1,-0.1683796673314233,0.1683796673314233,True
P01,pick_place,1,pick_place_s1_37.000,37.0,39.0,arousal,2,multimodal,gnb,0.6452554244804534,1,0.44719141765113846,0,-0.1980640068293149,0.1980640068293149,False
P01,pick_place,1,pick_place_s1_38.000,38.0,40.0,arousal,2,multimodal,gnb,0.1754729354435193,0,0.06505543492660068,0,-0.11041750051691862,0.11041750051691862,True
P01,pick_place,1,pick_place_s1_39.000,39.0,41.0,arousal,2,multimodal,gnb,0.5790459822840666,1,0.2009870937246698,0,-0.37805888855939673,0.37805888855939673,False
P01,pick_place,1,pick_place_s1_40.000,40.0,42.0,arousal,2,multimodal,gnb,0.0001873043153901,0,2.1496802577877396e-05,0,-0.0001658075128122226,0.0001658075128122226,True
P01,pick_place,1,pick_place_s1_41.000,41.0,43.0,arousal,2,multimodal,gnb,0.0004322088003446,0,0.0001046163424418398,0,-0.00032759245790276023,0.00032759245790276023,True
P01,pick_place,1,pick_place_s1_42.000,42.0,44.0,arousal,2,multimodal,gnb,0.8604768713185654,1,0.7956384210258702,1,-0.0648384502926952,0.0648384502926952,True
P01,shape_sorter_observation,1,shape_sorter_observation_s1_25.000,25.0,27.0,arousal,2,multimodal,gnb,1.6162846445024375e-10,0,1.5613482915430126e-11,0,-1.4601498153481362e-10,1.4601498153481362e-10,True
P01,shape_sorter_observation,1,shape_sorter_observation_s1_26.000,26.0,28.0,arousal,2,multimodal,gnb,6.303790523188177e-20,0,1.5177924494422745e-20,0,-4.785998073745902e-20,4.785998073745902e-20,True
P01,shape_sorter_observation,1,shape_sorter_observation_s1_27.000,27.0,29.0,arousal,2,multimodal,gnb,0.0008839136545135,0,0.0006377149470862924,0,-0.0002461987074272076,0.0002461987074272076,True
P01,shape_sorter_observation,1,shape_sorter_observation_s1_28.000,28.0,30.0,arousal,2,multimodal,gnb,0.0021993300835,0,0.0030338079628628267,0,0.0008344778793628266,0.0008344778793628266,True
P01,shape_sorter_observation,1,shape_sorter_observation_s1_29.000,29.0,31.0,arousal,2,multimodal,gnb,0.0031654603427669,0,0.0036213360609382455,0,0.0004558757181713454,0.0004558757181713454,True
P01,shape_sorter_observation,1,shape_sorter_observation_s1_30.000,30.0,32.0,arousal,2,multimodal,gnb,1.877171114975329e-12,0,1.0067715748734721e-11,0,8.190544633759392e-12,8.190544633759392e-12,True
P01,shape_sorter_observation,1,shape_sorter_observation_s1_31.000,31.0,33.0,arousal,2,multimodal,gnb,8.248893533669864e-10,0,1.4657790476905487e-10,0,-6.783114485979315e-10,6.783114485979315e-10,True
P01,shape_sorter_observation,1,shape_sorter_observation_s1_32.000,32.0,34.0,arousal,2,multimodal,gnb,6.971694783844396e-06,0,1.3010167992193519e-06,0,-5.670677984625044e-06,5.670677984625044e-06,True
P01,shape_sorter_observation,1,shape_sorter_observation_s1_33.000,33.0,35.0,arousal,2,multimodal,gnb,0.4767823038091068,0,0.39655217462187503,0,-0.08023012918723177,0.08023012918723177,True
P01,shape_sorter_observation,1,shape_sorter_observation_s1_34.000,34.0,36.0,arousal,2,multimodal,gnb,0.0147500134075932,0,0.0001472625903006791,0,-0.014602750817292521,0.014602750817292521,True
P01,shape_sorter_observation,1,shape_sorter_observation_s1_35.000,35.0,37.0,arousal,2,multimodal,gnb,0.0776526006433582,0,0.02490845939233972,0,-0.05274414125101848,0.05274414125101848,True
P01,shape_sorter_observation,1,shape_sorter_observation_s1_36.000,36.0,38.0,arousal,2,multimodal,gnb,0.1390628645951753,0,0.09960455493817515,0,-0.03945830965700016,0.03945830965700016,True
P01,shape_sorter_observation,1,shape_sorter_observation_s1_37.000,37.0,39.0,arousal,2,multimodal,gnb,0.0007889881916621,0,0.000474802740660977,0,-0.00031418545100112303,0.00031418545100112303,True
P01,shape_sorter_observation,1,shape_sorter_observation_s1_38.000,38.0,40.0,arousal,2,multimodal,gnb,0.0036529207821666,0,0.001184289330768312,0,-0.0024686314513982883,0.0024686314513982883,True
P01,shape_sorter_observation,1,shape_sorter_observation_s1_39.000,39.0,41.0,arousal,2,multimodal,gnb,3.2253843272484547e-05,0,0.00010135098601668162,0,6.909714274419707e-05,6.909714274419707e-05,True
P01,shape_sorter_observation,1,shape_sorter_observation_s1_40.000,40.0,42.0,arousal,2,multimodal,gnb,2.0239610983254595e-10,0,7.050285273122855e-11,0,-1.318932571013174e-10,1.318932571013174e-10,True
P01,shape_sorter_observation,1,shape_sorter_observation_s1_41.000,41.0,43.0,arousal,2,multimodal,gnb,3.526006091853724e-06,0,1.819426281159635e-06,0,-1.706579810694089e-06,1.706579810694089e-06,True
P01,shape_sorter_observation,1,shape_sorter_observation_s1_42.000,42.0,44.0,arousal,2,multimodal,gnb,0.0802878842063311,0,0.049966114156773454,0,-0.03032177004955764,0.03032177004955764,True
P01,shape_sorter_observation,1,shape_sorter_observation_s1_43.000,43.0,45.0,arousal,2,multimodal,gnb,0.43722666335223,0,0.26133354424537625,0,-0.17589311910685373,0.17589311910685373,True
P01,shape_sorter_observation,1,shape_sorter_observation_s1_44.000,44.0,46.0,arousal,2,multimodal,gnb,0.3306043229686342,0,0.2718534668697927,0,-0.05875085609884145,0.05875085609884145,True
P01,shape_sorter_observation,1,shape_sorter_observation_s1_45.000,45.0,47.0,arousal,2,multimodal,gnb,0.0397288915915824,0,0.016373633782684083,0,-0.02335525780889832,0.02335525780889832,True
P01,shape_sorter_observation,1,shape_sorter_observation_s1_46.000,46.0,48.0,arousal,2,multimodal,gnb,0.0598273542901373,0,0.048521703572364246,0,-0.011305650717773057,0.011305650717773057,True
P01,shape_sorter_observation,1,shape_sorter_observation_s1_47.000,47.0,49.0,arousal,2,multimodal,gnb,0.8739004695330085,1,0.7309523081718705,1,-0.14294816136113797,0.14294816136113797,True
P01,shape_sorter_observation,1,shape_sorter_observation_s1_48.000,48.0,50.0,arousal,2,multimodal,gnb,0.7506460844241413,1,0.8133965821691476,1,0.0627504977450063,0.0627504977450063,True
P01,shape_sorter_observation,1,shape_sorter_observation_s1_49.000,49.0,51.0,arousal,2,multimodal,gnb,0.6125614184403793,1,0.4813610185427513,0,-0.13120039989762794,0.13120039989762794,False
P01,shape_sorter_observation,1,shape_sorter_observation_s1_50.000,50.0,52.0,arousal,2,multimodal,gnb,0.3801228102351796,0,0.2943651101660745,0,-0.0857577000691051,0.0857577000691051,True
P01,shape_sorter_observation,1,shape_sorter_observation_s1_51.000,51.0,53.0,arousal,2,multimodal,gnb,0.1017495258574827,0,0.027910432585436722,0,-0.07383909327204598,0.07383909327204598,True
P01,shape_sorter_observation,1,shape_sorter_observation_s1_52.000,52.0,54.0,arousal,2,multimodal,gnb,0.0005703578732916,0,0.00043051316408393507,0,-0.00013984470920766495,0.00013984470920766495,True
P01,shape_sorter_observation,1,shape_sorter_observation_s1_53.000,53.0,55.0,arousal,2,multimodal,gnb,0.0001118280336038,0,1.2032722003487097e-05,0,-9.97953116003129e-05,9.97953116003129e-05,True
P01,shape_sorter_observation,1,shape_sorter_observation_s1_54.000,54.0,56.0,arousal,2,multimodal,gnb,2.090313922469803e-05,0,1.351030789493508e-05,0,-7.39283132976295e-06,7.39283132976295e-06,True
P01,shape_sorter_observation,1,shape_sorter_observation_s1_55.000,55.0,57.0,arousal,2,multimodal,gnb,0.000532517362378,0,0.00014771300985941377,0,-0.00038480435251858625,0.00038480435251858625,True
P01,shape_sorter_observation,1,shape_sorter_observation_s1_56.000,56.0,58.0,arousal,2,multimodal,gnb,8.550157162885103e-05,0,1.0557994538831876e-05,0,-7.494357709001915e-05,7.494357709001915e-05,True
P01,shape_sorter_observation,1,shape_sorter_observation_s1_57.000,57.0,59.0,arousal,2,multimodal,gnb,2.4893295301885165e-24,0,9.554317489475185e-27,0,-2.4797752126990412e-24,2.4797752126990412e-24,True
P01,shape_sorter_observation,1,shape_sorter_observation_s1_58.000,58.0,60.0,arousal,2,multimodal,gnb,1.0157871804172243e-20,0,4.939452675223912e-25,0,-1.0157377858904721e-20,1.0157377858904721e-20,True
P01,shape_sorter_observation,1,shape_sorter_observation_s1_59.000,59.0,61.0,arousal,2,multimodal,gnb,2.2980967775096634e-31,0,1.2972851482150008e-40,0,-2.298096776212378e-31,2.298096776212378e-31,True
P01,shape_sorter_observation,1,shape_sorter_observation_s1_60.000,60.0,62.0,arousal,2,multimodal,gnb,5.366136110065918e-15,0,5.186771384329748e-16,0,-4.847458971632943e-15,4.847458971632943e-15,True
P01,shape_sorter_observation,1,shape_sorter_observation_s1_61.000,61.0,63.0,arousal,2,multimodal,gnb,0.312026886730453,0,0.178939011953048,0,-0.13308787477740497,0.13308787477740497,True
P01,shape_sorter_observation,1,shape_sorter_observation_s1_62.000,62.0,64.0,arousal,2,multimodal,gnb,0.0032077508751279,0,0.0028895098628157283,0,-0.0003182410123121716,0.0003182410123121716,True
P01,stack,1,stack_s1_21.000,21.0,23.0,arousal,2,multimodal,gnb,3.682366075250848e-05,0,1.5031333367733994e-06,0,-3.5320527415735076e-05,3.5320527415735076e-05,True
P01,stack,1,stack_s1_22.000,22.0,24.0,arousal,2,multimodal,gnb,1.4295935553924388e-07,0,8.89146633624757e-08,0,-5.404469217676818e-08,5.404469217676818e-08,True
P01,stack,1,stack_s1_23.000,23.0,25.0,arousal,2,multimodal,gnb,3.6438109931531017e-13,0,6.210352295364246e-13,0,2.5665413022111443e-13,2.5665413022111443e-13,True
P01,stack,1,stack_s1_24.000,24.0,26.0,arousal,2,multimodal,gnb,1.704657723562473e-09,0,3.414635659606797e-10,0,-1.3631941576017933e-09,1.3631941576017933e-09,True
P01,stack,1,stack_s1_25.000,25.0,27.0,arousal,2,multimodal,gnb,8.680974541304529e-06,0,2.161268207754828e-05,0,1.2931707536243751e-05,1.2931707536243751e-05,True
P01,stack,1,stack_s1_26.000,26.0,28.0,arousal,2,multimodal,gnb,1.2843746809997584e-157,0,1.6319339333701592e-158,0,-1.1211812876627425e-157,1.1211812876627425e-157,True
P01,stack,1,stack_s1_27.000,27.0,29.0,arousal,2,multimodal,gnb,1.9788173482945408e-176,0,1.1381653249228611e-177,0,-1.8650008158022545e-176,1.8650008158022545e-176,True
P01,stack,1,stack_s1_28.000,28.0,30.0,arousal,2,multimodal,gnb,4.751834164357649e-116,0,5.00469504734464e-116,0,2.5286088298699096e-117,2.5286088298699096e-117,True
P01,stack,1,stack_s1_29.000,29.0,31.0,arousal,2,multimodal,gnb,4.8140498499214057e-48,0,1.680954419664854e-48,0,-3.133095430256551e-48,3.133095430256551e-48,True
P01,stack,1,stack_s1_30.000,30.0,32.0,arousal,2,multimodal,gnb,0.8824441955489329,1,0.7597668902116437,1,-0.12267730533728927,0.12267730533728927,True
P01,stack,1,stack_s1_31.000,31.0,33.0,arousal,2,multimodal,gnb,0.940968018980211,1,0.930541511572054,1,-0.010426507408156982,0.010426507408156982,True
P01,stack,1,stack_s1_32.000,32.0,34.0,arousal,2,multimodal,gnb,0.9572718213816814,1,0.950959986788829,1,-0.00631183459285245,0.00631183459285245,True
P01,stack,1,stack_s1_33.000,33.0,35.0,arousal,2,multimodal,gnb,7.019507516136437e-15,0,6.3409690216518415e-12,0,6.333949514135705e-12,6.333949514135705e-12,True
P01,stack,1,stack_s1_34.000,34.0,36.0,arousal,2,multimodal,gnb,1.096639503731698e-17,0,1.3641717144499419e-17,0,2.6753221071824387e-18,2.6753221071824387e-18,True
P01,stack,1,stack_s1_35.000,35.0,37.0,arousal,2,multimodal,gnb,0.0002652060296583,0,2.534107283887007e-05,0,-0.00023986495681942993,0.00023986495681942993,True
P01,stack,1,stack_s1_36.000,36.0,38.0,arousal,2,multimodal,gnb,1.8021972287337785e-07,0,1.2253560289702097e-08,0,-1.6796616258367575e-07,1.6796616258367575e-07,True
P01,stack,1,stack_s1_37.000,37.0,39.0,arousal,2,multimodal,gnb,0.0032478533324843,0,0.0012681643189809187,0,-0.0019796890135033813,0.0019796890135033813,True
P01,stack,1,stack_s1_38.000,38.0,40.0,arousal,2,multimodal,gnb,0.0256354809847747,0,0.014876856427800471,0,-0.01075862455697423,0.01075862455697423,True
P01,stack,1,stack_s1_39.000,39.0,41.0,arousal,2,multimodal,gnb,0.7284308159984235,1,0.7014984794210226,1,-0.026932336577400906,0.026932336577400906,True
P01,stack,1,stack_s1_40.000,40.0,42.0,arousal,2,multimodal,gnb,0.1769450244349922,0,0.10643575846350378,0,-0.0705092659714884,0.0705092659714884,True
P01,stack,1,stack_s1_41.000,41.0,43.0,arousal,2,multimodal,gnb,0.0071277830181544,0,0.006174337466994871,0,-0.0009534455511595293,0.0009534455511595293,True
P01,stack,1,stack_s1_42.000,42.0,44.0,arousal,2,multimodal,gnb,8.722110024952426e-07,0,6.923670791817755e-07,0,-1.7984392331346703e-07,1.7984392331346703e-07,True
P01,stack,1,stack_s1_43.000,43.0,45.0,arousal,2,multimodal,gnb,0.861099360287003,1,0.8705016494628967,1,0.009402289175893697,0.009402289175893697,True
P01,stack,1,stack_s1_44.000,44.0,46.0,arousal,2,multimodal,gnb,0.9504815566022204,1,0.9676162678144469,1,0.017134711212226428,0.017134711212226428,True
P01,stack,1,stack_s1_45.000,45.0,47.0,arousal,2,multimodal,gnb,0.8184567513235452,1,0.6851621848162506,1,-0.13329456650729465,0.13329456650729465,True
P01,stack,1,stack_s1_46.000,46.0,48.0,arousal,2,multimodal,gnb,0.9986468865945216,1,0.9987832184474937,1,0.0001363318529721269,0.0001363318529721269,True
P01,stack,1,stack_s1_47.000,47.0,49.0,arousal,2,multimodal,gnb,0.0171641085719296,0,0.01304290716738847,0,-0.004121201404541128,0.004121201404541128,True
P01,stack,1,stack_s1_48.000,48.0,50.0,arousal,2,multimodal,gnb,3.0155493764730896e-06,0,2.3197128189247924e-06,0,-6.958365575482973e-07,6.958365575482973e-07,True
P01,stack,1,stack_s1_49.000,49.0,51.0,arousal,2,multimodal,gnb,2.7468909856786635e-05,0,1.1787660702086992e-05,0,-1.5681249154699643e-05,1.5681249154699643e-05,True
P01,stack,1,stack_s1_50.000,50.0,52.0,arousal,2,multimodal,gnb,0.0002582929232183,0,7.135894747366252e-05,0,-0.0001869339757446375,0.0001869339757446375,True
P01,stack,1,stack_s1_51.000,51.0,53.0,arousal,2,multimodal,gnb,0.0022802717256247,0,0.001019950200810051,0,-0.001260321524814649,0.001260321524814649,True
P01,stack,1,stack_s1_52.000,52.0,54.0,arousal,2,multimodal,gnb,2.488138764327544e-05,0,2.4521965355835584e-05,0,-3.5942228743985697e-07,3.5942228743985697e-07,True
P01,stack,1,stack_s1_53.000,53.0,55.0,arousal,2,multimodal,gnb,0.0030435843544874,0,0.0031657266626009886,0,0.00012214230811358846,0.00012214230811358846,True
P01,stack,1,stack_s1_54.000,54.0,56.0,arousal,2,multimodal,gnb,0.8742230045105334,1,0.8773110264501075,1,0.003088021939574137,0.003088021939574137,True
P01,stack,1,stack_s1_55.000,55.0,57.0,arousal,2,multimodal,gnb,0.639871250171869,1,0.7296813062790175,1,0.08981005610714854,0.08981005610714854,True
P01,stack,1,stack_s1_56.000,56.0,58.0,arousal,2,multimodal,gnb,0.0783481751742819,0,0.05871117622414399,0,-0.01963699895013791,0.01963699895013791,True
P01,stack,1,stack_s1_57.000,57.0,59.0,arousal,2,multimodal,gnb,0.999999754502431,1,0.9999999599509416,1,2.054485106484094e-07,2.054485106484094e-07,True
P01,stack,1,stack_s1_58.000,58.0,60.0,arousal,2,multimodal,gnb,0.0354814063103763,0,0.003650786294832625,0,-0.031830620015543674,0.031830620015543674,True
P01,stack,1,stack_s1_59.000,59.0,61.0,arousal,2,multimodal,gnb,0.6652389504219411,1,0.11548839852739844,0,-0.5497505518945427,0.5497505518945427,False
P01,stack,1,stack_s1_60.000,60.0,62.0,arousal,2,multimodal,gnb,0.0028303567793199,0,1.967903216483398e-06,0,-0.0028283888761034166,0.0028283888761034166,True
P01,stack,1,stack_s1_61.000,61.0,63.0,arousal,2,multimodal,gnb,8.57556730762305e-05,0,2.365811007801415e-08,0,-8.573201496615249e-05,8.573201496615249e-05,True
P01,stack,1,stack_s1_62.000,62.0,64.0,arousal,2,multimodal,gnb,0.0741759315440881,0,0.003373193554944207,0,-0.07080273798914388,0.07080273798914388,True
P01,stack,1,stack_s1_63.000,63.0,65.0,arousal,2,multimodal,gnb,0.0785742723291485,0,0.019012532178593004,0,-0.0595617401505555,0.0595617401505555,True
P01,stack,1,stack_s1_64.000,64.0,66.0,arousal,2,multimodal,gnb,1.8726050869117125e-06,0,9.393510880548784e-09,0,-1.8632115760311637e-06,1.8632115760311637e-06,True
P01,stack,1,stack_s1_65.000,65.0,67.0,arousal,2,multimodal,gnb,1.4677369992146009e-18,0,3.7454836049704226e-25,0,-1.4677366246662403e-18,1.4677366246662403e-18,True
P01,stack,1,stack_s1_66.000,66.0,68.0,arousal,2,multimodal,gnb,1.2414569459942436e-18,0,1.4800981769011973e-25,0,-1.241456797984426e-18,1.241456797984426e-18,True
P01,stack,1,stack_s1_67.000,67.0,69.0,arousal,2,multimodal,gnb,1.1025493787096088e-115,0,5.19849562812319e-119,0,-1.1020295291467965e-115,1.1020295291467965e-115,True
P01,stack,1,stack_s1_68.000,68.0,70.0,arousal,2,multimodal,gnb,3.1482222680919406e-47,0,1.0999955309305445e-53,0,-3.1482211680964097e-47,3.1482211680964097e-47,True
P01,sisyphus,1,sisyphus_s1_22.000,22.0,24.0,arousal,2,multimodal,gnb,0.0018259426782028,0,0.0007260851076882392,0,-0.0010998575705145608,0.0010998575705145608,True
P01,sisyphus,1,sisyphus_s1_23.000,23.0,25.0,arousal,2,multimodal,gnb,0.0006605069901649,0,0.0002203888494888281,0,-0.0004401181406760719,0.0004401181406760719,True
P01,sisyphus,1,sisyphus_s1_24.000,24.0,26.0,arousal,2,multimodal,gnb,8.779278146945274e-05,0,4.0405342122347234e-05,0,-4.73874393471055e-05,4.73874393471055e-05,True
P01,sisyphus,1,sisyphus_s1_25.000,25.0,27.0,arousal,2,multimodal,gnb,8.811623619431925e-05,0,6.101029257533822e-05,0,-2.7105943618981034e-05,2.7105943618981034e-05,True
P01,sisyphus,1,sisyphus_s1_26.000,26.0,28.0,arousal,2,multimodal,gnb,2.117402598810428e-05,0,2.220012749786324e-05,0,1.026101509758959e-06,1.026101509758959e-06,True
P01,sisyphus,1,sisyphus_s1_27.000,27.0,29.0,arousal,2,multimodal,gnb,2.172937262869473e-05,0,7.78379901737604e-06,0,-1.3945573611318691e-05,1.3945573611318691e-05,True
P01,sisyphus,1,sisyphus_s1_28.000,28.0,30.0,arousal,2,multimodal,gnb,0.0003703570188591,0,0.00021631201079293715,0,-0.00015404500806616287,0.00015404500806616287,True
P01,sisyphus,1,sisyphus_s1_29.000,29.0,31.0,arousal,2,multimodal,gnb,0.0023895106209016,0,0.0015544545936349032,0,-0.000835056027266697,0.000835056027266697,True
P01,sisyphus,1,sisyphus_s1_30.000,30.0,32.0,arousal,2,multimodal,gnb,5.631847297148312e-05,0,4.65603297694678e-05,0,-9.75814320201532e-06,9.75814320201532e-06,True
P01,sisyphus,1,sisyphus_s1_31.000,31.0,33.0,arousal,2,multimodal,gnb,1.0121927905096746e-11,0,6.200367498892589e-12,0,-3.921560406204156e-12,3.921560406204156e-12,True
P01,sisyphus,1,sisyphus_s1_32.000,32.0,34.0,arousal,2,multimodal,gnb,8.703951924308137e-55,0,2.4615353308697498e-55,0,-6.2424165934383865e-55,6.2424165934383865e-55,True
P01,sisyphus,1,sisyphus_s1_33.000,33.0,35.0,arousal,2,multimodal,gnb,5.1778019535931845e-11,0,1.3717737608648908e-11,0,-3.806028192728294e-11,3.806028192728294e-11,True
P01,sisyphus,1,sisyphus_s1_34.000,34.0,36.0,arousal,2,multimodal,gnb,3.684893606724481e-38,0,1.7977848740669974e-39,0,-3.5051151193177814e-38,3.5051151193177814e-38,True
P01,sisyphus,1,sisyphus_s1_35.000,35.0,37.0,arousal,2,multimodal,gnb,2.0231682551171906e-23,0,7.080299336988709e-27,0,-2.0224602251834918e-23,2.0224602251834918e-23,True
P01,sisyphus,1,sisyphus_s1_36.000,36.0,38.0,arousal,2,multimodal,gnb,6.298048312460026e-80,0,2.4968083413658445e-103,0,-6.298048312460026e-80,6.298048312460026e-80,True
P01,sisyphus,1,sisyphus_s1_37.000,37.0,39.0,arousal,2,multimodal,gnb,6.793174762149171e-157,0,6.114653996369805e-246,0,-6.793174762149171e-157,6.793174762149171e-157,True
P01,sisyphus,1,sisyphus_s1_38.000,38.0,40.0,arousal,2,multimodal,gnb,7.675990837429903e-14,0,5.509384324412824e-20,0,-7.675985328045579e-14,7.675985328045579e-14,True
P01,sisyphus,1,sisyphus_s1_39.000,39.0,41.0,arousal,2,multimodal,gnb,5.515889216721707e-17,0,1.51055578346857e-17,0,-4.005333433253137e-17,4.005333433253137e-17,True
P01,sisyphus,1,sisyphus_s1_40.000,40.0,42.0,arousal,2,multimodal,gnb,0.0158309478057644,0,0.001294114397939502,0,-0.0145368334078249,0.0145368334078249,True
P01,sisyphus,1,sisyphus_s1_41.000,41.0,43.0,arousal,2,multimodal,gnb,1.1620746599283055e-05,0,1.695331351894467e-07,0,-1.145121346409361e-05,1.145121346409361e-05,True
P01,sisyphus,1,sisyphus_s1_42.000,42.0,44.0,arousal,2,multimodal,gnb,0.0007452807561661,0,0.0001144456097997881,0,-0.0006308351463663118,0.0006308351463663118,True
P01,sisyphus,1,sisyphus_s1_43.000,43.0,45.0,arousal,2,multimodal,gnb,8.233298482491477e-52,0,1.7724401504729365e-81,0,-8.233298482491477e-52,8.233298482491477e-52,True
P01,sisyphus,1,sisyphus_s1_44.000,44.0,46.0,arousal,2,multimodal,gnb,2.728135760235469e-81,0,1.418804843758084e-123,0,-2.728135760235469e-81,2.728135760235469e-81,True
P01,sisyphus,1,sisyphus_s1_45.000,45.0,47.0,arousal,2,multimodal,gnb,8.767399417890408e-09,0,4.812092133879865e-13,0,-8.766918208677019e-09,8.766918208677019e-09,True
P01,sisyphus,1,sisyphus_s1_46.000,46.0,48.0,arousal,2,multimodal,gnb,3.0512246476378756e-14,0,9.930306545304171e-23,0,-3.051224637707569e-14,3.051224637707569e-14,True
P01,sisyphus,1,sisyphus_s1_47.000,47.0,49.0,arousal,2,multimodal,gnb,1.2143232551040416e-16,0,1.0513373122823661e-22,0,-1.2143222037667293e-16,1.2143222037667293e-16,True
P01,sisyphus,1,sisyphus_s1_48.000,48.0,50.0,arousal,2,multimodal,gnb,1.4946314508692516e-13,0,3.8079972200527765e-18,0,-1.494593370897051e-13,1.494593370897051e-13,True
P01,sisyphus,1,sisyphus_s1_49.000,49.0,51.0,arousal,2,multimodal,gnb,4.9909421107962335e-21,0,2.3906893480758483e-32,0,-4.9909421107723264e-21,4.9909421107723264e-21,True
P01,sisyphus,1,sisyphus_s1_50.000,50.0,52.0,arousal,2,multimodal,gnb,1.400858651232129e-08,0,6.952176946394514e-13,0,-1.4007891294626652e-08,1.4007891294626652e-08,True
P01,sisyphus,1,sisyphus_s1_51.000,51.0,53.0,arousal,2,multimodal,gnb,0.0001540506761752,0,1.2830362056058928e-06,0,-0.0001527676399695941,0.0001527676399695941,True
P01,sisyphus,1,sisyphus_s1_52.000,52.0,54.0,arousal,2,multimodal,gnb,0.0003416791479771,0,8.97351492694154e-07,0,-0.00034078179648440584,0.00034078179648440584,True
P01,shape_sorter_interaction,1,shape_sorter_interaction_s1_25.000,25.0,27.0,arousal,2,multimodal,gnb,3.599268828359326e-13,0,2.6708361977222906e-13,0,-9.284326306370355e-14,9.284326306370355e-14,True
P01,shape_sorter_interaction,1,shape_sorter_interaction_s1_26.000,26.0,28.0,arousal,2,multimodal,gnb,3.5774376892874178e-12,0,7.078276722986046e-13,0,-2.869610016988813e-12,2.869610016988813e-12,True
P01,shape_sorter_interaction,1,shape_sorter_interaction_s1_27.000,27.0,29.0,arousal,2,multimodal,gnb,3.1670577363266017e-11,0,2.104692282494178e-12,0,-2.956588508077184e-11,2.956588508077184e-11,True
P01,shape_sorter_interaction,1,shape_sorter_interaction_s1_28.000,28.0,30.0,arousal,2,multimodal,gnb,5.30950556673415e-06,0,2.588730518444257e-06,0,-2.720775048289893e-06,2.720775048289893e-06,True
P01,shape_sorter_interaction,1,shape_sorter_interaction_s1_29.000,29.0,31.0,arousal,2,multimodal,gnb,2.7588842042385247e-06,0,5.530076863431293e-06,0,2.7711926591927686e-06,2.7711926591927686e-06,True
P01,shape_sorter_interaction,1,shape_sorter_interaction_s1_30.000,30.0,32.0,arousal,2,multimodal,gnb,0.0001373967358259,0,6.110155782120605e-05,0,-7.629517800469394e-05,7.629517800469394e-05,True
P01,shape_sorter_interaction,1,shape_sorter_interaction_s1_31.000,31.0,33.0,arousal,2,multimodal,gnb,0.0003538456943434,0,0.0001536559630443088,0,-0.0002001897312990912,0.0002001897312990912,True
P01,shape_sorter_interaction,1,shape_sorter_interaction_s1_32.000,32.0,34.0,arousal,2,multimodal,gnb,0.0002475135591595,0,0.00024254441166687144,0,-4.969147492628556e-06,4.969147492628556e-06,True
P01,shape_sorter_interaction,1,shape_sorter_interaction_s1_33.000,33.0,35.0,arousal,2,multimodal,gnb,0.001010211926772,0,0.0009533682201139662,0,-5.6843706658033844e-05,5.6843706658033844e-05,True
P01,shape_sorter_interaction,1,shape_sorter_interaction_s1_34.000,34.0,36.0,arousal,2,multimodal,gnb,6.695942687210962e-06,0,1.495216947378621e-05,0,8.256226786575247e-06,8.256226786575247e-06,True
P01,shape_sorter_interaction,1,shape_sorter_interaction_s1_35.000,35.0,37.0,arousal,2,multimodal,gnb,6.53245702074145e-06,0,9.36220415029049e-06,0,2.8297471295490395e-06,2.8297471295490395e-06,True
P01,shape_sorter_interaction,1,shape_sorter_interaction_s1_36.000,36.0,38.0,arousal,2,multimodal,gnb,0.0003344480008455,0,0.00036740387234699366,0,3.295587150149368e-05,3.295587150149368e-05,True
P01,shape_sorter_interaction,1,shape_sorter_interaction_s1_37.000,37.0,39.0,arousal,2,multimodal,gnb,0.0017664156817175,0,0.001782848270557334,0,1.6432588839833916e-05,1.6432588839833916e-05,True
P01,shape_sorter_interaction,1,shape_sorter_interaction_s1_38.000,38.0,40.0,arousal,2,multimodal,gnb,0.0160369911124319,0,0.010243726593347198,0,-0.005793264519084703,0.005793264519084703,True
P01,shape_sorter_interaction,1,shape_sorter_interaction_s1_39.000,39.0,41.0,arousal,2,multimodal,gnb,0.0271818777169965,0,0.015166934172269537,0,-0.012014943544726963,0.012014943544726963,True
P01,shape_sorter_interaction,1,shape_sorter_interaction_s1_40.000,40.0,42.0,arousal,2,multimodal,gnb,0.0599509776081102,0,0.032136368419597765,0,-0.027814609188512432,0.027814609188512432,True
P01,shape_sorter_interaction,1,shape_sorter_interaction_s1_41.000,41.0,43.0,arousal,2,multimodal,gnb,7.893281613363876e-08,0,1.620162864647599e-07,0,8.308347033112114e-08,8.308347033112114e-08,True
P01,shape_sorter_interaction,1,shape_sorter_interaction_s1_42.000,42.0,44.0,arousal,2,multimodal,gnb,3.826237164301571e-17,0,4.286456154012633e-17,0,4.60218989711062e-18,4.60218989711062e-18,True
P01,shape_sorter_interaction,1,shape_sorter_interaction_s1_43.000,43.0,45.0,arousal,2,multimodal,gnb,3.3660532647168176e-07,0,8.562127510797644e-07,0,5.196074246080826e-07,5.196074246080826e-07,True
P01,shape_sorter_interaction,1,shape_sorter_interaction_s1_44.000,44.0,46.0,arousal,2,multimodal,gnb,6.499720946942148e-13,0,1.288494031464238e-13,0,-5.21122691547791e-13,5.21122691547791e-13,True
P01,shape_sorter_interaction,1,shape_sorter_interaction_s1_45.000,45.0,47.0,arousal,2,multimodal,gnb,1.520097194239729e-06,0,4.7700046196485e-07,0,-1.043096732274879e-06,1.043096732274879e-06,True
P01,shape_sorter_interaction,1,shape_sorter_interaction_s1_46.000,46.0,48.0,arousal,2,multimodal,gnb,9.26496401671312e-07,0,1.516823635815554e-07,0,-7.748140380897566e-07,7.748140380897566e-07,True
P01,shape_sorter_interaction,1,shape_sorter_interaction_s1_47.000,47.0,49.0,arousal,2,multimodal,gnb,4.529828455264002e-06,0,5.358141230013336e-07,0,-3.994014332262668e-06,3.994014332262668e-06,True
P01,shape_sorter_interaction,1,shape_sorter_interaction_s1_48.000,48.0,50.0,arousal,2,multimodal,gnb,5.342514877873131e-05,0,4.9712852761492254e-05,0,-3.712296017239056e-06,3.712296017239056e-06,True
P01,shape_sorter_interaction,1,shape_sorter_interaction_s1_49.000,49.0,51.0,arousal,2,multimodal,gnb,0.0028571037503004,0,0.0025488014654828743,0,-0.0003083022848175258,0.0003083022848175258,True
P01,shape_sorter_interaction,1,shape_sorter_interaction_s1_50.000,50.0,52.0,arousal,2,multimodal,gnb,0.0619249059080118,0,0.04637242905905589,0,-0.015552476848955908,0.015552476848955908,True
P01,shape_sorter_interaction,1,shape_sorter_interaction_s1_51.000,51.0,53.0,arousal,2,multimodal,gnb,1.5063448703126098e-06,0,2.1091381200627885e-06,0,6.027932497501787e-07,6.027932497501787e-07,True
P01,shape_sorter_interaction,1,shape_sorter_interaction_s1_52.000,52.0,54.0,arousal,2,multimodal,gnb,9.742657755515662e-06,0,1.3503318679081568e-06,0,-8.392325887607505e-06,8.392325887607505e-06,True
P01,shape_sorter_interaction,1,shape_sorter_interaction_s1_53.000,53.0,55.0,arousal,2,multimodal,gnb,1.0769203918568473e-05,0,2.4644520330874657e-06,0,-8.304751885481008e-06,8.304751885481008e-06,True
P01,shape_sorter_interaction,1,shape_sorter_interaction_s1_54.000,54.0,56.0,arousal,2,multimodal,gnb,0.0007873404303811,0,0.0002681680090181085,0,-0.0005191724213629914,0.0005191724213629914,True
P01,shape_sorter_interaction,1,shape_sorter_interaction_s1_55.000,55.0,57.0,arousal,2,multimodal,gnb,0.0035653599682737,0,0.0010041210293175009,0,-0.0025612389389561992,0.0025612389389561992,True
P01,shape_sorter_interaction,1,shape_sorter_interaction_s1_56.000,56.0,58.0,arousal,2,multimodal,gnb,0.00463475224457,0,0.0009952551941320566,0,-0.003639497050437944,0.003639497050437944,True
P01,shape_sorter_interaction,1,shape_sorter_interaction_s1_57.000,57.0,59.0,arousal,2,multimodal,gnb,0.5496192027712671,1,0.6721947832408169,1,0.12257558046954986,0.12257558046954986,True
P01,shape_sorter_interaction,1,shape_sorter_interaction_s1_58.000,58.0,60.0,arousal,2,multimodal,gnb,0.0008993231554602,0,0.0006577795975705876,0,-0.00024154355788961242,0.00024154355788961242,True
P01,shape_sorter_interaction,1,shape_sorter_interaction_s1_59.000,59.0,61.0,arousal,2,multimodal,gnb,2.5027272182942286e-17,0,1.7665519387262234e-17,0,-7.361752795680052e-18,7.361752795680052e-18,True
P01,shape_sorter_interaction,1,shape_sorter_interaction_s1_60.000,60.0,62.0,arousal,2,multimodal,gnb,9.232269529110148e-07,0,1.4493770336099688e-05,0,1.3570543383188673e-05,1.3570543383188673e-05,True
P01,shape_sorter_interaction,1,shape_sorter_interaction_s1_61.000,61.0,63.0,arousal,2,multimodal,gnb,2.6964720511318345e-46,0,2.733675645018777e-52,0,-2.6964693174561896e-46,2.6964693174561896e-46,True
P01,shape_sorter_interaction,1,shape_sorter_interaction_s1_62.000,62.0,64.0,arousal,2,multimodal,gnb,2.943950179324154e-16,0,7.131107642275989e-23,0,-2.94394946621339e-16,2.94394946621339e-16,True
P01,shape_sorter_interaction,1,shape_sorter_interaction_s1_63.000,63.0,65.0,arousal,2,multimodal,gnb,2.9737313583304495e-07,0,2.698198226152188e-09,0,-2.9467493760689275e-07,2.9467493760689275e-07,True
P01,shape_sorter_interaction,1,shape_sorter_interaction_s1_64.000,64.0,66.0,arousal,2,multimodal,gnb,0.0072431227899354,0,0.004401050401461051,0,-0.0028420723884743492,0.0028420723884743492,True
P01,shape_sorter_interaction,1,shape_sorter_interaction_s1_65.000,65.0,67.0,arousal,2,multimodal,gnb,7.342805510077914e-05,0,7.087234871939229e-05,0,-2.555706381386847e-06,2.555706381386847e-06,True
P01,shape_sorter_interaction,1,shape_sorter_interaction_s1_66.000,66.0,68.0,arousal,2,multimodal,gnb,0.0029386905404704,0,0.0010007403896475971,0,-0.001937950150822803,0.001937950150822803,True
P01,shape_sorter_interaction,1,shape_sorter_interaction_s1_67.000,67.0,69.0,arousal,2,multimodal,gnb,0.1413088520514523,0,0.07328161560873385,0,-0.06802723644271845,0.06802723644271845,True
P01,shape_sorter_interaction,1,shape_sorter_interaction_s1_68.000,68.0,70.0,arousal,2,multimodal,gnb,0.0074668748885899,0,0.0030144328372565363,0,-0.004452442051333364,0.004452442051333364,True
P01,shape_sorter_interaction,1,shape_sorter_interaction_s1_69.000,69.0,71.0,arousal,2,multimodal,gnb,0.0016103546755149,0,0.0011977338588419527,0,-0.0004126208166729472,0.0004126208166729472,True
P01,shape_sorter_interaction,1,shape_sorter_interaction_s1_70.000,70.0,72.0,arousal,2,multimodal,gnb,0.0001320086872572,0,6.940633219241799e-05,0,-6.2602355064782e-05,6.2602355064782e-05,True
P01,shape_sorter_interaction,1,shape_sorter_interaction_s1_71.000,71.0,73.0,arousal,2,multimodal,gnb,0.0012750335330893,0,0.0005248726728838569,0,-0.000750160860205443,0.000750160860205443,True
P01,shape_sorter_interaction,1,shape_sorter_interaction_s1_72.000,72.0,74.0,arousal,2,multimodal,gnb,0.0002713834225075,0,0.00017442921955474708,0,-9.695420295275292e-05,9.695420295275292e-05,True
P01,shape_sorter_interaction,1,shape_sorter_interaction_s1_73.000,73.0,75.0,arousal,2,multimodal,gnb,0.0004628168615979,0,0.00017091492434402288,0,-0.00029190193725387717,0.00029190193725387717,True
P01,shape_sorter_interaction,1,shape_sorter_interaction_s1_74.000,74.0,76.0,arousal,2,multimodal,gnb,0.0029993817036421,0,0.0009797652277819542,0,-0.0020196164758601457,0.0020196164758601457,True
P01,shape_sorter_interaction,1,shape_sorter_interaction_s1_75.000,75.0,77.0,arousal,2,multimodal,gnb,0.0489032057211737,0,0.04062996254521208,0,-0.00827324317596162,0.00827324317596162,True
P01,shape_sorter_interaction,1,shape_sorter_interaction_s1_76.000,76.0,78.0,arousal,2,multimodal,gnb,7.001521504486672e-11,0,3.8979823473110324e-09,0,3.827967132266166e-09,3.827967132266166e-09,True
P01,shape_sorter_interaction,1,shape_sorter_interaction_s1_77.000,77.0,79.0,arousal,2,multimodal,gnb,5.117353952980705e-19,0,1.127198128273961e-18,0,6.154627329758905e-19,6.154627329758905e-19,True
P01,shape_sorter_interaction,1,shape_sorter_interaction_s1_78.000,78.0,80.0,arousal,2,multimodal,gnb,7.257875976585026e-30,0,3.9390972107021634e-26,0,3.938371423104505e-26,3.938371423104505e-26,True
P01,shape_sorter_interaction,1,shape_sorter_interaction_s1_79.000,79.0,81.0,arousal,2,multimodal,gnb,3.667726328658808e-96,0,7.802479918776954e-107,0,-3.6677263285807835e-96,3.6677263285807835e-96,True
P01,shape_sorter_interaction,1,shape_sorter_interaction_s1_80.000,80.0,82.0,arousal,2,multimodal,gnb,0.066076137278932,0,0.0025548437601196385,0,-0.06352129351881236,0.06352129351881236,True
P01,shape_sorter_interaction,1,shape_sorter_interaction_s1_81.000,81.0,83.0,arousal,2,multimodal,gnb,3.581092857549233e-69,0,2.8123432182079297e-66,0,2.8087621253503804e-66,2.8087621253503804e-66,True
P01,shape_sorter_interaction,1,shape_sorter_interaction_s1_82.000,82.0,84.0,arousal,2,multimodal,gnb,3.925044058387696e-94,0,1.0240146743684788e-93,0,6.315102685297092e-94,6.315102685297092e-94,True
P01,pick_place,1,pick_place_s1_24.000,24.0,26.0,arousal,3,face,svm,0.3004180115677439,0,0.3004180115677439,0,0.0,0.0,True
P01,pick_place,1,pick_place_s1_25.000,25.0,27.0,arousal,3,face,svm,0.3223507067705296,0,0.3223507067705295,0,-1.1102230246251565e-16,1.1102230246251565e-16,True
P01,pick_place,1,pick_place_s1_26.000,26.0,28.0,arousal,3,face,svm,0.306215438453019,0,0.3062154384530177,0,-1.3322676295501878e-15,1.3322676295501878e-15,True
P01,pick_place,1,pick_place_s1_27.000,27.0,29.0,arousal,3,face,svm,0.1877331030069357,0,0.18773310300693555,0,-1.3877787807814457e-16,1.3877787807814457e-16,True
P01,pick_place,1,pick_place_s1_28.000,28.0,30.0,arousal,3,face,svm,0.2846151055356128,0,0.28461510553561276,0,-5.551115123125783e-17,5.551115123125783e-17,True
P01,pick_place,1,pick_place_s1_29.000,29.0,31.0,arousal,3,face,svm,0.3800735379379794,0,0.3800735379379786,0,-7.771561172376096e-16,7.771561172376096e-16,True
P01,pick_place,1,pick_place_s1_30.000,30.0,32.0,arousal,3,face,svm,0.3649944556794909,0,0.36499445567949174,0,8.326672684688674e-16,8.326672684688674e-16,True
P01,pick_place,1,pick_place_s1_31.000,31.0,33.0,arousal,3,face,svm,0.330942709287968,0,0.3309427092879684,0,3.885780586188048e-16,3.885780586188048e-16,True
P01,pick_place,1,pick_place_s1_32.000,32.0,34.0,arousal,3,face,svm,0.1794845686275729,0,0.17948456862757253,0,-3.608224830031759e-16,3.608224830031759e-16,True
P01,pick_place,1,pick_place_s1_33.000,33.0,35.0,arousal,3,face,svm,0.2332204762853096,0,0.233220476285309,0,-5.828670879282072e-16,5.828670879282072e-16,True
P01,pick_place,1,pick_place_s1_34.000,34.0,36.0,arousal,3,face,svm,0.1756548842720809,0,0.1756548842720807,0,-1.942890293094024e-16,1.942890293094024e-16,True
P01,pick_place,1,pick_place_s1_35.000,35.0,37.0,arousal,3,face,svm,0.2722910728088978,0,0.2722910728088969,0,-8.881784197001252e-16,8.881784197001252e-16,True
P01,pick_place,1,pick_place_s1_36.000,36.0,38.0,arousal,3,face,svm,0.6605344996264704,1,0.6605344996264705,1,1.1102230246251565e-16,1.1102230246251565e-16,True
P01,pick_place,1,pick_place_s1_37.000,37.0,39.0,arousal,3,face,svm,0.7765319809313247,1,0.7765319809313246,1,-1.1102230246251565e-16,1.1102230246251565e-16,True
P01,pick_place,1,pick_place_s1_38.000,38.0,40.0,arousal,3,face,svm,0.8366490426859106,1,0.8366490426859104,1,-1.1102230246251565e-16,1.1102230246251565e-16,True
P01,pick_place,1,pick_place_s1_39.000,39.0,41.0,arousal,3,face,svm,0.83924788909104,1,0.83924788909104,1,0.0,0.0,True
P01,pick_place,1,pick_place_s1_40.000,40.0,42.0,arousal,3,face,svm,0.6775098093518149,1,0.6775098093518145,1,-4.440892098500626e-16,4.440892098500626e-16,True
P01,pick_place,1,pick_place_s1_41.000,41.0,43.0,arousal,3,face,svm,0.6278028493841178,1,0.6278028493841161,1,-1.6653345369377348e-15,1.6653345369377348e-15,True
P01,pick_place,1,pick_place_s1_42.000,42.0,44.0,arousal,3,face,svm,0.7893446375366533,1,0.7893446375366525,1,-7.771561172376096e-16,7.771561172376096e-16,True
P01,shape_sorter_observation,1,shape_sorter_observation_s1_25.000,25.0,27.0,arousal,3,face,svm,0.1532387568286768,0,0.14528305056432966,0,-0.007955706264347134,0.007955706264347134,True
P01,shape_sorter_observation,1,shape_sorter_observation_s1_26.000,26.0,28.0,arousal,3,face,svm,0.1302193218744377,0,0.12717932295571263,0,-0.0030399989187250565,0.0030399989187250565,True
P01,shape_sorter_observation,1,shape_sorter_observation_s1_27.000,27.0,29.0,arousal,3,face,svm,0.4181808186102332,0,0.4038538758006993,0,-0.014326942809533894,0.014326942809533894,True
P01,shape_sorter_observation,1,shape_sorter_observation_s1_28.000,28.0,30.0,arousal,3,face,svm,0.4744396204506413,0,0.47222540192952184,0,-0.002214218521119471,0.002214218521119471,True
P01,shape_sorter_observation,1,shape_sorter_observation_s1_29.000,29.0,31.0,arousal,3,face,svm,0.4933600102609513,0,0.49482359100835127,0,0.001463580747399995,0.001463580747399995,True
P01,shape_sorter_observation,1,shape_sorter_observation_s1_30.000,30.0,32.0,arousal,3,face,svm,0.1729214845175274,0,0.18016006519582917,0,0.00723858067830177,0.00723858067830177,True
P01,shape_sorter_observation,1,shape_sorter_observation_s1_31.000,31.0,33.0,arousal,3,face,svm,0.1509532501505325,0,0.14979903677479461,0,-0.0011542133757378725,0.0011542133757378725,True
P01,shape_sorter_observation,1,shape_sorter_observation_s1_32.000,32.0,34.0,arousal,3,face,svm,0.1830872504725899,0,0.18062681965943095,0,-0.0024604308131589425,0.0024604308131589425,True
P01,shape_sorter_observation,1,shape_sorter_observation_s1_33.000,33.0,35.0,arousal,3,face,svm,0.3462304989145167,0,0.34143637248711833,0,-0.004794126427398349,0.004794126427398349,True
P01,shape_sorter_observation,1,shape_sorter_observation_s1_34.000,34.0,36.0,arousal,3,face,svm,0.3839568504336593,0,0.3924985094161588,0,0.008541658982499534,0.008541658982499534,True
P01,shape_sorter_observation,1,shape_sorter_observation_s1_35.000,35.0,37.0,arousal,3,face,svm,0.3098291516449998,0,0.3106232782360941,0,0.0007941265910942907,0.0007941265910942907,True
P01,shape_sorter_observation,1,shape_sorter_observation_s1_36.000,36.0,38.0,arousal,3,face,svm,0.2583262784373754,0,0.2591129341523369,0,0.0007866557149615039,0.0007866557149615039,True
P01,shape_sorter_observation,1,shape_sorter_observation_s1_37.000,37.0,39.0,arousal,3,face,svm,0.2458830853810607,0,0.24588308538105963,0,-1.0824674490095276e-15,1.0824674490095276e-15,True
P01,shape_sorter_observation,1,shape_sorter_observation_s1_38.000,38.0,40.0,arousal,3,face,svm,0.3262718386792442,0,0.32627183867924486,0,6.661338147750939e-16,6.661338147750939e-16,True
P01,shape_sorter_observation,1,shape_sorter_observation_s1_39.000,39.0,41.0,arousal,3,face,svm,0.3914605939009981,0,0.39146059390099863,0,5.551115123125783e-16,5.551115123125783e-16,True
P01,shape_sorter_observation,1,shape_sorter_observation_s1_40.000,40.0,42.0,arousal,3,face,svm,0.2203808694202118,0,0.22038086942021143,0,-3.608224830031759e-16,3.608224830031759e-16,True
P01,shape_sorter_observation,1,shape_sorter_observation_s1_41.000,41.0,43.0,arousal,3,face,svm,0.2150015915291124,0,0.21500159152911166,0,-7.494005416219807e-16,7.494005416219807e-16,True
P01,shape_sorter_observation,1,shape_sorter_observation_s1_42.000,42.0,44.0,arousal,3,face,svm,0.2802042644162051,0,0.2802042644162054,0,2.7755575615628914e-16,2.7755575615628914e-16,True
P01,shape_sorter_observation,1,shape_sorter_observation_s1_43.000,43.0,45.0,arousal,3,face,svm,0.2838484945010147,0,0.2838484945010139,0,-7.771561172376096e-16,7.771561172376096e-16,True
P01,shape_sorter_observation,1,shape_sorter_observation_s1_44.000,44.0,46.0,arousal,3,face,svm,0.3008485148070691,0,0.3008485148070687,0,-3.885780586188048e-16,3.885780586188048e-16,True
P01,shape_sorter_observation,1,shape_sorter_observation_s1_45.000,45.0,47.0,arousal,3,face,svm,0.3024745337333751,0,0.3024745337333742,0,-8.881784197001252e-16,8.881784197001252e-16,True
P01,shape_sorter_observation,1,shape_sorter_observation_s1_46.000,46.0,48.0,arousal,3,face,svm,0.3067121702365806,0,0.3067121702365799,0,-7.216449660063518e-16,7.216449660063518e-16,True
P01,shape_sorter_observation,1,shape_sorter_observation_s1_47.000,47.0,49.0,arousal,3,face,svm,0.4381235696493625,0,0.43812356964936255,0,5.551115123125783e-17,5.551115123125783e-17,True
P01,shape_sorter_observation,1,shape_sorter_observation_s1_48.000,48.0,50.0,arousal,3,face,svm,0.4062981967934203,0,0.406298196793421,0,7.216449660063518e-16,7.216449660063518e-16,True
P01,shape_sorter_observation,1,shape_sorter_observation_s1_49.000,49.0,51.0,arousal,3,face,svm,0.4208802118531575,0,0.4208802118531577,0,2.220446049250313e-16,2.220446049250313e-16,True
P01,shape_sorter_observation,1,shape_sorter_observation_s1_50.000,50.0,52.0,arousal,3,face,svm,0.4034130246929755,0,0.40341302469297463,0,-8.881784197001252e-16,8.881784197001252e-16,True
P01,shape_sorter_observation,1,shape_sorter_observation_s1_51.000,51.0,53.0,arousal,3,face,svm,0.4020333614747287,0,0.40203336147472873,0,5.551115123125783e-17,5.551115123125783e-17,True
P01,shape_sorter_observation,1,shape_sorter_observation_s1_52.000,52.0,54.0,arousal,3,face,svm,0.2669097137898794,0,0.26690971378987943,0,5.551115123125783e-17,5.551115123125783e-17,True
P01,shape_sorter_observation,1,shape_sorter_observation_s1_53.000,53.0,55.0,arousal,3,face,svm,0.2424554520549894,0,0.2424554520549895,0,1.1102230246251565e-16,1.1102230246251565e-16,True
P01,shape_sorter_observation,1,shape_sorter_observation_s1_54.000,54.0,56.0,arousal,3,face,svm,0.2458934198259325,0,0.24589341982593282,0,3.3306690738754696e-16,3.3306690738754696e-16,True
P01,shape_sorter_observation,1,shape_sorter_observation_s1_55.000,55.0,57.0,arousal,3,face,svm,0.2938139741988255,0,0.293813974198825,0,-4.996003610813204e-16,4.996003610813204e-16,True
P01,shape_sorter_observation,1,shape_sorter_observation_s1_56.000,56.0,58.0,arousal,3,face,svm,0.357233103487523,0,0.3572331034875227,0,-3.3306690738754696e-16,3.3306690738754696e-16,True
P01,shape_sorter_observation,1,shape_sorter_observation_s1_57.000,57.0,59.0,arousal,3,face,svm,0.3221719018299663,0,0.3221719018299649,0,-1.3877787807814457e-15,1.3877787807814457e-15,True
P01,shape_sorter_observation,1,shape_sorter_observation_s1_58.000,58.0,60.0,arousal,3,face,svm,0.4369169247303054,0,0.43691692473030563,0,2.220446049250313e-16,2.220446049250313e-16,True
P01,shape_sorter_observation,1,shape_sorter_observation_s1_59.000,59.0,61.0,arousal,3,face,svm,0.6452306265288483,1,0.6452306265288462,1,-2.1094237467877974e-15,2.1094237467877974e-15,True
P01,shape_sorter_observation,1,shape_sorter_observation_s1_60.000,60.0,62.0,arousal,3,face,svm,0.6881789186763604,1,0.6881789186763599,1,-4.440892098500626e-16,4.440892098500626e-16,True
P01,shape_sorter_observation,1,shape_sorter_observation_s1_61.000,61.0,63.0,arousal,3,face,svm,0.8671140060944267,1,0.8671140060944273,1,6.661338147750939e-16,6.661338147750939e-16,True
P01,shape_sorter_observation,1,shape_sorter_observation_s1_62.000,62.0,64.0,arousal,3,face,svm,0.905314049608972,1,0.905314049608972,1,0.0,0.0,True
P01,stack,1,stack_s1_21.000,21.0,23.0,arousal,3,face,svm,0.5182644535545824,0,0.4684262278054901,0,-0.0498382257490923,0.0498382257490923,True
P01,stack,1,stack_s1_22.000,22.0,24.0,arousal,3,face,svm,0.3161831447753573,0,0.3161831447753574,0,1.1102230246251565e-16,1.1102230246251565e-16,True
P01,stack,1,stack_s1_23.000,23.0,25.0,arousal,3,face,svm,0.2118069450748051,0,0.21180694507480446,0,-6.38378239159465e-16,6.38378239159465e-16,True
P01,stack,1,stack_s1_24.000,24.0,26.0,arousal,3,face,svm,0.2730658616505297,0,0.2730658616505299,0,1.6653345369377348e-16,1.6653345369377348e-16,True
P01,stack,1,stack_s1_25.000,25.0,27.0,arousal,3,face,svm,0.3067475267697728,0,0.3067475267697723,0,-4.996003610813204e-16,4.996003610813204e-16,True
P01,stack,1,stack_s1_26.000,26.0,28.0,arousal,3,face,svm,0.1366951066776325,0,0.13669510667763526,0,2.7755575615628914e-15,2.7755575615628914e-15,True
P01,stack,1,stack_s1_27.000,27.0,29.0,arousal,3,face,svm,0.0203849784385664,0,0.020384978438565522,0,-8.777700788442644e-16,8.777700788442644e-16,True
P01,stack,1,stack_s1_28.000,28.0,30.0,arousal,3,face,svm,0.0946808029806703,0,0.0946808029806713,0,9.992007221626409e-16,9.992007221626409e-16,True
P01,stack,1,stack_s1_29.000,29.0,31.0,arousal,3,face,svm,0.2203608569703941,0,0.22036085697039393,0,-1.6653345369377348e-16,1.6653345369377348e-16,True
P01,stack,1,stack_s1_30.000,30.0,32.0,arousal,3,face,svm,0.359347820315631,0,0.3593478203156306,0,-3.885780586188048e-16,3.885780586188048e-16,True
P01,stack,1,stack_s1_31.000,31.0,33.0,arousal,3,face,svm,0.3975959965176178,0,0.397595996517617,0,-7.771561172376096e-16,7.771561172376096e-16,True
P01,stack,1,stack_s1_32.000,32.0,34.0,arousal,3,face,svm,0.3511067712730147,0,0.35110677127301476,0,5.551115123125783e-17,5.551115123125783e-17,True
P01,stack,1,stack_s1_33.000,33.0,35.0,arousal,3,face,svm,0.2216413651034366,0,0.22164136510343652,0,-8.326672684688674e-17,8.326672684688674e-17,True
P01,stack,1,stack_s1_34.000,34.0,36.0,arousal,3,face,svm,0.1515812652129436,0,0.15158126521294285,0,-7.494005416219807e-16,7.494005416219807e-16,True
P01,stack,1,stack_s1_35.000,35.0,37.0,arousal,3,face,svm,0.2235237983799297,0,0.22352379837992872,0,-9.71445146547012e-16,9.71445146547012e-16,True
P01,stack,1,stack_s1_36.000,36.0,38.0,arousal,3,face,svm,0.2102788290506115,0,0.21027882905061163,0,1.3877787807814457e-16,1.3877787807814457e-16,True
P01,stack,1,stack_s1_37.000,37.0,39.0,arousal,3,face,svm,0.4016232773387822,0,0.40162327733878284,0,6.106226635438361e-16,6.106226635438361e-16,True
P01,stack,1,stack_s1_38.000,38.0,40.0,arousal,3,face,svm,0.3759775259885991,0,0.37597752598859874,0,-3.885780586188048e-16,3.885780586188048e-16,True
P01,stack,1,stack_s1_39.000,39.0,41.0,arousal,3,face,svm,0.4322776569157626,0,0.4322776569157621,0,-4.996003610813204e-16,4.996003610813204e-16,True
P01,stack,1,stack_s1_40.000,40.0,42.0,arousal,3,face,svm,0.4591740819304379,0,0.45917408193043796,0,5.551115123125783e-17,5.551115123125783e-17,True
P01,stack,1,stack_s1_41.000,41.0,43.0,arousal,3,face,svm,0.3271676436425228,0,0.3271676436425236,0,7.771561172376096e-16,7.771561172376096e-16,True
P01,stack,1,stack_s1_42.000,42.0,44.0,arousal,3,face,svm,0.180283474023278,0,0.1802834740232788,0,8.049116928532385e-16,8.049116928532385e-16,True
P01,stack,1,stack_s1_43.000,43.0,45.0,arousal,3,face,svm,0.4242015045881229,0,0.4242015045881216,0,-1.27675647831893e-15,1.27675647831893e-15,True
P01,stack,1,stack_s1_44.000,44.0,46.0,arousal,3,face,svm,0.479122529041145,0,0.4791225290411444,0,-6.106226635438361e-16,6.106226635438361e-16,True
P01,stack,1,stack_s1_45.000,45.0,47.0,arousal,3,face,svm,0.4207276912910004,0,0.4207276912909995,0,-8.881784197001252e-16,8.881784197001252e-16,True
P01,stack,1,stack_s1_46.000,46.0,48.0,arousal,3,face,svm,0.4374586722828018,0,0.4374586722828029,0,1.1102230246251565e-15,1.1102230246251565e-15,True
P01,stack,1,stack_s1_47.000,47.0,49.0,arousal,3,face,svm,0.2540589079038901,0,0.2540589079038893,0,-7.771561172376096e-16,7.771561172376096e-16,True
P01,stack,1,stack_s1_48.000,48.0,50.0,arousal,3,face,svm,0.2088180597322829,0,0.20881805973228268,0,-2.220446049250313e-16,2.220446049250313e-16,True
P01,stack,1,stack_s1_49.000,49.0,51.0,arousal,3,face,svm,0.2393122929503712,0,0.23931229295037243,0,1.2212453270876722e-15,1.2212453270876722e-15,True
P01,stack,1,stack_s1_50.000,50.0,52.0,arousal,3,face,svm,0.2558867886956033,0,0.2558867886956033,0,0.0,0.0,True
P01,stack,1,stack_s1_51.000,51.0,53.0,arousal,3,face,svm,0.3735197405739068,0,0.373519740573908,0,1.2212453270876722e-15,1.2212453270876722e-15,True
P01,stack,1,stack_s1_52.000,52.0,54.0,arousal,3,face,svm,0.2810868416836298,0,0.2810868416836302,0,3.885780586188048e-16,3.885780586188048e-16,True
P01,stack,1,stack_s1_53.000,53.0,55.0,arousal,3,face,svm,0.2664709213870189,0,0.26647092138701867,0,-2.220446049250313e-16,2.220446049250313e-16,True
P01,stack,1,stack_s1_54.000,54.0,56.0,arousal,3,face,svm,0.4569732766219979,0,0.45697327662199666,0,-1.2212453270876722e-15,1.2212453270876722e-15,True
P01,stack,1,stack_s1_55.000,55.0,57.0,arousal,3,face,svm,0.2940878911501143,0,0.294087891150114,0,-2.7755575615628914e-16,2.7755575615628914e-16,True
P01,stack,1,stack_s1_56.000,56.0,58.0,arousal,3,face,svm,0.2235568192658934,0,0.22355681926589369,0,2.7755575615628914e-16,2.7755575615628914e-16,True
P01,stack,1,stack_s1_57.000,57.0,59.0,arousal,3,face,svm,0.3099514346456176,0,0.30995143464561764,0,5.551115123125783e-17,5.551115123125783e-17,True
P01,stack,1,stack_s1_58.000,58.0,60.0,arousal,3,face,svm,0.4638424641676261,0,0.4638424641676252,0,-8.881784197001252e-16,8.881784197001252e-16,True
P01,stack,1,stack_s1_59.000,59.0,61.0,arousal,3,face,svm,0.4939935381444097,0,0.49399353814440977,0,5.551115123125783e-17,5.551115123125783e-17,True
P01,stack,1,stack_s1_60.000,60.0,62.0,arousal,3,face,svm,0.4198838354841674,0,0.41988383548416797,0,5.551115123125783e-16,5.551115123125783e-16,True
P01,stack,1,stack_s1_61.000,61.0,63.0,arousal,3,face,svm,0.4385547815274216,0,0.4385547815274214,0,-2.220446049250313e-16,2.220446049250313e-16,True
P01,stack,1,stack_s1_62.000,62.0,64.0,arousal,3,face,svm,0.4653872867003922,0,0.46538728670039164,0,-5.551115123125783e-16,5.551115123125783e-16,True
P01,stack,1,stack_s1_63.000,63.0,65.0,arousal,3,face,svm,0.3598232569241448,0,0.35982325692414463,0,-1.6653345369377348e-16,1.6653345369377348e-16,True
P01,stack,1,stack_s1_64.000,64.0,66.0,arousal,3,face,svm,0.4026552246597314,0,0.40265522465973025,0,-1.1657341758564144e-15,1.1657341758564144e-15,True
P01,stack,1,stack_s1_65.000,65.0,67.0,arousal,3,face,svm,0.3873412220223825,0,0.3873412220223818,0,-7.216449660063518e-16,7.216449660063518e-16,True
P01,stack,1,stack_s1_66.000,66.0,68.0,arousal,3,face,svm,0.4549886139869429,0,0.4549886139869426,0,-2.7755575615628914e-16,2.7755575615628914e-16,True
P01,stack,1,stack_s1_67.000,67.0,69.0,arousal,3,face,svm,0.0819000193752028,0,0.08190001937520269,0,-1.1102230246251565e-16,1.1102230246251565e-16,True
P01,stack,1,stack_s1_68.000,68.0,70.0,arousal,3,face,svm,0.4325752656954337,0,0.4325752656954304,0,-3.2751579226442118e-15,3.2751579226442118e-15,True
P01,sisyphus,1,sisyphus_s1_22.000,22.0,24.0,arousal,3,face,svm,0.665075867734092,1,0.6650758677340902,1,-1.7763568394002505e-15,1.7763568394002505e-15,True
P01,sisyphus,1,sisyphus_s1_23.000,23.0,25.0,arousal,3,face,svm,0.6160971207135979,1,0.6160971207135986,1,6.661338147750939e-16,6.661338147750939e-16,True
P01,sisyphus,1,sisyphus_s1_24.000,24.0,26.0,arousal,3,face,svm,0.6653745368263061,1,0.6653745368263063,1,2.220446049250313e-16,2.220446049250313e-16,True
P01,sisyphus,1,sisyphus_s1_25.000,25.0,27.0,arousal,3,face,svm,0.7088788418105714,1,0.7088788418105709,1,-4.440892098500626e-16,4.440892098500626e-16,True
P01,sisyphus,1,sisyphus_s1_26.000,26.0,28.0,arousal,3,face,svm,0.6825231062659929,1,0.6825231062659924,1,-4.440892098500626e-16,4.440892098500626e-16,True
P01,sisyphus,1,sisyphus_s1_27.000,27.0,29.0,arousal,3,face,svm,0.6055351018829918,1,0.6055351018829915,1,-2.220446049250313e-16,2.220446049250313e-16,True
P01,sisyphus,1,sisyphus_s1_28.000,28.0,30.0,arousal,3,face,svm,0.6096847873899998,1,0.6096847873899983,1,-1.4432899320127035e-15,1.4432899320127035e-15,True
P01,sisyphus,1,sisyphus_s1_29.000,29.0,31.0,arousal,3,face,svm,0.5847577880802062,1,0.5847577880802063,1,1.1102230246251565e-16,1.1102230246251565e-16,True
P01,sisyphus,1,sisyphus_s1_30.000,30.0,32.0,arousal,3,face,svm,0.6167864444229182,1,0.6167864444229193,1,1.1102230246251565e-15,1.1102230246251565e-15,True
P01,sisyphus,1,sisyphus_s1_31.000,31.0,33.0,arousal,3,face,svm,0.5808770109711618,1,0.5808770109711628,1,9.992007221626409e-16,9.992007221626409e-16,True
P01,sisyphus,1,sisyphus_s1_32.000,32.0,34.0,arousal,3,face,svm,0.2301375501686851,0,0.23013755016868578,0,6.938893903907228e-16,6.938893903907228e-16,True
P01,sisyphus,1,sisyphus_s1_33.000,33.0,35.0,arousal,3,face,svm,0.2316462551143834,0,0.2316462551143831,0,-2.7755575615628914e-16,2.7755575615628914e-16,True
P01,sisyphus,1,sisyphus_s1_34.000,34.0,36.0,arousal,3,face,svm,0.3178028871943035,0,0.3178028871943028,0,-7.216449660063518e-16,7.216449660063518e-16,True
P01,sisyphus,1,sisyphus_s1_35.000,35.0,37.0,arousal,3,face,svm,0.3731716452988274,0,0.3731716452988274,0,0.0,0.0,True
P01,sisyphus,1,sisyphus_s1_36.000,36.0,38.0,arousal,3,face,svm,0.3838393257462884,0,0.3838393257462876,0,-7.771561172376096e-16,7.771561172376096e-16,True
P01,sisyphus,1,sisyphus_s1_37.000,37.0,39.0,arousal,3,face,svm,0.4006715903579654,0,0.40067159035796596,0,5.551115123125783e-16,5.551115123125783e-16,True
P01,sisyphus,1,sisyphus_s1_38.000,38.0,40.0,arousal,3,face,svm,0.6027388381982723,1,0.6027388381982719,1,-4.440892098500626e-16,4.440892098500626e-16,True
P01,sisyphus,1,sisyphus_s1_39.000,39.0,41.0,arousal,3,face,svm,0.3063224763745334,0,0.306322476374535,0,1.609823385706477e-15,1.609823385706477e-15,True
P01,sisyphus,1,sisyphus_s1_40.000,40.0,42.0,arousal,3,face,svm,0.6458660521515547,1,0.6458660521515555,1,7.771561172376096e-16,7.771561172376096e-16,True
P01,sisyphus,1,sisyphus_s1_41.000,41.0,43.0,arousal,3,face,svm,0.5843822583651787,1,0.5843822583651777,1,-9.992007221626409e-16,9.992007221626409e-16,True
P01,sisyphus,1,sisyphus_s1_42.000,42.0,44.0,arousal,3,face,svm,0.5648183600012769,0,0.5648183600012777,0,7.771561172376096e-16,7.771561172376096e-16,True
P01,sisyphus,1,sisyphus_s1_43.000,43.0,45.0,arousal,3,face,svm,0.5426898295244219,0,0.5426898295244221,0,2.220446049250313e-16,2.220446049250313e-16,True
P01,sisyphus,1,sisyphus_s1_44.000,44.0,46.0,arousal,3,face,svm,0.6998850413983091,1,0.6998850413983086,1,-4.440892098500626e-16,4.440892098500626e-16,True
P01,sisyphus,1,sisyphus_s1_45.000,45.0,47.0,arousal,3,face,svm,0.7987922932184107,1,0.7987922932184093,1,-1.4432899320127035e-15,1.4432899320127035e-15,True
P01,sisyphus,1,sisyphus_s1_46.000,46.0,48.0,arousal,3,face,svm,0.7907674718273339,1,0.7907674718273343,1,4.440892098500626e-16,4.440892098500626e-16,True
P01,sisyphus,1,sisyphus_s1_47.000,47.0,49.0,arousal,3,face,svm,0.5754005810238974,0,0.5754005810238967,0,-6.661338147750939e-16,6.661338147750939e-16,True
P01,sisyphus,1,sisyphus_s1_48.000,48.0,50.0,arousal,3,face,svm,0.3913280633814512,0,0.39132806338145,0,-1.2212453270876722e-15,1.2212453270876722e-15,True
P01,sisyphus,1,sisyphus_s1_49.000,49.0,51.0,arousal,3,face,svm,0.5615556056356451,0,0.5615556056356452,0,1.1102230246251565e-16,1.1102230246251565e-16,True
P01,sisyphus,1,sisyphus_s1_50.000,50.0,52.0,arousal,3,face,svm,0.5854246938618923,1,0.5854246938618916,1,-7.771561172376096e-16,7.771561172376096e-16,True
P01,sisyphus,1,sisyphus_s1_51.000,51.0,53.0,arousal,3,face,svm,0.6695136693728547,1,0.669513669372856,1,1.2212453270876722e-15,1.2212453270876722e-15,True
P01,sisyphus,1,sisyphus_s1_52.000,52.0,54.0,arousal,3,face,svm,0.6998652643099385,1,0.6998652643099382,1,-2.220446049250313e-16,2.220446049250313e-16,True
P01,shape_sorter_interaction,1,shape_sorter_interaction_s1_25.000,25.0,27.0,arousal,3,face,svm,0.5240381834560446,0,0.524038183456045,0,4.440892098500626e-16,4.440892098500626e-16,True
P01,shape_sorter_interaction,1,shape_sorter_interaction_s1_26.000,26.0,28.0,arousal,3,face,svm,0.5636229620092051,0,0.5636229620092036,0,-1.5543122344752192e-15,1.5543122344752192e-15,True
P01,shape_sorter_interaction,1,shape_sorter_interaction_s1_27.000,27.0,29.0,arousal,3,face,svm,0.4717339178544251,0,0.471733917854426,0,8.881784197001252e-16,8.881784197001252e-16,True
P01,shape_sorter_interaction,1,shape_sorter_interaction_s1_28.000,28.0,30.0,arousal,3,face,svm,0.5753414032948491,0,0.5753414032948502,0,1.1102230246251565e-15,1.1102230246251565e-15,True
P01,shape_sorter_interaction,1,shape_sorter_interaction_s1_29.000,29.0,31.0,arousal,3,face,svm,0.5409026914727646,0,0.5409026914727655,0,8.881784197001252e-16,8.881784197001252e-16,True
P01,shape_sorter_interaction,1,shape_sorter_interaction_s1_30.000,30.0,32.0,arousal,3,face,svm,0.5334822868518783,0,0.5334822868518785,0,2.220446049250313e-16,2.220446049250313e-16,True
P01,shape_sorter_interaction,1,shape_sorter_interaction_s1_31.000,31.0,33.0,arousal,3,face,svm,0.6047048701646034,1,0.6047048701646046,1,1.2212453270876722e-15,1.2212453270876722e-15,True
P01,shape_sorter_interaction,1,shape_sorter_interaction_s1_32.000,32.0,34.0,arousal,3,face,svm,0.6259952351840333,1,0.6259952351840331,1,-2.220446049250313e-16,2.220446049250313e-16,True
P01,shape_sorter_interaction,1,shape_sorter_interaction_s1_33.000,33.0,35.0,arousal,3,face,svm,0.6425126045372801,1,0.6425126045372788,1,-1.3322676295501878e-15,1.3322676295501878e-15,True
P01,shape_sorter_interaction,1,shape_sorter_interaction_s1_34.000,34.0,36.0,arousal,3,face,svm,0.5394067230947693,0,0.539406723094767,0,-2.3314683517128287e-15,2.3314683517128287e-15,True
P01,shape_sorter_interaction,1,shape_sorter_interaction_s1_35.000,35.0,37.0,arousal,3,face,svm,0.5078256031776539,0,0.5114208645664367,0,0.0035952613887827445,0.0035952613887827445,True
P01,shape_sorter_interaction,1,shape_sorter_interaction_s1_36.000,36.0,38.0,arousal,3,face,svm,0.4932044937919216,0,0.4970250614702035,0,0.003820567678281872,0.003820567678281872,True
P01,shape_sorter_interaction,1,shape_sorter_interaction_s1_37.000,37.0,39.0,arousal,3,face,svm,0.4537618075322074,0,0.4550211856586919,0,0.0012593781264844672,0.0012593781264844672,True
P01,shape_sorter_interaction,1,shape_sorter_interaction_s1_38.000,38.0,40.0,arousal,3,face,svm,0.487111163985517,0,0.48446636943073856,0,-0.0026447945547784513,0.0026447945547784513,True
P01,shape_sorter_interaction,1,shape_sorter_interaction_s1_39.000,39.0,41.0,arousal,3,face,svm,0.5066443105689618,0,0.5058919749278245,0,-0.0007523356411373028,0.0007523356411373028,True
P01,shape_sorter_interaction,1,shape_sorter_interaction_s1_40.000,40.0,42.0,arousal,3,face,svm,0.5250343185620978,0,0.5251627944314763,0,0.00012847586937847488,0.00012847586937847488,True
P01,shape_sorter_interaction,1,shape_sorter_interaction_s1_41.000,41.0,43.0,arousal,3,face,svm,0.4680312326091901,0,0.4710298606669346,0,0.002998628057744479,0.002998628057744479,True
P01,shape_sorter_interaction,1,shape_sorter_interaction_s1_42.000,42.0,44.0,arousal,3,face,svm,0.5860184194368394,1,0.5737848756005083,0,-0.012233543836331129,0.012233543836331129,False
P01,shape_sorter_interaction,1,shape_sorter_interaction_s1_43.000,43.0,45.0,arousal,3,face,svm,0.7963192082240511,1,0.803039219097494,1,0.006720010873442872,0.006720010873442872,True
P01,shape_sorter_interaction,1,shape_sorter_interaction_s1_44.000,44.0,46.0,arousal,3,face,svm,0.6843903218642869,1,0.6887532960507223,1,0.004362974186435387,0.004362974186435387,True
P01,shape_sorter_interaction,1,shape_sorter_interaction_s1_45.000,45.0,47.0,arousal,3,face,svm,0.5201893625601441,0,0.524869124032944,0,0.004679761472799804,0.004679761472799804,True
P01,shape_sorter_interaction,1,shape_sorter_interaction_s1_46.000,46.0,48.0,arousal,3,face,svm,0.4276345541882643,0,0.4292134268873422,0,0.0015788726990779156,0.0015788726990779156,True
P01,shape_sorter_interaction,1,shape_sorter_interaction_s1_47.000,47.0,49.0,arousal,3,face,svm,0.422654294190268,0,0.4206531320919223,0,-0.0020011620983457212,0.0020011620983457212,True
P01,shape_sorter_interaction,1,shape_sorter_interaction_s1_48.000,48.0,50.0,arousal,3,face,svm,0.446141155022302,0,0.44286802027515043,0,-0.0032731347471515737,0.0032731347471515737,True
P01,shape_sorter_interaction,1,shape_sorter_interaction_s1_49.000,49.0,51.0,arousal,3,face,svm,0.6040818906190674,1,0.5985450023057668,1,-0.00553688831330057,0.00553688831330057,True
P01,shape_sorter_interaction,1,shape_sorter_interaction_s1_50.000,50.0,52.0,arousal,3,face,svm,0.6432974242522157,1,0.6424521340233431,1,-0.0008452902288725861,0.0008452902288725861,True
P01,shape_sorter_interaction,1,shape_sorter_interaction_s1_51.000,51.0,53.0,arousal,3,face,svm,0.5351472980852976,0,0.5333582290027491,0,-0.0017890690825485,0.0017890690825485,True
P01,shape_sorter_interaction,1,shape_sorter_interaction_s1_52.000,52.0,54.0,arousal,3,face,svm,0.5724626655927579,0,0.5704301349368817,0,-0.0020325306558762746,0.0020325306558762746,True
P01,shape_sorter_interaction,1,shape_sorter_interaction_s1_53.000,53.0,55.0,arousal,3,face,svm,0.5531937211380541,0,0.5579491329024505,0,0.004755411764396422,0.004755411764396422,True
P01,shape_sorter_interaction,1,shape_sorter_interaction_s1_54.000,54.0,56.0,arousal,3,face,svm,0.4795191762644127,0,0.4808364251966276,0,0.0013172489322149095,0.0013172489322149095,True
P01,shape_sorter_interaction,1,shape_sorter_interaction_s1_55.000,55.0,57.0,arousal,3,face,svm,0.5191090132819436,0,0.5163034285767982,0,-0.0028055847051453586,0.0028055847051453586,True
P01,shape_sorter_interaction,1,shape_sorter_interaction_s1_56.000,56.0,58.0,arousal,3,face,svm,0.523671558228967,0,0.5250951806009274,0,0.0014236223719603647,0.0014236223719603647,True
P01,shape_sorter_interaction,1,shape_sorter_interaction_s1_57.000,57.0,59.0,arousal,3,face,svm,0.532021776820312,0,0.532206010686319,0,0.00018423386600696645,0.00018423386600696645,True
P01,shape_sorter_interaction,1,shape_sorter_interaction_s1_58.000,58.0,60.0,arousal,3,face,svm,0.5993906553337569,1,0.5924248493817104,1,-0.006965805952046544,0.006965805952046544,True
P01,shape_sorter_interaction,1,shape_sorter_interaction_s1_59.000,59.0,61.0,arousal,3,face,svm,0.6117849740397159,1,0.6106792727530339,1,-0.0011057012866819704,0.0011057012866819704,True
P01,shape_sorter_interaction,1,shape_sorter_interaction_s1_60.000,60.0,62.0,arousal,3,face,svm,0.757998388784483,1,0.7511867622926057,1,-0.006811626491877276,0.006811626491877276,True
P01,shape_sorter_interaction,1,shape_sorter_interaction_s1_61.000,61.0,63.0,arousal,3,face,svm,0.3342719246633016,0,0.34102763696775307,0,0.006755712304451489,0.006755712304451489,True
P01,shape_sorter_interaction,1,shape_sorter_interaction_s1_62.000,62.0,64.0,arousal,3,face,svm,0.3035935581051411,0,0.3052670325811238,0,0.0016734744759827058,0.0016734744759827058,True
P01,shape_sorter_interaction,1,shape_sorter_interaction_s1_63.000,63.0,65.0,arousal,3,face,svm,0.3467244372914047,0,0.3375969881871503,0,-0.009127449104254393,0.009127449104254393,True
P01,shape_sorter_interaction,1,shape_sorter_interaction_s1_64.000,64.0,66.0,arousal,3,face,svm,0.4898658150293642,0,0.5011077170002186,0,0.011241901970854395,0.011241901970854395,True
P01,shape_sorter_interaction,1,shape_sorter_interaction_s1_65.000,65.0,67.0,arousal,3,face,svm,0.4452983864158739,0,0.4448514330175931,0,-0.0004469533982807694,0.0004469533982807694,True
P01,shape_sorter_interaction,1,shape_sorter_interaction_s1_66.000,66.0,68.0,arousal,3,face,svm,0.4767824379280196,0,0.4745675378523571,0,-0.002214900075662496,0.002214900075662496,True
P01,shape_sorter_interaction,1,shape_sorter_interaction_s1_67.000,67.0,69.0,arousal,3,face,svm,0.5352675864344163,0,0.5347325711537878,0,-0.0005350152806284925,0.0005350152806284925,True
P01,shape_sorter_interaction,1,shape_sorter_interaction_s1_68.000,68.0,70.0,arousal,3,face,svm,0.5737954643983967,0,0.573675505061669,0,-0.00011995933672770409,0.00011995933672770409,True
P01,shape_sorter_interaction,1,shape_sorter_interaction_s1_69.000,69.0,71.0,arousal,3,face,svm,0.5260344449104407,0,0.5229038607568107,0,-0.0031305841536299894,0.0031305841536299894,True
P01,shape_sorter_interaction,1,shape_sorter_interaction_s1_70.000,70.0,72.0,arousal,3,face,svm,0.5247854412125693,0,0.5421865776800895,0,0.017401136467520173,0.017401136467520173,True
P01,shape_sorter_interaction,1,shape_sorter_interaction_s1_71.000,71.0,73.0,arousal,3,face,svm,0.422660475111769,0,0.419793514256949,0,-0.002866960854820022,0.002866960854820022,True
P01,shape_sorter_interaction,1,shape_sorter_interaction_s1_72.000,72.0,74.0,arousal,3,face,svm,0.3821897520357156,0,0.3773277662052533,0,-0.004861985830462268,0.004861985830462268,True
P01,shape_sorter_interaction,1,shape_sorter_interaction_s1_73.000,73.0,75.0,arousal,3,face,svm,0.4490277325887795,0,0.45016487847688325,0,0.0011371458881037633,0.0011371458881037633,True
P01,shape_sorter_interaction,1,shape_sorter_interaction_s1_74.000,74.0,76.0,arousal,3,face,svm,0.4923779208064593,0,0.4927529943761679,0,0.00037507356970856165,0.00037507356970856165,True
P01,shape_sorter_interaction,1,shape_sorter_interaction_s1_75.000,75.0,77.0,arousal,3,face,svm,0.4548206649328148,0,0.45533097917443116,0,0.0005103142416163498,0.0005103142416163498,True
P01,shape_sorter_interaction,1,shape_sorter_interaction_s1_76.000,76.0,78.0,arousal,3,face,svm,0.3953609129533566,0,0.3969872227409848,0,0.0016263097876281774,0.0016263097876281774,True
P01,shape_sorter_interaction,1,shape_sorter_interaction_s1_77.000,77.0,79.0,arousal,3,face,svm,0.61117782841611,1,0.6062947398312215,1,-0.004883088584888506,0.004883088584888506,True
P01,shape_sorter_interaction,1,shape_sorter_interaction_s1_78.000,78.0,80.0,arousal,3,face,svm,0.4273121935472084,0,0.45717784847256093,0,0.029865654925352536,0.029865654925352536,True
P01,shape_sorter_interaction,1,shape_sorter_interaction_s1_79.000,79.0,81.0,arousal,3,face,svm,0.2599731650605853,0,0.2535696690228145,0,-0.006403496037770795,0.006403496037770795,True
P01,shape_sorter_interaction,1,shape_sorter_interaction_s1_80.000,80.0,82.0,arousal,3,face,svm,0.7624794538148533,1,0.7613625760471908,1,-0.0011168777676624497,0.0011168777676624497,True
P01,shape_sorter_interaction,1,shape_sorter_interaction_s1_81.000,81.0,83.0,arousal,3,face,svm,0.1587213022458303,0,0.16869835080133713,0,0.009977048555506823,0.009977048555506823,True
P01,shape_sorter_interaction,1,shape_sorter_interaction_s1_82.000,82.0,84.0,arousal,3,face,svm,0.1033190996810721,0,0.10325157413994296,0,-6.752554112914033e-05,6.752554112914033e-05,True
P01,pick_place,1,pick_place_s1_24.000,24.0,26.0,valence,1,face,logreg,0.4977865420248909,0,0.49778654202489137,0,4.440892098500626e-16,4.440892098500626e-16,True
P01,pick_place,1,pick_place_s1_25.000,25.0,27.0,valence,1,face,logreg,0.4986171117802703,0,0.49861711178027085,0,5.551115123125783e-16,5.551115123125783e-16,True
P01,pick_place,1,pick_place_s1_26.000,26.0,28.0,valence,1,face,logreg,0.4991754323431403,0,0.4991754323431411,0,7.771561172376096e-16,7.771561172376096e-16,True
P01,pick_place,1,pick_place_s1_27.000,27.0,29.0,valence,1,face,logreg,0.5435038563220006,1,0.5435038563220009,1,3.3306690738754696e-16,3.3306690738754696e-16,True
P01,pick_place,1,pick_place_s1_28.000,28.0,30.0,valence,1,face,logreg,0.5349275867921011,1,0.5349275867921014,1,3.3306690738754696e-16,3.3306690738754696e-16,True
P01,pick_place,1,pick_place_s1_29.000,29.0,31.0,valence,1,face,logreg,0.4960615431282937,0,0.49606154312829426,0,5.551115123125783e-16,5.551115123125783e-16,True
P01,pick_place,1,pick_place_s1_30.000,30.0,32.0,valence,1,face,logreg,0.4996342723129729,0,0.4996342723129735,0,6.106226635438361e-16,6.106226635438361e-16,True
P01,pick_place,1,pick_place_s1_31.000,31.0,33.0,valence,1,face,logreg,0.5239242244881689,1,0.5239242244881692,1,3.3306690738754696e-16,3.3306690738754696e-16,True
P01,pick_place,1,pick_place_s1_32.000,32.0,34.0,valence,1,face,logreg,0.5699975737445081,1,0.5699975737445085,1,4.440892098500626e-16,4.440892098500626e-16,True
P01,pick_place,1,pick_place_s1_33.000,33.0,35.0,valence,1,face,logreg,0.5300210764350954,1,0.5300210764350962,1,7.771561172376096e-16,7.771561172376096e-16,True
P01,pick_place,1,pick_place_s1_34.000,34.0,36.0,valence,1,face,logreg,0.6116343627341351,1,0.6116343627341352,1,1.1102230246251565e-16,1.1102230246251565e-16,True
P01,pick_place,1,pick_place_s1_35.000,35.0,37.0,valence,1,face,logreg,0.5725261335873343,1,0.5725261335873346,1,3.3306690738754696e-16,3.3306690738754696e-16,True
P01,pick_place,1,pick_place_s1_36.000,36.0,38.0,valence,1,face,logreg,0.4564303238374684,0,0.45643032383746895,0,5.551115123125783e-16,5.551115123125783e-16,True
P01,pick_place,1,pick_place_s1_37.000,37.0,39.0,valence,1,face,logreg,0.4467271469686777,0,0.44672714696867805,0,3.3306690738754696e-16,3.3306690738754696e-16,True
P01,pick_place,1,pick_place_s1_38.000,38.0,40.0,valence,1,face,logreg,0.4315633038312771,0,0.43156330383127744,0,3.3306690738754696e-16,3.3306690738754696e-16,True
P01,pick_place,1,pick_place_s1_39.000,39.0,41.0,valence,1,face,logreg,0.4202821006029135,0,0.4202821006029139,0,3.885780586188048e-16,3.885780586188048e-16,True
P01,pick_place,1,pick_place_s1_40.000,40.0,42.0,valence,1,face,logreg,0.480273246792402,0,0.48027324679240224,0,2.220446049250313e-16,2.220446049250313e-16,True
P01,pick_place,1,pick_place_s1_41.000,41.0,43.0,valence,1,face,logreg,0.4914960976089439,0,0.4914960976089442,0,2.7755575615628914e-16,2.7755575615628914e-16,True
P01,pick_place,1,pick_place_s1_42.000,42.0,44.0,valence,1,face,logreg,0.4332681572941465,0,0.43326815729414697,0,4.440892098500626e-16,4.440892098500626e-16,True
P01,shape_sorter_observation,1,shape_sorter_observation_s1_25.000,25.0,27.0,valence,1,face,logreg,0.6204813714619773,1,0.6248658400756075,1,0.004384468613630177,0.004384468613630177,True
P01,shape_sorter_observation,1,shape_sorter_observation_s1_26.000,26.0,28.0,valence,1,face,logreg,0.6500117116350245,1,0.6511954082109906,1,0.0011836965759661755,0.0011836965759661755,True
P01,shape_sorter_observation,1,shape_sorter_observation_s1_27.000,27.0,29.0,valence,1,face,logreg,0.5735713216515508,1,0.5768229807765367,1,0.0032516591249859284,0.0032516591249859284,True
P01,shape_sorter_observation,1,shape_sorter_observation_s1_28.000,28.0,30.0,valence,1,face,logreg,0.5416945465976396,1,0.5431615621726259,1,0.0014670155749862968,0.0014670155749862968,True
P01,shape_sorter_observation,1,shape_sorter_observation_s1_29.000,29.0,31.0,valence,1,face,logreg,0.5379337189102087,1,0.5367498090372581,1,-0.0011839098729505837,0.0011839098729505837,True
P01,shape_sorter_observation,1,shape_sorter_observation_s1_30.000,30.0,32.0,valence,1,face,logreg,0.6619834459411174,1,0.6593037532725822,1,-0.002679692668535183,0.002679692668535183,True
P01,shape_sorter_observation,1,shape_sorter_observation_s1_31.000,31.0,33.0,valence,1,face,logreg,0.6144979713472135,1,0.6197549974707007,1,0.005257026123487218,0.005257026123487218,True
P01,shape_sorter_observation,1,shape_sorter_observation_s1_32.000,32.0,34.0,valence,1,face,logreg,0.5724512499190261,1,0.573356137662871,1,0.0009048877438448955,0.0009048877438448955,True
P01,shape_sorter_observation,1,shape_sorter_observation_s1_33.000,33.0,35.0,valence,1,face,logreg,0.5065209754856812,1,0.5074465311587887,1,0.000925555673107481,0.000925555673107481,True
P01,shape_sorter_observation,1,shape_sorter_observation_s1_34.000,34.0,36.0,valence,1,face,logreg,0.5165700846078112,1,0.5111812117394371,1,-0.005388872868374084,0.005388872868374084,True
P01,shape_sorter_observation,1,shape_sorter_observation_s1_35.000,35.0,37.0,valence,1,face,logreg,0.5329801989305423,1,0.5337208930452493,1,0.0007406941147070079,0.0007406941147070079,True
P01,shape_sorter_observation,1,shape_sorter_observation_s1_36.000,36.0,38.0,valence,1,face,logreg,0.5454055195417408,1,0.5467864654288919,1,0.0013809458871510971,0.0013809458871510971,True
P01,shape_sorter_observation,1,shape_sorter_observation_s1_37.000,37.0,39.0,valence,1,face,logreg,0.6052306478408906,1,0.6052306478408908,1,1.1102230246251565e-16,1.1102230246251565e-16,True
P01,shape_sorter_observation,1,shape_sorter_observation_s1_38.000,38.0,40.0,valence,1,face,logreg,0.5945809356823332,1,0.5945809356823334,1,2.220446049250313e-16,2.220446049250313e-16,True
P01,shape_sorter_observation,1,shape_sorter_observation_s1_39.000,39.0,41.0,valence,1,face,logreg,0.5533637354300206,1,0.5533637354300209,1,3.3306690738754696e-16,3.3306690738754696e-16,True
P01,shape_sorter_observation,1,shape_sorter_observation_s1_40.000,40.0,42.0,valence,1,face,logreg,0.614374157432958,1,0.6143741574329583,1,3.3306690738754696e-16,3.3306690738754696e-16,True
P01,shape_sorter_observation,1,shape_sorter_observation_s1_41.000,41.0,43.0,valence,1,face,logreg,0.5661407219248409,1,0.566140721924841,1,1.1102230246251565e-16,1.1102230246251565e-16,True
P01,shape_sorter_observation,1,shape_sorter_observation_s1_42.000,42.0,44.0,valence,1,face,logreg,0.498116705522121,0,0.49811670552212134,0,3.3306690738754696e-16,3.3306690738754696e-16,True
P01,shape_sorter_observation,1,shape_sorter_observation_s1_43.000,43.0,45.0,valence,1,face,logreg,0.4929343936428493,0,0.49293439364284974,0,4.440892098500626e-16,4.440892098500626e-16,True
P01,shape_sorter_observation,1,shape_sorter_observation_s1_44.000,44.0,46.0,valence,1,face,logreg,0.5181617528558573,1,0.5181617528558575,1,2.220446049250313e-16,2.220446049250313e-16,True
P01,shape_sorter_observation,1,shape_sorter_observation_s1_45.000,45.0,47.0,valence,1,face,logreg,0.5444624093195293,1,0.5444624093195297,1,4.440892098500626e-16,4.440892098500626e-16,True
P01,shape_sorter_observation,1,shape_sorter_observation_s1_46.000,46.0,48.0,valence,1,face,logreg,0.5444664607576033,1,0.544466460757604,1,6.661338147750939e-16,6.661338147750939e-16,True
P01,shape_sorter_observation,1,shape_sorter_observation_s1_47.000,47.0,49.0,valence,1,face,logreg,0.510631319246711,1,0.5106313192467117,1,6.661338147750939e-16,6.661338147750939e-16,True
P01,shape_sorter_observation,1,shape_sorter_observation_s1_48.000,48.0,50.0,valence,1,face,logreg,0.5252402675753791,1,0.5252402675753794,1,3.3306690738754696e-16,3.3306690738754696e-16,True
P01,shape_sorter_observation,1,shape_sorter_observation_s1_49.000,49.0,51.0,valence,1,face,logreg,0.534014413032768,1,0.5340144130327682,1,2.220446049250313e-16,2.220446049250313e-16,True
P01,shape_sorter_observation,1,shape_sorter_observation_s1_50.000,50.0,52.0,valence,1,face,logreg,0.5290260386802673,1,0.5290260386802677,1,3.3306690738754696e-16,3.3306690738754696e-16,True
P01,shape_sorter_observation,1,shape_sorter_observation_s1_51.000,51.0,53.0,valence,1,face,logreg,0.5401224837255396,1,0.54012248372554,1,3.3306690738754696e-16,3.3306690738754696e-16,True
P01,shape_sorter_observation,1,shape_sorter_observation_s1_52.000,52.0,54.0,valence,1,face,logreg,0.5759451754178277,1,0.5759451754178282,1,4.440892098500626e-16,4.440892098500626e-16,True
P01,shape_sorter_observation,1,shape_sorter_observation_s1_53.000,53.0,55.0,valence,1,face,logreg,0.5649415798323278,1,0.5649415798323283,1,4.440892098500626e-16,4.440892098500626e-16,True
P01,shape_sorter_observation,1,shape_sorter_observation_s1_54.000,54.0,56.0,valence,1,face,logreg,0.5587150234857503,1,0.5587150234857505,1,2.220446049250313e-16,2.220446049250313e-16,True
P01,shape_sorter_observation,1,shape_sorter_observation_s1_55.000,55.0,57.0,valence,1,face,logreg,0.5547834405134814,1,0.5547834405134819,1,5.551115123125783e-16,5.551115123125783e-16,True
P01,shape_sorter_observation,1,shape_sorter_observation_s1_56.000,56.0,58.0,valence,1,face,logreg,0.5242654237906654,1,0.5242654237906655,1,1.1102230246251565e-16,1.1102230246251565e-16,True
P01,shape_sorter_observation,1,shape_sorter_observation_s1_57.000,57.0,59.0,valence,1,face,logreg,0.6073429623378223,1,0.6073429623378228,1,5.551115123125783e-16,5.551115123125783e-16,True
P01,shape_sorter_observation,1,shape_sorter_observation_s1_58.000,58.0,60.0,valence,1,face,logreg,0.6139365049132646,1,0.6139365049132649,1,3.3306690738754696e-16,3.3306690738754696e-16,True
P01,shape_sorter_observation,1,shape_sorter_observation_s1_59.000,59.0,61.0,valence,1,face,logreg,0.5847607612342944,1,0.5847607612342949,1,4.440892098500626e-16,4.440892098500626e-16,True
P01,shape_sorter_observation,1,shape_sorter_observation_s1_60.000,60.0,62.0,valence,1,face,logreg,0.530399862853296,1,0.5303998628532964,1,4.440892098500626e-16,4.440892098500626e-16,True
P01,shape_sorter_observation,1,shape_sorter_observation_s1_61.000,61.0,63.0,valence,1,face,logreg,0.4188412786946057,0,0.41884127869460613,0,4.440892098500626e-16,4.440892098500626e-16,True
P01,shape_sorter_observation,1,shape_sorter_observation_s1_62.000,62.0,64.0,valence,1,face,logreg,0.3617063528095599,0,0.3617063528095603,0,4.440892098500626e-16,4.440892098500626e-16,True
P01,stack,1,stack_s1_21.000,21.0,23.0,valence,1,face,logreg,0.5711077873840829,1,0.5869261014458641,1,0.015818314061781247,0.015818314061781247,True
P01,stack,1,stack_s1_22.000,22.0,24.0,valence,1,face,logreg,0.6296778821772208,1,0.629677882177221,1,2.220446049250313e-16,2.220446049250313e-16,True
P01,stack,1,stack_s1_23.000,23.0,25.0,valence,1,face,logreg,0.6497097398072905,1,0.649709739807291,1,4.440892098500626e-16,4.440892098500626e-16,True
P01,stack,1,stack_s1_24.000,24.0,26.0,valence,1,face,logreg,0.6191921263758227,1,0.6191921263758232,1,5.551115123125783e-16,5.551115123125783e-16,True
P01,stack,1,stack_s1_25.000,25.0,27.0,valence,1,face,logreg,0.5951645008960174,1,0.5951645008960177,1,3.3306690738754696e-16,3.3306690738754696e-16,True
P01,stack,1,stack_s1_26.000,26.0,28.0,valence,1,face,logreg,0.837909232284275,1,0.8379092322842753,1,2.220446049250313e-16,2.220446049250313e-16,True
P01,stack,1,stack_s1_27.000,27.0,29.0,valence,1,face,logreg,0.8604350902454931,1,0.8604350902454933,1,1.1102230246251565e-16,1.1102230246251565e-16,True
P01,stack,1,stack_s1_28.000,28.0,30.0,valence,1,face,logreg,0.796741280770196,1,0.7967412807701962,1,2.220446049250313e-16,2.220446049250313e-16,True
P01,stack,1,stack_s1_29.000,29.0,31.0,valence,1,face,logreg,0.6973540974473281,1,0.6973540974473286,1,4.440892098500626e-16,4.440892098500626e-16,True
P01,stack,1,stack_s1_30.000,30.0,32.0,valence,1,face,logreg,0.5408029771644401,1,0.5408029771644407,1,5.551115123125783e-16,5.551115123125783e-16,True
P01,stack,1,stack_s1_31.000,31.0,33.0,valence,1,face,logreg,0.4930993391496011,0,0.4930993391496018,0,7.216449660063518e-16,7.216449660063518e-16,True
P01,stack,1,stack_s1_32.000,32.0,34.0,valence,1,face,logreg,0.5044760055834151,1,0.5044760055834157,1,5.551115123125783e-16,5.551115123125783e-16,True
P01,stack,1,stack_s1_33.000,33.0,35.0,valence,1,face,logreg,0.5999080182435068,1,0.599908018243507,1,2.220446049250313e-16,2.220446049250313e-16,True
P01,stack,1,stack_s1_34.000,34.0,36.0,valence,1,face,logreg,0.6218790003965453,1,0.621879000396546,1,6.661338147750939e-16,6.661338147750939e-16,True
P01,stack,1,stack_s1_35.000,35.0,37.0,valence,1,face,logreg,0.5696184712069166,1,0.5696184712069171,1,5.551115123125783e-16,5.551115123125783e-16,True
P01,stack,1,stack_s1_36.000,36.0,38.0,valence,1,face,logreg,0.6150070432393944,1,0.6150070432393947,1,3.3306690738754696e-16,3.3306690738754696e-16,True
P01,stack,1,stack_s1_37.000,37.0,39.0,valence,1,face,logreg,0.5341362669527459,1,0.5341362669527463,1,4.440892098500626e-16,4.440892098500626e-16,True
P01,stack,1,stack_s1_38.000,38.0,40.0,valence,1,face,logreg,0.5598467945018595,1,0.5598467945018599,1,4.440892098500626e-16,4.440892098500626e-16,True
P01,stack,1,stack_s1_39.000,39.0,41.0,valence,1,face,logreg,0.5309406789702317,1,0.5309406789702318,1,1.1102230246251565e-16,1.1102230246251565e-16,True
P01,stack,1,stack_s1_40.000,40.0,42.0,valence,1,face,logreg,0.5138360483697886,1,0.5138360483697889,1,3.3306690738754696e-16,3.3306690738754696e-16,True
P01,stack,1,stack_s1_41.000,41.0,43.0,valence,1,face,logreg,0.5694606321031479,1,0.5694606321031482,1,3.3306690738754696e-16,3.3306690738754696e-16,True
P01,stack,1,stack_s1_42.000,42.0,44.0,valence,1,face,logreg,0.6031747218143599,1,0.6031747218143602,1,2.220446049250313e-16,2.220446049250313e-16,True
P01,stack,1,stack_s1_43.000,43.0,45.0,valence,1,face,logreg,0.4802617698996352,0,0.480261769899636,0,7.771561172376096e-16,7.771561172376096e-16,True
P01,stack,1,stack_s1_44.000,44.0,46.0,valence,1,face,logreg,0.4613989266034219,0,0.46139892660342247,0,5.551115123125783e-16,5.551115123125783e-16,True
P01,stack,1,stack_s1_45.000,45.0,47.0,valence,1,face,logreg,0.4604528424559637,0,0.4604528424559641,0,3.885780586188048e-16,3.885780586188048e-16,True
P01,stack,1,stack_s1_46.000,46.0,48.0,valence,1,face,logreg,0.4592374714462061,0,0.4592374714462064,0,3.3306690738754696e-16,3.3306690738754696e-16,True
P01,stack,1,stack_s1_47.000,47.0,49.0,valence,1,face,logreg,0.5334844139109984,1,0.5334844139109989,1,4.440892098500626e-16,4.440892098500626e-16,True
P01,stack,1,stack_s1_48.000,48.0,50.0,valence,1,face,logreg,0.5658746907460673,1,0.5658746907460677,1,3.3306690738754696e-16,3.3306690738754696e-16,True
P01,stack,1,stack_s1_49.000,49.0,51.0,valence,1,face,logreg,0.5640838711743039,1,0.5640838711743041,1,2.220446049250313e-16,2.220446049250313e-16,True
P01,stack,1,stack_s1_50.000,50.0,52.0,valence,1,face,logreg,0.5932151597902418,1,0.5932151597902419,1,1.1102230246251565e-16,1.1102230246251565e-16,True
P01,stack,1,stack_s1_51.000,51.0,53.0,valence,1,face,logreg,0.569726029682894,1,0.5697260296828942,1,2.220446049250313e-16,2.220446049250313e-16,True
P01,stack,1,stack_s1_52.000,52.0,54.0,valence,1,face,logreg,0.5735014282951295,1,0.57350142829513,1,4.440892098500626e-16,4.440892098500626e-16,True
P01,stack,1,stack_s1_53.000,53.0,55.0,valence,1,face,logreg,0.5505759693592035,1,0.550575969359204,1,5.551115123125783e-16,5.551115123125783e-16,True
P01,stack,1,stack_s1_54.000,54.0,56.0,valence,1,face,logreg,0.4830109991322953,0,0.4830109991322956,0,3.3306690738754696e-16,3.3306690738754696e-16,True
P01,stack,1,stack_s1_55.000,55.0,57.0,valence,1,face,logreg,0.5452745361081813,1,0.5452745361081818,1,4.440892098500626e-16,4.440892098500626e-16,True
P01,stack,1,stack_s1_56.000,56.0,58.0,valence,1,face,logreg,0.5657566338203025,1,0.565756633820303,1,4.440892098500626e-16,4.440892098500626e-16,True
P01,stack,1,stack_s1_57.000,57.0,59.0,valence,1,face,logreg,0.5253556029595194,1,0.5253556029595197,1,2.220446049250313e-16,2.220446049250313e-16,True
P01,stack,1,stack_s1_58.000,58.0,60.0,valence,1,face,logreg,0.5170043122834493,1,0.51700431228345,1,6.661338147750939e-16,6.661338147750939e-16,True
P01,stack,1,stack_s1_59.000,59.0,61.0,valence,1,face,logreg,0.5116528056106542,1,0.5116528056106546,1,4.440892098500626e-16,4.440892098500626e-16,True
P01,stack,1,stack_s1_60.000,60.0,62.0,valence,1,face,logreg,0.4816030362744964,0,0.4816030362744965,0,1.1102230246251565e-16,1.1102230246251565e-16,True
P01,stack,1,stack_s1_61.000,61.0,63.0,valence,1,face,logreg,0.464890902769971,0,0.4648909027699716,0,5.551115123125783e-16,5.551115123125783e-16,True
P01,stack,1,stack_s1_62.000,62.0,64.0,valence,1,face,logreg,0.4599618609952241,0,0.45996186099522446,0,3.3306690738754696e-16,3.3306690738754696e-16,True
P01,stack,1,stack_s1_63.000,63.0,65.0,valence,1,face,logreg,0.5207991967227295,1,0.5207991967227298,1,3.3306690738754696e-16,3.3306690738754696e-16,True
P01,stack,1,stack_s1_64.000,64.0,66.0,valence,1,face,logreg,0.5128773374961865,1,0.5128773374961868,1,3.3306690738754696e-16,3.3306690738754696e-16,True
P01,stack,1,stack_s1_65.000,65.0,67.0,valence,1,face,logreg,0.526164880536352,1,0.5261648805363525,1,4.440892098500626e-16,4.440892098500626e-16,True
P01,stack,1,stack_s1_66.000,66.0,68.0,valence,1,face,logreg,0.5456316130555793,1,0.5456316130555795,1,2.220446049250313e-16,2.220446049250313e-16,True
P01,stack,1,stack_s1_67.000,67.0,69.0,valence,1,face,logreg,0.818266102362579,1,0.8182661023625792,1,2.220446049250313e-16,2.220446049250313e-16,True
P01,stack,1,stack_s1_68.000,68.0,70.0,valence,1,face,logreg,0.7349848531560899,1,0.7349848531560901,1,2.220446049250313e-16,2.220446049250313e-16,True
P01,sisyphus,1,sisyphus_s1_22.000,22.0,24.0,valence,1,face,logreg,0.5420119989088198,1,0.5420119989088203,1,5.551115123125783e-16,5.551115123125783e-16,True
P01,sisyphus,1,sisyphus_s1_23.000,23.0,25.0,valence,1,face,logreg,0.5566022461036287,1,0.5566022461036289,1,1.1102230246251565e-16,1.1102230246251565e-16,True
P01,sisyphus,1,sisyphus_s1_24.000,24.0,26.0,valence,1,face,logreg,0.5467563396336536,1,0.5467563396336538,1,2.220446049250313e-16,2.220446049250313e-16,True
P01,sisyphus,1,sisyphus_s1_25.000,25.0,27.0,valence,1,face,logreg,0.5360141460724122,1,0.5360141460724122,1,0.0,0.0,True
P01,sisyphus,1,sisyphus_s1_26.000,26.0,28.0,valence,1,face,logreg,0.5580604157250357,1,0.5580604157250363,1,5.551115123125783e-16,5.551115123125783e-16,True
P01,sisyphus,1,sisyphus_s1_27.000,27.0,29.0,valence,1,face,logreg,0.5738664809582994,1,0.5738664809582997,1,3.3306690738754696e-16,3.3306690738754696e-16,True
P01,sisyphus,1,sisyphus_s1_28.000,28.0,30.0,valence,1,face,logreg,0.5437412352578228,1,0.5437412352578236,1,7.771561172376096e-16,7.771561172376096e-16,True
P01,sisyphus,1,sisyphus_s1_29.000,29.0,31.0,valence,1,face,logreg,0.5260129554623227,1,0.5260129554623231,1,3.3306690738754696e-16,3.3306690738754696e-16,True
P01,sisyphus,1,sisyphus_s1_30.000,30.0,32.0,valence,1,face,logreg,0.6008776264640099,1,0.6008776264640101,1,2.220446049250313e-16,2.220446049250313e-16,True
P01,sisyphus,1,sisyphus_s1_31.000,31.0,33.0,valence,1,face,logreg,0.6351881158152067,1,0.6351881158152072,1,4.440892098500626e-16,4.440892098500626e-16,True
P01,sisyphus,1,sisyphus_s1_32.000,32.0,34.0,valence,1,face,logreg,0.7164019982977069,1,0.716401998297707,1,1.1102230246251565e-16,1.1102230246251565e-16,True
P01,sisyphus,1,sisyphus_s1_33.000,33.0,35.0,valence,1,face,logreg,0.6004139612366652,1,0.6004139612366652,1,0.0,0.0,True
P01,sisyphus,1,sisyphus_s1_34.000,34.0,36.0,valence,1,face,logreg,0.6961651993554517,1,0.6961651993554521,1,3.3306690738754696e-16,3.3306690738754696e-16,True
P01,sisyphus,1,sisyphus_s1_35.000,35.0,37.0,valence,1,face,logreg,0.6973868618659658,1,0.6973868618659661,1,3.3306690738754696e-16,3.3306690738754696e-16,True
P01,sisyphus,1,sisyphus_s1_36.000,36.0,38.0,valence,1,face,logreg,0.7183183393607171,1,0.7183183393607177,1,5.551115123125783e-16,5.551115123125783e-16,True
P01,sisyphus,1,sisyphus_s1_37.000,37.0,39.0,valence,1,face,logreg,0.6805562347869297,1,0.6805562347869302,1,4.440892098500626e-16,4.440892098500626e-16,True
P01,sisyphus,1,sisyphus_s1_38.000,38.0,40.0,valence,1,face,logreg,0.5620834389921469,1,0.5620834389921474,1,5.551115123125783e-16,5.551115123125783e-16,True
P01,sisyphus,1,sisyphus_s1_39.000,39.0,41.0,valence,1,face,logreg,0.6711717502720459,1,0.6711717502720463,1,4.440892098500626e-16,4.440892098500626e-16,True
P01,sisyphus,1,sisyphus_s1_40.000,40.0,42.0,valence,1,face,logreg,0.5515100528379264,1,0.551510052837927,1,5.551115123125783e-16,5.551115123125783e-16,True
P01,sisyphus,1,sisyphus_s1_41.000,41.0,43.0,valence,1,face,logreg,0.5518225174201052,1,0.5518225174201055,1,2.220446049250313e-16,2.220446049250313e-16,True
P01,sisyphus,1,sisyphus_s1_42.000,42.0,44.0,valence,1,face,logreg,0.5539454837939305,1,0.5539454837939308,1,3.3306690738754696e-16,3.3306690738754696e-16,True
P01,sisyphus,1,sisyphus_s1_43.000,43.0,45.0,valence,1,face,logreg,0.6299817207600483,1,0.6299817207600484,1,1.1102230246251565e-16,1.1102230246251565e-16,True
P01,sisyphus,1,sisyphus_s1_44.000,44.0,46.0,valence,1,face,logreg,0.6176529995723341,1,0.6176529995723345,1,4.440892098500626e-16,4.440892098500626e-16,True
P01,sisyphus,1,sisyphus_s1_45.000,45.0,47.0,valence,1,face,logreg,0.5670988940771352,1,0.5670988940771354,1,2.220446049250313e-16,2.220446049250313e-16,True
P01,sisyphus,1,sisyphus_s1_46.000,46.0,48.0,valence,1,face,logreg,0.6430832516203526,1,0.6430832516203531,1,4.440892098500626e-16,4.440892098500626e-16,True
P01,sisyphus,1,sisyphus_s1_47.000,47.0,49.0,valence,1,face,logreg,0.6178662401965891,1,0.6178662401965894,1,3.3306690738754696e-16,3.3306690738754696e-16,True
P01,sisyphus,1,sisyphus_s1_48.000,48.0,50.0,valence,1,face,logreg,0.6389975677910275,1,0.638997567791028,1,5.551115123125783e-16,5.551115123125783e-16,True
P01,sisyphus,1,sisyphus_s1_49.000,49.0,51.0,valence,1,face,logreg,0.5272112961018924,1,0.5272112961018925,1,1.1102230246251565e-16,1.1102230246251565e-16,True
P01,sisyphus,1,sisyphus_s1_50.000,50.0,52.0,valence,1,face,logreg,0.5526483175959566,1,0.5526483175959571,1,5.551115123125783e-16,5.551115123125783e-16,True
P01,sisyphus,1,sisyphus_s1_51.000,51.0,53.0,valence,1,face,logreg,0.5217294488344707,1,0.5217294488344708,1,1.1102230246251565e-16,1.1102230246251565e-16,True
P01,sisyphus,1,sisyphus_s1_52.000,52.0,54.0,valence,1,face,logreg,0.5124161014648223,1,0.5124161014648227,1,4.440892098500626e-16,4.440892098500626e-16,True
P01,shape_sorter_interaction,1,shape_sorter_interaction_s1_25.000,25.0,27.0,valence,1,face,logreg,0.6412159845558406,1,0.641215984555841,1,3.3306690738754696e-16,3.3306690738754696e-16,True
P01,shape_sorter_interaction,1,shape_sorter_interaction_s1_26.000,26.0,28.0,valence,1,face,logreg,0.6394407163629553,1,0.6394407163629555,1,2.220446049250313e-16,2.220446049250313e-16,True
P01,shape_sorter_interaction,1,shape_sorter_interaction_s1_27.000,27.0,29.0,valence,1,face,logreg,0.623424537146179,1,0.6234245371461791,1,1.1102230246251565e-16,1.1102230246251565e-16,True
P01,shape_sorter_interaction,1,shape_sorter_interaction_s1_28.000,28.0,30.0,valence,1,face,logreg,0.5587484985861725,1,0.558748498586173,1,5.551115123125783e-16,5.551115123125783e-16,True
P01,shape_sorter_interaction,1,shape_sorter_interaction_s1_29.000,29.0,31.0,valence,1,face,logreg,0.5650913983698297,1,0.5650913983698299,1,2.220446049250313e-16,2.220446049250313e-16,True
P01,shape_sorter_interaction,1,shape_sorter_interaction_s1_30.000,30.0,32.0,valence,1,face,logreg,0.560200606247625,1,0.5602006062476252,1,2.220446049250313e-16,2.220446049250313e-16,True
P01,shape_sorter_interaction,1,shape_sorter_interaction_s1_31.000,31.0,33.0,valence,1,face,logreg,0.5521944816204855,1,0.5521944816204857,1,2.220446049250313e-16,2.220446049250313e-16,True
P01,shape_sorter_interaction,1,shape_sorter_interaction_s1_32.000,32.0,34.0,valence,1,face,logreg,0.537965264607511,1,0.5379652646075115,1,4.440892098500626e-16,4.440892098500626e-16,True
P01,shape_sorter_interaction,1,shape_sorter_interaction_s1_33.000,33.0,35.0,valence,1,face,logreg,0.5201399044641374,1,0.5201399044641378,1,4.440892098500626e-16,4.440892098500626e-16,True
P01,shape_sorter_interaction,1,shape_sorter_interaction_s1_34.000,34.0,36.0,valence,1,face,logreg,0.5673902275284067,1,0.5673902275284072,1,4.440892098500626e-16,4.440892098500626e-16,True
P01,shape_sorter_interaction,1,shape_sorter_interaction_s1_35.000,35.0,37.0,valence,1,face,logreg,0.5878164397969361,1,0.5866979915653804,1,-0.0011184482315557132,0.0011184482315557132,True
P01,shape_sorter_interaction,1,shape_sorter_interaction_s1_36.000,36.0,38.0,valence,1,face,logreg,0.5567545753921428,1,0.555378450201913,1,-0.0013761251902297822,0.0013761251902297822,True
P01,shape_sorter_interaction,1,shape_sorter_interaction_s1_37.000,37.0,39.0,valence,1,face,logreg,0.5535625081289692,1,0.5523237073704937,1,-0.001238800758475489,0.001238800758475489,True
P01,shape_sorter_interaction,1,shape_sorter_interaction_s1_38.000,38.0,40.0,valence,1,face,logreg,0.535161806383281,1,0.5358113560166177,1,0.0006495496333366324,0.0006495496333366324,True
P01,shape_sorter_interaction,1,shape_sorter_interaction_s1_39.000,39.0,41.0,valence,1,face,logreg,0.5112371792670519,1,0.5110715008349326,1,-0.00016567843211934274,0.00016567843211934274,True
P01,shape_sorter_interaction,1,shape_sorter_interaction_s1_40.000,40.0,42.0,valence,1,face,logreg,0.5051787507381712,1,0.5053076514105269,1,0.000128900672355714,0.000128900672355714,True
P01,shape_sorter_interaction,1,shape_sorter_interaction_s1_41.000,41.0,43.0,valence,1,face,logreg,0.5685110088242763,1,0.5641202303278624,1,-0.004390778496413894,0.004390778496413894,True
P01,shape_sorter_interaction,1,shape_sorter_interaction_s1_42.000,42.0,44.0,valence,1,face,logreg,0.6547791048936036,1,0.6553634141150741,1,0.0005843092214705692,0.0005843092214705692,True
P01,shape_sorter_interaction,1,shape_sorter_interaction_s1_43.000,43.0,45.0,valence,1,face,logreg,0.585796266983201,1,0.5831863519955539,1,-0.002609914987647066,0.002609914987647066,True
P01,shape_sorter_interaction,1,shape_sorter_interaction_s1_44.000,44.0,46.0,valence,1,face,logreg,0.6005166941444579,1,0.6012087854892978,1,0.0006920913448399402,0.0006920913448399402,True
P01,shape_sorter_interaction,1,shape_sorter_interaction_s1_45.000,45.0,47.0,valence,1,face,logreg,0.5801211450273928,1,0.5792923677791701,1,-0.0008287772482226119,0.0008287772482226119,True
P01,shape_sorter_interaction,1,shape_sorter_interaction_s1_46.000,46.0,48.0,valence,1,face,logreg,0.5858631051875022,1,0.5855887049073779,1,-0.0002744002801242651,0.0002744002801242651,True
P01,shape_sorter_interaction,1,shape_sorter_interaction_s1_47.000,47.0,49.0,valence,1,face,logreg,0.5911376088758026,1,0.5932700810172223,1,0.002132472141419761,0.002132472141419761,True
P01,shape_sorter_interaction,1,shape_sorter_interaction_s1_48.000,48.0,50.0,valence,1,face,logreg,0.5877160774299229,1,0.5878381483925686,1,0.00012207096264571504,0.00012207096264571504,True
P01,shape_sorter_interaction,1,shape_sorter_interaction_s1_49.000,49.0,51.0,valence,1,face,logreg,0.5483956257889377,1,0.5489883288191795,1,0.0005927030302417258,0.0005927030302417258,True
P01,shape_sorter_interaction,1,shape_sorter_interaction_s1_50.000,50.0,52.0,valence,1,face,logreg,0.5271533585013457,1,0.5281070271001859,1,0.0009536685988401628,0.0009536685988401628,True
P01,shape_sorter_interaction,1,shape_sorter_interaction_s1_51.000,51.0,53.0,valence,1,face,logreg,0.5768952413687437,1,0.5776538754674869,1,0.0007586340987432161,0.0007586340987432161,True
P01,shape_sorter_interaction,1,shape_sorter_interaction_s1_52.000,52.0,54.0,valence,1,face,logreg,0.5734091705292095,1,0.573309226934166,1,-9.99435950435057e-05,9.99435950435057e-05,True
P01,shape_sorter_interaction,1,shape_sorter_interaction_s1_53.000,53.0,55.0,valence,1,face,logreg,0.596444034587773,1,0.5931155179459027,1,-0.0033285166418702827,0.0033285166418702827,True
P01,shape_sorter_interaction,1,shape_sorter_interaction_s1_54.000,54.0,56.0,valence,1,face,logreg,0.5941158363620341,1,0.5958255631196221,1,0.0017097267575879593,0.0017097267575879593,True
P01,shape_sorter_interaction,1,shape_sorter_interaction_s1_55.000,55.0,57.0,valence,1,face,logreg,0.5775757990912548,1,0.577135623277214,1,-0.00044017581404076633,0.00044017581404076633,True
P01,shape_sorter_interaction,1,shape_sorter_interaction_s1_56.000,56.0,58.0,valence,1,face,logreg,0.5726399543046481,1,0.5754059438096149,1,0.0027659895049667593,0.0027659895049667593,True
P01,shape_sorter_interaction,1,shape_sorter_interaction_s1_57.000,57.0,59.0,valence,1,face,logreg,0.5448631105474873,1,0.5442154835018023,1,-0.0006476270456849953,0.0006476270456849953,True
P01,shape_sorter_interaction,1,shape_sorter_interaction_s1_58.000,58.0,60.0,valence,1,face,logreg,0.5585767751044867,1,0.5565309859230665,1,-0.0020457891814201767,0.0020457891814201767,True
P01,shape_sorter_interaction,1,shape_sorter_interaction_s1_59.000,59.0,61.0,valence,1,face,logreg,0.6763347535959834,1,0.6752599541896628,1,-0.0010747994063206034,0.0010747994063206034,True
P01,shape_sorter_interaction,1,shape_sorter_interaction_s1_60.000,60.0,62.0,valence,1,face,logreg,0.5868424815255454,1,0.590598374268797,1,0.00375589274325161,0.00375589274325161,True
P01,shape_sorter_interaction,1,shape_sorter_interaction_s1_61.000,61.0,63.0,valence,1,face,logreg,0.7109434970862079,1,0.7110697341018578,1,0.00012623701564995482,0.00012623701564995482,True
P01,shape_sorter_interaction,1,shape_sorter_interaction_s1_62.000,62.0,64.0,valence,1,face,logreg,0.6316152158512633,1,0.6367428367820608,1,0.0051276209307974385,0.0051276209307974385,True
P01,shape_sorter_interaction,1,shape_sorter_interaction_s1_63.000,63.0,65.0,valence,1,face,logreg,0.5968862719416362,1,0.5980312581100252,1,0.001144986168388984,0.001144986168388984,True
P01,shape_sorter_interaction,1,shape_sorter_interaction_s1_64.000,64.0,66.0,valence,1,face,logreg,0.5321915041617261,1,0.5282750108963139,1,-0.003916493265412213,0.003916493265412213,True
P01,shape_sorter_interaction,1,shape_sorter_interaction_s1_65.000,65.0,67.0,valence,1,face,logreg,0.55369064754686,1,0.5553134669791496,1,0.0016228194322895906,0.0016228194322895906,True
P01,shape_sorter_interaction,1,shape_sorter_interaction_s1_66.000,66.0,68.0,valence,1,face,logreg,0.5502595858494326,1,0.5511836055117162,1,0.000924019662283615,0.000924019662283615,True
P01,shape_sorter_interaction,1,shape_sorter_interaction_s1_67.000,67.0,69.0,valence,1,face,logreg,0.5245372553275628,1,0.5246553043391314,1,0.00011804901156864389,0.00011804901156864389,True
P01,shape_sorter_interaction,1,shape_sorter_interaction_s1_68.000,68.0,70.0,valence,1,face,logreg,0.528104915168338,1,0.5277660449645178,1,-0.0003388702038201741,0.0003388702038201741,True
P01,shape_sorter_interaction,1,shape_sorter_interaction_s1_69.000,69.0,71.0,valence,1,face,logreg,0.5559413974210595,1,0.5572964478833476,1,0.001355050462288121,0.001355050462288121,True
P01,shape_sorter_interaction,1,shape_sorter_interaction_s1_70.000,70.0,72.0,valence,1,face,logreg,0.5566977310852039,1,0.5494908294004197,1,-0.007206901684784217,0.007206901684784217,True
P01,shape_sorter_interaction,1,shape_sorter_interaction_s1_71.000,71.0,73.0,valence,1,face,logreg,0.5852807713980217,1,0.5867047882236869,1,0.0014240168256651753,0.0014240168256651753,True
P01,shape_sorter_interaction,1,shape_sorter_interaction_s1_72.000,72.0,74.0,valence,1,face,logreg,0.5905071056974628,1,0.5905501560905723,1,4.3050393109478335e-05,4.3050393109478335e-05,True
P01,shape_sorter_interaction,1,shape_sorter_interaction_s1_73.000,73.0,75.0,valence,1,face,logreg,0.5849177209906784,1,0.5845259798547736,1,-0.00039174113590478843,0.00039174113590478843,True
P01,shape_sorter_interaction,1,shape_sorter_interaction_s1_74.000,74.0,76.0,valence,1,face,logreg,0.5292513066956656,1,0.5285914710472522,1,-0.0006598356484133205,0.0006598356484133205,True
P01,shape_sorter_interaction,1,shape_sorter_interaction_s1_75.000,75.0,77.0,valence,1,face,logreg,0.5450692423717747,1,0.5449299464636586,1,-0.00013929590811612158,0.00013929590811612158,True
P01,shape_sorter_interaction,1,shape_sorter_interaction_s1_76.000,76.0,78.0,valence,1,face,logreg,0.6451412886691721,1,0.6379215405761153,1,-0.00721974809305681,0.00721974809305681,True
P01,shape_sorter_interaction,1,shape_sorter_interaction_s1_77.000,77.0,79.0,valence,1,face,logreg,0.6692487168971302,1,0.6706847378230705,1,0.0014360209259403067,0.0014360209259403067,True
P01,shape_sorter_interaction,1,shape_sorter_interaction_s1_78.000,78.0,80.0,valence,1,face,logreg,0.6876157028957983,1,0.6772049419174492,1,-0.010410760978349143,0.010410760978349143,True
P01,shape_sorter_interaction,1,shape_sorter_interaction_s1_79.000,79.0,81.0,valence,1,face,logreg,0.7431888783303038,1,0.7472787076604905,1,0.004089829330186756,0.004089829330186756,True
P01,shape_sorter_interaction,1,shape_sorter_interaction_s1_80.000,80.0,82.0,valence,1,face,logreg,0.4320272369319916,0,0.4344727822557049,0,0.0024455453237133273,0.0024455453237133273,True
P01,shape_sorter_interaction,1,shape_sorter_interaction_s1_81.000,81.0,83.0,valence,1,face,logreg,0.701142920982846,1,0.6947314064382719,1,-0.006411514544574115,0.006411514544574115,True
P01,shape_sorter_interaction,1,shape_sorter_interaction_s1_82.000,82.0,84.0,valence,1,face,logreg,0.7700938598221994,1,0.7676323649735358,1,-0.002461494848663537,0.002461494848663537,True
P01,pick_place,1,pick_place_s1_24.000,24.0,26.0,valence,2,face,gnb,0.6059278678187211,1,0.6059278678187228,1,1.6653345369377348e-15,1.6653345369377348e-15,True
P01,pick_place,1,pick_place_s1_25.000,25.0,27.0,valence,2,face,gnb,0.6131199081318423,1,0.6131199081318444,1,2.1094237467877974e-15,2.1094237467877974e-15,True
P01,pick_place,1,pick_place_s1_26.000,26.0,28.0,valence,2,face,gnb,0.5496645028934721,1,0.5496645028934809,1,8.770761894538737e-15,8.770761894538737e-15,True
P01,pick_place,1,pick_place_s1_27.000,27.0,29.0,valence,2,face,gnb,0.992532285668021,1,0.992532285668021,1,0.0,0.0,True
P01,pick_place,1,pick_place_s1_28.000,28.0,30.0,valence,2,face,gnb,0.8218146952687279,1,0.8218146952687315,1,3.6637359812630166e-15,3.6637359812630166e-15,True
P01,pick_place,1,pick_place_s1_29.000,29.0,31.0,valence,2,face,gnb,0.310609675525927,0,0.31060967552592894,0,1.942890293094024e-15,1.942890293094024e-15,True
P01,pick_place,1,pick_place_s1_30.000,30.0,32.0,valence,2,face,gnb,0.317948389530462,0,0.3179483895304631,0,1.1102230246251565e-15,1.1102230246251565e-15,True
P01,pick_place,1,pick_place_s1_31.000,31.0,33.0,valence,2,face,gnb,0.3876936219827886,0,0.3876936219827918,0,3.164135620181696e-15,3.164135620181696e-15,True
P01,pick_place,1,pick_place_s1_32.000,32.0,34.0,valence,2,face,gnb,0.9996285284919572,1,0.9996285284919572,1,0.0,0.0,True
P01,pick_place,1,pick_place_s1_33.000,33.0,35.0,valence,2,face,gnb,0.9842333687421898,1,0.9842333687421898,1,0.0,0.0,True
P01,pick_place,1,pick_place_s1_34.000,34.0,36.0,valence,2,face,gnb,0.9999689971325252,1,0.9999689971325251,1,-1.1102230246251565e-16,1.1102230246251565e-16,True
P01,pick_place,1,pick_place_s1_35.000,35.0,37.0,valence,2,face,gnb,0.9986572748265432,1,0.9986572748265431,1,-1.1102230246251565e-16,1.1102230246251565e-16,True
P01,pick_place,1,pick_place_s1_36.000,36.0,38.0,valence,2,face,gnb,0.0112771809033403,0,0.011277180903340532,0,2.3245294578089215e-16,2.3245294578089215e-16,True
P01,pick_place,1,pick_place_s1_37.000,37.0,39.0,valence,2,face,gnb,0.0070958974021311,0,0.0070958974021312436,0,1.43982048506075e-16,1.43982048506075e-16,True
P01,pick_place,1,pick_place_s1_38.000,38.0,40.0,valence,2,face,gnb,0.0028903791182592,0,0.0028903791182592997,0,9.974659986866641e-17,9.974659986866641e-17,True
P01,pick_place,1,pick_place_s1_39.000,39.0,41.0,valence,2,face,gnb,0.0004178394651018,0,0.0004178394651018052,0,5.204170427930421e-18,5.204170427930421e-18,True
P01,pick_place,1,pick_place_s1_40.000,40.0,42.0,valence,2,face,gnb,0.104121528533414,0,0.1041215285334137,0,-3.0531133177191805e-16,3.0531133177191805e-16,True
P01,pick_place,1,pick_place_s1_41.000,41.0,43.0,valence,2,face,gnb,0.2522324760857433,0,0.2522324760857486,0,5.329070518200751e-15,5.329070518200751e-15,True
P01,pick_place,1,pick_place_s1_42.000,42.0,44.0,valence,2,face,gnb,0.00152221871623,0,0.001522218716230032,0,3.187554387107383e-17,3.187554387107383e-17,True
P01,shape_sorter_observation,1,shape_sorter_observation_s1_25.000,25.0,27.0,valence,2,face,gnb,0.999999687553756,1,0.9999998622373761,1,1.7468362012440508e-07,1.7468362012440508e-07,True
P01,shape_sorter_observation,1,shape_sorter_observation_s1_26.000,26.0,28.0,valence,2,face,gnb,0.9999999999642027,1,0.999999999985171,1,2.096822715458302e-11,2.096822715458302e-11,True
P01,shape_sorter_observation,1,shape_sorter_observation_s1_27.000,27.0,29.0,valence,2,face,gnb,0.0990757248111747,0,0.1260152244365945,0,0.02693949962541979,0.02693949962541979,True
P01,shape_sorter_observation,1,shape_sorter_observation_s1_28.000,28.0,30.0,valence,2,face,gnb,0.0758878977736121,0,0.07670565213103189,0,0.0008177543574197921,0.0008177543574197921,True
P01,shape_sorter_observation,1,shape_sorter_observation_s1_29.000,29.0,31.0,valence,2,face,gnb,0.1085924678741213,0,0.10497809254305072,0,-0.0036143753310705767,0.0036143753310705767,True
P01,shape_sorter_observation,1,shape_sorter_observation_s1_30.000,30.0,32.0,valence,2,face,gnb,0.999999841586048,1,0.9999996006464131,1,-2.4093963491012005e-07,2.4093963491012005e-07,True
P01,shape_sorter_observation,1,shape_sorter_observation_s1_31.000,31.0,33.0,valence,2,face,gnb,0.999996713069228,1,0.9999985705345885,1,1.8574653605218927e-06,1.8574653605218927e-06,True
P01,shape_sorter_observation,1,shape_sorter_observation_s1_32.000,32.0,34.0,valence,2,face,gnb,0.9967473721746988,1,0.9973788261652569,1,0.000631453990558084,0.000631453990558084,True
P01,shape_sorter_observation,1,shape_sorter_observation_s1_33.000,33.0,35.0,valence,2,face,gnb,0.3746050359458098,0,0.3783890359913536,0,0.0037840000455438005,0.0037840000455438005,True
P01,shape_sorter_observation,1,shape_sorter_observation_s1_34.000,34.0,36.0,valence,2,face,gnb,0.5798592650611274,1,0.49962838002320115,0,-0.08023088503792625,0.08023088503792625,False
P01,shape_sorter_observation,1,shape_sorter_observation_s1_35.000,35.0,37.0,valence,2,face,gnb,0.790501395003682,1,0.8019364451254917,1,0.011435050121809676,0.011435050121809676,True
P01,shape_sorter_observation,1,shape_sorter_observation_s1_36.000,36.0,38.0,valence,2,face,gnb,0.908184097828158,1,0.9171667012649881,1,0.008982603436830106,0.008982603436830106,True
P01,shape_sorter_observation,1,shape_sorter_observation_s1_37.000,37.0,39.0,valence,2,face,gnb,0.9913121250826016,1,0.9913121250826017,1,1.1102230246251565e-16,1.1102230246251565e-16,True
P01,shape_sorter_observation,1,shape_sorter_observation_s1_38.000,38.0,40.0,valence,2,face,gnb,0.8946663981595284,1,0.8946663981595301,1,1.6653345369377348e-15,1.6653345369377348e-15,True
P01,shape_sorter_observation,1,shape_sorter_observation_s1_39.000,39.0,41.0,valence,2,face,gnb,0.242461243206968,0,0.24246124320697063,0,2.6367796834847468e-15,2.6367796834847468e-15,True
P01,shape_sorter_observation,1,shape_sorter_observation_s1_40.000,40.0,42.0,valence,2,face,gnb,0.997878491113514,1,0.9978784911135141,1,1.1102230246251565e-16,1.1102230246251565e-16,True
P01,shape_sorter_observation,1,shape_sorter_observation_s1_41.000,41.0,43.0,valence,2,face,gnb,0.9897201883832916,1,0.9897201883832935,1,1.887379141862766e-15,1.887379141862766e-15,True
P01,shape_sorter_observation,1,shape_sorter_observation_s1_42.000,42.0,44.0,valence,2,face,gnb,0.7564655863502507,1,0.7564655863502521,1,1.3322676295501878e-15,1.3322676295501878e-15,True
P01,shape_sorter_observation,1,shape_sorter_observation_s1_43.000,43.0,45.0,valence,2,face,gnb,0.4808021622450966,0,0.4808021622451004,0,3.83026943495679e-15,3.83026943495679e-15,True
P01,shape_sorter_observation,1,shape_sorter_observation_s1_44.000,44.0,46.0,valence,2,face,gnb,0.7084191888693825,1,0.7084191888693863,1,3.774758283725532e-15,3.774758283725532e-15,True
P01,shape_sorter_observation,1,shape_sorter_observation_s1_45.000,45.0,47.0,valence,2,face,gnb,0.7029964198740145,1,0.702996419874019,1,4.440892098500626e-15,4.440892098500626e-15,True
P01,shape_sorter_observation,1,shape_sorter_observation_s1_46.000,46.0,48.0,valence,2,face,gnb,0.6330636725817766,1,0.6330636725817856,1,8.992806499463768e-15,8.992806499463768e-15,True
P01,shape_sorter_observation,1,shape_sorter_observation_s1_47.000,47.0,49.0,valence,2,face,gnb,0.3643549002130811,0,0.3643549002130853,0,4.218847493575595e-15,4.218847493575595e-15,True
P01,shape_sorter_observation,1,shape_sorter_observation_s1_48.000,48.0,50.0,valence,2,face,gnb,0.4303870461897705,0,0.4303870461897736,0,3.1086244689504383e-15,3.1086244689504383e-15,True
P01,shape_sorter_observation,1,shape_sorter_observation_s1_49.000,49.0,51.0,valence,2,face,gnb,0.5262138409023317,1,0.5262138409023354,1,3.6637359812630166e-15,3.6637359812630166e-15,True
P01,shape_sorter_observation,1,shape_sorter_observation_s1_50.000,50.0,52.0,valence,2,face,gnb,0.2681868644503429,0,0.26818686445034534,0,2.4424906541753444e-15,2.4424906541753444e-15,True
P01,shape_sorter_observation,1,shape_sorter_observation_s1_51.000,51.0,53.0,valence,2,face,gnb,0.2204584125607938,0,0.22045841256079698,0,3.191891195797325e-15,3.191891195797325e-15,True
P01,shape_sorter_observation,1,shape_sorter_observation_s1_52.000,52.0,54.0,valence,2,face,gnb,0.976799484032268,1,0.9767994840322679,1,-1.1102230246251565e-16,1.1102230246251565e-16,True
P01,shape_sorter_observation,1,shape_sorter_observation_s1_53.000,53.0,55.0,valence,2,face,gnb,0.990693479265632,1,0.9906934792656337,1,1.6653345369377348e-15,1.6653345369377348e-15,True
P01,shape_sorter_observation,1,shape_sorter_observation_s1_54.000,54.0,56.0,valence,2,face,gnb,0.9904275394668371,1,0.9904275394668373,1,1.1102230246251565e-16,1.1102230246251565e-16,True
P01,shape_sorter_observation,1,shape_sorter_observation_s1_55.000,55.0,57.0,valence,2,face,gnb,0.9719116536374762,1,0.971911653637478,1,1.7763568394002505e-15,1.7763568394002505e-15,True
P01,shape_sorter_observation,1,shape_sorter_observation_s1_56.000,56.0,58.0,valence,2,face,gnb,0.8049377881190891,1,0.8049377881190904,1,1.3322676295501878e-15,1.3322676295501878e-15,True
P01,shape_sorter_observation,1,shape_sorter_observation_s1_57.000,57.0,59.0,valence,2,face,gnb,0.9999999928901177,1,0.9999999928901175,1,-1.1102230246251565e-16,1.1102230246251565e-16,True
P01,shape_sorter_observation,1,shape_sorter_observation_s1_58.000,58.0,60.0,valence,2,face,gnb,0.9999999851820754,1,0.9999999851820754,1,0.0,0.0,True
P01,shape_sorter_observation,1,shape_sorter_observation_s1_59.000,59.0,61.0,valence,2,face,gnb,0.9999999975035224,1,0.9999999975035223,1,-1.1102230246251565e-16,1.1102230246251565e-16,True
P01,shape_sorter_observation,1,shape_sorter_observation_s1_60.000,60.0,62.0,valence,2,face,gnb,0.9997750469334984,1,0.9997750469334985,1,1.1102230246251565e-16,1.1102230246251565e-16,True
P01,shape_sorter_observation,1,shape_sorter_observation_s1_61.000,61.0,63.0,valence,2,face,gnb,0.0001054288722783,0,0.00010542887227838306,0,8.306343893954571e-17,8.306343893954571e-17,True
P01,shape_sorter_observation,1,shape_sorter_observation_s1_62.000,62.0,64.0,valence,2,face,gnb,5.011313730180328e-05,0,5.011313730180292e-05,0,-3.5914196963582334e-19,3.5914196963582334e-19,True
P01,stack,1,stack_s1_21.000,21.0,23.0,valence,2,face,gnb,0.0426022233353828,0,0.08973220232110253,0,0.04712997898571973,0.04712997898571973,True
P01,stack,1,stack_s1_22.000,22.0,24.0,valence,2,face,gnb,0.9625752751021348,1,0.9625752751021347,1,-1.1102230246251565e-16,1.1102230246251565e-16,True
P01,stack,1,stack_s1_23.000,23.0,25.0,valence,2,face,gnb,0.9999931637494132,1,0.9999931637494133,1,1.1102230246251565e-16,1.1102230246251565e-16,True
P01,stack,1,stack_s1_24.000,24.0,26.0,valence,2,face,gnb,0.9998965423983044,1,0.9998965423983043,1,-1.1102230246251565e-16,1.1102230246251565e-16,True
P01,stack,1,stack_s1_25.000,25.0,27.0,valence,2,face,gnb,0.9306954985496964,1,0.9306954985496965,1,1.1102230246251565e-16,1.1102230246251565e-16,True
P01,stack,1,stack_s1_26.000,26.0,28.0,valence,2,face,gnb,1.0,1,1.0,1,0.0,0.0,True
P01,stack,1,stack_s1_27.000,27.0,29.0,valence,2,face,gnb,1.0,1,1.0,1,0.0,0.0,True
P01,stack,1,stack_s1_28.000,28.0,30.0,valence,2,face,gnb,1.0,1,1.0,1,0.0,0.0,True
P01,stack,1,stack_s1_29.000,29.0,31.0,valence,2,face,gnb,1.0,1,1.0,1,0.0,0.0,True
P01,stack,1,stack_s1_30.000,30.0,32.0,valence,2,face,gnb,0.9192976303091932,1,0.9192976303091955,1,2.3314683517128287e-15,2.3314683517128287e-15,True
P01,stack,1,stack_s1_31.000,31.0,33.0,valence,2,face,gnb,0.3098962423695575,0,0.3098962423695595,0,1.9984014443252818e-15,1.9984014443252818e-15,True
P01,stack,1,stack_s1_32.000,32.0,34.0,valence,2,face,gnb,0.3694860296982827,0,0.36948602969828664,0,3.941291737419306e-15,3.941291737419306e-15,True
P01,stack,1,stack_s1_33.000,33.0,35.0,valence,2,face,gnb,0.999547990479733,1,0.999547990479733,1,0.0,0.0,True
P01,stack,1,stack_s1_34.000,34.0,36.0,valence,2,face,gnb,0.9999851774631148,1,0.9999851774631147,1,-1.1102230246251565e-16,1.1102230246251565e-16,True
P01,stack,1,stack_s1_35.000,35.0,37.0,valence,2,face,gnb,0.9927169652741518,1,0.9927169652741535,1,1.7763568394002505e-15,1.7763568394002505e-15,True
P01,stack,1,stack_s1_36.000,36.0,38.0,valence,2,face,gnb,0.9996344181540804,1,0.9996344181540805,1,1.1102230246251565e-16,1.1102230246251565e-16,True
P01,stack,1,stack_s1_37.000,37.0,39.0,valence,2,face,gnb,0.2748347996260795,0,0.2748347996260839,0,4.440892098500626e-15,4.440892098500626e-15,True
P01,stack,1,stack_s1_38.000,38.0,40.0,valence,2,face,gnb,0.6838606223797259,1,0.6838606223797332,1,7.327471962526033e-15,7.327471962526033e-15,True
P01,stack,1,stack_s1_39.000,39.0,41.0,valence,2,face,gnb,0.4498272042108983,0,0.44982720421090033,0,2.0539125955565396e-15,2.0539125955565396e-15,True
P01,stack,1,stack_s1_40.000,40.0,42.0,valence,2,face,gnb,0.2944640153125019,0,0.29446401531250294,0,1.0547118733938987e-15,1.0547118733938987e-15,True
P01,stack,1,stack_s1_41.000,41.0,43.0,valence,2,face,gnb,0.693121416839877,1,0.6931214168398857,1,8.659739592076221e-15,8.659739592076221e-15,True
P01,stack,1,stack_s1_42.000,42.0,44.0,valence,2,face,gnb,0.999808093421194,1,0.9998080934211939,1,-1.1102230246251565e-16,1.1102230246251565e-16,True
P01,stack,1,stack_s1_43.000,43.0,45.0,valence,2,face,gnb,0.3175214073554609,0,0.3175214073554654,0,4.496403249731884e-15,4.496403249731884e-15,True
P01,stack,1,stack_s1_44.000,44.0,46.0,valence,2,face,gnb,0.1372123190383594,0,0.13721231903836015,0,7.494005416219807e-16,7.494005416219807e-16,True
P01,stack,1,stack_s1_45.000,45.0,47.0,valence,2,face,gnb,0.1938402756037719,0,0.1938402756037709,0,-9.992007221626409e-16,9.992007221626409e-16,True
P01,stack,1,stack_s1_46.000,46.0,48.0,valence,2,face,gnb,0.2861745356222102,0,0.2861745356222097,0,-4.996003610813204e-16,4.996003610813204e-16,True
P01,stack,1,stack_s1_47.000,47.0,49.0,valence,2,face,gnb,0.9302016039520042,1,0.9302016039520059,1,1.6653345369377348e-15,1.6653345369377348e-15,True
P01,stack,1,stack_s1_48.000,48.0,50.0,valence,2,face,gnb,0.9963090543700058,1,0.9963090543700058,1,0.0,0.0,True
P01,stack,1,stack_s1_49.000,49.0,51.0,valence,2,face,gnb,0.9844352754303312,1,0.9844352754303313,1,1.1102230246251565e-16,1.1102230246251565e-16,True
P01,stack,1,stack_s1_50.000,50.0,52.0,valence,2,face,gnb,0.9910452458999522,1,0.9910452458999522,1,0.0,0.0,True
P01,stack,1,stack_s1_51.000,51.0,53.0,valence,2,face,gnb,0.8165951579123367,1,0.816595157912341,1,4.3298697960381105e-15,4.3298697960381105e-15,True
P01,stack,1,stack_s1_52.000,52.0,54.0,valence,2,face,gnb,0.980904952304209,1,0.980904952304209,1,0.0,0.0,True
P01,stack,1,stack_s1_53.000,53.0,55.0,valence,2,face,gnb,0.950813946791162,1,0.9508139467911637,1,1.6653345369377348e-15,1.6653345369377348e-15,True
P01,stack,1,stack_s1_54.000,54.0,56.0,valence,2,face,gnb,0.2939503827935111,0,0.29395038279351243,0,1.3322676295501878e-15,1.3322676295501878e-15,True
P01,stack,1,stack_s1_55.000,55.0,57.0,valence,2,face,gnb,0.7513433747453012,1,0.7513433747453065,1,5.329070518200751e-15,5.329070518200751e-15,True
P01,stack,1,stack_s1_56.000,56.0,58.0,valence,2,face,gnb,0.9792401887257738,1,0.9792401887257738,1,0.0,0.0,True
P01,stack,1,stack_s1_57.000,57.0,59.0,valence,2,face,gnb,0.7175428347094855,1,0.7175428347094894,1,3.885780586188048e-15,3.885780586188048e-15,True
P01,stack,1,stack_s1_58.000,58.0,60.0,valence,2,face,gnb,0.5197231236731363,1,0.5197231236731442,1,7.882583474838611e-15,7.882583474838611e-15,True
P01,stack,1,stack_s1_59.000,59.0,61.0,valence,2,face,gnb,0.4736741366395922,0,0.47367413663959806,0,5.88418203051333e-15,5.88418203051333e-15,True
P01,stack,1,stack_s1_60.000,60.0,62.0,valence,2,face,gnb,0.3091897250627468,0,0.3091897250627481,0,1.3322676295501878e-15,1.3322676295501878e-15,True
P01,stack,1,stack_s1_61.000,61.0,63.0,valence,2,face,gnb,0.2279581885742903,0,0.22795818857428957,0,-7.216449660063518e-16,7.216449660063518e-16,True
P01,stack,1,stack_s1_62.000,62.0,64.0,valence,2,face,gnb,0.2771104182111348,0,0.2771104182111348,0,0.0,0.0,True
P01,stack,1,stack_s1_63.000,63.0,65.0,valence,2,face,gnb,0.8178177914235234,1,0.8178177914235277,1,4.3298697960381105e-15,4.3298697960381105e-15,True
P01,stack,1,stack_s1_64.000,64.0,66.0,valence,2,face,gnb,0.5850154369301072,1,0.5850154369301175,1,1.0325074129013956e-14,1.0325074129013956e-14,True
P01,stack,1,stack_s1_65.000,65.0,67.0,valence,2,face,gnb,0.9581247572090308,1,0.9581247572090341,1,3.3306690738754696e-15,3.3306690738754696e-15,True
P01,stack,1,stack_s1_66.000,66.0,68.0,valence,2,face,gnb,0.996136362431984,1,0.9961363624319841,1,1.1102230246251565e-16,1.1102230246251565e-16,True
P01,stack,1,stack_s1_67.000,67.0,69.0,valence,2,face,gnb,1.0,1,1.0,1,0.0,0.0,True
P01,stack,1,stack_s1_68.000,68.0,70.0,valence,2,face,gnb,0.9999999999997726,1,0.9999999999997726,1,0.0,0.0,True
P01,sisyphus,1,sisyphus_s1_22.000,22.0,24.0,valence,2,face,gnb,0.0627902718076084,0,0.06279027180760868,0,2.7755575615628914e-16,2.7755575615628914e-16,True
P01,sisyphus,1,sisyphus_s1_23.000,23.0,25.0,valence,2,face,gnb,0.0429672107146102,0,0.04296721071461068,0,4.787836793695988e-16,4.787836793695988e-16,True
P01,sisyphus,1,sisyphus_s1_24.000,24.0,26.0,valence,2,face,gnb,0.0247388340378515,0,0.024738834037851605,0,1.0408340855860843e-16,1.0408340855860843e-16,True
P01,sisyphus,1,sisyphus_s1_25.000,25.0,27.0,valence,2,face,gnb,0.0277998576290998,0,0.02779985762910001,0,2.0816681711721685e-16,2.0816681711721685e-16,True
P01,sisyphus,1,sisyphus_s1_26.000,26.0,28.0,valence,2,face,gnb,0.0335188973062346,0,0.03351889730623517,0,5.689893001203927e-16,5.689893001203927e-16,True
P01,sisyphus,1,sisyphus_s1_27.000,27.0,29.0,valence,2,face,gnb,0.1204200562951493,0,0.12042005629515239,0,3.0808688933348094e-15,3.0808688933348094e-15,True
P01,sisyphus,1,sisyphus_s1_28.000,28.0,30.0,valence,2,face,gnb,0.0545447865392959,0,0.05454478653929594,0,4.163336342344337e-17,4.163336342344337e-17,True
P01,sisyphus,1,sisyphus_s1_29.000,29.0,31.0,valence,2,face,gnb,0.0560425761482372,0,0.056042576148236996,0,-2.0122792321330962e-16,2.0122792321330962e-16,True
P01,sisyphus,1,sisyphus_s1_30.000,30.0,32.0,valence,2,face,gnb,0.4434375294850635,0,0.44343752948506826,0,4.773959005888173e-15,4.773959005888173e-15,True
P01,sisyphus,1,sisyphus_s1_31.000,31.0,33.0,valence,2,face,gnb,0.997981264265194,1,0.9979812642651941,1,1.1102230246251565e-16,1.1102230246251565e-16,True
P01,sisyphus,1,sisyphus_s1_32.000,32.0,34.0,valence,2,face,gnb,1.0,1,1.0,1,0.0,0.0,True
P01,sisyphus,1,sisyphus_s1_33.000,33.0,35.0,valence,2,face,gnb,0.9998484376801848,1,0.9998484376801847,1,-1.1102230246251565e-16,1.1102230246251565e-16,True
P01,sisyphus,1,sisyphus_s1_34.000,34.0,36.0,valence,2,face,gnb,1.0,1,1.0,1,0.0,0.0,True
P01,sisyphus,1,sisyphus_s1_35.000,35.0,37.0,valence,2,face,gnb,0.9999999918594752,1,0.9999999918594753,1,1.1102230246251565e-16,1.1102230246251565e-16,True
P01,sisyphus,1,sisyphus_s1_36.000,36.0,38.0,valence,2,face,gnb,0.9999999997811956,1,0.9999999997811955,1,-1.1102230246251565e-16,1.1102230246251565e-16,True
P01,sisyphus,1,sisyphus_s1_37.000,37.0,39.0,valence,2,face,gnb,1.0,1,1.0,1,0.0,0.0,True
P01,sisyphus,1,sisyphus_s1_38.000,38.0,40.0,valence,2,face,gnb,0.99998144371458,1,0.9999814437145799,1,-1.1102230246251565e-16,1.1102230246251565e-16,True
P01,sisyphus,1,sisyphus_s1_39.000,39.0,41.0,valence,2,face,gnb,0.9999999993578186,1,0.9999999993578186,1,0.0,0.0,True
P01,sisyphus,1,sisyphus_s1_40.000,40.0,42.0,valence,2,face,gnb,0.131952761119769,0,0.13195276111977045,0,1.4432899320127035e-15,1.4432899320127035e-15,True
P01,sisyphus,1,sisyphus_s1_41.000,41.0,43.0,valence,2,face,gnb,0.2166398610744252,0,0.2166398610744279,0,2.6922908347160046e-15,2.6922908347160046e-15,True
P01,sisyphus,1,sisyphus_s1_42.000,42.0,44.0,valence,2,face,gnb,0.2416399134585711,0,0.24163991345857452,0,3.4139358007223564e-15,3.4139358007223564e-15,True
P01,sisyphus,1,sisyphus_s1_43.000,43.0,45.0,valence,2,face,gnb,0.972486670589902,1,0.972486670589902,1,0.0,0.0,True
P01,sisyphus,1,sisyphus_s1_44.000,44.0,46.0,valence,2,face,gnb,0.9017327209660808,1,0.9017327209660873,1,6.439293542825908e-15,6.439293542825908e-15,True
P01,sisyphus,1,sisyphus_s1_45.000,45.0,47.0,valence,2,face,gnb,0.3364701209931266,0,0.336470120993129,0,2.3869795029440866e-15,2.3869795029440866e-15,True
P01,sisyphus,1,sisyphus_s1_46.000,46.0,48.0,valence,2,face,gnb,0.9999984657192666,1,0.9999984657192666,1,0.0,0.0,True
P01,sisyphus,1,sisyphus_s1_47.000,47.0,49.0,valence,2,face,gnb,0.97122956464528,1,0.9712295646452799,1,-1.1102230246251565e-16,1.1102230246251565e-16,True
P01,sisyphus,1,sisyphus_s1_48.000,48.0,50.0,valence,2,face,gnb,0.9998988194174164,1,0.9998988194174163,1,-1.1102230246251565e-16,1.1102230246251565e-16,True
P01,sisyphus,1,sisyphus_s1_49.000,49.0,51.0,valence,2,face,gnb,0.9181251809956,1,0.9181251809956015,1,1.4432899320127035e-15,1.4432899320127035e-15,True
P01,sisyphus,1,sisyphus_s1_50.000,50.0,52.0,valence,2,face,gnb,0.8234543756368551,1,0.8234543756368595,1,4.440892098500626e-15,4.440892098500626e-15,True
P01,sisyphus,1,sisyphus_s1_51.000,51.0,53.0,valence,2,face,gnb,0.2455116338797215,0,0.24551163387972286,0,1.3600232051658168e-15,1.3600232051658168e-15,True
P01,sisyphus,1,sisyphus_s1_52.000,52.0,54.0,valence,2,face,gnb,0.2250979431744214,0,0.22509794317442267,0,1.27675647831893e-15,1.27675647831893e-15,True
P01,shape_sorter_interaction,1,shape_sorter_interaction_s1_25.000,25.0,27.0,valence,2,face,gnb,0.9984200604370268,1,0.9984200604370268,1,0.0,0.0,True
P01,shape_sorter_interaction,1,shape_sorter_interaction_s1_26.000,26.0,28.0,valence,2,face,gnb,0.9682401276618564,1,0.9682401276618564,1,0.0,0.0,True
P01,shape_sorter_interaction,1,shape_sorter_interaction_s1_27.000,27.0,29.0,valence,2,face,gnb,0.920516050152186,1,0.920516050152186,1,0.0,0.0,True
P01,shape_sorter_interaction,1,shape_sorter_interaction_s1_28.000,28.0,30.0,valence,2,face,gnb,0.0557797385484857,0,0.05577973854848716,0,1.4641066137244252e-15,1.4641066137244252e-15,True
P01,shape_sorter_interaction,1,shape_sorter_interaction_s1_29.000,29.0,31.0,valence,2,face,gnb,0.0639136978914329,0,0.06391369789143433,0,1.429412144204889e-15,1.429412144204889e-15,True
P01,shape_sorter_interaction,1,shape_sorter_interaction_s1_30.000,30.0,32.0,valence,2,face,gnb,0.0573969491958525,0,0.05739694919585315,0,6.522560269672795e-16,6.522560269672795e-16,True
P01,shape_sorter_interaction,1,shape_sorter_interaction_s1_31.000,31.0,33.0,valence,2,face,gnb,0.0499489344026637,0,0.04994893440266463,0,9.298117831235686e-16,9.298117831235686e-16,True
P01,shape_sorter_interaction,1,shape_sorter_interaction_s1_32.000,32.0,34.0,valence,2,face,gnb,0.0321558565748125,0,0.03215585657481288,0,3.8163916471489756e-16,3.8163916471489756e-16,True
P01,shape_sorter_interaction,1,shape_sorter_interaction_s1_33.000,33.0,35.0,valence,2,face,gnb,0.0444088909391513,0,0.04440889093915105,0,-2.498001805406602e-16,2.498001805406602e-16,True
P01,shape_sorter_interaction,1,shape_sorter_interaction_s1_34.000,34.0,36.0,valence,2,face,gnb,0.0468470902862018,0,0.04684709028620336,0,1.5612511283791264e-15,1.5612511283791264e-15,True
P01,shape_sorter_interaction,1,shape_sorter_interaction_s1_35.000,35.0,37.0,valence,2,face,gnb,0.1190780211499032,0,0.10995513974908457,0,-0.009122881400818628,0.009122881400818628,True
P01,shape_sorter_interaction,1,shape_sorter_interaction_s1_36.000,36.0,38.0,valence,2,face,gnb,0.0628650308610204,0,0.060956887068050136,0,-0.00190814379297026,0.00190814379297026,True
P01,shape_sorter_interaction,1,shape_sorter_interaction_s1_37.000,37.0,39.0,valence,2,face,gnb,0.0624763662213509,0,0.0589692653571596,0,-0.003507100864191301,0.003507100864191301,True
P01,shape_sorter_interaction,1,shape_sorter_interaction_s1_38.000,38.0,40.0,valence,2,face,gnb,0.1367002918672219,0,0.13601278118529558,0,-0.0006875106819263233,0.0006875106819263233,True
P01,shape_sorter_interaction,1,shape_sorter_interaction_s1_39.000,39.0,41.0,valence,2,face,gnb,0.1337537932887867,0,0.13424630645450508,0,0.0004925131657183834,0.0004925131657183834,True
P01,shape_sorter_interaction,1,shape_sorter_interaction_s1_40.000,40.0,42.0,valence,2,face,gnb,0.1365009239957793,0,0.1360717912536176,0,-0.00042913274216169195,0.00042913274216169195,True
P01,shape_sorter_interaction,1,shape_sorter_interaction_s1_41.000,41.0,43.0,valence,2,face,gnb,0.8137140677189435,1,0.7217515768037885,1,-0.09196249091515496,0.09196249091515496,True
P01,shape_sorter_interaction,1,shape_sorter_interaction_s1_42.000,42.0,44.0,valence,2,face,gnb,0.9999554812340632,1,0.9999705429613311,1,1.5061727267950964e-05,1.5061727267950964e-05,True
P01,shape_sorter_interaction,1,shape_sorter_interaction_s1_43.000,43.0,45.0,valence,2,face,gnb,0.0489273826647146,0,0.041677135698879944,0,-0.007250246965834657,0.007250246965834657,True
P01,shape_sorter_interaction,1,shape_sorter_interaction_s1_44.000,44.0,46.0,valence,2,face,gnb,0.9499639383548624,1,0.945771551022489,1,-0.004192387332373371,0.004192387332373371,True
P01,shape_sorter_interaction,1,shape_sorter_interaction_s1_45.000,45.0,47.0,valence,2,face,gnb,0.4248287849809899,0,0.41966521241434734,0,-0.005163572566642571,0.005163572566642571,True
P01,shape_sorter_interaction,1,shape_sorter_interaction_s1_46.000,46.0,48.0,valence,2,face,gnb,0.6192784591501012,1,0.5962306262132006,1,-0.023047832936900603,0.023047832936900603,True
P01,shape_sorter_interaction,1,shape_sorter_interaction_s1_47.000,47.0,49.0,valence,2,face,gnb,0.709999269132824,1,0.731166950864852,1,0.021167681732027988,0.021167681732027988,True
P01,shape_sorter_interaction,1,shape_sorter_interaction_s1_48.000,48.0,50.0,valence,2,face,gnb,0.4944615752622958,0,0.5229458693453163,1,0.0284842940830205,0.0284842940830205,False
P01,shape_sorter_interaction,1,shape_sorter_interaction_s1_49.000,49.0,51.0,valence,2,face,gnb,0.0661760170704466,0,0.0662331418174583,0,5.712474701170811e-05,5.712474701170811e-05,True
P01,shape_sorter_interaction,1,shape_sorter_interaction_s1_50.000,50.0,52.0,valence,2,face,gnb,0.0576945108672412,0,0.057400256693877924,0,-0.00029425417336327586,0.00029425417336327586,True
P01,shape_sorter_interaction,1,shape_sorter_interaction_s1_51.000,51.0,53.0,valence,2,face,gnb,0.2110899095028826,0,0.2092233718264111,0,-0.0018665376764714914,0.0018665376764714914,True
P01,shape_sorter_interaction,1,shape_sorter_interaction_s1_52.000,52.0,54.0,valence,2,face,gnb,0.135702043259787,0,0.14285860697206695,0,0.007156563712279962,0.007156563712279962,True
P01,shape_sorter_interaction,1,shape_sorter_interaction_s1_53.000,53.0,55.0,valence,2,face,gnb,0.7091681204243571,1,0.6336230802525916,1,-0.07554504017176544,0.07554504017176544,True
P01,shape_sorter_interaction,1,shape_sorter_interaction_s1_54.000,54.0,56.0,valence,2,face,gnb,0.6972689806133009,1,0.7327550863745567,1,0.03548610576125577,0.03548610576125577,True
P01,shape_sorter_interaction,1,shape_sorter_interaction_s1_55.000,55.0,57.0,valence,2,face,gnb,0.3585078484081628,0,0.3531354539833818,0,-0.005372394424780991,0.005372394424780991,True
P01,shape_sorter_interaction,1,shape_sorter_interaction_s1_56.000,56.0,58.0,valence,2,face,gnb,0.4755301430544936,0,0.5186085054553567,1,0.04307836240086316,0.04307836240086316,False
P01,shape_sorter_interaction,1,shape_sorter_interaction_s1_57.000,57.0,59.0,valence,2,face,gnb,0.1422182585539024,0,0.13985571233232943,0,-0.0023625462215729753,0.0023625462215729753,True
P01,shape_sorter_interaction,1,shape_sorter_interaction_s1_58.000,58.0,60.0,valence,2,face,gnb,0.1547964996346926,0,0.14557953600175594,0,-0.00921696363293667,0.00921696363293667,True
P01,shape_sorter_interaction,1,shape_sorter_interaction_s1_59.000,59.0,61.0,valence,2,face,gnb,0.9999997389580656,1,0.9999996927981957,1,-4.6159869926398756e-08,4.6159869926398756e-08,True
P01,shape_sorter_interaction,1,shape_sorter_interaction_s1_60.000,60.0,62.0,valence,2,face,gnb,0.0594352160987352,0,0.08336714808213218,0,0.02393193198339698,0.02393193198339698,True
P01,shape_sorter_interaction,1,shape_sorter_interaction_s1_61.000,61.0,63.0,valence,2,face,gnb,0.9999999999997656,1,0.9999999999995453,1,-2.2037927038809357e-13,2.2037927038809357e-13,True
P01,shape_sorter_interaction,1,shape_sorter_interaction_s1_62.000,62.0,64.0,valence,2,face,gnb,0.9999858483507704,1,0.9999941855288096,1,8.337178039163895e-06,8.337178039163895e-06,True
P01,shape_sorter_interaction,1,shape_sorter_interaction_s1_63.000,63.0,65.0,valence,2,face,gnb,0.9276854548558018,1,0.9572469298393933,1,0.029561474983591518,0.029561474983591518,True
P01,shape_sorter_interaction,1,shape_sorter_interaction_s1_64.000,64.0,66.0,valence,2,face,gnb,0.1722716798403641,0,0.16644289205315385,0,-0.005828787787210243,0.005828787787210243,True
P01,shape_sorter_interaction,1,shape_sorter_interaction_s1_65.000,65.0,67.0,valence,2,face,gnb,0.338745140878081,0,0.3286034425424567,0,-0.010141698335624283,0.010141698335624283,True
P01,shape_sorter_interaction,1,shape_sorter_interaction_s1_66.000,66.0,68.0,valence,2,face,gnb,0.1129607202040916,0,0.1136761088474966,0,0.0007153886434049933,0.0007153886434049933,True
P01,shape_sorter_interaction,1,shape_sorter_interaction_s1_67.000,67.0,69.0,valence,2,face,gnb,0.0827962056848288,0,0.08233977728094946,0,-0.00045642840387934147,0.00045642840387934147,True
P01,shape_sorter_interaction,1,shape_sorter_interaction_s1_68.000,68.0,70.0,valence,2,face,gnb,0.070287142110826,0,0.07040675762797514,0,0.00011961551714914642,0.00011961551714914642,True
P01,shape_sorter_interaction,1,shape_sorter_interaction_s1_69.000,69.0,71.0,valence,2,face,gnb,0.1119388968240966,0,0.11452989832653261,0,0.002591001502436005,0.002591001502436005,True
P01,shape_sorter_interaction,1,shape_sorter_interaction_s1_70.000,70.0,72.0,valence,2,face,gnb,0.1463927452083985,0,0.12465353678646325,0,-0.02173920842193526,0.02173920842193526,True
P01,shape_sorter_interaction,1,shape_sorter_interaction_s1_71.000,71.0,73.0,valence,2,face,gnb,0.5800635584277918,1,0.5978882112390398,1,0.01782465281124801,0.01782465281124801,True
P01,shape_sorter_interaction,1,shape_sorter_interaction_s1_72.000,72.0,74.0,valence,2,face,gnb,0.6554648073595056,1,0.6632231518472869,1,0.007758344487781232,0.007758344487781232,True
P01,shape_sorter_interaction,1,shape_sorter_interaction_s1_73.000,73.0,75.0,valence,2,face,gnb,0.4433116534380178,0,0.4294964107325214,0,-0.013815242705496389,0.013815242705496389,True
P01,shape_sorter_interaction,1,shape_sorter_interaction_s1_74.000,74.0,76.0,valence,2,face,gnb,0.1021303551726573,0,0.10059492245914149,0,-0.0015354327135158052,0.0015354327135158052,True
P01,shape_sorter_interaction,1,shape_sorter_interaction_s1_75.000,75.0,77.0,valence,2,face,gnb,0.2172227222016427,0,0.21828307782971754,0,0.0010603556280748272,0.0010603556280748272,True
P01,shape_sorter_interaction,1,shape_sorter_interaction_s1_76.000,76.0,78.0,valence,2,face,gnb,0.9999384217752524,1,0.9997257430057627,1,-0.00021267876948971587,0.00021267876948971587,True
P01,shape_sorter_interaction,1,shape_sorter_interaction_s1_77.000,77.0,79.0,valence,2,face,gnb,0.9999988053595916,1,0.9999993117338756,1,5.063742839483965e-07,5.063742839483965e-07,True
P01,shape_sorter_interaction,1,shape_sorter_interaction_s1_78.000,78.0,80.0,valence,2,face,gnb,0.9999999988554364,1,0.9999999036054679,1,-9.524996857912527e-08,9.524996857912527e-08,True
P01,shape_sorter_interaction,1,shape_sorter_interaction_s1_79.000,79.0,81.0,valence,2,face,gnb,1.0,1,1.0,1,0.0,0.0,True
P01,shape_sorter_interaction,1,shape_sorter_interaction_s1_80.000,80.0,82.0,valence,2,face,gnb,0.0003238668946607,0,0.00039500181532053073,0,7.113492065983075e-05,7.113492065983075e-05,True
P01,shape_sorter_interaction,1,shape_sorter_interaction_s1_81.000,81.0,83.0,valence,2,face,gnb,1.0,1,1.0,1,0.0,0.0,True
P01,shape_sorter_interaction,1,shape_sorter_interaction_s1_82.000,82.0,84.0,valence,2,face,gnb,1.0,1,1.0,1,0.0,0.0,True
P01,pick_place,1,pick_place_s1_24.000,24.0,26.0,valence,3,face,svm,0.5655200774824077,1,0.565520077482408,1,2.220446049250313e-16,2.220446049250313e-16,True
P01,pick_place,1,pick_place_s1_25.000,25.0,27.0,valence,3,face,svm,0.5699170179515715,1,0.569917017951572,1,5.551115123125783e-16,5.551115123125783e-16,True
P01,pick_place,1,pick_place_s1_26.000,26.0,28.0,valence,3,face,svm,0.5602751876327865,1,0.5602751876327874,1,8.881784197001252e-16,8.881784197001252e-16,True
P01,pick_place,1,pick_place_s1_27.000,27.0,29.0,valence,3,face,svm,0.5799735117172686,1,0.5799735117172689,1,2.220446049250313e-16,2.220446049250313e-16,True
P01,pick_place,1,pick_place_s1_28.000,28.0,30.0,valence,3,face,svm,0.5802233542318556,1,0.5802233542318557,1,1.1102230246251565e-16,1.1102230246251565e-16,True
P01,pick_place,1,pick_place_s1_29.000,29.0,31.0,valence,3,face,svm,0.5704573563769739,1,0.5704573563769737,1,-2.220446049250313e-16,2.220446049250313e-16,True
P01,pick_place,1,pick_place_s1_30.000,30.0,32.0,valence,3,face,svm,0.5741818439281929,1,0.5741818439281932,1,2.220446049250313e-16,2.220446049250313e-16,True
P01,pick_place,1,pick_place_s1_31.000,31.0,33.0,valence,3,face,svm,0.5917933331687335,1,0.5917933331687337,1,2.220446049250313e-16,2.220446049250313e-16,True
P01,pick_place,1,pick_place_s1_32.000,32.0,34.0,valence,3,face,svm,0.6051406106851899,1,0.6051406106851899,1,0.0,0.0,True
P01,pick_place,1,pick_place_s1_33.000,33.0,35.0,valence,3,face,svm,0.5683008447162241,1,0.5683008447162243,1,2.220446049250313e-16,2.220446049250313e-16,True
P01,pick_place,1,pick_place_s1_34.000,34.0,36.0,valence,3,face,svm,0.6193499611654376,1,0.6193499611654374,1,-2.220446049250313e-16,2.220446049250313e-16,True
P01,pick_place,1,pick_place_s1_35.000,35.0,37.0,valence,3,face,svm,0.6015167504321488,1,0.601516750432149,1,2.220446049250313e-16,2.220446049250313e-16,True
P01,pick_place,1,pick_place_s1_36.000,36.0,38.0,valence,3,face,svm,0.5330153933641397,0,0.5330153933641398,0,1.1102230246251565e-16,1.1102230246251565e-16,True
P01,pick_place,1,pick_place_s1_37.000,37.0,39.0,valence,3,face,svm,0.5141840081356569,0,0.514184008135657,0,1.1102230246251565e-16,1.1102230246251565e-16,True
P01,pick_place,1,pick_place_s1_38.000,38.0,40.0,valence,3,face,svm,0.4920883990922937,0,0.49208839909229374,0,5.551115123125783e-17,5.551115123125783e-17,True
P01,pick_place,1,pick_place_s1_39.000,39.0,41.0,valence,3,face,svm,0.500929733389289,0,0.5009297333892888,0,-2.220446049250313e-16,2.220446049250313e-16,True
P01,pick_place,1,pick_place_s1_40.000,40.0,42.0,valence,3,face,svm,0.528318455690894,0,0.5283184556908935,0,-4.440892098500626e-16,4.440892098500626e-16,True
P01,pick_place,1,pick_place_s1_41.000,41.0,43.0,valence,3,face,svm,0.5427685526405898,0,0.5427685526405899,0,1.1102230246251565e-16,1.1102230246251565e-16,True
P01,pick_place,1,pick_place_s1_42.000,42.0,44.0,valence,3,face,svm,0.5463602154626269,0,0.546360215462627,0,1.1102230246251565e-16,1.1102230246251565e-16,True
P01,shape_sorter_observation,1,shape_sorter_observation_s1_25.000,25.0,27.0,valence,3,face,svm,0.6328936243842084,1,0.636058264329797,1,0.0031646399455885765,0.0031646399455885765,True
P01,shape_sorter_observation,1,shape_sorter_observation_s1_26.000,26.0,28.0,valence,3,face,svm,0.6242608436164211,1,0.6249280416699228,1,0.000667198053501683,0.000667198053501683,True
P01,shape_sorter_observation,1,shape_sorter_observation_s1_27.000,27.0,29.0,valence,3,face,svm,0.6147526483482899,1,0.6167516553414635,1,0.0019990069931735688,0.0019990069931735688,True
P01,shape_sorter_observation,1,shape_sorter_observation_s1_28.000,28.0,30.0,valence,3,face,svm,0.5925537074048309,1,0.5931252903972553,1,0.0005715829924243243,0.0005715829924243243,True
P01,shape_sorter_observation,1,shape_sorter_observation_s1_29.000,29.0,31.0,valence,3,face,svm,0.6037970930411443,1,0.6020260419987633,1,-0.0017710510423809556,0.0017710510423809556,True
P01,shape_sorter_observation,1,shape_sorter_observation_s1_30.000,30.0,32.0,valence,3,face,svm,0.6352961677197957,1,0.6345377707699821,1,-0.0007583969498136112,0.0007583969498136112,True
P01,shape_sorter_observation,1,shape_sorter_observation_s1_31.000,31.0,33.0,valence,3,face,svm,0.6159194870129434,1,0.6172791170462778,1,0.0013596300333343914,0.0013596300333343914,True
P01,shape_sorter_observation,1,shape_sorter_observation_s1_32.000,32.0,34.0,valence,3,face,svm,0.5987698016505661,1,0.5992677472682836,1,0.0004979456177174324,0.0004979456177174324,True
P01,shape_sorter_observation,1,shape_sorter_observation_s1_33.000,33.0,35.0,valence,3,face,svm,0.5657854103213167,1,0.5664383873746888,1,0.0006529770533720836,0.0006529770533720836,True
P01,shape_sorter_observation,1,shape_sorter_observation_s1_34.000,34.0,36.0,valence,3,face,svm,0.5754300941128186,1,0.5714395759764976,1,-0.0039905181363210085,0.0039905181363210085,True
P01,shape_sorter_observation,1,shape_sorter_observation_s1_35.000,35.0,37.0,valence,3,face,svm,0.5887977929141502,1,0.5894832491992791,1,0.0006854562851288382,0.0006854562851288382,True
P01,shape_sorter_observation,1,shape_sorter_observation_s1_36.000,36.0,38.0,valence,3,face,svm,0.580947290578787,1,0.5817175025846205,1,0.0007702120058334927,0.0007702120058334927,True
P01,shape_sorter_observation,1,shape_sorter_observation_s1_37.000,37.0,39.0,valence,3,face,svm,0.6295494825208363,1,0.6295494825208364,1,1.1102230246251565e-16,1.1102230246251565e-16,True
P01,shape_sorter_observation,1,shape_sorter_observation_s1_38.000,38.0,40.0,valence,3,face,svm,0.6359031447568597,1,0.6359031447568598,1,1.1102230246251565e-16,1.1102230246251565e-16,True
P01,shape_sorter_observation,1,shape_sorter_observation_s1_39.000,39.0,41.0,valence,3,face,svm,0.6002488750728736,1,0.6002488750728736,1,0.0,0.0,True
P01,shape_sorter_observation,1,shape_sorter_observation_s1_40.000,40.0,42.0,valence,3,face,svm,0.6136111150005378,1,0.6136111150005382,1,4.440892098500626e-16,4.440892098500626e-16,True
P01,shape_sorter_observation,1,shape_sorter_observation_s1_41.000,41.0,43.0,valence,3,face,svm,0.5826058342077604,1,0.5826058342077606,1,2.220446049250313e-16,2.220446049250313e-16,True
P01,shape_sorter_observation,1,shape_sorter_observation_s1_42.000,42.0,44.0,valence,3,face,svm,0.5533815228294491,0,0.5533815228294495,0,4.440892098500626e-16,4.440892098500626e-16,True
P01,shape_sorter_observation,1,shape_sorter_observation_s1_43.000,43.0,45.0,valence,3,face,svm,0.5624838703339076,1,0.5624838703339078,1,2.220446049250313e-16,2.220446049250313e-16,True
P01,shape_sorter_observation,1,shape_sorter_observation_s1_44.000,44.0,46.0,valence,3,face,svm,0.5709530384313145,1,0.5709530384313145,1,0.0,0.0,True
P01,shape_sorter_observation,1,shape_sorter_observation_s1_45.000,45.0,47.0,valence,3,face,svm,0.5820774336117064,1,0.5820774336117065,1,1.1102230246251565e-16,1.1102230246251565e-16,True
P01,shape_sorter_observation,1,shape_sorter_observation_s1_46.000,46.0,48.0,valence,3,face,svm,0.5886573188707397,1,0.58865731887074,1,3.3306690738754696e-16,3.3306690738754696e-16,True
P01,shape_sorter_observation,1,shape_sorter_observation_s1_47.000,47.0,49.0,valence,3,face,svm,0.5621544309689717,1,0.5621544309689718,1,1.1102230246251565e-16,1.1102230246251565e-16,True
P01,shape_sorter_observation,1,shape_sorter_observation_s1_48.000,48.0,50.0,valence,3,face,svm,0.586973458417124,1,0.5869734584171238,1,-2.220446049250313e-16,2.220446049250313e-16,True
P01,shape_sorter_observation,1,shape_sorter_observation_s1_49.000,49.0,51.0,valence,3,face,svm,0.5914834370947802,1,0.59148343709478,1,-2.220446049250313e-16,2.220446049250313e-16,True
P01,shape_sorter_observation,1,shape_sorter_observation_s1_50.000,50.0,52.0,valence,3,face,svm,0.582993615556652,1,0.582993615556652,1,0.0,0.0,True
P01,shape_sorter_observation,1,shape_sorter_observation_s1_51.000,51.0,53.0,valence,3,face,svm,0.5899457803431223,1,0.5899457803431221,1,-2.220446049250313e-16,2.220446049250313e-16,True
P01,shape_sorter_observation,1,shape_sorter_observation_s1_52.000,52.0,54.0,valence,3,face,svm,0.5907319871703506,1,0.590731987170351,1,4.440892098500626e-16,4.440892098500626e-16,True
P01,shape_sorter_observation,1,shape_sorter_observation_s1_53.000,53.0,55.0,valence,3,face,svm,0.5890864971071987,1,0.5890864971071986,1,-1.1102230246251565e-16,1.1102230246251565e-16,True
P01,shape_sorter_observation,1,shape_sorter_observation_s1_54.000,54.0,56.0,valence,3,face,svm,0.5747806554862782,1,0.5747806554862782,1,0.0,0.0,True
P01,shape_sorter_observation,1,shape_sorter_observation_s1_55.000,55.0,57.0,valence,3,face,svm,0.5800857676303393,1,0.5800857676303394,1,1.1102230246251565e-16,1.1102230246251565e-16,True
P01,shape_sorter_observation,1,shape_sorter_observation_s1_56.000,56.0,58.0,valence,3,face,svm,0.5545575353310558,0,0.5545575353310557,0,-1.1102230246251565e-16,1.1102230246251565e-16,True
P01,shape_sorter_observation,1,shape_sorter_observation_s1_57.000,57.0,59.0,valence,3,face,svm,0.5267636772700186,0,0.5267636772700185,0,-1.1102230246251565e-16,1.1102230246251565e-16,True
P01,shape_sorter_observation,1,shape_sorter_observation_s1_58.000,58.0,60.0,valence,3,face,svm,0.5527649616989961,0,0.552764961698996,0,-1.1102230246251565e-16,1.1102230246251565e-16,True
P01,shape_sorter_observation,1,shape_sorter_observation_s1_59.000,59.0,61.0,valence,3,face,svm,0.5279863198686789,0,0.5279863198686794,0,4.440892098500626e-16,4.440892098500626e-16,True
P01,shape_sorter_observation,1,shape_sorter_observation_s1_60.000,60.0,62.0,valence,3,face,svm,0.5740172029347427,1,0.5740172029347425,1,-2.220446049250313e-16,2.220446049250313e-16,True
P01,shape_sorter_observation,1,shape_sorter_observation_s1_61.000,61.0,63.0,valence,3,face,svm,0.5221421282387959,0,0.5221421282387958,0,-1.1102230246251565e-16,1.1102230246251565e-16,True
P01,shape_sorter_observation,1,shape_sorter_observation_s1_62.000,62.0,64.0,valence,3,face,svm,0.4990572961556899,0,0.4990572961556896,0,-2.7755575615628914e-16,2.7755575615628914e-16,True
P01,stack,1,stack_s1_21.000,21.0,23.0,valence,3,face,svm,0.6149783203182897,1,0.6216368103285894,1,0.006658490010299722,0.006658490010299722,True
P01,stack,1,stack_s1_22.000,22.0,24.0,valence,3,face,svm,0.6368719528383069,1,0.6368719528383067,1,-2.220446049250313e-16,2.220446049250313e-16,True
P01,stack,1,stack_s1_23.000,23.0,25.0,valence,3,face,svm,0.6268079197397795,1,0.6268079197397797,1,2.220446049250313e-16,2.220446049250313e-16,True
P01,stack,1,stack_s1_24.000,24.0,26.0,valence,3,face,svm,0.6085422255313057,1,0.6085422255313052,1,-4.440892098500626e-16,4.440892098500626e-16,True
P01,stack,1,stack_s1_25.000,25.0,27.0,valence,3,face,svm,0.6156149046693296,1,0.6156149046693294,1,-1.1102230246251565e-16,1.1102230246251565e-16,True
P01,stack,1,stack_s1_26.000,26.0,28.0,valence,3,face,svm,0.5566053167327292,0,0.5566053167327303,0,1.1102230246251565e-15,1.1102230246251565e-15,True
P01,stack,1,stack_s1_27.000,27.0,29.0,valence,3,face,svm,0.6095858997619639,1,0.6095858997619645,1,6.661338147750939e-16,6.661338147750939e-16,True
P01,stack,1,stack_s1_28.000,28.0,30.0,valence,3,face,svm,0.5476209414454872,0,0.5476209414454882,0,9.992007221626409e-16,9.992007221626409e-16,True
P01,stack,1,stack_s1_29.000,29.0,31.0,valence,3,face,svm,0.5509889461347613,0,0.550988946134761,0,-3.3306690738754696e-16,3.3306690738754696e-16,True
P01,stack,1,stack_s1_30.000,30.0,32.0,valence,3,face,svm,0.5997030068798331,1,0.599703006879833,1,-1.1102230246251565e-16,1.1102230246251565e-16,True
P01,stack,1,stack_s1_31.000,31.0,33.0,valence,3,face,svm,0.545137042696184,0,0.5451370426961841,0,1.1102230246251565e-16,1.1102230246251565e-16,True
P01,stack,1,stack_s1_32.000,32.0,34.0,valence,3,face,svm,0.5680906870271075,1,0.5680906870271075,1,0.0,0.0,True
P01,stack,1,stack_s1_33.000,33.0,35.0,valence,3,face,svm,0.6183515427765455,1,0.6183515427765458,1,3.3306690738754696e-16,3.3306690738754696e-16,True
P01,stack,1,stack_s1_34.000,34.0,36.0,valence,3,face,svm,0.6300118614919636,1,0.6300118614919638,1,1.1102230246251565e-16,1.1102230246251565e-16,True
P01,stack,1,stack_s1_35.000,35.0,37.0,valence,3,face,svm,0.6033948835908272,1,0.6033948835908278,1,6.661338147750939e-16,6.661338147750939e-16,True
P01,stack,1,stack_s1_36.000,36.0,38.0,valence,3,face,svm,0.6207118992534976,1,0.6207118992534975,1,-1.1102230246251565e-16,1.1102230246251565e-16,True
P01,stack,1,stack_s1_37.000,37.0,39.0,valence,3,face,svm,0.585253428852996,1,0.5852534288529959,1,-1.1102230246251565e-16,1.1102230246251565e-16,True
P01,stack,1,stack_s1_38.000,38.0,40.0,valence,3,face,svm,0.6099542514856813,1,0.6099542514856814,1,1.1102230246251565e-16,1.1102230246251565e-16,True
P01,stack,1,stack_s1_39.000,39.0,41.0,valence,3,face,svm,0.5900371155840296,1,0.5900371155840289,1,-6.661338147750939e-16,6.661338147750939e-16,True
P01,stack,1,stack_s1_40.000,40.0,42.0,valence,3,face,svm,0.5799191456721966,1,0.5799191456721962,1,-4.440892098500626e-16,4.440892098500626e-16,True
P01,stack,1,stack_s1_41.000,41.0,43.0,valence,3,face,svm,0.6104514420099584,1,0.6104514420099584,1,0.0,0.0,True
P01,stack,1,stack_s1_42.000,42.0,44.0,valence,3,face,svm,0.6243270793211163,1,0.6243270793211164,1,1.1102230246251565e-16,1.1102230246251565e-16,True
P01,stack,1,stack_s1_43.000,43.0,45.0,valence,3,face,svm,0.5433363014219024,0,0.5433363014219025,0,1.1102230246251565e-16,1.1102230246251565e-16,True
P01,stack,1,stack_s1_44.000,44.0,46.0,valence,3,face,svm,0.5414036039187182,0,0.5414036039187186,0,3.3306690738754696e-16,3.3306690738754696e-16,True
P01,stack,1,stack_s1_45.000,45.0,47.0,valence,3,face,svm,0.5459106329645043,0,0.5459106329645043,0,0.0,0.0,True
P01,stack,1,stack_s1_46.000,46.0,48.0,valence,3,face,svm,0.5342727153233103,0,0.53427271532331,0,-3.3306690738754696e-16,3.3306690738754696e-16,True
P01,stack,1,stack_s1_47.000,47.0,49.0,valence,3,face,svm,0.5832383822335648,1,0.5832383822335651,1,2.220446049250313e-16,2.220446049250313e-16,True
P01,stack,1,stack_s1_48.000,48.0,50.0,valence,3,face,svm,0.6042898016034159,1,0.604289801603416,1,1.1102230246251565e-16,1.1102230246251565e-16,True
P01,stack,1,stack_s1_49.000,49.0,51.0,valence,3,face,svm,0.6121800985099285,1,0.6121800985099283,1,-2.220446049250313e-16,2.220446049250313e-16,True
P01,stack,1,stack_s1_50.000,50.0,52.0,valence,3,face,svm,0.6229216074341604,1,0.6229216074341604,1,0.0,0.0,True
P01,stack,1,stack_s1_51.000,51.0,53.0,valence,3,face,svm,0.6121935031243484,1,0.6121935031243483,1,-1.1102230246251565e-16,1.1102230246251565e-16,True
P01,stack,1,stack_s1_52.000,52.0,54.0,valence,3,face,svm,0.589631689610401,1,0.5896316896104008,1,-2.220446049250313e-16,2.220446049250313e-16,True
P01,stack,1,stack_s1_53.000,53.0,55.0,valence,3,face,svm,0.5935999441652661,1,0.5935999441652662,1,1.1102230246251565e-16,1.1102230246251565e-16,True
P01,stack,1,stack_s1_54.000,54.0,56.0,valence,3,face,svm,0.5640048103788499,1,0.5640048103788498,1,-1.1102230246251565e-16,1.1102230246251565e-16,True
P01,stack,1,stack_s1_55.000,55.0,57.0,valence,3,face,svm,0.602574376944051,1,0.602574376944051,1,0.0,0.0,True
P01,stack,1,stack_s1_56.000,56.0,58.0,valence,3,face,svm,0.6032647715701488,1,0.6032647715701489,1,1.1102230246251565e-16,1.1102230246251565e-16,True
P01,stack,1,stack_s1_57.000,57.0,59.0,valence,3,face,svm,0.5790386662048056,1,0.5790386662048056,1,0.0,0.0,True
P01,stack,1,stack_s1_58.000,58.0,60.0,valence,3,face,svm,0.5818777448103867,1,0.581877744810387,1,3.3306690738754696e-16,3.3306690738754696e-16,True
P01,stack,1,stack_s1_59.000,59.0,61.0,valence,3,face,svm,0.5711555941904668,1,0.5711555941904668,1,0.0,0.0,True
P01,stack,1,stack_s1_60.000,60.0,62.0,valence,3,face,svm,0.5374041250099703,0,0.5374041250099699,0,-3.3306690738754696e-16,3.3306690738754696e-16,True
P01,stack,1,stack_s1_61.000,61.0,63.0,valence,3,face,svm,0.5287995857317096,0,0.5287995857317098,0,2.220446049250313e-16,2.220446049250313e-16,True
P01,stack,1,stack_s1_62.000,62.0,64.0,valence,3,face,svm,0.5285252295944186,0,0.5285252295944186,0,0.0,0.0,True
P01,stack,1,stack_s1_63.000,63.0,65.0,valence,3,face,svm,0.5665128486282879,1,0.5665128486282877,1,-2.220446049250313e-16,2.220446049250313e-16,True
P01,stack,1,stack_s1_64.000,64.0,66.0,valence,3,face,svm,0.5641299222313503,1,0.5641299222313506,1,3.3306690738754696e-16,3.3306690738754696e-16,True
P01,stack,1,stack_s1_65.000,65.0,67.0,valence,3,face,svm,0.5559804098943194,0,0.5559804098943196,0,2.220446049250313e-16,2.220446049250313e-16,True
P01,stack,1,stack_s1_66.000,66.0,68.0,valence,3,face,svm,0.6005990823697237,1,0.6005990823697238,1,1.1102230246251565e-16,1.1102230246251565e-16,True
P01,stack,1,stack_s1_67.000,67.0,69.0,valence,3,face,svm,0.6770050157808346,1,0.6770050157808343,1,-3.3306690738754696e-16,3.3306690738754696e-16,True
P01,stack,1,stack_s1_68.000,68.0,70.0,valence,3,face,svm,0.6693196445549087,1,0.6693196445549088,1,1.1102230246251565e-16,1.1102230246251565e-16,True
P01,sisyphus,1,sisyphus_s1_22.000,22.0,24.0,valence,3,face,svm,0.542434437015672,0,0.5424344370156716,0,-3.3306690738754696e-16,3.3306690738754696e-16,True
P01,sisyphus,1,sisyphus_s1_23.000,23.0,25.0,valence,3,face,svm,0.5735202317841955,1,0.5735202317841951,1,-4.440892098500626e-16,4.440892098500626e-16,True
P01,sisyphus,1,sisyphus_s1_24.000,24.0,26.0,valence,3,face,svm,0.5710205976226337,1,0.5710205976226339,1,2.220446049250313e-16,2.220446049250313e-16,True
P01,sisyphus,1,sisyphus_s1_25.000,25.0,27.0,valence,3,face,svm,0.5521137043594698,0,0.5521137043594692,0,-6.661338147750939e-16,6.661338147750939e-16,True
P01,sisyphus,1,sisyphus_s1_26.000,26.0,28.0,valence,3,face,svm,0.5708650377694537,1,0.5708650377694544,1,6.661338147750939e-16,6.661338147750939e-16,True
P01,sisyphus,1,sisyphus_s1_27.000,27.0,29.0,valence,3,face,svm,0.5847165113743351,1,0.5847165113743352,1,1.1102230246251565e-16,1.1102230246251565e-16,True
P01,sisyphus,1,sisyphus_s1_28.000,28.0,30.0,valence,3,face,svm,0.561519810485644,1,0.5615198104856446,1,5.551115123125783e-16,5.551115123125783e-16,True
P01,sisyphus,1,sisyphus_s1_29.000,29.0,31.0,valence,3,face,svm,0.5527560456093177,0,0.5527560456093177,0,0.0,0.0,True
P01,sisyphus,1,sisyphus_s1_30.000,30.0,32.0,valence,3,face,svm,0.577020203069044,1,0.5770202030690439,1,-1.1102230246251565e-16,1.1102230246251565e-16,True
P01,sisyphus,1,sisyphus_s1_31.000,31.0,33.0,valence,3,face,svm,0.5776173486596798,1,0.57761734865968,1,1.1102230246251565e-16,1.1102230246251565e-16,True
P01,sisyphus,1,sisyphus_s1_32.000,32.0,34.0,valence,3,face,svm,0.5974562862108513,1,0.5974562862108515,1,1.1102230246251565e-16,1.1102230246251565e-16,True
P01,sisyphus,1,sisyphus_s1_33.000,33.0,35.0,valence,3,face,svm,0.614937495066603,1,0.6149374950666026,1,-4.440892098500626e-16,4.440892098500626e-16,True
P01,sisyphus,1,sisyphus_s1_34.000,34.0,36.0,valence,3,face,svm,0.5844579334716603,1,0.5844579334716605,1,2.220446049250313e-16,2.220446049250313e-16,True
P01,sisyphus,1,sisyphus_s1_35.000,35.0,37.0,valence,3,face,svm,0.6592635887304122,1,0.6592635887304125,1,2.220446049250313e-16,2.220446049250313e-16,True
P01,sisyphus,1,sisyphus_s1_36.000,36.0,38.0,valence,3,face,svm,0.6514242862511037,1,0.651424286251104,1,3.3306690738754696e-16,3.3306690738754696e-16,True
P01,sisyphus,1,sisyphus_s1_37.000,37.0,39.0,valence,3,face,svm,0.5686159679193851,1,0.5686159679193854,1,3.3306690738754696e-16,3.3306690738754696e-16,True
P01,sisyphus,1,sisyphus_s1_38.000,38.0,40.0,valence,3,face,svm,0.5497424356847457,0,0.5497424356847458,0,1.1102230246251565e-16,1.1102230246251565e-16,True
P01,sisyphus,1,sisyphus_s1_39.000,39.0,41.0,valence,3,face,svm,0.6287020803573146,1,0.6287020803573142,1,-3.3306690738754696e-16,3.3306690738754696e-16,True
P01,sisyphus,1,sisyphus_s1_40.000,40.0,42.0,valence,3,face,svm,0.5545813023148586,0,0.5545813023148587,0,1.1102230246251565e-16,1.1102230246251565e-16,True
P01,sisyphus,1,sisyphus_s1_41.000,41.0,43.0,valence,3,face,svm,0.5693597393558462,1,0.5693597393558457,1,-4.440892098500626e-16,4.440892098500626e-16,True
P01,sisyphus,1,sisyphus_s1_42.000,42.0,44.0,valence,3,face,svm,0.5655325263750873,1,0.5655325263750872,1,-1.1102230246251565e-16,1.1102230246251565e-16,True
P01,sisyphus,1,sisyphus_s1_43.000,43.0,45.0,valence,3,face,svm,0.6048006406938935,1,0.604800640693893,1,-4.440892098500626e-16,4.440892098500626e-16,True
P01,sisyphus,1,sisyphus_s1_44.000,44.0,46.0,valence,3,face,svm,0.5975194541165418,1,0.5975194541165418,1,0.0,0.0,True
P01,sisyphus,1,sisyphus_s1_45.000,45.0,47.0,valence,3,face,svm,0.5776944757436258,1,0.5776944757436252,1,-5.551115123125783e-16,5.551115123125783e-16,True
P01,sisyphus,1,sisyphus_s1_46.000,46.0,48.0,valence,3,face,svm,0.6014515371997295,1,0.601451537199729,1,-5.551115123125783e-16,5.551115123125783e-16,True
P01,sisyphus,1,sisyphus_s1_47.000,47.0,49.0,valence,3,face,svm,0.5890071411825649,1,0.5890071411825644,1,-5.551115123125783e-16,5.551115123125783e-16,True
P01,sisyphus,1,sisyphus_s1_48.000,48.0,50.0,valence,3,face,svm,0.619827251097604,1,0.6198272510976043,1,3.3306690738754696e-16,3.3306690738754696e-16,True
P01,sisyphus,1,sisyphus_s1_49.000,49.0,51.0,valence,3,face,svm,0.5431669987348021,0,0.5431669987348016,0,-5.551115123125783e-16,5.551115123125783e-16,True
P01,sisyphus,1,sisyphus_s1_50.000,50.0,52.0,valence,3,face,svm,0.5628328868332325,1,0.5628328868332326,1,1.1102230246251565e-16,1.1102230246251565e-16,True
P01,sisyphus,1,sisyphus_s1_51.000,51.0,53.0,valence,3,face,svm,0.5481496056474996,0,0.548149605647499,0,-5.551115123125783e-16,5.551115123125783e-16,True
P01,sisyphus,1,sisyphus_s1_52.000,52.0,54.0,valence,3,face,svm,0.5612230973065458,1,0.5612230973065458,1,0.0,0.0,True
P01,shape_sorter_interaction,1,shape_sorter_interaction_s1_25.000,25.0,27.0,valence,3,face,svm,0.6036565007906667,1,0.6036565007906668,1,1.1102230246251565e-16,1.1102230246251565e-16,True
P01,shape_sorter_interaction,1,shape_sorter_interaction_s1_26.000,26.0,28.0,valence,3,face,svm,0.6189326941055993,1,0.6189326941055997,1,4.440892098500626e-16,4.440892098500626e-16,True
P01,shape_sorter_interaction,1,shape_sorter_interaction_s1_27.000,27.0,29.0,valence,3,face,svm,0.6111949015573629,1,0.6111949015573631,1,2.220446049250313e-16,2.220446049250313e-16,True
P01,shape_sorter_interaction,1,shape_sorter_interaction_s1_28.000,28.0,30.0,valence,3,face,svm,0.567994433948055,1,0.5679944339480557,1,6.661338147750939e-16,6.661338147750939e-16,True
P01,shape_sorter_interaction,1,shape_sorter_interaction_s1_29.000,29.0,31.0,valence,3,face,svm,0.598368779778625,1,0.5983687797786249,1,-1.1102230246251565e-16,1.1102230246251565e-16,True
P01,shape_sorter_interaction,1,shape_sorter_interaction_s1_30.000,30.0,32.0,valence,3,face,svm,0.602545525583039,1,0.6025455255830385,1,-4.440892098500626e-16,4.440892098500626e-16,True
P01,shape_sorter_interaction,1,shape_sorter_interaction_s1_31.000,31.0,33.0,valence,3,face,svm,0.5899964090388018,1,0.589996409038802,1,2.220446049250313e-16,2.220446049250313e-16,True
P01,shape_sorter_interaction,1,shape_sorter_interaction_s1_32.000,32.0,34.0,valence,3,face,svm,0.5861148080006188,1,0.5861148080006184,1,-3.3306690738754696e-16,3.3306690738754696e-16,True
P01,shape_sorter_interaction,1,shape_sorter_interaction_s1_33.000,33.0,35.0,valence,3,face,svm,0.5509638339181295,0,0.5509638339181293,0,-2.220446049250313e-16,2.220446049250313e-16,True
P01,shape_sorter_interaction,1,shape_sorter_interaction_s1_34.000,34.0,36.0,valence,3,face,svm,0.6036235270178619,1,0.6036235270178619,1,0.0,0.0,True
P01,shape_sorter_interaction,1,shape_sorter_interaction_s1_35.000,35.0,37.0,valence,3,face,svm,0.6265796946961626,1,0.6256985006432662,1,-0.000881194052896439,0.000881194052896439,True
P01,shape_sorter_interaction,1,shape_sorter_interaction_s1_36.000,36.0,38.0,valence,3,face,svm,0.6024336876146779,1,0.6013632202701118,1,-0.0010704673445660617,0.0010704673445660617,True
P01,shape_sorter_interaction,1,shape_sorter_interaction_s1_37.000,37.0,39.0,valence,3,face,svm,0.6061338130487284,1,0.6052725069182755,1,-0.0008613061304528769,0.0008613061304528769,True
P01,shape_sorter_interaction,1,shape_sorter_interaction_s1_38.000,38.0,40.0,valence,3,face,svm,0.5944445015403025,1,0.594506370245282,1,6.186870497948416e-05,6.186870497948416e-05,True
P01,shape_sorter_interaction,1,shape_sorter_interaction_s1_39.000,39.0,41.0,valence,3,face,svm,0.5729966040230383,1,0.5728828518357696,1,-0.00011375218726872305,0.00011375218726872305,True
P01,shape_sorter_interaction,1,shape_sorter_interaction_s1_40.000,40.0,42.0,valence,3,face,svm,0.5718136349217338,1,0.5717581688249284,1,-5.5466096805401044e-05,5.5466096805401044e-05,True
P01,shape_sorter_interaction,1,shape_sorter_interaction_s1_41.000,41.0,43.0,valence,3,face,svm,0.5756015046905271,1,0.5755557082910409,1,-4.579639948620873e-05,4.579639948620873e-05,True
P01,shape_sorter_interaction,1,shape_sorter_interaction_s1_42.000,42.0,44.0,valence,3,face,svm,0.5944012472841278,1,0.595588942306517,1,0.0011876950223892457,0.0011876950223892457,True
P01,shape_sorter_interaction,1,shape_sorter_interaction_s1_43.000,43.0,45.0,valence,3,face,svm,0.5988099672807045,1,0.5968901713600131,1,-0.0019197959206913584,0.0019197959206913584,True
P01,shape_sorter_interaction,1,shape_sorter_interaction_s1_44.000,44.0,46.0,valence,3,face,svm,0.5584109679576164,1,0.5592179413289778,1,0.0008069733713614857,0.0008069733713614857,True
P01,shape_sorter_interaction,1,shape_sorter_interaction_s1_45.000,45.0,47.0,valence,3,face,svm,0.573552585708885,1,0.5720167557908391,1,-0.0015358299180459056,0.0015358299180459056,True
P01,shape_sorter_interaction,1,shape_sorter_interaction_s1_46.000,46.0,48.0,valence,3,face,svm,0.5907143101816665,1,0.5907024405000484,1,-1.1869681618148498e-05,1.1869681618148498e-05,True
P01,shape_sorter_interaction,1,shape_sorter_interaction_s1_47.000,47.0,49.0,valence,3,face,svm,0.6001002495608977,1,0.6008537315835905,1,0.0007534820226927641,0.0007534820226927641,True
P01,shape_sorter_interaction,1,shape_sorter_interaction_s1_48.000,48.0,50.0,valence,3,face,svm,0.6078826469113161,1,0.6079979568045214,1,0.00011530989320529539,0.00011530989320529539,True
P01,shape_sorter_interaction,1,shape_sorter_interaction_s1_49.000,49.0,51.0,valence,3,face,svm,0.5966750405316844,1,0.5972884533107665,1,0.000613412779082112,0.000613412779082112,True
P01,shape_sorter_interaction,1,shape_sorter_interaction_s1_50.000,50.0,52.0,valence,3,face,svm,0.5853134677710956,1,0.5861886812850106,1,0.000875213513914952,0.000875213513914952,True
P01,shape_sorter_interaction,1,shape_sorter_interaction_s1_51.000,51.0,53.0,valence,3,face,svm,0.6132077720848242,1,0.6138812571048459,1,0.0006734850200216247,0.0006734850200216247,True
P01,shape_sorter_interaction,1,shape_sorter_interaction_s1_52.000,52.0,54.0,valence,3,face,svm,0.6131801904786754,1,0.6127243458968342,1,-0.0004558445818412249,0.0004558445818412249,True
P01,shape_sorter_interaction,1,shape_sorter_interaction_s1_53.000,53.0,55.0,valence,3,face,svm,0.6041859305037122,1,0.6029050769502594,1,-0.0012808535534527543,0.0012808535534527543,True
P01,shape_sorter_interaction,1,shape_sorter_interaction_s1_54.000,54.0,56.0,valence,3,face,svm,0.6099324297281292,1,0.6102318374265171,1,0.00029940769838787684,0.00029940769838787684,True
P01,shape_sorter_interaction,1,shape_sorter_interaction_s1_55.000,55.0,57.0,valence,3,face,svm,0.5920204720066679,1,0.5918839256391242,1,-0.00013654636754367733,0.00013654636754367733,True
P01,shape_sorter_interaction,1,shape_sorter_interaction_s1_56.000,56.0,58.0,valence,3,face,svm,0.6102196237239131,1,0.6105527928917314,1,0.0003331691678182258,0.0003331691678182258,True
P01,shape_sorter_interaction,1,shape_sorter_interaction_s1_57.000,57.0,59.0,valence,3,face,svm,0.6021088571363776,1,0.6016765833511543,1,-0.00043227378522336934,0.00043227378522336934,True
P01,shape_sorter_interaction,1,shape_sorter_interaction_s1_58.000,58.0,60.0,valence,3,face,svm,0.56762049432,1,0.5695921260617025,1,0.001971631741702562,0.001971631741702562,True
P01,shape_sorter_interaction,1,shape_sorter_interaction_s1_59.000,59.0,61.0,valence,3,face,svm,0.6039907485210644,1,0.6023752836797871,1,-0.001615464841277281,0.001615464841277281,True
P01,shape_sorter_interaction,1,shape_sorter_interaction_s1_60.000,60.0,62.0,valence,3,face,svm,0.5967678894656238,1,0.5987962689504357,1,0.0020283794848119374,0.0020283794848119374,True
P01,shape_sorter_interaction,1,shape_sorter_interaction_s1_61.000,61.0,63.0,valence,3,face,svm,0.629813567217646,1,0.630512240706326,1,0.0006986734886800239,0.0006986734886800239,True
P01,shape_sorter_interaction,1,shape_sorter_interaction_s1_62.000,62.0,64.0,valence,3,face,svm,0.6079993766207638,1,0.6080674330445116,1,6.805642374785315e-05,6.805642374785315e-05,True
P01,shape_sorter_interaction,1,shape_sorter_interaction_s1_63.000,63.0,65.0,valence,3,face,svm,0.6153230482267796,1,0.6142326508704891,1,-0.0010903973562905733,0.0010903973562905733,True
P01,shape_sorter_interaction,1,shape_sorter_interaction_s1_64.000,64.0,66.0,valence,3,face,svm,0.5836901417005053,1,0.5822345856618245,1,-0.0014555560386807498,0.0014555560386807498,True
P01,shape_sorter_interaction,1,shape_sorter_interaction_s1_65.000,65.0,67.0,valence,3,face,svm,0.5786435979654716,1,0.5807614545813079,1,0.0021178566158363,0.0021178566158363,True
P01,shape_sorter_interaction,1,shape_sorter_interaction_s1_66.000,66.0,68.0,valence,3,face,svm,0.5836147115801114,1,0.5833441790879443,1,-0.00027053249216701936,0.00027053249216701936,True
P01,shape_sorter_interaction,1,shape_sorter_interaction_s1_67.000,67.0,69.0,valence,3,face,svm,0.5696268586341904,1,0.5698609405516872,1,0.00023408191749685336,0.00023408191749685336,True
P01,shape_sorter_interaction,1,shape_sorter_interaction_s1_68.000,68.0,70.0,valence,3,face,svm,0.5787670636498322,1,0.5786413092314768,1,-0.0001257544183553838,0.0001257544183553838,True
P01,shape_sorter_interaction,1,shape_sorter_interaction_s1_69.000,69.0,71.0,valence,3,face,svm,0.592496529046951,1,0.5938801374241466,1,0.0013836083771955332,0.0013836083771955332,True
P01,shape_sorter_interaction,1,shape_sorter_interaction_s1_70.000,70.0,72.0,valence,3,face,svm,0.5887092564509898,1,0.5831725125253562,1,-0.005536743925633636,0.005536743925633636,True
P01,shape_sorter_interaction,1,shape_sorter_interaction_s1_71.000,71.0,73.0,valence,3,face,svm,0.6070150664821503,1,0.6082629993842082,1,0.0012479329020579355,0.0012479329020579355,True
P01,shape_sorter_interaction,1,shape_sorter_interaction_s1_72.000,72.0,74.0,valence,3,face,svm,0.6093898371230716,1,0.6113665462706708,1,0.001976709147599176,0.001976709147599176,True
P01,shape_sorter_interaction,1,shape_sorter_interaction_s1_73.000,73.0,75.0,valence,3,face,svm,0.5931758390001478,1,0.5929530490442966,1,-0.0002227899558512325,0.0002227899558512325,True
P01,shape_sorter_interaction,1,shape_sorter_interaction_s1_74.000,74.0,76.0,valence,3,face,svm,0.5791762483350148,1,0.5786233283551059,1,-0.0005529199799089168,0.0005529199799089168,True
P01,shape_sorter_interaction,1,shape_sorter_interaction_s1_75.000,75.0,77.0,valence,3,face,svm,0.586540767705958,1,0.58678150603043,1,0.00024073832447202292,0.00024073832447202292,True
P01,shape_sorter_interaction,1,shape_sorter_interaction_s1_76.000,76.0,78.0,valence,3,face,svm,0.6053881914892149,1,0.605350214530972,1,-3.797695824281355e-05,3.797695824281355e-05,True
P01,shape_sorter_interaction,1,shape_sorter_interaction_s1_77.000,77.0,79.0,valence,3,face,svm,0.5883588749867145,1,0.58667786489876,1,-0.0016810100879545153,0.0016810100879545153,True
P01,shape_sorter_interaction,1,shape_sorter_interaction_s1_78.000,78.0,80.0,valence,3,face,svm,0.6091165143234362,1,0.6089399985126975,1,-0.0001765158107386311,0.0001765158107386311,True
P01,shape_sorter_interaction,1,shape_sorter_interaction_s1_79.000,79.0,81.0,valence,3,face,svm,0.5555464636861676,0,0.5573415012109002,1,0.0017950375247326456,0.0017950375247326456,False
P01,shape_sorter_interaction,1,shape_sorter_interaction_s1_80.000,80.0,82.0,valence,3,face,svm,0.5382486906127102,0,0.5366713270074458,0,-0.0015773636052643925,0.0015773636052643925,True
P01,shape_sorter_interaction,1,shape_sorter_interaction_s1_81.000,81.0,83.0,valence,3,face,svm,0.6216612354683361,1,0.6202146700464028,1,-0.0014465654219332214,0.0014465654219332214,True
P01,shape_sorter_interaction,1,shape_sorter_interaction_s1_82.000,82.0,84.0,valence,3,face,svm,0.6351295119963205,1,0.6336994526577294,1,-0.0014300593385910831,0.0014300593385910831,True
