participant,task,segment_id,window_id,window_start_s,window_end_s,target,model_rank,modality,classifier,feature_family,selected_feature_count,frozen_image_balanced_accuracy,original_hard_prediction,high_probability,feature_assembly_ms,fitted_transform_and_inference_ms
P45,pick_place,1,pick_place_s1_21.000,21.0,23.0,arousal,1,face,svm,face_geometry,10,0.5812787212787213,1,0.5072781593084486,0.631717,3.000021
P45,pick_place,1,pick_place_s1_21.000,21.0,23.0,arousal,2,multimodal,logreg,all_eeg_plus_face,20,0.5596503496503497,0,0.3241024190654216,1.263925,2.0859769999999997
P45,pick_place,1,pick_place_s1_21.000,21.0,23.0,arousal,3,eeg,svm,paper_compact,10,0.5583616383616384,0,0.24136528585670453,0.513454,1.787158
P45,pick_place,1,pick_place_s1_21.000,21.0,23.0,valence,1,eeg,gnb,hjorth,10,0.5845833333333333,1,0.6970228140625871,0.403401,1.591622
P45,pick_place,1,pick_place_s1_21.000,21.0,23.0,valence,2,face,svm,face_geometry,10,0.5797222222222222,0,0.4315762594910007,0.347939,1.6595550000000001
P45,pick_place,1,pick_place_s1_21.000,21.0,23.0,valence,3,eeg,gnb,hjorth,8,0.5755555555555556,1,0.6309808554156218,0.452512,1.49932
P45,pick_place,1,pick_place_s1_22.000,22.0,24.0,arousal,1,face,svm,face_geometry,10,0.5812787212787213,1,0.5072781182844417,0.584796,2.7723240000000002
P45,pick_place,1,pick_place_s1_22.000,22.0,24.0,arousal,2,multimodal,logreg,all_eeg_plus_face,20,0.5596503496503497,0,0.41030718691709517,1.969813,3.31826
P45,pick_place,1,pick_place_s1_22.000,22.0,24.0,arousal,3,eeg,svm,paper_compact,10,0.5583616383616384,0,0.2661438870010966,0.803252,2.804116
P45,pick_place,1,pick_place_s1_22.000,22.0,24.0,valence,1,eeg,gnb,hjorth,10,0.5845833333333333,1,0.6585193695149172,0.619157,2.312203
P45,pick_place,1,pick_place_s1_22.000,22.0,24.0,valence,2,face,svm,face_geometry,10,0.5797222222222222,0,0.42195660096823645,0.537065,3.129824
P45,pick_place,1,pick_place_s1_22.000,22.0,24.0,valence,3,eeg,gnb,hjorth,8,0.5755555555555556,1,0.6392772638402888,0.788992,1.579251
P45,pick_place,1,pick_place_s1_23.000,23.0,25.0,arousal,1,face,svm,face_geometry,10,0.5812787212787213,1,0.5072781175749655,0.576166,2.771855
P45,pick_place,1,pick_place_s1_23.000,23.0,25.0,arousal,2,multimodal,logreg,all_eeg_plus_face,20,0.5596503496503497,0,0.29778494333047234,1.932062,3.143225
P45,pick_place,1,pick_place_s1_23.000,23.0,25.0,arousal,3,eeg,svm,paper_compact,10,0.5583616383616384,0,0.25071978055920124,0.786352,2.7184739999999996
P45,pick_place,1,pick_place_s1_23.000,23.0,25.0,valence,1,eeg,gnb,hjorth,10,0.5845833333333333,1,0.9085432459155185,0.632897,2.2999720000000003
P45,pick_place,1,pick_place_s1_23.000,23.0,25.0,valence,2,face,svm,face_geometry,10,0.5797222222222222,0,0.4345089105355477,0.526314,2.291892
P45,pick_place,1,pick_place_s1_23.000,23.0,25.0,valence,3,eeg,gnb,hjorth,8,0.5755555555555556,1,0.8827327148885534,0.38078,1.4324590000000001
P45,pick_place,1,pick_place_s1_24.000,24.0,26.0,arousal,1,face,svm,face_geometry,10,0.5812787212787213,1,0.5072781201489188,0.345259,1.633924
P45,pick_place,1,pick_place_s1_24.000,24.0,26.0,arousal,2,multimodal,logreg,all_eeg_plus_face,20,0.5596503496503497,0,0.43665477226190674,1.200133,1.9707930000000002
P45,pick_place,1,pick_place_s1_24.000,24.0,26.0,arousal,3,eeg,svm,paper_compact,10,0.5583616383616384,1,0.43034984007759103,0.503774,1.774438
P45,pick_place,1,pick_place_s1_24.000,24.0,26.0,valence,1,eeg,gnb,hjorth,10,0.5845833333333333,0,0.1327055336808997,0.399121,1.48221
P45,pick_place,1,pick_place_s1_24.000,24.0,26.0,valence,2,face,svm,face_geometry,10,0.5797222222222222,0,0.46169613650077784,0.339309,1.6558950000000001
P45,pick_place,1,pick_place_s1_24.000,24.0,26.0,valence,3,eeg,gnb,hjorth,8,0.5755555555555556,0,0.17700016421902162,0.397311,1.471381
P45,shape_sorter_observation,1,shape_sorter_observation_s1_27.000,27.0,29.0,arousal,1,face,svm,face_geometry,10,0.5812787212787213,1,0.5072801169974754,0.585666,2.801997
P45,shape_sorter_observation,1,shape_sorter_observation_s1_27.000,27.0,29.0,arousal,2,multimodal,logreg,all_eeg_plus_face,20,0.5596503496503497,0,0.4278457968371829,1.83679,3.139535
P45,shape_sorter_observation,1,shape_sorter_observation_s1_27.000,27.0,29.0,arousal,3,eeg,svm,paper_compact,10,0.5583616383616384,0,0.39978041207068477,0.784802,2.798405
P45,shape_sorter_observation,1,shape_sorter_observation_s1_27.000,27.0,29.0,valence,1,eeg,gnb,hjorth,10,0.5845833333333333,0,0.32115263184835285,0.615346,2.339104
P45,shape_sorter_observation,1,shape_sorter_observation_s1_27.000,27.0,29.0,valence,2,face,svm,face_geometry,10,0.5797222222222222,0,0.41923291597394774,0.483044,1.6099839999999999
P45,shape_sorter_observation,1,shape_sorter_observation_s1_27.000,27.0,29.0,valence,3,eeg,gnb,hjorth,8,0.5755555555555556,0,0.3094932694515296,0.39137,1.4659910000000003
P45,shape_sorter_observation,1,shape_sorter_observation_s1_28.000,28.0,30.0,arousal,1,face,svm,face_geometry,10,0.5812787212787213,1,0.5072752716330624,0.391481,1.8547409999999998
P45,shape_sorter_observation,1,shape_sorter_observation_s1_28.000,28.0,30.0,arousal,2,multimodal,logreg,all_eeg_plus_face,20,0.5596503496503497,1,0.5549762369803717,1.211483,2.0074340000000004
P45,shape_sorter_observation,1,shape_sorter_observation_s1_28.000,28.0,30.0,arousal,3,eeg,svm,paper_compact,10,0.5583616383616384,0,0.4168456788771362,0.507824,1.821059
P45,shape_sorter_observation,1,shape_sorter_observation_s1_28.000,28.0,30.0,valence,1,eeg,gnb,hjorth,10,0.5845833333333333,0,0.0980479570938081,0.398281,1.515451
P45,shape_sorter_observation,1,shape_sorter_observation_s1_28.000,28.0,30.0,valence,2,face,svm,face_geometry,10,0.5797222222222222,0,0.4289825567355019,0.345009,1.7018659999999999
P45,shape_sorter_observation,1,shape_sorter_observation_s1_28.000,28.0,30.0,valence,3,eeg,gnb,hjorth,8,0.5755555555555556,0,0.13232745408215196,0.398791,1.4892
P45,shape_sorter_observation,1,shape_sorter_observation_s1_29.000,29.0,31.0,arousal,1,face,svm,face_geometry,10,0.5812787212787213,1,0.5072784335152072,0.73048,2.107657
P45,shape_sorter_observation,1,shape_sorter_observation_s1_29.000,29.0,31.0,arousal,2,multimodal,logreg,all_eeg_plus_face,20,0.5596503496503497,0,0.4882392612519748,1.174042,1.995503
P45,shape_sorter_observation,1,shape_sorter_observation_s1_29.000,29.0,31.0,arousal,3,eeg,svm,paper_compact,10,0.5583616383616384,0,0.39577882527241853,0.484053,1.7252269999999998
P45,shape_sorter_observation,1,shape_sorter_observation_s1_29.000,29.0,31.0,valence,1,eeg,gnb,hjorth,10,0.5845833333333333,0,0.001844766311901553,0.441992,2.24656
P45,shape_sorter_observation,1,shape_sorter_observation_s1_29.000,29.0,31.0,valence,2,face,svm,face_geometry,10,0.5797222222222222,0,0.43315792101163925,0.529944,2.620932
P45,shape_sorter_observation,1,shape_sorter_observation_s1_29.000,29.0,31.0,valence,3,eeg,gnb,hjorth,8,0.5755555555555556,0,0.0019917293311304306,0.620127,2.3855649999999997
P45,shape_sorter_observation,1,shape_sorter_observation_s1_30.000,30.0,32.0,arousal,1,face,svm,face_geometry,10,0.5812787212787213,1,0.5072769744115488,0.37189,1.810649
P45,shape_sorter_observation,1,shape_sorter_observation_s1_30.000,30.0,32.0,arousal,2,multimodal,logreg,all_eeg_plus_face,20,0.5596503496503497,0,0.49412947942035523,1.174192,1.929483
P45,shape_sorter_observation,1,shape_sorter_observation_s1_30.000,30.0,32.0,arousal,3,eeg,svm,paper_compact,10,0.5583616383616384,0,0.395348858639668,0.485103,2.084977
P45,shape_sorter_observation,1,shape_sorter_observation_s1_30.000,30.0,32.0,valence,1,eeg,gnb,hjorth,10,0.5845833333333333,0,0.009772967175355309,0.617686,2.347214
P45,shape_sorter_observation,1,shape_sorter_observation_s1_30.000,30.0,32.0,valence,2,face,svm,face_geometry,10,0.5797222222222222,0,0.37423355145742676,0.534584,2.496978
P45,shape_sorter_observation,1,shape_sorter_observation_s1_30.000,30.0,32.0,valence,3,eeg,gnb,hjorth,8,0.5755555555555556,0,0.012289274361772561,0.664188,2.278442
P45,shape_sorter_observation,1,shape_sorter_observation_s1_31.000,31.0,33.0,arousal,1,face,svm,face_geometry,10,0.5812787212787213,1,0.5072876963462835,0.582646,2.771655
P45,shape_sorter_observation,1,shape_sorter_observation_s1_31.000,31.0,33.0,arousal,2,multimodal,logreg,all_eeg_plus_face,20,0.5596503496503497,1,0.5686229211823912,1.837451,3.1179049999999995
P45,shape_sorter_observation,1,shape_sorter_observation_s1_31.000,31.0,33.0,arousal,3,eeg,svm,paper_compact,10,0.5583616383616384,1,0.4555783988341963,0.779761,2.738564
P45,shape_sorter_observation,1,shape_sorter_observation_s1_31.000,31.0,33.0,valence,1,eeg,gnb,hjorth,10,0.5845833333333333,0,0.22124670537742483,0.613617,2.314693
P45,shape_sorter_observation,1,shape_sorter_observation_s1_31.000,31.0,33.0,valence,2,face,svm,face_geometry,10,0.5797222222222222,0,0.40782206963615103,0.532415,2.474078
P45,shape_sorter_observation,1,shape_sorter_observation_s1_31.000,31.0,33.0,valence,3,eeg,gnb,hjorth,8,0.5755555555555556,0,0.29739466205076054,0.562235,1.4043780000000001
P45,shape_sorter_observation,1,shape_sorter_observation_s1_32.000,32.0,34.0,arousal,1,face,svm,face_geometry,10,0.5812787212787213,1,0.5072784117373484,0.784242,2.754665
P45,shape_sorter_observation,1,shape_sorter_observation_s1_32.000,32.0,34.0,arousal,2,multimodal,logreg,all_eeg_plus_face,20,0.5596503496503497,0,0.4541648586615843,1.230184,1.998854
P45,shape_sorter_observation,1,shape_sorter_observation_s1_32.000,32.0,34.0,arousal,3,eeg,svm,paper_compact,10,0.5583616383616384,1,0.4866767413449834,0.500064,1.769148
P45,shape_sorter_observation,1,shape_sorter_observation_s1_32.000,32.0,34.0,valence,1,eeg,gnb,hjorth,10,0.5845833333333333,0,0.3566012033276644,0.39421,1.5322319999999998
P45,shape_sorter_observation,1,shape_sorter_observation_s1_32.000,32.0,34.0,valence,2,face,svm,face_geometry,10,0.5797222222222222,0,0.4079333724743044,0.34805,1.634385
P45,shape_sorter_observation,1,shape_sorter_observation_s1_32.000,32.0,34.0,valence,3,eeg,gnb,hjorth,8,0.5755555555555556,0,0.39174907192639,0.403081,1.5094610000000002
P45,shape_sorter_observation,1,shape_sorter_observation_s1_33.000,33.0,35.0,arousal,1,face,svm,face_geometry,10,0.5812787212787213,1,0.507278465132538,0.386121,1.8355899999999998
P45,shape_sorter_observation,1,shape_sorter_observation_s1_33.000,33.0,35.0,arousal,2,multimodal,logreg,all_eeg_plus_face,20,0.5596503496503497,1,0.5278062783433662,1.202323,2.012946
P45,shape_sorter_observation,1,shape_sorter_observation_s1_33.000,33.0,35.0,arousal,3,eeg,svm,paper_compact,10,0.5583616383616384,0,0.40712657810122943,0.506904,1.7692679999999998
P45,shape_sorter_observation,1,shape_sorter_observation_s1_33.000,33.0,35.0,valence,1,eeg,gnb,hjorth,10,0.5845833333333333,0,0.1299448857566469,0.398631,1.5351309999999998
P45,shape_sorter_observation,1,shape_sorter_observation_s1_33.000,33.0,35.0,valence,2,face,svm,face_geometry,10,0.5797222222222222,0,0.37566282127341155,0.344789,1.6217039999999998
P45,shape_sorter_observation,1,shape_sorter_observation_s1_33.000,33.0,35.0,valence,3,eeg,gnb,hjorth,8,0.5755555555555556,0,0.1830961790618407,0.39784,1.487871
P45,shape_sorter_observation,1,shape_sorter_observation_s1_34.000,34.0,36.0,arousal,1,face,svm,face_geometry,10,0.5812787212787213,1,0.507285533427891,0.386491,1.807509
P45,shape_sorter_observation,1,shape_sorter_observation_s1_34.000,34.0,36.0,arousal,2,multimodal,logreg,all_eeg_plus_face,20,0.5596503496503497,1,0.6037579429691908,1.215223,1.9732440000000002
P45,shape_sorter_observation,1,shape_sorter_observation_s1_34.000,34.0,36.0,arousal,3,eeg,svm,paper_compact,10,0.5583616383616384,0,0.3751985500768996,0.503094,1.765368
P45,shape_sorter_observation,1,shape_sorter_observation_s1_34.000,34.0,36.0,valence,1,eeg,gnb,hjorth,10,0.5845833333333333,0,0.41351423268119764,0.401981,1.48095
P45,shape_sorter_observation,1,shape_sorter_observation_s1_34.000,34.0,36.0,valence,2,face,svm,face_geometry,10,0.5797222222222222,0,0.41216397187839154,0.34295,1.675115
P45,shape_sorter_observation,1,shape_sorter_observation_s1_34.000,34.0,36.0,valence,3,eeg,gnb,hjorth,8,0.5755555555555556,0,0.4752426300767226,0.402071,1.464029
P45,shape_sorter_observation,1,shape_sorter_observation_s1_35.000,35.0,37.0,arousal,1,face,svm,face_geometry,10,0.5812787212787213,1,0.507280118985545,0.395991,1.903322
P45,shape_sorter_observation,1,shape_sorter_observation_s1_35.000,35.0,37.0,arousal,2,multimodal,logreg,all_eeg_plus_face,20,0.5596503496503497,1,0.6022271931318154,1.232703,2.8765680000000002
P45,shape_sorter_observation,1,shape_sorter_observation_s1_35.000,35.0,37.0,arousal,3,eeg,svm,paper_compact,10,0.5583616383616384,1,0.48903133378969366,0.807011,2.9033800000000003
P45,shape_sorter_observation,1,shape_sorter_observation_s1_35.000,35.0,37.0,valence,1,eeg,gnb,hjorth,10,0.5845833333333333,0,0.4621639129724799,0.662438,2.461107
P45,shape_sorter_observation,1,shape_sorter_observation_s1_35.000,35.0,37.0,valence,2,face,svm,face_geometry,10,0.5797222222222222,0,0.4134650298111847,0.540685,2.60257
P45,shape_sorter_observation,1,shape_sorter_observation_s1_35.000,35.0,37.0,valence,3,eeg,gnb,hjorth,8,0.5755555555555556,0,0.4072498099404665,0.628386,2.4035349999999998
P45,shape_sorter_observation,1,shape_sorter_observation_s1_36.000,36.0,38.0,arousal,1,face,svm,face_geometry,10,0.5812787212787213,1,0.5072782660214658,0.582986,2.315492
P45,shape_sorter_observation,1,shape_sorter_observation_s1_36.000,36.0,38.0,arousal,2,multimodal,logreg,all_eeg_plus_face,20,0.5596503496503497,1,0.623483678148263,1.195573,1.968223
P45,shape_sorter_observation,1,shape_sorter_observation_s1_36.000,36.0,38.0,arousal,3,eeg,svm,paper_compact,10,0.5583616383616384,1,0.5809106471659076,0.498264,1.764278
P45,shape_sorter_observation,1,shape_sorter_observation_s1_36.000,36.0,38.0,valence,1,eeg,gnb,hjorth,10,0.5845833333333333,1,0.6298323139961497,0.396981,1.511291
P45,shape_sorter_observation,1,shape_sorter_observation_s1_36.000,36.0,38.0,valence,2,face,svm,face_geometry,10,0.5797222222222222,0,0.4054955231198949,0.344049,1.6902659999999998
P45,shape_sorter_observation,1,shape_sorter_observation_s1_36.000,36.0,38.0,valence,3,eeg,gnb,hjorth,8,0.5755555555555556,1,0.5548383292234587,0.397441,1.5422719999999999
P45,shape_sorter_observation,1,shape_sorter_observation_s1_37.000,37.0,39.0,arousal,1,face,svm,face_geometry,10,0.5812787212787213,1,0.5072782981439671,0.393851,1.8750499999999999
P45,shape_sorter_observation,1,shape_sorter_observation_s1_37.000,37.0,39.0,arousal,2,multimodal,logreg,all_eeg_plus_face,20,0.5596503496503497,1,0.5340744200143567,1.206572,2.006695
P45,shape_sorter_observation,1,shape_sorter_observation_s1_37.000,37.0,39.0,arousal,3,eeg,svm,paper_compact,10,0.5583616383616384,1,0.4478839732925087,0.576335,1.771119
P45,shape_sorter_observation,1,shape_sorter_observation_s1_37.000,37.0,39.0,valence,1,eeg,gnb,hjorth,10,0.5845833333333333,1,0.9162591466603633,0.398461,1.502211
P45,shape_sorter_observation,1,shape_sorter_observation_s1_37.000,37.0,39.0,valence,2,face,svm,face_geometry,10,0.5797222222222222,0,0.4098506422161544,0.343739,1.599873
P45,shape_sorter_observation,1,shape_sorter_observation_s1_37.000,37.0,39.0,valence,3,eeg,gnb,hjorth,8,0.5755555555555556,1,0.892763961619627,0.394571,1.48199
P45,shape_sorter_observation,1,shape_sorter_observation_s1_38.000,38.0,40.0,arousal,1,face,svm,face_geometry,10,0.5812787212787213,1,0.5072783106325455,0.698439,2.8227260000000003
P45,shape_sorter_observation,1,shape_sorter_observation_s1_38.000,38.0,40.0,arousal,2,multimodal,logreg,all_eeg_plus_face,20,0.5596503496503497,1,0.7425621658039027,1.936403,3.1475869999999997
P45,shape_sorter_observation,1,shape_sorter_observation_s1_38.000,38.0,40.0,arousal,3,eeg,svm,paper_compact,10,0.5583616383616384,1,0.5901320712314297,0.792301,2.8019860000000003
P45,shape_sorter_observation,1,shape_sorter_observation_s1_38.000,38.0,40.0,valence,1,eeg,gnb,hjorth,10,0.5845833333333333,0,0.04231864880769083,0.625347,2.326651
P45,shape_sorter_observation,1,shape_sorter_observation_s1_38.000,38.0,40.0,valence,2,face,svm,face_geometry,10,0.5797222222222222,0,0.41987792907244775,0.611686,1.658155
P45,shape_sorter_observation,1,shape_sorter_observation_s1_38.000,38.0,40.0,valence,3,eeg,gnb,hjorth,8,0.5755555555555556,0,0.03893290120417174,0.396131,1.4823300000000001
P45,shape_sorter_observation,1,shape_sorter_observation_s1_39.000,39.0,41.0,arousal,1,face,svm,face_geometry,10,0.5812787212787213,1,0.5072782718129655,0.584576,2.759884
P45,shape_sorter_observation,1,shape_sorter_observation_s1_39.000,39.0,41.0,arousal,2,multimodal,logreg,all_eeg_plus_face,20,0.5596503496503497,1,0.7006424458444016,1.893961,3.114084
P45,shape_sorter_observation,1,shape_sorter_observation_s1_39.000,39.0,41.0,arousal,3,eeg,svm,paper_compact,10,0.5583616383616384,1,0.696732291216821,0.787651,2.7397039999999997
P45,shape_sorter_observation,1,shape_sorter_observation_s1_39.000,39.0,41.0,valence,1,eeg,gnb,hjorth,10,0.5845833333333333,0,0.0021786799788428984,0.620446,2.298552
P45,shape_sorter_observation,1,shape_sorter_observation_s1_39.000,39.0,41.0,valence,2,face,svm,face_geometry,10,0.5797222222222222,0,0.4194204347031398,0.590606,2.498387
P45,shape_sorter_observation,1,shape_sorter_observation_s1_39.000,39.0,41.0,valence,3,eeg,gnb,hjorth,8,0.5755555555555556,0,0.002199019991488195,0.617316,2.291592
P45,shape_sorter_observation,1,shape_sorter_observation_s1_40.000,40.0,42.0,arousal,1,face,svm,face_geometry,10,0.5812787212787213,1,0.5072783967699984,0.598616,2.855368
P45,shape_sorter_observation,1,shape_sorter_observation_s1_40.000,40.0,42.0,arousal,2,multimodal,logreg,all_eeg_plus_face,20,0.5596503496503497,0,0.4778414753520875,1.190732,1.985774
P45,shape_sorter_observation,1,shape_sorter_observation_s1_40.000,40.0,42.0,arousal,3,eeg,svm,paper_compact,10,0.5583616383616384,1,0.49537114918237707,0.505074,1.795978
P45,shape_sorter_observation,1,shape_sorter_observation_s1_40.000,40.0,42.0,valence,1,eeg,gnb,hjorth,10,0.5845833333333333,0,0.44928642404891594,0.404061,1.5299909999999999
P45,shape_sorter_observation,1,shape_sorter_observation_s1_40.000,40.0,42.0,valence,2,face,svm,face_geometry,10,0.5797222222222222,0,0.4195557602674291,0.34927,1.6372039999999999
P45,shape_sorter_observation,1,shape_sorter_observation_s1_40.000,40.0,42.0,valence,3,eeg,gnb,hjorth,8,0.5755555555555556,0,0.3736285447890635,0.401321,1.5041799999999999
P45,shape_sorter_observation,1,shape_sorter_observation_s1_41.000,41.0,43.0,arousal,1,face,svm,face_geometry,10,0.5812787212787213,1,0.5072794648322412,0.38205,1.8156189999999999
P45,shape_sorter_observation,1,shape_sorter_observation_s1_41.000,41.0,43.0,arousal,2,multimodal,logreg,all_eeg_plus_face,20,0.5596503496503497,1,0.5846199573180919,1.217903,1.9513930000000002
P45,shape_sorter_observation,1,shape_sorter_observation_s1_41.000,41.0,43.0,arousal,3,eeg,svm,paper_compact,10,0.5583616383616384,1,0.4739620977999696,0.496634,2.098367
P45,shape_sorter_observation,1,shape_sorter_observation_s1_41.000,41.0,43.0,valence,1,eeg,gnb,hjorth,10,0.5845833333333333,0,0.07451039268962327,0.787811,2.7531239999999997
P45,shape_sorter_observation,1,shape_sorter_observation_s1_41.000,41.0,43.0,valence,2,face,svm,face_geometry,10,0.5797222222222222,0,0.41781938814587705,0.341669,1.601843
P45,shape_sorter_observation,1,shape_sorter_observation_s1_41.000,41.0,43.0,valence,3,eeg,gnb,hjorth,8,0.5755555555555556,0,0.05605074301639445,0.395351,1.4642689999999998
P45,shape_sorter_observation,1,shape_sorter_observation_s1_42.000,42.0,44.0,arousal,1,face,svm,face_geometry,10,0.5812787212787213,1,0.5072837758061505,0.379791,1.805638
P45,shape_sorter_observation,1,shape_sorter_observation_s1_42.000,42.0,44.0,arousal,2,multimodal,logreg,all_eeg_plus_face,20,0.5596503496503497,1,0.5265618409701707,1.214343,1.9679440000000001
P45,shape_sorter_observation,1,shape_sorter_observation_s1_42.000,42.0,44.0,arousal,3,eeg,svm,paper_compact,10,0.5583616383616384,0,0.3743621044250114,0.503874,1.763748
P45,shape_sorter_observation,1,shape_sorter_observation_s1_42.000,42.0,44.0,valence,1,eeg,gnb,hjorth,10,0.5845833333333333,0,0.16458091489795984,0.396001,1.4709100000000002
P45,shape_sorter_observation,1,shape_sorter_observation_s1_42.000,42.0,44.0,valence,2,face,svm,face_geometry,10,0.5797222222222222,0,0.4269574658571878,0.343729,1.6255229999999998
P45,shape_sorter_observation,1,shape_sorter_observation_s1_42.000,42.0,44.0,valence,3,eeg,gnb,hjorth,8,0.5755555555555556,0,0.13476606484410447,0.3956,1.446029
P45,shape_sorter_observation,1,shape_sorter_observation_s1_43.000,43.0,45.0,arousal,1,face,svm,face_geometry,10,0.5812787212787213,1,0.5072768652132503,0.575566,2.766475
P45,shape_sorter_observation,1,shape_sorter_observation_s1_43.000,43.0,45.0,arousal,2,multimodal,logreg,all_eeg_plus_face,20,0.5596503496503497,0,0.34907103682685814,1.83764,3.092484
P45,shape_sorter_observation,1,shape_sorter_observation_s1_43.000,43.0,45.0,arousal,3,eeg,svm,paper_compact,10,0.5583616383616384,0,0.34348556964126253,0.780281,2.738684
P45,shape_sorter_observation,1,shape_sorter_observation_s1_43.000,43.0,45.0,valence,1,eeg,gnb,hjorth,10,0.5845833333333333,1,0.9210739929723154,0.620966,2.344924
P45,shape_sorter_observation,1,shape_sorter_observation_s1_43.000,43.0,45.0,valence,2,face,svm,face_geometry,10,0.5797222222222222,0,0.4217611549550627,0.533065,2.505788
P45,shape_sorter_observation,1,shape_sorter_observation_s1_43.000,43.0,45.0,valence,3,eeg,gnb,hjorth,8,0.5755555555555556,1,0.9015008564480649,0.614847,2.26602
P45,shape_sorter_observation,1,shape_sorter_observation_s1_44.000,44.0,46.0,arousal,1,face,svm,face_geometry,10,0.5812787212787213,1,0.5072807208282516,0.75339,2.538448
P45,shape_sorter_observation,1,shape_sorter_observation_s1_44.000,44.0,46.0,arousal,2,multimodal,logreg,all_eeg_plus_face,20,0.5596503496503497,0,0.3607714537401276,1.228824,1.981243
P45,shape_sorter_observation,1,shape_sorter_observation_s1_44.000,44.0,46.0,arousal,3,eeg,svm,paper_compact,10,0.5583616383616384,1,0.46913896592777543,0.502684,1.736747
P45,shape_sorter_observation,1,shape_sorter_observation_s1_44.000,44.0,46.0,valence,1,eeg,gnb,hjorth,10,0.5845833333333333,1,0.9244979455771412,0.413562,1.47032
P45,shape_sorter_observation,1,shape_sorter_observation_s1_44.000,44.0,46.0,valence,2,face,svm,face_geometry,10,0.5797222222222222,0,0.419100807953537,0.341829,1.5927440000000002
P45,shape_sorter_observation,1,shape_sorter_observation_s1_44.000,44.0,46.0,valence,3,eeg,gnb,hjorth,8,0.5755555555555556,1,0.9020160144941018,0.434482,1.453659
P45,shape_sorter_observation,1,shape_sorter_observation_s1_45.000,45.0,47.0,arousal,1,face,svm,face_geometry,10,0.5812787212787213,1,0.5072910907000999,0.604027,2.872677
P45,shape_sorter_observation,1,shape_sorter_observation_s1_45.000,45.0,47.0,arousal,2,multimodal,logreg,all_eeg_plus_face,20,0.5596503496503497,0,0.47502757270495205,1.886071,3.1380639999999995
P45,shape_sorter_observation,1,shape_sorter_observation_s1_45.000,45.0,47.0,arousal,3,eeg,svm,paper_compact,10,0.5583616383616384,0,0.3734724604800863,0.782951,2.737085
P45,shape_sorter_observation,1,shape_sorter_observation_s1_45.000,45.0,47.0,valence,1,eeg,gnb,hjorth,10,0.5845833333333333,1,0.8927893259701372,0.619587,2.344384
P45,shape_sorter_observation,1,shape_sorter_observation_s1_45.000,45.0,47.0,valence,2,face,svm,face_geometry,10,0.5797222222222222,0,0.42551611742847306,0.534194,2.5041979999999997
P45,shape_sorter_observation,1,shape_sorter_observation_s1_45.000,45.0,47.0,valence,3,eeg,gnb,hjorth,8,0.5755555555555556,1,0.8613376356790359,0.668728,2.265001
P45,shape_sorter_observation,1,shape_sorter_observation_s1_46.000,46.0,48.0,arousal,1,face,svm,face_geometry,10,0.5812787212787213,1,0.5072772253319718,0.72229,2.983432
P45,shape_sorter_observation,1,shape_sorter_observation_s1_46.000,46.0,48.0,arousal,2,multimodal,logreg,all_eeg_plus_face,20,0.5596503496503497,0,0.43474298295843894,1.176742,1.947762
P45,shape_sorter_observation,1,shape_sorter_observation_s1_46.000,46.0,48.0,arousal,3,eeg,svm,paper_compact,10,0.5583616383616384,0,0.40623125491065726,0.502974,1.719836
P45,shape_sorter_observation,1,shape_sorter_observation_s1_46.000,46.0,48.0,valence,1,eeg,gnb,hjorth,10,0.5845833333333333,1,0.9424741092047084,0.39242,1.6725759999999998
P45,shape_sorter_observation,1,shape_sorter_observation_s1_46.000,46.0,48.0,valence,2,face,svm,face_geometry,10,0.5797222222222222,0,0.44760027443731043,0.529494,2.491208
P45,shape_sorter_observation,1,shape_sorter_observation_s1_46.000,46.0,48.0,valence,3,eeg,gnb,hjorth,8,0.5755555555555556,1,0.9267569305311978,0.611337,2.2511020000000004
P45,shape_sorter_observation,1,shape_sorter_observation_s1_47.000,47.0,49.0,arousal,1,face,svm,face_geometry,10,0.5812787212787213,1,0.5072762186900656,0.386651,1.8253789999999999
P45,shape_sorter_observation,1,shape_sorter_observation_s1_47.000,47.0,49.0,arousal,2,multimodal,logreg,all_eeg_plus_face,20,0.5596503496503497,0,0.47038665192325935,1.196042,2.0019340000000003
P45,shape_sorter_observation,1,shape_sorter_observation_s1_47.000,47.0,49.0,arousal,3,eeg,svm,paper_compact,10,0.5583616383616384,1,0.4213164532699564,0.504044,1.7544980000000001
P45,shape_sorter_observation,1,shape_sorter_observation_s1_47.000,47.0,49.0,valence,1,eeg,gnb,hjorth,10,0.5845833333333333,1,0.8598762583032432,0.399541,1.5569520000000001
P45,shape_sorter_observation,1,shape_sorter_observation_s1_47.000,47.0,49.0,valence,2,face,svm,face_geometry,10,0.5797222222222222,0,0.427461589709221,0.343879,1.607564
P45,shape_sorter_observation,1,shape_sorter_observation_s1_47.000,47.0,49.0,valence,3,eeg,gnb,hjorth,8,0.5755555555555556,1,0.85727257376876,0.39697,1.533862
P45,shape_sorter_observation,1,shape_sorter_observation_s1_48.000,48.0,50.0,arousal,1,face,svm,face_geometry,10,0.5812787212787213,1,0.5072778475188504,0.39205,1.864891
P45,shape_sorter_observation,1,shape_sorter_observation_s1_48.000,48.0,50.0,arousal,2,multimodal,logreg,all_eeg_plus_face,20,0.5596503496503497,1,0.5664857096237852,1.209623,1.993285
P45,shape_sorter_observation,1,shape_sorter_observation_s1_48.000,48.0,50.0,arousal,3,eeg,svm,paper_compact,10,0.5583616383616384,1,0.5247822880009434,0.520924,1.867061
P45,shape_sorter_observation,1,shape_sorter_observation_s1_48.000,48.0,50.0,valence,1,eeg,gnb,hjorth,10,0.5845833333333333,1,0.665852950155588,0.402741,1.512451
P45,shape_sorter_observation,1,shape_sorter_observation_s1_48.000,48.0,50.0,valence,2,face,svm,face_geometry,10,0.5797222222222222,0,0.41519062328628187,0.35435,1.623234
P45,shape_sorter_observation,1,shape_sorter_observation_s1_48.000,48.0,50.0,valence,3,eeg,gnb,hjorth,8,0.5755555555555556,1,0.6225217891766749,0.4009,1.505221
P45,shape_sorter_observation,1,shape_sorter_observation_s1_49.000,49.0,51.0,arousal,1,face,svm,face_geometry,10,0.5812787212787213,1,0.5072878479016598,0.583106,2.788256
P45,shape_sorter_observation,1,shape_sorter_observation_s1_49.000,49.0,51.0,arousal,2,multimodal,logreg,all_eeg_plus_face,20,0.5596503496503497,1,0.5480093487716856,1.851511,3.0952040000000003
P45,shape_sorter_observation,1,shape_sorter_observation_s1_49.000,49.0,51.0,arousal,3,eeg,svm,paper_compact,10,0.5583616383616384,1,0.5833435074459243,0.787211,2.736064
P45,shape_sorter_observation,1,shape_sorter_observation_s1_49.000,49.0,51.0,valence,1,eeg,gnb,hjorth,10,0.5845833333333333,0,0.1088818241514277,0.620517,2.350784
P45,shape_sorter_observation,1,shape_sorter_observation_s1_49.000,49.0,51.0,valence,2,face,svm,face_geometry,10,0.5797222222222222,0,0.41890809218707986,0.344259,1.584843
P45,shape_sorter_observation,1,shape_sorter_observation_s1_49.000,49.0,51.0,valence,3,eeg,gnb,hjorth,8,0.5755555555555556,0,0.08936414802916806,0.39108,1.453359
P45,shape_sorter_observation,1,shape_sorter_observation_s1_50.000,50.0,52.0,arousal,1,face,svm,face_geometry,10,0.5812787212787213,1,0.5072804291828846,0.39027,1.786768
P45,shape_sorter_observation,1,shape_sorter_observation_s1_50.000,50.0,52.0,arousal,2,multimodal,logreg,all_eeg_plus_face,20,0.5596503496503497,1,0.5284146786027297,1.190962,1.970653
P45,shape_sorter_observation,1,shape_sorter_observation_s1_50.000,50.0,52.0,arousal,3,eeg,svm,paper_compact,10,0.5583616383616384,1,0.5119488717112415,0.502714,1.764388
P45,shape_sorter_observation,1,shape_sorter_observation_s1_50.000,50.0,52.0,valence,1,eeg,gnb,hjorth,10,0.5845833333333333,0,0.01120428236997426,0.396451,1.47665
P45,shape_sorter_observation,1,shape_sorter_observation_s1_50.000,50.0,52.0,valence,2,face,svm,face_geometry,10,0.5797222222222222,0,0.40658940787305187,0.34666,1.628674
P45,shape_sorter_observation,1,shape_sorter_observation_s1_50.000,50.0,52.0,valence,3,eeg,gnb,hjorth,8,0.5755555555555556,0,0.011882615541277342,0.40167,1.45398
P45,shape_sorter_observation,1,shape_sorter_observation_s1_51.000,51.0,53.0,arousal,1,face,svm,face_geometry,10,0.5812787212787213,1,0.5072782742696367,0.578925,2.712834
P45,shape_sorter_observation,1,shape_sorter_observation_s1_51.000,51.0,53.0,arousal,2,multimodal,logreg,all_eeg_plus_face,20,0.5596503496503497,1,0.5285039626674984,1.840411,2.5953899999999996
P45,shape_sorter_observation,1,shape_sorter_observation_s1_51.000,51.0,53.0,arousal,3,eeg,svm,paper_compact,10,0.5583616383616384,1,0.4899507495241489,0.491513,1.7279969999999998
P45,shape_sorter_observation,1,shape_sorter_observation_s1_51.000,51.0,53.0,valence,1,eeg,gnb,hjorth,10,0.5845833333333333,0,0.00693972065201003,0.3929,1.4722899999999999
P45,shape_sorter_observation,1,shape_sorter_observation_s1_51.000,51.0,53.0,valence,2,face,svm,face_geometry,10,0.5797222222222222,0,0.4072863059621533,0.343729,1.604684
P45,shape_sorter_observation,1,shape_sorter_observation_s1_51.000,51.0,53.0,valence,3,eeg,gnb,hjorth,8,0.5755555555555556,0,0.008517579120238539,0.395171,1.454519
P45,shape_sorter_observation,1,shape_sorter_observation_s1_52.000,52.0,54.0,arousal,1,face,svm,face_geometry,10,0.5812787212787213,1,0.5072781568996448,0.755931,2.4237349999999998
P45,shape_sorter_observation,1,shape_sorter_observation_s1_52.000,52.0,54.0,arousal,2,multimodal,logreg,all_eeg_plus_face,20,0.5596503496503497,1,0.5336288910773911,1.219923,1.976693
P45,shape_sorter_observation,1,shape_sorter_observation_s1_52.000,52.0,54.0,arousal,3,eeg,svm,paper_compact,10,0.5583616383616384,1,0.564915145001971,0.507434,1.737927
P45,shape_sorter_observation,1,shape_sorter_observation_s1_52.000,52.0,54.0,valence,1,eeg,gnb,hjorth,10,0.5845833333333333,0,0.012846253791262223,0.446162,1.494661
P45,shape_sorter_observation,1,shape_sorter_observation_s1_52.000,52.0,54.0,valence,2,face,svm,face_geometry,10,0.5797222222222222,0,0.4387946914864945,0.342909,1.598893
P45,shape_sorter_observation,1,shape_sorter_observation_s1_52.000,52.0,54.0,valence,3,eeg,gnb,hjorth,8,0.5755555555555556,0,0.009625597405670663,0.401311,1.4626700000000001
P45,shape_sorter_observation,1,shape_sorter_observation_s1_53.000,53.0,55.0,arousal,1,face,svm,face_geometry,10,0.5812787212787213,1,0.5072795079287403,0.605646,2.707503
P45,shape_sorter_observation,1,shape_sorter_observation_s1_53.000,53.0,55.0,arousal,2,multimodal,logreg,all_eeg_plus_face,20,0.5596503496503497,1,0.6388264319438669,1.817499,1.929263
P45,shape_sorter_observation,1,shape_sorter_observation_s1_53.000,53.0,55.0,arousal,3,eeg,svm,paper_compact,10,0.5583616383616384,1,0.5598781665627283,0.496824,1.7336070000000001
P45,shape_sorter_observation,1,shape_sorter_observation_s1_53.000,53.0,55.0,valence,1,eeg,gnb,hjorth,10,0.5845833333333333,0,0.010239566942567873,0.390171,1.4580989999999998
P45,shape_sorter_observation,1,shape_sorter_observation_s1_53.000,53.0,55.0,valence,2,face,svm,face_geometry,10,0.5797222222222222,0,0.4358504708791527,0.339589,1.6021739999999998
P45,shape_sorter_observation,1,shape_sorter_observation_s1_53.000,53.0,55.0,valence,3,eeg,gnb,hjorth,8,0.5755555555555556,0,0.008885273791549846,0.400421,1.446319
P45,shape_sorter_observation,1,shape_sorter_observation_s1_54.000,54.0,56.0,arousal,1,face,svm,face_geometry,10,0.5812787212787213,1,0.5072964022227638,0.386801,1.7643170000000001
P45,shape_sorter_observation,1,shape_sorter_observation_s1_54.000,54.0,56.0,arousal,2,multimodal,logreg,all_eeg_plus_face,20,0.5596503496503497,0,0.49727042692121287,1.234224,1.9471629999999998
P45,shape_sorter_observation,1,shape_sorter_observation_s1_54.000,54.0,56.0,arousal,3,eeg,svm,paper_compact,10,0.5583616383616384,0,0.3189734522003798,0.499614,2.219709
P45,shape_sorter_observation,1,shape_sorter_observation_s1_54.000,54.0,56.0,valence,1,eeg,gnb,hjorth,10,0.5845833333333333,0,0.45778556752099886,0.615167,2.3640239999999997
P45,shape_sorter_observation,1,shape_sorter_observation_s1_54.000,54.0,56.0,valence,2,face,svm,face_geometry,10,0.5797222222222222,0,0.38369622600718956,0.532014,2.5619300000000003
P45,shape_sorter_observation,1,shape_sorter_observation_s1_54.000,54.0,56.0,valence,3,eeg,gnb,hjorth,8,0.5755555555555556,0,0.42542878853636507,0.610557,2.249792
P45,shape_sorter_observation,1,shape_sorter_observation_s1_55.000,55.0,57.0,arousal,1,face,svm,face_geometry,10,0.5812787212787213,1,0.5073368916878531,0.587945,2.740135
P45,shape_sorter_observation,1,shape_sorter_observation_s1_55.000,55.0,57.0,arousal,2,multimodal,logreg,all_eeg_plus_face,20,0.5596503496503497,0,0.2869775659346863,1.899492,3.103135
P45,shape_sorter_observation,1,shape_sorter_observation_s1_55.000,55.0,57.0,arousal,3,eeg,svm,paper_compact,10,0.5583616383616384,0,0.1343124938286843,0.786141,2.783436
P45,shape_sorter_observation,1,shape_sorter_observation_s1_55.000,55.0,57.0,valence,1,eeg,gnb,hjorth,10,0.5845833333333333,1,0.738842933702072,0.619867,2.278211
P45,shape_sorter_observation,1,shape_sorter_observation_s1_55.000,55.0,57.0,valence,2,face,svm,face_geometry,10,0.5797222222222222,0,0.4652734078666408,0.557765,2.472236
P45,shape_sorter_observation,1,shape_sorter_observation_s1_55.000,55.0,57.0,valence,3,eeg,gnb,hjorth,8,0.5755555555555556,1,0.7047986076494531,0.616006,2.267083
P45,shape_sorter_observation,1,shape_sorter_observation_s1_56.000,56.0,58.0,arousal,1,face,svm,face_geometry,10,0.5812787212787213,1,0.507345198267656,0.392261,1.806778
P45,shape_sorter_observation,1,shape_sorter_observation_s1_56.000,56.0,58.0,arousal,2,multimodal,logreg,all_eeg_plus_face,20,0.5596503496503497,0,0.32753822517289827,1.212083,1.9693630000000002
P45,shape_sorter_observation,1,shape_sorter_observation_s1_56.000,56.0,58.0,arousal,3,eeg,svm,paper_compact,10,0.5583616383616384,0,0.24175813042092054,0.504214,1.769647
P45,shape_sorter_observation,1,shape_sorter_observation_s1_56.000,56.0,58.0,valence,1,eeg,gnb,hjorth,10,0.5845833333333333,1,0.8423864430838306,0.397451,1.4775699999999998
P45,shape_sorter_observation,1,shape_sorter_observation_s1_56.000,56.0,58.0,valence,2,face,svm,face_geometry,10,0.5797222222222222,0,0.44616800388864003,0.344219,1.605134
P45,shape_sorter_observation,1,shape_sorter_observation_s1_56.000,56.0,58.0,valence,3,eeg,gnb,hjorth,8,0.5755555555555556,1,0.8125180353317359,0.39353,1.4466299999999999
P45,shape_sorter_observation,1,shape_sorter_observation_s1_57.000,57.0,59.0,arousal,1,face,svm,face_geometry,10,0.5812787212787213,1,0.5073355317623854,0.577525,3.964588
P45,shape_sorter_observation,1,shape_sorter_observation_s1_57.000,57.0,59.0,arousal,2,multimodal,logreg,all_eeg_plus_face,20,0.5596503496503497,1,0.5105840721005405,1.155612,1.938572
P45,shape_sorter_observation,1,shape_sorter_observation_s1_57.000,57.0,59.0,arousal,3,eeg,svm,paper_compact,10,0.5583616383616384,1,0.534054777876884,0.484323,1.671844
P45,shape_sorter_observation,1,shape_sorter_observation_s1_57.000,57.0,59.0,valence,1,eeg,gnb,hjorth,10,0.5845833333333333,1,0.6302506053099319,0.38088,1.46527
P45,shape_sorter_observation,1,shape_sorter_observation_s1_57.000,57.0,59.0,valence,2,face,svm,face_geometry,10,0.5797222222222222,0,0.4328430769206606,0.332469,2.425286
P45,shape_sorter_observation,1,shape_sorter_observation_s1_57.000,57.0,59.0,valence,3,eeg,gnb,hjorth,8,0.5755555555555556,1,0.6058202752835113,0.677048,2.269803
P45,shape_sorter_observation,1,shape_sorter_observation_s1_58.000,58.0,60.0,arousal,1,face,svm,face_geometry,10,0.5812787212787213,1,0.5073415883475678,0.577916,2.460987
P45,shape_sorter_observation,1,shape_sorter_observation_s1_58.000,58.0,60.0,arousal,2,multimodal,logreg,all_eeg_plus_face,20,0.5596503496503497,1,0.5455480426354523,1.143911,1.8870310000000001
P45,shape_sorter_observation,1,shape_sorter_observation_s1_58.000,58.0,60.0,arousal,3,eeg,svm,paper_compact,10,0.5583616383616384,1,0.42474175875540504,0.483073,1.6731850000000001
P45,shape_sorter_observation,1,shape_sorter_observation_s1_58.000,58.0,60.0,valence,1,eeg,gnb,hjorth,10,0.5845833333333333,1,0.884422273157016,0.3846,1.439549
P45,shape_sorter_observation,1,shape_sorter_observation_s1_58.000,58.0,60.0,valence,2,face,svm,face_geometry,10,0.5797222222222222,0,0.4386020267029918,0.331379,1.539961
P45,shape_sorter_observation,1,shape_sorter_observation_s1_58.000,58.0,60.0,valence,3,eeg,gnb,hjorth,8,0.5755555555555556,1,0.8492700494096262,0.390641,1.463749
P45,shape_sorter_observation,1,shape_sorter_observation_s1_59.000,59.0,61.0,arousal,1,face,svm,face_geometry,10,0.5812787212787213,1,0.5072871866228422,0.587666,2.754525
P45,shape_sorter_observation,1,shape_sorter_observation_s1_59.000,59.0,61.0,arousal,2,multimodal,logreg,all_eeg_plus_face,20,0.5596503496503497,0,0.4548144560190547,1.84008,2.549569
P45,shape_sorter_observation,1,shape_sorter_observation_s1_59.000,59.0,61.0,arousal,3,eeg,svm,paper_compact,10,0.5583616383616384,0,0.29266049616132794,0.498974,1.748707
P45,shape_sorter_observation,1,shape_sorter_observation_s1_59.000,59.0,61.0,valence,1,eeg,gnb,hjorth,10,0.5845833333333333,1,0.9419675660492964,0.397501,1.468329
P45,shape_sorter_observation,1,shape_sorter_observation_s1_59.000,59.0,61.0,valence,2,face,svm,face_geometry,10,0.5797222222222222,0,0.42987967795046284,0.342209,1.6691760000000002
P45,shape_sorter_observation,1,shape_sorter_observation_s1_59.000,59.0,61.0,valence,3,eeg,gnb,hjorth,8,0.5755555555555556,1,0.9225292670641398,0.399111,1.449309
P45,shape_sorter_observation,1,shape_sorter_observation_s1_60.000,60.0,62.0,arousal,1,face,svm,face_geometry,10,0.5812787212787213,1,0.5072824645366838,0.393231,1.807118
P45,shape_sorter_observation,1,shape_sorter_observation_s1_60.000,60.0,62.0,arousal,2,multimodal,logreg,all_eeg_plus_face,20,0.5596503496503497,1,0.5612385066483653,1.217693,3.7280409999999997
P45,shape_sorter_observation,1,shape_sorter_observation_s1_60.000,60.0,62.0,arousal,3,eeg,svm,paper_compact,10,0.5583616383616384,0,0.40440279509458504,0.747681,1.735878
P45,shape_sorter_observation,1,shape_sorter_observation_s1_60.000,60.0,62.0,valence,1,eeg,gnb,hjorth,10,0.5845833333333333,0,0.08456794992682085,0.394551,1.547252
P45,shape_sorter_observation,1,shape_sorter_observation_s1_60.000,60.0,62.0,valence,2,face,svm,face_geometry,10,0.5797222222222222,0,0.4393226438426754,0.342009,1.5854629999999998
P45,shape_sorter_observation,1,shape_sorter_observation_s1_60.000,60.0,62.0,valence,3,eeg,gnb,hjorth,8,0.5755555555555556,0,0.08186438378857701,0.3938,1.679246
P45,shape_sorter_observation,1,shape_sorter_observation_s1_61.000,61.0,63.0,arousal,1,face,svm,face_geometry,10,0.5812787212787213,1,0.5072820087321593,0.586726,2.743213
P45,shape_sorter_observation,1,shape_sorter_observation_s1_61.000,61.0,63.0,arousal,2,multimodal,logreg,all_eeg_plus_face,20,0.5596503496503497,0,0.47136946860759743,1.85318,3.139565
P45,shape_sorter_observation,1,shape_sorter_observation_s1_61.000,61.0,63.0,arousal,3,eeg,svm,paper_compact,10,0.5583616383616384,1,0.47592135108771155,0.813592,2.686084
P45,shape_sorter_observation,1,shape_sorter_observation_s1_61.000,61.0,63.0,valence,1,eeg,gnb,hjorth,10,0.5845833333333333,0,0.00675819961566303,0.612947,2.536739
P45,shape_sorter_observation,1,shape_sorter_observation_s1_61.000,61.0,63.0,valence,2,face,svm,face_geometry,10,0.5797222222222222,0,0.42824448631536327,0.675888,2.677733
P45,shape_sorter_observation,1,shape_sorter_observation_s1_61.000,61.0,63.0,valence,3,eeg,gnb,hjorth,8,0.5755555555555556,0,0.00757283394487289,0.38725,1.401338
P45,shape_sorter_observation,1,shape_sorter_observation_s1_62.000,62.0,64.0,arousal,1,face,svm,face_geometry,10,0.5812787212787213,1,0.5072788185087178,0.586976,2.797166
P45,shape_sorter_observation,1,shape_sorter_observation_s1_62.000,62.0,64.0,arousal,2,multimodal,logreg,all_eeg_plus_face,20,0.5596503496503497,0,0.4456154268070952,1.84103,3.0821529999999995
P45,shape_sorter_observation,1,shape_sorter_observation_s1_62.000,62.0,64.0,arousal,3,eeg,svm,paper_compact,10,0.5583616383616384,0,0.40207623997814773,0.779991,2.701673
P45,shape_sorter_observation,1,shape_sorter_observation_s1_62.000,62.0,64.0,valence,1,eeg,gnb,hjorth,10,0.5845833333333333,0,0.005180008931468745,0.779742,2.92477
P45,shape_sorter_observation,1,shape_sorter_observation_s1_62.000,62.0,64.0,valence,2,face,svm,face_geometry,10,0.5797222222222222,0,0.4095035846460461,0.432752,1.539781
P45,shape_sorter_observation,1,shape_sorter_observation_s1_62.000,62.0,64.0,valence,3,eeg,gnb,hjorth,8,0.5755555555555556,0,0.0043515004756318814,0.388201,1.4252179999999999
P45,shape_sorter_observation,1,shape_sorter_observation_s1_63.000,63.0,65.0,arousal,1,face,svm,face_geometry,10,0.5812787212787213,1,0.5072904707042101,0.385951,1.8461499999999997
P45,shape_sorter_observation,1,shape_sorter_observation_s1_63.000,63.0,65.0,arousal,2,multimodal,logreg,all_eeg_plus_face,20,0.5596503496503497,0,0.4058126693387477,1.209123,1.958642
P45,shape_sorter_observation,1,shape_sorter_observation_s1_63.000,63.0,65.0,arousal,3,eeg,svm,paper_compact,10,0.5583616383616384,0,0.30392216124562893,0.501324,1.742367
P45,shape_sorter_observation,1,shape_sorter_observation_s1_63.000,63.0,65.0,valence,1,eeg,gnb,hjorth,10,0.5845833333333333,0,0.10051935634275584,0.395251,1.4958509999999998
P45,shape_sorter_observation,1,shape_sorter_observation_s1_63.000,63.0,65.0,valence,2,face,svm,face_geometry,10,0.5797222222222222,0,0.43553759835082334,0.34367,1.590762
P45,shape_sorter_observation,1,shape_sorter_observation_s1_63.000,63.0,65.0,valence,3,eeg,gnb,hjorth,8,0.5755555555555556,0,0.0768099724669867,0.394521,1.46344
P45,shape_sorter_observation,1,shape_sorter_observation_s1_64.000,64.0,66.0,arousal,1,face,svm,face_geometry,10,0.5812787212787213,1,0.5072819526431324,0.753501,2.405455
P45,shape_sorter_observation,1,shape_sorter_observation_s1_64.000,64.0,66.0,arousal,2,multimodal,logreg,all_eeg_plus_face,20,0.5596503496503497,0,0.40232874485908976,1.217213,1.950603
P45,shape_sorter_observation,1,shape_sorter_observation_s1_64.000,64.0,66.0,arousal,3,eeg,svm,paper_compact,10,0.5583616383616384,0,0.32236328493599714,0.503173,1.7490869999999998
P45,shape_sorter_observation,1,shape_sorter_observation_s1_64.000,64.0,66.0,valence,1,eeg,gnb,hjorth,10,0.5845833333333333,1,0.631060604950889,0.39839,1.474331
P45,shape_sorter_observation,1,shape_sorter_observation_s1_64.000,64.0,66.0,valence,2,face,svm,face_geometry,10,0.5797222222222222,0,0.43785721665167265,0.343079,1.6302750000000001
P45,shape_sorter_observation,1,shape_sorter_observation_s1_64.000,64.0,66.0,valence,3,eeg,gnb,hjorth,8,0.5755555555555556,1,0.602113173606217,0.399141,1.461259
P45,shape_sorter_observation,1,shape_sorter_observation_s1_65.000,65.0,67.0,arousal,1,face,svm,face_geometry,10,0.5812787212787213,1,0.5072787873844701,0.385441,1.84737
P45,shape_sorter_observation,1,shape_sorter_observation_s1_65.000,65.0,67.0,arousal,2,multimodal,logreg,all_eeg_plus_face,20,0.5596503496503497,0,0.3958576516369437,1.195242,1.973964
P45,shape_sorter_observation,1,shape_sorter_observation_s1_65.000,65.0,67.0,arousal,3,eeg,svm,paper_compact,10,0.5583616383616384,0,0.3040123371307776,0.504944,1.7363469999999999
P45,shape_sorter_observation,1,shape_sorter_observation_s1_65.000,65.0,67.0,valence,1,eeg,gnb,hjorth,10,0.5845833333333333,1,0.8328398485908971,0.397861,1.505621
P45,shape_sorter_observation,1,shape_sorter_observation_s1_65.000,65.0,67.0,valence,2,face,svm,face_geometry,10,0.5797222222222222,0,0.42212164637063415,0.343569,1.594173
P45,shape_sorter_observation,1,shape_sorter_observation_s1_65.000,65.0,67.0,valence,3,eeg,gnb,hjorth,8,0.5755555555555556,1,0.7968529422749855,0.408431,1.452079
P45,shape_sorter_observation,1,shape_sorter_observation_s1_66.000,66.0,68.0,arousal,1,face,svm,face_geometry,10,0.5812787212787213,1,0.5072701402545529,0.580075,2.57621
P45,shape_sorter_observation,1,shape_sorter_observation_s1_66.000,66.0,68.0,arousal,2,multimodal,logreg,all_eeg_plus_face,20,0.5596503496503497,1,0.5013418030537136,1.188822,1.948493
P45,shape_sorter_observation,1,shape_sorter_observation_s1_66.000,66.0,68.0,arousal,3,eeg,svm,paper_compact,10,0.5583616383616384,1,0.5024441628394128,0.512204,1.730508
P45,shape_sorter_observation,1,shape_sorter_observation_s1_66.000,66.0,68.0,valence,1,eeg,gnb,hjorth,10,0.5845833333333333,1,0.8516881236027289,0.395211,1.494511
P45,shape_sorter_observation,1,shape_sorter_observation_s1_66.000,66.0,68.0,valence,2,face,svm,face_geometry,10,0.5797222222222222,0,0.4016516104364454,0.341279,1.587963
P45,shape_sorter_observation,1,shape_sorter_observation_s1_66.000,66.0,68.0,valence,3,eeg,gnb,hjorth,8,0.5755555555555556,1,0.8071684596612463,0.39396,1.505651
P45,shape_sorter_observation,1,shape_sorter_observation_s1_67.000,67.0,69.0,arousal,1,face,svm,face_geometry,10,0.5812787212787213,1,0.5082166033063124,0.392541,1.84784
P45,shape_sorter_observation,1,shape_sorter_observation_s1_67.000,67.0,69.0,arousal,2,multimodal,logreg,all_eeg_plus_face,20,0.5596503496503497,0,0.4138975043821152,1.228223,1.981474
P45,shape_sorter_observation,1,shape_sorter_observation_s1_67.000,67.0,69.0,arousal,3,eeg,svm,paper_compact,10,0.5583616383616384,1,0.4260945728887591,0.507763,1.7936290000000001
P45,shape_sorter_observation,1,shape_sorter_observation_s1_67.000,67.0,69.0,valence,1,eeg,gnb,hjorth,10,0.5845833333333333,1,0.7188235466687605,0.403301,1.488671
P45,shape_sorter_observation,1,shape_sorter_observation_s1_67.000,67.0,69.0,valence,2,face,svm,face_geometry,10,0.5797222222222222,0,0.41610560843721167,0.348399,1.703147
P45,shape_sorter_observation,1,shape_sorter_observation_s1_67.000,67.0,69.0,valence,3,eeg,gnb,hjorth,8,0.5755555555555556,1,0.6639235006385084,0.401651,1.467159
P45,shape_sorter_observation,1,shape_sorter_observation_s1_68.000,68.0,70.0,arousal,1,face,svm,face_geometry,10,0.5812787212787213,1,0.5093592543363007,0.584756,2.7382340000000003
P45,shape_sorter_observation,1,shape_sorter_observation_s1_68.000,68.0,70.0,arousal,2,multimodal,logreg,all_eeg_plus_face,20,0.5596503496503497,0,0.4100336914958759,1.880271,3.094725
P45,shape_sorter_observation,1,shape_sorter_observation_s1_68.000,68.0,70.0,arousal,3,eeg,svm,paper_compact,10,0.5583616383616384,1,0.48474068329920966,0.787982,2.764974
P45,shape_sorter_observation,1,shape_sorter_observation_s1_68.000,68.0,70.0,valence,1,eeg,gnb,hjorth,10,0.5845833333333333,1,0.7303562045815116,0.624357,1.48915
P45,shape_sorter_observation,1,shape_sorter_observation_s1_68.000,68.0,70.0,valence,2,face,svm,face_geometry,10,0.5797222222222222,0,0.44919497797181557,0.338119,1.580803
P45,shape_sorter_observation,1,shape_sorter_observation_s1_68.000,68.0,70.0,valence,3,eeg,gnb,hjorth,8,0.5755555555555556,1,0.6841258810287144,0.395361,1.449669
P45,shape_sorter_observation,1,shape_sorter_observation_s1_69.000,69.0,71.0,arousal,1,face,svm,face_geometry,10,0.5812787212787213,1,0.5077701678694205,0.38095,1.792618
P45,shape_sorter_observation,1,shape_sorter_observation_s1_69.000,69.0,71.0,arousal,2,multimodal,logreg,all_eeg_plus_face,20,0.5596503496503497,0,0.4840812522032927,1.186792,1.959844
P45,shape_sorter_observation,1,shape_sorter_observation_s1_69.000,69.0,71.0,arousal,3,eeg,svm,paper_compact,10,0.5583616383616384,1,0.5056332140431475,0.520564,1.7284670000000002
P45,shape_sorter_observation,1,shape_sorter_observation_s1_69.000,69.0,71.0,valence,1,eeg,gnb,hjorth,10,0.5845833333333333,1,0.8600088721274143,0.404241,1.49557
P45,shape_sorter_observation,1,shape_sorter_observation_s1_69.000,69.0,71.0,valence,2,face,svm,face_geometry,10,0.5797222222222222,0,0.43906295372347093,0.343169,1.602504
P45,shape_sorter_observation,1,shape_sorter_observation_s1_69.000,69.0,71.0,valence,3,eeg,gnb,hjorth,8,0.5755555555555556,1,0.8733315467900254,0.396091,1.506581
P45,shape_sorter_observation,1,shape_sorter_observation_s1_70.000,70.0,72.0,arousal,1,face,svm,face_geometry,10,0.5812787212787213,1,0.507394732540672,0.655648,2.7587840000000003
P45,shape_sorter_observation,1,shape_sorter_observation_s1_70.000,70.0,72.0,arousal,2,multimodal,logreg,all_eeg_plus_face,20,0.5596503496503497,1,0.5723680496064786,1.894012,3.1728949999999996
P45,shape_sorter_observation,1,shape_sorter_observation_s1_70.000,70.0,72.0,arousal,3,eeg,svm,paper_compact,10,0.5583616383616384,1,0.5463563786689547,0.777082,1.723087
P45,shape_sorter_observation,1,shape_sorter_observation_s1_70.000,70.0,72.0,valence,1,eeg,gnb,hjorth,10,0.5845833333333333,1,0.5651692595499781,0.38925,1.47165
P45,shape_sorter_observation,1,shape_sorter_observation_s1_70.000,70.0,72.0,valence,2,face,svm,face_geometry,10,0.5797222222222222,0,0.39924197866759914,0.342789,1.5842230000000002
P45,shape_sorter_observation,1,shape_sorter_observation_s1_70.000,70.0,72.0,valence,3,eeg,gnb,hjorth,8,0.5755555555555556,1,0.7850177360499857,0.401491,1.463959
P45,shape_sorter_observation,1,shape_sorter_observation_s1_71.000,71.0,73.0,arousal,1,face,svm,face_geometry,10,0.5812787212787213,1,0.5074087537750291,0.381521,1.827339
P45,shape_sorter_observation,1,shape_sorter_observation_s1_71.000,71.0,73.0,arousal,2,multimodal,logreg,all_eeg_plus_face,20,0.5596503496503497,0,0.4578801041998672,1.198253,1.992364
P45,shape_sorter_observation,1,shape_sorter_observation_s1_71.000,71.0,73.0,arousal,3,eeg,svm,paper_compact,10,0.5583616383616384,1,0.42856989375922955,0.500954,2.418925
P45,shape_sorter_observation,1,shape_sorter_observation_s1_71.000,71.0,73.0,valence,1,eeg,gnb,hjorth,10,0.5845833333333333,1,0.857450973766812,0.613807,2.276601
P45,shape_sorter_observation,1,shape_sorter_observation_s1_71.000,71.0,73.0,valence,2,face,svm,face_geometry,10,0.5797222222222222,0,0.40632386096542755,0.525004,2.503968
P45,shape_sorter_observation,1,shape_sorter_observation_s1_71.000,71.0,73.0,valence,3,eeg,gnb,hjorth,8,0.5755555555555556,1,0.8450860817126858,0.612827,2.265402
P45,shape_sorter_observation,1,shape_sorter_observation_s1_72.000,72.0,74.0,arousal,1,face,svm,face_geometry,10,0.5812787212787213,1,0.5074182157064884,0.384061,1.794788
P45,shape_sorter_observation,1,shape_sorter_observation_s1_72.000,72.0,74.0,arousal,2,multimodal,logreg,all_eeg_plus_face,20,0.5596503496503497,0,0.3496165377344647,1.215413,1.966013
P45,shape_sorter_observation,1,shape_sorter_observation_s1_72.000,72.0,74.0,arousal,3,eeg,svm,paper_compact,10,0.5583616383616384,0,0.26781525092719455,0.525905,1.729847
P45,shape_sorter_observation,1,shape_sorter_observation_s1_72.000,72.0,74.0,valence,1,eeg,gnb,hjorth,10,0.5845833333333333,0,0.45526426129519393,0.395641,1.494741
P45,shape_sorter_observation,1,shape_sorter_observation_s1_72.000,72.0,74.0,valence,2,face,svm,face_geometry,10,0.5797222222222222,0,0.453402781785175,0.344119,1.600613
P45,shape_sorter_observation,1,shape_sorter_observation_s1_72.000,72.0,74.0,valence,3,eeg,gnb,hjorth,8,0.5755555555555556,0,0.3850924425032001,0.397721,1.465019
P45,shape_sorter_observation,1,shape_sorter_observation_s1_73.000,73.0,75.0,arousal,1,face,svm,face_geometry,10,0.5812787212787213,1,0.5071652845860871,0.38473,1.7931690000000002
P45,shape_sorter_observation,1,shape_sorter_observation_s1_73.000,73.0,75.0,arousal,2,multimodal,logreg,all_eeg_plus_face,20,0.5596503496503497,0,0.417827089001915,1.208073,1.9691930000000002
P45,shape_sorter_observation,1,shape_sorter_observation_s1_73.000,73.0,75.0,arousal,3,eeg,svm,paper_compact,10,0.5583616383616384,0,0.34933275591266694,0.502073,1.7628489999999999
P45,shape_sorter_observation,1,shape_sorter_observation_s1_73.000,73.0,75.0,valence,1,eeg,gnb,hjorth,10,0.5845833333333333,0,0.3934252623189365,0.39782,1.4744
P45,shape_sorter_observation,1,shape_sorter_observation_s1_73.000,73.0,75.0,valence,2,face,svm,face_geometry,10,0.5797222222222222,0,0.46573092804277144,0.343739,1.638915
P45,shape_sorter_observation,1,shape_sorter_observation_s1_73.000,73.0,75.0,valence,3,eeg,gnb,hjorth,8,0.5755555555555556,0,0.3355758677554485,0.396901,1.454819
P45,shape_sorter_observation,1,shape_sorter_observation_s1_74.000,74.0,76.0,arousal,1,face,svm,face_geometry,10,0.5812787212787213,1,0.507290592094616,0.39102,1.82277
P45,shape_sorter_observation,1,shape_sorter_observation_s1_74.000,74.0,76.0,arousal,2,multimodal,logreg,all_eeg_plus_face,20,0.5596503496503497,1,0.5341930161879058,1.197643,1.994303
P45,shape_sorter_observation,1,shape_sorter_observation_s1_74.000,74.0,76.0,arousal,3,eeg,svm,paper_compact,10,0.5583616383616384,0,0.39381547630251196,0.504824,1.737727
P45,shape_sorter_observation,1,shape_sorter_observation_s1_74.000,74.0,76.0,valence,1,eeg,gnb,hjorth,10,0.5845833333333333,0,0.4075359266084562,0.401101,1.504931
P45,shape_sorter_observation,1,shape_sorter_observation_s1_74.000,74.0,76.0,valence,2,face,svm,face_geometry,10,0.5797222222222222,0,0.4386390533663699,0.34688,1.594174
P45,shape_sorter_observation,1,shape_sorter_observation_s1_74.000,74.0,76.0,valence,3,eeg,gnb,hjorth,8,0.5755555555555556,0,0.36510781155419786,0.395881,1.4804199999999998
P45,shape_sorter_observation,1,shape_sorter_observation_s1_75.000,75.0,77.0,arousal,1,face,svm,face_geometry,10,0.5812787212787213,1,0.5072634458522498,0.39107,1.813338
P45,shape_sorter_observation,1,shape_sorter_observation_s1_75.000,75.0,77.0,arousal,2,multimodal,logreg,all_eeg_plus_face,20,0.5596503496503497,1,0.7035951462547438,1.238284,1.978354
P45,shape_sorter_observation,1,shape_sorter_observation_s1_75.000,75.0,77.0,arousal,3,eeg,svm,paper_compact,10,0.5583616383616384,1,0.5110761470258091,0.503344,2.470736
P45,shape_sorter_observation,1,shape_sorter_observation_s1_75.000,75.0,77.0,valence,1,eeg,gnb,hjorth,10,0.5845833333333333,0,0.00031553918956180504,0.610856,2.2898720000000004
P45,shape_sorter_observation,1,shape_sorter_observation_s1_75.000,75.0,77.0,valence,2,face,svm,face_geometry,10,0.5797222222222222,0,0.3973069500787294,0.529994,2.5301470000000004
P45,shape_sorter_observation,1,shape_sorter_observation_s1_75.000,75.0,77.0,valence,3,eeg,gnb,hjorth,8,0.5755555555555556,0,0.0007286473295244483,0.395811,1.467109
P45,shape_sorter_observation,1,shape_sorter_observation_s1_76.000,76.0,78.0,arousal,1,face,svm,face_geometry,10,0.5812787212787213,1,0.5072152658975553,0.668058,2.768155
P45,shape_sorter_observation,1,shape_sorter_observation_s1_76.000,76.0,78.0,arousal,2,multimodal,logreg,all_eeg_plus_face,20,0.5596503496503497,1,0.6196327631652389,1.906801,3.1365849999999997
P45,shape_sorter_observation,1,shape_sorter_observation_s1_76.000,76.0,78.0,arousal,3,eeg,svm,paper_compact,10,0.5583616383616384,1,0.5981589003577953,0.788402,2.737355
P45,shape_sorter_observation,1,shape_sorter_observation_s1_76.000,76.0,78.0,valence,1,eeg,gnb,hjorth,10,0.5845833333333333,0,0.029297781046538296,0.620946,2.306563
P45,shape_sorter_observation,1,shape_sorter_observation_s1_76.000,76.0,78.0,valence,2,face,svm,face_geometry,10,0.5797222222222222,0,0.497988025378195,0.541895,2.5413069999999998
P45,shape_sorter_observation,1,shape_sorter_observation_s1_76.000,76.0,78.0,valence,3,eeg,gnb,hjorth,8,0.5755555555555556,0,0.03956129886332562,0.619576,1.9613829999999999
P45,shape_sorter_observation,1,shape_sorter_observation_s1_77.000,77.0,79.0,arousal,1,face,svm,face_geometry,10,0.5812787212787213,1,0.5072716911039465,0.790542,1.759828
P45,shape_sorter_observation,1,shape_sorter_observation_s1_77.000,77.0,79.0,arousal,2,multimodal,logreg,all_eeg_plus_face,20,0.5596503496503497,1,0.5401587367523707,1.211853,1.914902
P45,shape_sorter_observation,1,shape_sorter_observation_s1_77.000,77.0,79.0,arousal,3,eeg,svm,paper_compact,10,0.5583616383616384,1,0.47479847418435106,0.484683,1.688486
P45,shape_sorter_observation,1,shape_sorter_observation_s1_77.000,77.0,79.0,valence,1,eeg,gnb,hjorth,10,0.5845833333333333,0,0.3050040801265991,0.40096,1.4314590000000003
P45,shape_sorter_observation,1,shape_sorter_observation_s1_77.000,77.0,79.0,valence,2,face,svm,face_geometry,10,0.5797222222222222,0,0.3844315113650088,0.331689,1.548752
P45,shape_sorter_observation,1,shape_sorter_observation_s1_77.000,77.0,79.0,valence,3,eeg,gnb,hjorth,8,0.5755555555555556,0,0.28829646883934196,0.403301,1.411079
P45,shape_sorter_observation,1,shape_sorter_observation_s1_78.000,78.0,80.0,arousal,1,face,svm,face_geometry,10,0.5812787212787213,1,0.5072726765308853,0.820322,1.85621
P45,shape_sorter_observation,1,shape_sorter_observation_s1_78.000,78.0,80.0,arousal,2,multimodal,logreg,all_eeg_plus_face,20,0.5596503496503497,0,0.4916184884255216,1.184312,1.9780039999999999
P45,shape_sorter_observation,1,shape_sorter_observation_s1_78.000,78.0,80.0,arousal,3,eeg,svm,paper_compact,10,0.5583616383616384,0,0.3313172360145103,0.497103,1.731316
P45,shape_sorter_observation,1,shape_sorter_observation_s1_78.000,78.0,80.0,valence,1,eeg,gnb,hjorth,10,0.5845833333333333,1,0.7244382538916299,0.438632,2.274132
P45,shape_sorter_observation,1,shape_sorter_observation_s1_78.000,78.0,80.0,valence,2,face,svm,face_geometry,10,0.5797222222222222,0,0.39328543744918437,0.530875,2.500688
P45,shape_sorter_observation,1,shape_sorter_observation_s1_78.000,78.0,80.0,valence,3,eeg,gnb,hjorth,8,0.5755555555555556,1,0.7754990620017999,0.616927,2.296052
P45,shape_sorter_observation,1,shape_sorter_observation_s1_79.000,79.0,81.0,arousal,1,face,svm,face_geometry,10,0.5812787212787213,1,0.5072780810441418,0.572436,2.724175
P45,shape_sorter_observation,1,shape_sorter_observation_s1_79.000,79.0,81.0,arousal,2,multimodal,logreg,all_eeg_plus_face,20,0.5596503496503497,0,0.38554899243660623,1.842729,3.0907829999999996
P45,shape_sorter_observation,1,shape_sorter_observation_s1_79.000,79.0,81.0,arousal,3,eeg,svm,paper_compact,10,0.5583616383616384,1,0.43052357307097144,0.778561,2.7130340000000004
P45,shape_sorter_observation,1,shape_sorter_observation_s1_79.000,79.0,81.0,valence,1,eeg,gnb,hjorth,10,0.5845833333333333,1,0.9291200105648484,0.614187,2.279591
P45,shape_sorter_observation,1,shape_sorter_observation_s1_79.000,79.0,81.0,valence,2,face,svm,face_geometry,10,0.5797222222222222,0,0.39805782599149203,0.527124,2.461358
P45,shape_sorter_observation,1,shape_sorter_observation_s1_79.000,79.0,81.0,valence,3,eeg,gnb,hjorth,8,0.5755555555555556,1,0.9141993602847084,0.665538,2.24112
P45,shape_sorter_observation,1,shape_sorter_observation_s1_80.000,80.0,82.0,arousal,1,face,svm,face_geometry,10,0.5812787212787213,1,0.5072787026915646,0.37949,1.786118
P45,shape_sorter_observation,1,shape_sorter_observation_s1_80.000,80.0,82.0,arousal,2,multimodal,logreg,all_eeg_plus_face,20,0.5596503496503497,0,0.4953877670844148,1.192162,1.954513
P45,shape_sorter_observation,1,shape_sorter_observation_s1_80.000,80.0,82.0,arousal,3,eeg,svm,paper_compact,10,0.5583616383616384,1,0.46156532456916993,0.496433,1.746438
P45,shape_sorter_observation,1,shape_sorter_observation_s1_80.000,80.0,82.0,valence,1,eeg,gnb,hjorth,10,0.5845833333333333,0,0.35223825296427935,0.39216,1.462251
P45,shape_sorter_observation,1,shape_sorter_observation_s1_80.000,80.0,82.0,valence,2,face,svm,face_geometry,10,0.5797222222222222,0,0.411785374762918,0.33895,1.660795
P45,shape_sorter_observation,1,shape_sorter_observation_s1_80.000,80.0,82.0,valence,3,eeg,gnb,hjorth,8,0.5755555555555556,0,0.288371068780407,0.391841,1.442999
P45,shape_sorter_observation,1,shape_sorter_observation_s1_81.000,81.0,83.0,arousal,1,face,svm,face_geometry,10,0.5812787212787213,1,0.5072948191584044,0.390881,1.811009
P45,shape_sorter_observation,1,shape_sorter_observation_s1_81.000,81.0,83.0,arousal,2,multimodal,logreg,all_eeg_plus_face,20,0.5596503496503497,0,0.49752799100197054,1.207113,1.991454
P45,shape_sorter_observation,1,shape_sorter_observation_s1_81.000,81.0,83.0,arousal,3,eeg,svm,paper_compact,10,0.5583616383616384,1,0.47848361426507197,0.500543,1.733137
P45,shape_sorter_observation,1,shape_sorter_observation_s1_81.000,81.0,83.0,valence,1,eeg,gnb,hjorth,10,0.5845833333333333,0,0.06614180704481895,0.478903,2.2552909999999997
P45,shape_sorter_observation,1,shape_sorter_observation_s1_81.000,81.0,83.0,valence,2,face,svm,face_geometry,10,0.5797222222222222,0,0.44890478734478706,0.525014,2.5066990000000002
P45,shape_sorter_observation,1,shape_sorter_observation_s1_81.000,81.0,83.0,valence,3,eeg,gnb,hjorth,8,0.5755555555555556,0,0.0683285334796987,0.609726,2.294153
P45,shape_sorter_observation,1,shape_sorter_observation_s1_82.000,82.0,84.0,arousal,1,face,svm,face_geometry,10,0.5812787212787213,1,0.5072783714052016,0.380701,1.8617
P45,shape_sorter_observation,1,shape_sorter_observation_s1_82.000,82.0,84.0,arousal,2,multimodal,logreg,all_eeg_plus_face,20,0.5596503496503497,1,0.5942997899018794,1.205483,1.945603
P45,shape_sorter_observation,1,shape_sorter_observation_s1_82.000,82.0,84.0,arousal,3,eeg,svm,paper_compact,10,0.5583616383616384,1,0.5744387127948358,0.638537,2.677412
P45,shape_sorter_observation,1,shape_sorter_observation_s1_82.000,82.0,84.0,valence,1,eeg,gnb,hjorth,10,0.5845833333333333,0,2.283095740513227e-05,0.686059,2.277042
P45,shape_sorter_observation,1,shape_sorter_observation_s1_82.000,82.0,84.0,valence,2,face,svm,face_geometry,10,0.5797222222222222,0,0.4082667512476803,0.525994,2.556599
P45,shape_sorter_observation,1,shape_sorter_observation_s1_82.000,82.0,84.0,valence,3,eeg,gnb,hjorth,8,0.5755555555555556,0,2.8130804707399626e-05,0.615647,2.287562
P45,shape_sorter_observation,1,shape_sorter_observation_s1_83.000,83.0,85.0,arousal,1,face,svm,face_geometry,10,0.5812787212787213,1,0.5072783886198774,0.561685,1.753448
P45,shape_sorter_observation,1,shape_sorter_observation_s1_83.000,83.0,85.0,arousal,2,multimodal,logreg,all_eeg_plus_face,20,0.5596503496503497,0,0.33716065996297245,1.200103,1.960592
P45,shape_sorter_observation,1,shape_sorter_observation_s1_83.000,83.0,85.0,arousal,3,eeg,svm,paper_compact,10,0.5583616383616384,1,0.5489984338454149,0.495424,1.741007
P45,shape_sorter_observation,1,shape_sorter_observation_s1_83.000,83.0,85.0,valence,1,eeg,gnb,hjorth,10,0.5845833333333333,0,0.00011907072465293047,0.542494,2.862768
P45,shape_sorter_observation,1,shape_sorter_observation_s1_83.000,83.0,85.0,valence,2,face,svm,face_geometry,10,0.5797222222222222,0,0.41853934423927047,0.74144,1.623415
P45,shape_sorter_observation,1,shape_sorter_observation_s1_83.000,83.0,85.0,valence,3,eeg,gnb,hjorth,8,0.5755555555555556,0,0.00015148615977935416,0.39317,1.45418
P45,shape_sorter_observation,1,shape_sorter_observation_s1_84.000,84.0,86.0,arousal,1,face,svm,face_geometry,10,0.5812787212787213,1,0.5072918856763285,0.603196,2.673612
P45,shape_sorter_observation,1,shape_sorter_observation_s1_84.000,84.0,86.0,arousal,2,multimodal,logreg,all_eeg_plus_face,20,0.5596503496503497,0,0.4734543808438732,1.8831,3.034852
P45,shape_sorter_observation,1,shape_sorter_observation_s1_84.000,84.0,86.0,arousal,3,eeg,svm,paper_compact,10,0.5583616383616384,0,0.3728695509647178,0.780311,2.6857819999999997
P45,shape_sorter_observation,1,shape_sorter_observation_s1_84.000,84.0,86.0,valence,1,eeg,gnb,hjorth,10,0.5845833333333333,1,0.7473889361629871,0.677409,2.274662
P45,shape_sorter_observation,1,shape_sorter_observation_s1_84.000,84.0,86.0,valence,2,face,svm,face_geometry,10,0.5797222222222222,0,0.4375837982885052,0.526314,2.514617
P45,shape_sorter_observation,1,shape_sorter_observation_s1_84.000,84.0,86.0,valence,3,eeg,gnb,hjorth,8,0.5755555555555556,1,0.7006031707218068,0.609546,2.19581
P45,shape_sorter_observation,1,shape_sorter_observation_s1_85.000,85.0,87.0,arousal,1,face,svm,face_geometry,10,0.5812787212787213,1,0.5074521590788011,0.571485,2.9900010000000004
P45,shape_sorter_observation,1,shape_sorter_observation_s1_85.000,85.0,87.0,arousal,2,multimodal,logreg,all_eeg_plus_face,20,0.5596503496503497,1,0.573708268647857,2.729803,3.291211
P45,shape_sorter_observation,1,shape_sorter_observation_s1_85.000,85.0,87.0,arousal,3,eeg,svm,paper_compact,10,0.5583616383616384,1,0.4630123398723027,0.784912,2.698052
P45,shape_sorter_observation,1,shape_sorter_observation_s1_85.000,85.0,87.0,valence,1,eeg,gnb,hjorth,10,0.5845833333333333,1,0.8458149704553931,0.608466,2.295331
P45,shape_sorter_observation,1,shape_sorter_observation_s1_85.000,85.0,87.0,valence,2,face,svm,face_geometry,10,0.5797222222222222,0,0.4437856202604613,0.530024,2.403525
P45,shape_sorter_observation,1,shape_sorter_observation_s1_85.000,85.0,87.0,valence,3,eeg,gnb,hjorth,8,0.5755555555555556,1,0.8598364552131293,0.3803,1.4110479999999999
P45,shape_sorter_observation,1,shape_sorter_observation_s1_86.000,86.0,88.0,arousal,1,face,svm,face_geometry,10,0.5812787212787213,1,0.507395906994853,0.392951,1.8027279999999999
P45,shape_sorter_observation,1,shape_sorter_observation_s1_86.000,86.0,88.0,arousal,2,multimodal,logreg,all_eeg_plus_face,20,0.5596503496503497,0,0.3897391788306917,1.209322,1.961733
P45,shape_sorter_observation,1,shape_sorter_observation_s1_86.000,86.0,88.0,arousal,3,eeg,svm,paper_compact,10,0.5583616383616384,1,0.4399707795351928,0.500054,1.792928
P45,shape_sorter_observation,1,shape_sorter_observation_s1_86.000,86.0,88.0,valence,1,eeg,gnb,hjorth,10,0.5845833333333333,0,0.45266739420779956,0.394871,1.46889
P45,shape_sorter_observation,1,shape_sorter_observation_s1_86.000,86.0,88.0,valence,2,face,svm,face_geometry,10,0.5797222222222222,0,0.441307302614611,0.33868,1.654685
P45,shape_sorter_observation,1,shape_sorter_observation_s1_86.000,86.0,88.0,valence,3,eeg,gnb,hjorth,8,0.5755555555555556,1,0.5159123462440035,0.39195,1.4487489999999998
P45,shape_sorter_observation,1,shape_sorter_observation_s1_87.000,87.0,89.0,arousal,1,face,svm,face_geometry,10,0.5812787212787213,1,0.5074468932008083,0.388041,1.8005079999999998
P45,shape_sorter_observation,1,shape_sorter_observation_s1_87.000,87.0,89.0,arousal,2,multimodal,logreg,all_eeg_plus_face,20,0.5596503496503497,0,0.39573214995436234,1.227633,1.951893
P45,shape_sorter_observation,1,shape_sorter_observation_s1_87.000,87.0,89.0,arousal,3,eeg,svm,paper_compact,10,0.5583616383616384,0,0.3472688701907192,0.495903,2.2175909999999996
P45,shape_sorter_observation,1,shape_sorter_observation_s1_87.000,87.0,89.0,valence,1,eeg,gnb,hjorth,10,0.5845833333333333,1,0.8846568015318116,0.614297,2.3119929999999997
P45,shape_sorter_observation,1,shape_sorter_observation_s1_87.000,87.0,89.0,valence,2,face,svm,face_geometry,10,0.5797222222222222,0,0.43347648289870655,0.529495,2.524668
P45,shape_sorter_observation,1,shape_sorter_observation_s1_87.000,87.0,89.0,valence,3,eeg,gnb,hjorth,8,0.5755555555555556,1,0.90690348797714,0.620556,2.259032
P45,shape_sorter_observation,1,shape_sorter_observation_s1_88.000,88.0,90.0,arousal,1,face,svm,face_geometry,10,0.5812787212787213,1,0.5076705857238928,0.391991,1.8670810000000002
P45,shape_sorter_observation,1,shape_sorter_observation_s1_88.000,88.0,90.0,arousal,2,multimodal,logreg,all_eeg_plus_face,20,0.5596503496503497,1,0.5546990180329419,1.192363,1.997544
P45,shape_sorter_observation,1,shape_sorter_observation_s1_88.000,88.0,90.0,arousal,3,eeg,svm,paper_compact,10,0.5583616383616384,0,0.3673659362011925,0.623797,2.676952
P45,shape_sorter_observation,1,shape_sorter_observation_s1_88.000,88.0,90.0,valence,1,eeg,gnb,hjorth,10,0.5845833333333333,0,0.04349637427598557,0.685489,2.2769209999999998
P45,shape_sorter_observation,1,shape_sorter_observation_s1_88.000,88.0,90.0,valence,2,face,svm,face_geometry,10,0.5797222222222222,0,0.4068641399421853,0.525784,2.555709
P45,shape_sorter_observation,1,shape_sorter_observation_s1_88.000,88.0,90.0,valence,3,eeg,gnb,hjorth,8,0.5755555555555556,0,0.034126015149001515,0.613567,2.2864120000000003
P45,shape_sorter_observation,1,shape_sorter_observation_s1_89.000,89.0,91.0,arousal,1,face,svm,face_geometry,10,0.5812787212787213,1,0.5076519120156462,0.586156,2.763266
P45,shape_sorter_observation,1,shape_sorter_observation_s1_89.000,89.0,91.0,arousal,2,multimodal,logreg,all_eeg_plus_face,20,0.5596503496503497,1,0.5417000004859325,1.878071,3.109874
P45,shape_sorter_observation,1,shape_sorter_observation_s1_89.000,89.0,91.0,arousal,3,eeg,svm,paper_compact,10,0.5583616383616384,0,0.36251271819507236,0.779861,2.766525
P45,shape_sorter_observation,1,shape_sorter_observation_s1_89.000,89.0,91.0,valence,1,eeg,gnb,hjorth,10,0.5845833333333333,1,0.5569111087741613,0.614487,2.301892
P45,shape_sorter_observation,1,shape_sorter_observation_s1_89.000,89.0,91.0,valence,2,face,svm,face_geometry,10,0.5797222222222222,0,0.42434686248262604,0.533345,2.495618
P45,shape_sorter_observation,1,shape_sorter_observation_s1_89.000,89.0,91.0,valence,3,eeg,gnb,hjorth,8,0.5755555555555556,1,0.5074931700044423,0.687018,1.4857
P45,shape_sorter_observation,1,shape_sorter_observation_s1_90.000,90.0,92.0,arousal,1,face,svm,face_geometry,10,0.5812787212787213,1,0.5072558484254017,0.38914,1.788779
P45,shape_sorter_observation,1,shape_sorter_observation_s1_90.000,90.0,92.0,arousal,2,multimodal,logreg,all_eeg_plus_face,20,0.5596503496503497,0,0.26758066537545067,1.268834,1.950024
P45,shape_sorter_observation,1,shape_sorter_observation_s1_90.000,90.0,92.0,arousal,3,eeg,svm,paper_compact,10,0.5583616383616384,0,0.23247186471557074,0.493453,2.003405
P45,shape_sorter_observation,1,shape_sorter_observation_s1_90.000,90.0,92.0,valence,1,eeg,gnb,hjorth,10,0.5845833333333333,0,0.11592171553945017,0.611207,2.343373
P45,shape_sorter_observation,1,shape_sorter_observation_s1_90.000,90.0,92.0,valence,2,face,svm,face_geometry,10,0.5797222222222222,0,0.44205764905491923,0.531904,2.483126
P45,shape_sorter_observation,1,shape_sorter_observation_s1_90.000,90.0,92.0,valence,3,eeg,gnb,hjorth,8,0.5755555555555556,0,0.3609496407125593,0.692709,2.257381
P45,shape_sorter_observation,1,shape_sorter_observation_s1_91.000,91.0,93.0,arousal,1,face,svm,face_geometry,10,0.5812787212787213,1,0.5072210785299269,0.586926,2.689653
P45,shape_sorter_observation,1,shape_sorter_observation_s1_91.000,91.0,93.0,arousal,2,multimodal,logreg,all_eeg_plus_face,20,0.5596503496503497,0,0.46880448260634605,1.919812,3.0822330000000004
P45,shape_sorter_observation,1,shape_sorter_observation_s1_91.000,91.0,93.0,arousal,3,eeg,svm,paper_compact,10,0.5583616383616384,1,0.5069767168359112,0.779812,2.707823
P45,shape_sorter_observation,1,shape_sorter_observation_s1_91.000,91.0,93.0,valence,1,eeg,gnb,hjorth,10,0.5845833333333333,1,0.5964220245994081,0.609257,2.278423
P45,shape_sorter_observation,1,shape_sorter_observation_s1_91.000,91.0,93.0,valence,2,face,svm,face_geometry,10,0.5797222222222222,0,0.4525731633811375,0.549015,2.478227
P45,shape_sorter_observation,1,shape_sorter_observation_s1_91.000,91.0,93.0,valence,3,eeg,gnb,hjorth,8,0.5755555555555556,1,0.5578253585572461,0.610317,1.942882
P45,shape_sorter_observation,1,shape_sorter_observation_s1_92.000,92.0,94.0,arousal,1,face,svm,face_geometry,10,0.5812787212787213,1,0.5073158126138914,0.588886,2.298152
P45,shape_sorter_observation,1,shape_sorter_observation_s1_92.000,92.0,94.0,arousal,2,multimodal,logreg,all_eeg_plus_face,20,0.5596503496503497,0,0.4048124988270446,1.218093,2.0150740000000003
P45,shape_sorter_observation,1,shape_sorter_observation_s1_92.000,92.0,94.0,arousal,3,eeg,svm,paper_compact,10,0.5583616383616384,1,0.5011313245656495,0.539885,1.7612869999999998
P45,shape_sorter_observation,1,shape_sorter_observation_s1_92.000,92.0,94.0,valence,1,eeg,gnb,hjorth,10,0.5845833333333333,1,0.8255240095793357,0.422581,1.5332719999999997
P45,shape_sorter_observation,1,shape_sorter_observation_s1_92.000,92.0,94.0,valence,2,face,svm,face_geometry,10,0.5797222222222222,0,0.4478060002440749,0.34526,1.6558249999999999
P45,shape_sorter_observation,1,shape_sorter_observation_s1_92.000,92.0,94.0,valence,3,eeg,gnb,hjorth,8,0.5755555555555556,1,0.7985473653636708,0.421442,1.50417
P45,shape_sorter_observation,1,shape_sorter_observation_s1_93.000,93.0,95.0,arousal,1,face,svm,face_geometry,10,0.5812787212787213,1,0.5075814894957896,0.582336,2.288932
P45,shape_sorter_observation,1,shape_sorter_observation_s1_93.000,93.0,95.0,arousal,2,multimodal,logreg,all_eeg_plus_face,20,0.5596503496503497,0,0.3370022105356203,1.182262,2.023926
P45,shape_sorter_observation,1,shape_sorter_observation_s1_93.000,93.0,95.0,arousal,3,eeg,svm,paper_compact,10,0.5583616383616384,0,0.2776116906644414,0.532314,1.7391969999999999
P45,shape_sorter_observation,1,shape_sorter_observation_s1_93.000,93.0,95.0,valence,1,eeg,gnb,hjorth,10,0.5845833333333333,1,0.8583034871498701,0.393841,1.4998500000000001
P45,shape_sorter_observation,1,shape_sorter_observation_s1_93.000,93.0,95.0,valence,2,face,svm,face_geometry,10,0.5797222222222222,0,0.44297137789475177,0.342169,1.623684
P45,shape_sorter_observation,1,shape_sorter_observation_s1_93.000,93.0,95.0,valence,3,eeg,gnb,hjorth,8,0.5755555555555556,1,0.8719916544559059,0.39457,1.49447
P45,shape_sorter_observation,1,shape_sorter_observation_s1_94.000,94.0,96.0,arousal,1,face,svm,face_geometry,10,0.5812787212787213,1,0.5073879723516742,0.581776,2.1083369999999997
P45,shape_sorter_observation,1,shape_sorter_observation_s1_94.000,94.0,96.0,arousal,2,multimodal,logreg,all_eeg_plus_face,20,0.5596503496503497,0,0.39354377050690714,1.192113,1.966793
P45,shape_sorter_observation,1,shape_sorter_observation_s1_94.000,94.0,96.0,arousal,3,eeg,svm,paper_compact,10,0.5583616383616384,0,0.3699772810740301,0.501013,1.742377
P45,shape_sorter_observation,1,shape_sorter_observation_s1_94.000,94.0,96.0,valence,1,eeg,gnb,hjorth,10,0.5845833333333333,1,0.9538217310089181,0.408351,1.47923
P45,shape_sorter_observation,1,shape_sorter_observation_s1_94.000,94.0,96.0,valence,2,face,svm,face_geometry,10,0.5797222222222222,0,0.4714855030660891,0.342019,1.599044
P45,shape_sorter_observation,1,shape_sorter_observation_s1_94.000,94.0,96.0,valence,3,eeg,gnb,hjorth,8,0.5755555555555556,1,0.93804245681666,0.429882,1.4621590000000002
P45,shape_sorter_observation,1,shape_sorter_observation_s1_95.000,95.0,97.0,arousal,1,face,svm,face_geometry,10,0.5812787212787213,1,0.5073536507045052,0.577776,2.57131
P45,shape_sorter_observation,1,shape_sorter_observation_s1_95.000,95.0,97.0,arousal,2,multimodal,logreg,all_eeg_plus_face,20,0.5596503496503497,0,0.445920476268373,1.165531,1.9489729999999998
P45,shape_sorter_observation,1,shape_sorter_observation_s1_95.000,95.0,97.0,arousal,3,eeg,svm,paper_compact,10,0.5583616383616384,0,0.40412144195984345,0.491673,1.733837
P45,shape_sorter_observation,1,shape_sorter_observation_s1_95.000,95.0,97.0,valence,1,eeg,gnb,hjorth,10,0.5845833333333333,1,0.9419295848673273,0.39302,1.4966110000000001
P45,shape_sorter_observation,1,shape_sorter_observation_s1_95.000,95.0,97.0,valence,2,face,svm,face_geometry,10,0.5797222222222222,0,0.4247943792081956,0.342179,1.596154
P45,shape_sorter_observation,1,shape_sorter_observation_s1_95.000,95.0,97.0,valence,3,eeg,gnb,hjorth,8,0.5755555555555556,1,0.9379287271801339,0.395191,1.517571
P45,shape_sorter_observation,1,shape_sorter_observation_s1_96.000,96.0,98.0,arousal,1,face,svm,face_geometry,10,0.5812787212787213,1,0.5072911483171456,0.38229,1.819909
P45,shape_sorter_observation,1,shape_sorter_observation_s1_96.000,96.0,98.0,arousal,2,multimodal,logreg,all_eeg_plus_face,20,0.5596503496503497,0,0.2472285737126071,1.187262,1.927522
P45,shape_sorter_observation,1,shape_sorter_observation_s1_96.000,96.0,98.0,arousal,3,eeg,svm,paper_compact,10,0.5583616383616384,0,0.34560097646555576,0.494103,1.762538
P45,shape_sorter_observation,1,shape_sorter_observation_s1_96.000,96.0,98.0,valence,1,eeg,gnb,hjorth,10,0.5845833333333333,1,0.9179819245035248,0.390821,1.46625
P45,shape_sorter_observation,1,shape_sorter_observation_s1_96.000,96.0,98.0,valence,2,face,svm,face_geometry,10,0.5797222222222222,0,0.4331000910101486,0.35375,1.5837219999999999
P45,shape_sorter_observation,1,shape_sorter_observation_s1_96.000,96.0,98.0,valence,3,eeg,gnb,hjorth,8,0.5755555555555556,1,0.9077822933432045,0.387781,1.430588
P45,shape_sorter_observation,1,shape_sorter_observation_s1_97.000,97.0,99.0,arousal,1,face,svm,face_geometry,10,0.5812787212787213,1,0.507405002522678,0.581476,2.2703119999999997
P45,shape_sorter_observation,1,shape_sorter_observation_s1_97.000,97.0,99.0,arousal,2,multimodal,logreg,all_eeg_plus_face,20,0.5596503496503497,0,0.2959435439901226,1.149612,1.923602
P45,shape_sorter_observation,1,shape_sorter_observation_s1_97.000,97.0,99.0,arousal,3,eeg,svm,paper_compact,10,0.5583616383616384,1,0.47708278861336556,0.481323,1.683926
P45,shape_sorter_observation,1,shape_sorter_observation_s1_97.000,97.0,99.0,valence,1,eeg,gnb,hjorth,10,0.5845833333333333,1,0.820999452664673,0.37937,1.438478
P45,shape_sorter_observation,1,shape_sorter_observation_s1_97.000,97.0,99.0,valence,2,face,svm,face_geometry,10,0.5797222222222222,0,0.4760360766870628,0.328759,1.5538319999999999
P45,shape_sorter_observation,1,shape_sorter_observation_s1_97.000,97.0,99.0,valence,3,eeg,gnb,hjorth,8,0.5755555555555556,1,0.7913809657494763,0.37982,1.4661600000000001
P45,shape_sorter_observation,1,shape_sorter_observation_s1_98.000,98.0,100.0,arousal,1,face,svm,face_geometry,10,0.5812787212787213,1,0.5075718507191628,0.390471,1.811309
P45,shape_sorter_observation,1,shape_sorter_observation_s1_98.000,98.0,100.0,arousal,2,multimodal,logreg,all_eeg_plus_face,20,0.5596503496503497,0,0.4365681997708009,1.195182,1.967063
P45,shape_sorter_observation,1,shape_sorter_observation_s1_98.000,98.0,100.0,arousal,3,eeg,svm,paper_compact,10,0.5583616383616384,1,0.5200294142097129,0.508154,1.7313770000000002
P45,shape_sorter_observation,1,shape_sorter_observation_s1_98.000,98.0,100.0,valence,1,eeg,gnb,hjorth,10,0.5845833333333333,1,0.9149300103752371,0.3933,1.547912
P45,shape_sorter_observation,1,shape_sorter_observation_s1_98.000,98.0,100.0,valence,2,face,svm,face_geometry,10,0.5797222222222222,0,0.46366998708476587,0.33993,1.5897830000000002
P45,shape_sorter_observation,1,shape_sorter_observation_s1_98.000,98.0,100.0,valence,3,eeg,gnb,hjorth,8,0.5755555555555556,1,0.887593238923486,0.390641,1.47323
P45,shape_sorter_observation,1,shape_sorter_observation_s1_99.000,99.0,101.0,arousal,1,face,svm,face_geometry,10,0.5812787212787213,1,0.5073388888032548,0.38215,1.866631
P45,shape_sorter_observation,1,shape_sorter_observation_s1_99.000,99.0,101.0,arousal,2,multimodal,logreg,all_eeg_plus_face,20,0.5596503496503497,1,0.5291677022035386,1.194683,2.004724
P45,shape_sorter_observation,1,shape_sorter_observation_s1_99.000,99.0,101.0,arousal,3,eeg,svm,paper_compact,10,0.5583616383616384,1,0.5288920686443466,0.607086,2.687863
P45,shape_sorter_observation,1,shape_sorter_observation_s1_99.000,99.0,101.0,valence,1,eeg,gnb,hjorth,10,0.5845833333333333,1,0.7750622883543834,0.695409,2.275151
P45,shape_sorter_observation,1,shape_sorter_observation_s1_99.000,99.0,101.0,valence,2,face,svm,face_geometry,10,0.5797222222222222,0,0.4349171274432039,0.527965,2.577639
P45,shape_sorter_observation,1,shape_sorter_observation_s1_99.000,99.0,101.0,valence,3,eeg,gnb,hjorth,8,0.5755555555555556,1,0.7196631517107354,0.614886,2.324093
P45,shape_sorter_observation,1,shape_sorter_observation_s1_100.000,100.0,102.0,arousal,1,face,svm,face_geometry,10,0.5812787212787213,1,0.5074045504074619,0.37725,1.801379
P45,shape_sorter_observation,1,shape_sorter_observation_s1_100.000,100.0,102.0,arousal,2,multimodal,logreg,all_eeg_plus_face,20,0.5596503496503497,0,0.4733482342630352,1.189932,1.9788439999999998
P45,shape_sorter_observation,1,shape_sorter_observation_s1_100.000,100.0,102.0,arousal,3,eeg,svm,paper_compact,10,0.5583616383616384,1,0.4598347474566257,0.500373,1.7224970000000002
P45,shape_sorter_observation,1,shape_sorter_observation_s1_100.000,100.0,102.0,valence,1,eeg,gnb,hjorth,10,0.5845833333333333,1,0.6037947965418207,0.39193,1.5385519999999997
P45,shape_sorter_observation,1,shape_sorter_observation_s1_100.000,100.0,102.0,valence,2,face,svm,face_geometry,10,0.5797222222222222,0,0.44031461590025406,0.338309,1.580964
P45,shape_sorter_observation,1,shape_sorter_observation_s1_100.000,100.0,102.0,valence,3,eeg,gnb,hjorth,8,0.5755555555555556,1,0.5289513410365447,0.391081,1.45971
P45,shape_sorter_observation,1,shape_sorter_observation_s1_101.000,101.0,103.0,arousal,1,face,svm,face_geometry,10,0.5812787212787213,1,0.5075609327904934,0.38672,1.82633
P45,shape_sorter_observation,1,shape_sorter_observation_s1_101.000,101.0,103.0,arousal,2,multimodal,logreg,all_eeg_plus_face,20,0.5596503496503497,1,0.518280375089814,1.194662,1.9638120000000001
P45,shape_sorter_observation,1,shape_sorter_observation_s1_101.000,101.0,103.0,arousal,3,eeg,svm,paper_compact,10,0.5583616383616384,1,0.44961106710247245,0.545125,2.350433
P45,shape_sorter_observation,1,shape_sorter_observation_s1_101.000,101.0,103.0,valence,1,eeg,gnb,hjorth,10,0.5845833333333333,1,0.5717845072554096,0.609596,2.317034
P45,shape_sorter_observation,1,shape_sorter_observation_s1_101.000,101.0,103.0,valence,2,face,svm,face_geometry,10,0.5797222222222222,0,0.48823724515458017,0.530494,2.5636799999999997
P45,shape_sorter_observation,1,shape_sorter_observation_s1_101.000,101.0,103.0,valence,3,eeg,gnb,hjorth,8,0.5755555555555556,1,0.5359790920646398,0.39172,1.434919
P45,shape_sorter_observation,1,shape_sorter_observation_s1_102.000,102.0,104.0,arousal,1,face,svm,face_geometry,10,0.5812787212787213,1,0.5071249196925954,0.495044,1.753237
P45,shape_sorter_observation,1,shape_sorter_observation_s1_102.000,102.0,104.0,arousal,2,multimodal,logreg,all_eeg_plus_face,20,0.5596503496503497,0,0.44532348522555865,1.216413,1.9350340000000001
P45,shape_sorter_observation,1,shape_sorter_observation_s1_102.000,102.0,104.0,arousal,3,eeg,svm,paper_compact,10,0.5583616383616384,1,0.4400827504734045,0.502404,1.744858
P45,shape_sorter_observation,1,shape_sorter_observation_s1_102.000,102.0,104.0,valence,1,eeg,gnb,hjorth,10,0.5845833333333333,1,0.8671209580017796,0.4024,1.477399
P45,shape_sorter_observation,1,shape_sorter_observation_s1_102.000,102.0,104.0,valence,2,face,svm,face_geometry,10,0.5797222222222222,0,0.46349726236062955,0.34558,1.6678549999999999
P45,shape_sorter_observation,1,shape_sorter_observation_s1_102.000,102.0,104.0,valence,3,eeg,gnb,hjorth,8,0.5755555555555556,1,0.8468709187213566,0.39356,1.4483389999999998
P45,shape_sorter_observation,1,shape_sorter_observation_s1_103.000,103.0,105.0,arousal,1,face,svm,face_geometry,10,0.5812787212787213,1,0.5071733508391523,0.377941,1.8232590000000002
P45,shape_sorter_observation,1,shape_sorter_observation_s1_103.000,103.0,105.0,arousal,2,multimodal,logreg,all_eeg_plus_face,20,0.5596503496503497,0,0.388707712994333,1.197092,1.984504
P45,shape_sorter_observation,1,shape_sorter_observation_s1_103.000,103.0,105.0,arousal,3,eeg,svm,paper_compact,10,0.5583616383616384,1,0.42169406754343597,0.500194,1.7307270000000001
P45,shape_sorter_observation,1,shape_sorter_observation_s1_103.000,103.0,105.0,valence,1,eeg,gnb,hjorth,10,0.5845833333333333,1,0.771452255827079,0.393561,1.513431
P45,shape_sorter_observation,1,shape_sorter_observation_s1_103.000,103.0,105.0,valence,2,face,svm,face_geometry,10,0.5797222222222222,0,0.4576281308045665,0.34749,1.601342
P45,shape_sorter_observation,1,shape_sorter_observation_s1_103.000,103.0,105.0,valence,3,eeg,gnb,hjorth,8,0.5755555555555556,1,0.7502497630728576,0.39612,1.4813
P45,shape_sorter_observation,1,shape_sorter_observation_s1_104.000,104.0,106.0,arousal,1,face,svm,face_geometry,10,0.5812787212787213,1,0.5074623871678511,0.580835,2.5180990000000003
P45,shape_sorter_observation,1,shape_sorter_observation_s1_104.000,104.0,106.0,arousal,2,multimodal,logreg,all_eeg_plus_face,20,0.5596503496503497,1,0.5696441066639077,1.166922,1.960394
P45,shape_sorter_observation,1,shape_sorter_observation_s1_104.000,104.0,106.0,arousal,3,eeg,svm,paper_compact,10,0.5583616383616384,0,0.3485073138696742,0.501023,1.737577
P45,shape_sorter_observation,1,shape_sorter_observation_s1_104.000,104.0,106.0,valence,1,eeg,gnb,hjorth,10,0.5845833333333333,1,0.5923473102699379,0.395321,1.49603
P45,shape_sorter_observation,1,shape_sorter_observation_s1_104.000,104.0,106.0,valence,2,face,svm,face_geometry,10,0.5797222222222222,0,0.46555300126796395,0.341309,1.6052039999999999
P45,shape_sorter_observation,1,shape_sorter_observation_s1_104.000,104.0,106.0,valence,3,eeg,gnb,hjorth,8,0.5755555555555556,1,0.544495675641011,0.39379,1.4944510000000002
P45,shape_sorter_observation,1,shape_sorter_observation_s1_105.000,105.0,107.0,arousal,1,face,svm,face_geometry,10,0.5812787212787213,1,0.5072613476890886,0.677689,1.7870690000000002
P45,shape_sorter_observation,1,shape_sorter_observation_s1_105.000,105.0,107.0,arousal,2,multimodal,logreg,all_eeg_plus_face,20,0.5596503496503497,0,0.46085135886956424,1.233974,1.9448320000000001
P45,shape_sorter_observation,1,shape_sorter_observation_s1_105.000,105.0,107.0,arousal,3,eeg,svm,paper_compact,10,0.5583616383616384,0,0.297251017091088,0.493144,1.7416070000000001
P45,shape_sorter_observation,1,shape_sorter_observation_s1_105.000,105.0,107.0,valence,1,eeg,gnb,hjorth,10,0.5845833333333333,0,0.41572854694603883,0.390411,1.455899
P45,shape_sorter_observation,1,shape_sorter_observation_s1_105.000,105.0,107.0,valence,2,face,svm,face_geometry,10,0.5797222222222222,0,0.44428346454576156,0.340859,1.6198039999999998
P45,shape_sorter_observation,1,shape_sorter_observation_s1_105.000,105.0,107.0,valence,3,eeg,gnb,hjorth,8,0.5755555555555556,0,0.3420432033093805,0.39149,1.449548
P45,shape_sorter_observation,1,shape_sorter_observation_s1_106.000,106.0,108.0,arousal,1,face,svm,face_geometry,10,0.5812787212787213,1,0.5073083497242327,0.403611,1.812669
P45,shape_sorter_observation,1,shape_sorter_observation_s1_106.000,106.0,108.0,arousal,2,multimodal,logreg,all_eeg_plus_face,20,0.5596503496503497,0,0.4873994397747029,1.225844,1.978363
P45,shape_sorter_observation,1,shape_sorter_observation_s1_106.000,106.0,108.0,arousal,3,eeg,svm,paper_compact,10,0.5583616383616384,0,0.3008618154765551,0.498973,1.725747
P45,shape_sorter_observation,1,shape_sorter_observation_s1_106.000,106.0,108.0,valence,1,eeg,gnb,hjorth,10,0.5845833333333333,1,0.5382341464488462,0.424211,1.472921
P45,shape_sorter_observation,1,shape_sorter_observation_s1_106.000,106.0,108.0,valence,2,face,svm,face_geometry,10,0.5797222222222222,0,0.4346401587002752,0.341919,1.5923239999999999
P45,shape_sorter_observation,1,shape_sorter_observation_s1_106.000,106.0,108.0,valence,3,eeg,gnb,hjorth,8,0.5755555555555556,1,0.5192793961967687,0.414031,1.4629990000000002
P45,shape_sorter_observation,1,shape_sorter_observation_s1_107.000,107.0,109.0,arousal,1,face,svm,face_geometry,10,0.5812787212787213,1,0.5083468982086782,0.38618,1.810929
P45,shape_sorter_observation,1,shape_sorter_observation_s1_107.000,107.0,109.0,arousal,2,multimodal,logreg,all_eeg_plus_face,20,0.5596503496503497,0,0.396338928319336,1.204922,1.977724
P45,shape_sorter_observation,1,shape_sorter_observation_s1_107.000,107.0,109.0,arousal,3,eeg,svm,paper_compact,10,0.5583616383616384,0,0.2447089511236737,0.509253,1.731427
P45,shape_sorter_observation,1,shape_sorter_observation_s1_107.000,107.0,109.0,valence,1,eeg,gnb,hjorth,10,0.5845833333333333,1,0.9475867960164523,0.39287,1.6343850000000002
P45,shape_sorter_observation,1,shape_sorter_observation_s1_107.000,107.0,109.0,valence,2,face,svm,face_geometry,10,0.5797222222222222,0,0.4572428980596097,0.527014,2.519819
P45,shape_sorter_observation,1,shape_sorter_observation_s1_107.000,107.0,109.0,valence,3,eeg,gnb,hjorth,8,0.5755555555555556,1,0.9367022090446928,0.610947,2.244681
P45,shape_sorter_observation,1,shape_sorter_observation_s1_108.000,108.0,110.0,arousal,1,face,svm,face_geometry,10,0.5812787212787213,1,0.5072742270303185,0.580306,2.6702320000000004
P45,shape_sorter_observation,1,shape_sorter_observation_s1_108.000,108.0,110.0,arousal,2,multimodal,logreg,all_eeg_plus_face,20,0.5596503496503497,0,0.34822529968327093,1.900501,3.156286
P45,shape_sorter_observation,1,shape_sorter_observation_s1_108.000,108.0,110.0,arousal,3,eeg,svm,paper_compact,10,0.5583616383616384,0,0.2004048471776943,0.781372,2.703624
P45,shape_sorter_observation,1,shape_sorter_observation_s1_108.000,108.0,110.0,valence,1,eeg,gnb,hjorth,10,0.5845833333333333,1,0.5216470607905362,0.609477,2.256471
P45,shape_sorter_observation,1,shape_sorter_observation_s1_108.000,108.0,110.0,valence,2,face,svm,face_geometry,10,0.5797222222222222,0,0.39942943940473913,0.548415,2.908008
P45,shape_sorter_observation,1,shape_sorter_observation_s1_108.000,108.0,110.0,valence,3,eeg,gnb,hjorth,8,0.5755555555555556,1,0.5090280631017524,0.774341,2.036496
P45,shape_sorter_observation,1,shape_sorter_observation_s1_109.000,109.0,111.0,arousal,1,face,svm,face_geometry,10,0.5812787212787213,1,0.5072789503602769,0.386141,1.903802
P45,shape_sorter_observation,1,shape_sorter_observation_s1_109.000,109.0,111.0,arousal,2,multimodal,logreg,all_eeg_plus_face,20,0.5596503496503497,1,0.8840214790991198,1.221083,1.983033
P45,shape_sorter_observation,1,shape_sorter_observation_s1_109.000,109.0,111.0,arousal,3,eeg,svm,paper_compact,10,0.5583616383616384,1,0.6506993407336288,0.500294,1.736317
P45,shape_sorter_observation,1,shape_sorter_observation_s1_109.000,109.0,111.0,valence,1,eeg,gnb,hjorth,10,0.5845833333333333,0,5.117893002639176e-50,0.39446,1.491451
P45,shape_sorter_observation,1,shape_sorter_observation_s1_109.000,109.0,111.0,valence,2,face,svm,face_geometry,10,0.5797222222222222,0,0.4127230990671957,0.403421,3.233718
P45,shape_sorter_observation,1,shape_sorter_observation_s1_109.000,109.0,111.0,valence,3,eeg,gnb,hjorth,8,0.5755555555555556,0,1.0358281040320378e-49,0.702069,1.45004
P45,shape_sorter_observation,1,shape_sorter_observation_s1_110.000,110.0,112.0,arousal,1,face,svm,face_geometry,10,0.5812787212787213,1,0.5072781931852888,0.579156,2.7522450000000003
P45,shape_sorter_observation,1,shape_sorter_observation_s1_110.000,110.0,112.0,arousal,2,multimodal,logreg,all_eeg_plus_face,20,0.5596503496503497,1,0.9244491481193011,1.899772,3.053632
P45,shape_sorter_observation,1,shape_sorter_observation_s1_110.000,110.0,112.0,arousal,3,eeg,svm,paper_compact,10,0.5583616383616384,1,0.7473855525058375,0.806652,2.680223
P45,shape_sorter_observation,1,shape_sorter_observation_s1_110.000,110.0,112.0,valence,1,eeg,gnb,hjorth,10,0.5845833333333333,0,9.71680537053183e-99,0.609126,2.0435659999999998
P45,shape_sorter_observation,1,shape_sorter_observation_s1_110.000,110.0,112.0,valence,2,face,svm,face_geometry,10,0.5797222222222222,0,0.4165906664796097,0.334109,1.532982
P45,shape_sorter_observation,1,shape_sorter_observation_s1_110.000,110.0,112.0,valence,3,eeg,gnb,hjorth,8,0.5755555555555556,0,8.258928127033007e-99,0.403501,1.412028
P45,shape_sorter_observation,1,shape_sorter_observation_s1_111.000,111.0,113.0,arousal,1,face,svm,face_geometry,10,0.5812787212787213,1,0.5072781235764005,0.389251,1.8421
P45,shape_sorter_observation,1,shape_sorter_observation_s1_111.000,111.0,113.0,arousal,2,multimodal,logreg,all_eeg_plus_face,20,0.5596503496503497,1,0.7327453154536024,1.228563,1.989384
P45,shape_sorter_observation,1,shape_sorter_observation_s1_111.000,111.0,113.0,arousal,3,eeg,svm,paper_compact,10,0.5583616383616384,1,0.4906271040437381,0.556075,1.750337
P45,shape_sorter_observation,1,shape_sorter_observation_s1_111.000,111.0,113.0,valence,1,eeg,gnb,hjorth,10,0.5845833333333333,0,1.4099190546489555e-24,0.396831,1.542752
P45,shape_sorter_observation,1,shape_sorter_observation_s1_111.000,111.0,113.0,valence,2,face,svm,face_geometry,10,0.5797222222222222,0,0.42022589694560736,0.34378,1.598824
P45,shape_sorter_observation,1,shape_sorter_observation_s1_111.000,111.0,113.0,valence,3,eeg,gnb,hjorth,8,0.5755555555555556,0,1.2378204671138186e-24,0.39326,1.516142
P45,shape_sorter_observation,1,shape_sorter_observation_s1_112.000,112.0,114.0,arousal,1,face,svm,face_geometry,10,0.5812787212787213,1,0.5072781214516445,0.585385,2.763605
P45,shape_sorter_observation,1,shape_sorter_observation_s1_112.000,112.0,114.0,arousal,2,multimodal,logreg,all_eeg_plus_face,20,0.5596503496503497,0,0.4473701339962327,1.888001,3.065573
P45,shape_sorter_observation,1,shape_sorter_observation_s1_112.000,112.0,114.0,arousal,3,eeg,svm,paper_compact,10,0.5583616383616384,0,0.3849089428355404,0.781612,2.703004
P45,shape_sorter_observation,1,shape_sorter_observation_s1_112.000,112.0,114.0,valence,1,eeg,gnb,hjorth,10,0.5845833333333333,1,0.834992370336838,0.610007,2.20404
P45,shape_sorter_observation,1,shape_sorter_observation_s1_112.000,112.0,114.0,valence,2,face,svm,face_geometry,10,0.5797222222222222,0,0.431185072417894,0.325499,1.541612
P45,shape_sorter_observation,1,shape_sorter_observation_s1_112.000,112.0,114.0,valence,3,eeg,gnb,hjorth,8,0.5755555555555556,1,0.7876675215225284,0.37769,1.440919
P45,shape_sorter_observation,1,shape_sorter_observation_s1_113.000,113.0,115.0,arousal,1,face,svm,face_geometry,10,0.5812787212787213,1,0.5072781181966568,0.34676,1.6251440000000001
P45,shape_sorter_observation,1,shape_sorter_observation_s1_113.000,113.0,115.0,arousal,2,multimodal,logreg,all_eeg_plus_face,20,0.5596503496503497,1,0.508070563515697,1.196842,1.9486729999999999
P45,shape_sorter_observation,1,shape_sorter_observation_s1_113.000,113.0,115.0,arousal,3,eeg,svm,paper_compact,10,0.5583616383616384,0,0.3733787569225808,0.499234,1.717076
P45,shape_sorter_observation,1,shape_sorter_observation_s1_113.000,113.0,115.0,valence,1,eeg,gnb,hjorth,10,0.5845833333333333,0,0.00012480712251053985,0.428091,1.447919
P45,shape_sorter_observation,1,shape_sorter_observation_s1_113.000,113.0,115.0,valence,2,face,svm,face_geometry,10,0.5797222222222222,0,0.41737405497931374,0.340469,1.5757430000000001
P45,shape_sorter_observation,1,shape_sorter_observation_s1_113.000,113.0,115.0,valence,3,eeg,gnb,hjorth,8,0.5755555555555556,0,0.00019554746202377586,0.445792,1.446609
P45,stack,1,stack_s1_22.000,22.0,24.0,arousal,1,face,svm,face_geometry,10,0.5812787212787213,1,0.5075677250901087,0.613126,2.748484
P45,stack,1,stack_s1_22.000,22.0,24.0,arousal,2,multimodal,logreg,all_eeg_plus_face,20,0.5596503496503497,0,0.2835470872129565,1.597913,1.944084
P45,stack,1,stack_s1_22.000,22.0,24.0,arousal,3,eeg,svm,paper_compact,10,0.5583616383616384,0,0.18559791475824738,0.494223,1.7247569999999999
P45,stack,1,stack_s1_22.000,22.0,24.0,valence,1,eeg,gnb,hjorth,10,0.5845833333333333,0,0.16363074952382886,0.39224,1.4616
P45,stack,1,stack_s1_22.000,22.0,24.0,valence,2,face,svm,face_geometry,10,0.5797222222222222,0,0.4043681251157969,0.338679,1.602083
P45,stack,1,stack_s1_22.000,22.0,24.0,valence,3,eeg,gnb,hjorth,8,0.5755555555555556,0,0.21462214515259992,0.398201,1.4429789999999998
P45,stack,1,stack_s1_23.000,23.0,25.0,arousal,1,face,svm,face_geometry,10,0.5812787212787213,1,0.5073132019420922,0.39117,1.807348
P45,stack,1,stack_s1_23.000,23.0,25.0,arousal,2,multimodal,logreg,all_eeg_plus_face,20,0.5596503496503497,0,0.2730815266477039,1.190512,2.022965
P45,stack,1,stack_s1_23.000,23.0,25.0,arousal,3,eeg,svm,paper_compact,10,0.5583616383616384,0,0.35767648512293243,0.501174,1.772948
P45,stack,1,stack_s1_23.000,23.0,25.0,valence,1,eeg,gnb,hjorth,10,0.5845833333333333,1,0.9162560275074223,0.608987,2.24637
P45,stack,1,stack_s1_23.000,23.0,25.0,valence,2,face,svm,face_geometry,10,0.5797222222222222,0,0.40710178709195866,0.575425,2.456178
P45,stack,1,stack_s1_23.000,23.0,25.0,valence,3,eeg,gnb,hjorth,8,0.5755555555555556,1,0.9066661768175782,0.605367,2.25226
P45,stack,1,stack_s1_24.000,24.0,26.0,arousal,1,face,svm,face_geometry,10,0.5812787212787213,1,0.507284297460365,0.584846,2.710242
P45,stack,1,stack_s1_24.000,24.0,26.0,arousal,2,multimodal,logreg,all_eeg_plus_face,20,0.5596503496503497,0,0.4624664606630883,1.903922,3.047222
P45,stack,1,stack_s1_24.000,24.0,26.0,arousal,3,eeg,svm,paper_compact,10,0.5583616383616384,1,0.41879988408071667,0.801811,2.689754
P45,stack,1,stack_s1_24.000,24.0,26.0,valence,1,eeg,gnb,hjorth,10,0.5845833333333333,1,0.8458714304049771,0.610907,2.293902
P45,stack,1,stack_s1_24.000,24.0,26.0,valence,2,face,svm,face_geometry,10,0.5797222222222222,0,0.4174614695396017,0.530624,2.259801
P45,stack,1,stack_s1_24.000,24.0,26.0,valence,3,eeg,gnb,hjorth,8,0.5755555555555556,1,0.8161453693096894,0.38071,1.407958
P45,stack,1,stack_s1_25.000,25.0,27.0,arousal,1,face,svm,face_geometry,10,0.5812787212787213,1,0.5074569926772879,0.919315,3.498116
P45,stack,1,stack_s1_25.000,25.0,27.0,arousal,2,multimodal,logreg,all_eeg_plus_face,20,0.5596503496503497,0,0.4697979620434257,2.385404,3.8766439999999998
P45,stack,1,stack_s1_25.000,25.0,27.0,arousal,3,eeg,svm,paper_compact,10,0.5583616383616384,1,0.45308886170322094,0.984587,1.6799650000000002
P45,stack,1,stack_s1_25.000,25.0,27.0,valence,1,eeg,gnb,hjorth,10,0.5845833333333333,1,0.8725104582905406,0.395551,1.47676
P45,stack,1,stack_s1_25.000,25.0,27.0,valence,2,face,svm,face_geometry,10,0.5797222222222222,0,0.41011392507957045,0.337519,1.586334
P45,stack,1,stack_s1_25.000,25.0,27.0,valence,3,eeg,gnb,hjorth,8,0.5755555555555556,1,0.8529524775902635,0.392341,1.4595190000000002
P45,stack,1,stack_s1_26.000,26.0,28.0,arousal,1,face,svm,face_geometry,10,0.5812787212787213,1,0.5076434530035145,0.38746,1.7935599999999998
P45,stack,1,stack_s1_26.000,26.0,28.0,arousal,2,multimodal,logreg,all_eeg_plus_face,20,0.5596503496503497,0,0.4502657188483677,1.191093,2.040575
P45,stack,1,stack_s1_26.000,26.0,28.0,arousal,3,eeg,svm,paper_compact,10,0.5583616383616384,1,0.4635670547019194,0.500713,1.780238
P45,stack,1,stack_s1_26.000,26.0,28.0,valence,1,eeg,gnb,hjorth,10,0.5845833333333333,0,0.11174510966633397,0.610547,2.268291
P45,stack,1,stack_s1_26.000,26.0,28.0,valence,2,face,svm,face_geometry,10,0.5797222222222222,0,0.43318810982650163,0.548995,2.4701959999999996
P45,stack,1,stack_s1_26.000,26.0,28.0,valence,3,eeg,gnb,hjorth,8,0.5755555555555556,0,0.2504796843237613,0.611106,1.948534
P45,stack,1,stack_s1_27.000,27.0,29.0,arousal,1,face,svm,face_geometry,10,0.5812787212787213,1,0.5072806310936335,0.37997,1.762208
P45,stack,1,stack_s1_27.000,27.0,29.0,arousal,2,multimodal,logreg,all_eeg_plus_face,20,0.5596503496503497,1,0.5410944568863943,1.164712,2.782655
P45,stack,1,stack_s1_27.000,27.0,29.0,arousal,3,eeg,svm,paper_compact,10,0.5583616383616384,1,0.42223735191978856,0.784051,2.748154
P45,stack,1,stack_s1_27.000,27.0,29.0,valence,1,eeg,gnb,hjorth,10,0.5845833333333333,0,0.02103349818751797,0.612417,2.557659
P45,stack,1,stack_s1_27.000,27.0,29.0,valence,2,face,svm,face_geometry,10,0.5797222222222222,0,0.4021849482582173,0.682038,2.659662
P45,stack,1,stack_s1_27.000,27.0,29.0,valence,3,eeg,gnb,hjorth,8,0.5755555555555556,0,0.036162162053803,0.384401,1.396998
P45,stack,1,stack_s1_28.000,28.0,30.0,arousal,1,face,svm,face_geometry,10,0.5812787212787213,1,0.5072786334166277,0.38288,1.83045
P45,stack,1,stack_s1_28.000,28.0,30.0,arousal,2,multimodal,logreg,all_eeg_plus_face,20,0.5596503496503497,1,0.5148737273162777,1.199432,1.9611230000000002
P45,stack,1,stack_s1_28.000,28.0,30.0,arousal,3,eeg,svm,paper_compact,10,0.5583616383616384,1,0.4472374844100043,0.507954,1.7474569999999998
P45,stack,1,stack_s1_28.000,28.0,30.0,valence,1,eeg,gnb,hjorth,10,0.5845833333333333,0,0.16543444619123102,0.39332,1.4734800000000001
P45,stack,1,stack_s1_28.000,28.0,30.0,valence,2,face,svm,face_geometry,10,0.5797222222222222,0,0.40549096493777353,0.415321,1.604685
P45,stack,1,stack_s1_28.000,28.0,30.0,valence,3,eeg,gnb,hjorth,8,0.5755555555555556,0,0.1410921825620636,0.394301,1.4449699999999999
P45,stack,1,stack_s1_29.000,29.0,31.0,arousal,1,face,svm,face_geometry,10,0.5812787212787213,1,0.5072798514529399,0.578516,2.534098
P45,stack,1,stack_s1_29.000,29.0,31.0,arousal,2,multimodal,logreg,all_eeg_plus_face,20,0.5596503496503497,1,0.5441809058079509,1.171262,1.9522529999999998
P45,stack,1,stack_s1_29.000,29.0,31.0,arousal,3,eeg,svm,paper_compact,10,0.5583616383616384,1,0.6610099077332272,0.507863,1.7273969999999998
P45,stack,1,stack_s1_29.000,29.0,31.0,valence,1,eeg,gnb,hjorth,10,0.5845833333333333,0,0.03614842637025931,0.39435,1.4977610000000001
P45,stack,1,stack_s1_29.000,29.0,31.0,valence,2,face,svm,face_geometry,10,0.5797222222222222,0,0.40395692622662854,0.342009,1.6051549999999999
P45,stack,1,stack_s1_29.000,29.0,31.0,valence,3,eeg,gnb,hjorth,8,0.5755555555555556,0,0.04101683703064854,0.396201,1.5216720000000001
P45,stack,1,stack_s1_30.000,30.0,32.0,arousal,1,face,svm,face_geometry,10,0.5812787212787213,1,0.507287509767428,0.574045,3.080884
P45,stack,1,stack_s1_30.000,30.0,32.0,arousal,2,multimodal,logreg,all_eeg_plus_face,20,0.5596503496503497,0,0.41517831110367115,2.317623,1.9134820000000001
P45,stack,1,stack_s1_30.000,30.0,32.0,arousal,3,eeg,svm,paper_compact,10,0.5583616383616384,1,0.6029057971777858,0.486723,1.734337
P45,stack,1,stack_s1_30.000,30.0,32.0,valence,1,eeg,gnb,hjorth,10,0.5845833333333333,1,0.5199675780031165,0.38901,1.46484
P45,stack,1,stack_s1_30.000,30.0,32.0,valence,2,face,svm,face_geometry,10,0.5797222222222222,0,0.412546968924562,0.33634,1.5992730000000002
P45,stack,1,stack_s1_30.000,30.0,32.0,valence,3,eeg,gnb,hjorth,8,0.5755555555555556,0,0.49927240683232194,0.390811,1.449848
P45,stack,1,stack_s1_31.000,31.0,33.0,arousal,1,face,svm,face_geometry,10,0.5812787212787213,1,0.5072814354930577,0.826542,3.262638
P45,stack,1,stack_s1_31.000,31.0,33.0,arousal,2,multimodal,logreg,all_eeg_plus_face,20,0.5596503496503497,0,0.39526967725547696,1.241643,1.964733
P45,stack,1,stack_s1_31.000,31.0,33.0,arousal,3,eeg,svm,paper_compact,10,0.5583616383616384,1,0.45615495990808136,0.502424,1.7364670000000002
P45,stack,1,stack_s1_31.000,31.0,33.0,valence,1,eeg,gnb,hjorth,10,0.5845833333333333,1,0.9161437594251286,0.39033,1.4832999999999998
P45,stack,1,stack_s1_31.000,31.0,33.0,valence,2,face,svm,face_geometry,10,0.5797222222222222,0,0.4126774990900622,0.337089,1.588664
P45,stack,1,stack_s1_31.000,31.0,33.0,valence,3,eeg,gnb,hjorth,8,0.5755555555555556,1,0.906028971819383,0.391851,1.48241
P45,stack,1,stack_s1_32.000,32.0,34.0,arousal,1,face,svm,face_geometry,10,0.5812787212787213,1,0.5072781513488565,0.572176,2.717633
P45,stack,1,stack_s1_32.000,32.0,34.0,arousal,2,multimodal,logreg,all_eeg_plus_face,20,0.5596503496503497,0,0.4387398756327033,1.88251,2.026385
P45,stack,1,stack_s1_32.000,32.0,34.0,arousal,3,eeg,svm,paper_compact,10,0.5583616383616384,1,0.4327402558164242,0.490143,1.729057
P45,stack,1,stack_s1_32.000,32.0,34.0,valence,1,eeg,gnb,hjorth,10,0.5845833333333333,1,0.9088088793029451,0.38896,1.454909
P45,stack,1,stack_s1_32.000,32.0,34.0,valence,2,face,svm,face_geometry,10,0.5797222222222222,0,0.3873672325336218,0.337029,1.615684
P45,stack,1,stack_s1_32.000,32.0,34.0,valence,3,eeg,gnb,hjorth,8,0.5755555555555556,1,0.8836211410728168,0.391371,1.44285
P45,stack,1,stack_s1_33.000,33.0,35.0,arousal,1,face,svm,face_geometry,10,0.5812787212787213,1,0.5072783378576617,0.578516,2.840057
P45,stack,1,stack_s1_33.000,33.0,35.0,arousal,2,multimodal,logreg,all_eeg_plus_face,20,0.5596503496503497,1,0.5035503190184369,1.837129,3.079053
P45,stack,1,stack_s1_33.000,33.0,35.0,arousal,3,eeg,svm,paper_compact,10,0.5583616383616384,0,0.38764529496892813,0.779791,3.150315
P45,stack,1,stack_s1_33.000,33.0,35.0,valence,1,eeg,gnb,hjorth,10,0.5845833333333333,1,0.6452185624964835,0.775981,2.090848
P45,stack,1,stack_s1_33.000,33.0,35.0,valence,2,face,svm,face_geometry,10,0.5797222222222222,0,0.39780038016131636,0.328079,1.552613
P45,stack,1,stack_s1_33.000,33.0,35.0,valence,3,eeg,gnb,hjorth,8,0.5755555555555556,1,0.6348865926648759,0.440012,1.434269
P45,stack,1,stack_s1_34.000,34.0,36.0,arousal,1,face,svm,face_geometry,10,0.5812787212787213,1,0.507440382870826,0.816942,2.4168950000000002
P45,stack,1,stack_s1_34.000,34.0,36.0,arousal,2,multimodal,logreg,all_eeg_plus_face,20,0.5596503496503497,0,0.4977429940583548,1.159241,1.938872
P45,stack,1,stack_s1_34.000,34.0,36.0,arousal,3,eeg,svm,paper_compact,10,0.5583616383616384,1,0.430132041581321,0.493743,1.6976049999999998
P45,stack,1,stack_s1_34.000,34.0,36.0,valence,1,eeg,gnb,hjorth,10,0.5845833333333333,0,0.2374578537708823,0.392401,1.467659
P45,stack,1,stack_s1_34.000,34.0,36.0,valence,2,face,svm,face_geometry,10,0.5797222222222222,0,0.4255764449272039,0.333879,1.581023
P45,stack,1,stack_s1_34.000,34.0,36.0,valence,3,eeg,gnb,hjorth,8,0.5755555555555556,0,0.23654129221157194,0.3889,1.501051
P45,stack,1,stack_s1_35.000,35.0,37.0,arousal,1,face,svm,face_geometry,10,0.5812787212787213,1,0.5072848331232025,0.586236,2.760885
P45,stack,1,stack_s1_35.000,35.0,37.0,arousal,2,multimodal,logreg,all_eeg_plus_face,20,0.5596503496503497,1,0.5054105294905017,1.83086,3.093773
P45,stack,1,stack_s1_35.000,35.0,37.0,arousal,3,eeg,svm,paper_compact,10,0.5583616383616384,0,0.3880351890741806,0.777381,2.7161429999999998
P45,stack,1,stack_s1_35.000,35.0,37.0,valence,1,eeg,gnb,hjorth,10,0.5845833333333333,0,0.23251166539759127,0.605296,2.2955129999999997
P45,stack,1,stack_s1_35.000,35.0,37.0,valence,2,face,svm,face_geometry,10,0.5797222222222222,0,0.3980623017168923,0.527265,2.492198
P45,stack,1,stack_s1_35.000,35.0,37.0,valence,3,eeg,gnb,hjorth,8,0.5755555555555556,0,0.2222440336356154,0.378491,1.423118
P45,stack,1,stack_s1_36.000,36.0,38.0,arousal,1,face,svm,face_geometry,10,0.5812787212787213,1,0.5072749695377549,0.574056,2.673092
P45,stack,1,stack_s1_36.000,36.0,38.0,arousal,2,multimodal,logreg,all_eeg_plus_face,20,0.5596503496503497,1,0.5828045954883995,1.652145,1.937242
P45,stack,1,stack_s1_36.000,36.0,38.0,arousal,3,eeg,svm,paper_compact,10,0.5583616383616384,1,0.41901968574592746,0.493153,1.712787
P45,stack,1,stack_s1_36.000,36.0,38.0,valence,1,eeg,gnb,hjorth,10,0.5845833333333333,0,0.1335524510804655,0.395451,1.44952
P45,stack,1,stack_s1_36.000,36.0,38.0,valence,2,face,svm,face_geometry,10,0.5797222222222222,0,0.3902724590391795,0.333109,1.610453
P45,stack,1,stack_s1_36.000,36.0,38.0,valence,3,eeg,gnb,hjorth,8,0.5755555555555556,0,0.15095214714321575,0.3913,1.439888
P45,stack,1,stack_s1_37.000,37.0,39.0,arousal,1,face,svm,face_geometry,10,0.5812787212787213,1,0.5072769745605443,0.669838,1.8192089999999999
P45,stack,1,stack_s1_37.000,37.0,39.0,arousal,2,multimodal,logreg,all_eeg_plus_face,20,0.5596503496503497,1,0.5919329394168047,1.175991,1.958754
P45,stack,1,stack_s1_37.000,37.0,39.0,arousal,3,eeg,svm,paper_compact,10,0.5583616383616384,0,0.3905269654188762,0.493204,1.729667
P45,stack,1,stack_s1_37.000,37.0,39.0,valence,1,eeg,gnb,hjorth,10,0.5845833333333333,0,0.009438833916671356,0.38741,1.4599
P45,stack,1,stack_s1_37.000,37.0,39.0,valence,2,face,svm,face_geometry,10,0.5797222222222222,0,0.386559708006256,0.335479,1.6344450000000001
P45,stack,1,stack_s1_37.000,37.0,39.0,valence,3,eeg,gnb,hjorth,8,0.5755555555555556,0,0.011356827113210495,0.388311,1.4288789999999998
P45,stack,1,stack_s1_38.000,38.0,40.0,arousal,1,face,svm,face_geometry,10,0.5812787212787213,1,0.507277685775413,0.38069,1.811869
P45,stack,1,stack_s1_38.000,38.0,40.0,arousal,2,multimodal,logreg,all_eeg_plus_face,20,0.5596503496503497,0,0.440294662957346,1.201272,1.9712939999999999
P45,stack,1,stack_s1_38.000,38.0,40.0,arousal,3,eeg,svm,paper_compact,10,0.5583616383616384,1,0.454672836353915,0.504643,1.728568
P45,stack,1,stack_s1_38.000,38.0,40.0,valence,1,eeg,gnb,hjorth,10,0.5845833333333333,0,0.01976865457395616,0.39231,1.509401
P45,stack,1,stack_s1_38.000,38.0,40.0,valence,2,face,svm,face_geometry,10,0.5797222222222222,0,0.4050533320705156,0.338529,1.600134
P45,stack,1,stack_s1_38.000,38.0,40.0,valence,3,eeg,gnb,hjorth,8,0.5755555555555556,0,0.03000519088609056,0.390481,1.4549390000000002
P45,stack,1,stack_s1_39.000,39.0,41.0,arousal,1,face,svm,face_geometry,10,0.5812787212787213,1,0.5073026646015926,0.574595,2.778187
P45,stack,1,stack_s1_39.000,39.0,41.0,arousal,2,multimodal,logreg,all_eeg_plus_face,20,0.5596503496503497,0,0.2782834671680582,1.85503,3.090414
P45,stack,1,stack_s1_39.000,39.0,41.0,arousal,3,eeg,svm,paper_compact,10,0.5583616383616384,0,0.3981769628796143,0.780571,2.7296839999999998
P45,stack,1,stack_s1_39.000,39.0,41.0,valence,1,eeg,gnb,hjorth,10,0.5845833333333333,1,0.7280152120935364,0.611787,2.2814710000000002
P45,stack,1,stack_s1_39.000,39.0,41.0,valence,2,face,svm,face_geometry,10,0.5797222222222222,0,0.40800675684109516,0.536185,1.608373
P45,stack,1,stack_s1_39.000,39.0,41.0,valence,3,eeg,gnb,hjorth,8,0.5755555555555556,1,0.6787091358761099,0.38201,1.48198
P45,stack,1,stack_s1_40.000,40.0,42.0,arousal,1,face,svm,face_geometry,10,0.5812787212787213,1,0.5073625230662208,0.382211,1.841698
P45,stack,1,stack_s1_40.000,40.0,42.0,arousal,2,multimodal,logreg,all_eeg_plus_face,20,0.5596503496503497,1,0.5148988011877601,1.201322,1.968794
P45,stack,1,stack_s1_40.000,40.0,42.0,arousal,3,eeg,svm,paper_compact,10,0.5583616383616384,1,0.536891294397448,0.499133,1.719568
P45,stack,1,stack_s1_40.000,40.0,42.0,valence,1,eeg,gnb,hjorth,10,0.5845833333333333,1,0.6402735713007763,0.390901,1.515801
P45,stack,1,stack_s1_40.000,40.0,42.0,valence,2,face,svm,face_geometry,10,0.5797222222222222,0,0.43448189692484634,0.338169,1.5898530000000002
P45,stack,1,stack_s1_40.000,40.0,42.0,valence,3,eeg,gnb,hjorth,8,0.5755555555555556,1,0.6858275952025118,0.39112,1.4737699999999998
P45,stack,1,stack_s1_41.000,41.0,43.0,arousal,1,face,svm,face_geometry,10,0.5812787212787213,1,0.5073145198166967,0.577916,2.7750649999999997
P45,stack,1,stack_s1_41.000,41.0,43.0,arousal,2,multimodal,logreg,all_eeg_plus_face,20,0.5596503496503497,0,0.46127636246211334,1.82872,3.1541460000000003
P45,stack,1,stack_s1_41.000,41.0,43.0,arousal,3,eeg,svm,paper_compact,10,0.5583616383616384,1,0.4224476525991715,0.775481,2.711453
P45,stack,1,stack_s1_41.000,41.0,43.0,valence,1,eeg,gnb,hjorth,10,0.5845833333333333,1,0.877083041856139,0.606437,2.382504
P45,stack,1,stack_s1_41.000,41.0,43.0,valence,2,face,svm,face_geometry,10,0.5797222222222222,0,0.4228728164874055,0.418171,1.5675219999999999
P45,stack,1,stack_s1_41.000,41.0,43.0,valence,3,eeg,gnb,hjorth,8,0.5755555555555556,1,0.8590719281583381,0.395861,1.458489
P45,stack,1,stack_s1_42.000,42.0,44.0,arousal,1,face,svm,face_geometry,10,0.5812787212787213,1,0.5072883819683555,0.385491,1.8030080000000002
P45,stack,1,stack_s1_42.000,42.0,44.0,arousal,2,multimodal,logreg,all_eeg_plus_face,20,0.5596503496503497,0,0.4627990017085089,1.228723,1.969313
P45,stack,1,stack_s1_42.000,42.0,44.0,arousal,3,eeg,svm,paper_compact,10,0.5583616383616384,1,0.4324640234283927,0.498583,1.83441
P45,stack,1,stack_s1_42.000,42.0,44.0,valence,1,eeg,gnb,hjorth,10,0.5845833333333333,1,0.8421763334754377,0.608017,2.2532010000000002
P45,stack,1,stack_s1_42.000,42.0,44.0,valence,2,face,svm,face_geometry,10,0.5797222222222222,0,0.39162594673314693,0.557055,2.449057
P45,stack,1,stack_s1_42.000,42.0,44.0,valence,3,eeg,gnb,hjorth,8,0.5755555555555556,1,0.8496165516210743,0.605186,2.621751
P45,stack,1,stack_s1_43.000,43.0,45.0,arousal,1,face,svm,face_geometry,10,0.5812787212787213,1,0.5073981000455282,0.727369,2.9357100000000003
P45,stack,1,stack_s1_43.000,43.0,45.0,arousal,2,multimodal,logreg,all_eeg_plus_face,20,0.5596503496503497,1,0.597824971888092,1.200182,1.947393
P45,stack,1,stack_s1_43.000,43.0,45.0,arousal,3,eeg,svm,paper_compact,10,0.5583616383616384,1,0.4781261268803376,0.494033,1.719187
P45,stack,1,stack_s1_43.000,43.0,45.0,valence,1,eeg,gnb,hjorth,10,0.5845833333333333,1,0.9369189890049983,0.387031,1.4877710000000002
P45,stack,1,stack_s1_43.000,43.0,45.0,valence,2,face,svm,face_geometry,10,0.5797222222222222,0,0.4282800125689525,0.33869,1.584543
P45,stack,1,stack_s1_43.000,43.0,45.0,valence,3,eeg,gnb,hjorth,8,0.5755555555555556,1,0.921231775149016,0.391231,1.4610690000000002
P45,stack,1,stack_s1_44.000,44.0,46.0,arousal,1,face,svm,face_geometry,10,0.5812787212787213,1,0.5074452922743758,0.380091,1.823869
P45,stack,1,stack_s1_44.000,44.0,46.0,arousal,2,multimodal,logreg,all_eeg_plus_face,20,0.5596503496503497,0,0.49646038554041755,1.220593,1.979524
P45,stack,1,stack_s1_44.000,44.0,46.0,arousal,3,eeg,svm,paper_compact,10,0.5583616383616384,0,0.3917076054124909,0.501824,1.888101
P45,stack,1,stack_s1_44.000,44.0,46.0,valence,1,eeg,gnb,hjorth,10,0.5845833333333333,1,0.9635933795710157,0.607017,2.272511
P45,stack,1,stack_s1_44.000,44.0,46.0,valence,2,face,svm,face_geometry,10,0.5797222222222222,0,0.4428227679073338,0.525195,2.479038
P45,stack,1,stack_s1_44.000,44.0,46.0,valence,3,eeg,gnb,hjorth,8,0.5755555555555556,1,0.953220220719301,0.608427,2.669882
P45,stack,1,stack_s1_45.000,45.0,47.0,arousal,1,face,svm,face_geometry,10,0.5812787212787213,1,0.5072757756877702,0.574785,2.7675549999999998
P45,stack,1,stack_s1_45.000,45.0,47.0,arousal,2,multimodal,logreg,all_eeg_plus_face,20,0.5596503496503497,0,0.38455403537356714,1.84402,3.0832049999999995
P45,stack,1,stack_s1_45.000,45.0,47.0,arousal,3,eeg,svm,paper_compact,10,0.5583616383616384,0,0.4135738583192109,0.783812,2.731773
P45,stack,1,stack_s1_45.000,45.0,47.0,valence,1,eeg,gnb,hjorth,10,0.5845833333333333,1,0.9468269405590184,0.609866,2.0780559999999997
P45,stack,1,stack_s1_45.000,45.0,47.0,valence,2,face,svm,face_geometry,10,0.5797222222222222,0,0.401006791100904,0.333149,1.569453
P45,stack,1,stack_s1_45.000,45.0,47.0,valence,3,eeg,gnb,hjorth,8,0.5755555555555556,1,0.933214767415704,0.408871,1.4450789999999998
P45,stack,1,stack_s1_46.000,46.0,48.0,arousal,1,face,svm,face_geometry,10,0.5812787212787213,1,0.5072726429927383,0.37366,1.765876
P45,stack,1,stack_s1_46.000,46.0,48.0,arousal,2,multimodal,logreg,all_eeg_plus_face,20,0.5596503496503497,0,0.38129467823395047,1.175701,1.894892
P45,stack,1,stack_s1_46.000,46.0,48.0,arousal,3,eeg,svm,paper_compact,10,0.5583616383616384,1,0.4518956530433966,0.484183,1.6831960000000001
P45,stack,1,stack_s1_46.000,46.0,48.0,valence,1,eeg,gnb,hjorth,10,0.5845833333333333,1,0.8389849485088937,0.3849,1.425799
P45,stack,1,stack_s1_46.000,46.0,48.0,valence,2,face,svm,face_geometry,10,0.5797222222222222,0,0.39888839866934345,0.328149,1.575312
P45,stack,1,stack_s1_46.000,46.0,48.0,valence,3,eeg,gnb,hjorth,8,0.5755555555555556,1,0.8115746212710674,0.389041,1.406068
P45,stack,1,stack_s1_47.000,47.0,49.0,arousal,1,face,svm,face_geometry,10,0.5812787212787213,1,0.507399261510028,0.381,1.79977
P45,stack,1,stack_s1_47.000,47.0,49.0,arousal,2,multimodal,logreg,all_eeg_plus_face,20,0.5596503496503497,0,0.35081245292431745,1.223143,1.960803
P45,stack,1,stack_s1_47.000,47.0,49.0,arousal,3,eeg,svm,paper_compact,10,0.5583616383616384,0,0.38707859893082297,0.501473,1.7342870000000001
P45,stack,1,stack_s1_47.000,47.0,49.0,valence,1,eeg,gnb,hjorth,10,0.5845833333333333,1,0.9096313007491624,0.390981,1.4662089999999999
P45,stack,1,stack_s1_47.000,47.0,49.0,valence,2,face,svm,face_geometry,10,0.5797222222222222,0,0.43081466261927087,0.342199,1.593473
P45,stack,1,stack_s1_47.000,47.0,49.0,valence,3,eeg,gnb,hjorth,8,0.5755555555555556,1,0.8978664712083355,0.390191,1.444679
P45,stack,1,stack_s1_48.000,48.0,50.0,arousal,1,face,svm,face_geometry,10,0.5812787212787213,1,0.5073242844643405,0.605586,3.461804
P45,stack,1,stack_s1_48.000,48.0,50.0,arousal,2,multimodal,logreg,all_eeg_plus_face,20,0.5596503496503497,0,0.4678571220325123,1.306885,1.907892
P45,stack,1,stack_s1_48.000,48.0,50.0,arousal,3,eeg,svm,paper_compact,10,0.5583616383616384,1,0.42113052694733344,0.504213,1.713437
P45,stack,1,stack_s1_48.000,48.0,50.0,valence,1,eeg,gnb,hjorth,10,0.5845833333333333,0,0.3856764675167615,0.386281,1.533371
P45,stack,1,stack_s1_48.000,48.0,50.0,valence,2,face,svm,face_geometry,10,0.5797222222222222,0,0.4216688275229016,0.337619,2.427304
P45,stack,1,stack_s1_48.000,48.0,50.0,valence,3,eeg,gnb,hjorth,8,0.5755555555555556,0,0.4009271286094227,0.607256,2.330003
P45,stack,1,stack_s1_49.000,49.0,51.0,arousal,1,face,svm,face_geometry,10,0.5812787212787213,1,0.5072848739682901,0.398181,1.7903280000000001
P45,stack,1,stack_s1_49.000,49.0,51.0,arousal,2,multimodal,logreg,all_eeg_plus_face,20,0.5596503496503497,0,0.42316735959662505,1.193982,1.983014
P45,stack,1,stack_s1_49.000,49.0,51.0,arousal,3,eeg,svm,paper_compact,10,0.5583616383616384,0,0.36003181418230923,0.501594,1.7345959999999998
P45,stack,1,stack_s1_49.000,49.0,51.0,valence,1,eeg,gnb,hjorth,10,0.5845833333333333,0,0.0003816685812270497,0.451742,1.48082
P45,stack,1,stack_s1_49.000,49.0,51.0,valence,2,face,svm,face_geometry,10,0.5797222222222222,0,0.40220935937191016,0.345969,1.5991430000000002
P45,stack,1,stack_s1_49.000,49.0,51.0,valence,3,eeg,gnb,hjorth,8,0.5755555555555556,0,0.0007391579654760233,0.452272,1.44601
P45,stack,1,stack_s1_50.000,50.0,52.0,arousal,1,face,svm,face_geometry,10,0.5812787212787213,1,0.5072854401549456,0.72319,3.543856
P45,stack,1,stack_s1_50.000,50.0,52.0,arousal,2,multimodal,logreg,all_eeg_plus_face,20,0.5596503496503497,0,0.3481141405417508,2.280312,1.967903
P45,stack,1,stack_s1_50.000,50.0,52.0,arousal,3,eeg,svm,paper_compact,10,0.5583616383616384,0,0.3954911643221338,0.498803,1.7702779999999998
P45,stack,1,stack_s1_50.000,50.0,52.0,valence,1,eeg,gnb,hjorth,10,0.5845833333333333,0,0.48668710234439316,0.425421,1.4648590000000001
P45,stack,1,stack_s1_50.000,50.0,52.0,valence,2,face,svm,face_geometry,10,0.5797222222222222,0,0.40788149512795097,0.3785,1.608914
P45,stack,1,stack_s1_50.000,50.0,52.0,valence,3,eeg,gnb,hjorth,8,0.5755555555555556,0,0.42180181047896453,0.429572,1.45594
P45,stack,1,stack_s1_51.000,51.0,53.0,arousal,1,face,svm,face_geometry,10,0.5812787212787213,1,0.5072805523756961,0.609987,2.745924
P45,stack,1,stack_s1_51.000,51.0,53.0,arousal,2,multimodal,logreg,all_eeg_plus_face,20,0.5596503496503497,0,0.3691530333369827,1.268125,1.944233
P45,stack,1,stack_s1_51.000,51.0,53.0,arousal,3,eeg,svm,paper_compact,10,0.5583616383616384,1,0.4481593091784348,0.490283,1.764348
P45,stack,1,stack_s1_51.000,51.0,53.0,valence,1,eeg,gnb,hjorth,10,0.5845833333333333,1,0.9477196314940507,0.396811,1.5012599999999998
P45,stack,1,stack_s1_51.000,51.0,53.0,valence,2,face,svm,face_geometry,10,0.5797222222222222,0,0.40370201324087235,0.339279,1.640385
P45,stack,1,stack_s1_51.000,51.0,53.0,valence,3,eeg,gnb,hjorth,8,0.5755555555555556,1,0.9327472230758075,0.393121,1.47009
P45,stack,1,stack_s1_52.000,52.0,54.0,arousal,1,face,svm,face_geometry,10,0.5812787212787213,1,0.507283722590667,0.569666,3.136305
P45,stack,1,stack_s1_52.000,52.0,54.0,arousal,2,multimodal,logreg,all_eeg_plus_face,20,0.5596503496503497,0,0.3198367114701343,2.395175,2.9699199999999997
P45,stack,1,stack_s1_52.000,52.0,54.0,arousal,3,eeg,svm,paper_compact,10,0.5583616383616384,1,0.4418729256281675,0.488723,1.735187
P45,stack,1,stack_s1_52.000,52.0,54.0,valence,1,eeg,gnb,hjorth,10,0.5845833333333333,1,0.881667346782439,0.38629,1.48724
P45,stack,1,stack_s1_52.000,52.0,54.0,valence,2,face,svm,face_geometry,10,0.5797222222222222,0,0.3890240873596277,0.335459,1.627014
P45,stack,1,stack_s1_52.000,52.0,54.0,valence,3,eeg,gnb,hjorth,8,0.5755555555555556,1,0.8633798033407841,0.395321,1.506731
P45,stack,1,stack_s1_53.000,53.0,55.0,arousal,1,face,svm,face_geometry,10,0.5812787212787213,1,0.5072839766396007,0.724309,2.723864
P45,stack,1,stack_s1_53.000,53.0,55.0,arousal,2,multimodal,logreg,all_eeg_plus_face,20,0.5596503496503497,0,0.47765241137863707,1.925693,3.1419949999999996
P45,stack,1,stack_s1_53.000,53.0,55.0,arousal,3,eeg,svm,paper_compact,10,0.5583616383616384,1,0.4836571351079451,0.773731,2.787274
P45,stack,1,stack_s1_53.000,53.0,55.0,valence,1,eeg,gnb,hjorth,10,0.5845833333333333,1,0.9151591633247458,0.607006,2.077716
P45,stack,1,stack_s1_53.000,53.0,55.0,valence,2,face,svm,face_geometry,10,0.5797222222222222,0,0.38983440702912037,0.35131,1.560572
P45,stack,1,stack_s1_53.000,53.0,55.0,valence,3,eeg,gnb,hjorth,8,0.5755555555555556,1,0.8930011489108675,0.412572,1.429948
P45,stack,1,stack_s1_54.000,54.0,56.0,arousal,1,face,svm,face_geometry,10,0.5812787212787213,1,0.507281996377485,0.3792,1.799519
P45,stack,1,stack_s1_54.000,54.0,56.0,arousal,2,multimodal,logreg,all_eeg_plus_face,20,0.5596503496503497,0,0.4115898205796929,1.207803,1.963753
P45,stack,1,stack_s1_54.000,54.0,56.0,arousal,3,eeg,svm,paper_compact,10,0.5583616383616384,0,0.4073081350990008,0.498064,1.7524980000000001
P45,stack,1,stack_s1_54.000,54.0,56.0,valence,1,eeg,gnb,hjorth,10,0.5845833333333333,1,0.7970325624750317,0.392111,1.46932
P45,stack,1,stack_s1_54.000,54.0,56.0,valence,2,face,svm,face_geometry,10,0.5797222222222222,0,0.39547777523704,0.33676,1.633394
P45,stack,1,stack_s1_54.000,54.0,56.0,valence,3,eeg,gnb,hjorth,8,0.5755555555555556,1,0.7682911614170793,0.391471,1.4527889999999999
P45,stack,1,stack_s1_55.000,55.0,57.0,arousal,1,face,svm,face_geometry,10,0.5812787212787213,1,0.5072814494076625,0.580866,2.748004
P45,stack,1,stack_s1_55.000,55.0,57.0,arousal,2,multimodal,logreg,all_eeg_plus_face,20,0.5596503496503497,1,0.5334494169519954,1.874221,3.0908029999999997
P45,stack,1,stack_s1_55.000,55.0,57.0,arousal,3,eeg,svm,paper_compact,10,0.5583616383616384,0,0.38076658024606114,0.487783,1.715467
P45,stack,1,stack_s1_55.000,55.0,57.0,valence,1,eeg,gnb,hjorth,10,0.5845833333333333,1,0.8157631241614098,0.39762,1.484771
P45,stack,1,stack_s1_55.000,55.0,57.0,valence,2,face,svm,face_geometry,10,0.5797222222222222,0,0.38742324053258803,0.335809,1.621915
P45,stack,1,stack_s1_55.000,55.0,57.0,valence,3,eeg,gnb,hjorth,8,0.5755555555555556,1,0.8009989595793297,0.414561,1.47382
P45,stack,1,stack_s1_56.000,56.0,58.0,arousal,1,face,svm,face_geometry,10,0.5812787212787213,1,0.5072803559131825,0.37728,1.83513
P45,stack,1,stack_s1_56.000,56.0,58.0,arousal,2,multimodal,logreg,all_eeg_plus_face,20,0.5596503496503497,1,0.5177678862451661,1.218633,2.033704
P45,stack,1,stack_s1_56.000,56.0,58.0,arousal,3,eeg,svm,paper_compact,10,0.5583616383616384,0,0.4076446132338717,0.500934,1.758837
P45,stack,1,stack_s1_56.000,56.0,58.0,valence,1,eeg,gnb,hjorth,10,0.5845833333333333,1,0.5938809245663927,0.392201,1.510361
P45,stack,1,stack_s1_56.000,56.0,58.0,valence,2,face,svm,face_geometry,10,0.5797222222222222,0,0.38145203826395135,0.33897,1.6203940000000001
P45,stack,1,stack_s1_56.000,56.0,58.0,valence,3,eeg,gnb,hjorth,8,0.5755555555555556,1,0.6162603034778563,0.391811,1.5735430000000001
P45,stack,1,stack_s1_57.000,57.0,59.0,arousal,1,face,svm,face_geometry,10,0.5812787212787213,1,0.507279574204352,0.613586,2.742235
P45,stack,1,stack_s1_57.000,57.0,59.0,arousal,2,multimodal,logreg,all_eeg_plus_face,20,0.5596503496503497,0,0.43831290150202085,1.884861,3.141444
P45,stack,1,stack_s1_57.000,57.0,59.0,arousal,3,eeg,svm,paper_compact,10,0.5583616383616384,1,0.424397110689683,0.780491,2.7869159999999997
P45,stack,1,stack_s1_57.000,57.0,59.0,valence,1,eeg,gnb,hjorth,10,0.5845833333333333,1,0.5249236651778828,0.608626,2.332963
P45,stack,1,stack_s1_57.000,57.0,59.0,valence,2,face,svm,face_geometry,10,0.5797222222222222,0,0.3885896391545878,0.562536,2.5307880000000003
P45,stack,1,stack_s1_57.000,57.0,59.0,valence,3,eeg,gnb,hjorth,8,0.5755555555555556,1,0.5233978402458535,0.612217,1.85235
P45,stack,1,stack_s1_58.000,58.0,60.0,arousal,1,face,svm,face_geometry,10,0.5812787212787213,1,0.5072895726462208,0.383511,1.814849
P45,stack,1,stack_s1_58.000,58.0,60.0,arousal,2,multimodal,logreg,all_eeg_plus_face,20,0.5596503496503497,0,0.4030402103241391,1.209983,1.978853
P45,stack,1,stack_s1_58.000,58.0,60.0,arousal,3,eeg,svm,paper_compact,10,0.5583616383616384,0,0.2986275374978829,0.501224,1.764687
P45,stack,1,stack_s1_58.000,58.0,60.0,valence,1,eeg,gnb,hjorth,10,0.5845833333333333,1,0.7793203009885711,0.391771,1.4700389999999999
P45,stack,1,stack_s1_58.000,58.0,60.0,valence,2,face,svm,face_geometry,10,0.5797222222222222,0,0.3971343803382931,0.337179,1.601604
P45,stack,1,stack_s1_58.000,58.0,60.0,valence,3,eeg,gnb,hjorth,8,0.5755555555555556,1,0.7970526567386957,0.393201,1.446889
P45,stack,1,stack_s1_59.000,59.0,61.0,arousal,1,face,svm,face_geometry,10,0.5812787212787213,1,0.5073030100226509,0.579176,2.783695
P45,stack,1,stack_s1_59.000,59.0,61.0,arousal,2,multimodal,logreg,all_eeg_plus_face,20,0.5596503496503497,0,0.34643341914016446,1.892531,3.142875
P45,stack,1,stack_s1_59.000,59.0,61.0,arousal,3,eeg,svm,paper_compact,10,0.5583616383616384,0,0.24246815594312107,0.773551,2.083127
P45,stack,1,stack_s1_59.000,59.0,61.0,valence,1,eeg,gnb,hjorth,10,0.5845833333333333,1,0.9161643712578247,0.407161,1.421239
P45,stack,1,stack_s1_59.000,59.0,61.0,valence,2,face,svm,face_geometry,10,0.5797222222222222,0,0.40268215925023604,0.35513,1.584943
P45,stack,1,stack_s1_59.000,59.0,61.0,valence,3,eeg,gnb,hjorth,8,0.5755555555555556,1,0.9172961721618045,0.416181,1.426818
P45,stack,1,stack_s1_60.000,60.0,62.0,arousal,1,face,svm,face_geometry,10,0.5812787212787213,1,0.5072841443233114,0.574305,2.19237
P45,stack,1,stack_s1_60.000,60.0,62.0,arousal,2,multimodal,logreg,all_eeg_plus_face,20,0.5596503496503497,0,0.48093207978169533,1.184882,1.985644
P45,stack,1,stack_s1_60.000,60.0,62.0,arousal,3,eeg,svm,paper_compact,10,0.5583616383616384,0,0.2900957236203941,0.493633,1.743128
P45,stack,1,stack_s1_60.000,60.0,62.0,valence,1,eeg,gnb,hjorth,10,0.5845833333333333,1,0.9546309580001062,0.417031,1.4852699999999999
P45,stack,1,stack_s1_60.000,60.0,62.0,valence,2,face,svm,face_geometry,10,0.5797222222222222,0,0.3996451063123396,0.37367,1.584883
P45,stack,1,stack_s1_60.000,60.0,62.0,valence,3,eeg,gnb,hjorth,8,0.5755555555555556,1,0.9459353136225991,0.417091,1.451089
P45,stack,1,stack_s1_61.000,61.0,63.0,arousal,1,face,svm,face_geometry,10,0.5812787212787213,1,0.5072834465279659,0.574016,2.739224
P45,stack,1,stack_s1_61.000,61.0,63.0,arousal,2,multimodal,logreg,all_eeg_plus_face,20,0.5596503496503497,1,0.505977750954638,1.84177,3.1462860000000004
P45,stack,1,stack_s1_61.000,61.0,63.0,arousal,3,eeg,svm,paper_compact,10,0.5583616383616384,0,0.3629953950827704,0.809712,2.772366
P45,stack,1,stack_s1_61.000,61.0,63.0,valence,1,eeg,gnb,hjorth,10,0.5845833333333333,0,0.31138169743883193,0.608377,1.9551509999999999
P45,stack,1,stack_s1_61.000,61.0,63.0,valence,2,face,svm,face_geometry,10,0.5797222222222222,0,0.4043816364799304,0.331048,1.583302
P45,stack,1,stack_s1_61.000,61.0,63.0,valence,3,eeg,gnb,hjorth,8,0.5755555555555556,0,0.25461290866798914,0.421351,1.440639
P45,stack,1,stack_s1_62.000,62.0,64.0,arousal,1,face,svm,face_geometry,10,0.5812787212787213,1,0.5072858170697491,0.577205,2.838767
P45,stack,1,stack_s1_62.000,62.0,64.0,arousal,2,multimodal,logreg,all_eeg_plus_face,20,0.5596503496503497,0,0.4573400983218709,1.330217,1.967754
P45,stack,1,stack_s1_62.000,62.0,64.0,arousal,3,eeg,svm,paper_compact,10,0.5583616383616384,1,0.5739196146686237,0.518844,1.757197
P45,stack,1,stack_s1_62.000,62.0,64.0,valence,1,eeg,gnb,hjorth,10,0.5845833333333333,0,0.04868614610093739,0.390831,1.525051
P45,stack,1,stack_s1_62.000,62.0,64.0,valence,2,face,svm,face_geometry,10,0.5797222222222222,0,0.4078387461622673,0.338639,1.6202239999999999
P45,stack,1,stack_s1_62.000,62.0,64.0,valence,3,eeg,gnb,hjorth,8,0.5755555555555556,0,0.04004695369168209,0.389401,1.48817
P45,stack,1,stack_s1_63.000,63.0,65.0,arousal,1,face,svm,face_geometry,10,0.5812787212787213,1,0.5072785688648865,0.407951,1.8126090000000001
P45,stack,1,stack_s1_63.000,63.0,65.0,arousal,2,multimodal,logreg,all_eeg_plus_face,20,0.5596503496503497,1,0.5617478685661663,1.192272,2.000034
P45,stack,1,stack_s1_63.000,63.0,65.0,arousal,3,eeg,svm,paper_compact,10,0.5583616383616384,1,0.5784003989356518,0.534105,1.7462370000000003
P45,stack,1,stack_s1_63.000,63.0,65.0,valence,1,eeg,gnb,hjorth,10,0.5845833333333333,0,0.14731450272877547,0.419711,1.46055
P45,stack,1,stack_s1_63.000,63.0,65.0,valence,2,face,svm,face_geometry,10,0.5797222222222222,0,0.4042874500534299,0.36575,1.6043530000000001
P45,stack,1,stack_s1_63.000,63.0,65.0,valence,3,eeg,gnb,hjorth,8,0.5755555555555556,0,0.16630224625052456,0.418542,1.4597689999999999
P45,stack,1,stack_s1_64.000,64.0,66.0,arousal,1,face,svm,face_geometry,10,0.5812787212787213,1,0.5072781191642436,0.612146,2.747015
P45,stack,1,stack_s1_64.000,64.0,66.0,arousal,2,multimodal,logreg,all_eeg_plus_face,20,0.5596503496503497,1,0.5028856305580006,1.8652,3.021592
P45,stack,1,stack_s1_64.000,64.0,66.0,arousal,3,eeg,svm,paper_compact,10,0.5583616383616384,1,0.5061947918453625,0.487294,1.7265260000000002
P45,stack,1,stack_s1_64.000,64.0,66.0,valence,1,eeg,gnb,hjorth,10,0.5845833333333333,0,0.08278613823631072,0.405031,1.490741
P45,stack,1,stack_s1_64.000,64.0,66.0,valence,2,face,svm,face_geometry,10,0.5797222222222222,0,0.4155066745707923,0.336899,1.6131739999999999
P45,stack,1,stack_s1_64.000,64.0,66.0,valence,3,eeg,gnb,hjorth,8,0.5755555555555556,0,0.11899466256792987,0.391401,1.4793899999999998
P45,stack,1,stack_s1_65.000,65.0,67.0,arousal,1,face,svm,face_geometry,10,0.5812787212787213,1,0.5072781175612957,0.38024,1.820939
P45,stack,1,stack_s1_65.000,65.0,67.0,arousal,2,multimodal,logreg,all_eeg_plus_face,20,0.5596503496503497,1,0.5036306190701402,1.181541,2.000505
P45,stack,1,stack_s1_65.000,65.0,67.0,arousal,3,eeg,svm,paper_compact,10,0.5583616383616384,1,0.4928704334557671,0.503694,1.7559179999999999
P45,stack,1,stack_s1_65.000,65.0,67.0,valence,1,eeg,gnb,hjorth,10,0.5845833333333333,0,0.000499694930128952,0.39361,1.533002
P45,stack,1,stack_s1_65.000,65.0,67.0,valence,2,face,svm,face_geometry,10,0.5797222222222222,0,0.42021876647290185,0.340789,1.6024829999999999
P45,stack,1,stack_s1_65.000,65.0,67.0,valence,3,eeg,gnb,hjorth,8,0.5755555555555556,0,0.0005638334244119381,0.393861,1.5127609999999998
P45,stack,1,stack_s1_66.000,66.0,68.0,arousal,1,face,svm,face_geometry,10,0.5812787212787213,1,0.5072781175606721,0.343809,1.7486380000000001
P45,stack,1,stack_s1_66.000,66.0,68.0,arousal,2,multimodal,logreg,all_eeg_plus_face,20,0.5596503496503497,1,0.5675461031719313,1.79859,3.0469120000000003
P45,stack,1,stack_s1_66.000,66.0,68.0,arousal,3,eeg,svm,paper_compact,10,0.5583616383616384,1,0.4773948811657636,0.778771,2.7413939999999997
P45,stack,1,stack_s1_66.000,66.0,68.0,valence,1,eeg,gnb,hjorth,10,0.5845833333333333,0,0.009971895511960375,0.609167,2.3197520000000003
P45,stack,1,stack_s1_66.000,66.0,68.0,valence,2,face,svm,face_geometry,10,0.5797222222222222,0,0.42274472378969064,0.526594,2.556279
P45,stack,1,stack_s1_66.000,66.0,68.0,valence,3,eeg,gnb,hjorth,8,0.5755555555555556,0,0.012032623041315225,0.610296,1.485481
P45,stack,1,stack_s1_67.000,67.0,69.0,arousal,3,eeg,svm,paper_compact,10,0.5583616383616384,1,0.6359952809971148,0.505613,1.764618
P45,stack,1,stack_s1_67.000,67.0,69.0,valence,1,eeg,gnb,hjorth,10,0.5845833333333333,0,3.569539365306209e-15,0.39234,1.4782
P45,stack,1,stack_s1_67.000,67.0,69.0,valence,3,eeg,gnb,hjorth,8,0.5755555555555556,0,4.611496655127989e-15,0.394741,1.452249
P45,sisyphus,1,sisyphus_s1_27.000,27.0,29.0,arousal,1,face,svm,face_geometry,10,0.5812787212787213,1,0.5250582747597866,0.38643,1.8064490000000002
P45,sisyphus,1,sisyphus_s1_27.000,27.0,29.0,arousal,2,multimodal,logreg,all_eeg_plus_face,20,0.5596503496503497,1,0.5247365577626655,1.216113,1.967554
P45,sisyphus,1,sisyphus_s1_27.000,27.0,29.0,arousal,3,eeg,svm,paper_compact,10,0.5583616383616384,1,0.447039400669915,0.498423,1.779309
P45,sisyphus,1,sisyphus_s1_27.000,27.0,29.0,valence,1,eeg,gnb,hjorth,10,0.5845833333333333,0,0.07712088344853302,0.397481,1.46291
P45,sisyphus,1,sisyphus_s1_27.000,27.0,29.0,valence,2,face,svm,face_geometry,10,0.5797222222222222,0,0.4877533522490027,0.336969,1.613943
P45,sisyphus,1,sisyphus_s1_27.000,27.0,29.0,valence,3,eeg,gnb,hjorth,8,0.5755555555555556,0,0.05919623016516278,0.395491,1.441099
P45,sisyphus,1,sisyphus_s1_28.000,28.0,30.0,arousal,1,face,svm,face_geometry,10,0.5812787212787213,1,0.5009261682410626,0.574805,2.721764
P45,sisyphus,1,sisyphus_s1_28.000,28.0,30.0,arousal,2,multimodal,logreg,all_eeg_plus_face,20,0.5596503496503497,1,0.57574421089804,1.83578,3.076733
P45,sisyphus,1,sisyphus_s1_28.000,28.0,30.0,arousal,3,eeg,svm,paper_compact,10,0.5583616383616384,1,0.4281905127399292,0.772741,2.7057830000000003
P45,sisyphus,1,sisyphus_s1_28.000,28.0,30.0,valence,1,eeg,gnb,hjorth,10,0.5845833333333333,0,0.008675170969077212,0.604216,2.260123
P45,sisyphus,1,sisyphus_s1_28.000,28.0,30.0,valence,2,face,svm,face_geometry,10,0.5797222222222222,0,0.5726026793513662,0.526415,2.471926
P45,sisyphus,1,sisyphus_s1_28.000,28.0,30.0,valence,3,eeg,gnb,hjorth,8,0.5755555555555556,0,0.007060885079119761,0.605316,1.7336969999999998
P45,sisyphus,1,sisyphus_s1_29.000,29.0,31.0,arousal,1,face,svm,face_geometry,10,0.5812787212787213,1,0.5063662419375384,0.384571,1.8357890000000001
P45,sisyphus,1,sisyphus_s1_29.000,29.0,31.0,arousal,2,multimodal,logreg,all_eeg_plus_face,20,0.5596503496503497,1,0.5133450894321544,1.207072,1.983894
P45,sisyphus,1,sisyphus_s1_29.000,29.0,31.0,arousal,3,eeg,svm,paper_compact,10,0.5583616383616384,0,0.34974927009722734,0.498513,1.734987
P45,sisyphus,1,sisyphus_s1_29.000,29.0,31.0,valence,1,eeg,gnb,hjorth,10,0.5845833333333333,1,0.8900958998543451,0.390271,1.519951
P45,sisyphus,1,sisyphus_s1_29.000,29.0,31.0,valence,2,face,svm,face_geometry,10,0.5797222222222222,0,0.5696458007552261,0.339119,1.595284
P45,sisyphus,1,sisyphus_s1_29.000,29.0,31.0,valence,3,eeg,gnb,hjorth,8,0.5755555555555556,1,0.8568907269964573,0.389301,1.517811
P45,sisyphus,1,sisyphus_s1_30.000,30.0,32.0,arousal,1,face,svm,face_geometry,10,0.5812787212787213,1,0.507179616869699,0.573976,2.641361
P45,sisyphus,1,sisyphus_s1_30.000,30.0,32.0,arousal,2,multimodal,logreg,all_eeg_plus_face,20,0.5596503496503497,0,0.4803022946421402,1.174842,1.963244
P45,sisyphus,1,sisyphus_s1_30.000,30.0,32.0,arousal,3,eeg,svm,paper_compact,10,0.5583616383616384,1,0.5042225116947971,0.502963,1.727657
P45,sisyphus,1,sisyphus_s1_30.000,30.0,32.0,valence,1,eeg,gnb,hjorth,10,0.5845833333333333,0,0.3511187089568807,0.391711,1.49079
P45,sisyphus,1,sisyphus_s1_30.000,30.0,32.0,valence,2,face,svm,face_geometry,10,0.5797222222222222,0,0.583177191777026,0.339139,1.5982630000000002
P45,sisyphus,1,sisyphus_s1_30.000,30.0,32.0,valence,3,eeg,gnb,hjorth,8,0.5755555555555556,0,0.2863153037115135,0.39221,1.47263
P45,sisyphus,1,sisyphus_s1_31.000,31.0,33.0,arousal,1,face,svm,face_geometry,10,0.5812787212787213,1,0.5077485087126261,0.37678,1.7732579999999998
P45,sisyphus,1,sisyphus_s1_31.000,31.0,33.0,arousal,2,multimodal,logreg,all_eeg_plus_face,20,0.5596503496503497,1,0.5461597633922963,1.204283,1.956153
P45,sisyphus,1,sisyphus_s1_31.000,31.0,33.0,arousal,3,eeg,svm,paper_compact,10,0.5583616383616384,0,0.3615630645120398,0.496833,2.4774979999999998
P45,sisyphus,1,sisyphus_s1_31.000,31.0,33.0,valence,1,eeg,gnb,hjorth,10,0.5845833333333333,0,0.0009802363453423025,0.780421,2.345274
P45,sisyphus,1,sisyphus_s1_31.000,31.0,33.0,valence,2,face,svm,face_geometry,10,0.5797222222222222,0,0.5046942596079851,0.342379,1.5811730000000002
P45,sisyphus,1,sisyphus_s1_31.000,31.0,33.0,valence,3,eeg,gnb,hjorth,8,0.5755555555555556,0,0.000988310236387693,0.395531,1.4632
P45,sisyphus,1,sisyphus_s1_32.000,32.0,34.0,arousal,1,face,svm,face_geometry,10,0.5812787212787213,1,0.502117924761781,0.579026,2.729234
P45,sisyphus,1,sisyphus_s1_32.000,32.0,34.0,arousal,2,multimodal,logreg,all_eeg_plus_face,20,0.5596503496503497,1,0.5014746264618023,1.888851,1.9713629999999998
P45,sisyphus,1,sisyphus_s1_32.000,32.0,34.0,arousal,3,eeg,svm,paper_compact,10,0.5583616383616384,0,0.23366599969635818,0.497444,1.7292669999999999
P45,sisyphus,1,sisyphus_s1_32.000,32.0,34.0,valence,1,eeg,gnb,hjorth,10,0.5845833333333333,0,0.03155339077269853,0.38906,1.475431
P45,sisyphus,1,sisyphus_s1_32.000,32.0,34.0,valence,2,face,svm,face_geometry,10,0.5797222222222222,0,0.5338817328827934,0.337349,1.617234
P45,sisyphus,1,sisyphus_s1_32.000,32.0,34.0,valence,3,eeg,gnb,hjorth,8,0.5755555555555556,0,0.09433380652324606,0.38917,1.443289
P45,sisyphus,1,sisyphus_s1_33.000,33.0,35.0,arousal,1,face,svm,face_geometry,10,0.5812787212787213,1,0.5072328489233644,0.419722,1.7701479999999998
P45,sisyphus,1,sisyphus_s1_33.000,33.0,35.0,arousal,2,multimodal,logreg,all_eeg_plus_face,20,0.5596503496503497,1,0.7249336223763478,1.178842,1.886942
P45,sisyphus,1,sisyphus_s1_33.000,33.0,35.0,arousal,3,eeg,svm,paper_compact,10,0.5583616383616384,1,0.4260313073420442,0.476933,1.7189580000000002
P45,sisyphus,1,sisyphus_s1_33.000,33.0,35.0,valence,1,eeg,gnb,hjorth,10,0.5845833333333333,0,3.0387748895105298e-05,0.384581,1.4185979999999998
P45,sisyphus,1,sisyphus_s1_33.000,33.0,35.0,valence,2,face,svm,face_geometry,10,0.5797222222222222,0,0.40714303044158434,0.328789,1.5690019999999998
P45,sisyphus,1,sisyphus_s1_33.000,33.0,35.0,valence,3,eeg,gnb,hjorth,8,0.5755555555555556,0,0.0001195516029113928,0.38696,1.402608
P45,sisyphus,1,sisyphus_s1_34.000,34.0,36.0,arousal,1,face,svm,face_geometry,10,0.5812787212787213,1,0.5072098641883405,0.384791,1.807588
P45,sisyphus,1,sisyphus_s1_34.000,34.0,36.0,arousal,2,multimodal,logreg,all_eeg_plus_face,20,0.5596503496503497,1,0.6967191400683864,1.206642,1.9744140000000001
P45,sisyphus,1,sisyphus_s1_34.000,34.0,36.0,arousal,3,eeg,svm,paper_compact,10,0.5583616383616384,1,0.688764647026033,0.493613,1.743336
P45,sisyphus,1,sisyphus_s1_34.000,34.0,36.0,valence,1,eeg,gnb,hjorth,10,0.5845833333333333,0,1.9823207541100636e-23,0.390221,1.47023
P45,sisyphus,1,sisyphus_s1_34.000,34.0,36.0,valence,2,face,svm,face_geometry,10,0.5797222222222222,0,0.3947071113699869,0.337299,1.6628560000000001
P45,sisyphus,1,sisyphus_s1_34.000,34.0,36.0,valence,3,eeg,gnb,hjorth,8,0.5755555555555556,0,2.5236747758293824e-22,0.38943,1.4468189999999999
P45,sisyphus,1,sisyphus_s1_35.000,35.0,37.0,arousal,1,face,svm,face_geometry,10,0.5812787212787213,1,0.50672789968508,0.574176,2.708423
P45,sisyphus,1,sisyphus_s1_35.000,35.0,37.0,arousal,2,multimodal,logreg,all_eeg_plus_face,20,0.5596503496503497,1,0.6206700942947849,1.859,1.943393
P45,sisyphus,1,sisyphus_s1_35.000,35.0,37.0,arousal,3,eeg,svm,paper_compact,10,0.5583616383616384,1,0.49780374275418166,0.487124,1.704936
P45,sisyphus,1,sisyphus_s1_35.000,35.0,37.0,valence,1,eeg,gnb,hjorth,10,0.5845833333333333,0,5.132202999066057e-09,0.382821,1.4501490000000001
P45,sisyphus,1,sisyphus_s1_35.000,35.0,37.0,valence,2,face,svm,face_geometry,10,0.5797222222222222,0,0.4045262893735381,0.330449,1.611674
P45,sisyphus,1,sisyphus_s1_35.000,35.0,37.0,valence,3,eeg,gnb,hjorth,8,0.5755555555555556,0,2.1811975758534964e-08,0.385611,1.44388
P45,sisyphus,1,sisyphus_s1_36.000,36.0,38.0,arousal,1,face,svm,face_geometry,10,0.5812787212787213,1,0.5072781175605935,0.3792,1.794938
P45,sisyphus,1,sisyphus_s1_36.000,36.0,38.0,arousal,2,multimodal,logreg,all_eeg_plus_face,20,0.5596503496503497,1,0.5043480737018567,1.174032,1.977403
P45,sisyphus,1,sisyphus_s1_36.000,36.0,38.0,arousal,3,eeg,svm,paper_compact,10,0.5583616383616384,1,0.5356969811246945,0.490483,1.760257
P45,sisyphus,1,sisyphus_s1_36.000,36.0,38.0,valence,1,eeg,gnb,hjorth,10,0.5845833333333333,0,0.000761174294000208,0.387131,1.465429
P45,sisyphus,1,sisyphus_s1_36.000,36.0,38.0,valence,2,face,svm,face_geometry,10,0.5797222222222222,0,0.43550770785014353,0.329459,1.6016530000000002
P45,sisyphus,1,sisyphus_s1_36.000,36.0,38.0,valence,3,eeg,gnb,hjorth,8,0.5755555555555556,0,0.0012392579479903174,0.385791,1.434049
P45,sisyphus,1,sisyphus_s1_37.000,37.0,39.0,arousal,1,face,svm,face_geometry,10,0.5812787212787213,1,0.5072781175605935,0.568325,2.723454
P45,sisyphus,1,sisyphus_s1_37.000,37.0,39.0,arousal,2,multimodal,logreg,all_eeg_plus_face,20,0.5596503496503497,0,0.4866178131167705,1.391157,1.918182
P45,sisyphus,1,sisyphus_s1_37.000,37.0,39.0,arousal,3,eeg,svm,paper_compact,10,0.5583616383616384,0,0.4097436154203907,0.501323,1.7091859999999999
P45,sisyphus,1,sisyphus_s1_37.000,37.0,39.0,valence,1,eeg,gnb,hjorth,10,0.5845833333333333,0,0.1257560428848228,0.381071,1.4586590000000001
P45,sisyphus,1,sisyphus_s1_37.000,37.0,39.0,valence,2,face,svm,face_geometry,10,0.5797222222222222,0,0.4355077078500063,0.351849,1.5940940000000001
P45,sisyphus,1,sisyphus_s1_37.000,37.0,39.0,valence,3,eeg,gnb,hjorth,8,0.5755555555555556,0,0.10319260467920349,0.385791,1.438329
P45,sisyphus,1,sisyphus_s1_38.000,38.0,40.0,arousal,1,face,svm,face_geometry,10,0.5812787212787213,1,0.4973920080210338,0.562305,2.725254
P45,sisyphus,1,sisyphus_s1_38.000,38.0,40.0,arousal,2,multimodal,logreg,all_eeg_plus_face,20,0.5596503496503497,0,0.47355813335303887,1.871671,3.043534
P45,sisyphus,1,sisyphus_s1_38.000,38.0,40.0,arousal,3,eeg,svm,paper_compact,10,0.5583616383616384,0,0.3595996961234771,0.794792,2.6935729999999998
P45,sisyphus,1,sisyphus_s1_38.000,38.0,40.0,valence,1,eeg,gnb,hjorth,10,0.5845833333333333,1,0.6209291675467506,0.624157,2.285832
P45,sisyphus,1,sisyphus_s1_38.000,38.0,40.0,valence,2,face,svm,face_geometry,10,0.5797222222222222,0,0.5581395198676105,0.523544,2.240751
P45,sisyphus,1,sisyphus_s1_38.000,38.0,40.0,valence,3,eeg,gnb,hjorth,8,0.5755555555555556,1,0.5711349918669868,0.382421,1.411968
P45,sisyphus,1,sisyphus_s1_39.000,39.0,41.0,arousal,1,face,svm,face_geometry,10,0.5812787212787213,1,0.470424187240126,0.3769,1.790838
P45,sisyphus,1,sisyphus_s1_39.000,39.0,41.0,arousal,2,multimodal,logreg,all_eeg_plus_face,20,0.5596503496503497,0,0.4939525486668017,1.190972,1.954753
P45,sisyphus,1,sisyphus_s1_39.000,39.0,41.0,arousal,3,eeg,svm,paper_compact,10,0.5583616383616384,0,0.40393922483737976,0.489474,1.7678880000000001
P45,sisyphus,1,sisyphus_s1_39.000,39.0,41.0,valence,1,eeg,gnb,hjorth,10,0.5845833333333333,0,0.21154650761648375,0.38486,1.4623400000000002
P45,sisyphus,1,sisyphus_s1_39.000,39.0,41.0,valence,2,face,svm,face_geometry,10,0.5797222222222222,1,0.6471788641552184,0.331009,1.6056430000000002
P45,sisyphus,1,sisyphus_s1_39.000,39.0,41.0,valence,3,eeg,gnb,hjorth,8,0.5755555555555556,0,0.20087837331145164,0.38304,1.443019
P45,sisyphus,1,sisyphus_s1_40.000,40.0,42.0,arousal,1,face,svm,face_geometry,10,0.5812787212787213,1,0.4986499286771781,0.37726,1.798148
P45,sisyphus,1,sisyphus_s1_40.000,40.0,42.0,arousal,2,multimodal,logreg,all_eeg_plus_face,20,0.5596503496503497,0,0.4986506350983129,1.172461,1.9537029999999997
P45,sisyphus,1,sisyphus_s1_40.000,40.0,42.0,arousal,3,eeg,svm,paper_compact,10,0.5583616383616384,1,0.47717061095406693,0.489703,1.7351670000000001
P45,sisyphus,1,sisyphus_s1_40.000,40.0,42.0,valence,1,eeg,gnb,hjorth,10,0.5845833333333333,0,0.3225123037616926,0.38443,1.4671500000000002
P45,sisyphus,1,sisyphus_s1_40.000,40.0,42.0,valence,2,face,svm,face_geometry,10,0.5797222222222222,0,0.6223052826434956,0.36583,1.600163
P45,sisyphus,1,sisyphus_s1_40.000,40.0,42.0,valence,3,eeg,gnb,hjorth,8,0.5755555555555556,0,0.27762651102945196,0.38508,1.432859
P45,sisyphus,1,sisyphus_s1_41.000,41.0,43.0,arousal,1,face,svm,face_geometry,10,0.5812787212787213,1,0.49477571605961856,0.540794,1.7588679999999999
P45,sisyphus,1,sisyphus_s1_41.000,41.0,43.0,arousal,2,multimodal,logreg,all_eeg_plus_face,20,0.5596503496503497,0,0.44733791504595277,1.169252,1.945762
P45,sisyphus,1,sisyphus_s1_41.000,41.0,43.0,arousal,3,eeg,svm,paper_compact,10,0.5583616383616384,0,0.418069297170244,0.487933,1.7428270000000001
P45,sisyphus,1,sisyphus_s1_41.000,41.0,43.0,valence,1,eeg,gnb,hjorth,10,0.5845833333333333,1,0.678154857245466,0.385201,1.4583499999999998
P45,sisyphus,1,sisyphus_s1_41.000,41.0,43.0,valence,2,face,svm,face_geometry,10,0.5797222222222222,0,0.6368844025638505,0.331219,1.615954
P45,sisyphus,1,sisyphus_s1_41.000,41.0,43.0,valence,3,eeg,gnb,hjorth,8,0.5755555555555556,1,0.6894588696568567,0.38136,1.439109
P45,sisyphus,1,sisyphus_s1_42.000,42.0,44.0,arousal,1,face,svm,face_geometry,10,0.5812787212787213,1,0.4885351026029236,0.37697,1.778758
P45,sisyphus,1,sisyphus_s1_42.000,42.0,44.0,arousal,2,multimodal,logreg,all_eeg_plus_face,20,0.5596503496503497,0,0.4138192563333067,1.180731,1.946192
P45,sisyphus,1,sisyphus_s1_42.000,42.0,44.0,arousal,3,eeg,svm,paper_compact,10,0.5583616383616384,1,0.48626056746184665,0.488193,1.7383170000000001
P45,sisyphus,1,sisyphus_s1_42.000,42.0,44.0,valence,1,eeg,gnb,hjorth,10,0.5845833333333333,1,0.8527122521238059,0.382701,1.4606199999999998
P45,sisyphus,1,sisyphus_s1_42.000,42.0,44.0,valence,2,face,svm,face_geometry,10,0.5797222222222222,1,0.6618609469475311,0.331759,1.653905
P45,sisyphus,1,sisyphus_s1_42.000,42.0,44.0,valence,3,eeg,gnb,hjorth,8,0.5755555555555556,1,0.8175745889871203,0.38384,1.430199
P45,sisyphus,1,sisyphus_s1_43.000,43.0,45.0,arousal,1,face,svm,face_geometry,10,0.5812787212787213,1,0.474504796300992,0.38197,1.81775
P45,sisyphus,1,sisyphus_s1_43.000,43.0,45.0,arousal,2,multimodal,logreg,all_eeg_plus_face,20,0.5596503496503497,0,0.37441710827404073,1.207403,1.951892
P45,sisyphus,1,sisyphus_s1_43.000,43.0,45.0,arousal,3,eeg,svm,paper_compact,10,0.5583616383616384,1,0.4883799121248614,0.493063,1.733487
P45,sisyphus,1,sisyphus_s1_43.000,43.0,45.0,valence,1,eeg,gnb,hjorth,10,0.5845833333333333,1,0.6799118919632979,0.384881,1.465009
P45,sisyphus,1,sisyphus_s1_43.000,43.0,45.0,valence,2,face,svm,face_geometry,10,0.5797222222222222,1,0.6597531219117095,0.331929,1.611843
P45,sisyphus,1,sisyphus_s1_43.000,43.0,45.0,valence,3,eeg,gnb,hjorth,8,0.5755555555555556,1,0.6246943298884577,0.384061,1.4356070000000003
P45,sisyphus,1,sisyphus_s1_44.000,44.0,46.0,arousal,1,face,svm,face_geometry,10,0.5812787212787213,1,0.45252593524026974,0.818523,3.5317160000000003
P45,sisyphus,1,sisyphus_s1_44.000,44.0,46.0,arousal,2,multimodal,logreg,all_eeg_plus_face,20,0.5596503496503497,0,0.4563942978094758,2.358394,3.383741
P45,sisyphus,1,sisyphus_s1_44.000,44.0,46.0,arousal,3,eeg,svm,paper_compact,10,0.5583616383616384,1,0.4743875239810246,0.806062,2.772895
P45,sisyphus,1,sisyphus_s1_44.000,44.0,46.0,valence,1,eeg,gnb,hjorth,10,0.5845833333333333,0,0.22517497436451944,0.595166,2.284793
P45,sisyphus,1,sisyphus_s1_44.000,44.0,46.0,valence,2,face,svm,face_geometry,10,0.5797222222222222,1,0.6678165414773459,0.515714,2.5563000000000002
P45,sisyphus,1,sisyphus_s1_44.000,44.0,46.0,valence,3,eeg,gnb,hjorth,8,0.5755555555555556,0,0.17719244045246998,0.596576,2.2661510000000002
P45,sisyphus,1,sisyphus_s1_45.000,45.0,47.0,arousal,1,face,svm,face_geometry,10,0.5812787212787213,1,0.46509845129406235,0.3759,1.81323
P45,sisyphus,1,sisyphus_s1_45.000,45.0,47.0,arousal,2,multimodal,logreg,all_eeg_plus_face,20,0.5596503496503497,0,0.32995569467230607,1.175392,1.9574639999999999
P45,sisyphus,1,sisyphus_s1_45.000,45.0,47.0,arousal,3,eeg,svm,paper_compact,10,0.5583616383616384,0,0.3316837549690368,0.497263,1.716297
P45,sisyphus,1,sisyphus_s1_45.000,45.0,47.0,valence,1,eeg,gnb,hjorth,10,0.5845833333333333,1,0.7942836541473247,0.382971,1.4852089999999998
P45,sisyphus,1,sisyphus_s1_45.000,45.0,47.0,valence,2,face,svm,face_geometry,10,0.5797222222222222,1,0.6550109884795113,0.331969,1.579662
P45,sisyphus,1,sisyphus_s1_45.000,45.0,47.0,valence,3,eeg,gnb,hjorth,8,0.5755555555555556,1,0.7509283314936263,0.3821,1.45004
P45,sisyphus,1,sisyphus_s1_46.000,46.0,48.0,arousal,1,face,svm,face_geometry,10,0.5812787212787213,1,0.4958052792746256,0.567776,2.755534
P45,sisyphus,1,sisyphus_s1_46.000,46.0,48.0,arousal,2,multimodal,logreg,all_eeg_plus_face,20,0.5596503496503497,0,0.39540596609063405,1.154611,1.953573
P45,sisyphus,1,sisyphus_s1_46.000,46.0,48.0,arousal,3,eeg,svm,paper_compact,10,0.5583616383616384,0,0.337470580069104,0.487393,1.713117
P45,sisyphus,1,sisyphus_s1_46.000,46.0,48.0,valence,1,eeg,gnb,hjorth,10,0.5845833333333333,1,0.6815180582529161,0.384041,1.4816500000000001
P45,sisyphus,1,sisyphus_s1_46.000,46.0,48.0,valence,2,face,svm,face_geometry,10,0.5797222222222222,0,0.6266482486673434,0.332219,1.6059830000000002
P45,sisyphus,1,sisyphus_s1_46.000,46.0,48.0,valence,3,eeg,gnb,hjorth,8,0.5755555555555556,1,0.661819136438786,0.388181,1.5034100000000001
P45,sisyphus,1,sisyphus_s1_47.000,47.0,49.0,arousal,1,face,svm,face_geometry,10,0.5812787212787213,1,0.4960429658403741,0.36821,1.7718979999999998
P45,sisyphus,1,sisyphus_s1_47.000,47.0,49.0,arousal,2,multimodal,logreg,all_eeg_plus_face,20,0.5596503496503497,0,0.36733944367402643,1.187633,1.942173
P45,sisyphus,1,sisyphus_s1_47.000,47.0,49.0,arousal,3,eeg,svm,paper_compact,10,0.5583616383616384,0,0.3172154504449993,0.489093,1.7423279999999999
P45,sisyphus,1,sisyphus_s1_47.000,47.0,49.0,valence,1,eeg,gnb,hjorth,10,0.5845833333333333,1,0.604038205137781,0.385841,1.4569889999999999
P45,sisyphus,1,sisyphus_s1_47.000,47.0,49.0,valence,2,face,svm,face_geometry,10,0.5797222222222222,1,0.6490358954629323,0.340009,1.642885
P45,sisyphus,1,sisyphus_s1_47.000,47.0,49.0,valence,3,eeg,gnb,hjorth,8,0.5755555555555556,1,0.5550806993623528,0.384641,1.443489
P45,sisyphus,1,sisyphus_s1_48.000,48.0,50.0,arousal,1,face,svm,face_geometry,10,0.5812787212787213,1,0.5048296068983746,0.75144,2.548399
P45,sisyphus,1,sisyphus_s1_48.000,48.0,50.0,arousal,2,multimodal,logreg,all_eeg_plus_face,20,0.5596503496503497,0,0.394280294055594,1.198472,1.967493
P45,sisyphus,1,sisyphus_s1_48.000,48.0,50.0,arousal,3,eeg,svm,paper_compact,10,0.5583616383616384,0,0.4092603324842375,0.489873,1.719116
P45,sisyphus,1,sisyphus_s1_48.000,48.0,50.0,valence,1,eeg,gnb,hjorth,10,0.5845833333333333,1,0.6686582611399483,0.397961,1.468571
P45,sisyphus,1,sisyphus_s1_48.000,48.0,50.0,valence,2,face,svm,face_geometry,10,0.5797222222222222,0,0.6195786319970311,0.33248,1.5839029999999998
P45,sisyphus,1,sisyphus_s1_48.000,48.0,50.0,valence,3,eeg,gnb,hjorth,8,0.5755555555555556,1,0.6193425222110718,0.434752,1.4335579999999999
P45,sisyphus,1,sisyphus_s1_49.000,49.0,51.0,arousal,1,face,svm,face_geometry,10,0.5812787212787213,1,0.5063872140965995,0.561675,2.770466
P45,sisyphus,1,sisyphus_s1_49.000,49.0,51.0,arousal,2,multimodal,logreg,all_eeg_plus_face,20,0.5596503496503497,1,0.5781287057787833,1.808738,3.059742
P45,sisyphus,1,sisyphus_s1_49.000,49.0,51.0,arousal,3,eeg,svm,paper_compact,10,0.5583616383616384,1,0.46057421300958723,0.76385,2.7212240000000003
P45,sisyphus,1,sisyphus_s1_49.000,49.0,51.0,valence,1,eeg,gnb,hjorth,10,0.5845833333333333,0,0.0712160979981777,0.596486,2.277542
P45,sisyphus,1,sisyphus_s1_49.000,49.0,51.0,valence,2,face,svm,face_geometry,10,0.5797222222222222,0,0.5985902580121208,0.515434,2.483596
P45,sisyphus,1,sisyphus_s1_49.000,49.0,51.0,valence,3,eeg,gnb,hjorth,8,0.5755555555555556,0,0.0581553476162616,0.597956,2.232242
P45,sisyphus,1,sisyphus_s1_50.000,50.0,52.0,arousal,1,face,svm,face_geometry,10,0.5812787212787213,1,0.5053264263767249,0.37483,1.7602980000000001
P45,sisyphus,1,sisyphus_s1_50.000,50.0,52.0,arousal,2,multimodal,logreg,all_eeg_plus_face,20,0.5596503496503497,1,0.5202632612195621,1.160152,1.933343
P45,sisyphus,1,sisyphus_s1_50.000,50.0,52.0,arousal,3,eeg,svm,paper_compact,10,0.5583616383616384,0,0.40816163002722294,0.484163,1.7503279999999999
P45,sisyphus,1,sisyphus_s1_50.000,50.0,52.0,valence,1,eeg,gnb,hjorth,10,0.5845833333333333,0,0.007714736450057385,0.385031,1.4582689999999998
P45,sisyphus,1,sisyphus_s1_50.000,50.0,52.0,valence,2,face,svm,face_geometry,10,0.5797222222222222,0,0.6042930190387826,0.330429,1.664025
P45,sisyphus,1,sisyphus_s1_50.000,50.0,52.0,valence,3,eeg,gnb,hjorth,8,0.5755555555555556,0,0.006563803837869142,0.390291,1.4373989999999999
P45,sisyphus,1,sisyphus_s1_51.000,51.0,53.0,arousal,1,face,svm,face_geometry,10,0.5812787212787213,1,0.5066196365497081,0.584385,2.677823
P45,sisyphus,1,sisyphus_s1_51.000,51.0,53.0,arousal,2,multimodal,logreg,all_eeg_plus_face,20,0.5596503496503497,0,0.2908700030421341,1.898222,3.011622
P45,sisyphus,1,sisyphus_s1_51.000,51.0,53.0,arousal,3,eeg,svm,paper_compact,10,0.5583616383616384,0,0.290948819837293,0.790611,2.648172
P45,sisyphus,1,sisyphus_s1_51.000,51.0,53.0,valence,1,eeg,gnb,hjorth,10,0.5845833333333333,0,0.3440345860290104,0.620247,2.675001
P45,sisyphus,1,sisyphus_s1_51.000,51.0,53.0,valence,2,face,svm,face_geometry,10,0.5797222222222222,0,0.5058937033043188,0.652758,2.2408
P45,sisyphus,1,sisyphus_s1_51.000,51.0,53.0,valence,3,eeg,gnb,hjorth,8,0.5755555555555556,0,0.28729281730915984,0.3705,1.390868
P45,sisyphus,1,sisyphus_s1_52.000,52.0,54.0,arousal,1,face,svm,face_geometry,10,0.5812787212787213,1,0.5072635157205373,0.599706,2.693953
P45,sisyphus,1,sisyphus_s1_52.000,52.0,54.0,arousal,2,multimodal,logreg,all_eeg_plus_face,20,0.5596503496503497,0,0.3968612178541406,1.85342,3.038874
P45,sisyphus,1,sisyphus_s1_52.000,52.0,54.0,arousal,3,eeg,svm,paper_compact,10,0.5583616383616384,0,0.37563951052457145,0.763721,2.688142
P45,sisyphus,1,sisyphus_s1_52.000,52.0,54.0,valence,1,eeg,gnb,hjorth,10,0.5845833333333333,1,0.7769952056230006,0.644677,2.273581
P45,sisyphus,1,sisyphus_s1_52.000,52.0,54.0,valence,2,face,svm,face_geometry,10,0.5797222222222222,0,0.421030675263962,0.515144,2.491207
P45,sisyphus,1,sisyphus_s1_52.000,52.0,54.0,valence,3,eeg,gnb,hjorth,8,0.5755555555555556,1,0.7171041582565089,0.599196,2.2928930000000003
P45,sisyphus,1,sisyphus_s1_53.000,53.0,55.0,arousal,1,face,svm,face_geometry,10,0.5812787212787213,1,0.5072575637330979,0.365689,1.754407
P45,sisyphus,1,sisyphus_s1_53.000,53.0,55.0,arousal,2,multimodal,logreg,all_eeg_plus_face,20,0.5596503496503497,0,0.37730632154669214,1.169642,1.880031
P45,sisyphus,1,sisyphus_s1_53.000,53.0,55.0,arousal,3,eeg,svm,paper_compact,10,0.5583616383616384,0,0.36509963438665655,0.484593,1.687516
P45,sisyphus,1,sisyphus_s1_53.000,53.0,55.0,valence,1,eeg,gnb,hjorth,10,0.5845833333333333,1,0.889547586994901,0.37322,1.4267180000000002
P45,sisyphus,1,sisyphus_s1_53.000,53.0,55.0,valence,2,face,svm,face_geometry,10,0.5797222222222222,0,0.4422487950123285,0.323059,1.574643
P45,sisyphus,1,sisyphus_s1_53.000,53.0,55.0,valence,3,eeg,gnb,hjorth,8,0.5755555555555556,1,0.8697350049063023,0.373921,1.403798
P45,sisyphus,1,sisyphus_s1_54.000,54.0,56.0,arousal,1,face,svm,face_geometry,10,0.5812787212787213,1,0.5072775331653637,0.567225,2.741934
P45,sisyphus,1,sisyphus_s1_54.000,54.0,56.0,arousal,2,multimodal,logreg,all_eeg_plus_face,20,0.5596503496503497,0,0.41272916239380536,1.8456,3.067213
P45,sisyphus,1,sisyphus_s1_54.000,54.0,56.0,arousal,3,eeg,svm,paper_compact,10,0.5583616383616384,0,0.38597182862525115,0.782812,2.699004
P45,sisyphus,1,sisyphus_s1_54.000,54.0,56.0,valence,1,eeg,gnb,hjorth,10,0.5845833333333333,0,0.4698565850762344,0.598816,2.048226
P45,sisyphus,1,sisyphus_s1_54.000,54.0,56.0,valence,2,face,svm,face_geometry,10,0.5797222222222222,0,0.421958024379938,0.320938,1.552142
P45,sisyphus,1,sisyphus_s1_54.000,54.0,56.0,valence,3,eeg,gnb,hjorth,8,0.5755555555555556,0,0.4067755643826628,0.393851,1.4247880000000002
P45,sisyphus,1,sisyphus_s1_55.000,55.0,57.0,arousal,1,face,svm,face_geometry,10,0.5812787212787213,1,0.5072747296530162,0.569156,2.718383
P45,sisyphus,1,sisyphus_s1_55.000,55.0,57.0,arousal,2,multimodal,logreg,all_eeg_plus_face,20,0.5596503496503497,0,0.4204948480824297,1.778008,1.905612
P45,sisyphus,1,sisyphus_s1_55.000,55.0,57.0,arousal,3,eeg,svm,paper_compact,10,0.5583616383616384,1,0.5504714857256451,0.474583,1.726396
P45,sisyphus,1,sisyphus_s1_55.000,55.0,57.0,valence,1,eeg,gnb,hjorth,10,0.5845833333333333,0,0.00247299516239617,0.38224,1.4625899999999998
P45,sisyphus,1,sisyphus_s1_55.000,55.0,57.0,valence,2,face,svm,face_geometry,10,0.5797222222222222,0,0.41775418821124266,0.329318,1.6196450000000002
P45,sisyphus,1,sisyphus_s1_55.000,55.0,57.0,valence,3,eeg,gnb,hjorth,8,0.5755555555555556,0,0.002821027804989752,0.3853,1.4500499999999998
P45,sisyphus,1,sisyphus_s1_56.000,56.0,58.0,arousal,1,face,svm,face_geometry,10,0.5812787212787213,1,0.5072705126406941,0.74565,2.7976460000000003
P45,sisyphus,1,sisyphus_s1_56.000,56.0,58.0,arousal,2,multimodal,logreg,all_eeg_plus_face,20,0.5596503496503497,1,0.5348234822008636,1.184682,1.9555129999999998
P45,sisyphus,1,sisyphus_s1_56.000,56.0,58.0,arousal,3,eeg,svm,paper_compact,10,0.5583616383616384,1,0.4308049181307623,0.480153,1.7352469999999998
P45,sisyphus,1,sisyphus_s1_56.000,56.0,58.0,valence,1,eeg,gnb,hjorth,10,0.5845833333333333,0,0.09629327961258638,0.38147,1.530842
P45,sisyphus,1,sisyphus_s1_56.000,56.0,58.0,valence,2,face,svm,face_geometry,10,0.5797222222222222,0,0.42389053916860536,0.331839,1.6120039999999998
P45,sisyphus,1,sisyphus_s1_56.000,56.0,58.0,valence,3,eeg,gnb,hjorth,8,0.5755555555555556,0,0.0856844177059724,0.38361,1.48469
P45,sisyphus,1,sisyphus_s1_57.000,57.0,59.0,arousal,1,face,svm,face_geometry,10,0.5812787212787213,1,0.5071819765114348,0.563305,2.710184
P45,sisyphus,1,sisyphus_s1_57.000,57.0,59.0,arousal,2,multimodal,logreg,all_eeg_plus_face,20,0.5596503496503497,0,0.4413598007403038,1.80977,2.621761
P45,sisyphus,1,sisyphus_s1_57.000,57.0,59.0,arousal,3,eeg,svm,paper_compact,10,0.5583616383616384,0,0.31249091282380737,0.474323,1.700306
P45,sisyphus,1,sisyphus_s1_57.000,57.0,59.0,valence,1,eeg,gnb,hjorth,10,0.5845833333333333,0,0.0031502948631310164,0.38554,1.46829
P45,sisyphus,1,sisyphus_s1_57.000,57.0,59.0,valence,2,face,svm,face_geometry,10,0.5797222222222222,0,0.40434699413594594,0.329839,1.6094840000000001
P45,sisyphus,1,sisyphus_s1_57.000,57.0,59.0,valence,3,eeg,gnb,hjorth,8,0.5755555555555556,0,0.0030122882686313564,0.38566,1.432899
P45,sisyphus,1,sisyphus_s1_58.000,58.0,60.0,arousal,1,face,svm,face_geometry,10,0.5812787212787213,1,0.5018828356389087,0.780961,3.387022
P45,sisyphus,1,sisyphus_s1_58.000,58.0,60.0,arousal,2,multimodal,logreg,all_eeg_plus_face,20,0.5596503496503497,0,0.4805294243051789,1.208043,1.956084
P45,sisyphus,1,sisyphus_s1_58.000,58.0,60.0,arousal,3,eeg,svm,paper_compact,10,0.5583616383616384,0,0.4035404627432082,0.488093,1.715976
P45,sisyphus,1,sisyphus_s1_58.000,58.0,60.0,valence,1,eeg,gnb,hjorth,10,0.5845833333333333,0,0.08161093774152105,0.3816,1.46854
P45,sisyphus,1,sisyphus_s1_58.000,58.0,60.0,valence,2,face,svm,face_geometry,10,0.5797222222222222,0,0.497686482022672,0.330379,1.5876130000000002
P45,sisyphus,1,sisyphus_s1_58.000,58.0,60.0,valence,3,eeg,gnb,hjorth,8,0.5755555555555556,0,0.11563487440189701,0.383781,1.508341
P45,sisyphus,1,sisyphus_s1_59.000,59.0,61.0,arousal,1,face,svm,face_geometry,10,0.5812787212787213,1,0.49998850239615994,0.73035,3.255368
P45,sisyphus,1,sisyphus_s1_59.000,59.0,61.0,arousal,2,multimodal,logreg,all_eeg_plus_face,20,0.5596503496503497,0,0.4620940935087519,1.164121,1.9562130000000002
P45,sisyphus,1,sisyphus_s1_59.000,59.0,61.0,arousal,3,eeg,svm,paper_compact,10,0.5583616383616384,1,0.49269743730368926,0.487703,1.7075559999999999
P45,sisyphus,1,sisyphus_s1_59.000,59.0,61.0,valence,1,eeg,gnb,hjorth,10,0.5845833333333333,0,0.2782078954632592,0.38741,1.46888
P45,sisyphus,1,sisyphus_s1_59.000,59.0,61.0,valence,2,face,svm,face_geometry,10,0.5797222222222222,0,0.5698696922540886,0.330849,1.574992
P45,sisyphus,1,sisyphus_s1_59.000,59.0,61.0,valence,3,eeg,gnb,hjorth,8,0.5755555555555556,0,0.26866393068866745,0.38276,1.4622000000000002
P45,sisyphus,1,sisyphus_s1_60.000,60.0,62.0,arousal,1,face,svm,face_geometry,10,0.5812787212787213,1,0.5066522468626743,0.786901,2.2895830000000004
P45,sisyphus,1,sisyphus_s1_60.000,60.0,62.0,arousal,2,multimodal,logreg,all_eeg_plus_face,20,0.5596503496503497,0,0.466531691643132,1.177552,1.947313
P45,sisyphus,1,sisyphus_s1_60.000,60.0,62.0,arousal,3,eeg,svm,paper_compact,10,0.5583616383616384,1,0.5011162029727816,0.494964,1.7282060000000001
P45,sisyphus,1,sisyphus_s1_60.000,60.0,62.0,valence,1,eeg,gnb,hjorth,10,0.5845833333333333,0,0.2647385723800961,0.38564,1.4605489999999999
P45,sisyphus,1,sisyphus_s1_60.000,60.0,62.0,valence,2,face,svm,face_geometry,10,0.5797222222222222,0,0.4918769908880068,0.336299,1.5840429999999999
P45,sisyphus,1,sisyphus_s1_60.000,60.0,62.0,valence,3,eeg,gnb,hjorth,8,0.5755555555555556,0,0.22064965861931535,0.39115,1.446188
P45,sisyphus,1,sisyphus_s1_61.000,61.0,63.0,arousal,1,face,svm,face_geometry,10,0.5812787212787213,1,0.5072304301404734,0.37626,1.7934990000000002
P45,sisyphus,1,sisyphus_s1_61.000,61.0,63.0,arousal,2,multimodal,logreg,all_eeg_plus_face,20,0.5596503496503497,1,0.5433823102117624,1.161202,1.946753
P45,sisyphus,1,sisyphus_s1_61.000,61.0,63.0,arousal,3,eeg,svm,paper_compact,10,0.5583616383616384,1,0.45979855760733473,0.503144,1.722356
P45,sisyphus,1,sisyphus_s1_61.000,61.0,63.0,valence,1,eeg,gnb,hjorth,10,0.5845833333333333,0,0.013003927066705912,0.3845,1.46208
P45,sisyphus,1,sisyphus_s1_61.000,61.0,63.0,valence,2,face,svm,face_geometry,10,0.5797222222222222,0,0.4522373100523707,0.36505,1.591313
P45,sisyphus,1,sisyphus_s1_61.000,61.0,63.0,valence,3,eeg,gnb,hjorth,8,0.5755555555555556,0,0.012385199388973898,0.382071,1.443769
P45,sisyphus,1,sisyphus_s1_62.000,62.0,64.0,arousal,1,face,svm,face_geometry,10,0.5812787212787213,1,0.5069885258386515,0.37184,1.789629
P45,sisyphus,1,sisyphus_s1_62.000,62.0,64.0,arousal,2,multimodal,logreg,all_eeg_plus_face,20,0.5596503496503497,0,0.4436093612361031,1.163302,1.9733239999999999
P45,sisyphus,1,sisyphus_s1_62.000,62.0,64.0,arousal,3,eeg,svm,paper_compact,10,0.5583616383616384,1,0.44805312377547285,0.593906,2.681803
P45,sisyphus,1,sisyphus_s1_62.000,62.0,64.0,valence,1,eeg,gnb,hjorth,10,0.5845833333333333,0,0.0034893928691082585,0.593926,2.25619
P45,sisyphus,1,sisyphus_s1_62.000,62.0,64.0,valence,2,face,svm,face_geometry,10,0.5797222222222222,0,0.5568939727933505,0.513564,2.523428
P45,sisyphus,1,sisyphus_s1_62.000,62.0,64.0,valence,3,eeg,gnb,hjorth,8,0.5755555555555556,0,0.004098304471175468,0.593256,2.254291
P45,sisyphus,1,sisyphus_s1_63.000,63.0,65.0,arousal,1,face,svm,face_geometry,10,0.5812787212787213,1,0.5069753936060194,0.554015,2.648622
P45,sisyphus,1,sisyphus_s1_63.000,63.0,65.0,arousal,2,multimodal,logreg,all_eeg_plus_face,20,0.5596503496503497,0,0.35095925461334065,1.82861,1.901602
P45,sisyphus,1,sisyphus_s1_63.000,63.0,65.0,arousal,3,eeg,svm,paper_compact,10,0.5583616383616384,0,0.3324740291460995,0.476773,1.719316
P45,sisyphus,1,sisyphus_s1_63.000,63.0,65.0,valence,1,eeg,gnb,hjorth,10,0.5845833333333333,1,0.721440142265369,0.38045,1.45522
P45,sisyphus,1,sisyphus_s1_63.000,63.0,65.0,valence,2,face,svm,face_geometry,10,0.5797222222222222,0,0.5889912456341173,0.334769,1.5753720000000002
P45,sisyphus,1,sisyphus_s1_63.000,63.0,65.0,valence,3,eeg,gnb,hjorth,8,0.5755555555555556,1,0.7403760293568035,0.38104,1.449279
P45,sisyphus,1,sisyphus_s1_64.000,64.0,66.0,arousal,1,face,svm,face_geometry,10,0.5812787212787213,1,0.5070158791095285,0.37158,1.781028
P45,sisyphus,1,sisyphus_s1_64.000,64.0,66.0,arousal,2,multimodal,logreg,all_eeg_plus_face,20,0.5596503496503497,0,0.36131999811887733,1.194332,1.9363229999999998
P45,sisyphus,1,sisyphus_s1_64.000,64.0,66.0,arousal,3,eeg,svm,paper_compact,10,0.5583616383616384,0,0.26602453472976195,0.496924,1.760498
P45,sisyphus,1,sisyphus_s1_64.000,64.0,66.0,valence,1,eeg,gnb,hjorth,10,0.5845833333333333,1,0.7217933115744157,0.383321,1.47403
P45,sisyphus,1,sisyphus_s1_64.000,64.0,66.0,valence,2,face,svm,face_geometry,10,0.5797222222222222,0,0.6085669031016706,0.330209,1.660535
P45,sisyphus,1,sisyphus_s1_64.000,64.0,66.0,valence,3,eeg,gnb,hjorth,8,0.5755555555555556,1,0.6816267211470675,0.38311,1.434749
P45,sisyphus,1,sisyphus_s1_65.000,65.0,67.0,arousal,1,face,svm,face_geometry,10,0.5812787212787213,1,0.5073985940243676,0.565035,2.757155
P45,sisyphus,1,sisyphus_s1_65.000,65.0,67.0,arousal,2,multimodal,logreg,all_eeg_plus_face,20,0.5596503496503497,0,0.3209813746518464,1.412708,1.921742
P45,sisyphus,1,sisyphus_s1_65.000,65.0,67.0,arousal,3,eeg,svm,paper_compact,10,0.5583616383616384,0,0.30934692711055756,0.490304,1.7066270000000001
P45,sisyphus,1,sisyphus_s1_65.000,65.0,67.0,valence,1,eeg,gnb,hjorth,10,0.5845833333333333,1,0.7227397801416859,0.381891,1.46835
P45,sisyphus,1,sisyphus_s1_65.000,65.0,67.0,valence,2,face,svm,face_geometry,10,0.5797222222222222,0,0.6083090429837649,0.329859,1.584753
P45,sisyphus,1,sisyphus_s1_65.000,65.0,67.0,valence,3,eeg,gnb,hjorth,8,0.5755555555555556,1,0.6591263409196781,0.382811,1.48652
P45,sisyphus,1,sisyphus_s1_66.000,66.0,68.0,arousal,1,face,svm,face_geometry,10,0.5812787212787213,1,0.5062043679349084,0.512644,1.781737
P45,sisyphus,1,sisyphus_s1_66.000,66.0,68.0,arousal,2,multimodal,logreg,all_eeg_plus_face,20,0.5596503496503497,1,0.5148485183788929,1.206913,1.980953
P45,sisyphus,1,sisyphus_s1_66.000,66.0,68.0,arousal,3,eeg,svm,paper_compact,10,0.5583616383616384,1,0.5251214047509032,0.488773,1.763828
P45,sisyphus,1,sisyphus_s1_66.000,66.0,68.0,valence,1,eeg,gnb,hjorth,10,0.5845833333333333,0,0.22861059422255312,0.384621,1.497241
P45,sisyphus,1,sisyphus_s1_66.000,66.0,68.0,valence,2,face,svm,face_geometry,10,0.5797222222222222,0,0.6083415582281726,0.330939,1.6275940000000002
P45,sisyphus,1,sisyphus_s1_66.000,66.0,68.0,valence,3,eeg,gnb,hjorth,8,0.5755555555555556,0,0.25371424409021454,0.38489,1.4682700000000002
P45,sisyphus,1,sisyphus_s1_67.000,67.0,69.0,arousal,1,face,svm,face_geometry,10,0.5812787212787213,1,0.5060551562298853,0.559396,2.676443
P45,sisyphus,1,sisyphus_s1_67.000,67.0,69.0,arousal,2,multimodal,logreg,all_eeg_plus_face,20,0.5596503496503497,1,0.5777352306960011,1.594973,1.924282
P45,sisyphus,1,sisyphus_s1_67.000,67.0,69.0,arousal,3,eeg,svm,paper_compact,10,0.5583616383616384,1,0.6155391408282075,0.521054,1.7226460000000001
P45,sisyphus,1,sisyphus_s1_67.000,67.0,69.0,valence,1,eeg,gnb,hjorth,10,0.5845833333333333,0,0.015628255437535352,0.38139,1.510481
P45,sisyphus,1,sisyphus_s1_67.000,67.0,69.0,valence,2,face,svm,face_geometry,10,0.5797222222222222,0,0.6248798333838808,0.332479,1.594293
P45,sisyphus,1,sisyphus_s1_67.000,67.0,69.0,valence,3,eeg,gnb,hjorth,8,0.5755555555555556,0,0.012191284721040824,0.38668,1.47315
P45,sisyphus,1,sisyphus_s1_68.000,68.0,70.0,arousal,1,face,svm,face_geometry,10,0.5812787212787213,1,0.5053907341063627,0.557535,2.502987
P45,sisyphus,1,sisyphus_s1_68.000,68.0,70.0,arousal,2,multimodal,logreg,all_eeg_plus_face,20,0.5596503496503497,1,0.5952333879387421,1.143561,1.926622
P45,sisyphus,1,sisyphus_s1_68.000,68.0,70.0,arousal,3,eeg,svm,paper_compact,10,0.5583616383616384,1,0.5624120052662279,0.489443,1.7325780000000002
P45,sisyphus,1,sisyphus_s1_68.000,68.0,70.0,valence,1,eeg,gnb,hjorth,10,0.5845833333333333,0,0.018686477688453888,0.38205,1.506761
P45,sisyphus,1,sisyphus_s1_68.000,68.0,70.0,valence,2,face,svm,face_geometry,10,0.5797222222222222,0,0.6182488464175059,0.329159,1.612434
P45,sisyphus,1,sisyphus_s1_68.000,68.0,70.0,valence,3,eeg,gnb,hjorth,8,0.5755555555555556,0,0.014091980639395348,0.408461,1.4551200000000002
P45,sisyphus,1,sisyphus_s1_69.000,69.0,71.0,arousal,1,face,svm,face_geometry,10,0.5812787212787213,1,0.5037502884805665,0.557375,2.688162
P45,sisyphus,1,sisyphus_s1_69.000,69.0,71.0,arousal,2,multimodal,logreg,all_eeg_plus_face,20,0.5596503496503497,1,0.6477080744786468,1.81326,3.093084
P45,sisyphus,1,sisyphus_s1_69.000,69.0,71.0,arousal,3,eeg,svm,paper_compact,10,0.5583616383616384,1,0.4589529017841373,0.760811,1.979063
P45,sisyphus,1,sisyphus_s1_69.000,69.0,71.0,valence,1,eeg,gnb,hjorth,10,0.5845833333333333,0,0.004900947595123575,0.38217,1.426469
P45,sisyphus,1,sisyphus_s1_69.000,69.0,71.0,valence,2,face,svm,face_geometry,10,0.5797222222222222,0,0.611468187366641,0.34126,1.575732
P45,sisyphus,1,sisyphus_s1_69.000,69.0,71.0,valence,3,eeg,gnb,hjorth,8,0.5755555555555556,0,0.0044664442389552245,0.38716,1.438879
P45,sisyphus,1,sisyphus_s1_70.000,70.0,72.0,arousal,1,face,svm,face_geometry,10,0.5812787212787213,1,0.5061416441079879,0.36925,1.786049
P45,sisyphus,1,sisyphus_s1_70.000,70.0,72.0,arousal,2,multimodal,logreg,all_eeg_plus_face,20,0.5596503496503497,1,0.5133178150303866,1.202753,1.944082
P45,sisyphus,1,sisyphus_s1_70.000,70.0,72.0,arousal,3,eeg,svm,paper_compact,10,0.5583616383616384,1,0.4611222957962151,0.488793,2.393265
P45,sisyphus,1,sisyphus_s1_70.000,70.0,72.0,valence,1,eeg,gnb,hjorth,10,0.5845833333333333,0,0.0056562274291586095,0.598516,2.279851
P45,sisyphus,1,sisyphus_s1_70.000,70.0,72.0,valence,2,face,svm,face_geometry,10,0.5797222222222222,0,0.4664379524943714,0.514014,2.502938
P45,sisyphus,1,sisyphus_s1_70.000,70.0,72.0,valence,3,eeg,gnb,hjorth,8,0.5755555555555556,0,0.007867613031899702,0.598896,2.236601
P45,sisyphus,1,sisyphus_s1_71.000,71.0,73.0,arousal,1,face,svm,face_geometry,10,0.5812787212787213,1,0.5071542690113583,0.564305,2.686783
P45,sisyphus,1,sisyphus_s1_71.000,71.0,73.0,arousal,2,multimodal,logreg,all_eeg_plus_face,20,0.5596503496503497,1,0.5306243544230679,1.495481,1.915153
P45,sisyphus,1,sisyphus_s1_71.000,71.0,73.0,arousal,3,eeg,svm,paper_compact,10,0.5583616383616384,0,0.38576192142140614,0.487424,1.729127
P45,sisyphus,1,sisyphus_s1_71.000,71.0,73.0,valence,1,eeg,gnb,hjorth,10,0.5845833333333333,0,0.36835551508221986,0.379241,1.453149
P45,sisyphus,1,sisyphus_s1_71.000,71.0,73.0,valence,2,face,svm,face_geometry,10,0.5797222222222222,0,0.3684881377408451,0.328648,1.6109339999999999
P45,sisyphus,1,sisyphus_s1_71.000,71.0,73.0,valence,3,eeg,gnb,hjorth,8,0.5755555555555556,0,0.356802825187923,0.38232,1.433589
P45,sisyphus,1,sisyphus_s1_72.000,72.0,74.0,arousal,1,face,svm,face_geometry,10,0.5812787212787213,1,0.5072555908619513,0.37039,1.7760979999999997
P45,sisyphus,1,sisyphus_s1_72.000,72.0,74.0,arousal,2,multimodal,logreg,all_eeg_plus_face,20,0.5596503496503497,0,0.45077608927889484,1.184282,1.9649539999999999
P45,sisyphus,1,sisyphus_s1_72.000,72.0,74.0,arousal,3,eeg,svm,paper_compact,10,0.5583616383616384,0,0.317944781726415,0.489374,1.759157
P45,sisyphus,1,sisyphus_s1_72.000,72.0,74.0,valence,1,eeg,gnb,hjorth,10,0.5845833333333333,0,0.027709460732316085,0.38444,1.4765199999999998
P45,sisyphus,1,sisyphus_s1_72.000,72.0,74.0,valence,2,face,svm,face_geometry,10,0.5797222222222222,0,0.44866935773279243,0.332199,1.631064
P45,sisyphus,1,sisyphus_s1_72.000,72.0,74.0,valence,3,eeg,gnb,hjorth,8,0.5755555555555556,0,0.020933545335378,0.3853,1.4462089999999999
P45,sisyphus,1,sisyphus_s1_73.000,73.0,75.0,arousal,1,face,svm,face_geometry,10,0.5812787212787213,1,0.5072333259811456,0.855773,3.409752
P45,sisyphus,1,sisyphus_s1_73.000,73.0,75.0,arousal,2,multimodal,logreg,all_eeg_plus_face,20,0.5596503496503497,0,0.42009106220437714,1.777918,1.931352
P45,sisyphus,1,sisyphus_s1_73.000,73.0,75.0,arousal,3,eeg,svm,paper_compact,10,0.5583616383616384,0,0.3877710385419143,0.482483,1.726007
P45,sisyphus,1,sisyphus_s1_73.000,73.0,75.0,valence,1,eeg,gnb,hjorth,10,0.5845833333333333,0,0.3103823770960834,0.38265,1.45566
P45,sisyphus,1,sisyphus_s1_73.000,73.0,75.0,valence,2,face,svm,face_geometry,10,0.5797222222222222,0,0.5123924539268724,0.330569,1.595633
P45,sisyphus,1,sisyphus_s1_73.000,73.0,75.0,valence,3,eeg,gnb,hjorth,8,0.5755555555555556,0,0.2552396018889872,0.38397,1.436029
P45,sisyphus,1,sisyphus_s1_74.000,74.0,76.0,arousal,1,face,svm,face_geometry,10,0.5812787212787213,1,0.5073130668996076,0.564195,2.7148839999999996
P45,sisyphus,1,sisyphus_s1_74.000,74.0,76.0,arousal,2,multimodal,logreg,all_eeg_plus_face,20,0.5596503496503497,0,0.44797719179307427,1.814279,3.067964
P45,sisyphus,1,sisyphus_s1_74.000,74.0,76.0,arousal,3,eeg,svm,paper_compact,10,0.5583616383616384,0,0.4144193366229348,0.759641,2.176799
P45,sisyphus,1,sisyphus_s1_74.000,74.0,76.0,valence,1,eeg,gnb,hjorth,10,0.5845833333333333,0,0.1036846003256432,0.37353,1.426017
P45,sisyphus,1,sisyphus_s1_74.000,74.0,76.0,valence,2,face,svm,face_geometry,10,0.5797222222222222,0,0.5289064374282593,0.325289,1.594403
P45,sisyphus,1,sisyphus_s1_74.000,74.0,76.0,valence,3,eeg,gnb,hjorth,8,0.5755555555555556,0,0.08681888348023961,0.38034,1.422968
P45,sisyphus,1,sisyphus_s1_75.000,75.0,77.0,arousal,1,face,svm,face_geometry,10,0.5812787212787213,1,0.5072921617690587,0.36468,1.761347
P45,sisyphus,1,sisyphus_s1_75.000,75.0,77.0,arousal,2,multimodal,logreg,all_eeg_plus_face,20,0.5596503496503497,0,0.37851398428336674,1.182982,1.919543
P45,sisyphus,1,sisyphus_s1_75.000,75.0,77.0,arousal,3,eeg,svm,paper_compact,10,0.5583616383616384,0,0.31040213561528496,0.480034,1.736987
P45,sisyphus,1,sisyphus_s1_75.000,75.0,77.0,valence,1,eeg,gnb,hjorth,10,0.5845833333333333,1,0.6317170711519501,0.37657,1.431699
P45,sisyphus,1,sisyphus_s1_75.000,75.0,77.0,valence,2,face,svm,face_geometry,10,0.5797222222222222,0,0.506647293944083,0.323259,1.565132
P45,sisyphus,1,sisyphus_s1_75.000,75.0,77.0,valence,3,eeg,gnb,hjorth,8,0.5755555555555556,1,0.6100753436245858,0.37406,1.406658
P45,sisyphus,1,sisyphus_s1_76.000,76.0,78.0,arousal,1,face,svm,face_geometry,10,0.5812787212787213,1,0.5072875540485312,0.3774,1.764368
P45,sisyphus,1,sisyphus_s1_76.000,76.0,78.0,arousal,2,multimodal,logreg,all_eeg_plus_face,20,0.5596503496503497,0,0.321983897957882,1.197922,1.948512
P45,sisyphus,1,sisyphus_s1_76.000,76.0,78.0,arousal,3,eeg,svm,paper_compact,10,0.5583616383616384,0,0.28013973552859145,0.486523,1.736037
P45,sisyphus,1,sisyphus_s1_76.000,76.0,78.0,valence,1,eeg,gnb,hjorth,10,0.5845833333333333,0,0.3959097910715792,0.38259,1.45485
P45,sisyphus,1,sisyphus_s1_76.000,76.0,78.0,valence,2,face,svm,face_geometry,10,0.5797222222222222,0,0.5106186718865927,0.329959,1.6027840000000002
P45,sisyphus,1,sisyphus_s1_76.000,76.0,78.0,valence,3,eeg,gnb,hjorth,8,0.5755555555555556,0,0.44236953012506985,0.38209,1.430959
P45,sisyphus,1,sisyphus_s1_77.000,77.0,79.0,arousal,1,face,svm,face_geometry,10,0.5812787212787213,1,0.5072781101813179,0.569905,2.821878
P45,sisyphus,1,sisyphus_s1_77.000,77.0,79.0,arousal,2,multimodal,logreg,all_eeg_plus_face,20,0.5596503496503497,0,0.38823129582532195,1.897102,3.043282
P45,sisyphus,1,sisyphus_s1_77.000,77.0,79.0,arousal,3,eeg,svm,paper_compact,10,0.5583616383616384,0,0.31845624231300224,0.796562,2.702273
P45,sisyphus,1,sisyphus_s1_77.000,77.0,79.0,valence,1,eeg,gnb,hjorth,10,0.5845833333333333,0,0.03810795232690494,0.695349,2.282632
P45,sisyphus,1,sisyphus_s1_77.000,77.0,79.0,valence,2,face,svm,face_geometry,10,0.5797222222222222,0,0.46065031570338427,0.517124,2.528909
P45,sisyphus,1,sisyphus_s1_77.000,77.0,79.0,valence,3,eeg,gnb,hjorth,8,0.5755555555555556,0,0.029598021026100086,0.602116,2.418346
P45,sisyphus,1,sisyphus_s1_78.000,78.0,80.0,arousal,1,face,svm,face_geometry,10,0.5812787212787213,1,0.5072781172266332,0.380541,1.86153
P45,sisyphus,1,sisyphus_s1_78.000,78.0,80.0,arousal,2,multimodal,logreg,all_eeg_plus_face,20,0.5596503496503497,1,0.7208207783867184,1.179142,1.9798829999999998
P45,sisyphus,1,sisyphus_s1_78.000,78.0,80.0,arousal,3,eeg,svm,paper_compact,10,0.5583616383616384,1,0.48710896935147496,0.496764,1.722136
P45,sisyphus,1,sisyphus_s1_78.000,78.0,80.0,valence,1,eeg,gnb,hjorth,10,0.5845833333333333,0,2.5554430584362385e-15,0.38574,1.965684
P45,sisyphus,1,sisyphus_s1_78.000,78.0,80.0,valence,2,face,svm,face_geometry,10,0.5797222222222222,0,0.4245512206451827,0.512334,2.477307
P45,sisyphus,1,sisyphus_s1_78.000,78.0,80.0,valence,3,eeg,gnb,hjorth,8,0.5755555555555556,0,3.2011576826185774e-15,0.600387,2.2352410000000003
P45,sisyphus,1,sisyphus_s1_79.000,79.0,81.0,arousal,1,face,svm,face_geometry,10,0.5812787212787213,1,0.507044302898475,0.36382,1.7636070000000001
P45,sisyphus,1,sisyphus_s1_79.000,79.0,81.0,arousal,2,multimodal,logreg,all_eeg_plus_face,20,0.5596503496503497,1,0.6649980354020212,1.146841,1.8925509999999999
P45,sisyphus,1,sisyphus_s1_79.000,79.0,81.0,arousal,3,eeg,svm,paper_compact,10,0.5583616383616384,1,0.5846371421341293,0.483913,1.689066
P45,sisyphus,1,sisyphus_s1_79.000,79.0,81.0,valence,1,eeg,gnb,hjorth,10,0.5845833333333333,0,5.0563046553824526e-51,0.37099,1.430668
P45,sisyphus,1,sisyphus_s1_79.000,79.0,81.0,valence,2,face,svm,face_geometry,10,0.5797222222222222,0,0.4476196797412543,0.342019,1.555372
P45,sisyphus,1,sisyphus_s1_79.000,79.0,81.0,valence,3,eeg,gnb,hjorth,8,0.5755555555555556,0,3.9746676859027106e-51,0.37406,1.405028
P45,sisyphus,1,sisyphus_s1_80.000,80.0,82.0,arousal,1,face,svm,face_geometry,10,0.5812787212787213,1,0.5060715935345703,0.563045,2.729704
P45,sisyphus,1,sisyphus_s1_80.000,80.0,82.0,arousal,2,multimodal,logreg,all_eeg_plus_face,20,0.5596503496503497,1,0.5544346132028143,1.79778,3.044583
P45,sisyphus,1,sisyphus_s1_80.000,80.0,82.0,arousal,3,eeg,svm,paper_compact,10,0.5583616383616384,1,0.5729628329404172,0.759541,2.702483
P45,sisyphus,1,sisyphus_s1_80.000,80.0,82.0,valence,1,eeg,gnb,hjorth,10,0.5845833333333333,0,0.016289166195237882,0.598676,2.3179320000000003
P45,sisyphus,1,sisyphus_s1_80.000,80.0,82.0,valence,2,face,svm,face_geometry,10,0.5797222222222222,0,0.5028354823492912,0.389351,1.515911
P45,sisyphus,1,sisyphus_s1_80.000,80.0,82.0,valence,3,eeg,gnb,hjorth,8,0.5755555555555556,0,0.013592097579334,0.36588,1.3840469999999998
P45,sisyphus,1,sisyphus_s1_81.000,81.0,83.0,arousal,1,face,svm,face_geometry,10,0.5812787212787213,1,0.5024833761826999,0.589476,2.687562
P45,sisyphus,1,sisyphus_s1_81.000,81.0,83.0,arousal,2,multimodal,logreg,all_eeg_plus_face,20,0.5596503496503497,0,0.4457654490172419,1.905912,3.013491
P45,sisyphus,1,sisyphus_s1_81.000,81.0,83.0,arousal,3,eeg,svm,paper_compact,10,0.5583616383616384,1,0.5074438125048081,0.769981,2.66148
P45,sisyphus,1,sisyphus_s1_81.000,81.0,83.0,valence,1,eeg,gnb,hjorth,10,0.5845833333333333,0,0.3896044113105586,0.718799,2.263813
P45,sisyphus,1,sisyphus_s1_81.000,81.0,83.0,valence,2,face,svm,face_geometry,10,0.5797222222222222,0,0.5048730082547571,0.512654,2.549159
P45,sisyphus,1,sisyphus_s1_81.000,81.0,83.0,valence,3,eeg,gnb,hjorth,8,0.5755555555555556,0,0.3430487033804384,0.593476,2.377745
P45,sisyphus,1,sisyphus_s1_82.000,82.0,84.0,arousal,1,face,svm,face_geometry,10,0.5812787212787213,1,0.5060054206717239,0.36363,1.7355770000000001
P45,sisyphus,1,sisyphus_s1_82.000,82.0,84.0,arousal,2,multimodal,logreg,all_eeg_plus_face,20,0.5596503496503497,1,0.5314522311973227,1.150222,1.8861809999999999
P45,sisyphus,1,sisyphus_s1_82.000,82.0,84.0,arousal,3,eeg,svm,paper_compact,10,0.5583616383616384,0,0.4033325240350292,0.474053,1.684516
P45,sisyphus,1,sisyphus_s1_82.000,82.0,84.0,valence,1,eeg,gnb,hjorth,10,0.5845833333333333,0,0.15935993241652574,0.37087,1.414798
P45,sisyphus,1,sisyphus_s1_82.000,82.0,84.0,valence,2,face,svm,face_geometry,10,0.5797222222222222,0,0.516842325177134,0.319328,1.598724
P45,sisyphus,1,sisyphus_s1_82.000,82.0,84.0,valence,3,eeg,gnb,hjorth,8,0.5755555555555556,0,0.13318362036741496,0.37301,1.400438
P45,sisyphus,1,sisyphus_s1_83.000,83.0,85.0,arousal,1,face,svm,face_geometry,10,0.5812787212787213,1,0.5065527827110127,0.37544,1.777099
P45,sisyphus,1,sisyphus_s1_83.000,83.0,85.0,arousal,2,multimodal,logreg,all_eeg_plus_face,20,0.5596503496503497,1,0.5110858093904945,1.183962,1.9409219999999998
P45,sisyphus,1,sisyphus_s1_83.000,83.0,85.0,arousal,3,eeg,svm,paper_compact,10,0.5583616383616384,0,0.3403423270215337,0.485873,1.794319
P45,sisyphus,1,sisyphus_s1_83.000,83.0,85.0,valence,1,eeg,gnb,hjorth,10,0.5845833333333333,0,0.3986545489429639,0.384111,1.4666789999999998
P45,sisyphus,1,sisyphus_s1_83.000,83.0,85.0,valence,2,face,svm,face_geometry,10,0.5797222222222222,0,0.5895199284572503,0.334949,1.5929229999999999
P45,sisyphus,1,sisyphus_s1_83.000,83.0,85.0,valence,3,eeg,gnb,hjorth,8,0.5755555555555556,0,0.3813470675977325,0.38228,1.433389
P45,sisyphus,1,sisyphus_s1_84.000,84.0,86.0,arousal,1,face,svm,face_geometry,10,0.5812787212787213,1,0.5071936045146395,0.36706,1.775839
P45,sisyphus,1,sisyphus_s1_84.000,84.0,86.0,arousal,2,multimodal,logreg,all_eeg_plus_face,20,0.5596503496503497,0,0.36175756919104984,1.188642,1.9642840000000001
P45,sisyphus,1,sisyphus_s1_84.000,84.0,86.0,arousal,3,eeg,svm,paper_compact,10,0.5583616383616384,0,0.3943865605114537,0.498084,1.7293669999999999
P45,sisyphus,1,sisyphus_s1_84.000,84.0,86.0,valence,1,eeg,gnb,hjorth,10,0.5845833333333333,1,0.603255044054182,0.384521,1.464619
P45,sisyphus,1,sisyphus_s1_84.000,84.0,86.0,valence,2,face,svm,face_geometry,10,0.5797222222222222,0,0.55535288371359,0.36527,1.5870630000000001
P45,sisyphus,1,sisyphus_s1_84.000,84.0,86.0,valence,3,eeg,gnb,hjorth,8,0.5755555555555556,1,0.5913269863656047,0.38253,1.436029
P45,sisyphus,1,sisyphus_s1_85.000,85.0,87.0,arousal,1,face,svm,face_geometry,10,0.5812787212787213,1,0.5071991302429879,0.556836,2.7332340000000004
P45,sisyphus,1,sisyphus_s1_85.000,85.0,87.0,arousal,2,multimodal,logreg,all_eeg_plus_face,20,0.5596503496503497,0,0.4674189298633272,1.807049,3.0856730000000003
P45,sisyphus,1,sisyphus_s1_85.000,85.0,87.0,arousal,3,eeg,svm,paper_compact,10,0.5583616383616384,1,0.5319121591677457,0.760901,2.702893
P45,sisyphus,1,sisyphus_s1_85.000,85.0,87.0,valence,1,eeg,gnb,hjorth,10,0.5845833333333333,1,0.6486879750144127,0.596096,2.285762
P45,sisyphus,1,sisyphus_s1_85.000,85.0,87.0,valence,2,face,svm,face_geometry,10,0.5797222222222222,0,0.5399228537287943,0.517674,2.501958
P45,sisyphus,1,sisyphus_s1_85.000,85.0,87.0,valence,3,eeg,gnb,hjorth,8,0.5755555555555556,1,0.6012855816366135,0.37439,1.404839
P45,sisyphus,1,sisyphus_s1_86.000,86.0,88.0,arousal,1,face,svm,face_geometry,10,0.5812787212787213,1,0.5068296174317163,0.37498,1.8195000000000001
P45,sisyphus,1,sisyphus_s1_86.000,86.0,88.0,arousal,2,multimodal,logreg,all_eeg_plus_face,20,0.5596503496503497,1,0.5887809438245087,1.211393,1.990203
P45,sisyphus,1,sisyphus_s1_86.000,86.0,88.0,arousal,3,eeg,svm,paper_compact,10,0.5583616383616384,1,0.7168082230281292,0.489603,1.766368
P45,sisyphus,1,sisyphus_s1_86.000,86.0,88.0,valence,1,eeg,gnb,hjorth,10,0.5845833333333333,0,0.014836975314940755,0.38213,1.498441
P45,sisyphus,1,sisyphus_s1_86.000,86.0,88.0,valence,2,face,svm,face_geometry,10,0.5797222222222222,0,0.5766004248925414,0.330148,1.6307840000000002
P45,sisyphus,1,sisyphus_s1_86.000,86.0,88.0,valence,3,eeg,gnb,hjorth,8,0.5755555555555556,0,0.014374721500475035,0.385151,1.4848
P45,sisyphus,1,sisyphus_s1_87.000,87.0,89.0,arousal,1,face,svm,face_geometry,10,0.5812787212787213,1,0.5052721150471763,0.38619,1.81839
P45,sisyphus,1,sisyphus_s1_87.000,87.0,89.0,arousal,2,multimodal,logreg,all_eeg_plus_face,20,0.5596503496503497,0,0.4576375985470908,1.174362,2.3036820000000002
P45,sisyphus,1,sisyphus_s1_87.000,87.0,89.0,arousal,3,eeg,svm,paper_compact,10,0.5583616383616384,1,0.48510149354049314,0.765951,2.717993
P45,sisyphus,1,sisyphus_s1_87.000,87.0,89.0,valence,1,eeg,gnb,hjorth,10,0.5845833333333333,0,0.0034255324532366863,0.607266,2.354454
P45,sisyphus,1,sisyphus_s1_87.000,87.0,89.0,valence,2,face,svm,face_geometry,10,0.5797222222222222,0,0.6008921744338018,0.520454,2.480378
P45,sisyphus,1,sisyphus_s1_87.000,87.0,89.0,valence,3,eeg,gnb,hjorth,8,0.5755555555555556,0,0.008354812322014368,0.621327,2.245201
P45,sisyphus,1,sisyphus_s1_88.000,88.0,90.0,arousal,1,face,svm,face_geometry,10,0.5812787212787213,1,0.506397638734767,0.563566,2.414075
P45,sisyphus,1,sisyphus_s1_88.000,88.0,90.0,arousal,2,multimodal,logreg,all_eeg_plus_face,20,0.5596503496503497,0,0.4876504942548982,1.172422,1.959463
P45,sisyphus,1,sisyphus_s1_88.000,88.0,90.0,arousal,3,eeg,svm,paper_compact,10,0.5583616383616384,0,0.34779129652372637,0.490844,1.724047
P45,sisyphus,1,sisyphus_s1_88.000,88.0,90.0,valence,1,eeg,gnb,hjorth,10,0.5845833333333333,0,0.04293197472282343,0.38405,1.5045309999999998
P45,sisyphus,1,sisyphus_s1_88.000,88.0,90.0,valence,2,face,svm,face_geometry,10,0.5797222222222222,0,0.5834006939817976,0.334219,1.593023
P45,sisyphus,1,sisyphus_s1_88.000,88.0,90.0,valence,3,eeg,gnb,hjorth,8,0.5755555555555556,0,0.06955610101507197,0.38549,1.47037
P45,sisyphus,1,sisyphus_s1_89.000,89.0,91.0,arousal,1,face,svm,face_geometry,10,0.5812787212787213,1,0.5072107519777486,0.36157,1.7509869999999998
P45,sisyphus,1,sisyphus_s1_89.000,89.0,91.0,arousal,2,multimodal,logreg,all_eeg_plus_face,20,0.5596503496503497,0,0.428274435540288,1.140031,1.9459620000000002
P45,sisyphus,1,sisyphus_s1_89.000,89.0,91.0,arousal,3,eeg,svm,paper_compact,10,0.5583616383616384,0,0.37467300298076645,0.475453,1.661295
P45,sisyphus,1,sisyphus_s1_89.000,89.0,91.0,valence,1,eeg,gnb,hjorth,10,0.5845833333333333,1,0.5153990076624817,0.37095,1.438009
P45,sisyphus,1,sisyphus_s1_89.000,89.0,91.0,valence,2,face,svm,face_geometry,10,0.5797222222222222,0,0.48045395923737977,0.320419,1.532211
P45,sisyphus,1,sisyphus_s1_89.000,89.0,91.0,valence,3,eeg,gnb,hjorth,8,0.5755555555555556,0,0.45042982069892074,0.37918,1.408719
P45,sisyphus,1,sisyphus_s1_90.000,90.0,92.0,arousal,1,face,svm,face_geometry,10,0.5812787212787213,1,0.5072680930804059,0.564225,2.727493
P45,sisyphus,1,sisyphus_s1_90.000,90.0,92.0,arousal,2,multimodal,logreg,all_eeg_plus_face,20,0.5596503496503497,1,0.5537610467208581,1.886061,3.0238519999999998
P45,sisyphus,1,sisyphus_s1_90.000,90.0,92.0,arousal,3,eeg,svm,paper_compact,10,0.5583616383616384,1,0.5207589920983953,0.787292,2.6676830000000002
P45,sisyphus,1,sisyphus_s1_90.000,90.0,92.0,valence,1,eeg,gnb,hjorth,10,0.5845833333333333,0,3.723118440145068e-06,0.613977,2.249791
P45,sisyphus,1,sisyphus_s1_90.000,90.0,92.0,valence,2,face,svm,face_geometry,10,0.5797222222222222,0,0.4193861292247471,0.513654,2.520388
P45,sisyphus,1,sisyphus_s1_90.000,90.0,92.0,valence,3,eeg,gnb,hjorth,8,0.5755555555555556,0,6.670878432306578e-06,0.596737,2.260991
P45,sisyphus,1,sisyphus_s1_91.000,91.0,93.0,arousal,1,face,svm,face_geometry,10,0.5812787212787213,1,0.5072660931530993,0.37125,1.7833580000000002
P45,sisyphus,1,sisyphus_s1_91.000,91.0,93.0,arousal,2,multimodal,logreg,all_eeg_plus_face,20,0.5596503496503497,1,0.5198080545781093,1.175062,1.962793
P45,sisyphus,1,sisyphus_s1_91.000,91.0,93.0,arousal,3,eeg,svm,paper_compact,10,0.5583616383616384,1,0.5491259715810206,0.487723,1.7125270000000001
P45,sisyphus,1,sisyphus_s1_91.000,91.0,93.0,valence,1,eeg,gnb,hjorth,10,0.5845833333333333,0,3.690168291073461e-06,0.390241,1.48049
P45,sisyphus,1,sisyphus_s1_91.000,91.0,93.0,valence,2,face,svm,face_geometry,10,0.5797222222222222,0,0.46464711076559534,0.330809,1.583883
P45,sisyphus,1,sisyphus_s1_91.000,91.0,93.0,valence,3,eeg,gnb,hjorth,8,0.5755555555555556,0,4.838879070831938e-06,0.381751,1.454699
P45,sisyphus,1,sisyphus_s1_92.000,92.0,94.0,arousal,1,face,svm,face_geometry,10,0.5812787212787213,1,0.5072805701560814,0.534465,1.787838
P45,sisyphus,1,sisyphus_s1_92.000,92.0,94.0,arousal,2,multimodal,logreg,all_eeg_plus_face,20,0.5596503496503497,0,0.3102489736255356,1.194983,1.9342720000000002
P45,sisyphus,1,sisyphus_s1_92.000,92.0,94.0,arousal,3,eeg,svm,paper_compact,10,0.5583616383616384,0,0.3489954092173106,0.485323,1.716047
P45,sisyphus,1,sisyphus_s1_92.000,92.0,94.0,valence,1,eeg,gnb,hjorth,10,0.5845833333333333,0,0.09108529309596998,0.37872,1.448709
P45,sisyphus,1,sisyphus_s1_92.000,92.0,94.0,valence,2,face,svm,face_geometry,10,0.5797222222222222,0,0.5168735997479198,0.329089,1.6352540000000002
P45,sisyphus,1,sisyphus_s1_92.000,92.0,94.0,valence,3,eeg,gnb,hjorth,8,0.5755555555555556,0,0.07053215985604624,0.381641,1.427528
P45,sisyphus,1,sisyphus_s1_93.000,93.0,95.0,arousal,1,face,svm,face_geometry,10,0.5812787212787213,1,0.5072796269863099,0.563095,2.755214
P45,sisyphus,1,sisyphus_s1_93.000,93.0,95.0,arousal,2,multimodal,logreg,all_eeg_plus_face,20,0.5596503496503497,0,0.3890930647801678,1.86239,2.244721
P45,sisyphus,1,sisyphus_s1_93.000,93.0,95.0,arousal,3,eeg,svm,paper_compact,10,0.5583616383616384,1,0.42534024869260156,0.488793,1.732467
P45,sisyphus,1,sisyphus_s1_93.000,93.0,95.0,valence,1,eeg,gnb,hjorth,10,0.5845833333333333,0,2.240779336420376e-06,0.380831,1.5084000000000002
P45,sisyphus,1,sisyphus_s1_93.000,93.0,95.0,valence,2,face,svm,face_geometry,10,0.5797222222222222,0,0.5173574683154996,0.330979,1.620704
P45,sisyphus,1,sisyphus_s1_93.000,93.0,95.0,valence,3,eeg,gnb,hjorth,8,0.5755555555555556,0,7.809393344319916e-06,0.38506,1.499201
P45,sisyphus,1,sisyphus_s1_94.000,94.0,96.0,arousal,1,face,svm,face_geometry,10,0.5812787212787213,1,0.5072193737172294,0.584026,1.959623
P45,sisyphus,1,sisyphus_s1_94.000,94.0,96.0,arousal,2,multimodal,logreg,all_eeg_plus_face,20,0.5596503496503497,1,0.5456143712921923,1.149122,1.951393
P45,sisyphus,1,sisyphus_s1_94.000,94.0,96.0,arousal,3,eeg,svm,paper_compact,10,0.5583616383616384,1,0.5126501449605585,0.508924,1.720977
P45,sisyphus,1,sisyphus_s1_94.000,94.0,96.0,valence,1,eeg,gnb,hjorth,10,0.5845833333333333,0,5.225128234998043e-06,0.38505,2.5849699999999998
P45,sisyphus,1,sisyphus_s1_94.000,94.0,96.0,valence,2,face,svm,face_geometry,10,0.5797222222222222,0,0.4961713493588666,0.329869,1.6064530000000001
P45,sisyphus,1,sisyphus_s1_94.000,94.0,96.0,valence,3,eeg,gnb,hjorth,8,0.5755555555555556,0,1.971733288914699e-05,0.38298,1.4582289999999998
P45,sisyphus,1,sisyphus_s1_95.000,95.0,97.0,arousal,1,face,svm,face_geometry,10,0.5812787212787213,1,0.50724950383892,0.36893,1.795669
P45,sisyphus,1,sisyphus_s1_95.000,95.0,97.0,arousal,2,multimodal,logreg,all_eeg_plus_face,20,0.5596503496503497,1,0.5820696617693291,1.165192,1.969303
P45,sisyphus,1,sisyphus_s1_95.000,95.0,97.0,arousal,3,eeg,svm,paper_compact,10,0.5583616383616384,1,0.5476595651657842,0.484783,1.7265380000000001
P45,sisyphus,1,sisyphus_s1_95.000,95.0,97.0,valence,1,eeg,gnb,hjorth,10,0.5845833333333333,0,0.0033107056278191436,0.38319,1.5019709999999997
P45,sisyphus,1,sisyphus_s1_95.000,95.0,97.0,valence,2,face,svm,face_geometry,10,0.5797222222222222,0,0.4677639517377155,0.329289,1.599033
P45,sisyphus,1,sisyphus_s1_95.000,95.0,97.0,valence,3,eeg,gnb,hjorth,8,0.5755555555555556,0,0.003190596442442567,0.38248,1.464029
P45,sisyphus,1,sisyphus_s1_96.000,96.0,98.0,arousal,1,face,svm,face_geometry,10,0.5812787212787213,1,0.5070826859878996,0.37026,1.796068
P45,sisyphus,1,sisyphus_s1_96.000,96.0,98.0,arousal,2,multimodal,logreg,all_eeg_plus_face,20,0.5596503496503497,0,0.45040452084372595,1.176621,1.9579829999999998
P45,sisyphus,1,sisyphus_s1_96.000,96.0,98.0,arousal,3,eeg,svm,paper_compact,10,0.5583616383616384,1,0.4435125764073192,0.524545,2.5111980000000003
P45,sisyphus,1,sisyphus_s1_96.000,96.0,98.0,valence,1,eeg,gnb,hjorth,10,0.5845833333333333,0,1.5065182331428318e-06,0.600216,2.2936929999999998
P45,sisyphus,1,sisyphus_s1_96.000,96.0,98.0,valence,2,face,svm,face_geometry,10,0.5797222222222222,0,0.47867619758053714,0.518594,2.527908
P45,sisyphus,1,sisyphus_s1_96.000,96.0,98.0,valence,3,eeg,gnb,hjorth,8,0.5755555555555556,0,3.6625801136855754e-06,0.598607,2.2761009999999997
P45,sisyphus,1,sisyphus_s1_97.000,97.0,99.0,arousal,1,face,svm,face_geometry,10,0.5812787212787213,1,0.5071080240435032,0.33528,1.600884
P45,sisyphus,1,sisyphus_s1_97.000,97.0,99.0,arousal,2,multimodal,logreg,all_eeg_plus_face,20,0.5596503496503497,0,0.34302870870563784,1.1415,1.9192319999999998
P45,sisyphus,1,sisyphus_s1_97.000,97.0,99.0,arousal,3,eeg,svm,paper_compact,10,0.5583616383616384,1,0.4270014837799461,0.486793,1.7405469999999998
P45,sisyphus,1,sisyphus_s1_97.000,97.0,99.0,valence,1,eeg,gnb,hjorth,10,0.5845833333333333,0,3.428657442094056e-06,0.38206,1.443439
P45,sisyphus,1,sisyphus_s1_97.000,97.0,99.0,valence,2,face,svm,face_geometry,10,0.5797222222222222,0,0.4868602718665782,0.329929,1.940672
P45,sisyphus,1,sisyphus_s1_97.000,97.0,99.0,valence,3,eeg,gnb,hjorth,8,0.5755555555555556,0,1.2335831634972135e-05,0.594916,2.3332230000000003
P45,sisyphus,1,sisyphus_s1_98.000,98.0,100.0,arousal,3,eeg,svm,paper_compact,10,0.5583616383616384,1,0.41908263713381877,0.76195,2.8015559999999997
P45,sisyphus,1,sisyphus_s1_98.000,98.0,100.0,valence,1,eeg,gnb,hjorth,10,0.5845833333333333,0,0.0002312860086355936,0.595906,2.333124
P45,sisyphus,1,sisyphus_s1_98.000,98.0,100.0,valence,3,eeg,gnb,hjorth,8,0.5755555555555556,0,0.0005569672781894765,0.595846,2.3142539999999996
P45,sisyphus,1,sisyphus_s1_99.000,99.0,101.0,arousal,3,eeg,svm,paper_compact,10,0.5583616383616384,0,0.2822657352377377,0.761301,2.425665
P45,sisyphus,1,sisyphus_s1_99.000,99.0,101.0,valence,1,eeg,gnb,hjorth,10,0.5845833333333333,1,0.6144746852043783,0.38015,1.405328
P45,sisyphus,1,sisyphus_s1_99.000,99.0,101.0,valence,3,eeg,gnb,hjorth,8,0.5755555555555556,1,0.6832822880121958,0.38568,1.4193790000000002
P45,sisyphus,1,sisyphus_s1_100.000,100.0,102.0,arousal,3,eeg,svm,paper_compact,10,0.5583616383616384,0,0.36752284182489536,0.532135,1.744087
P45,sisyphus,1,sisyphus_s1_100.000,100.0,102.0,valence,1,eeg,gnb,hjorth,10,0.5845833333333333,0,0.331333740659048,0.382411,1.4443989999999998
P45,sisyphus,1,sisyphus_s1_100.000,100.0,102.0,valence,3,eeg,gnb,hjorth,8,0.5755555555555556,0,0.3406171374355683,0.386241,1.4348690000000002
P45,sisyphus,1,sisyphus_s1_101.000,101.0,103.0,arousal,3,eeg,svm,paper_compact,10,0.5583616383616384,0,0.4089178017997991,0.494473,1.758577
P45,sisyphus,1,sisyphus_s1_101.000,101.0,103.0,valence,1,eeg,gnb,hjorth,10,0.5845833333333333,1,0.8335478375538067,0.389091,1.47285
P45,sisyphus,1,sisyphus_s1_101.000,101.0,103.0,valence,3,eeg,gnb,hjorth,8,0.5755555555555556,1,0.8349884918946862,0.390921,1.440219
P45,sisyphus,1,sisyphus_s1_102.000,102.0,104.0,arousal,3,eeg,svm,paper_compact,10,0.5583616383616384,0,0.40144003065889894,0.495993,1.8144490000000002
P45,sisyphus,1,sisyphus_s1_102.000,102.0,104.0,valence,1,eeg,gnb,hjorth,10,0.5845833333333333,1,0.5367704018648465,0.38832,1.4693910000000001
P45,sisyphus,1,sisyphus_s1_102.000,102.0,104.0,valence,3,eeg,gnb,hjorth,8,0.5755555555555556,1,0.7264701473462585,0.38582,1.4405900000000003
P45,sisyphus,1,sisyphus_s1_103.000,103.0,105.0,arousal,3,eeg,svm,paper_compact,10,0.5583616383616384,1,0.44169037263702393,0.501243,1.7541280000000001
P45,sisyphus,1,sisyphus_s1_103.000,103.0,105.0,valence,1,eeg,gnb,hjorth,10,0.5845833333333333,0,0.0002566738469572885,0.415811,2.0341650000000002
P45,sisyphus,1,sisyphus_s1_103.000,103.0,105.0,valence,3,eeg,gnb,hjorth,8,0.5755555555555556,0,0.0008351178417655467,0.596296,2.243761
P45,shape_sorter_interaction,1,shape_sorter_interaction_s1_21.000,21.0,23.0,arousal,1,face,svm,face_geometry,10,0.5812787212787213,1,0.5072736963802957,0.564695,2.735054
P45,shape_sorter_interaction,1,shape_sorter_interaction_s1_21.000,21.0,23.0,arousal,2,multimodal,logreg,all_eeg_plus_face,20,0.5596503496503497,1,0.512794237503941,1.81525,3.1570859999999996
P45,shape_sorter_interaction,1,shape_sorter_interaction_s1_21.000,21.0,23.0,arousal,3,eeg,svm,paper_compact,10,0.5583616383616384,1,0.49459585225957353,0.759051,2.7034830000000003
P45,shape_sorter_interaction,1,shape_sorter_interaction_s1_21.000,21.0,23.0,valence,1,eeg,gnb,hjorth,10,0.5845833333333333,1,0.5839944380099411,0.592106,2.273712
P45,shape_sorter_interaction,1,shape_sorter_interaction_s1_21.000,21.0,23.0,valence,2,face,svm,face_geometry,10,0.5797222222222222,0,0.5104134767164932,0.555045,3.162565
P45,shape_sorter_interaction,1,shape_sorter_interaction_s1_21.000,21.0,23.0,valence,3,eeg,gnb,hjorth,8,0.5755555555555556,1,0.5365039699938583,0.700629,1.376367
P45,shape_sorter_interaction,1,shape_sorter_interaction_s1_22.000,22.0,24.0,arousal,1,face,svm,face_geometry,10,0.5812787212787213,1,0.5072812695301845,0.560575,2.732373
P45,shape_sorter_interaction,1,shape_sorter_interaction_s1_22.000,22.0,24.0,arousal,2,multimodal,logreg,all_eeg_plus_face,20,0.5596503496503497,0,0.44183200764414193,1.811239,3.042502
P45,shape_sorter_interaction,1,shape_sorter_interaction_s1_22.000,22.0,24.0,arousal,3,eeg,svm,paper_compact,10,0.5583616383616384,1,0.48766570560179595,0.75689,2.695503
P45,shape_sorter_interaction,1,shape_sorter_interaction_s1_22.000,22.0,24.0,valence,1,eeg,gnb,hjorth,10,0.5845833333333333,1,0.5008710979019468,0.593226,2.2829420000000002
P45,shape_sorter_interaction,1,shape_sorter_interaction_s1_22.000,22.0,24.0,valence,2,face,svm,face_geometry,10,0.5797222222222222,0,0.502782856197981,0.321499,1.554312
P45,shape_sorter_interaction,1,shape_sorter_interaction_s1_22.000,22.0,24.0,valence,3,eeg,gnb,hjorth,8,0.5755555555555556,0,0.4545928517898815,0.376661,1.428658
P45,shape_sorter_interaction,1,shape_sorter_interaction_s1_23.000,23.0,25.0,arousal,1,face,svm,face_geometry,10,0.5812787212787213,1,0.5072781175614673,0.594176,1.759708
P45,shape_sorter_interaction,1,shape_sorter_interaction_s1_23.000,23.0,25.0,arousal,2,multimodal,logreg,all_eeg_plus_face,20,0.5596503496503497,1,0.6377845906603564,1.190793,1.9485020000000002
P45,shape_sorter_interaction,1,shape_sorter_interaction_s1_23.000,23.0,25.0,arousal,3,eeg,svm,paper_compact,10,0.5583616383616384,1,0.5463049585823997,0.489063,1.746498
P45,shape_sorter_interaction,1,shape_sorter_interaction_s1_23.000,23.0,25.0,valence,1,eeg,gnb,hjorth,10,0.5845833333333333,0,2.577308766868308e-07,0.38358,1.4525400000000002
P45,shape_sorter_interaction,1,shape_sorter_interaction_s1_23.000,23.0,25.0,valence,2,face,svm,face_geometry,10,0.5797222222222222,0,0.42643896022501643,0.330569,1.623964
P45,shape_sorter_interaction,1,shape_sorter_interaction_s1_23.000,23.0,25.0,valence,3,eeg,gnb,hjorth,8,0.5755555555555556,0,5.374715497614047e-07,0.38501,1.444958
P45,shape_sorter_interaction,1,shape_sorter_interaction_s1_24.000,24.0,26.0,arousal,1,face,svm,face_geometry,10,0.5812787212787213,1,0.5072788623106876,0.568055,2.683883
P45,shape_sorter_interaction,1,shape_sorter_interaction_s1_24.000,24.0,26.0,arousal,2,multimodal,logreg,all_eeg_plus_face,20,0.5596503496503497,1,0.6210887469223876,1.968994,1.925363
P45,shape_sorter_interaction,1,shape_sorter_interaction_s1_24.000,24.0,26.0,arousal,3,eeg,svm,paper_compact,10,0.5583616383616384,1,0.5906892160766805,0.490753,1.707156
P45,shape_sorter_interaction,1,shape_sorter_interaction_s1_24.000,24.0,26.0,valence,1,eeg,gnb,hjorth,10,0.5845833333333333,0,1.5659580953083895e-12,0.38308,1.45901
P45,shape_sorter_interaction,1,shape_sorter_interaction_s1_24.000,24.0,26.0,valence,2,face,svm,face_geometry,10,0.5797222222222222,0,0.34418832401345045,0.352809,1.591053
P45,shape_sorter_interaction,1,shape_sorter_interaction_s1_24.000,24.0,26.0,valence,3,eeg,gnb,hjorth,8,0.5755555555555556,0,6.126338178682224e-12,0.38231,1.432199
P45,shape_sorter_interaction,1,shape_sorter_interaction_s1_25.000,25.0,27.0,arousal,1,face,svm,face_geometry,10,0.5812787212787213,1,0.5072531474518741,0.700859,2.193569
P45,shape_sorter_interaction,1,shape_sorter_interaction_s1_25.000,25.0,27.0,arousal,2,multimodal,logreg,all_eeg_plus_face,20,0.5596503496503497,0,0.42847016243243835,1.180872,1.9828130000000002
P45,shape_sorter_interaction,1,shape_sorter_interaction_s1_25.000,25.0,27.0,arousal,3,eeg,svm,paper_compact,10,0.5583616383616384,0,0.4002100289172334,0.490843,1.718906
P45,shape_sorter_interaction,1,shape_sorter_interaction_s1_25.000,25.0,27.0,valence,1,eeg,gnb,hjorth,10,0.5845833333333333,0,1.0935074373982935e-07,0.405751,2.18168
P45,shape_sorter_interaction,1,shape_sorter_interaction_s1_25.000,25.0,27.0,valence,2,face,svm,face_geometry,10,0.5797222222222222,0,0.35092832119324674,0.513914,2.496068
P45,shape_sorter_interaction,1,shape_sorter_interaction_s1_25.000,25.0,27.0,valence,3,eeg,gnb,hjorth,8,0.5755555555555556,0,2.7794516683395366e-07,0.594686,2.2952619999999997
P45,shape_sorter_interaction,1,shape_sorter_interaction_s1_26.000,26.0,28.0,arousal,1,face,svm,face_geometry,10,0.5812787212787213,1,0.504266860130794,0.566016,1.781898
P45,shape_sorter_interaction,1,shape_sorter_interaction_s1_26.000,26.0,28.0,arousal,2,multimodal,logreg,all_eeg_plus_face,20,0.5596503496503497,0,0.4759608481912477,1.176482,1.973053
P45,shape_sorter_interaction,1,shape_sorter_interaction_s1_26.000,26.0,28.0,arousal,3,eeg,svm,paper_compact,10,0.5583616383616384,1,0.477016340302827,0.490813,1.722637
P45,shape_sorter_interaction,1,shape_sorter_interaction_s1_26.000,26.0,28.0,valence,1,eeg,gnb,hjorth,10,0.5845833333333333,0,2.302052237170951e-05,0.387821,1.4666800000000002
P45,shape_sorter_interaction,1,shape_sorter_interaction_s1_26.000,26.0,28.0,valence,2,face,svm,face_geometry,10,0.5797222222222222,0,0.531821120349184,0.329799,1.584443
P45,shape_sorter_interaction,1,shape_sorter_interaction_s1_26.000,26.0,28.0,valence,3,eeg,gnb,hjorth,8,0.5755555555555556,0,2.6005797750938424e-05,0.38696,1.433749
P45,shape_sorter_interaction,1,shape_sorter_interaction_s1_27.000,27.0,29.0,arousal,1,face,svm,face_geometry,10,0.5812787212787213,1,0.5077824530118292,0.563465,2.7155240000000003
P45,shape_sorter_interaction,1,shape_sorter_interaction_s1_27.000,27.0,29.0,arousal,2,multimodal,logreg,all_eeg_plus_face,20,0.5596503496503497,0,0.38914610340467215,1.81111,3.078434
P45,shape_sorter_interaction,1,shape_sorter_interaction_s1_27.000,27.0,29.0,arousal,3,eeg,svm,paper_compact,10,0.5583616383616384,0,0.3524464614524457,0.7589,2.689203
P45,shape_sorter_interaction,1,shape_sorter_interaction_s1_27.000,27.0,29.0,valence,1,eeg,gnb,hjorth,10,0.5845833333333333,0,0.00038559705874915447,0.591166,2.2815019999999997
P45,shape_sorter_interaction,1,shape_sorter_interaction_s1_27.000,27.0,29.0,valence,2,face,svm,face_geometry,10,0.5797222222222222,0,0.4909769391724143,0.512594,2.4513759999999998
P45,shape_sorter_interaction,1,shape_sorter_interaction_s1_27.000,27.0,29.0,valence,3,eeg,gnb,hjorth,8,0.5755555555555556,0,0.00030550166526216763,0.490603,1.409849
P45,shape_sorter_interaction,1,shape_sorter_interaction_s1_28.000,28.0,30.0,arousal,1,face,svm,face_geometry,10,0.5812787212787213,1,0.5077172045920613,0.574355,2.6908630000000002
P45,shape_sorter_interaction,1,shape_sorter_interaction_s1_28.000,28.0,30.0,arousal,2,multimodal,logreg,all_eeg_plus_face,20,0.5596503496503497,0,0.38116925039349453,1.670936,1.9201020000000002
P45,shape_sorter_interaction,1,shape_sorter_interaction_s1_28.000,28.0,30.0,arousal,3,eeg,svm,paper_compact,10,0.5583616383616384,0,0.3435145794582162,0.481143,1.7243970000000002
P45,shape_sorter_interaction,1,shape_sorter_interaction_s1_28.000,28.0,30.0,valence,1,eeg,gnb,hjorth,10,0.5845833333333333,0,0.00810397931562122,0.38424,1.46443
P45,shape_sorter_interaction,1,shape_sorter_interaction_s1_28.000,28.0,30.0,valence,2,face,svm,face_geometry,10,0.5797222222222222,0,0.5750393239956761,0.338509,1.617264
P45,shape_sorter_interaction,1,shape_sorter_interaction_s1_28.000,28.0,30.0,valence,3,eeg,gnb,hjorth,8,0.5755555555555556,0,0.008320059960653442,0.383261,1.441969
P45,shape_sorter_interaction,1,shape_sorter_interaction_s1_29.000,29.0,31.0,arousal,1,face,svm,face_geometry,10,0.5812787212787213,1,0.5076025942173128,0.369781,1.743818
P45,shape_sorter_interaction,1,shape_sorter_interaction_s1_29.000,29.0,31.0,arousal,2,multimodal,logreg,all_eeg_plus_face,20,0.5596503496503497,0,0.189011092451766,1.155591,1.892002
P45,shape_sorter_interaction,1,shape_sorter_interaction_s1_29.000,29.0,31.0,arousal,3,eeg,svm,paper_compact,10,0.5583616383616384,0,0.19617644987446814,0.473943,1.688246
P45,shape_sorter_interaction,1,shape_sorter_interaction_s1_29.000,29.0,31.0,valence,1,eeg,gnb,hjorth,10,0.5845833333333333,1,0.8160473734473012,0.379441,1.4155879999999998
P45,shape_sorter_interaction,1,shape_sorter_interaction_s1_29.000,29.0,31.0,valence,2,face,svm,face_geometry,10,0.5797222222222222,0,0.5308988914875163,0.319558,1.572263
P45,shape_sorter_interaction,1,shape_sorter_interaction_s1_29.000,29.0,31.0,valence,3,eeg,gnb,hjorth,8,0.5755555555555556,1,0.7668941511090416,0.37166,1.3908980000000002
P45,shape_sorter_interaction,1,shape_sorter_interaction_s1_30.000,30.0,32.0,arousal,1,face,svm,face_geometry,10,0.5812787212787213,1,0.507216245815984,0.583116,2.676652
P45,shape_sorter_interaction,1,shape_sorter_interaction_s1_30.000,30.0,32.0,arousal,2,multimodal,logreg,all_eeg_plus_face,20,0.5596503496503497,0,0.15365011475640228,1.82502,3.020241
P45,shape_sorter_interaction,1,shape_sorter_interaction_s1_30.000,30.0,32.0,arousal,3,eeg,svm,paper_compact,10,0.5583616383616384,0,0.237412669697295,0.767441,2.658041
P45,shape_sorter_interaction,1,shape_sorter_interaction_s1_30.000,30.0,32.0,valence,1,eeg,gnb,hjorth,10,0.5845833333333333,0,0.15020488500997536,0.620876,2.252002
P45,shape_sorter_interaction,1,shape_sorter_interaction_s1_30.000,30.0,32.0,valence,2,face,svm,face_geometry,10,0.5797222222222222,0,0.5023218238029936,0.512324,2.473127
P45,shape_sorter_interaction,1,shape_sorter_interaction_s1_30.000,30.0,32.0,valence,3,eeg,gnb,hjorth,8,0.5755555555555556,0,0.23668823563560037,0.591556,2.2052899999999998
P45,shape_sorter_interaction,1,shape_sorter_interaction_s1_31.000,31.0,33.0,arousal,1,face,svm,face_geometry,10,0.5812787212787213,1,0.5071637397714441,0.552105,2.6897130000000002
P45,shape_sorter_interaction,1,shape_sorter_interaction_s1_31.000,31.0,33.0,arousal,2,multimodal,logreg,all_eeg_plus_face,20,0.5596503496503497,0,0.35949398850680647,1.863631,1.9708240000000001
P45,shape_sorter_interaction,1,shape_sorter_interaction_s1_31.000,31.0,33.0,arousal,3,eeg,svm,paper_compact,10,0.5583616383616384,0,0.30126774053630123,0.487963,1.715186
P45,shape_sorter_interaction,1,shape_sorter_interaction_s1_31.000,31.0,33.0,valence,1,eeg,gnb,hjorth,10,0.5845833333333333,0,0.053947366117632484,0.3814,1.4461789999999999
P45,shape_sorter_interaction,1,shape_sorter_interaction_s1_31.000,31.0,33.0,valence,2,face,svm,face_geometry,10,0.5797222222222222,0,0.5115269846272467,0.327779,1.591523
P45,shape_sorter_interaction,1,shape_sorter_interaction_s1_31.000,31.0,33.0,valence,3,eeg,gnb,hjorth,8,0.5755555555555556,0,0.10928181274816541,0.38011,1.436669
P45,shape_sorter_interaction,1,shape_sorter_interaction_s1_32.000,32.0,34.0,arousal,1,face,svm,face_geometry,10,0.5812787212787213,1,0.5106485431490012,0.568896,2.7447939999999997
P45,shape_sorter_interaction,1,shape_sorter_interaction_s1_32.000,32.0,34.0,arousal,2,multimodal,logreg,all_eeg_plus_face,20,0.5596503496503497,0,0.23534387902782128,1.85058,3.031021
P45,shape_sorter_interaction,1,shape_sorter_interaction_s1_32.000,32.0,34.0,arousal,3,eeg,svm,paper_compact,10,0.5583616383616384,0,0.2345156942424319,0.805032,2.6751639999999997
P45,shape_sorter_interaction,1,shape_sorter_interaction_s1_32.000,32.0,34.0,valence,1,eeg,gnb,hjorth,10,0.5845833333333333,1,0.9097824406677427,0.597256,1.724487
P45,shape_sorter_interaction,1,shape_sorter_interaction_s1_32.000,32.0,34.0,valence,2,face,svm,face_geometry,10,0.5797222222222222,0,0.538938611279525,0.323908,1.543682
P45,shape_sorter_interaction,1,shape_sorter_interaction_s1_32.000,32.0,34.0,valence,3,eeg,gnb,hjorth,8,0.5755555555555556,1,0.9032092617544263,0.426101,1.430519
P45,shape_sorter_interaction,1,shape_sorter_interaction_s1_33.000,33.0,35.0,arousal,1,face,svm,face_geometry,10,0.5812787212787213,1,0.5005796574172819,0.37243,1.786788
P45,shape_sorter_interaction,1,shape_sorter_interaction_s1_33.000,33.0,35.0,arousal,2,multimodal,logreg,all_eeg_plus_face,20,0.5596503496503497,0,0.3068996061023132,1.178712,1.945393
P45,shape_sorter_interaction,1,shape_sorter_interaction_s1_33.000,33.0,35.0,arousal,3,eeg,svm,paper_compact,10,0.5583616383616384,0,0.23300552628172078,0.488204,1.725076
P45,shape_sorter_interaction,1,shape_sorter_interaction_s1_33.000,33.0,35.0,valence,1,eeg,gnb,hjorth,10,0.5845833333333333,1,0.9302494683923178,0.38123,1.440309
P45,shape_sorter_interaction,1,shape_sorter_interaction_s1_33.000,33.0,35.0,valence,2,face,svm,face_geometry,10,0.5797222222222222,0,0.6293733974718845,0.329089,1.652745
P45,shape_sorter_interaction,1,shape_sorter_interaction_s1_33.000,33.0,35.0,valence,3,eeg,gnb,hjorth,8,0.5755555555555556,1,0.9132667586427162,0.38184,1.425538
P45,shape_sorter_interaction,1,shape_sorter_interaction_s1_34.000,34.0,36.0,arousal,1,face,svm,face_geometry,10,0.5812787212787213,1,0.5072711851807634,0.38085,1.7694480000000001
P45,shape_sorter_interaction,1,shape_sorter_interaction_s1_34.000,34.0,36.0,arousal,2,multimodal,logreg,all_eeg_plus_face,20,0.5596503496503497,0,0.38493737160643515,1.176342,1.976854
P45,shape_sorter_interaction,1,shape_sorter_interaction_s1_34.000,34.0,36.0,arousal,3,eeg,svm,paper_compact,10,0.5583616383616384,0,0.27810965299737833,0.486303,1.721867
P45,shape_sorter_interaction,1,shape_sorter_interaction_s1_34.000,34.0,36.0,valence,1,eeg,gnb,hjorth,10,0.5845833333333333,0,0.4416369063425832,0.443972,1.4622600000000001
P45,shape_sorter_interaction,1,shape_sorter_interaction_s1_34.000,34.0,36.0,valence,2,face,svm,face_geometry,10,0.5797222222222222,0,0.5135371619438274,0.328638,1.575663
P45,shape_sorter_interaction,1,shape_sorter_interaction_s1_34.000,34.0,36.0,valence,3,eeg,gnb,hjorth,8,0.5755555555555556,0,0.4727914616199314,0.445982,1.430478
P45,shape_sorter_interaction,1,shape_sorter_interaction_s1_35.000,35.0,37.0,arousal,1,face,svm,face_geometry,10,0.5812787212787213,1,0.5072862209886357,0.3722,1.799169
P45,shape_sorter_interaction,1,shape_sorter_interaction_s1_35.000,35.0,37.0,arousal,2,multimodal,logreg,all_eeg_plus_face,20,0.5596503496503497,0,0.3251991306574472,1.188922,1.9486729999999999
P45,shape_sorter_interaction,1,shape_sorter_interaction_s1_35.000,35.0,37.0,arousal,3,eeg,svm,paper_compact,10,0.5583616383616384,0,0.3753686939960517,0.484873,1.781638
P45,shape_sorter_interaction,1,shape_sorter_interaction_s1_35.000,35.0,37.0,valence,1,eeg,gnb,hjorth,10,0.5845833333333333,1,0.6741650293320121,0.38511,1.4569189999999999
P45,shape_sorter_interaction,1,shape_sorter_interaction_s1_35.000,35.0,37.0,valence,2,face,svm,face_geometry,10,0.5797222222222222,0,0.5378964651027588,0.332049,1.6288140000000002
P45,shape_sorter_interaction,1,shape_sorter_interaction_s1_35.000,35.0,37.0,valence,3,eeg,gnb,hjorth,8,0.5755555555555556,1,0.6190965277675415,0.38166,1.437339
P45,shape_sorter_interaction,1,shape_sorter_interaction_s1_36.000,36.0,38.0,arousal,1,face,svm,face_geometry,10,0.5812787212787213,1,0.507281191153589,0.567266,2.738115
P45,shape_sorter_interaction,1,shape_sorter_interaction_s1_36.000,36.0,38.0,arousal,2,multimodal,logreg,all_eeg_plus_face,20,0.5596503496503497,0,0.30347902128742393,1.802229,3.0572820000000003
P45,shape_sorter_interaction,1,shape_sorter_interaction_s1_36.000,36.0,38.0,arousal,3,eeg,svm,paper_compact,10,0.5583616383616384,0,0.3828100543721752,0.75954,2.7933459999999997
P45,shape_sorter_interaction,1,shape_sorter_interaction_s1_36.000,36.0,38.0,valence,1,eeg,gnb,hjorth,10,0.5845833333333333,1,0.6916421429705903,0.596996,2.300843
P45,shape_sorter_interaction,1,shape_sorter_interaction_s1_36.000,36.0,38.0,valence,2,face,svm,face_geometry,10,0.5797222222222222,0,0.5545366645543138,0.514974,2.474048
P45,shape_sorter_interaction,1,shape_sorter_interaction_s1_36.000,36.0,38.0,valence,3,eeg,gnb,hjorth,8,0.5755555555555556,1,0.6204925892753823,0.593156,2.226281
P45,shape_sorter_interaction,1,shape_sorter_interaction_s1_37.000,37.0,39.0,arousal,1,face,svm,face_geometry,10,0.5812787212787213,1,0.5072845953115976,0.73777,2.705043
P45,shape_sorter_interaction,1,shape_sorter_interaction_s1_37.000,37.0,39.0,arousal,2,multimodal,logreg,all_eeg_plus_face,20,0.5596503496503497,0,0.4690122073203155,1.202203,1.9365120000000002
P45,shape_sorter_interaction,1,shape_sorter_interaction_s1_37.000,37.0,39.0,arousal,3,eeg,svm,paper_compact,10,0.5583616383616384,1,0.4368472280407901,0.481323,1.710966
P45,shape_sorter_interaction,1,shape_sorter_interaction_s1_37.000,37.0,39.0,valence,1,eeg,gnb,hjorth,10,0.5845833333333333,0,0.07982213482079648,0.37981,1.47218
P45,shape_sorter_interaction,1,shape_sorter_interaction_s1_37.000,37.0,39.0,valence,2,face,svm,face_geometry,10,0.5797222222222222,0,0.5517160403935834,0.325399,1.578763
P45,shape_sorter_interaction,1,shape_sorter_interaction_s1_37.000,37.0,39.0,valence,3,eeg,gnb,hjorth,8,0.5755555555555556,0,0.07089969800403265,0.37911,1.497531
P45,shape_sorter_interaction,1,shape_sorter_interaction_s1_38.000,38.0,40.0,arousal,1,face,svm,face_geometry,10,0.5812787212787213,1,0.5072840965322009,0.583356,2.6794919999999998
P45,shape_sorter_interaction,1,shape_sorter_interaction_s1_38.000,38.0,40.0,arousal,2,multimodal,logreg,all_eeg_plus_face,20,0.5596503496503497,1,0.5018771418059491,1.860861,3.0433420000000004
P45,shape_sorter_interaction,1,shape_sorter_interaction_s1_38.000,38.0,40.0,arousal,3,eeg,svm,paper_compact,10,0.5583616383616384,1,0.43725111396501937,0.759381,2.661283
P45,shape_sorter_interaction,1,shape_sorter_interaction_s1_38.000,38.0,40.0,valence,1,eeg,gnb,hjorth,10,0.5845833333333333,1,0.6966248364413126,0.619216,2.249801
P45,shape_sorter_interaction,1,shape_sorter_interaction_s1_38.000,38.0,40.0,valence,2,face,svm,face_geometry,10,0.5797222222222222,0,0.5587166849698417,0.510504,2.071696
P45,shape_sorter_interaction,1,shape_sorter_interaction_s1_38.000,38.0,40.0,valence,3,eeg,gnb,hjorth,8,0.5755555555555556,1,0.8248958327026874,0.37437,1.4196879999999998
P45,shape_sorter_interaction,1,shape_sorter_interaction_s1_39.000,39.0,41.0,arousal,1,face,svm,face_geometry,10,0.5812787212787213,1,0.5072781175883249,0.37924,1.8026389999999999
P45,shape_sorter_interaction,1,shape_sorter_interaction_s1_39.000,39.0,41.0,arousal,2,multimodal,logreg,all_eeg_plus_face,20,0.5596503496503497,0,0.46665364073560694,1.200502,1.9527029999999999
P45,shape_sorter_interaction,1,shape_sorter_interaction_s1_39.000,39.0,41.0,arousal,3,eeg,svm,paper_compact,10,0.5583616383616384,1,0.4309594940662357,0.487243,1.7624779999999998
P45,shape_sorter_interaction,1,shape_sorter_interaction_s1_39.000,39.0,41.0,valence,1,eeg,gnb,hjorth,10,0.5845833333333333,0,0.4758174395749423,0.381,1.45465
P45,shape_sorter_interaction,1,shape_sorter_interaction_s1_39.000,39.0,41.0,valence,2,face,svm,face_geometry,10,0.5797222222222222,0,0.41903154066031156,0.329549,1.606584
P45,shape_sorter_interaction,1,shape_sorter_interaction_s1_39.000,39.0,41.0,valence,3,eeg,gnb,hjorth,8,0.5755555555555556,0,0.4533373042383322,0.38134,1.438139
P45,shape_sorter_interaction,1,shape_sorter_interaction_s1_40.000,40.0,42.0,arousal,1,face,svm,face_geometry,10,0.5812787212787213,1,0.5072777465863479,0.388,1.800009
P45,shape_sorter_interaction,1,shape_sorter_interaction_s1_40.000,40.0,42.0,arousal,2,multimodal,logreg,all_eeg_plus_face,20,0.5596503496503497,0,0.39391878720668577,1.178612,1.979863
P45,shape_sorter_interaction,1,shape_sorter_interaction_s1_40.000,40.0,42.0,arousal,3,eeg,svm,paper_compact,10,0.5583616383616384,1,0.4482157605509289,0.492743,1.7575180000000001
P45,shape_sorter_interaction,1,shape_sorter_interaction_s1_40.000,40.0,42.0,valence,1,eeg,gnb,hjorth,10,0.5845833333333333,0,0.06283679433605399,0.38385,1.46341
P45,shape_sorter_interaction,1,shape_sorter_interaction_s1_40.000,40.0,42.0,valence,2,face,svm,face_geometry,10,0.5797222222222222,0,0.4754624917694789,0.334919,1.598664
P45,shape_sorter_interaction,1,shape_sorter_interaction_s1_40.000,40.0,42.0,valence,3,eeg,gnb,hjorth,8,0.5755555555555556,0,0.06596063255576515,0.38806,1.4341789999999999
P45,shape_sorter_interaction,1,shape_sorter_interaction_s1_41.000,41.0,43.0,arousal,1,face,svm,face_geometry,10,0.5812787212787213,1,0.5112995011270555,0.37656,1.808389
P45,shape_sorter_interaction,1,shape_sorter_interaction_s1_41.000,41.0,43.0,arousal,2,multimodal,logreg,all_eeg_plus_face,20,0.5596503496503497,0,0.46543608864309305,1.174142,1.964433
P45,shape_sorter_interaction,1,shape_sorter_interaction_s1_41.000,41.0,43.0,arousal,3,eeg,svm,paper_compact,10,0.5583616383616384,1,0.45031984908451417,0.498584,1.726667
P45,shape_sorter_interaction,1,shape_sorter_interaction_s1_41.000,41.0,43.0,valence,1,eeg,gnb,hjorth,10,0.5845833333333333,0,0.1962415504721886,0.3826,1.490481
P45,shape_sorter_interaction,1,shape_sorter_interaction_s1_41.000,41.0,43.0,valence,2,face,svm,face_geometry,10,0.5797222222222222,0,0.545038982839573,0.331149,1.5833019999999998
P45,shape_sorter_interaction,1,shape_sorter_interaction_s1_41.000,41.0,43.0,valence,3,eeg,gnb,hjorth,8,0.5755555555555556,0,0.19195243975769483,0.38126,1.4483700000000002
P45,shape_sorter_interaction,1,shape_sorter_interaction_s1_42.000,42.0,44.0,arousal,1,face,svm,face_geometry,10,0.5812787212787213,1,0.5046492223661787,0.567736,2.743585
P45,shape_sorter_interaction,1,shape_sorter_interaction_s1_42.000,42.0,44.0,arousal,2,multimodal,logreg,all_eeg_plus_face,20,0.5596503496503497,0,0.43319905467138825,1.868491,1.964103
P45,shape_sorter_interaction,1,shape_sorter_interaction_s1_42.000,42.0,44.0,arousal,3,eeg,svm,paper_compact,10,0.5583616383616384,1,0.5210630271556829,0.485013,1.7621280000000001
P45,shape_sorter_interaction,1,shape_sorter_interaction_s1_42.000,42.0,44.0,valence,1,eeg,gnb,hjorth,10,0.5845833333333333,0,0.030284436010925803,0.38586,1.4720399999999998
P45,shape_sorter_interaction,1,shape_sorter_interaction_s1_42.000,42.0,44.0,valence,2,face,svm,face_geometry,10,0.5797222222222222,0,0.5068558192647714,0.329979,1.631414
P45,shape_sorter_interaction,1,shape_sorter_interaction_s1_42.000,42.0,44.0,valence,3,eeg,gnb,hjorth,8,0.5755555555555556,0,0.03031544492416055,0.386041,1.4475889999999998
P45,shape_sorter_interaction,1,shape_sorter_interaction_s1_43.000,43.0,45.0,arousal,1,face,svm,face_geometry,10,0.5812787212787213,1,0.5076045131943074,0.37475,1.7847179999999998
P45,shape_sorter_interaction,1,shape_sorter_interaction_s1_43.000,43.0,45.0,arousal,2,multimodal,logreg,all_eeg_plus_face,20,0.5596503496503497,0,0.46102801235091634,1.187183,1.940762
P45,shape_sorter_interaction,1,shape_sorter_interaction_s1_43.000,43.0,45.0,arousal,3,eeg,svm,paper_compact,10,0.5583616383616384,0,0.41476774493286267,0.504963,1.723487
P45,shape_sorter_interaction,1,shape_sorter_interaction_s1_43.000,43.0,45.0,valence,1,eeg,gnb,hjorth,10,0.5845833333333333,0,0.011794342042688272,0.37986,1.452739
P45,shape_sorter_interaction,1,shape_sorter_interaction_s1_43.000,43.0,45.0,valence,2,face,svm,face_geometry,10,0.5797222222222222,0,0.5641700636149303,0.35786,1.5978630000000003
P45,shape_sorter_interaction,1,shape_sorter_interaction_s1_43.000,43.0,45.0,valence,3,eeg,gnb,hjorth,8,0.5755555555555556,0,0.011315078106744014,0.382261,1.433198
P45,shape_sorter_interaction,1,shape_sorter_interaction_s1_44.000,44.0,46.0,arousal,1,face,svm,face_geometry,10,0.5812787212787213,1,0.5088226467093659,0.37905,1.812729
P45,shape_sorter_interaction,1,shape_sorter_interaction_s1_44.000,44.0,46.0,arousal,2,multimodal,logreg,all_eeg_plus_face,20,0.5596503496503497,1,0.5386599944168972,1.232874,1.9566929999999998
P45,shape_sorter_interaction,1,shape_sorter_interaction_s1_44.000,44.0,46.0,arousal,3,eeg,svm,paper_compact,10,0.5583616383616384,0,0.4174867351225949,0.488554,2.007274
P45,shape_sorter_interaction,1,shape_sorter_interaction_s1_44.000,44.0,46.0,valence,1,eeg,gnb,hjorth,10,0.5845833333333333,0,0.27772477823661634,0.594606,2.332983
P45,shape_sorter_interaction,1,shape_sorter_interaction_s1_44.000,44.0,46.0,valence,2,face,svm,face_geometry,10,0.5797222222222222,0,0.5579167174109603,0.512073,2.446047
P45,shape_sorter_interaction,1,shape_sorter_interaction_s1_44.000,44.0,46.0,valence,3,eeg,gnb,hjorth,8,0.5755555555555556,0,0.29519936217180986,0.638217,2.225851
P45,shape_sorter_interaction,1,shape_sorter_interaction_s1_45.000,45.0,47.0,arousal,1,face,svm,face_geometry,10,0.5812787212787213,1,0.5039747085036078,0.564355,2.675602
P45,shape_sorter_interaction,1,shape_sorter_interaction_s1_45.000,45.0,47.0,arousal,2,multimodal,logreg,all_eeg_plus_face,20,0.5596503496503497,0,0.3652368257895879,1.796979,3.054892
P45,shape_sorter_interaction,1,shape_sorter_interaction_s1_45.000,45.0,47.0,arousal,3,eeg,svm,paper_compact,10,0.5583616383616384,0,0.28834860793736466,0.758051,2.6999440000000003
P45,shape_sorter_interaction,1,shape_sorter_interaction_s1_45.000,45.0,47.0,valence,1,eeg,gnb,hjorth,10,0.5845833333333333,1,0.9575718449916097,0.590066,2.245701
P45,shape_sorter_interaction,1,shape_sorter_interaction_s1_45.000,45.0,47.0,valence,2,face,svm,face_geometry,10,0.5797222222222222,0,0.5557548243549477,0.532834,2.444687
P45,shape_sorter_interaction,1,shape_sorter_interaction_s1_45.000,45.0,47.0,valence,3,eeg,gnb,hjorth,8,0.5755555555555556,1,0.9459035008920437,0.591136,2.308052
P45,shape_sorter_interaction,1,shape_sorter_interaction_s1_46.000,46.0,48.0,arousal,1,face,svm,face_geometry,10,0.5812787212787213,1,0.5061259441324943,0.3749,1.762908
P45,shape_sorter_interaction,1,shape_sorter_interaction_s1_46.000,46.0,48.0,arousal,2,multimodal,logreg,all_eeg_plus_face,20,0.5596503496503497,0,0.23858826304509756,1.238704,1.936023
P45,shape_sorter_interaction,1,shape_sorter_interaction_s1_46.000,46.0,48.0,arousal,3,eeg,svm,paper_compact,10,0.5583616383616384,0,0.20880330418060297,0.483173,2.105597
P45,shape_sorter_interaction,1,shape_sorter_interaction_s1_46.000,46.0,48.0,valence,1,eeg,gnb,hjorth,10,0.5845833333333333,1,0.9206447659188078,0.595936,2.3345140000000004
P45,shape_sorter_interaction,1,shape_sorter_interaction_s1_46.000,46.0,48.0,valence,2,face,svm,face_geometry,10,0.5797222222222222,0,0.5433568694113327,0.515584,2.458906
P45,shape_sorter_interaction,1,shape_sorter_interaction_s1_46.000,46.0,48.0,valence,3,eeg,gnb,hjorth,8,0.5755555555555556,1,0.9072376148029536,0.678438,2.2521709999999997
P45,shape_sorter_interaction,1,shape_sorter_interaction_s1_47.000,47.0,49.0,arousal,1,face,svm,face_geometry,10,0.5812787212787213,1,0.5082795183176896,0.562435,2.4589369999999997
P45,shape_sorter_interaction,1,shape_sorter_interaction_s1_47.000,47.0,49.0,arousal,2,multimodal,logreg,all_eeg_plus_face,20,0.5596503496503497,0,0.23221360715424358,1.188362,1.995395
P45,shape_sorter_interaction,1,shape_sorter_interaction_s1_47.000,47.0,49.0,arousal,3,eeg,svm,paper_compact,10,0.5583616383616384,0,0.264233049359058,0.490443,1.7607879999999998
P45,shape_sorter_interaction,1,shape_sorter_interaction_s1_47.000,47.0,49.0,valence,1,eeg,gnb,hjorth,10,0.5845833333333333,1,0.9183525721988859,0.385431,1.536371
P45,shape_sorter_interaction,1,shape_sorter_interaction_s1_47.000,47.0,49.0,valence,2,face,svm,face_geometry,10,0.5797222222222222,0,0.5653142481553396,0.333439,1.6216339999999998
P45,shape_sorter_interaction,1,shape_sorter_interaction_s1_47.000,47.0,49.0,valence,3,eeg,gnb,hjorth,8,0.5755555555555556,1,0.9098863198578798,0.383571,1.522801
P45,shape_sorter_interaction,1,shape_sorter_interaction_s1_48.000,48.0,50.0,arousal,1,face,svm,face_geometry,10,0.5812787212787213,1,0.507594920282071,0.585946,2.685802
P45,shape_sorter_interaction,1,shape_sorter_interaction_s1_48.000,48.0,50.0,arousal,2,multimodal,logreg,all_eeg_plus_face,20,0.5596503496503497,0,0.4265996460015996,1.716947,1.8851509999999998
P45,shape_sorter_interaction,1,shape_sorter_interaction_s1_48.000,48.0,50.0,arousal,3,eeg,svm,paper_compact,10,0.5583616383616384,0,0.3339667922208945,0.470023,1.675565
P45,shape_sorter_interaction,1,shape_sorter_interaction_s1_48.000,48.0,50.0,valence,1,eeg,gnb,hjorth,10,0.5845833333333333,1,0.6160743465864601,0.369,1.4129779999999998
P45,shape_sorter_interaction,1,shape_sorter_interaction_s1_48.000,48.0,50.0,valence,2,face,svm,face_geometry,10,0.5797222222222222,0,0.6056740341616417,0.321018,1.540963
P45,shape_sorter_interaction,1,shape_sorter_interaction_s1_48.000,48.0,50.0,valence,3,eeg,gnb,hjorth,8,0.5755555555555556,1,0.6203828962099602,0.36983,1.3863990000000002
P45,shape_sorter_interaction,1,shape_sorter_interaction_s1_49.000,49.0,51.0,arousal,1,face,svm,face_geometry,10,0.5812787212787213,1,0.5078564476708667,0.611647,3.453073
P45,shape_sorter_interaction,1,shape_sorter_interaction_s1_49.000,49.0,51.0,arousal,2,multimodal,logreg,all_eeg_plus_face,20,0.5596503496503497,0,0.43927419982979915,1.258064,1.884722
P45,shape_sorter_interaction,1,shape_sorter_interaction_s1_49.000,49.0,51.0,arousal,3,eeg,svm,paper_compact,10,0.5583616383616384,0,0.3847394714387707,0.477473,1.6635650000000002
P45,shape_sorter_interaction,1,shape_sorter_interaction_s1_49.000,49.0,51.0,valence,1,eeg,gnb,hjorth,10,0.5845833333333333,0,0.12467590632774642,0.3687,1.4118069999999998
P45,shape_sorter_interaction,1,shape_sorter_interaction_s1_49.000,49.0,51.0,valence,2,face,svm,face_geometry,10,0.5797222222222222,0,0.5737980751800101,0.34143,1.534101
P45,shape_sorter_interaction,1,shape_sorter_interaction_s1_49.000,49.0,51.0,valence,3,eeg,gnb,hjorth,8,0.5755555555555556,0,0.16323291449797395,0.3725,1.394957
P45,shape_sorter_interaction,1,shape_sorter_interaction_s1_50.000,50.0,52.0,arousal,1,face,svm,face_geometry,10,0.5812787212787213,1,0.5074166879256777,0.849553,1.85385
P45,shape_sorter_interaction,1,shape_sorter_interaction_s1_50.000,50.0,52.0,arousal,2,multimodal,logreg,all_eeg_plus_face,20,0.5596503496503497,0,0.29323877738968135,1.166802,1.9404819999999998
P45,shape_sorter_interaction,1,shape_sorter_interaction_s1_50.000,50.0,52.0,arousal,3,eeg,svm,paper_compact,10,0.5583616383616384,0,0.33197995169349287,0.486883,1.721047
P45,shape_sorter_interaction,1,shape_sorter_interaction_s1_50.000,50.0,52.0,valence,1,eeg,gnb,hjorth,10,0.5845833333333333,1,0.8096882596324231,0.382141,1.447669
P45,shape_sorter_interaction,1,shape_sorter_interaction_s1_50.000,50.0,52.0,valence,2,face,svm,face_geometry,10,0.5797222222222222,0,0.5788739746904679,0.328809,1.594083
P45,shape_sorter_interaction,1,shape_sorter_interaction_s1_50.000,50.0,52.0,valence,3,eeg,gnb,hjorth,8,0.5755555555555556,1,0.7886814101110811,0.381401,1.425239
P45,shape_sorter_interaction,1,shape_sorter_interaction_s1_51.000,51.0,53.0,arousal,1,face,svm,face_geometry,10,0.5812787212787213,1,0.5072781430433663,0.37535,1.7775279999999998
P45,shape_sorter_interaction,1,shape_sorter_interaction_s1_51.000,51.0,53.0,arousal,2,multimodal,logreg,all_eeg_plus_face,20,0.5596503496503497,0,0.28935985666699077,1.195532,1.949432
P45,shape_sorter_interaction,1,shape_sorter_interaction_s1_51.000,51.0,53.0,arousal,3,eeg,svm,paper_compact,10,0.5583616383616384,0,0.36720485640365724,0.486523,1.8537309999999998
P45,shape_sorter_interaction,1,shape_sorter_interaction_s1_51.000,51.0,53.0,valence,1,eeg,gnb,hjorth,10,0.5845833333333333,0,0.42458561862594374,0.590126,2.243142
P45,shape_sorter_interaction,1,shape_sorter_interaction_s1_51.000,51.0,53.0,valence,2,face,svm,face_geometry,10,0.5797222222222222,0,0.4362174122672495,0.513314,2.449095
P45,shape_sorter_interaction,1,shape_sorter_interaction_s1_51.000,51.0,53.0,valence,3,eeg,gnb,hjorth,8,0.5755555555555556,1,0.5130306775502285,0.589696,2.62638
P45,shape_sorter_interaction,1,shape_sorter_interaction_s1_52.000,52.0,54.0,arousal,1,face,svm,face_geometry,10,0.5812787212787213,1,0.507351493727358,0.37138,1.787519
P45,shape_sorter_interaction,1,shape_sorter_interaction_s1_52.000,52.0,54.0,arousal,2,multimodal,logreg,all_eeg_plus_face,20,0.5596503496503497,0,0.31473454883661645,1.181982,1.937372
P45,shape_sorter_interaction,1,shape_sorter_interaction_s1_52.000,52.0,54.0,arousal,3,eeg,svm,paper_compact,10,0.5583616383616384,0,0.3798848619975447,0.486713,1.763198
P45,shape_sorter_interaction,1,shape_sorter_interaction_s1_52.000,52.0,54.0,valence,1,eeg,gnb,hjorth,10,0.5845833333333333,0,0.27304399069252117,0.38102,1.46427
P45,shape_sorter_interaction,1,shape_sorter_interaction_s1_52.000,52.0,54.0,valence,2,face,svm,face_geometry,10,0.5797222222222222,0,0.43602691972808144,0.327008,1.604584
P45,shape_sorter_interaction,1,shape_sorter_interaction_s1_52.000,52.0,54.0,valence,3,eeg,gnb,hjorth,8,0.5755555555555556,0,0.2279292925749554,0.38151,1.4350990000000001
P45,shape_sorter_interaction,1,shape_sorter_interaction_s1_53.000,53.0,55.0,arousal,1,face,svm,face_geometry,10,0.5812787212787213,1,0.5073819058989583,0.563315,1.84336
P45,shape_sorter_interaction,1,shape_sorter_interaction_s1_53.000,53.0,55.0,arousal,2,multimodal,logreg,all_eeg_plus_face,20,0.5596503496503497,0,0.300861021688873,1.162842,1.970114
P45,shape_sorter_interaction,1,shape_sorter_interaction_s1_53.000,53.0,55.0,arousal,3,eeg,svm,paper_compact,10,0.5583616383616384,0,0.2575511545303,0.486243,1.7352569999999998
P45,shape_sorter_interaction,1,shape_sorter_interaction_s1_53.000,53.0,55.0,valence,1,eeg,gnb,hjorth,10,0.5845833333333333,1,0.9699627715890151,0.379811,1.449229
P45,shape_sorter_interaction,1,shape_sorter_interaction_s1_53.000,53.0,55.0,valence,2,face,svm,face_geometry,10,0.5797222222222222,0,0.5079089581876041,0.327408,1.613224
P45,shape_sorter_interaction,1,shape_sorter_interaction_s1_53.000,53.0,55.0,valence,3,eeg,gnb,hjorth,8,0.5755555555555556,1,0.9615112645200286,0.38312,1.439719
P45,shape_sorter_interaction,1,shape_sorter_interaction_s1_54.000,54.0,56.0,arousal,1,face,svm,face_geometry,10,0.5812787212787213,1,0.5074604671200882,0.560855,2.7541349999999998
P45,shape_sorter_interaction,1,shape_sorter_interaction_s1_54.000,54.0,56.0,arousal,2,multimodal,logreg,all_eeg_plus_face,20,0.5596503496503497,0,0.42702821282979136,1.828529,3.035502
P45,shape_sorter_interaction,1,shape_sorter_interaction_s1_54.000,54.0,56.0,arousal,3,eeg,svm,paper_compact,10,0.5583616383616384,1,0.42133608594223493,0.794191,2.671882
P45,shape_sorter_interaction,1,shape_sorter_interaction_s1_54.000,54.0,56.0,valence,1,eeg,gnb,hjorth,10,0.5845833333333333,1,0.9021189754026885,0.596236,1.8869410000000002
P45,shape_sorter_interaction,1,shape_sorter_interaction_s1_54.000,54.0,56.0,valence,2,face,svm,face_geometry,10,0.5797222222222222,0,0.5549097379939455,0.328008,1.5780129999999999
P45,shape_sorter_interaction,1,shape_sorter_interaction_s1_54.000,54.0,56.0,valence,3,eeg,gnb,hjorth,8,0.5755555555555556,1,0.8742886919572677,0.38802,1.4233479999999998
P45,shape_sorter_interaction,1,shape_sorter_interaction_s1_55.000,55.0,57.0,arousal,1,face,svm,face_geometry,10,0.5812787212787213,1,0.5072802388970239,0.563996,2.761905
P45,shape_sorter_interaction,1,shape_sorter_interaction_s1_55.000,55.0,57.0,arousal,2,multimodal,logreg,all_eeg_plus_face,20,0.5596503496503497,1,0.6111026262823374,1.167812,1.952023
P45,shape_sorter_interaction,1,shape_sorter_interaction_s1_55.000,55.0,57.0,arousal,3,eeg,svm,paper_compact,10,0.5583616383616384,1,0.6388087770281732,0.488183,1.714336
P45,shape_sorter_interaction,1,shape_sorter_interaction_s1_55.000,55.0,57.0,valence,1,eeg,gnb,hjorth,10,0.5845833333333333,0,1.3357856787106294e-08,0.38139,1.47027
P45,shape_sorter_interaction,1,shape_sorter_interaction_s1_55.000,55.0,57.0,valence,2,face,svm,face_geometry,10,0.5797222222222222,0,0.46975017486398035,0.328739,1.5820720000000001
P45,shape_sorter_interaction,1,shape_sorter_interaction_s1_55.000,55.0,57.0,valence,3,eeg,gnb,hjorth,8,0.5755555555555556,0,1.8268390810241446e-08,0.38194,1.4971109999999999
P45,shape_sorter_interaction,1,shape_sorter_interaction_s1_56.000,56.0,58.0,arousal,1,face,svm,face_geometry,10,0.5812787212787213,1,0.507268953972775,0.379201,1.8453300000000001
P45,shape_sorter_interaction,1,shape_sorter_interaction_s1_56.000,56.0,58.0,arousal,2,multimodal,logreg,all_eeg_plus_face,20,0.5596503496503497,0,0.4714882916422099,1.169032,2.0252250000000003
P45,shape_sorter_interaction,1,shape_sorter_interaction_s1_56.000,56.0,58.0,arousal,3,eeg,svm,paper_compact,10,0.5583616383616384,1,0.6048546859275715,0.670799,2.705043
P45,shape_sorter_interaction,1,shape_sorter_interaction_s1_56.000,56.0,58.0,valence,1,eeg,gnb,hjorth,10,0.5845833333333333,0,5.597735983855771e-10,0.599516,2.248011
P45,shape_sorter_interaction,1,shape_sorter_interaction_s1_56.000,56.0,58.0,valence,2,face,svm,face_geometry,10,0.5797222222222222,0,0.5098102386777679,0.509474,2.565189
P45,shape_sorter_interaction,1,shape_sorter_interaction_s1_56.000,56.0,58.0,valence,3,eeg,gnb,hjorth,8,0.5755555555555556,0,8.104011336568657e-10,0.595286,2.278602
P45,shape_sorter_interaction,1,shape_sorter_interaction_s1_57.000,57.0,59.0,arousal,1,face,svm,face_geometry,10,0.5812787212787213,1,0.5063488223522655,0.562685,2.683273
P45,shape_sorter_interaction,1,shape_sorter_interaction_s1_57.000,57.0,59.0,arousal,2,multimodal,logreg,all_eeg_plus_face,20,0.5596503496503497,0,0.28624447962906047,1.469941,1.9200620000000002
P45,shape_sorter_interaction,1,shape_sorter_interaction_s1_57.000,57.0,59.0,arousal,3,eeg,svm,paper_compact,10,0.5583616383616384,0,0.33941351834375943,0.500124,1.7223359999999999
P45,shape_sorter_interaction,1,shape_sorter_interaction_s1_57.000,57.0,59.0,valence,1,eeg,gnb,hjorth,10,0.5845833333333333,0,3.497633975252407e-05,0.38197,1.45623
P45,shape_sorter_interaction,1,shape_sorter_interaction_s1_57.000,57.0,59.0,valence,2,face,svm,face_geometry,10,0.5797222222222222,0,0.5342044874436089,0.34965,1.581583
P45,shape_sorter_interaction,1,shape_sorter_interaction_s1_57.000,57.0,59.0,valence,3,eeg,gnb,hjorth,8,0.5755555555555556,0,6.305215517607409e-05,0.380691,1.430548
P45,shape_sorter_interaction,1,shape_sorter_interaction_s1_58.000,58.0,60.0,arousal,1,face,svm,face_geometry,10,0.5812787212787213,1,0.5064419437435744,0.37302,1.7923689999999999
P45,shape_sorter_interaction,1,shape_sorter_interaction_s1_58.000,58.0,60.0,arousal,2,multimodal,logreg,all_eeg_plus_face,20,0.5596503496503497,0,0.4132111113317881,1.167202,1.953443
P45,shape_sorter_interaction,1,shape_sorter_interaction_s1_58.000,58.0,60.0,arousal,3,eeg,svm,paper_compact,10,0.5583616383616384,0,0.33595241508458257,0.495153,1.7165059999999999
P45,shape_sorter_interaction,1,shape_sorter_interaction_s1_58.000,58.0,60.0,valence,1,eeg,gnb,hjorth,10,0.5845833333333333,0,0.0012425963123102802,0.37791,1.446399
P45,shape_sorter_interaction,1,shape_sorter_interaction_s1_58.000,58.0,60.0,valence,2,face,svm,face_geometry,10,0.5797222222222222,0,0.4970122271429944,0.36555,1.582873
P45,shape_sorter_interaction,1,shape_sorter_interaction_s1_58.000,58.0,60.0,valence,3,eeg,gnb,hjorth,8,0.5755555555555556,0,0.0018105113760693166,0.38268,1.4362689999999998
P45,shape_sorter_interaction,1,shape_sorter_interaction_s1_59.000,59.0,61.0,arousal,1,face,svm,face_geometry,10,0.5812787212787213,1,0.5075912075697553,0.611046,2.7303040000000003
P45,shape_sorter_interaction,1,shape_sorter_interaction_s1_59.000,59.0,61.0,arousal,2,multimodal,logreg,all_eeg_plus_face,20,0.5596503496503497,1,0.5148082066892236,1.863781,3.063271
P45,shape_sorter_interaction,1,shape_sorter_interaction_s1_59.000,59.0,61.0,arousal,3,eeg,svm,paper_compact,10,0.5583616383616384,0,0.3680648730687366,0.766711,2.757326
P45,shape_sorter_interaction,1,shape_sorter_interaction_s1_59.000,59.0,61.0,valence,1,eeg,gnb,hjorth,10,0.5845833333333333,0,0.24791236871193537,0.600777,1.5416809999999999
P45,shape_sorter_interaction,1,shape_sorter_interaction_s1_59.000,59.0,61.0,valence,2,face,svm,face_geometry,10,0.5797222222222222,0,0.5520045007610432,0.327699,1.588193
P45,shape_sorter_interaction,1,shape_sorter_interaction_s1_59.000,59.0,61.0,valence,3,eeg,gnb,hjorth,8,0.5755555555555556,0,0.23871161655337042,0.379341,1.4420089999999999
P45,shape_sorter_interaction,1,shape_sorter_interaction_s1_60.000,60.0,62.0,arousal,1,face,svm,face_geometry,10,0.5812787212787213,1,0.5074890971950002,0.805692,2.410735
P45,shape_sorter_interaction,1,shape_sorter_interaction_s1_60.000,60.0,62.0,arousal,2,multimodal,logreg,all_eeg_plus_face,20,0.5596503496503497,0,0.37765383553788934,1.157672,1.973983
P45,shape_sorter_interaction,1,shape_sorter_interaction_s1_60.000,60.0,62.0,arousal,3,eeg,svm,paper_compact,10,0.5583616383616384,0,0.26833500323842097,0.486323,1.7159360000000001
P45,shape_sorter_interaction,1,shape_sorter_interaction_s1_60.000,60.0,62.0,valence,1,eeg,gnb,hjorth,10,0.5845833333333333,1,0.8760666519019056,0.388071,1.460109
P45,shape_sorter_interaction,1,shape_sorter_interaction_s1_60.000,60.0,62.0,valence,2,face,svm,face_geometry,10,0.5797222222222222,0,0.5473946599248004,0.335309,1.591513
P45,shape_sorter_interaction,1,shape_sorter_interaction_s1_60.000,60.0,62.0,valence,3,eeg,gnb,hjorth,8,0.5755555555555556,1,0.8683737595040738,0.388171,1.439999
P45,shape_sorter_interaction,1,shape_sorter_interaction_s1_61.000,61.0,63.0,arousal,1,face,svm,face_geometry,10,0.5812787212787213,1,0.5072863160843761,0.390771,1.8755819999999999
P45,shape_sorter_interaction,1,shape_sorter_interaction_s1_61.000,61.0,63.0,arousal,2,multimodal,logreg,all_eeg_plus_face,20,0.5596503496503497,0,0.2534476386772681,1.902181,3.367021
P45,shape_sorter_interaction,1,shape_sorter_interaction_s1_61.000,61.0,63.0,arousal,3,eeg,svm,paper_compact,10,0.5583616383616384,0,0.21641735111457108,0.490233,1.7457669999999998
P45,shape_sorter_interaction,1,shape_sorter_interaction_s1_61.000,61.0,63.0,valence,1,eeg,gnb,hjorth,10,0.5845833333333333,1,0.9671835940576679,0.383211,1.4661590000000002
P45,shape_sorter_interaction,1,shape_sorter_interaction_s1_61.000,61.0,63.0,valence,2,face,svm,face_geometry,10,0.5797222222222222,0,0.5324132613083268,0.331149,1.609613
P45,shape_sorter_interaction,1,shape_sorter_interaction_s1_61.000,61.0,63.0,valence,3,eeg,gnb,hjorth,8,0.5755555555555556,1,0.9574559794951284,0.385381,1.446839
P45,shape_sorter_interaction,1,shape_sorter_interaction_s1_62.000,62.0,64.0,arousal,1,face,svm,face_geometry,10,0.5812787212787213,1,0.5071486407682431,0.573185,2.8144859999999996
P45,shape_sorter_interaction,1,shape_sorter_interaction_s1_62.000,62.0,64.0,arousal,2,multimodal,logreg,all_eeg_plus_face,20,0.5596503496503497,0,0.4328883238489008,1.807518,3.052182
P45,shape_sorter_interaction,1,shape_sorter_interaction_s1_62.000,62.0,64.0,arousal,3,eeg,svm,paper_compact,10,0.5583616383616384,0,0.22357497198994786,0.755691,2.766605
P45,shape_sorter_interaction,1,shape_sorter_interaction_s1_62.000,62.0,64.0,valence,1,eeg,gnb,hjorth,10,0.5845833333333333,1,0.9682915241801715,0.590926,2.337703
P45,shape_sorter_interaction,1,shape_sorter_interaction_s1_62.000,62.0,64.0,valence,2,face,svm,face_geometry,10,0.5797222222222222,0,0.5642417955580008,0.511804,2.5668290000000002
P45,shape_sorter_interaction,1,shape_sorter_interaction_s1_62.000,62.0,64.0,valence,3,eeg,gnb,hjorth,8,0.5755555555555556,1,0.9589274173413261,0.592156,2.21789
P45,shape_sorter_interaction,1,shape_sorter_interaction_s1_63.000,63.0,65.0,arousal,1,face,svm,face_geometry,10,0.5812787212787213,1,0.5078461969259103,0.37642,1.7994789999999998
P45,shape_sorter_interaction,1,shape_sorter_interaction_s1_63.000,63.0,65.0,arousal,2,multimodal,logreg,all_eeg_plus_face,20,0.5596503496503497,0,0.39059903765789716,1.183502,1.962143
P45,shape_sorter_interaction,1,shape_sorter_interaction_s1_63.000,63.0,65.0,arousal,3,eeg,svm,paper_compact,10,0.5583616383616384,0,0.3657187951927663,0.489773,1.7180279999999999
P45,shape_sorter_interaction,1,shape_sorter_interaction_s1_63.000,63.0,65.0,valence,1,eeg,gnb,hjorth,10,0.5845833333333333,1,0.815366047757869,0.381771,1.493781
P45,shape_sorter_interaction,1,shape_sorter_interaction_s1_63.000,63.0,65.0,valence,2,face,svm,face_geometry,10,0.5797222222222222,0,0.5790388958380448,0.330739,1.5805030000000002
P45,shape_sorter_interaction,1,shape_sorter_interaction_s1_63.000,63.0,65.0,valence,3,eeg,gnb,hjorth,8,0.5755555555555556,1,0.802293636658765,0.38337,1.452529
P45,shape_sorter_interaction,1,shape_sorter_interaction_s1_64.000,64.0,66.0,arousal,1,face,svm,face_geometry,10,0.5812787212787213,1,0.508392549416385,0.37988,1.795719
P45,shape_sorter_interaction,1,shape_sorter_interaction_s1_64.000,64.0,66.0,arousal,2,multimodal,logreg,all_eeg_plus_face,20,0.5596503496503497,0,0.37683543863720675,1.193832,1.946303
P45,shape_sorter_interaction,1,shape_sorter_interaction_s1_64.000,64.0,66.0,arousal,3,eeg,svm,paper_compact,10,0.5583616383616384,1,0.47802330542847443,0.495904,1.754047
P45,shape_sorter_interaction,1,shape_sorter_interaction_s1_64.000,64.0,66.0,valence,1,eeg,gnb,hjorth,10,0.5845833333333333,1,0.7977674867743564,0.38432,1.455499
P45,shape_sorter_interaction,1,shape_sorter_interaction_s1_64.000,64.0,66.0,valence,2,face,svm,face_geometry,10,0.5797222222222222,0,0.5791876584912532,0.330989,1.590144
P45,shape_sorter_interaction,1,shape_sorter_interaction_s1_64.000,64.0,66.0,valence,3,eeg,gnb,hjorth,8,0.5755555555555556,1,0.751080066247853,0.381801,1.436529
P45,shape_sorter_interaction,1,shape_sorter_interaction_s1_65.000,65.0,67.0,arousal,1,face,svm,face_geometry,10,0.5812787212787213,1,0.5069830531733787,0.37496,1.780648
P45,shape_sorter_interaction,1,shape_sorter_interaction_s1_65.000,65.0,67.0,arousal,2,multimodal,logreg,all_eeg_plus_face,20,0.5596503496503497,0,0.34074551575191164,1.184532,1.953743
P45,shape_sorter_interaction,1,shape_sorter_interaction_s1_65.000,65.0,67.0,arousal,3,eeg,svm,paper_compact,10,0.5583616383616384,0,0.34189611186841345,0.491293,1.743137
P45,shape_sorter_interaction,1,shape_sorter_interaction_s1_65.000,65.0,67.0,valence,1,eeg,gnb,hjorth,10,0.5845833333333333,1,0.7922661119032319,0.3822,1.454609
P45,shape_sorter_interaction,1,shape_sorter_interaction_s1_65.000,65.0,67.0,valence,2,face,svm,face_geometry,10,0.5797222222222222,0,0.5515010429906377,0.329969,1.604164
P45,shape_sorter_interaction,1,shape_sorter_interaction_s1_65.000,65.0,67.0,valence,3,eeg,gnb,hjorth,8,0.5755555555555556,1,0.745210747469077,0.382171,1.4345379999999999
P45,shape_sorter_interaction,1,shape_sorter_interaction_s1_66.000,66.0,68.0,arousal,1,face,svm,face_geometry,10,0.5812787212787213,1,0.5068513360340777,0.37395,1.811839
P45,shape_sorter_interaction,1,shape_sorter_interaction_s1_66.000,66.0,68.0,arousal,2,multimodal,logreg,all_eeg_plus_face,20,0.5596503496503497,0,0.41463662281103725,1.189562,1.955264
P45,shape_sorter_interaction,1,shape_sorter_interaction_s1_66.000,66.0,68.0,arousal,3,eeg,svm,paper_compact,10,0.5583616383616384,0,0.2784003468150404,0.487713,1.749518
P45,shape_sorter_interaction,1,shape_sorter_interaction_s1_66.000,66.0,68.0,valence,1,eeg,gnb,hjorth,10,0.5845833333333333,1,0.8037372954394207,0.38171,1.452569
P45,shape_sorter_interaction,1,shape_sorter_interaction_s1_66.000,66.0,68.0,valence,2,face,svm,face_geometry,10,0.5797222222222222,0,0.5565327659829953,0.327669,1.605063
P45,shape_sorter_interaction,1,shape_sorter_interaction_s1_66.000,66.0,68.0,valence,3,eeg,gnb,hjorth,8,0.5755555555555556,1,0.7844060571707016,0.38251,1.436109
P45,shape_sorter_interaction,1,shape_sorter_interaction_s1_67.000,67.0,69.0,arousal,1,face,svm,face_geometry,10,0.5812787212787213,1,0.50696400650038,0.37462,1.778718
P45,shape_sorter_interaction,1,shape_sorter_interaction_s1_67.000,67.0,69.0,arousal,2,multimodal,logreg,all_eeg_plus_face,20,0.5596503496503497,0,0.4456271062254975,1.158931,1.933633
P45,shape_sorter_interaction,1,shape_sorter_interaction_s1_67.000,67.0,69.0,arousal,3,eeg,svm,paper_compact,10,0.5583616383616384,0,0.3542138529811782,0.504354,1.707137
P45,shape_sorter_interaction,1,shape_sorter_interaction_s1_67.000,67.0,69.0,valence,1,eeg,gnb,hjorth,10,0.5845833333333333,1,0.7773592266147172,0.38899,1.45327
P45,shape_sorter_interaction,1,shape_sorter_interaction_s1_67.000,67.0,69.0,valence,2,face,svm,face_geometry,10,0.5797222222222222,0,0.6034256901543545,0.330999,1.585223
P45,shape_sorter_interaction,1,shape_sorter_interaction_s1_67.000,67.0,69.0,valence,3,eeg,gnb,hjorth,8,0.5755555555555556,1,0.7271065776421444,0.385791,1.428549
P45,shape_sorter_interaction,1,shape_sorter_interaction_s1_68.000,68.0,70.0,arousal,1,face,svm,face_geometry,10,0.5812787212787213,1,0.5072876876709004,0.374751,1.801677
P45,shape_sorter_interaction,1,shape_sorter_interaction_s1_68.000,68.0,70.0,arousal,2,multimodal,logreg,all_eeg_plus_face,20,0.5596503496503497,0,0.25945661545246984,1.179131,1.9644340000000002
P45,shape_sorter_interaction,1,shape_sorter_interaction_s1_68.000,68.0,70.0,arousal,3,eeg,svm,paper_compact,10,0.5583616383616384,0,0.2765956959918483,0.501694,1.7245270000000001
P45,shape_sorter_interaction,1,shape_sorter_interaction_s1_68.000,68.0,70.0,valence,1,eeg,gnb,hjorth,10,0.5845833333333333,0,0.0020599733200429445,0.385921,1.49333
P45,shape_sorter_interaction,1,shape_sorter_interaction_s1_68.000,68.0,70.0,valence,2,face,svm,face_geometry,10,0.5797222222222222,0,0.5199725221251523,0.333749,1.589413
P45,shape_sorter_interaction,1,shape_sorter_interaction_s1_68.000,68.0,70.0,valence,3,eeg,gnb,hjorth,8,0.5755555555555556,0,0.0019131420049084459,0.38625,1.437659
P45,shape_sorter_interaction,1,shape_sorter_interaction_s1_69.000,69.0,71.0,arousal,1,face,svm,face_geometry,10,0.5812787212787213,1,0.5073194888808613,0.576306,2.679762
P45,shape_sorter_interaction,1,shape_sorter_interaction_s1_69.000,69.0,71.0,arousal,2,multimodal,logreg,all_eeg_plus_face,20,0.5596503496503497,0,0.3113612840980674,1.908622,3.026761
P45,shape_sorter_interaction,1,shape_sorter_interaction_s1_69.000,69.0,71.0,arousal,3,eeg,svm,paper_compact,10,0.5583616383616384,0,0.2560195718462652,0.76603,2.6793630000000004
P45,shape_sorter_interaction,1,shape_sorter_interaction_s1_69.000,69.0,71.0,valence,1,eeg,gnb,hjorth,10,0.5845833333333333,0,0.01812836068807993,0.617887,2.645131
P45,shape_sorter_interaction,1,shape_sorter_interaction_s1_69.000,69.0,71.0,valence,2,face,svm,face_geometry,10,0.5797222222222222,0,0.5334298516668331,0.654287,2.339384
P45,shape_sorter_interaction,1,shape_sorter_interaction_s1_69.000,69.0,71.0,valence,3,eeg,gnb,hjorth,8,0.5755555555555556,0,0.013532909365550367,0.377281,1.423379
P45,shape_sorter_interaction,1,shape_sorter_interaction_s1_70.000,70.0,72.0,arousal,1,face,svm,face_geometry,10,0.5812787212787213,1,0.5072927217000669,0.37045,1.7986689999999999
P45,shape_sorter_interaction,1,shape_sorter_interaction_s1_70.000,70.0,72.0,arousal,2,multimodal,logreg,all_eeg_plus_face,20,0.5596503496503497,0,0.34515695530805374,1.176362,1.945072
P45,shape_sorter_interaction,1,shape_sorter_interaction_s1_70.000,70.0,72.0,arousal,3,eeg,svm,paper_compact,10,0.5583616383616384,1,0.4798303299590524,0.507304,1.7330379999999999
P45,shape_sorter_interaction,1,shape_sorter_interaction_s1_70.000,70.0,72.0,valence,1,eeg,gnb,hjorth,10,0.5845833333333333,1,0.664285830229756,0.386261,1.455739
P45,shape_sorter_interaction,1,shape_sorter_interaction_s1_70.000,70.0,72.0,valence,2,face,svm,face_geometry,10,0.5797222222222222,0,0.5126696342984179,0.352949,1.583123
P45,shape_sorter_interaction,1,shape_sorter_interaction_s1_70.000,70.0,72.0,valence,3,eeg,gnb,hjorth,8,0.5755555555555556,1,0.6114350539326334,0.38374,1.429939
P45,shape_sorter_interaction,1,shape_sorter_interaction_s1_71.000,71.0,73.0,arousal,1,face,svm,face_geometry,10,0.5812787212787213,1,0.5072781194728513,0.72902,2.579191
P45,shape_sorter_interaction,1,shape_sorter_interaction_s1_71.000,71.0,73.0,arousal,2,multimodal,logreg,all_eeg_plus_face,20,0.5596503496503497,0,0.4075136908139461,1.204783,1.9469929999999998
P45,shape_sorter_interaction,1,shape_sorter_interaction_s1_71.000,71.0,73.0,arousal,3,eeg,svm,paper_compact,10,0.5583616383616384,1,0.4707109426119565,0.487583,1.7125460000000001
P45,shape_sorter_interaction,1,shape_sorter_interaction_s1_71.000,71.0,73.0,valence,1,eeg,gnb,hjorth,10,0.5845833333333333,0,0.00028711864489605176,0.410881,1.4647290000000002
P45,shape_sorter_interaction,1,shape_sorter_interaction_s1_71.000,71.0,73.0,valence,2,face,svm,face_geometry,10,0.5797222222222222,0,0.423906735992023,0.331449,1.590043
P45,shape_sorter_interaction,1,shape_sorter_interaction_s1_71.000,71.0,73.0,valence,3,eeg,gnb,hjorth,8,0.5755555555555556,0,0.00027852574549645277,0.436392,1.433889
P45,shape_sorter_interaction,1,shape_sorter_interaction_s1_72.000,72.0,74.0,arousal,1,face,svm,face_geometry,10,0.5812787212787213,1,0.5099993341628362,0.570635,2.670334
P45,shape_sorter_interaction,1,shape_sorter_interaction_s1_72.000,72.0,74.0,arousal,2,multimodal,logreg,all_eeg_plus_face,20,0.5596503496503497,0,0.4883246776004019,1.822769,3.0458320000000003
P45,shape_sorter_interaction,1,shape_sorter_interaction_s1_72.000,72.0,74.0,arousal,3,eeg,svm,paper_compact,10,0.5583616383616384,1,0.435655808949671,0.75904,2.684253
P45,shape_sorter_interaction,1,shape_sorter_interaction_s1_72.000,72.0,74.0,valence,1,eeg,gnb,hjorth,10,0.5845833333333333,0,7.335006479767343e-05,0.594936,2.242281
P45,shape_sorter_interaction,1,shape_sorter_interaction_s1_72.000,72.0,74.0,valence,2,face,svm,face_geometry,10,0.5797222222222222,0,0.506494572482529,0.568325,1.888261
P45,shape_sorter_interaction,1,shape_sorter_interaction_s1_72.000,72.0,74.0,valence,3,eeg,gnb,hjorth,8,0.5755555555555556,0,0.00010592769455361473,0.37043,1.4038290000000002
P45,shape_sorter_interaction,1,shape_sorter_interaction_s1_73.000,73.0,75.0,arousal,1,face,svm,face_geometry,10,0.5812787212787213,1,0.5072781175629049,0.556356,2.661341
P45,shape_sorter_interaction,1,shape_sorter_interaction_s1_73.000,73.0,75.0,arousal,2,multimodal,logreg,all_eeg_plus_face,20,0.5596503496503497,0,0.4030986029015873,1.836359,3.069843
P45,shape_sorter_interaction,1,shape_sorter_interaction_s1_73.000,73.0,75.0,arousal,3,eeg,svm,paper_compact,10,0.5583616383616384,1,0.4792108948131583,0.760111,2.743124
P45,shape_sorter_interaction,1,shape_sorter_interaction_s1_73.000,73.0,75.0,valence,1,eeg,gnb,hjorth,10,0.5845833333333333,0,6.611255511750673e-06,0.592646,2.240511
P45,shape_sorter_interaction,1,shape_sorter_interaction_s1_73.000,73.0,75.0,valence,2,face,svm,face_geometry,10,0.5797222222222222,0,0.41350488856956724,0.569095,2.477378
P45,shape_sorter_interaction,1,shape_sorter_interaction_s1_73.000,73.0,75.0,valence,3,eeg,gnb,hjorth,8,0.5755555555555556,0,1.7842304230727083e-05,0.594846,2.291492
P45,shape_sorter_interaction,1,shape_sorter_interaction_s1_74.000,74.0,76.0,arousal,1,face,svm,face_geometry,10,0.5812787212787213,1,0.507278117609666,0.557335,2.692332
P45,shape_sorter_interaction,1,shape_sorter_interaction_s1_74.000,74.0,76.0,arousal,2,multimodal,logreg,all_eeg_plus_face,20,0.5596503496503497,0,0.470575456566809,1.804859,3.054212
P45,shape_sorter_interaction,1,shape_sorter_interaction_s1_74.000,74.0,76.0,arousal,3,eeg,svm,paper_compact,10,0.5583616383616384,1,0.4244194568127253,0.75547,2.6789829999999997
P45,shape_sorter_interaction,1,shape_sorter_interaction_s1_74.000,74.0,76.0,valence,1,eeg,gnb,hjorth,10,0.5845833333333333,0,4.3738621460291786e-10,0.591766,2.242141
P45,shape_sorter_interaction,1,shape_sorter_interaction_s1_74.000,74.0,76.0,valence,2,face,svm,face_geometry,10,0.5797222222222222,0,0.421734847788969,0.508544,2.436126
P45,shape_sorter_interaction,1,shape_sorter_interaction_s1_74.000,74.0,76.0,valence,3,eeg,gnb,hjorth,8,0.5755555555555556,0,6.082567451302727e-10,0.591866,2.282032
P45,shape_sorter_interaction,1,shape_sorter_interaction_s1_75.000,75.0,77.0,arousal,1,face,svm,face_geometry,10,0.5812787212787213,1,0.5072781175612405,0.37288,1.8669509999999998
P45,shape_sorter_interaction,1,shape_sorter_interaction_s1_75.000,75.0,77.0,arousal,2,multimodal,logreg,all_eeg_plus_face,20,0.5596503496503497,1,0.599655604549442,1.172853,1.9456930000000001
P45,shape_sorter_interaction,1,shape_sorter_interaction_s1_75.000,75.0,77.0,arousal,3,eeg,svm,paper_compact,10,0.5583616383616384,1,0.501387100965186,0.487703,1.7192370000000001
P45,shape_sorter_interaction,1,shape_sorter_interaction_s1_75.000,75.0,77.0,valence,1,eeg,gnb,hjorth,10,0.5845833333333333,0,6.037327432409299e-08,0.38135,1.5375910000000002
P45,shape_sorter_interaction,1,shape_sorter_interaction_s1_75.000,75.0,77.0,valence,2,face,svm,face_geometry,10,0.5797222222222222,0,0.4256155304240811,0.512884,2.449266
P45,shape_sorter_interaction,1,shape_sorter_interaction_s1_75.000,75.0,77.0,valence,3,eeg,gnb,hjorth,8,0.5755555555555556,0,5.7360695506953155e-08,0.610876,2.225061
P45,shape_sorter_interaction,1,shape_sorter_interaction_s1_76.000,76.0,78.0,arousal,1,face,svm,face_geometry,10,0.5812787212787213,1,0.5072781175608515,0.3748,1.80538
P45,shape_sorter_interaction,1,shape_sorter_interaction_s1_76.000,76.0,78.0,arousal,2,multimodal,logreg,all_eeg_plus_face,20,0.5596503496503497,1,0.5837173011527581,2.277631,2.95776
P45,shape_sorter_interaction,1,shape_sorter_interaction_s1_76.000,76.0,78.0,arousal,3,eeg,svm,paper_compact,10,0.5583616383616384,1,0.4436587044553605,0.484153,1.716767
P45,shape_sorter_interaction,1,shape_sorter_interaction_s1_76.000,76.0,78.0,valence,1,eeg,gnb,hjorth,10,0.5845833333333333,0,0.15108448325641105,0.431352,1.458239
P45,shape_sorter_interaction,1,shape_sorter_interaction_s1_76.000,76.0,78.0,valence,2,face,svm,face_geometry,10,0.5797222222222222,0,0.4279025618090089,0.326839,1.568982
P45,shape_sorter_interaction,1,shape_sorter_interaction_s1_76.000,76.0,78.0,valence,3,eeg,gnb,hjorth,8,0.5755555555555556,0,0.17358500390479814,0.463242,2.226471
P45,shape_sorter_interaction,1,shape_sorter_interaction_s1_77.000,77.0,79.0,arousal,1,face,svm,face_geometry,10,0.5812787212787213,1,0.5072781175607171,0.518544,2.469787
P45,shape_sorter_interaction,1,shape_sorter_interaction_s1_77.000,77.0,79.0,arousal,2,multimodal,logreg,all_eeg_plus_face,20,0.5596503496503497,0,0.43078076095305284,1.821419,3.0371319999999997
P45,shape_sorter_interaction,1,shape_sorter_interaction_s1_77.000,77.0,79.0,arousal,3,eeg,svm,paper_compact,10,0.5583616383616384,0,0.38185334845013735,0.7571,2.667782
P45,shape_sorter_interaction,1,shape_sorter_interaction_s1_77.000,77.0,79.0,valence,1,eeg,gnb,hjorth,10,0.5845833333333333,0,0.00039627928194603594,0.592476,2.2240010000000003
P45,shape_sorter_interaction,1,shape_sorter_interaction_s1_77.000,77.0,79.0,valence,2,face,svm,face_geometry,10,0.5797222222222222,0,0.4279491432094656,0.511304,2.466237
P45,shape_sorter_interaction,1,shape_sorter_interaction_s1_77.000,77.0,79.0,valence,3,eeg,gnb,hjorth,8,0.5755555555555556,0,0.0010788135804912133,0.591906,2.299242
