participant,task,segment_id,window_id,window_start_s,window_end_s,target,model_rank,modality,classifier,canonical_p_high,canonical_hard_prediction,causal_p_high,causal_hard_prediction,probability_difference,absolute_probability_difference,hard_agree
P27,pick_place,1,pick_place_s1_20.000,20.0,22.0,arousal,1,eeg,gnb,0.8219598985864138,1,0.33795079818847584,0,-0.484009100397938,0.484009100397938,False
P27,pick_place,1,pick_place_s1_21.000,21.0,23.0,arousal,1,eeg,gnb,0.9402762511526268,1,0.670411362494126,1,-0.2698648886585008,0.2698648886585008,True
P27,pick_place,1,pick_place_s1_22.000,22.0,24.0,arousal,1,eeg,gnb,0.9151546054972836,1,0.7679629990448296,1,-0.147191606452454,0.147191606452454,True
P27,pick_place,1,pick_place_s1_23.000,23.0,25.0,arousal,1,eeg,gnb,0.7671926566506097,1,0.45480362082197495,0,-0.3123890358286347,0.3123890358286347,False
P27,pick_place,1,pick_place_s1_24.000,24.0,26.0,arousal,1,eeg,gnb,0.6877125269320368,1,0.14055688700655428,0,-0.5471556399254824,0.5471556399254824,False
P27,pick_place,1,pick_place_s1_25.000,25.0,27.0,arousal,1,eeg,gnb,0.9924361750154724,1,0.954557941810642,1,-0.037878233204830414,0.037878233204830414,True
P27,pick_place,1,pick_place_s1_26.000,26.0,28.0,arousal,1,eeg,gnb,0.9980017141113342,1,0.9817877362690218,1,-0.016213977842312377,0.016213977842312377,True
P27,pick_place,1,pick_place_s1_27.000,27.0,29.0,arousal,1,eeg,gnb,0.9999504680458556,1,0.999768984075642,1,-0.00018148397021366947,0.00018148397021366947,True
P27,pick_place,1,pick_place_s1_28.000,28.0,30.0,arousal,1,eeg,gnb,0.9988475046352686,1,0.9965114336864849,1,-0.0023360709487837417,0.0023360709487837417,True
P27,pick_place,1,pick_place_s1_29.000,29.0,31.0,arousal,1,eeg,gnb,0.8859892916757326,1,0.5024380432826636,1,-0.383551248393069,0.383551248393069,True
P27,pick_place,1,pick_place_s1_30.000,30.0,32.0,arousal,1,eeg,gnb,0.8387898745411686,1,0.3825194134268645,0,-0.4562704611143041,0.4562704611143041,False
P27,pick_place,1,pick_place_s1_31.000,31.0,33.0,arousal,1,eeg,gnb,0.8820305348659254,1,0.5679339010627571,1,-0.3140966338031683,0.3140966338031683,True
P27,pick_place,1,pick_place_s1_32.000,32.0,34.0,arousal,1,eeg,gnb,0.9560376377288532,1,0.692380510972957,1,-0.26365712675589614,0.26365712675589614,True
P27,pick_place,1,pick_place_s1_33.000,33.0,35.0,arousal,1,eeg,gnb,0.9966335929060096,1,0.973870966981829,1,-0.022762625924180657,0.022762625924180657,True
P27,pick_place,1,pick_place_s1_34.000,34.0,36.0,arousal,1,eeg,gnb,0.8638546854648319,1,0.6795249447883922,1,-0.1843297406764397,0.1843297406764397,True
P27,pick_place,1,pick_place_s1_35.000,35.0,37.0,arousal,1,eeg,gnb,0.9744450474221028,1,0.8695196168837783,1,-0.10492543053832448,0.10492543053832448,True
P27,pick_place,1,pick_place_s1_36.000,36.0,38.0,arousal,1,eeg,gnb,0.0761533180931449,0,0.005806690314981363,0,-0.07034662777816354,0.07034662777816354,True
P27,pick_place,1,pick_place_s1_37.000,37.0,39.0,arousal,1,eeg,gnb,0.2892453790148731,0,0.0930014162502988,0,-0.19624396276457434,0.19624396276457434,True
P27,pick_place,1,pick_place_s1_38.000,38.0,40.0,arousal,1,eeg,gnb,0.9782841868993016,1,0.9593382739163276,1,-0.01894591298297399,0.01894591298297399,True
P27,pick_place,1,pick_place_s1_39.000,39.0,41.0,arousal,1,eeg,gnb,3.0715839045665895e-42,0,1.8904578148432927e-56,0,-3.0715839045665704e-42,3.0715839045665704e-42,True
P27,pick_place,1,pick_place_s1_40.000,40.0,42.0,arousal,1,eeg,gnb,0.0051684258968405,0,3.1934952021451062e-06,0,-0.005165232401638355,0.005165232401638355,True
P27,shape_sorter_interaction,1,shape_sorter_interaction_s1_22.000,22.0,24.0,arousal,1,eeg,gnb,0.9874369944986872,1,0.8983797355923708,1,-0.08905725890631633,0.08905725890631633,True
P27,shape_sorter_interaction,1,shape_sorter_interaction_s1_23.000,23.0,25.0,arousal,1,eeg,gnb,0.9895217826787472,1,0.8939211990739352,1,-0.09560058360481205,0.09560058360481205,True
P27,shape_sorter_interaction,1,shape_sorter_interaction_s1_24.000,24.0,26.0,arousal,1,eeg,gnb,0.949801025349121,1,0.6581621423485625,1,-0.2916388830005585,0.2916388830005585,True
P27,shape_sorter_interaction,1,shape_sorter_interaction_s1_25.000,25.0,27.0,arousal,1,eeg,gnb,0.4198917689593153,0,0.05995861988728686,0,-0.35993314907202845,0.35993314907202845,True
P27,shape_sorter_interaction,1,shape_sorter_interaction_s1_26.000,26.0,28.0,arousal,1,eeg,gnb,0.4944178881127614,0,0.03581791584430128,0,-0.4585999722684601,0.4585999722684601,True
P27,shape_sorter_interaction,1,shape_sorter_interaction_s1_27.000,27.0,29.0,arousal,1,eeg,gnb,4.645342188815151e-08,0,1.8507509332979516e-08,0,-2.7945912555171995e-08,2.7945912555171995e-08,True
P27,shape_sorter_interaction,1,shape_sorter_interaction_s1_28.000,28.0,30.0,arousal,1,eeg,gnb,6.642962146091139e-22,0,2.5741237270504124e-32,0,-6.642962145833727e-22,6.642962145833727e-22,True
P27,shape_sorter_interaction,1,shape_sorter_interaction_s1_29.000,29.0,31.0,arousal,1,eeg,gnb,0.0304385507380715,0,0.00025037424930337914,0,-0.030188176488768124,0.030188176488768124,True
P27,shape_sorter_interaction,1,shape_sorter_interaction_s1_30.000,30.0,32.0,arousal,1,eeg,gnb,4.6432514811911786e-14,0,1.7137522723986807e-20,0,-4.643249767438906e-14,4.643249767438906e-14,True
P27,shape_sorter_interaction,1,shape_sorter_interaction_s1_31.000,31.0,33.0,arousal,1,eeg,gnb,2.444322574816887e-05,0,4.158171296709236e-09,0,-2.443906757687216e-05,2.443906757687216e-05,True
P27,shape_sorter_interaction,1,shape_sorter_interaction_s1_32.000,32.0,34.0,arousal,1,eeg,gnb,0.3701886475920281,0,0.02764020180993427,0,-0.3425484457820938,0.3425484457820938,True
P27,shape_sorter_interaction,1,shape_sorter_interaction_s1_33.000,33.0,35.0,arousal,1,eeg,gnb,0.0931445018910572,0,0.005615037032410013,0,-0.0875294648586472,0.0875294648586472,True
P27,shape_sorter_interaction,1,shape_sorter_interaction_s1_34.000,34.0,36.0,arousal,1,eeg,gnb,0.5154792230165336,1,0.14210389808524518,0,-0.37337532493128844,0.37337532493128844,False
P27,shape_sorter_interaction,1,shape_sorter_interaction_s1_35.000,35.0,37.0,arousal,1,eeg,gnb,0.9518292031717096,1,0.38578540074131357,0,-0.566043802430396,0.566043802430396,False
P27,shape_sorter_interaction,1,shape_sorter_interaction_s1_36.000,36.0,38.0,arousal,1,eeg,gnb,0.8675100146782052,1,0.11041964515483424,0,-0.7570903695233709,0.7570903695233709,False
P27,shape_sorter_interaction,1,shape_sorter_interaction_s1_37.000,37.0,39.0,arousal,1,eeg,gnb,0.597791937480482,1,0.01954717769164416,0,-0.5782447597888378,0.5782447597888378,False
P27,shape_sorter_interaction,1,shape_sorter_interaction_s1_38.000,38.0,40.0,arousal,1,eeg,gnb,0.9068822671859936,1,0.6562364613187012,1,-0.25064580586729246,0.25064580586729246,True
P27,shape_sorter_interaction,1,shape_sorter_interaction_s1_39.000,39.0,41.0,arousal,1,eeg,gnb,0.1067510638750239,0,0.012204465475921843,0,-0.09454659839910205,0.09454659839910205,True
P27,shape_sorter_interaction,1,shape_sorter_interaction_s1_40.000,40.0,42.0,arousal,1,eeg,gnb,0.1558146458488841,0,0.02551087686922979,0,-0.13030376897965432,0.13030376897965432,True
P27,shape_sorter_interaction,1,shape_sorter_interaction_s1_41.000,41.0,43.0,arousal,1,eeg,gnb,5.379720156121615e-05,0,2.4543134975679786e-07,0,-5.355177021145935e-05,5.355177021145935e-05,True
P27,shape_sorter_interaction,1,shape_sorter_interaction_s1_42.000,42.0,44.0,arousal,1,eeg,gnb,0.0125879796806573,0,0.0002461801261905471,0,-0.012341799554466754,0.012341799554466754,True
P27,shape_sorter_interaction,1,shape_sorter_interaction_s1_43.000,43.0,45.0,arousal,1,eeg,gnb,0.6143707694821635,1,0.18769956752788608,0,-0.42667120195427743,0.42667120195427743,False
P27,shape_sorter_interaction,1,shape_sorter_interaction_s1_44.000,44.0,46.0,arousal,1,eeg,gnb,0.6799970829624902,1,0.1750366615336982,0,-0.5049604214287919,0.5049604214287919,False
P27,shape_sorter_interaction,1,shape_sorter_interaction_s1_45.000,45.0,47.0,arousal,1,eeg,gnb,0.9098690398394714,1,0.14367140609515408,0,-0.7661976337443174,0.7661976337443174,False
P27,shape_sorter_interaction,1,shape_sorter_interaction_s1_46.000,46.0,48.0,arousal,1,eeg,gnb,0.0004041893922452,0,1.190704749875545e-06,0,-0.0004029986874953244,0.0004029986874953244,True
P27,shape_sorter_interaction,1,shape_sorter_interaction_s1_47.000,47.0,49.0,arousal,1,eeg,gnb,1.6877300099019743e-06,0,2.9964184047583044e-08,0,-1.6577658258543914e-06,1.6577658258543914e-06,True
P27,shape_sorter_interaction,1,shape_sorter_interaction_s1_48.000,48.0,50.0,arousal,1,eeg,gnb,1.2382875092061355e-09,0,4.1194623800904296e-13,0,-1.2378755629681264e-09,1.2378755629681264e-09,True
P27,shape_sorter_interaction,1,shape_sorter_interaction_s1_49.000,49.0,51.0,arousal,1,eeg,gnb,4.090916217926831e-13,0,9.280232244830427e-19,0,-4.090906937694586e-13,4.090906937694586e-13,True
P27,shape_sorter_interaction,1,shape_sorter_interaction_s1_50.000,50.0,52.0,arousal,1,eeg,gnb,2.5257975988922207e-05,0,1.9298500646641946e-07,0,-2.5064990982455786e-05,2.5064990982455786e-05,True
P27,shape_sorter_interaction,1,shape_sorter_interaction_s1_51.000,51.0,53.0,arousal,1,eeg,gnb,0.2687101475861505,0,0.015879354697740017,0,-0.2528307928884105,0.2528307928884105,True
P27,shape_sorter_interaction,1,shape_sorter_interaction_s1_52.000,52.0,54.0,arousal,1,eeg,gnb,0.3384627115986139,0,0.07909896700918567,0,-0.25936374458942824,0.25936374458942824,True
P27,shape_sorter_interaction,1,shape_sorter_interaction_s1_53.000,53.0,55.0,arousal,1,eeg,gnb,0.1681495764794865,0,0.013148329299187429,0,-0.15500124718029906,0.15500124718029906,True
P27,shape_sorter_interaction,1,shape_sorter_interaction_s1_54.000,54.0,56.0,arousal,1,eeg,gnb,0.022696794441588,0,0.0003795667034025714,0,-0.02231722773818543,0.02231722773818543,True
P27,shape_sorter_interaction,1,shape_sorter_interaction_s1_55.000,55.0,57.0,arousal,1,eeg,gnb,0.0203693292772219,0,2.4955827953513652e-05,0,-0.020344373449268385,0.020344373449268385,True
P27,shape_sorter_interaction,1,shape_sorter_interaction_s1_56.000,56.0,58.0,arousal,1,eeg,gnb,0.8896218406953543,1,0.005093741345284836,0,-0.8845280993500695,0.8845280993500695,False
P27,shape_sorter_interaction,1,shape_sorter_interaction_s1_57.000,57.0,59.0,arousal,1,eeg,gnb,0.0192253858034752,0,0.0001819988385582195,0,-0.019043386964916982,0.019043386964916982,True
P27,shape_sorter_interaction,1,shape_sorter_interaction_s1_58.000,58.0,60.0,arousal,1,eeg,gnb,0.0035094645095536,0,1.4222859256113963e-05,0,-0.003495241650297486,0.003495241650297486,True
P27,shape_sorter_interaction,1,shape_sorter_interaction_s1_59.000,59.0,61.0,arousal,1,eeg,gnb,0.0125759497729469,0,0.00038506244650474413,0,-0.012190887326442156,0.012190887326442156,True
P27,shape_sorter_interaction,1,shape_sorter_interaction_s1_60.000,60.0,62.0,arousal,1,eeg,gnb,5.979245307809778e-05,0,1.791559783673264e-06,0,-5.8000893294424515e-05,5.8000893294424515e-05,True
P27,shape_sorter_interaction,1,shape_sorter_interaction_s1_61.000,61.0,63.0,arousal,1,eeg,gnb,0.0002552005228301,0,1.0814366374767774e-05,0,-0.0002443861564553322,0.0002443861564553322,True
P27,shape_sorter_interaction,1,shape_sorter_interaction_s1_62.000,62.0,64.0,arousal,1,eeg,gnb,0.2646023745889934,0,0.008842691705504536,0,-0.2557596828834888,0.2557596828834888,True
P27,shape_sorter_interaction,1,shape_sorter_interaction_s1_63.000,63.0,65.0,arousal,1,eeg,gnb,0.996778984043068,1,0.9586763900092935,1,-0.03810259403377447,0.03810259403377447,True
P27,shape_sorter_interaction,1,shape_sorter_interaction_s1_64.000,64.0,66.0,arousal,1,eeg,gnb,0.993491093211788,1,0.978527965263393,1,-0.014963127948394939,0.014963127948394939,True
P27,shape_sorter_interaction,1,shape_sorter_interaction_s1_65.000,65.0,67.0,arousal,1,eeg,gnb,0.9895416018294184,1,0.9671566007688878,1,-0.02238500106053065,0.02238500106053065,True
P27,shape_sorter_interaction,1,shape_sorter_interaction_s1_66.000,66.0,68.0,arousal,1,eeg,gnb,0.9485912813943932,1,0.731099953243141,1,-0.21749132815125216,0.21749132815125216,True
P27,shape_sorter_interaction,1,shape_sorter_interaction_s1_67.000,67.0,69.0,arousal,1,eeg,gnb,0.0258413837065694,0,0.0011058765403214018,0,-0.024735507166248,0.024735507166248,True
P27,shape_sorter_interaction,1,shape_sorter_interaction_s1_68.000,68.0,70.0,arousal,1,eeg,gnb,0.012992373650585,0,0.0006567271936681353,0,-0.012335646456916866,0.012335646456916866,True
P27,shape_sorter_interaction,1,shape_sorter_interaction_s1_69.000,69.0,71.0,arousal,1,eeg,gnb,1.284220281720012e-13,0,9.957567471791741e-21,0,-1.2842201821443372e-13,1.2842201821443372e-13,True
P27,shape_sorter_interaction,1,shape_sorter_interaction_s1_70.000,70.0,72.0,arousal,1,eeg,gnb,1.358130082334022e-12,0,1.0207861080580858e-19,0,-1.3581299802554112e-12,1.3581299802554112e-12,True
P27,shape_sorter_interaction,1,shape_sorter_interaction_s1_71.000,71.0,73.0,arousal,1,eeg,gnb,0.0001691333403602,0,5.305470988796168e-07,0,-0.00016860279326132038,0.00016860279326132038,True
P27,shape_sorter_interaction,1,shape_sorter_interaction_s1_72.000,72.0,74.0,arousal,1,eeg,gnb,0.0022581721834342,0,3.8343519039200124e-05,0,-0.0022198286643949996,0.0022198286643949996,True
P27,shape_sorter_interaction,1,shape_sorter_interaction_s1_73.000,73.0,75.0,arousal,1,eeg,gnb,0.0253394454790143,0,0.00014054352577429045,0,-0.025198901953240007,0.025198901953240007,True
P27,shape_sorter_interaction,1,shape_sorter_interaction_s1_74.000,74.0,76.0,arousal,1,eeg,gnb,0.0237824167451413,0,0.0008635865765650531,0,-0.022918830168576248,0.022918830168576248,True
P27,shape_sorter_interaction,1,shape_sorter_interaction_s1_75.000,75.0,77.0,arousal,1,eeg,gnb,0.3556257827624207,0,0.058753543466507976,0,-0.2968722392959127,0.2968722392959127,True
P27,shape_sorter_interaction,1,shape_sorter_interaction_s1_76.000,76.0,78.0,arousal,1,eeg,gnb,0.0130737188950177,0,0.00016273523979239493,0,-0.012910983655225305,0.012910983655225305,True
P27,shape_sorter_interaction,1,shape_sorter_interaction_s1_77.000,77.0,79.0,arousal,1,eeg,gnb,0.1784457736483502,0,0.0009980115758983488,0,-0.17744776207245186,0.17744776207245186,True
P27,shape_sorter_interaction,1,shape_sorter_interaction_s1_78.000,78.0,80.0,arousal,1,eeg,gnb,0.0007048017122038,0,1.0520430290064527e-06,0,-0.0007037496691747935,0.0007037496691747935,True
P27,shape_sorter_interaction,1,shape_sorter_interaction_s1_79.000,79.0,81.0,arousal,1,eeg,gnb,0.1918123168071255,0,0.006271615954369851,0,-0.18554070085275565,0.18554070085275565,True
P27,shape_sorter_interaction,1,shape_sorter_interaction_s1_80.000,80.0,82.0,arousal,1,eeg,gnb,0.7247439327930448,1,0.02762360746154783,0,-0.697120325331497,0.697120325331497,False
P27,shape_sorter_interaction,1,shape_sorter_interaction_s1_81.000,81.0,83.0,arousal,1,eeg,gnb,0.7824549540614939,1,0.11759287953991515,0,-0.6648620745215787,0.6648620745215787,False
P27,shape_sorter_interaction,1,shape_sorter_interaction_s1_82.000,82.0,84.0,arousal,1,eeg,gnb,0.9145946363906328,1,0.4947659354186819,0,-0.41982870097195085,0.41982870097195085,False
P27,shape_sorter_interaction,1,shape_sorter_interaction_s1_83.000,83.0,85.0,arousal,1,eeg,gnb,0.1201350391975029,0,0.0069371373420987386,0,-0.11319790185540417,0.11319790185540417,True
P27,shape_sorter_interaction,1,shape_sorter_interaction_s1_84.000,84.0,86.0,arousal,1,eeg,gnb,0.2297866229175591,0,0.006785684573970077,0,-0.22300093834358903,0.22300093834358903,True
P27,shape_sorter_interaction,1,shape_sorter_interaction_s1_85.000,85.0,87.0,arousal,1,eeg,gnb,0.1467705737239091,0,0.00751785138964578,0,-0.1392527223342633,0.1392527223342633,True
P27,shape_sorter_interaction,1,shape_sorter_interaction_s1_86.000,86.0,88.0,arousal,1,eeg,gnb,0.0516622535490208,0,0.002712342073112632,0,-0.048949911475908166,0.048949911475908166,True
P27,shape_sorter_interaction,1,shape_sorter_interaction_s1_87.000,87.0,89.0,arousal,1,eeg,gnb,0.6575342765035036,1,0.0008700859513964992,0,-0.6566641905521071,0.6566641905521071,False
P27,shape_sorter_interaction,1,shape_sorter_interaction_s1_88.000,88.0,90.0,arousal,1,eeg,gnb,2.3522976506381397e-07,0,3.36689391975752e-12,0,-2.3522639816989422e-07,2.3522639816989422e-07,True
P27,shape_sorter_interaction,1,shape_sorter_interaction_s1_89.000,89.0,91.0,arousal,1,eeg,gnb,2.535740292421652e-09,0,9.585546951218086e-12,0,-2.5261547454704337e-09,2.5261547454704337e-09,True
P27,shape_sorter_interaction,1,shape_sorter_interaction_s1_90.000,90.0,92.0,arousal,1,eeg,gnb,0.6986405009170179,1,0.09722706560062945,0,-0.6014134353163885,0.6014134353163885,False
P27,shape_sorter_interaction,1,shape_sorter_interaction_s1_91.000,91.0,93.0,arousal,1,eeg,gnb,0.7507422254074674,1,0.070509653969878,0,-0.6802325714375894,0.6802325714375894,False
P27,shape_sorter_interaction,1,shape_sorter_interaction_s1_92.000,92.0,94.0,arousal,1,eeg,gnb,0.658030512303276,1,0.0697318761843981,0,-0.5882986361188779,0.5882986361188779,False
P27,shape_sorter_interaction,1,shape_sorter_interaction_s1_93.000,93.0,95.0,arousal,1,eeg,gnb,9.925212399569425e-06,0,6.057502915193771e-09,0,-9.91915489665423e-06,9.91915489665423e-06,True
P27,shape_sorter_interaction,1,shape_sorter_interaction_s1_94.000,94.0,96.0,arousal,1,eeg,gnb,2.6836102007267816e-08,0,5.32469057538406e-13,0,-2.6835569538210278e-08,2.6835569538210278e-08,True
P27,shape_sorter_observation,1,shape_sorter_observation_s1_21.000,21.0,23.0,arousal,1,eeg,gnb,0.9958324134721452,1,0.9732107375563228,1,-0.022621675915822426,0.022621675915822426,True
P27,shape_sorter_observation,1,shape_sorter_observation_s1_22.000,22.0,24.0,arousal,1,eeg,gnb,0.9856587174359795,1,0.963927966113603,1,-0.021730751322376562,0.021730751322376562,True
P27,shape_sorter_observation,1,shape_sorter_observation_s1_23.000,23.0,25.0,arousal,1,eeg,gnb,0.8386502631820137,1,0.3425629238923957,0,-0.49608733928961807,0.49608733928961807,False
P27,shape_sorter_observation,1,shape_sorter_observation_s1_24.000,24.0,26.0,arousal,1,eeg,gnb,0.9895762572669844,1,0.9367050274967342,1,-0.05287122977025016,0.05287122977025016,True
P27,shape_sorter_observation,1,shape_sorter_observation_s1_25.000,25.0,27.0,arousal,1,eeg,gnb,0.9985055012547096,1,0.9921758169964388,1,-0.006329684258270851,0.006329684258270851,True
P27,shape_sorter_observation,1,shape_sorter_observation_s1_26.000,26.0,28.0,arousal,1,eeg,gnb,0.9969098930608792,1,0.9655485531998053,1,-0.03136133986107392,0.03136133986107392,True
P27,shape_sorter_observation,1,shape_sorter_observation_s1_27.000,27.0,29.0,arousal,1,eeg,gnb,0.9703619335608892,1,0.8901446308028045,1,-0.0802173027580847,0.0802173027580847,True
P27,shape_sorter_observation,1,shape_sorter_observation_s1_28.000,28.0,30.0,arousal,1,eeg,gnb,0.9522133393269516,1,0.8225166262360742,1,-0.12969671309087738,0.12969671309087738,True
P27,shape_sorter_observation,1,shape_sorter_observation_s1_29.000,29.0,31.0,arousal,1,eeg,gnb,0.9895123853763426,1,0.876959162187418,1,-0.11255322318892458,0.11255322318892458,True
P27,shape_sorter_observation,1,shape_sorter_observation_s1_30.000,30.0,32.0,arousal,1,eeg,gnb,0.9914461264314652,1,0.903557229177502,1,-0.0878888972539632,0.0878888972539632,True
P27,shape_sorter_observation,1,shape_sorter_observation_s1_31.000,31.0,33.0,arousal,1,eeg,gnb,0.9754612251588684,1,0.8117260656548841,1,-0.1637351595039842,0.1637351595039842,True
P27,shape_sorter_observation,1,shape_sorter_observation_s1_32.000,32.0,34.0,arousal,1,eeg,gnb,0.9999339851547664,1,0.9993489721280022,1,-0.0005850130267641696,0.0005850130267641696,True
P27,shape_sorter_observation,1,shape_sorter_observation_s1_33.000,33.0,35.0,arousal,1,eeg,gnb,0.9999646723153962,1,0.9996856052061172,1,-0.000279067109279052,0.000279067109279052,True
P27,shape_sorter_observation,1,shape_sorter_observation_s1_34.000,34.0,36.0,arousal,1,eeg,gnb,0.8658004120303232,1,0.48507980850428245,0,-0.38072060352604076,0.38072060352604076,False
P27,shape_sorter_observation,1,shape_sorter_observation_s1_35.000,35.0,37.0,arousal,1,eeg,gnb,0.6118566262805115,1,0.13343679308117334,0,-0.4784198331993382,0.4784198331993382,False
P27,shape_sorter_observation,1,shape_sorter_observation_s1_36.000,36.0,38.0,arousal,1,eeg,gnb,0.6110007556995505,1,0.13607059506628597,0,-0.47493016063326454,0.47493016063326454,False
P27,shape_sorter_observation,1,shape_sorter_observation_s1_37.000,37.0,39.0,arousal,1,eeg,gnb,0.5807419101869351,1,0.033296008408787985,0,-0.5474459017781471,0.5474459017781471,False
P27,shape_sorter_observation,1,shape_sorter_observation_s1_38.000,38.0,40.0,arousal,1,eeg,gnb,0.9457428437192686,1,0.7104339864998999,1,-0.23530885721936878,0.23530885721936878,True
P27,shape_sorter_observation,1,shape_sorter_observation_s1_39.000,39.0,41.0,arousal,1,eeg,gnb,0.9146449903129172,1,0.6588134719768416,1,-0.25583151833607565,0.25583151833607565,True
P27,shape_sorter_observation,1,shape_sorter_observation_s1_40.000,40.0,42.0,arousal,1,eeg,gnb,0.9608559461853252,1,0.8695388677892989,1,-0.09131707839602632,0.09131707839602632,True
P27,shape_sorter_observation,1,shape_sorter_observation_s1_41.000,41.0,43.0,arousal,1,eeg,gnb,0.9548897280243682,1,0.7717737027553013,1,-0.1831160252690669,0.1831160252690669,True
P27,shape_sorter_observation,1,shape_sorter_observation_s1_42.000,42.0,44.0,arousal,1,eeg,gnb,0.4947803457920779,0,0.025663536178534924,0,-0.46911680961354296,0.46911680961354296,True
P27,shape_sorter_observation,1,shape_sorter_observation_s1_43.000,43.0,45.0,arousal,1,eeg,gnb,0.9921154583600382,1,0.885954383241201,1,-0.10616107511883721,0.10616107511883721,True
P27,shape_sorter_observation,1,shape_sorter_observation_s1_44.000,44.0,46.0,arousal,1,eeg,gnb,0.997669692722864,1,0.995281941470329,1,-0.0023877512525349864,0.0023877512525349864,True
P27,shape_sorter_observation,1,shape_sorter_observation_s1_45.000,45.0,47.0,arousal,1,eeg,gnb,0.9003934530388306,1,0.6898539179361685,1,-0.2105395351026621,0.2105395351026621,True
P27,shape_sorter_observation,1,shape_sorter_observation_s1_46.000,46.0,48.0,arousal,1,eeg,gnb,0.423196155537174,0,0.0416982767310906,0,-0.3814978788060834,0.3814978788060834,True
P27,shape_sorter_observation,1,shape_sorter_observation_s1_47.000,47.0,49.0,arousal,1,eeg,gnb,0.967219306608548,1,0.32120373376506345,0,-0.6460155728434847,0.6460155728434847,False
P27,shape_sorter_observation,1,shape_sorter_observation_s1_48.000,48.0,50.0,arousal,1,eeg,gnb,0.992120849153763,1,0.9392986359377701,1,-0.0528222132159929,0.0528222132159929,True
P27,shape_sorter_observation,1,shape_sorter_observation_s1_49.000,49.0,51.0,arousal,1,eeg,gnb,0.742464813194762,1,0.35411803795876684,0,-0.38834677523599515,0.38834677523599515,False
P27,shape_sorter_observation,1,shape_sorter_observation_s1_50.000,50.0,52.0,arousal,1,eeg,gnb,0.4803714155855939,0,0.037604891388891566,0,-0.4427665241967023,0.4427665241967023,True
P27,shape_sorter_observation,1,shape_sorter_observation_s1_51.000,51.0,53.0,arousal,1,eeg,gnb,0.8961014735761915,1,0.7087384023422441,1,-0.18736307123394746,0.18736307123394746,True
P27,shape_sorter_observation,1,shape_sorter_observation_s1_52.000,52.0,54.0,arousal,1,eeg,gnb,0.968441927776659,1,0.8781932003520583,1,-0.09024872742460077,0.09024872742460077,True
P27,shape_sorter_observation,1,shape_sorter_observation_s1_53.000,53.0,55.0,arousal,1,eeg,gnb,0.9890683258634247,1,0.9424903363799045,1,-0.04657798948352021,0.04657798948352021,True
P27,shape_sorter_observation,1,shape_sorter_observation_s1_54.000,54.0,56.0,arousal,1,eeg,gnb,0.875525174508542,1,0.531922217655051,1,-0.34360295685349096,0.34360295685349096,True
P27,shape_sorter_observation,1,shape_sorter_observation_s1_55.000,55.0,57.0,arousal,1,eeg,gnb,0.0061003601341197,0,0.0007941554246686142,0,-0.005306204709451086,0.005306204709451086,True
P27,shape_sorter_observation,1,shape_sorter_observation_s1_56.000,56.0,58.0,arousal,1,eeg,gnb,1.967460259183353e-06,0,4.7164274249130574e-08,0,-1.9202959849342226e-06,1.9202959849342226e-06,True
P27,shape_sorter_observation,1,shape_sorter_observation_s1_57.000,57.0,59.0,arousal,1,eeg,gnb,8.413418570841715e-11,0,4.8362383339501956e-14,0,-8.408582332507765e-11,8.408582332507765e-11,True
P27,shape_sorter_observation,1,shape_sorter_observation_s1_58.000,58.0,60.0,arousal,1,eeg,gnb,0.0007296056740475,0,0.0004514235433576317,0,-0.00027818213068986835,0.00027818213068986835,True
P27,shape_sorter_observation,1,shape_sorter_observation_s1_59.000,59.0,61.0,arousal,1,eeg,gnb,1.8941230520590505e-06,0,2.4458837109968023e-09,0,-1.8916771683480537e-06,1.8916771683480537e-06,True
P27,sisyphus,1,sisyphus_s1_100.000,100.0,102.0,arousal,1,eeg,gnb,1.2243545274683072e-38,0,6.431432643329225e-52,0,-1.224354527468243e-38,1.224354527468243e-38,True
P27,sisyphus,1,sisyphus_s1_101.000,101.0,103.0,arousal,1,eeg,gnb,1.7408757268349216e-63,0,2.7171085204942856e-60,0,2.7153676447674505e-60,2.7153676447674505e-60,True
P27,sisyphus,1,sisyphus_s1_102.000,102.0,104.0,arousal,1,eeg,gnb,4.4419775889414707e-39,0,4.699557723383025e-48,0,-4.441977584241913e-39,4.441977584241913e-39,True
P27,sisyphus,1,sisyphus_s1_103.000,103.0,105.0,arousal,1,eeg,gnb,0.0034280778364215,0,8.436728786216097e-23,0,-0.0034280778364215,0.0034280778364215,True
P27,sisyphus,1,sisyphus_s1_104.000,104.0,106.0,arousal,1,eeg,gnb,7.510392936375452e-37,0,3.6214547377383876e-60,0,-7.510392936375452e-37,7.510392936375452e-37,True
P27,sisyphus,1,sisyphus_s1_105.000,105.0,107.0,arousal,1,eeg,gnb,1.3623753613581095e-34,0,1.1021698450266028e-55,0,-1.3623753613581095e-34,1.3623753613581095e-34,True
P27,sisyphus,1,sisyphus_s1_106.000,106.0,108.0,arousal,1,eeg,gnb,4.1892545493559066e-12,0,4.347002031802013e-19,0,-4.189254114655703e-12,4.189254114655703e-12,True
P27,sisyphus,1,sisyphus_s1_107.000,107.0,109.0,arousal,1,eeg,gnb,0.000259108041685,0,3.2409740992190073e-07,0,-0.0002587839442750781,0.0002587839442750781,True
P27,sisyphus,1,sisyphus_s1_108.000,108.0,110.0,arousal,1,eeg,gnb,0.0027293138309201,0,1.543728821976344e-05,0,-0.0027138765427003365,0.0027138765427003365,True
P27,sisyphus,1,sisyphus_s1_109.000,109.0,111.0,arousal,1,eeg,gnb,4.78545882032277e-10,0,1.896092491064292e-14,0,-4.785269211073664e-10,4.785269211073664e-10,True
P27,sisyphus,1,sisyphus_s1_110.000,110.0,112.0,arousal,1,eeg,gnb,9.732604464283714e-10,0,4.5600210291196444e-14,0,-9.7321484621808e-10,9.7321484621808e-10,True
P27,sisyphus,1,sisyphus_s1_111.000,111.0,113.0,arousal,1,eeg,gnb,5.479826528452893e-212,0,2.611028220380833e-286,0,-5.479826528452893e-212,5.479826528452893e-212,True
P27,sisyphus,1,sisyphus_s1_112.000,112.0,114.0,arousal,1,eeg,gnb,1.228246631303377e-07,0,7.272121682350171e-15,0,-1.2282465585821601e-07,1.2282465585821601e-07,True
P27,sisyphus,1,sisyphus_s1_113.000,113.0,115.0,arousal,1,eeg,gnb,1.887263820976444e-32,0,9.756300913210384e-52,0,-1.887263820976444e-32,1.887263820976444e-32,True
P27,sisyphus,1,sisyphus_s1_114.000,114.0,116.0,arousal,1,eeg,gnb,6.538052914200709e-65,0,2.3840516272187666e-104,0,-6.538052914200709e-65,6.538052914200709e-65,True
P27,sisyphus,1,sisyphus_s1_115.000,115.0,117.0,arousal,1,eeg,gnb,1.3942362648188697e-163,0,3.0633531935914734e-209,0,-1.3942362648188697e-163,1.3942362648188697e-163,True
P27,sisyphus,1,sisyphus_s1_116.000,116.0,118.0,arousal,1,eeg,gnb,1.55013849732013e-241,0,6.1546e-320,0,-1.55013849732013e-241,1.55013849732013e-241,True
P27,sisyphus,1,sisyphus_s1_117.000,117.0,119.0,arousal,1,eeg,gnb,2.8084092953389905e-125,0,1.6414525031733713e-188,0,-2.8084092953389905e-125,2.8084092953389905e-125,True
P27,sisyphus,1,sisyphus_s1_118.000,118.0,120.0,arousal,1,eeg,gnb,7.593014488246133e-68,0,2.2734723770003646e-97,0,-7.593014488246133e-68,7.593014488246133e-68,True
P27,sisyphus,1,sisyphus_s1_119.000,119.0,121.0,arousal,1,eeg,gnb,1.0562058397262612e-10,0,1.1881790782628878e-09,0,1.0825584942902617e-09,1.0825584942902617e-09,True
P27,sisyphus,1,sisyphus_s1_120.000,120.0,122.0,arousal,1,eeg,gnb,1.273597167080763e-13,0,4.2614821815206375e-20,0,-1.2735967409325449e-13,1.2735967409325449e-13,True
P27,sisyphus,1,sisyphus_s1_121.000,121.0,123.0,arousal,1,eeg,gnb,2.375181544691157e-57,0,2.3317739622693044e-74,0,-2.375181544691157e-57,2.375181544691157e-57,True
P27,sisyphus,1,sisyphus_s1_122.000,122.0,124.0,arousal,1,eeg,gnb,1.8418265954506304e-87,0,3.006116990223563e-131,0,-1.8418265954506304e-87,1.8418265954506304e-87,True
P27,sisyphus,1,sisyphus_s1_123.000,123.0,125.0,arousal,1,eeg,gnb,1.248483952722619e-43,0,1.625886675704455e-64,0,-1.248483952722619e-43,1.248483952722619e-43,True
P27,sisyphus,1,sisyphus_s1_124.000,124.0,126.0,arousal,1,eeg,gnb,2.4745431474168512e-24,0,2.5964874597037144e-38,0,-2.474543147416825e-24,2.474543147416825e-24,True
P27,sisyphus,1,sisyphus_s1_125.000,125.0,127.0,arousal,1,eeg,gnb,7.31909371208309e-12,0,1.163297583271608e-17,0,-7.319082079107257e-12,7.319082079107257e-12,True
P27,sisyphus,1,sisyphus_s1_126.000,126.0,128.0,arousal,1,eeg,gnb,2.5524962295631958e-42,0,5.953288967077313e-54,0,-2.5524962295572424e-42,2.5524962295572424e-42,True
P27,sisyphus,1,sisyphus_s1_22.000,22.0,24.0,arousal,1,eeg,gnb,0.4572345929478715,0,0.2478534524898091,0,-0.2093811404580624,0.2093811404580624,True
P27,sisyphus,1,sisyphus_s1_23.000,23.0,25.0,arousal,1,eeg,gnb,0.8689478847144593,1,0.28627253533255964,0,-0.5826753493818997,0.5826753493818997,False
P27,sisyphus,1,sisyphus_s1_24.000,24.0,26.0,arousal,1,eeg,gnb,0.482306644694386,0,0.029472892352320704,0,-0.4528337523420653,0.4528337523420653,True
P27,sisyphus,1,sisyphus_s1_25.000,25.0,27.0,arousal,1,eeg,gnb,1.22238859098437e-35,0,1.2252596380862708e-69,0,-1.22238859098437e-35,1.22238859098437e-35,True
P27,sisyphus,1,sisyphus_s1_26.000,26.0,28.0,arousal,1,eeg,gnb,1.2196721689183677e-32,0,1.8059078406245127e-65,0,-1.2196721689183677e-32,1.2196721689183677e-32,True
P27,sisyphus,1,sisyphus_s1_27.000,27.0,29.0,arousal,1,eeg,gnb,0.872393311821074,1,0.9561410768486888,1,0.08374776502761472,0.08374776502761472,True
P27,sisyphus,1,sisyphus_s1_28.000,28.0,30.0,arousal,1,eeg,gnb,0.9427424050971984,1,0.5574197328630818,1,-0.38532267223411665,0.38532267223411665,True
P27,sisyphus,1,sisyphus_s1_29.000,29.0,31.0,arousal,1,eeg,gnb,0.9004601446785243,1,0.6945101028875091,1,-0.20595004179101517,0.20595004179101517,True
P27,sisyphus,1,sisyphus_s1_30.000,30.0,32.0,arousal,1,eeg,gnb,0.9269399498304952,1,0.5943989897484289,1,-0.33254096008206635,0.33254096008206635,True
P27,sisyphus,1,sisyphus_s1_31.000,31.0,33.0,arousal,1,eeg,gnb,0.0268187752448339,0,0.0003587754143266553,0,-0.026459999830507244,0.026459999830507244,True
P27,sisyphus,1,sisyphus_s1_32.000,32.0,34.0,arousal,1,eeg,gnb,0.5383925958935972,1,0.08165464459370975,0,-0.4567379512998875,0.4567379512998875,False
P27,sisyphus,1,sisyphus_s1_33.000,33.0,35.0,arousal,1,eeg,gnb,0.925976999817038,1,0.6255187780709679,1,-0.30045822174607006,0.30045822174607006,True
P27,sisyphus,1,sisyphus_s1_34.000,34.0,36.0,arousal,1,eeg,gnb,0.9900287120966764,1,0.8470002772027126,1,-0.14302843489396377,0.14302843489396377,True
P27,sisyphus,1,sisyphus_s1_35.000,35.0,37.0,arousal,1,eeg,gnb,0.9404129607362643,1,0.7074050182779383,1,-0.233007942458326,0.233007942458326,True
P27,sisyphus,1,sisyphus_s1_36.000,36.0,38.0,arousal,1,eeg,gnb,0.9898500906239616,1,0.9600546337459898,1,-0.029795456877971804,0.029795456877971804,True
P27,sisyphus,1,sisyphus_s1_37.000,37.0,39.0,arousal,1,eeg,gnb,0.9548468109066084,1,0.8587013698791758,1,-0.09614544102743261,0.09614544102743261,True
P27,sisyphus,1,sisyphus_s1_38.000,38.0,40.0,arousal,1,eeg,gnb,0.8617329303101784,1,0.44544667132550175,0,-0.41628625898467664,0.41628625898467664,False
P27,sisyphus,1,sisyphus_s1_39.000,39.0,41.0,arousal,1,eeg,gnb,0.9134535405740708,1,0.5373463424325244,1,-0.37610719814154636,0.37610719814154636,True
P27,sisyphus,1,sisyphus_s1_40.000,40.0,42.0,arousal,1,eeg,gnb,6.721746269732974e-06,0,2.4897644825030007e-08,0,-6.696848624907943e-06,6.696848624907943e-06,True
P27,sisyphus,1,sisyphus_s1_41.000,41.0,43.0,arousal,1,eeg,gnb,8.60610121519039e-11,0,4.2808039003675946e-16,0,-8.606058407151386e-11,8.606058407151386e-11,True
P27,sisyphus,1,sisyphus_s1_42.000,42.0,44.0,arousal,1,eeg,gnb,0.0434048134307549,0,0.01810408009326341,0,-0.02530073333749149,0.02530073333749149,True
P27,sisyphus,1,sisyphus_s1_43.000,43.0,45.0,arousal,1,eeg,gnb,0.2839907740996891,0,0.06120341725996105,0,-0.22278735683972806,0.22278735683972806,True
P27,sisyphus,1,sisyphus_s1_44.000,44.0,46.0,arousal,1,eeg,gnb,0.9925283181407648,1,0.9582870414169085,1,-0.03424127672385635,0.03424127672385635,True
P27,sisyphus,1,sisyphus_s1_45.000,45.0,47.0,arousal,1,eeg,gnb,0.9382602588383684,1,0.6150369013452404,1,-0.323223357493128,0.323223357493128,True
P27,sisyphus,1,sisyphus_s1_46.000,46.0,48.0,arousal,1,eeg,gnb,0.6354552802931127,1,0.16234111527016326,0,-0.47311416502294945,0.47311416502294945,False
P27,sisyphus,1,sisyphus_s1_47.000,47.0,49.0,arousal,1,eeg,gnb,0.7313449534012728,1,0.2101143737088421,0,-0.5212305796924307,0.5212305796924307,False
P27,sisyphus,1,sisyphus_s1_48.000,48.0,50.0,arousal,1,eeg,gnb,0.8194895052862551,1,0.3364024164269373,0,-0.4830870888593178,0.4830870888593178,False
P27,sisyphus,1,sisyphus_s1_49.000,49.0,51.0,arousal,1,eeg,gnb,0.5540181275612291,1,0.08799791280809167,0,-0.4660202147531375,0.4660202147531375,False
P27,sisyphus,1,sisyphus_s1_50.000,50.0,52.0,arousal,1,eeg,gnb,0.9824443862458064,1,0.8598495110107411,1,-0.12259487523506529,0.12259487523506529,True
P27,sisyphus,1,sisyphus_s1_51.000,51.0,53.0,arousal,1,eeg,gnb,0.995422420089531,1,0.8349178900104921,1,-0.16050453007903887,0.16050453007903887,True
P27,sisyphus,1,sisyphus_s1_52.000,52.0,54.0,arousal,1,eeg,gnb,0.902278959819591,1,0.5094507544689026,1,-0.3928282053506884,0.3928282053506884,True
P27,sisyphus,1,sisyphus_s1_53.000,53.0,55.0,arousal,1,eeg,gnb,0.9772019182560994,1,0.968232882128103,1,-0.008969036127996377,0.008969036127996377,True
P27,sisyphus,1,sisyphus_s1_54.000,54.0,56.0,arousal,1,eeg,gnb,0.0708130635971267,0,0.00021469899726830638,0,-0.0705983645998584,0.0705983645998584,True
P27,sisyphus,1,sisyphus_s1_55.000,55.0,57.0,arousal,1,eeg,gnb,0.0077799556516974,0,7.19123478768407e-05,0,-0.007708043303820559,0.007708043303820559,True
P27,sisyphus,1,sisyphus_s1_56.000,56.0,58.0,arousal,1,eeg,gnb,0.025823152819231,0,0.0010242290271266403,0,-0.024798923792104362,0.024798923792104362,True
P27,sisyphus,1,sisyphus_s1_57.000,57.0,59.0,arousal,1,eeg,gnb,1.7001834334076743e-75,0,1.6611606114657472e-113,0,-1.7001834334076743e-75,1.7001834334076743e-75,True
P27,sisyphus,1,sisyphus_s1_58.000,58.0,60.0,arousal,1,eeg,gnb,5.184235407747951e-83,0,1.4446010148049906e-131,0,-5.184235407747951e-83,5.184235407747951e-83,True
P27,sisyphus,1,sisyphus_s1_59.000,59.0,61.0,arousal,1,eeg,gnb,3.9760409955095e-37,0,2.6697399985493803e-52,0,-3.9760409955094975e-37,3.9760409955094975e-37,True
P27,sisyphus,1,sisyphus_s1_60.000,60.0,62.0,arousal,1,eeg,gnb,0.0011087962247175,0,1.7269201101719737e-07,0,-0.0011086235327064829,0.0011086235327064829,True
P27,sisyphus,1,sisyphus_s1_61.000,61.0,63.0,arousal,1,eeg,gnb,0.0705639293735223,0,0.01701857176597944,0,-0.05354535760754285,0.05354535760754285,True
P27,sisyphus,1,sisyphus_s1_62.000,62.0,64.0,arousal,1,eeg,gnb,0.0150455472564103,0,0.0008307081932134028,0,-0.014214839063196897,0.014214839063196897,True
P27,sisyphus,1,sisyphus_s1_63.000,63.0,65.0,arousal,1,eeg,gnb,0.4050650660396228,0,0.025378028729289737,0,-0.37968703731033304,0.37968703731033304,True
P27,sisyphus,1,sisyphus_s1_64.000,64.0,66.0,arousal,1,eeg,gnb,0.8588487086850137,1,0.3696605317012855,0,-0.48918817698372824,0.48918817698372824,False
P27,sisyphus,1,sisyphus_s1_65.000,65.0,67.0,arousal,1,eeg,gnb,0.8677134017462005,1,0.26021968775265064,0,-0.6074937139935499,0.6074937139935499,False
P27,sisyphus,1,sisyphus_s1_66.000,66.0,68.0,arousal,1,eeg,gnb,1.1593464153836453e-128,0,1.2367019905232086e-100,0,1.2367019905232086e-100,1.2367019905232086e-100,True
P27,sisyphus,1,sisyphus_s1_67.000,67.0,69.0,arousal,1,eeg,gnb,7.601197526342242e-141,0,3.609304404182998e-154,0,-7.60119752634188e-141,7.60119752634188e-141,True
P27,sisyphus,1,sisyphus_s1_68.000,68.0,70.0,arousal,1,eeg,gnb,0.0029370326998859,0,8.452212574684215e-37,0,-0.0029370326998859,0.0029370326998859,True
P27,sisyphus,1,sisyphus_s1_69.000,69.0,71.0,arousal,1,eeg,gnb,1.7732456041396038e-05,0,3.3783566591038676e-09,0,-1.7729077684736935e-05,1.7729077684736935e-05,True
P27,sisyphus,1,sisyphus_s1_70.000,70.0,72.0,arousal,1,eeg,gnb,0.0012062149221714,0,1.7787532657350535e-06,0,-0.001204436168905665,0.001204436168905665,True
P27,sisyphus,1,sisyphus_s1_71.000,71.0,73.0,arousal,1,eeg,gnb,3.9120448734713245e-05,0,3.8224059571068775e-09,0,-3.9116626328756135e-05,3.9116626328756135e-05,True
P27,sisyphus,1,sisyphus_s1_72.000,72.0,74.0,arousal,1,eeg,gnb,0.0004683898771408,0,6.312941862261668e-07,0,-0.0004677585829545738,0.0004677585829545738,True
P27,sisyphus,1,sisyphus_s1_73.000,73.0,75.0,arousal,1,eeg,gnb,8.689975012820684e-57,0,1.9310257750356015e-24,0,1.9310257750356015e-24,1.9310257750356015e-24,True
P27,sisyphus,1,sisyphus_s1_74.000,74.0,76.0,arousal,1,eeg,gnb,0.0,0,0.0,0,0.0,0.0,True
P27,sisyphus,1,sisyphus_s1_75.000,75.0,77.0,arousal,1,eeg,gnb,2.39615320407556e-93,0,1.7255844297944878e-167,0,-2.39615320407556e-93,2.39615320407556e-93,True
P27,sisyphus,1,sisyphus_s1_76.000,76.0,78.0,arousal,1,eeg,gnb,2.7232264488984176e-16,0,3.0957408517047974e-23,0,-2.7232261393243323e-16,2.7232261393243323e-16,True
P27,sisyphus,1,sisyphus_s1_77.000,77.0,79.0,arousal,1,eeg,gnb,2.675876847147016e-06,0,1.5813535826912185e-10,0,-2.675718711788747e-06,2.675718711788747e-06,True
P27,sisyphus,1,sisyphus_s1_78.000,78.0,80.0,arousal,1,eeg,gnb,2.566544923152707e-05,0,5.037498547496337e-08,0,-2.5615074246052107e-05,2.5615074246052107e-05,True
P27,sisyphus,1,sisyphus_s1_79.000,79.0,81.0,arousal,1,eeg,gnb,0.0036878347264887,0,1.2066783986482693e-05,0,-0.0036757679425022173,0.0036757679425022173,True
P27,sisyphus,1,sisyphus_s1_80.000,80.0,82.0,arousal,1,eeg,gnb,4.707440338780909e-06,0,2.382304658380254e-10,0,-4.707202108315071e-06,4.707202108315071e-06,True
P27,sisyphus,1,sisyphus_s1_81.000,81.0,83.0,arousal,1,eeg,gnb,1.989453607001014e-06,0,9.466888013971298e-11,0,-1.9893589381208744e-06,1.9893589381208744e-06,True
P27,sisyphus,1,sisyphus_s1_82.000,82.0,84.0,arousal,1,eeg,gnb,3.170251006413305e-24,0,9.983236732252946e-32,0,-3.170250906580938e-24,3.170250906580938e-24,True
P27,sisyphus,1,sisyphus_s1_83.000,83.0,85.0,arousal,1,eeg,gnb,5.237138246351235e-136,0,1.7663897955050655e-157,0,-5.237138246351235e-136,5.237138246351235e-136,True
P27,sisyphus,1,sisyphus_s1_84.000,84.0,86.0,arousal,1,eeg,gnb,7.945628117576175e-85,0,5.861663879120142e-92,0,-7.945627531409787e-85,7.945627531409787e-85,True
P27,sisyphus,1,sisyphus_s1_85.000,85.0,87.0,arousal,1,eeg,gnb,0.0,0,0.0,0,0.0,0.0,True
P27,sisyphus,1,sisyphus_s1_86.000,86.0,88.0,arousal,1,eeg,gnb,0.0,0,0.0,0,0.0,0.0,True
P27,sisyphus,1,sisyphus_s1_87.000,87.0,89.0,arousal,1,eeg,gnb,0.2390469199014413,0,0.8547277539935588,1,0.6156808340921175,0.6156808340921175,False
P27,sisyphus,1,sisyphus_s1_88.000,88.0,90.0,arousal,1,eeg,gnb,0.3202976842375228,0,0.04017256702186831,0,-0.2801251172156545,0.2801251172156545,True
P27,sisyphus,1,sisyphus_s1_89.000,89.0,91.0,arousal,1,eeg,gnb,0.8566330421039244,1,0.2633135255291669,0,-0.5933195165747576,0.5933195165747576,False
P27,sisyphus,1,sisyphus_s1_90.000,90.0,92.0,arousal,1,eeg,gnb,0.215558389046547,0,0.004236825587701041,0,-0.21132156345884595,0.21132156345884595,True
P27,sisyphus,1,sisyphus_s1_91.000,91.0,93.0,arousal,1,eeg,gnb,0.0255480697008029,0,0.0018994737652271766,0,-0.023648595935575726,0.023648595935575726,True
P27,sisyphus,1,sisyphus_s1_92.000,92.0,94.0,arousal,1,eeg,gnb,0.0090241403007638,0,0.0027129822260748776,0,-0.006311158074688922,0.006311158074688922,True
P27,sisyphus,1,sisyphus_s1_93.000,93.0,95.0,arousal,1,eeg,gnb,8.7058733207768e-06,0,3.9867032037306176e-08,0,-8.666006288739494e-06,8.666006288739494e-06,True
P27,sisyphus,1,sisyphus_s1_94.000,94.0,96.0,arousal,1,eeg,gnb,0.0184647691029197,0,0.00026641715135096076,0,-0.01819835195156874,0.01819835195156874,True
P27,sisyphus,1,sisyphus_s1_95.000,95.0,97.0,arousal,1,eeg,gnb,0.1229264943921331,0,0.00204576707584315,0,-0.12088072731628995,0.12088072731628995,True
P27,sisyphus,1,sisyphus_s1_96.000,96.0,98.0,arousal,1,eeg,gnb,0.160096116331906,0,0.0006934734439949694,0,-0.15940264288791103,0.15940264288791103,True
P27,sisyphus,1,sisyphus_s1_97.000,97.0,99.0,arousal,1,eeg,gnb,0.0698845424906868,0,0.0007065601034445723,0,-0.06917798238724224,0.06917798238724224,True
P27,sisyphus,1,sisyphus_s1_98.000,98.0,100.0,arousal,1,eeg,gnb,0.0017648752365409,0,7.712537481713452e-06,0,-0.0017571626990591867,0.0017571626990591867,True
P27,sisyphus,1,sisyphus_s1_99.000,99.0,101.0,arousal,1,eeg,gnb,0.0148312038844618,0,0.0010978494349040131,0,-0.013733354449557787,0.013733354449557787,True
P27,stack,1,stack_s1_21.000,21.0,23.0,arousal,1,eeg,gnb,0.9858020606625172,1,0.8290794305290019,1,-0.15672263013351528,0.15672263013351528,True
P27,stack,1,stack_s1_22.000,22.0,24.0,arousal,1,eeg,gnb,0.9964143658275372,1,0.9771801859171974,1,-0.01923417991033982,0.01923417991033982,True
P27,stack,1,stack_s1_23.000,23.0,25.0,arousal,1,eeg,gnb,0.9986735360132594,1,0.9974451432192166,1,-0.001228392794042743,0.001228392794042743,True
P27,stack,1,stack_s1_24.000,24.0,26.0,arousal,1,eeg,gnb,0.9789840074445916,1,0.7845363834756112,1,-0.1944476239689804,0.1944476239689804,True
P27,stack,1,stack_s1_25.000,25.0,27.0,arousal,1,eeg,gnb,0.9822311778543742,1,0.9341326124718947,1,-0.048098565382479475,0.048098565382479475,True
P27,stack,1,stack_s1_26.000,26.0,28.0,arousal,1,eeg,gnb,0.7434466958842402,1,0.44836789144398215,0,-0.295078804440258,0.295078804440258,False
P27,stack,1,stack_s1_27.000,27.0,29.0,arousal,1,eeg,gnb,0.6368261774494023,1,0.16787689575333428,0,-0.468949281696068,0.468949281696068,False
P27,stack,1,stack_s1_28.000,28.0,30.0,arousal,1,eeg,gnb,7.146110684863423e-05,0,5.030292585436245e-07,0,-7.095807759009061e-05,7.095807759009061e-05,True
P27,stack,1,stack_s1_29.000,29.0,31.0,arousal,1,eeg,gnb,0.0002928125712725,0,6.190766166714925e-07,0,-0.0002921934946558285,0.0002921934946558285,True
P27,stack,1,stack_s1_30.000,30.0,32.0,arousal,1,eeg,gnb,0.8966693292369806,1,0.17472631448882073,0,-0.7219430147481599,0.7219430147481599,False
P27,stack,1,stack_s1_31.000,31.0,33.0,arousal,1,eeg,gnb,0.9087650206078264,1,0.42362550024427503,0,-0.48513952036355135,0.48513952036355135,False
P27,stack,1,stack_s1_32.000,32.0,34.0,arousal,1,eeg,gnb,0.5919104960985441,1,0.023589223517221838,0,-0.5683212725813223,0.5683212725813223,False
P27,stack,1,stack_s1_33.000,33.0,35.0,arousal,1,eeg,gnb,0.9707993638186504,1,0.7037335621226491,1,-0.26706580169600125,0.26706580169600125,True
P27,stack,1,stack_s1_34.000,34.0,36.0,arousal,1,eeg,gnb,0.7407019784629371,1,0.4722133843964079,0,-0.26848859406652914,0.26848859406652914,False
P27,stack,1,stack_s1_35.000,35.0,37.0,arousal,1,eeg,gnb,0.972391606496561,1,0.8413015540196329,1,-0.13109005247692807,0.13109005247692807,True
P27,stack,1,stack_s1_36.000,36.0,38.0,arousal,1,eeg,gnb,0.9865242367815809,1,0.9451531905351934,1,-0.04137104624638743,0.04137104624638743,True
P27,stack,1,stack_s1_37.000,37.0,39.0,arousal,1,eeg,gnb,0.9544525896016102,1,0.958314134733216,1,0.003861545131605859,0.003861545131605859,True
P27,stack,1,stack_s1_38.000,38.0,40.0,arousal,1,eeg,gnb,0.9908657196986514,1,0.9725090904188223,1,-0.018356629279829173,0.018356629279829173,True
P27,stack,1,stack_s1_39.000,39.0,41.0,arousal,1,eeg,gnb,0.9851444048491892,1,0.9598953553756278,1,-0.025249049473561436,0.025249049473561436,True
P27,stack,1,stack_s1_40.000,40.0,42.0,arousal,1,eeg,gnb,0.9910491929651862,1,0.9760884903781862,1,-0.014960702586999997,0.014960702586999997,True
P27,stack,1,stack_s1_41.000,41.0,43.0,arousal,1,eeg,gnb,0.9945968217029616,1,0.9781102621212662,1,-0.016486559581695426,0.016486559581695426,True
P27,stack,1,stack_s1_42.000,42.0,44.0,arousal,1,eeg,gnb,0.9976012446369222,1,0.9855416281344653,1,-0.012059616502456905,0.012059616502456905,True
P27,stack,1,stack_s1_43.000,43.0,45.0,arousal,1,eeg,gnb,0.9988803410379268,1,0.9953070402165349,1,-0.003573300821391845,0.003573300821391845,True
P27,stack,1,stack_s1_44.000,44.0,46.0,arousal,1,eeg,gnb,0.9833732536779628,1,0.9217672758953587,1,-0.06160597778260413,0.06160597778260413,True
P27,stack,1,stack_s1_45.000,45.0,47.0,arousal,1,eeg,gnb,0.9978980298900592,1,0.9651603152094296,1,-0.03273771468062958,0.03273771468062958,True
P27,stack,1,stack_s1_46.000,46.0,48.0,arousal,1,eeg,gnb,0.9995959595656482,1,0.9983984963338313,1,-0.0011974632318169087,0.0011974632318169087,True
P27,stack,1,stack_s1_47.000,47.0,49.0,arousal,1,eeg,gnb,0.9983364789465032,1,0.992290934664344,1,-0.006045544282159199,0.006045544282159199,True
P27,stack,1,stack_s1_48.000,48.0,50.0,arousal,1,eeg,gnb,0.9983680234218012,1,0.9924049175615081,1,-0.005963105860293139,0.005963105860293139,True
P27,stack,1,stack_s1_49.000,49.0,51.0,arousal,1,eeg,gnb,0.272131878731274,0,0.013638125275257006,0,-0.258493753456017,0.258493753456017,True
P27,stack,1,stack_s1_50.000,50.0,52.0,arousal,1,eeg,gnb,0.7315898187525841,1,0.04515173978126974,0,-0.6864380789713144,0.6864380789713144,False
P27,stack,1,stack_s1_51.000,51.0,53.0,arousal,1,eeg,gnb,0.9811620670809704,1,0.8000015695677604,1,-0.18116049751321006,0.18116049751321006,True
P27,stack,1,stack_s1_52.000,52.0,54.0,arousal,1,eeg,gnb,0.9824661030858312,1,0.8428292769195521,1,-0.13963682616627904,0.13963682616627904,True
P27,stack,1,stack_s1_53.000,53.0,55.0,arousal,1,eeg,gnb,0.9905399478815003,1,0.9536165314400842,1,-0.03692341644141617,0.03692341644141617,True
P27,stack,1,stack_s1_54.000,54.0,56.0,arousal,1,eeg,gnb,0.7713175500185914,1,0.2533146298661787,0,-0.5180029201524127,0.5180029201524127,False
P27,stack,1,stack_s1_55.000,55.0,57.0,arousal,1,eeg,gnb,0.996571270479844,1,0.9782737443285187,1,-0.018297526151325294,0.018297526151325294,True
P27,stack,1,stack_s1_56.000,56.0,58.0,arousal,1,eeg,gnb,0.9987418150526404,1,0.9928641059980585,1,-0.005877709054581848,0.005877709054581848,True
P27,stack,1,stack_s1_57.000,57.0,59.0,arousal,1,eeg,gnb,0.9939203544323822,1,0.9460728268233604,1,-0.04784752760902189,0.04784752760902189,True
P27,stack,1,stack_s1_58.000,58.0,60.0,arousal,1,eeg,gnb,3.8739358897384525e-05,0,7.968237827592778e-07,0,-3.794253511462525e-05,3.794253511462525e-05,True
P27,stack,1,stack_s1_59.000,59.0,61.0,arousal,1,eeg,gnb,3.2702676748946295e-08,0,1.2915045102180141e-11,0,-3.2689761703844115e-08,3.2689761703844115e-08,True
P27,stack,1,stack_s1_60.000,60.0,62.0,arousal,1,eeg,gnb,0.112290607923921,0,0.025023803676085667,0,-0.08726680424783533,0.08726680424783533,True
P27,stack,1,stack_s1_61.000,61.0,63.0,arousal,1,eeg,gnb,0.0898231500704757,0,0.011073303288193757,0,-0.07874984678228195,0.07874984678228195,True
P27,stack,1,stack_s1_62.000,62.0,64.0,arousal,1,eeg,gnb,0.7168963754619323,1,0.16780323650060913,0,-0.5490931389613232,0.5490931389613232,False
P27,stack,1,stack_s1_63.000,63.0,65.0,arousal,1,eeg,gnb,0.1766826868999539,0,0.011855212328023912,0,-0.16482747457192998,0.16482747457192998,True
P27,stack,1,stack_s1_64.000,64.0,66.0,arousal,1,eeg,gnb,0.9648824565902926,1,0.7388688924944853,1,-0.2260135640958073,0.2260135640958073,True
P27,stack,1,stack_s1_65.000,65.0,67.0,arousal,1,eeg,gnb,0.2817878758542259,0,0.026127360383636545,0,-0.2556605154705893,0.2556605154705893,True
P27,stack,1,stack_s1_66.000,66.0,68.0,arousal,1,eeg,gnb,0.0001263797816849,0,2.62966839421263e-06,0,-0.00012375011329068738,0.00012375011329068738,True
P27,stack,1,stack_s1_67.000,67.0,69.0,arousal,1,eeg,gnb,4.5033833076703285e-05,0,1.203574437212688e-06,0,-4.3830258639490595e-05,4.3830258639490595e-05,True
P27,stack,1,stack_s1_68.000,68.0,70.0,arousal,1,eeg,gnb,6.097676852093658e-05,0,9.367840474249129e-07,0,-6.003998447351167e-05,6.003998447351167e-05,True
P27,stack,1,stack_s1_69.000,69.0,71.0,arousal,1,eeg,gnb,0.0012486010121652,0,0.00022763449292983006,0,-0.00102096651923537,0.00102096651923537,True
P27,pick_place,1,pick_place_s1_20.000,20.0,22.0,arousal,2,face,logreg,0.4912675189454206,0,0.49126751894542003,0,-5.551115123125783e-16,5.551115123125783e-16,True
P27,pick_place,1,pick_place_s1_21.000,21.0,23.0,arousal,2,face,logreg,0.439759493667203,0,0.4397594936672027,0,-3.3306690738754696e-16,3.3306690738754696e-16,True
P27,pick_place,1,pick_place_s1_22.000,22.0,24.0,arousal,2,face,logreg,0.4752265261543313,0,0.4752265261543308,0,-4.996003610813204e-16,4.996003610813204e-16,True
P27,pick_place,1,pick_place_s1_23.000,23.0,25.0,arousal,2,face,logreg,0.486753961526258,0,0.48675396152625755,0,-4.440892098500626e-16,4.440892098500626e-16,True
P27,pick_place,1,pick_place_s1_24.000,24.0,26.0,arousal,2,face,logreg,0.4484731373914271,0,0.44847313739142664,0,-4.440892098500626e-16,4.440892098500626e-16,True
P27,pick_place,1,pick_place_s1_25.000,25.0,27.0,arousal,2,face,logreg,0.4396510534519203,0,0.4396510534519199,0,-3.885780586188048e-16,3.885780586188048e-16,True
P27,pick_place,1,pick_place_s1_26.000,26.0,28.0,arousal,2,face,logreg,0.4422867971965846,0,0.4422867971965842,0,-3.885780586188048e-16,3.885780586188048e-16,True
P27,pick_place,1,pick_place_s1_27.000,27.0,29.0,arousal,2,face,logreg,0.4686044020140031,0,0.46860440201400283,0,-2.7755575615628914e-16,2.7755575615628914e-16,True
P27,pick_place,1,pick_place_s1_28.000,28.0,30.0,arousal,2,face,logreg,0.4961615839750278,0,0.4961615839750274,0,-3.885780586188048e-16,3.885780586188048e-16,True
P27,pick_place,1,pick_place_s1_29.000,29.0,31.0,arousal,2,face,logreg,0.5022855240006688,1,0.5022855240006685,1,-3.3306690738754696e-16,3.3306690738754696e-16,True
P27,pick_place,1,pick_place_s1_30.000,30.0,32.0,arousal,2,face,logreg,0.5243718286086088,1,0.5243718286086085,1,-2.220446049250313e-16,2.220446049250313e-16,True
P27,pick_place,1,pick_place_s1_31.000,31.0,33.0,arousal,2,face,logreg,0.5007356899230729,1,0.5007356899230727,1,-2.220446049250313e-16,2.220446049250313e-16,True
P27,pick_place,1,pick_place_s1_32.000,32.0,34.0,arousal,2,face,logreg,0.4987467969354869,0,0.4987467969354865,0,-3.885780586188048e-16,3.885780586188048e-16,True
P27,pick_place,1,pick_place_s1_33.000,33.0,35.0,arousal,2,face,logreg,0.5066720595197084,1,0.5066720595197077,1,-6.661338147750939e-16,6.661338147750939e-16,True
P27,pick_place,1,pick_place_s1_34.000,34.0,36.0,arousal,2,face,logreg,0.519474868213852,1,0.5194748682138517,1,-3.3306690738754696e-16,3.3306690738754696e-16,True
P27,pick_place,1,pick_place_s1_35.000,35.0,37.0,arousal,2,face,logreg,0.5912076406570856,1,0.5912076406570853,1,-3.3306690738754696e-16,3.3306690738754696e-16,True
P27,pick_place,1,pick_place_s1_36.000,36.0,38.0,arousal,2,face,logreg,0.5655514071958863,1,0.5655514071958863,1,0.0,0.0,True
P27,pick_place,1,pick_place_s1_37.000,37.0,39.0,arousal,2,face,logreg,0.4957332251456082,0,0.4957332251456078,0,-3.885780586188048e-16,3.885780586188048e-16,True
P27,pick_place,1,pick_place_s1_38.000,38.0,40.0,arousal,2,face,logreg,0.5051702946239185,1,0.5051702946239179,1,-5.551115123125783e-16,5.551115123125783e-16,True
P27,shape_sorter_observation,1,shape_sorter_observation_s1_21.000,21.0,23.0,arousal,2,face,logreg,0.397309132895091,0,0.3973091328950905,0,-4.996003610813204e-16,4.996003610813204e-16,True
P27,shape_sorter_observation,1,shape_sorter_observation_s1_22.000,22.0,24.0,arousal,2,face,logreg,0.3686318917345195,0,0.36863189173451916,0,-3.3306690738754696e-16,3.3306690738754696e-16,True
P27,shape_sorter_observation,1,shape_sorter_observation_s1_23.000,23.0,25.0,arousal,2,face,logreg,0.3956817073702124,0,0.3956817073702123,0,-1.1102230246251565e-16,1.1102230246251565e-16,True
P27,shape_sorter_observation,1,shape_sorter_observation_s1_24.000,24.0,26.0,arousal,2,face,logreg,0.3923541514389401,0,0.3923541514389395,0,-6.106226635438361e-16,6.106226635438361e-16,True
P27,shape_sorter_observation,1,shape_sorter_observation_s1_25.000,25.0,27.0,arousal,2,face,logreg,0.3931361515633521,0,0.39313615156335163,0,-4.440892098500626e-16,4.440892098500626e-16,True
P27,shape_sorter_observation,1,shape_sorter_observation_s1_26.000,26.0,28.0,arousal,2,face,logreg,0.3840288142422579,0,0.3840288142422576,0,-2.7755575615628914e-16,2.7755575615628914e-16,True
P27,shape_sorter_observation,1,shape_sorter_observation_s1_27.000,27.0,29.0,arousal,2,face,logreg,0.4976954721959269,0,0.4976954721959266,0,-3.3306690738754696e-16,3.3306690738754696e-16,True
P27,shape_sorter_observation,1,shape_sorter_observation_s1_28.000,28.0,30.0,arousal,2,face,logreg,0.4731551053814204,0,0.4731551053814201,0,-3.3306690738754696e-16,3.3306690738754696e-16,True
P27,shape_sorter_observation,1,shape_sorter_observation_s1_29.000,29.0,31.0,arousal,2,face,logreg,0.4716954873903315,0,0.471695487390331,0,-4.996003610813204e-16,4.996003610813204e-16,True
P27,shape_sorter_observation,1,shape_sorter_observation_s1_30.000,30.0,32.0,arousal,2,face,logreg,0.3928867949239309,0,0.3928867949239303,0,-6.106226635438361e-16,6.106226635438361e-16,True
P27,shape_sorter_observation,1,shape_sorter_observation_s1_31.000,31.0,33.0,arousal,2,face,logreg,0.37966472723075,0,0.3796647272307498,0,-2.220446049250313e-16,2.220446049250313e-16,True
P27,shape_sorter_observation,1,shape_sorter_observation_s1_32.000,32.0,34.0,arousal,2,face,logreg,0.4210523829336408,0,0.4210523829336403,0,-4.996003610813204e-16,4.996003610813204e-16,True
P27,shape_sorter_observation,1,shape_sorter_observation_s1_33.000,33.0,35.0,arousal,2,face,logreg,0.3923626940572622,0,0.3923626940572617,0,-4.996003610813204e-16,4.996003610813204e-16,True
P27,shape_sorter_observation,1,shape_sorter_observation_s1_34.000,34.0,36.0,arousal,2,face,logreg,0.4025421080284138,0,0.4025421080284135,0,-2.7755575615628914e-16,2.7755575615628914e-16,True
P27,shape_sorter_observation,1,shape_sorter_observation_s1_35.000,35.0,37.0,arousal,2,face,logreg,0.4322928466139569,0,0.4322142066765591,0,-7.86399373978175e-05,7.86399373978175e-05,True
P27,shape_sorter_observation,1,shape_sorter_observation_s1_36.000,36.0,38.0,arousal,2,face,logreg,0.4014958780503523,0,0.4027271693378184,0,0.0012312912874660742,0.0012312912874660742,True
P27,shape_sorter_observation,1,shape_sorter_observation_s1_37.000,37.0,39.0,arousal,2,face,logreg,0.4236077185341502,0,0.42119704135922653,0,-0.002410677174923659,0.002410677174923659,True
P27,shape_sorter_observation,1,shape_sorter_observation_s1_38.000,38.0,40.0,arousal,2,face,logreg,0.515425944797237,1,0.5146691230803156,1,-0.0007568217169213742,0.0007568217169213742,True
P27,shape_sorter_observation,1,shape_sorter_observation_s1_39.000,39.0,41.0,arousal,2,face,logreg,0.507159488496319,1,0.5072061623043013,1,4.667380798228926e-05,4.667380798228926e-05,True
P27,shape_sorter_observation,1,shape_sorter_observation_s1_40.000,40.0,42.0,arousal,2,face,logreg,0.5078138837856037,1,0.5060065116509672,1,-0.0018073721346364424,0.0018073721346364424,True
P27,shape_sorter_observation,1,shape_sorter_observation_s1_41.000,41.0,43.0,arousal,2,face,logreg,0.5145559053119563,1,0.514618442438828,1,6.253712687176449e-05,6.253712687176449e-05,True
P27,shape_sorter_observation,1,shape_sorter_observation_s1_42.000,42.0,44.0,arousal,2,face,logreg,0.4969840879120996,0,0.49764268313524135,0,0.0006585952231417669,0.0006585952231417669,True
P27,shape_sorter_observation,1,shape_sorter_observation_s1_43.000,43.0,45.0,arousal,2,face,logreg,0.493357759876886,0,0.4927332837441795,0,-0.0006244761327064974,0.0006244761327064974,True
P27,shape_sorter_observation,1,shape_sorter_observation_s1_44.000,44.0,46.0,arousal,2,face,logreg,0.4532957830716085,0,0.4542524790448607,0,0.0009566959732522085,0.0009566959732522085,True
P27,shape_sorter_observation,1,shape_sorter_observation_s1_45.000,45.0,47.0,arousal,2,face,logreg,0.4296964787105628,0,0.4306606744604566,0,0.0009641957498937592,0.0009641957498937592,True
P27,shape_sorter_observation,1,shape_sorter_observation_s1_46.000,46.0,48.0,arousal,2,face,logreg,0.4129941965874381,0,0.41432450794216324,0,0.0013303113547251666,0.0013303113547251666,True
P27,shape_sorter_observation,1,shape_sorter_observation_s1_47.000,47.0,49.0,arousal,2,face,logreg,0.3716105454442755,0,0.371588128497507,0,-2.2416946768522017e-05,2.2416946768522017e-05,True
P27,shape_sorter_observation,1,shape_sorter_observation_s1_48.000,48.0,50.0,arousal,2,face,logreg,0.3904643654434623,0,0.38884008683142735,0,-0.0016242786120349573,0.0016242786120349573,True
P27,shape_sorter_observation,1,shape_sorter_observation_s1_49.000,49.0,51.0,arousal,2,face,logreg,0.4832948241484852,0,0.4819025359991037,0,-0.001392288149381471,0.001392288149381471,True
P27,shape_sorter_observation,1,shape_sorter_observation_s1_50.000,50.0,52.0,arousal,2,face,logreg,0.489940390479726,0,0.4908958536648995,0,0.0009554631851735329,0.0009554631851735329,True
P27,shape_sorter_observation,1,shape_sorter_observation_s1_51.000,51.0,53.0,arousal,2,face,logreg,0.4764079545709511,0,0.476407954570951,0,-1.1102230246251565e-16,1.1102230246251565e-16,True
P27,shape_sorter_observation,1,shape_sorter_observation_s1_52.000,52.0,54.0,arousal,2,face,logreg,0.3756658203972571,0,0.3756658203972565,0,-6.106226635438361e-16,6.106226635438361e-16,True
P27,shape_sorter_observation,1,shape_sorter_observation_s1_53.000,53.0,55.0,arousal,2,face,logreg,0.3826590610802007,0,0.38265906108020065,0,-5.551115123125783e-17,5.551115123125783e-17,True
P27,shape_sorter_observation,1,shape_sorter_observation_s1_54.000,54.0,56.0,arousal,2,face,logreg,0.4779222997508639,0,0.4779222997508635,0,-4.440892098500626e-16,4.440892098500626e-16,True
P27,shape_sorter_observation,1,shape_sorter_observation_s1_55.000,55.0,57.0,arousal,2,face,logreg,0.4867948378813163,0,0.48679483788131606,0,-2.220446049250313e-16,2.220446049250313e-16,True
P27,shape_sorter_observation,1,shape_sorter_observation_s1_56.000,56.0,58.0,arousal,2,face,logreg,0.3557352470954954,0,0.355735247095495,0,-4.440892098500626e-16,4.440892098500626e-16,True
P27,shape_sorter_observation,1,shape_sorter_observation_s1_57.000,57.0,59.0,arousal,2,face,logreg,0.2926030399323718,0,0.2926030399323714,0,-3.885780586188048e-16,3.885780586188048e-16,True
P27,stack,1,stack_s1_21.000,21.0,23.0,arousal,2,face,logreg,0.389327632447779,0,0.38932763244777874,0,-2.7755575615628914e-16,2.7755575615628914e-16,True
P27,stack,1,stack_s1_22.000,22.0,24.0,arousal,2,face,logreg,0.3810591229056024,0,0.38105912290560223,0,-1.6653345369377348e-16,1.6653345369377348e-16,True
P27,stack,1,stack_s1_23.000,23.0,25.0,arousal,2,face,logreg,0.387737371528072,0,0.3877373715280714,0,-5.551115123125783e-16,5.551115123125783e-16,True
P27,stack,1,stack_s1_24.000,24.0,26.0,arousal,2,face,logreg,0.3905744020282414,0,0.3905744020282411,0,-2.7755575615628914e-16,2.7755575615628914e-16,True
P27,stack,1,stack_s1_25.000,25.0,27.0,arousal,2,face,logreg,0.3959944467217575,0,0.39599444672175693,0,-5.551115123125783e-16,5.551115123125783e-16,True
P27,stack,1,stack_s1_26.000,26.0,28.0,arousal,2,face,logreg,0.4055693074018325,0,0.4055693074018319,0,-6.106226635438361e-16,6.106226635438361e-16,True
P27,stack,1,stack_s1_27.000,27.0,29.0,arousal,2,face,logreg,0.4078850371364038,0,0.4078850371364034,0,-3.885780586188048e-16,3.885780586188048e-16,True
P27,stack,1,stack_s1_28.000,28.0,30.0,arousal,2,face,logreg,0.4150310622509952,0,0.41503106225099473,0,-4.440892098500626e-16,4.440892098500626e-16,True
P27,stack,1,stack_s1_29.000,29.0,31.0,arousal,2,face,logreg,0.3786088696217664,0,0.3786088696217659,0,-4.996003610813204e-16,4.996003610813204e-16,True
P27,stack,1,stack_s1_30.000,30.0,32.0,arousal,2,face,logreg,0.3810668690722845,0,0.38106686907228404,0,-4.440892098500626e-16,4.440892098500626e-16,True
P27,stack,1,stack_s1_31.000,31.0,33.0,arousal,2,face,logreg,0.4124324534738013,0,0.41243245347380086,0,-4.440892098500626e-16,4.440892098500626e-16,True
P27,stack,1,stack_s1_32.000,32.0,34.0,arousal,2,face,logreg,0.4410372161744137,0,0.4410372161744131,0,-6.106226635438361e-16,6.106226635438361e-16,True
P27,stack,1,stack_s1_33.000,33.0,35.0,arousal,2,face,logreg,0.4222113382406848,0,0.4222113382406844,0,-3.885780586188048e-16,3.885780586188048e-16,True
P27,stack,1,stack_s1_34.000,34.0,36.0,arousal,2,face,logreg,0.392686125370775,0,0.3926861253707743,0,-7.216449660063518e-16,7.216449660063518e-16,True
P27,stack,1,stack_s1_35.000,35.0,37.0,arousal,2,face,logreg,0.3980750510835707,0,0.3980750510835702,0,-4.996003610813204e-16,4.996003610813204e-16,True
P27,stack,1,stack_s1_36.000,36.0,38.0,arousal,2,face,logreg,0.4180515003084969,0,0.4180515003084964,0,-4.996003610813204e-16,4.996003610813204e-16,True
P27,stack,1,stack_s1_37.000,37.0,39.0,arousal,2,face,logreg,0.4181181014195353,0,0.4181181014195351,0,-2.220446049250313e-16,2.220446049250313e-16,True
P27,stack,1,stack_s1_38.000,38.0,40.0,arousal,2,face,logreg,0.4048065717023357,0,0.40480657170233536,0,-3.3306690738754696e-16,3.3306690738754696e-16,True
P27,stack,1,stack_s1_39.000,39.0,41.0,arousal,2,face,logreg,0.4361173031232214,0,0.43611730312322117,0,-2.220446049250313e-16,2.220446049250313e-16,True
P27,stack,1,stack_s1_40.000,40.0,42.0,arousal,2,face,logreg,0.4022373996514635,0,0.402237399651463,0,-4.996003610813204e-16,4.996003610813204e-16,True
P27,stack,1,stack_s1_41.000,41.0,43.0,arousal,2,face,logreg,0.4055372467308225,0,0.4055372467308222,0,-2.7755575615628914e-16,2.7755575615628914e-16,True
P27,stack,1,stack_s1_42.000,42.0,44.0,arousal,2,face,logreg,0.4202380735138481,0,0.4202380735138476,0,-4.996003610813204e-16,4.996003610813204e-16,True
P27,stack,1,stack_s1_43.000,43.0,45.0,arousal,2,face,logreg,0.4576016361222437,0,0.4576016361222433,0,-3.885780586188048e-16,3.885780586188048e-16,True
P27,stack,1,stack_s1_44.000,44.0,46.0,arousal,2,face,logreg,0.462503835232415,0,0.4625038352324147,0,-3.3306690738754696e-16,3.3306690738754696e-16,True
P27,stack,1,stack_s1_45.000,45.0,47.0,arousal,2,face,logreg,0.4344976102027894,0,0.43449761020278904,0,-3.3306690738754696e-16,3.3306690738754696e-16,True
P27,stack,1,stack_s1_46.000,46.0,48.0,arousal,2,face,logreg,0.4639956829321635,0,0.4639956829321633,0,-1.6653345369377348e-16,1.6653345369377348e-16,True
P27,stack,1,stack_s1_47.000,47.0,49.0,arousal,2,face,logreg,0.4774097144091113,0,0.47740971440911123,0,-5.551115123125783e-17,5.551115123125783e-17,True
P27,stack,1,stack_s1_48.000,48.0,50.0,arousal,2,face,logreg,0.4586724171643145,0,0.45867241716431456,0,5.551115123125783e-17,5.551115123125783e-17,True
P27,stack,1,stack_s1_49.000,49.0,51.0,arousal,2,face,logreg,0.4574093323585529,0,0.4574093323585526,0,-3.3306690738754696e-16,3.3306690738754696e-16,True
P27,stack,1,stack_s1_50.000,50.0,52.0,arousal,2,face,logreg,0.4272995009182558,0,0.4272995009182554,0,-3.885780586188048e-16,3.885780586188048e-16,True
P27,stack,1,stack_s1_51.000,51.0,53.0,arousal,2,face,logreg,0.4179257676775876,0,0.4179257676775871,0,-4.996003610813204e-16,4.996003610813204e-16,True
P27,stack,1,stack_s1_52.000,52.0,54.0,arousal,2,face,logreg,0.4303979056028463,0,0.4303979056028461,0,-2.220446049250313e-16,2.220446049250313e-16,True
P27,stack,1,stack_s1_53.000,53.0,55.0,arousal,2,face,logreg,0.387242931385766,0,0.3872429313857658,0,-1.6653345369377348e-16,1.6653345369377348e-16,True
P27,stack,1,stack_s1_54.000,54.0,56.0,arousal,2,face,logreg,0.3768276105022665,0,0.37682761050226604,0,-4.440892098500626e-16,4.440892098500626e-16,True
P27,stack,1,stack_s1_55.000,55.0,57.0,arousal,2,face,logreg,0.423135834571619,0,0.4231358345716188,0,-2.220446049250313e-16,2.220446049250313e-16,True
P27,stack,1,stack_s1_56.000,56.0,58.0,arousal,2,face,logreg,0.4432995299633689,0,0.4432995299633685,0,-3.885780586188048e-16,3.885780586188048e-16,True
P27,stack,1,stack_s1_57.000,57.0,59.0,arousal,2,face,logreg,0.424102294229951,0,0.4241022942299508,0,-1.6653345369377348e-16,1.6653345369377348e-16,True
P27,stack,1,stack_s1_58.000,58.0,60.0,arousal,2,face,logreg,0.3931446085756336,0,0.3931446085756334,0,-2.220446049250313e-16,2.220446049250313e-16,True
P27,stack,1,stack_s1_59.000,59.0,61.0,arousal,2,face,logreg,0.4110175987345077,0,0.4110175987345073,0,-4.440892098500626e-16,4.440892098500626e-16,True
P27,stack,1,stack_s1_60.000,60.0,62.0,arousal,2,face,logreg,0.4549272005125452,0,0.4549272005125449,0,-2.7755575615628914e-16,2.7755575615628914e-16,True
P27,stack,1,stack_s1_61.000,61.0,63.0,arousal,2,face,logreg,0.4279084197571663,0,0.42790841975716565,0,-6.661338147750939e-16,6.661338147750939e-16,True
P27,stack,1,stack_s1_62.000,62.0,64.0,arousal,2,face,logreg,0.4461193754744526,0,0.446119375474452,0,-5.551115123125783e-16,5.551115123125783e-16,True
P27,stack,1,stack_s1_63.000,63.0,65.0,arousal,2,face,logreg,0.511521395850286,1,0.5115213958502856,1,-4.440892098500626e-16,4.440892098500626e-16,True
P27,stack,1,stack_s1_64.000,64.0,66.0,arousal,2,face,logreg,0.4786143581212514,0,0.4786143581212511,0,-3.3306690738754696e-16,3.3306690738754696e-16,True
P27,stack,1,stack_s1_65.000,65.0,67.0,arousal,2,face,logreg,0.4884985836382113,0,0.48849858363821097,0,-3.3306690738754696e-16,3.3306690738754696e-16,True
P27,stack,1,stack_s1_66.000,66.0,68.0,arousal,2,face,logreg,0.4930071535235662,0,0.4930071535235659,0,-3.3306690738754696e-16,3.3306690738754696e-16,True
P27,stack,1,stack_s1_67.000,67.0,69.0,arousal,2,face,logreg,0.4211006150566156,0,0.421100615056615,0,-6.106226635438361e-16,6.106226635438361e-16,True
P27,stack,1,stack_s1_68.000,68.0,70.0,arousal,2,face,logreg,0.357275154983133,0,0.35727515498313284,0,-1.6653345369377348e-16,1.6653345369377348e-16,True
P27,sisyphus,1,sisyphus_s1_22.000,22.0,24.0,arousal,2,face,logreg,0.3668809188182133,0,0.36688091881821305,0,-2.220446049250313e-16,2.220446049250313e-16,True
P27,sisyphus,1,sisyphus_s1_23.000,23.0,25.0,arousal,2,face,logreg,0.3900156225967698,0,0.3900156225967694,0,-3.885780586188048e-16,3.885780586188048e-16,True
P27,sisyphus,1,sisyphus_s1_24.000,24.0,26.0,arousal,2,face,logreg,0.3888109312685264,0,0.38881093126852606,0,-3.3306690738754696e-16,3.3306690738754696e-16,True
P27,sisyphus,1,sisyphus_s1_25.000,25.0,27.0,arousal,2,face,logreg,0.463739704552554,0,0.4637397045525538,0,-1.6653345369377348e-16,1.6653345369377348e-16,True
P27,sisyphus,1,sisyphus_s1_26.000,26.0,28.0,arousal,2,face,logreg,0.5436842999743591,1,0.5436842999743585,1,-5.551115123125783e-16,5.551115123125783e-16,True
P27,sisyphus,1,sisyphus_s1_27.000,27.0,29.0,arousal,2,face,logreg,0.5033856558020569,1,0.5033856558020561,1,-7.771561172376096e-16,7.771561172376096e-16,True
P27,sisyphus,1,sisyphus_s1_28.000,28.0,30.0,arousal,2,face,logreg,0.443961522563477,0,0.4439615225634764,0,-6.106226635438361e-16,6.106226635438361e-16,True
P27,sisyphus,1,sisyphus_s1_29.000,29.0,31.0,arousal,2,face,logreg,0.3960217297065539,0,0.3960217297065537,0,-2.220446049250313e-16,2.220446049250313e-16,True
P27,sisyphus,1,sisyphus_s1_30.000,30.0,32.0,arousal,2,face,logreg,0.3939351602691375,0,0.3939351602691372,0,-2.7755575615628914e-16,2.7755575615628914e-16,True
P27,sisyphus,1,sisyphus_s1_31.000,31.0,33.0,arousal,2,face,logreg,0.3858988006971014,0,0.38589880069710103,0,-3.885780586188048e-16,3.885780586188048e-16,True
P27,sisyphus,1,sisyphus_s1_32.000,32.0,34.0,arousal,2,face,logreg,0.3570531149666662,0,0.3570531149666659,0,-2.7755575615628914e-16,2.7755575615628914e-16,True
P27,sisyphus,1,sisyphus_s1_33.000,33.0,35.0,arousal,2,face,logreg,0.3722051930037942,0,0.3722051930037937,0,-4.996003610813204e-16,4.996003610813204e-16,True
P27,sisyphus,1,sisyphus_s1_34.000,34.0,36.0,arousal,2,face,logreg,0.3943209719631139,0,0.3943209719631137,0,-1.6653345369377348e-16,1.6653345369377348e-16,True
P27,sisyphus,1,sisyphus_s1_35.000,35.0,37.0,arousal,2,face,logreg,0.3873347470889012,0,0.387334747088901,0,-2.220446049250313e-16,2.220446049250313e-16,True
P27,sisyphus,1,sisyphus_s1_36.000,36.0,38.0,arousal,2,face,logreg,0.3617632256056361,0,0.36176322560563545,0,-6.661338147750939e-16,6.661338147750939e-16,True
P27,sisyphus,1,sisyphus_s1_37.000,37.0,39.0,arousal,2,face,logreg,0.3585930863034001,0,0.35838515907218405,0,-0.00020792723121604295,0.00020792723121604295,True
P27,sisyphus,1,sisyphus_s1_38.000,38.0,40.0,arousal,2,face,logreg,0.3629205796226399,0,0.3615550017450356,0,-0.0013655778776043292,0.0013655778776043292,True
P27,sisyphus,1,sisyphus_s1_39.000,39.0,41.0,arousal,2,face,logreg,0.394622539310796,0,0.39287746851294886,0,-0.001745070797847137,0.001745070797847137,True
P27,sisyphus,1,sisyphus_s1_40.000,40.0,42.0,arousal,2,face,logreg,0.4597462825364032,0,0.45532892835424965,0,-0.0044173541821535545,0.0044173541821535545,True
P27,sisyphus,1,sisyphus_s1_41.000,41.0,43.0,arousal,2,face,logreg,0.4739074759015365,0,0.4724402643784313,0,-0.001467211523105194,0.001467211523105194,True
P27,sisyphus,1,sisyphus_s1_42.000,42.0,44.0,arousal,2,face,logreg,0.5310793995825174,1,0.5332689369592473,1,0.0021895373767298887,0.0021895373767298887,True
P27,sisyphus,1,sisyphus_s1_43.000,43.0,45.0,arousal,2,face,logreg,0.4683169314827142,0,0.46970171735899763,0,0.0013847858762834342,0.0013847858762834342,True
P27,sisyphus,1,sisyphus_s1_44.000,44.0,46.0,arousal,2,face,logreg,0.435875653266853,0,0.4357805700781752,0,-9.508318867779142e-05,9.508318867779142e-05,True
P27,sisyphus,1,sisyphus_s1_45.000,45.0,47.0,arousal,2,face,logreg,0.4253077029914471,0,0.42482732449375576,0,-0.0004803784976913361,0.0004803784976913361,True
P27,sisyphus,1,sisyphus_s1_46.000,46.0,48.0,arousal,2,face,logreg,0.4263704622229933,0,0.42700733824394166,0,0.0006368760209483626,0.0006368760209483626,True
P27,sisyphus,1,sisyphus_s1_47.000,47.0,49.0,arousal,2,face,logreg,0.4149191196234316,0,0.4184316189423689,0,0.0035124993189373233,0.0035124993189373233,True
P27,sisyphus,1,sisyphus_s1_48.000,48.0,50.0,arousal,2,face,logreg,0.3539596114074478,0,0.3551688865733567,0,0.0012092751659089074,0.0012092751659089074,True
P27,sisyphus,1,sisyphus_s1_49.000,49.0,51.0,arousal,2,face,logreg,0.3692462209833553,0,0.3654365181202732,0,-0.003809702863082076,0.003809702863082076,True
P27,sisyphus,1,sisyphus_s1_50.000,50.0,52.0,arousal,2,face,logreg,0.4251051541070392,0,0.4239787669155855,0,-0.0011263871914536927,0.0011263871914536927,True
P27,sisyphus,1,sisyphus_s1_51.000,51.0,53.0,arousal,2,face,logreg,0.3719912967662938,0,0.3742835432970672,0,0.002292246530773423,0.002292246530773423,True
P27,sisyphus,1,sisyphus_s1_52.000,52.0,54.0,arousal,2,face,logreg,0.3866725039663387,0,0.386369532949891,0,-0.0003029710164476618,0.0003029710164476618,True
P27,sisyphus,1,sisyphus_s1_53.000,53.0,55.0,arousal,2,face,logreg,0.3499299770548977,0,0.3494187390224647,0,-0.0005112380324330257,0.0005112380324330257,True
P27,sisyphus,1,sisyphus_s1_54.000,54.0,56.0,arousal,2,face,logreg,0.299882180396297,0,0.29938844507993667,0,-0.000493735316360322,0.000493735316360322,True
P27,sisyphus,1,sisyphus_s1_55.000,55.0,57.0,arousal,2,face,logreg,0.3058158136348022,0,0.3059713659826274,0,0.00015555234782521632,0.00015555234782521632,True
P27,sisyphus,1,sisyphus_s1_56.000,56.0,58.0,arousal,2,face,logreg,0.3886693851749832,0,0.3854468386814974,0,-0.0032225464934858006,0.0032225464934858006,True
P27,sisyphus,1,sisyphus_s1_57.000,57.0,59.0,arousal,2,face,logreg,0.4134236813315259,0,0.41436513006115844,0,0.0009414487296325325,0.0009414487296325325,True
P27,sisyphus,1,sisyphus_s1_58.000,58.0,60.0,arousal,2,face,logreg,0.3819522318231503,0,0.3830898542700764,0,0.001137622446926112,0.001137622446926112,True
P27,sisyphus,1,sisyphus_s1_59.000,59.0,61.0,arousal,2,face,logreg,0.3876909164779994,0,0.38666484634838305,0,-0.0010260701296163632,0.0010260701296163632,True
P27,sisyphus,1,sisyphus_s1_60.000,60.0,62.0,arousal,2,face,logreg,0.3008992059035359,0,0.30197609152354277,0,0.001076885620006851,0.001076885620006851,True
P27,sisyphus,1,sisyphus_s1_61.000,61.0,63.0,arousal,2,face,logreg,0.3092399421394201,0,0.30876314402354277,0,-0.00047679811587730825,0.00047679811587730825,True
P27,sisyphus,1,sisyphus_s1_62.000,62.0,64.0,arousal,2,face,logreg,0.3685406806920625,0,0.3685474186717969,0,6.737979734439126e-06,6.737979734439126e-06,True
P27,sisyphus,1,sisyphus_s1_63.000,63.0,65.0,arousal,2,face,logreg,0.3646513925533663,0,0.36567800176497645,0,0.00102660921161013,0.00102660921161013,True
P27,sisyphus,1,sisyphus_s1_64.000,64.0,66.0,arousal,2,face,logreg,0.3743772951772075,0,0.37349040496759595,0,-0.0008868902096115794,0.0008868902096115794,True
P27,sisyphus,1,sisyphus_s1_65.000,65.0,67.0,arousal,2,face,logreg,0.3681079737918876,0,0.3676127776782842,0,-0.00049519611360338,0.00049519611360338,True
P27,sisyphus,1,sisyphus_s1_66.000,66.0,68.0,arousal,2,face,logreg,0.366610986842812,0,0.36583408649611043,0,-0.0007769003467015811,0.0007769003467015811,True
P27,sisyphus,1,sisyphus_s1_67.000,67.0,69.0,arousal,2,face,logreg,0.4101016728782483,0,0.4084004758428107,0,-0.001701197035437585,0.001701197035437585,True
P27,sisyphus,1,sisyphus_s1_68.000,68.0,70.0,arousal,2,face,logreg,0.4065152673066302,0,0.4048830628991801,0,-0.0016322044074500996,0.0016322044074500996,True
P27,sisyphus,1,sisyphus_s1_69.000,69.0,71.0,arousal,2,face,logreg,0.5078957146294562,1,0.5020941362989382,1,-0.005801578330517976,0.005801578330517976,True
P27,sisyphus,1,sisyphus_s1_70.000,70.0,72.0,arousal,2,face,logreg,0.5168047173592868,1,0.5181442314404665,1,0.0013395140811797157,0.0013395140811797157,True
P27,sisyphus,1,sisyphus_s1_71.000,71.0,73.0,arousal,2,face,logreg,0.5359298274457575,1,0.5353728852103645,1,-0.0005569422353929321,0.0005569422353929321,True
P27,sisyphus,1,sisyphus_s1_72.000,72.0,74.0,arousal,2,face,logreg,0.526726046843424,1,0.5263559801013332,1,-0.00037006674209072443,0.00037006674209072443,True
P27,sisyphus,1,sisyphus_s1_73.000,73.0,75.0,arousal,2,face,logreg,0.5152265791569696,1,0.5183861864807301,1,0.003159607323760527,0.003159607323760527,True
P27,sisyphus,1,sisyphus_s1_74.000,74.0,76.0,arousal,2,face,logreg,0.5240452478827083,1,0.5226472065961993,1,-0.0013980412865089997,0.0013980412865089997,True
P27,sisyphus,1,sisyphus_s1_75.000,75.0,77.0,arousal,2,face,logreg,0.5559954028861267,1,0.556758183602771,1,0.0007627807166442624,0.0007627807166442624,True
P27,sisyphus,1,sisyphus_s1_76.000,76.0,78.0,arousal,2,face,logreg,0.5360216943879963,1,0.5361646051169995,1,0.00014291072900318724,0.00014291072900318724,True
P27,sisyphus,1,sisyphus_s1_77.000,77.0,79.0,arousal,2,face,logreg,0.4965482013901584,0,0.49673193746830463,0,0.00018373607814625714,0.00018373607814625714,True
P27,sisyphus,1,sisyphus_s1_78.000,78.0,80.0,arousal,2,face,logreg,0.4911309161325152,0,0.4915447462221243,0,0.00041383008960910184,0.00041383008960910184,True
P27,sisyphus,1,sisyphus_s1_79.000,79.0,81.0,arousal,2,face,logreg,0.4753611581380887,0,0.4751362527189949,0,-0.00022490541909381268,0.00022490541909381268,True
P27,sisyphus,1,sisyphus_s1_80.000,80.0,82.0,arousal,2,face,logreg,0.4681042080956679,0,0.467633308975364,0,-0.0004708991203039026,0.0004708991203039026,True
P27,sisyphus,1,sisyphus_s1_81.000,81.0,83.0,arousal,2,face,logreg,0.4140385334605744,0,0.41780089133777487,0,0.003762357877200473,0.003762357877200473,True
P27,sisyphus,1,sisyphus_s1_82.000,82.0,84.0,arousal,2,face,logreg,0.4187311349867221,0,0.4185205706144455,0,-0.0002105643722766226,0.0002105643722766226,True
P27,sisyphus,1,sisyphus_s1_83.000,83.0,85.0,arousal,2,face,logreg,0.4152669458953806,0,0.4126386851980812,0,-0.0026282606972993783,0.0026282606972993783,True
P27,sisyphus,1,sisyphus_s1_84.000,84.0,86.0,arousal,2,face,logreg,0.3826067401115736,0,0.3850533054924765,0,0.002446565380902932,0.002446565380902932,True
P27,sisyphus,1,sisyphus_s1_85.000,85.0,87.0,arousal,2,face,logreg,0.3583877912174192,0,0.3598117344974944,0,0.0014239432800751683,0.0014239432800751683,True
P27,sisyphus,1,sisyphus_s1_86.000,86.0,88.0,arousal,2,face,logreg,0.3488678004535098,0,0.34792328090413327,0,-0.0009445195493765213,0.0009445195493765213,True
P27,sisyphus,1,sisyphus_s1_87.000,87.0,89.0,arousal,2,face,logreg,0.4227287724216834,0,0.42198488177581084,0,-0.0007438906458725469,0.0007438906458725469,True
P27,sisyphus,1,sisyphus_s1_88.000,88.0,90.0,arousal,2,face,logreg,0.4565529824087557,0,0.45344114830823673,0,-0.003111834100518962,0.003111834100518962,True
P27,sisyphus,1,sisyphus_s1_89.000,89.0,91.0,arousal,2,face,logreg,0.4757400110377756,0,0.47334274210259397,0,-0.0023972689351816068,0.0023972689351816068,True
P27,sisyphus,1,sisyphus_s1_90.000,90.0,92.0,arousal,2,face,logreg,0.4750071448387338,0,0.4766007171676117,0,0.0015935723288779124,0.0015935723288779124,True
P27,sisyphus,1,sisyphus_s1_91.000,91.0,93.0,arousal,2,face,logreg,0.4270644046716348,0,0.4481302378109798,0,0.021065833139345014,0.021065833139345014,True
P27,sisyphus,1,sisyphus_s1_92.000,92.0,94.0,arousal,2,face,logreg,0.3620487800946679,0,0.36225377096623135,0,0.00020499087156344853,0.00020499087156344853,True
P27,sisyphus,1,sisyphus_s1_93.000,93.0,95.0,arousal,2,face,logreg,0.4060670643636205,0,0.38996232069524045,0,-0.01610474366838005,0.01610474366838005,True
P27,sisyphus,1,sisyphus_s1_94.000,94.0,96.0,arousal,2,face,logreg,0.4322483861470528,0,0.4302340709336575,0,-0.00201431521339529,0.00201431521339529,True
P27,sisyphus,1,sisyphus_s1_95.000,95.0,97.0,arousal,2,face,logreg,0.4306737098396742,0,0.430202270373744,0,-0.00047143946593020125,0.00047143946593020125,True
P27,sisyphus,1,sisyphus_s1_96.000,96.0,98.0,arousal,2,face,logreg,0.4314742318515831,0,0.4304538901177343,0,-0.0010203417338488507,0.0010203417338488507,True
P27,sisyphus,1,sisyphus_s1_97.000,97.0,99.0,arousal,2,face,logreg,0.382366387810526,0,0.3966716748419459,0,0.014305287031419867,0.014305287031419867,True
P27,sisyphus,1,sisyphus_s1_98.000,98.0,100.0,arousal,2,face,logreg,0.3862629566322526,0,0.3864419310127146,0,0.00017897438046204917,0.00017897438046204917,True
P27,sisyphus,1,sisyphus_s1_99.000,99.0,101.0,arousal,2,face,logreg,0.3268569035046318,0,0.327965045031299,0,0.0011081415266671613,0.0011081415266671613,True
P27,sisyphus,1,sisyphus_s1_100.000,100.0,102.0,arousal,2,face,logreg,0.2758218180455212,0,0.28072625114277067,0,0.004904433097249472,0.004904433097249472,True
P27,sisyphus,1,sisyphus_s1_101.000,101.0,103.0,arousal,2,face,logreg,0.2981076837323297,0,0.2947444376688809,0,-0.003363246063448788,0.003363246063448788,True
P27,sisyphus,1,sisyphus_s1_102.000,102.0,104.0,arousal,2,face,logreg,0.3317160069717533,0,0.33354775965181116,0,0.0018317526800578632,0.0018317526800578632,True
P27,sisyphus,1,sisyphus_s1_103.000,103.0,105.0,arousal,2,face,logreg,0.3427841266211733,0,0.3510584814554862,0,0.00827435483431288,0.00827435483431288,True
P27,sisyphus,1,sisyphus_s1_104.000,104.0,106.0,arousal,2,face,logreg,0.3114244373448379,0,0.3038293072890223,0,-0.00759513005581558,0.00759513005581558,True
P27,sisyphus,1,sisyphus_s1_105.000,105.0,107.0,arousal,2,face,logreg,0.483683197224123,0,0.47681620231290667,0,-0.00686699491121634,0.00686699491121634,True
P27,sisyphus,1,sisyphus_s1_106.000,106.0,108.0,arousal,2,face,logreg,0.5062568025955049,1,0.5088106945940567,1,0.002553891998551827,0.002553891998551827,True
P27,sisyphus,1,sisyphus_s1_107.000,107.0,109.0,arousal,2,face,logreg,0.4866766044984585,0,0.4880049860303091,0,0.0013283815318506087,0.0013283815318506087,True
P27,sisyphus,1,sisyphus_s1_108.000,108.0,110.0,arousal,2,face,logreg,0.5103635439785483,1,0.512497279763183,1,0.002133735784634716,0.002133735784634716,True
P27,sisyphus,1,sisyphus_s1_109.000,109.0,111.0,arousal,2,face,logreg,0.4126568167969355,0,0.41569579814594637,0,0.003038981349010872,0.003038981349010872,True
P27,sisyphus,1,sisyphus_s1_110.000,110.0,112.0,arousal,2,face,logreg,0.3588617561348121,0,0.35885514618561226,0,-6.609949199820608e-06,6.609949199820608e-06,True
P27,sisyphus,1,sisyphus_s1_111.000,111.0,113.0,arousal,2,face,logreg,0.3738590509397603,0,0.37294093894273544,0,-0.0009181119970248508,0.0009181119970248508,True
P27,sisyphus,1,sisyphus_s1_112.000,112.0,114.0,arousal,2,face,logreg,0.4451269806150539,0,0.4481209424172424,0,0.0029939618021884717,0.0029939618021884717,True
P27,sisyphus,1,sisyphus_s1_113.000,113.0,115.0,arousal,2,face,logreg,0.3883915482495685,0,0.3826389815582841,0,-0.005752566691284433,0.005752566691284433,True
P27,sisyphus,1,sisyphus_s1_114.000,114.0,116.0,arousal,2,face,logreg,0.5156217752303512,1,0.4982692686497465,0,-0.01735250658060472,0.01735250658060472,False
P27,sisyphus,1,sisyphus_s1_115.000,115.0,117.0,arousal,2,face,logreg,0.5268406289587995,1,0.545833486053437,1,0.018992857094637494,0.018992857094637494,True
P27,sisyphus,1,sisyphus_s1_116.000,116.0,118.0,arousal,2,face,logreg,0.4743478921836174,0,0.4820466416271002,0,0.007698749443482811,0.007698749443482811,True
P27,sisyphus,1,sisyphus_s1_117.000,117.0,119.0,arousal,2,face,logreg,0.4150042566343629,0,0.40139241196838055,0,-0.013611844665982364,0.013611844665982364,True
P27,sisyphus,1,sisyphus_s1_118.000,118.0,120.0,arousal,2,face,logreg,0.360521382607931,0,0.36325802430258436,0,0.0027366416946533745,0.0027366416946533745,True
P27,sisyphus,1,sisyphus_s1_119.000,119.0,121.0,arousal,2,face,logreg,0.3114992656708382,0,0.3293923879518827,0,0.017893122281044505,0.017893122281044505,True
P27,sisyphus,1,sisyphus_s1_120.000,120.0,122.0,arousal,2,face,logreg,0.3035638298347157,0,0.3008915699412678,0,-0.0026722598934478814,0.0026722598934478814,True
P27,sisyphus,1,sisyphus_s1_121.000,121.0,123.0,arousal,2,face,logreg,0.2988171281029296,0,0.3020766042167503,0,0.003259476113820714,0.003259476113820714,True
P27,sisyphus,1,sisyphus_s1_122.000,122.0,124.0,arousal,2,face,logreg,0.2781317729851838,0,0.27967527535566333,0,0.0015435023704795103,0.0015435023704795103,True
P27,sisyphus,1,sisyphus_s1_123.000,123.0,125.0,arousal,2,face,logreg,0.2981904389966303,0,0.2930180344233077,0,-0.005172404573322575,0.005172404573322575,True
P27,sisyphus,1,sisyphus_s1_124.000,124.0,126.0,arousal,2,face,logreg,0.3040298590106074,0,0.30513708788001725,0,0.0011072288694098376,0.0011072288694098376,True
P27,sisyphus,1,sisyphus_s1_125.000,125.0,127.0,arousal,2,face,logreg,0.3103449160400308,0,0.30649519576189105,0,-0.0038497202781397344,0.0038497202781397344,True
P27,shape_sorter_interaction,1,shape_sorter_interaction_s1_22.000,22.0,24.0,arousal,2,face,logreg,0.5087848675692719,1,0.507499679170072,1,-0.001285188399199888,0.001285188399199888,True
P27,shape_sorter_interaction,1,shape_sorter_interaction_s1_23.000,23.0,25.0,arousal,2,face,logreg,0.5273637142931944,1,0.5282767786386915,1,0.0009130643454970944,0.0009130643454970944,True
P27,shape_sorter_interaction,1,shape_sorter_interaction_s1_24.000,24.0,26.0,arousal,2,face,logreg,0.483723740548226,0,0.48361342519871,0,-0.0001103153495159992,0.0001103153495159992,True
P27,shape_sorter_interaction,1,shape_sorter_interaction_s1_25.000,25.0,27.0,arousal,2,face,logreg,0.3887565625827083,0,0.3934776783118812,0,0.004721115729172887,0.004721115729172887,True
P27,shape_sorter_interaction,1,shape_sorter_interaction_s1_26.000,26.0,28.0,arousal,2,face,logreg,0.3239681736324223,0,0.3220558410981936,0,-0.0019123325342287334,0.0019123325342287334,True
P27,shape_sorter_interaction,1,shape_sorter_interaction_s1_27.000,27.0,29.0,arousal,2,face,logreg,0.2939039235857218,0,0.30080805488942386,0,0.0069041313037020435,0.0069041313037020435,True
P27,shape_sorter_interaction,1,shape_sorter_interaction_s1_28.000,28.0,30.0,arousal,2,face,logreg,0.2548272379635695,0,0.25218660310533614,0,-0.0026406348582333483,0.0026406348582333483,True
P27,shape_sorter_interaction,1,shape_sorter_interaction_s1_29.000,29.0,31.0,arousal,2,face,logreg,0.27747309238128,0,0.2769028274985469,0,-0.0005702648827330958,0.0005702648827330958,True
P27,shape_sorter_interaction,1,shape_sorter_interaction_s1_30.000,30.0,32.0,arousal,2,face,logreg,0.3480182771081457,0,0.34492299529244563,0,-0.0030952818157000683,0.0030952818157000683,True
P27,shape_sorter_interaction,1,shape_sorter_interaction_s1_31.000,31.0,33.0,arousal,2,face,logreg,0.4330609207569946,0,0.4294072598423266,0,-0.003653660914668011,0.003653660914668011,True
P27,shape_sorter_interaction,1,shape_sorter_interaction_s1_32.000,32.0,34.0,arousal,2,face,logreg,0.4563748914780718,0,0.4571951627663256,0,0.0008202712882537933,0.0008202712882537933,True
P27,shape_sorter_interaction,1,shape_sorter_interaction_s1_33.000,33.0,35.0,arousal,2,face,logreg,0.4670926726879283,0,0.4677975293534777,0,0.0007048566655493693,0.0007048566655493693,True
P27,shape_sorter_interaction,1,shape_sorter_interaction_s1_34.000,34.0,36.0,arousal,2,face,logreg,0.4917831284562515,0,0.4925071500677264,0,0.0007240216114748899,0.0007240216114748899,True
P27,shape_sorter_interaction,1,shape_sorter_interaction_s1_35.000,35.0,37.0,arousal,2,face,logreg,0.4474421377670732,0,0.44962673132707115,0,0.0021845935599979494,0.0021845935599979494,True
P27,shape_sorter_interaction,1,shape_sorter_interaction_s1_36.000,36.0,38.0,arousal,2,face,logreg,0.4245791152806923,0,0.4315616708798896,0,0.006982555599197304,0.006982555599197304,True
P27,shape_sorter_interaction,1,shape_sorter_interaction_s1_37.000,37.0,39.0,arousal,2,face,logreg,0.4205504628630166,0,0.4194649423469825,0,-0.0010855205160341108,0.0010855205160341108,True
P27,shape_sorter_interaction,1,shape_sorter_interaction_s1_38.000,38.0,40.0,arousal,2,face,logreg,0.4288443558575813,0,0.4230566576515459,0,-0.005787698206035419,0.005787698206035419,True
P27,shape_sorter_interaction,1,shape_sorter_interaction_s1_39.000,39.0,41.0,arousal,2,face,logreg,0.4566151878997362,0,0.45610859562063427,0,-0.0005065922791019362,0.0005065922791019362,True
P27,shape_sorter_interaction,1,shape_sorter_interaction_s1_40.000,40.0,42.0,arousal,2,face,logreg,0.4391009526389594,0,0.4400281322935722,0,0.0009271796546128086,0.0009271796546128086,True
P27,shape_sorter_interaction,1,shape_sorter_interaction_s1_41.000,41.0,43.0,arousal,2,face,logreg,0.4892707632506607,0,0.48666523844836174,0,-0.002605524802298975,0.002605524802298975,True
P27,shape_sorter_interaction,1,shape_sorter_interaction_s1_42.000,42.0,44.0,arousal,2,face,logreg,0.5182638554136011,1,0.5208472145658305,1,0.002583359152229403,0.002583359152229403,True
P27,shape_sorter_interaction,1,shape_sorter_interaction_s1_43.000,43.0,45.0,arousal,2,face,logreg,0.438424904020906,0,0.44103524134389466,0,0.002610337322988654,0.002610337322988654,True
P27,shape_sorter_interaction,1,shape_sorter_interaction_s1_44.000,44.0,46.0,arousal,2,face,logreg,0.417679621646116,0,0.41875847200085764,0,0.001078850354741645,0.001078850354741645,True
P27,shape_sorter_interaction,1,shape_sorter_interaction_s1_45.000,45.0,47.0,arousal,2,face,logreg,0.386419173563902,0,0.3860230979186592,0,-0.00039607564524279937,0.00039607564524279937,True
P27,shape_sorter_interaction,1,shape_sorter_interaction_s1_46.000,46.0,48.0,arousal,2,face,logreg,0.4108655060363385,0,0.4100835879141691,0,-0.0007819181221693783,0.0007819181221693783,True
P27,shape_sorter_interaction,1,shape_sorter_interaction_s1_47.000,47.0,49.0,arousal,2,face,logreg,0.4822201639359263,0,0.4823550462112704,0,0.0001348822753440837,0.0001348822753440837,True
P27,shape_sorter_interaction,1,shape_sorter_interaction_s1_48.000,48.0,50.0,arousal,2,face,logreg,0.5178224962650666,1,0.5170123304088442,1,-0.0008101658562224001,0.0008101658562224001,True
P27,shape_sorter_interaction,1,shape_sorter_interaction_s1_49.000,49.0,51.0,arousal,2,face,logreg,0.5010024716402185,1,0.5026390214446621,1,0.00163654980444361,0.00163654980444361,True
P27,shape_sorter_interaction,1,shape_sorter_interaction_s1_50.000,50.0,52.0,arousal,2,face,logreg,0.4678148484568989,0,0.4699170852573815,0,0.002102236800482604,0.002102236800482604,True
P27,shape_sorter_interaction,1,shape_sorter_interaction_s1_51.000,51.0,53.0,arousal,2,face,logreg,0.5132382116606768,1,0.5132610595156912,1,2.2847855014385132e-05,2.2847855014385132e-05,True
P27,shape_sorter_interaction,1,shape_sorter_interaction_s1_52.000,52.0,54.0,arousal,2,face,logreg,0.5245026157263433,1,0.5260933399973542,1,0.0015907242710109237,0.0015907242710109237,True
P27,shape_sorter_interaction,1,shape_sorter_interaction_s1_53.000,53.0,55.0,arousal,2,face,logreg,0.5368896612478697,1,0.5363483972755932,1,-0.0005412639722764956,0.0005412639722764956,True
P27,shape_sorter_interaction,1,shape_sorter_interaction_s1_54.000,54.0,56.0,arousal,2,face,logreg,0.5153551278995904,1,0.5151936035444369,1,-0.00016152435515348618,0.00016152435515348618,True
P27,shape_sorter_interaction,1,shape_sorter_interaction_s1_55.000,55.0,57.0,arousal,2,face,logreg,0.5228425477457661,1,0.5228332812115521,1,-9.266534213958622e-06,9.266534213958622e-06,True
P27,shape_sorter_interaction,1,shape_sorter_interaction_s1_56.000,56.0,58.0,arousal,2,face,logreg,0.5152187933845757,1,0.5143837772592342,1,-0.0008350161253414257,0.0008350161253414257,True
P27,shape_sorter_interaction,1,shape_sorter_interaction_s1_57.000,57.0,59.0,arousal,2,face,logreg,0.4338336941064027,0,0.4343942872186214,0,0.0005605931122186769,0.0005605931122186769,True
P27,shape_sorter_interaction,1,shape_sorter_interaction_s1_58.000,58.0,60.0,arousal,2,face,logreg,0.429235173675534,0,0.4295789621748208,0,0.0003437884992867901,0.0003437884992867901,True
P27,shape_sorter_interaction,1,shape_sorter_interaction_s1_59.000,59.0,61.0,arousal,2,face,logreg,0.4277923600020644,0,0.42816294423257123,0,0.00037058423050684297,0.00037058423050684297,True
P27,shape_sorter_interaction,1,shape_sorter_interaction_s1_60.000,60.0,62.0,arousal,2,face,logreg,0.3766107701972096,0,0.3770486049180737,0,0.00043783472086406094,0.00043783472086406094,True
P27,shape_sorter_interaction,1,shape_sorter_interaction_s1_61.000,61.0,63.0,arousal,2,face,logreg,0.3596083670700791,0,0.3601763169463112,0,0.0005679498762320989,0.0005679498762320989,True
P27,shape_sorter_interaction,1,shape_sorter_interaction_s1_62.000,62.0,64.0,arousal,2,face,logreg,0.3419186433733483,0,0.34387543537574355,0,0.0019567920023952357,0.0019567920023952357,True
P27,shape_sorter_interaction,1,shape_sorter_interaction_s1_63.000,63.0,65.0,arousal,2,face,logreg,0.3136639280150604,0,0.31619213916398464,0,0.0025282111489242642,0.0025282111489242642,True
P27,shape_sorter_interaction,1,shape_sorter_interaction_s1_64.000,64.0,66.0,arousal,2,face,logreg,0.3156025632349584,0,0.3154339704677334,0,-0.00016859276722497318,0.00016859276722497318,True
P27,shape_sorter_interaction,1,shape_sorter_interaction_s1_65.000,65.0,67.0,arousal,2,face,logreg,0.3216371762510009,0,0.321689460349596,0,5.228409859509009e-05,5.228409859509009e-05,True
P27,shape_sorter_interaction,1,shape_sorter_interaction_s1_66.000,66.0,68.0,arousal,2,face,logreg,0.2519651625566082,0,0.2540184153769583,0,0.002053252820350071,0.002053252820350071,True
P27,shape_sorter_interaction,1,shape_sorter_interaction_s1_67.000,67.0,69.0,arousal,2,face,logreg,0.2774265246556016,0,0.2752950797885371,0,-0.002131444867064458,0.002131444867064458,True
P27,shape_sorter_interaction,1,shape_sorter_interaction_s1_68.000,68.0,70.0,arousal,2,face,logreg,0.4054324774000662,0,0.4078047874428711,0,0.0023723100428048594,0.0023723100428048594,True
P27,shape_sorter_interaction,1,shape_sorter_interaction_s1_69.000,69.0,71.0,arousal,2,face,logreg,0.4167029685648585,0,0.4172408682526314,0,0.0005378996877729025,0.0005378996877729025,True
P27,shape_sorter_interaction,1,shape_sorter_interaction_s1_70.000,70.0,72.0,arousal,2,face,logreg,0.4632962453220029,0,0.45899756504968864,0,-0.004298680272314281,0.004298680272314281,True
P27,shape_sorter_interaction,1,shape_sorter_interaction_s1_71.000,71.0,73.0,arousal,2,face,logreg,0.4675570365649734,0,0.4659440221206862,0,-0.0016130144442871863,0.0016130144442871863,True
P27,shape_sorter_interaction,1,shape_sorter_interaction_s1_72.000,72.0,74.0,arousal,2,face,logreg,0.4746744408651185,0,0.4755311016356519,0,0.0008566607705333684,0.0008566607705333684,True
P27,shape_sorter_interaction,1,shape_sorter_interaction_s1_73.000,73.0,75.0,arousal,2,face,logreg,0.430803950701949,0,0.430532773549636,0,-0.0002711771523130069,0.0002711771523130069,True
P27,shape_sorter_interaction,1,shape_sorter_interaction_s1_74.000,74.0,76.0,arousal,2,face,logreg,0.4274614317926283,0,0.42890845821474816,0,0.001447026422119857,0.001447026422119857,True
P27,shape_sorter_interaction,1,shape_sorter_interaction_s1_75.000,75.0,77.0,arousal,2,face,logreg,0.4738538360688281,0,0.4729423680386579,0,-0.0009114680301701705,0.0009114680301701705,True
P27,shape_sorter_interaction,1,shape_sorter_interaction_s1_76.000,76.0,78.0,arousal,2,face,logreg,0.4762541287657283,0,0.47587080401262366,0,-0.0003833247531046524,0.0003833247531046524,True
P27,shape_sorter_interaction,1,shape_sorter_interaction_s1_77.000,77.0,79.0,arousal,2,face,logreg,0.4804197160358174,0,0.47967868770391603,0,-0.0007410283319013722,0.0007410283319013722,True
P27,shape_sorter_interaction,1,shape_sorter_interaction_s1_78.000,78.0,80.0,arousal,2,face,logreg,0.4927140381090569,0,0.4938032615582571,0,0.001089223449200205,0.001089223449200205,True
P27,shape_sorter_interaction,1,shape_sorter_interaction_s1_79.000,79.0,81.0,arousal,2,face,logreg,0.4863380062071759,0,0.48759392557803855,0,0.0012559193708626681,0.0012559193708626681,True
P27,shape_sorter_interaction,1,shape_sorter_interaction_s1_80.000,80.0,82.0,arousal,2,face,logreg,0.4324413750353686,0,0.43486159253860013,0,0.0024202175032315143,0.0024202175032315143,True
P27,shape_sorter_interaction,1,shape_sorter_interaction_s1_81.000,81.0,83.0,arousal,2,face,logreg,0.4034507490392173,0,0.4042074124232811,0,0.000756663384063827,0.000756663384063827,True
P27,shape_sorter_interaction,1,shape_sorter_interaction_s1_82.000,82.0,84.0,arousal,2,face,logreg,0.3785661591826521,0,0.38078671945284487,0,0.002220560270192795,0.002220560270192795,True
P27,shape_sorter_interaction,1,shape_sorter_interaction_s1_83.000,83.0,85.0,arousal,2,face,logreg,0.3706876164134599,0,0.3696108526134085,0,-0.0010767638000513946,0.0010767638000513946,True
P27,shape_sorter_interaction,1,shape_sorter_interaction_s1_84.000,84.0,86.0,arousal,2,face,logreg,0.3612874904644309,0,0.36137132506850955,0,8.383460407862531e-05,8.383460407862531e-05,True
P27,shape_sorter_interaction,1,shape_sorter_interaction_s1_85.000,85.0,87.0,arousal,2,face,logreg,0.3698137430052606,0,0.3690134147421695,0,-0.0008003282630911213,0.0008003282630911213,True
P27,shape_sorter_interaction,1,shape_sorter_interaction_s1_86.000,86.0,88.0,arousal,2,face,logreg,0.3404510717686561,0,0.34097101498905125,0,0.0005199432203951693,0.0005199432203951693,True
P27,shape_sorter_interaction,1,shape_sorter_interaction_s1_87.000,87.0,89.0,arousal,2,face,logreg,0.3700160639210897,0,0.36582072243379987,0,-0.004195341487289839,0.004195341487289839,True
P27,shape_sorter_interaction,1,shape_sorter_interaction_s1_88.000,88.0,90.0,arousal,2,face,logreg,0.436728203236148,0,0.4327263321841275,0,-0.004001871052020545,0.004001871052020545,True
P27,shape_sorter_interaction,1,shape_sorter_interaction_s1_89.000,89.0,91.0,arousal,2,face,logreg,0.49636544764314,0,0.4912125082921281,0,-0.005152939351011909,0.005152939351011909,True
P27,shape_sorter_interaction,1,shape_sorter_interaction_s1_90.000,90.0,92.0,arousal,2,face,logreg,0.6092933939496569,1,0.602088774267104,1,-0.007204619682552815,0.007204619682552815,True
P27,shape_sorter_interaction,1,shape_sorter_interaction_s1_91.000,91.0,93.0,arousal,2,face,logreg,0.6054213732274427,1,0.6028005080984921,1,-0.0026208651289506557,0.0026208651289506557,True
P27,shape_sorter_interaction,1,shape_sorter_interaction_s1_92.000,92.0,94.0,arousal,2,face,logreg,0.6217457875670671,1,0.6245962781770144,1,0.0028504906099472427,0.0028504906099472427,True
P27,pick_place,1,pick_place_s1_20.000,20.0,22.0,arousal,3,eeg,logreg,0.4883484822910345,0,0.46278825619428404,0,-0.02556022609675046,0.02556022609675046,True
P27,pick_place,1,pick_place_s1_21.000,21.0,23.0,arousal,3,eeg,logreg,0.4811670991844783,0,0.45491139644329087,0,-0.026255702741187437,0.026255702741187437,True
P27,pick_place,1,pick_place_s1_22.000,22.0,24.0,arousal,3,eeg,logreg,0.5353694562551234,1,0.5103473943678972,1,-0.02502206188722622,0.02502206188722622,True
P27,pick_place,1,pick_place_s1_23.000,23.0,25.0,arousal,3,eeg,logreg,0.5450726048939358,1,0.5269435980894818,1,-0.018129006804454062,0.018129006804454062,True
P27,pick_place,1,pick_place_s1_24.000,24.0,26.0,arousal,3,eeg,logreg,0.4024704469945845,0,0.38101412033979337,0,-0.021456326654791136,0.021456326654791136,True
P27,pick_place,1,pick_place_s1_25.000,25.0,27.0,arousal,3,eeg,logreg,0.5152788036273359,1,0.47618389979551246,0,-0.03909490383182346,0.03909490383182346,False
P27,pick_place,1,pick_place_s1_26.000,26.0,28.0,arousal,3,eeg,logreg,0.565132039854974,1,0.5388621295675372,1,-0.02626991028743675,0.02626991028743675,True
P27,pick_place,1,pick_place_s1_27.000,27.0,29.0,arousal,3,eeg,logreg,0.5811099237461638,1,0.5707059865011564,1,-0.010403937245007322,0.010403937245007322,True
P27,pick_place,1,pick_place_s1_28.000,28.0,30.0,arousal,3,eeg,logreg,0.5646005254704394,1,0.5446736355256749,1,-0.019926889944764437,0.019926889944764437,True
P27,pick_place,1,pick_place_s1_29.000,29.0,31.0,arousal,3,eeg,logreg,0.5823367087172953,1,0.5508193931154782,1,-0.03151731560181703,0.03151731560181703,True
P27,pick_place,1,pick_place_s1_30.000,30.0,32.0,arousal,3,eeg,logreg,0.5292185724874587,1,0.5020043068397484,1,-0.027214265647710345,0.027214265647710345,True
P27,pick_place,1,pick_place_s1_31.000,31.0,33.0,arousal,3,eeg,logreg,0.4833632469333578,0,0.4533370314993893,0,-0.030026215433968495,0.030026215433968495,True
P27,pick_place,1,pick_place_s1_32.000,32.0,34.0,arousal,3,eeg,logreg,0.5195628228239189,1,0.49316221544784716,0,-0.026400607376071694,0.026400607376071694,False
P27,pick_place,1,pick_place_s1_33.000,33.0,35.0,arousal,3,eeg,logreg,0.6133913927304482,1,0.5860368190249786,1,-0.027354573705469565,0.027354573705469565,True
P27,pick_place,1,pick_place_s1_34.000,34.0,36.0,arousal,3,eeg,logreg,0.5619652731391869,1,0.5442471638000302,1,-0.01771810933915663,0.01771810933915663,True
P27,pick_place,1,pick_place_s1_35.000,35.0,37.0,arousal,3,eeg,logreg,0.5783397397685437,1,0.5428042135022131,1,-0.03553552626633061,0.03553552626633061,True
P27,pick_place,1,pick_place_s1_36.000,36.0,38.0,arousal,3,eeg,logreg,0.5118967256665811,1,0.4938893906610765,0,-0.018007335005504554,0.018007335005504554,False
P27,pick_place,1,pick_place_s1_37.000,37.0,39.0,arousal,3,eeg,logreg,0.4892805010450923,0,0.4864289915748139,0,-0.0028515094702784016,0.0028515094702784016,True
P27,pick_place,1,pick_place_s1_38.000,38.0,40.0,arousal,3,eeg,logreg,0.5708702552275996,1,0.5352505989543039,1,-0.03561965627329566,0.03561965627329566,True
P27,pick_place,1,pick_place_s1_39.000,39.0,41.0,arousal,3,eeg,logreg,0.2930570918546067,0,0.24932349627659456,0,-0.04373359557801215,0.04373359557801215,True
P27,pick_place,1,pick_place_s1_40.000,40.0,42.0,arousal,3,eeg,logreg,0.5345972639194336,1,0.5108171075602741,1,-0.023780156359159532,0.023780156359159532,True
P27,shape_sorter_interaction,1,shape_sorter_interaction_s1_22.000,22.0,24.0,arousal,3,eeg,logreg,0.515799966806066,1,0.49043514816487144,0,-0.025364818641194553,0.025364818641194553,False
P27,shape_sorter_interaction,1,shape_sorter_interaction_s1_23.000,23.0,25.0,arousal,3,eeg,logreg,0.547281500768927,1,0.5256943858665546,1,-0.021587114902372417,0.021587114902372417,True
P27,shape_sorter_interaction,1,shape_sorter_interaction_s1_24.000,24.0,26.0,arousal,3,eeg,logreg,0.5430331512785034,1,0.5161628330665656,1,-0.02687031821193775,0.02687031821193775,True
P27,shape_sorter_interaction,1,shape_sorter_interaction_s1_25.000,25.0,27.0,arousal,3,eeg,logreg,0.563401571360863,1,0.5473964066092827,1,-0.016005164751580314,0.016005164751580314,True
P27,shape_sorter_interaction,1,shape_sorter_interaction_s1_26.000,26.0,28.0,arousal,3,eeg,logreg,0.5045683430061139,1,0.5000879755420747,1,-0.0044803674640391256,0.0044803674640391256,True
P27,shape_sorter_interaction,1,shape_sorter_interaction_s1_27.000,27.0,29.0,arousal,3,eeg,logreg,0.5773131282320362,1,0.4837281902428277,0,-0.09358493798920847,0.09358493798920847,False
P27,shape_sorter_interaction,1,shape_sorter_interaction_s1_28.000,28.0,30.0,arousal,3,eeg,logreg,0.4805114131839733,0,0.4079258211358734,0,-0.07258559204809989,0.07258559204809989,True
P27,shape_sorter_interaction,1,shape_sorter_interaction_s1_29.000,29.0,31.0,arousal,3,eeg,logreg,0.5490706429318967,1,0.560325554134358,1,0.01125491120246136,0.01125491120246136,True
P27,shape_sorter_interaction,1,shape_sorter_interaction_s1_30.000,30.0,32.0,arousal,3,eeg,logreg,0.4743638163352533,0,0.4335903382807939,0,-0.04077347805445941,0.04077347805445941,True
P27,shape_sorter_interaction,1,shape_sorter_interaction_s1_31.000,31.0,33.0,arousal,3,eeg,logreg,0.5030438732951441,1,0.4870934879924832,0,-0.015950385302660908,0.015950385302660908,False
P27,shape_sorter_interaction,1,shape_sorter_interaction_s1_32.000,32.0,34.0,arousal,3,eeg,logreg,0.4944762780449775,0,0.47733018809975236,0,-0.01714608994522515,0.01714608994522515,True
P27,shape_sorter_interaction,1,shape_sorter_interaction_s1_33.000,33.0,35.0,arousal,3,eeg,logreg,0.4103808180622702,0,0.3932099065611877,0,-0.01717091150108252,0.01717091150108252,True
P27,shape_sorter_interaction,1,shape_sorter_interaction_s1_34.000,34.0,36.0,arousal,3,eeg,logreg,0.5026101517622095,1,0.4778429299658759,0,-0.02476722179633356,0.02476722179633356,False
P27,shape_sorter_interaction,1,shape_sorter_interaction_s1_35.000,35.0,37.0,arousal,3,eeg,logreg,0.5565430080675032,1,0.5243113831330429,1,-0.0322316249344603,0.0322316249344603,True
P27,shape_sorter_interaction,1,shape_sorter_interaction_s1_36.000,36.0,38.0,arousal,3,eeg,logreg,0.554755599609281,1,0.5169072533603446,1,-0.037848346248936404,0.037848346248936404,True
P27,shape_sorter_interaction,1,shape_sorter_interaction_s1_37.000,37.0,39.0,arousal,3,eeg,logreg,0.5336426914061289,1,0.49603958976377976,0,-0.03760310164234909,0.03760310164234909,False
P27,shape_sorter_interaction,1,shape_sorter_interaction_s1_38.000,38.0,40.0,arousal,3,eeg,logreg,0.5332083944157394,1,0.5212300110129424,1,-0.011978383402797,0.011978383402797,True
P27,shape_sorter_interaction,1,shape_sorter_interaction_s1_39.000,39.0,41.0,arousal,3,eeg,logreg,0.5044024363232109,1,0.4738951146283949,0,-0.030507321694816014,0.030507321694816014,False
P27,shape_sorter_interaction,1,shape_sorter_interaction_s1_40.000,40.0,42.0,arousal,3,eeg,logreg,0.488920081000764,0,0.46069268308470435,0,-0.02822739791605966,0.02822739791605966,True
P27,shape_sorter_interaction,1,shape_sorter_interaction_s1_41.000,41.0,43.0,arousal,3,eeg,logreg,0.5028892704655387,1,0.47203808826108884,0,-0.030851182204449823,0.030851182204449823,False
P27,shape_sorter_interaction,1,shape_sorter_interaction_s1_42.000,42.0,44.0,arousal,3,eeg,logreg,0.4798120522919523,0,0.44361399230194637,0,-0.036198059990005915,0.036198059990005915,True
P27,shape_sorter_interaction,1,shape_sorter_interaction_s1_43.000,43.0,45.0,arousal,3,eeg,logreg,0.4245928711787459,0,0.3979853902216581,0,-0.026607480957087815,0.026607480957087815,True
P27,shape_sorter_interaction,1,shape_sorter_interaction_s1_44.000,44.0,46.0,arousal,3,eeg,logreg,0.4381162507106653,0,0.40809010916206423,0,-0.03002614154860106,0.03002614154860106,True
P27,shape_sorter_interaction,1,shape_sorter_interaction_s1_45.000,45.0,47.0,arousal,3,eeg,logreg,0.6250190089496183,1,0.5779259412090939,1,-0.04709306774052435,0.04709306774052435,True
P27,shape_sorter_interaction,1,shape_sorter_interaction_s1_46.000,46.0,48.0,arousal,3,eeg,logreg,0.5757581145469185,1,0.5425594133991828,1,-0.03319870114773571,0.03319870114773571,True
P27,shape_sorter_interaction,1,shape_sorter_interaction_s1_47.000,47.0,49.0,arousal,3,eeg,logreg,0.4616355233946034,0,0.4543811007750799,0,-0.007254422619523471,0.007254422619523471,True
P27,shape_sorter_interaction,1,shape_sorter_interaction_s1_48.000,48.0,50.0,arousal,3,eeg,logreg,0.4134627742188684,0,0.3758876455974232,0,-0.037575128621445186,0.037575128621445186,True
P27,shape_sorter_interaction,1,shape_sorter_interaction_s1_49.000,49.0,51.0,arousal,3,eeg,logreg,0.3992920377495814,0,0.36010395543927387,0,-0.039188082310307515,0.039188082310307515,True
P27,shape_sorter_interaction,1,shape_sorter_interaction_s1_50.000,50.0,52.0,arousal,3,eeg,logreg,0.4346139748739747,0,0.4101095304879768,0,-0.02450444438599786,0.02450444438599786,True
P27,shape_sorter_interaction,1,shape_sorter_interaction_s1_51.000,51.0,53.0,arousal,3,eeg,logreg,0.5214919944978151,1,0.5021498464709664,1,-0.01934214802684875,0.01934214802684875,True
P27,shape_sorter_interaction,1,shape_sorter_interaction_s1_52.000,52.0,54.0,arousal,3,eeg,logreg,0.4389460290089494,0,0.42093039631381846,0,-0.018015632695130956,0.018015632695130956,True
P27,shape_sorter_interaction,1,shape_sorter_interaction_s1_53.000,53.0,55.0,arousal,3,eeg,logreg,0.3972697750986936,0,0.36865545710999864,0,-0.02861431798869496,0.02861431798869496,True
P27,shape_sorter_interaction,1,shape_sorter_interaction_s1_54.000,54.0,56.0,arousal,3,eeg,logreg,0.4736058064451552,0,0.43211043560628487,0,-0.04149537083887034,0.04149537083887034,True
P27,shape_sorter_interaction,1,shape_sorter_interaction_s1_55.000,55.0,57.0,arousal,3,eeg,logreg,0.6012986427611671,1,0.5722743620546448,1,-0.0290242807065223,0.0290242807065223,True
P27,shape_sorter_interaction,1,shape_sorter_interaction_s1_56.000,56.0,58.0,arousal,3,eeg,logreg,0.6112313954670271,1,0.5801806385927029,1,-0.031050756874324237,0.031050756874324237,True
P27,shape_sorter_interaction,1,shape_sorter_interaction_s1_57.000,57.0,59.0,arousal,3,eeg,logreg,0.5332944503806304,1,0.4940425072211486,0,-0.03925194315948177,0.03925194315948177,False
P27,shape_sorter_interaction,1,shape_sorter_interaction_s1_58.000,58.0,60.0,arousal,3,eeg,logreg,0.5088625935150652,1,0.4815518758665298,0,-0.027310717648535432,0.027310717648535432,False
P27,shape_sorter_interaction,1,shape_sorter_interaction_s1_59.000,59.0,61.0,arousal,3,eeg,logreg,0.5198889704449617,1,0.4988935204046218,0,-0.020995450040339925,0.020995450040339925,False
P27,shape_sorter_interaction,1,shape_sorter_interaction_s1_60.000,60.0,62.0,arousal,3,eeg,logreg,0.4985386082333724,0,0.4718797357771881,0,-0.026658872456184313,0.026658872456184313,True
P27,shape_sorter_interaction,1,shape_sorter_interaction_s1_61.000,61.0,63.0,arousal,3,eeg,logreg,0.4869741650412197,0,0.4707335513318231,0,-0.016240613709396612,0.016240613709396612,True
P27,shape_sorter_interaction,1,shape_sorter_interaction_s1_62.000,62.0,64.0,arousal,3,eeg,logreg,0.483709772827349,0,0.4504585693686291,0,-0.0332512034587199,0.0332512034587199,True
P27,shape_sorter_interaction,1,shape_sorter_interaction_s1_63.000,63.0,65.0,arousal,3,eeg,logreg,0.5868280458138225,1,0.5499259556848256,1,-0.03690209012899692,0.03690209012899692,True
P27,shape_sorter_interaction,1,shape_sorter_interaction_s1_64.000,64.0,66.0,arousal,3,eeg,logreg,0.5458955100439274,1,0.5253250819808474,1,-0.02057042806308007,0.02057042806308007,True
P27,shape_sorter_interaction,1,shape_sorter_interaction_s1_65.000,65.0,67.0,arousal,3,eeg,logreg,0.6015865775007384,1,0.5899044384060449,1,-0.011682139094693511,0.011682139094693511,True
P27,shape_sorter_interaction,1,shape_sorter_interaction_s1_66.000,66.0,68.0,arousal,3,eeg,logreg,0.6151209549604996,1,0.5863069465153641,1,-0.028814008445135486,0.028814008445135486,True
P27,shape_sorter_interaction,1,shape_sorter_interaction_s1_67.000,67.0,69.0,arousal,3,eeg,logreg,0.5369911312048642,1,0.5230547554317421,1,-0.013936375773122123,0.013936375773122123,True
P27,shape_sorter_interaction,1,shape_sorter_interaction_s1_68.000,68.0,70.0,arousal,3,eeg,logreg,0.4462580732477599,0,0.43407508922101024,0,-0.012182984026749666,0.012182984026749666,True
P27,shape_sorter_interaction,1,shape_sorter_interaction_s1_69.000,69.0,71.0,arousal,3,eeg,logreg,0.4482595583762324,0,0.4023240061437664,0,-0.04593555223246598,0.04593555223246598,True
P27,shape_sorter_interaction,1,shape_sorter_interaction_s1_70.000,70.0,72.0,arousal,3,eeg,logreg,0.4503555155694226,0,0.41172186146265943,0,-0.03863365410676317,0.03863365410676317,True
P27,shape_sorter_interaction,1,shape_sorter_interaction_s1_71.000,71.0,73.0,arousal,3,eeg,logreg,0.4137852829979676,0,0.39168543426884406,0,-0.022099848729123517,0.022099848729123517,True
P27,shape_sorter_interaction,1,shape_sorter_interaction_s1_72.000,72.0,74.0,arousal,3,eeg,logreg,0.4251193826073821,0,0.4010606697601722,0,-0.024058712847209895,0.024058712847209895,True
P27,shape_sorter_interaction,1,shape_sorter_interaction_s1_73.000,73.0,75.0,arousal,3,eeg,logreg,0.4760025791789927,0,0.42232755434293695,0,-0.05367502483605574,0.05367502483605574,True
P27,shape_sorter_interaction,1,shape_sorter_interaction_s1_74.000,74.0,76.0,arousal,3,eeg,logreg,0.4637376590829625,0,0.4238742571851771,0,-0.03986340189778542,0.03986340189778542,True
P27,shape_sorter_interaction,1,shape_sorter_interaction_s1_75.000,75.0,77.0,arousal,3,eeg,logreg,0.4355237810353069,0,0.421971674435556,0,-0.013552106599750924,0.013552106599750924,True
P27,shape_sorter_interaction,1,shape_sorter_interaction_s1_76.000,76.0,78.0,arousal,3,eeg,logreg,0.4715906997445308,0,0.4370026208749879,0,-0.03458807886954285,0.03458807886954285,True
P27,shape_sorter_interaction,1,shape_sorter_interaction_s1_77.000,77.0,79.0,arousal,3,eeg,logreg,0.4673897245986229,0,0.4298765844185319,0,-0.037513140180091,0.037513140180091,True
P27,shape_sorter_interaction,1,shape_sorter_interaction_s1_78.000,78.0,80.0,arousal,3,eeg,logreg,0.4155496609381708,0,0.39236395965449355,0,-0.02318570128367725,0.02318570128367725,True
P27,shape_sorter_interaction,1,shape_sorter_interaction_s1_79.000,79.0,81.0,arousal,3,eeg,logreg,0.5029331295620337,1,0.47171793083606256,0,-0.03121519872597117,0.03121519872597117,False
P27,shape_sorter_interaction,1,shape_sorter_interaction_s1_80.000,80.0,82.0,arousal,3,eeg,logreg,0.5262815418120762,1,0.4956077501718003,0,-0.030673791640275894,0.030673791640275894,False
P27,shape_sorter_interaction,1,shape_sorter_interaction_s1_81.000,81.0,83.0,arousal,3,eeg,logreg,0.4782628900698824,0,0.45655694220065274,0,-0.021705947869229636,0.021705947869229636,True
P27,shape_sorter_interaction,1,shape_sorter_interaction_s1_82.000,82.0,84.0,arousal,3,eeg,logreg,0.5200170198369491,1,0.49530048846080255,0,-0.0247165313761466,0.0247165313761466,False
P27,shape_sorter_interaction,1,shape_sorter_interaction_s1_83.000,83.0,85.0,arousal,3,eeg,logreg,0.4994202831780451,0,0.4677548285826368,0,-0.031665454595408316,0.031665454595408316,True
P27,shape_sorter_interaction,1,shape_sorter_interaction_s1_84.000,84.0,86.0,arousal,3,eeg,logreg,0.5079950400376464,1,0.49085526807413393,0,-0.017139771963512462,0.017139771963512462,False
P27,shape_sorter_interaction,1,shape_sorter_interaction_s1_85.000,85.0,87.0,arousal,3,eeg,logreg,0.5050823183696728,1,0.4837839781122563,0,-0.021298340257416448,0.021298340257416448,False
P27,shape_sorter_interaction,1,shape_sorter_interaction_s1_86.000,86.0,88.0,arousal,3,eeg,logreg,0.5948518590987923,1,0.5630718501250583,1,-0.03178000897373401,0.03178000897373401,True
P27,shape_sorter_interaction,1,shape_sorter_interaction_s1_87.000,87.0,89.0,arousal,3,eeg,logreg,0.637417222528212,1,0.5627695346335674,1,-0.0746476878946446,0.0746476878946446,True
P27,shape_sorter_interaction,1,shape_sorter_interaction_s1_88.000,88.0,90.0,arousal,3,eeg,logreg,0.5949655651046121,1,0.5639313523085143,1,-0.03103421279609775,0.03103421279609775,True
P27,shape_sorter_interaction,1,shape_sorter_interaction_s1_89.000,89.0,91.0,arousal,3,eeg,logreg,0.5636394182189087,1,0.621968300420051,1,0.058328882201142296,0.058328882201142296,True
P27,shape_sorter_interaction,1,shape_sorter_interaction_s1_90.000,90.0,92.0,arousal,3,eeg,logreg,0.5252739150695063,1,0.5119304821800321,1,-0.01334343288947415,0.01334343288947415,True
P27,shape_sorter_interaction,1,shape_sorter_interaction_s1_91.000,91.0,93.0,arousal,3,eeg,logreg,0.5537353637103211,1,0.5318593295703808,1,-0.021876034139940215,0.021876034139940215,True
P27,shape_sorter_interaction,1,shape_sorter_interaction_s1_92.000,92.0,94.0,arousal,3,eeg,logreg,0.5409232271285688,1,0.5065247351304484,1,-0.034398491998120395,0.034398491998120395,True
P27,shape_sorter_interaction,1,shape_sorter_interaction_s1_93.000,93.0,95.0,arousal,3,eeg,logreg,0.5087112315345353,1,0.45722894273920694,0,-0.0514822887953284,0.0514822887953284,False
P27,shape_sorter_interaction,1,shape_sorter_interaction_s1_94.000,94.0,96.0,arousal,3,eeg,logreg,0.501876283452228,1,0.4596706921269567,0,-0.0422055913252713,0.0422055913252713,False
P27,shape_sorter_observation,1,shape_sorter_observation_s1_21.000,21.0,23.0,arousal,3,eeg,logreg,0.5174569526040466,1,0.4855572306913144,0,-0.03189972191273216,0.03189972191273216,False
P27,shape_sorter_observation,1,shape_sorter_observation_s1_22.000,22.0,24.0,arousal,3,eeg,logreg,0.4965070170852184,0,0.4847986291471327,0,-0.011708387938085707,0.011708387938085707,True
P27,shape_sorter_observation,1,shape_sorter_observation_s1_23.000,23.0,25.0,arousal,3,eeg,logreg,0.4754778776490758,0,0.4522968146005938,0,-0.023181063048481998,0.023181063048481998,True
P27,shape_sorter_observation,1,shape_sorter_observation_s1_24.000,24.0,26.0,arousal,3,eeg,logreg,0.532278569110299,1,0.5004423657512111,1,-0.03183620335908788,0.03183620335908788,True
P27,shape_sorter_observation,1,shape_sorter_observation_s1_25.000,25.0,27.0,arousal,3,eeg,logreg,0.5717944574328032,1,0.5577497795921774,1,-0.014044677840625797,0.014044677840625797,True
P27,shape_sorter_observation,1,shape_sorter_observation_s1_26.000,26.0,28.0,arousal,3,eeg,logreg,0.5578093634965867,1,0.5371740721305454,1,-0.020635291366041364,0.020635291366041364,True
P27,shape_sorter_observation,1,shape_sorter_observation_s1_27.000,27.0,29.0,arousal,3,eeg,logreg,0.5086771272941037,1,0.4962802000825978,0,-0.012396927211505926,0.012396927211505926,False
P27,shape_sorter_observation,1,shape_sorter_observation_s1_28.000,28.0,30.0,arousal,3,eeg,logreg,0.4923790544334881,0,0.46942686838865744,0,-0.02295218604483068,0.02295218604483068,True
P27,shape_sorter_observation,1,shape_sorter_observation_s1_29.000,29.0,31.0,arousal,3,eeg,logreg,0.5461232109002487,1,0.5181493891771747,1,-0.027973821723074055,0.027973821723074055,True
P27,shape_sorter_observation,1,shape_sorter_observation_s1_30.000,30.0,32.0,arousal,3,eeg,logreg,0.5193014687320772,1,0.49682760858383124,0,-0.022473860148245928,0.022473860148245928,False
P27,shape_sorter_observation,1,shape_sorter_observation_s1_31.000,31.0,33.0,arousal,3,eeg,logreg,0.5205261097115478,1,0.511342426516763,1,-0.009183683194784797,0.009183683194784797,True
P27,shape_sorter_observation,1,shape_sorter_observation_s1_32.000,32.0,34.0,arousal,3,eeg,logreg,0.6374525413516493,1,0.6148842441316729,1,-0.02256829721997644,0.02256829721997644,True
P27,shape_sorter_observation,1,shape_sorter_observation_s1_33.000,33.0,35.0,arousal,3,eeg,logreg,0.5976436457374121,1,0.5749089842855758,1,-0.022734661451836335,0.022734661451836335,True
P27,shape_sorter_observation,1,shape_sorter_observation_s1_34.000,34.0,36.0,arousal,3,eeg,logreg,0.4829662282328818,0,0.4638644481507744,0,-0.019101780082107445,0.019101780082107445,True
P27,shape_sorter_observation,1,shape_sorter_observation_s1_35.000,35.0,37.0,arousal,3,eeg,logreg,0.4862280710577772,0,0.46953947294784476,0,-0.01668859810993245,0.01668859810993245,True
P27,shape_sorter_observation,1,shape_sorter_observation_s1_36.000,36.0,38.0,arousal,3,eeg,logreg,0.493989245812434,0,0.45922745974851537,0,-0.03476178606391861,0.03476178606391861,True
P27,shape_sorter_observation,1,shape_sorter_observation_s1_37.000,37.0,39.0,arousal,3,eeg,logreg,0.4746173269533805,0,0.43175976598171195,0,-0.04285756097166854,0.04285756097166854,True
P27,shape_sorter_observation,1,shape_sorter_observation_s1_38.000,38.0,40.0,arousal,3,eeg,logreg,0.4829907175561739,0,0.466133089196082,0,-0.016857628360091914,0.016857628360091914,True
P27,shape_sorter_observation,1,shape_sorter_observation_s1_39.000,39.0,41.0,arousal,3,eeg,logreg,0.5350606909457569,1,0.5334553180692813,1,-0.0016053728764756636,0.0016053728764756636,True
P27,shape_sorter_observation,1,shape_sorter_observation_s1_40.000,40.0,42.0,arousal,3,eeg,logreg,0.5321787993771525,1,0.5168194616674836,1,-0.015359337709668908,0.015359337709668908,True
P27,shape_sorter_observation,1,shape_sorter_observation_s1_41.000,41.0,43.0,arousal,3,eeg,logreg,0.4763964623130214,0,0.45962880379389903,0,-0.016767658519122375,0.016767658519122375,True
P27,shape_sorter_observation,1,shape_sorter_observation_s1_42.000,42.0,44.0,arousal,3,eeg,logreg,0.4484168474148633,0,0.427748670808381,0,-0.02066817660648229,0.02066817660648229,True
P27,shape_sorter_observation,1,shape_sorter_observation_s1_43.000,43.0,45.0,arousal,3,eeg,logreg,0.5500910002355571,1,0.5331186418529082,1,-0.016972358382648878,0.016972358382648878,True
P27,shape_sorter_observation,1,shape_sorter_observation_s1_44.000,44.0,46.0,arousal,3,eeg,logreg,0.595082113288126,1,0.5914434072492495,1,-0.0036387060388765047,0.0036387060388765047,True
P27,shape_sorter_observation,1,shape_sorter_observation_s1_45.000,45.0,47.0,arousal,3,eeg,logreg,0.5341097783895039,1,0.5140034283413937,1,-0.020106350048110233,0.020106350048110233,True
P27,shape_sorter_observation,1,shape_sorter_observation_s1_46.000,46.0,48.0,arousal,3,eeg,logreg,0.4879500493457203,0,0.458220769871684,0,-0.029729279474036308,0.029729279474036308,True
P27,shape_sorter_observation,1,shape_sorter_observation_s1_47.000,47.0,49.0,arousal,3,eeg,logreg,0.558253750080449,1,0.5353116568000907,1,-0.022942093280358233,0.022942093280358233,True
P27,shape_sorter_observation,1,shape_sorter_observation_s1_48.000,48.0,50.0,arousal,3,eeg,logreg,0.6099574458187073,1,0.5914697863856475,1,-0.018487659433059744,0.018487659433059744,True
P27,shape_sorter_observation,1,shape_sorter_observation_s1_49.000,49.0,51.0,arousal,3,eeg,logreg,0.4643221202798291,0,0.4439653125165637,0,-0.020356807763265428,0.020356807763265428,True
P27,shape_sorter_observation,1,shape_sorter_observation_s1_50.000,50.0,52.0,arousal,3,eeg,logreg,0.4708572117495342,0,0.4563912118818365,0,-0.014465999867697699,0.014465999867697699,True
P27,shape_sorter_observation,1,shape_sorter_observation_s1_51.000,51.0,53.0,arousal,3,eeg,logreg,0.5127426887165838,1,0.5027304916517199,1,-0.010012197064863892,0.010012197064863892,True
P27,shape_sorter_observation,1,shape_sorter_observation_s1_52.000,52.0,54.0,arousal,3,eeg,logreg,0.4998356835079762,0,0.47689530113127604,0,-0.022940382376700152,0.022940382376700152,True
P27,shape_sorter_observation,1,shape_sorter_observation_s1_53.000,53.0,55.0,arousal,3,eeg,logreg,0.5485583071173314,1,0.5169032351383551,1,-0.031655071978976324,0.031655071978976324,True
P27,shape_sorter_observation,1,shape_sorter_observation_s1_54.000,54.0,56.0,arousal,3,eeg,logreg,0.5701824831865298,1,0.545595647632849,1,-0.024586835553680797,0.024586835553680797,True
P27,shape_sorter_observation,1,shape_sorter_observation_s1_55.000,55.0,57.0,arousal,3,eeg,logreg,0.4365175147135356,0,0.419185394510638,0,-0.017332120202897594,0.017332120202897594,True
P27,shape_sorter_observation,1,shape_sorter_observation_s1_56.000,56.0,58.0,arousal,3,eeg,logreg,0.405938599346964,0,0.37185089822084416,0,-0.03408770112611986,0.03408770112611986,True
P27,shape_sorter_observation,1,shape_sorter_observation_s1_57.000,57.0,59.0,arousal,3,eeg,logreg,0.2785870009898149,0,0.2223110981804815,0,-0.05627590280933342,0.05627590280933342,True
P27,shape_sorter_observation,1,shape_sorter_observation_s1_58.000,58.0,60.0,arousal,3,eeg,logreg,0.3045663007825878,0,0.2420251444932439,0,-0.0625411562893439,0.0625411562893439,True
P27,shape_sorter_observation,1,shape_sorter_observation_s1_59.000,59.0,61.0,arousal,3,eeg,logreg,0.4119165359098051,0,0.3682139908996947,0,-0.043702545010110394,0.043702545010110394,True
P27,sisyphus,1,sisyphus_s1_100.000,100.0,102.0,arousal,3,eeg,logreg,0.2487369699340353,0,0.1914678876819667,0,-0.05726908225206859,0.05726908225206859,True
P27,sisyphus,1,sisyphus_s1_101.000,101.0,103.0,arousal,3,eeg,logreg,0.3988249276307979,0,0.33526378080483166,0,-0.06356114682596625,0.06356114682596625,True
P27,sisyphus,1,sisyphus_s1_102.000,102.0,104.0,arousal,3,eeg,logreg,0.5507436238210082,1,0.5262766783148631,1,-0.024466945506145032,0.024466945506145032,True
P27,sisyphus,1,sisyphus_s1_103.000,103.0,105.0,arousal,3,eeg,logreg,0.7414713090152545,1,0.7058261474099915,1,-0.03564516160526299,0.03564516160526299,True
P27,sisyphus,1,sisyphus_s1_104.000,104.0,106.0,arousal,3,eeg,logreg,0.6914543824522857,1,0.6645718629406092,1,-0.026882519511676528,0.026882519511676528,True
P27,sisyphus,1,sisyphus_s1_105.000,105.0,107.0,arousal,3,eeg,logreg,0.4272615581404592,0,0.46761540719583333,0,0.04035384905537415,0.04035384905537415,True
P27,sisyphus,1,sisyphus_s1_106.000,106.0,108.0,arousal,3,eeg,logreg,0.4580993156938293,0,0.41054857059055255,0,-0.047550745103276726,0.047550745103276726,True
P27,sisyphus,1,sisyphus_s1_107.000,107.0,109.0,arousal,3,eeg,logreg,0.5277369044541961,1,0.4924022187867795,0,-0.0353346856674166,0.0353346856674166,False
P27,sisyphus,1,sisyphus_s1_108.000,108.0,110.0,arousal,3,eeg,logreg,0.5261350140645225,1,0.48645995603380354,0,-0.03967505803071891,0.03967505803071891,False
P27,sisyphus,1,sisyphus_s1_109.000,109.0,111.0,arousal,3,eeg,logreg,0.5166782912432933,1,0.48485848362922696,0,-0.03181980761406639,0.03181980761406639,False
P27,sisyphus,1,sisyphus_s1_110.000,110.0,112.0,arousal,3,eeg,logreg,0.6088342789764986,1,0.49486533995504584,0,-0.11396893902145272,0.11396893902145272,False
P27,sisyphus,1,sisyphus_s1_111.000,111.0,113.0,arousal,3,eeg,logreg,0.5775647085561879,1,0.5347769144079798,1,-0.0427877941482081,0.0427877941482081,True
P27,sisyphus,1,sisyphus_s1_112.000,112.0,114.0,arousal,3,eeg,logreg,0.6588803222058653,1,0.6821370644356902,1,0.023256742229824878,0.023256742229824878,True
P27,sisyphus,1,sisyphus_s1_113.000,113.0,115.0,arousal,3,eeg,logreg,0.2925974032758379,0,0.23111813287195457,0,-0.06147927040388332,0.06147927040388332,True
P27,sisyphus,1,sisyphus_s1_114.000,114.0,116.0,arousal,3,eeg,logreg,0.0784220987419366,0,0.050076830882393536,0,-0.02834526785954307,0.02834526785954307,True
P27,sisyphus,1,sisyphus_s1_115.000,115.0,117.0,arousal,3,eeg,logreg,0.0297431221709546,0,0.01167550518380502,0,-0.01806761698714958,0.01806761698714958,True
P27,sisyphus,1,sisyphus_s1_116.000,116.0,118.0,arousal,3,eeg,logreg,0.0190756146415134,0,0.007411227202488464,0,-0.011664387439024936,0.011664387439024936,True
P27,sisyphus,1,sisyphus_s1_117.000,117.0,119.0,arousal,3,eeg,logreg,0.0151008683783149,0,0.005242328073988579,0,-0.00985854030432632,0.00985854030432632,True
P27,sisyphus,1,sisyphus_s1_118.000,118.0,120.0,arousal,3,eeg,logreg,0.0199750505181763,0,0.007244317552446434,0,-0.012730732965729867,0.012730732965729867,True
P27,sisyphus,1,sisyphus_s1_119.000,119.0,121.0,arousal,3,eeg,logreg,0.1281347548675504,0,0.09177409658373904,0,-0.03636065828381137,0.03636065828381137,True
P27,sisyphus,1,sisyphus_s1_120.000,120.0,122.0,arousal,3,eeg,logreg,0.3251304081430171,0,0.2797995970744189,0,-0.045330811068598154,0.045330811068598154,True
P27,sisyphus,1,sisyphus_s1_121.000,121.0,123.0,arousal,3,eeg,logreg,0.0304140245871285,0,0.017043912529191275,0,-0.013370112057937224,0.013370112057937224,True
P27,sisyphus,1,sisyphus_s1_122.000,122.0,124.0,arousal,3,eeg,logreg,0.0061708306931524,0,0.0021952278580564363,0,-0.003975602835095963,0.003975602835095963,True
P27,sisyphus,1,sisyphus_s1_123.000,123.0,125.0,arousal,3,eeg,logreg,0.0549050125952594,0,0.028054506087665177,0,-0.026850506507594223,0.026850506507594223,True
P27,sisyphus,1,sisyphus_s1_124.000,124.0,126.0,arousal,3,eeg,logreg,0.1426196201777451,0,0.09576443231473321,0,-0.04685518786301189,0.04685518786301189,True
P27,sisyphus,1,sisyphus_s1_125.000,125.0,127.0,arousal,3,eeg,logreg,0.3421864552073216,0,0.29328406664458434,0,-0.048902388562737265,0.048902388562737265,True
P27,sisyphus,1,sisyphus_s1_126.000,126.0,128.0,arousal,3,eeg,logreg,0.0407070802491165,0,0.023857404206963872,0,-0.016849676042152626,0.016849676042152626,True
P27,sisyphus,1,sisyphus_s1_22.000,22.0,24.0,arousal,3,eeg,logreg,0.4553524529737088,0,0.44357831671683823,0,-0.011774136256870571,0.011774136256870571,True
P27,sisyphus,1,sisyphus_s1_23.000,23.0,25.0,arousal,3,eeg,logreg,0.4583841288796091,0,0.4202571056825039,0,-0.0381270231971052,0.0381270231971052,True
P27,sisyphus,1,sisyphus_s1_24.000,24.0,26.0,arousal,3,eeg,logreg,0.4975384077569561,0,0.47032393058906674,0,-0.027214477167889384,0.027214477167889384,True
P27,sisyphus,1,sisyphus_s1_25.000,25.0,27.0,arousal,3,eeg,logreg,0.7156448068055691,1,0.6883286385046781,1,-0.02731616830089101,0.02731616830089101,True
P27,sisyphus,1,sisyphus_s1_26.000,26.0,28.0,arousal,3,eeg,logreg,0.7312954141491343,1,0.7210771960630183,1,-0.010218218086116004,0.010218218086116004,True
P27,sisyphus,1,sisyphus_s1_27.000,27.0,29.0,arousal,3,eeg,logreg,0.5631319145347606,1,0.6165165367629574,1,0.05338462222819673,0.05338462222819673,True
P27,sisyphus,1,sisyphus_s1_28.000,28.0,30.0,arousal,3,eeg,logreg,0.5874156656015512,1,0.5636973506386423,1,-0.023718314962908882,0.023718314962908882,True
P27,sisyphus,1,sisyphus_s1_29.000,29.0,31.0,arousal,3,eeg,logreg,0.4994251226962988,0,0.4941604618805054,0,-0.005264660815793409,0.005264660815793409,True
P27,sisyphus,1,sisyphus_s1_30.000,30.0,32.0,arousal,3,eeg,logreg,0.5693071259832991,1,0.5314541425812345,1,-0.037852983402064666,0.037852983402064666,True
P27,sisyphus,1,sisyphus_s1_31.000,31.0,33.0,arousal,3,eeg,logreg,0.5331949548174558,1,0.49484682064151453,0,-0.038348134175941295,0.038348134175941295,False
P27,sisyphus,1,sisyphus_s1_32.000,32.0,34.0,arousal,3,eeg,logreg,0.518091264621965,1,0.503677183283139,1,-0.014414081338825935,0.014414081338825935,True
P27,sisyphus,1,sisyphus_s1_33.000,33.0,35.0,arousal,3,eeg,logreg,0.5174351028809433,1,0.48138855160095906,0,-0.03604655127998424,0.03604655127998424,False
P27,sisyphus,1,sisyphus_s1_34.000,34.0,36.0,arousal,3,eeg,logreg,0.5450281325539664,1,0.5067005908427875,1,-0.038327541711178914,0.038327541711178914,True
P27,sisyphus,1,sisyphus_s1_35.000,35.0,37.0,arousal,3,eeg,logreg,0.561235563410401,1,0.5343631826902733,1,-0.026872380720127764,0.026872380720127764,True
P27,sisyphus,1,sisyphus_s1_36.000,36.0,38.0,arousal,3,eeg,logreg,0.5540326365454344,1,0.5301908653733705,1,-0.023841771172063986,0.023841771172063986,True
P27,sisyphus,1,sisyphus_s1_37.000,37.0,39.0,arousal,3,eeg,logreg,0.5282550000025955,1,0.5229802828993808,1,-0.005274717103214699,0.005274717103214699,True
P27,sisyphus,1,sisyphus_s1_38.000,38.0,40.0,arousal,3,eeg,logreg,0.5458529826618872,1,0.527560725603187,1,-0.01829225705870019,0.01829225705870019,True
P27,sisyphus,1,sisyphus_s1_39.000,39.0,41.0,arousal,3,eeg,logreg,0.5576541860498,1,0.5272299081485999,1,-0.03042427790120006,0.03042427790120006,True
P27,sisyphus,1,sisyphus_s1_40.000,40.0,42.0,arousal,3,eeg,logreg,0.6864114297172595,1,0.641553644145218,1,-0.044857785572041564,0.044857785572041564,True
P27,sisyphus,1,sisyphus_s1_41.000,41.0,43.0,arousal,3,eeg,logreg,0.6702100666673227,1,0.6529195663997287,1,-0.017290500267594044,0.017290500267594044,True
P27,sisyphus,1,sisyphus_s1_42.000,42.0,44.0,arousal,3,eeg,logreg,0.5074458317845625,1,0.5691531968086875,1,0.061707365024124994,0.061707365024124994,True
P27,sisyphus,1,sisyphus_s1_43.000,43.0,45.0,arousal,3,eeg,logreg,0.4530492927892328,0,0.4348015155361606,0,-0.018247777253072195,0.018247777253072195,True
P27,sisyphus,1,sisyphus_s1_44.000,44.0,46.0,arousal,3,eeg,logreg,0.5310791539427114,1,0.49786337000011877,0,-0.03321578394259267,0.03321578394259267,False
P27,sisyphus,1,sisyphus_s1_45.000,45.0,47.0,arousal,3,eeg,logreg,0.5510559400878848,1,0.5233554098829983,1,-0.027700530204886498,0.027700530204886498,True
P27,sisyphus,1,sisyphus_s1_46.000,46.0,48.0,arousal,3,eeg,logreg,0.475825135376707,0,0.4438094310576696,0,-0.032015704319037386,0.032015704319037386,True
P27,sisyphus,1,sisyphus_s1_47.000,47.0,49.0,arousal,3,eeg,logreg,0.5104927691441387,1,0.48344297888627114,0,-0.027049790257867523,0.027049790257867523,False
P27,sisyphus,1,sisyphus_s1_48.000,48.0,50.0,arousal,3,eeg,logreg,0.5538904275705386,1,0.5212301832339247,1,-0.032660244336613964,0.032660244336613964,True
P27,sisyphus,1,sisyphus_s1_49.000,49.0,51.0,arousal,3,eeg,logreg,0.5628082289393874,1,0.5359083956932555,1,-0.026899833246131877,0.026899833246131877,True
P27,sisyphus,1,sisyphus_s1_50.000,50.0,52.0,arousal,3,eeg,logreg,0.5459107352723134,1,0.5260190031812302,1,-0.019891732091083192,0.019891732091083192,True
P27,sisyphus,1,sisyphus_s1_51.000,51.0,53.0,arousal,3,eeg,logreg,0.6035411365929101,1,0.5658393401276527,1,-0.0377017964652574,0.0377017964652574,True
P27,sisyphus,1,sisyphus_s1_52.000,52.0,54.0,arousal,3,eeg,logreg,0.6204039679171585,1,0.6062015774566826,1,-0.014202390460475889,0.014202390460475889,True
P27,sisyphus,1,sisyphus_s1_53.000,53.0,55.0,arousal,3,eeg,logreg,0.5412609180488224,1,0.5632173514391625,1,0.021956433390340147,0.021956433390340147,True
P27,sisyphus,1,sisyphus_s1_54.000,54.0,56.0,arousal,3,eeg,logreg,0.5197062350481836,1,0.4948811647906148,0,-0.024825070257568804,0.024825070257568804,False
P27,sisyphus,1,sisyphus_s1_55.000,55.0,57.0,arousal,3,eeg,logreg,0.5158328664456934,1,0.476142278433243,0,-0.039690588012450345,0.039690588012450345,False
P27,sisyphus,1,sisyphus_s1_56.000,56.0,58.0,arousal,3,eeg,logreg,0.5787817147571724,1,0.5352150786778116,1,-0.04356663607936084,0.04356663607936084,True
P27,sisyphus,1,sisyphus_s1_57.000,57.0,59.0,arousal,3,eeg,logreg,0.2302494787367964,0,0.16477241388837527,0,-0.06547706484842114,0.06547706484842114,True
P27,sisyphus,1,sisyphus_s1_58.000,58.0,60.0,arousal,3,eeg,logreg,0.3064843436519227,0,0.20047920755386897,0,-0.1060051360980537,0.1060051360980537,True
P27,sisyphus,1,sisyphus_s1_59.000,59.0,61.0,arousal,3,eeg,logreg,0.5795252033202415,1,0.5419285839268905,1,-0.037596619393351016,0.037596619393351016,True
P27,sisyphus,1,sisyphus_s1_60.000,60.0,62.0,arousal,3,eeg,logreg,0.7076528870013755,1,0.6981733980401593,1,-0.009479488961216198,0.009479488961216198,True
P27,sisyphus,1,sisyphus_s1_61.000,61.0,63.0,arousal,3,eeg,logreg,0.5357826755065306,1,0.553294097553413,1,0.017511422046882386,0.017511422046882386,True
P27,sisyphus,1,sisyphus_s1_62.000,62.0,64.0,arousal,3,eeg,logreg,0.4640638903278347,0,0.44858057436992027,0,-0.015483315957914412,0.015483315957914412,True
P27,sisyphus,1,sisyphus_s1_63.000,63.0,65.0,arousal,3,eeg,logreg,0.4334760845560126,0,0.4029743462418423,0,-0.0305017383141703,0.0305017383141703,True
P27,sisyphus,1,sisyphus_s1_64.000,64.0,66.0,arousal,3,eeg,logreg,0.498315132510936,0,0.47484817233990295,0,-0.023466960171033058,0.023466960171033058,True
P27,sisyphus,1,sisyphus_s1_65.000,65.0,67.0,arousal,3,eeg,logreg,0.5116515061284516,1,0.46080742371962796,0,-0.0508440824088236,0.0508440824088236,False
P27,sisyphus,1,sisyphus_s1_66.000,66.0,68.0,arousal,3,eeg,logreg,0.648322675944407,1,0.5651034720079425,1,-0.08321920393646443,0.08321920393646443,True
P27,sisyphus,1,sisyphus_s1_67.000,67.0,69.0,arousal,3,eeg,logreg,0.6912040391979832,1,0.6782615632158533,1,-0.012942475982129942,0.012942475982129942,True
P27,sisyphus,1,sisyphus_s1_68.000,68.0,70.0,arousal,3,eeg,logreg,0.6972946929991112,1,0.7098088511993548,1,0.012514158200243597,0.012514158200243597,True
P27,sisyphus,1,sisyphus_s1_69.000,69.0,71.0,arousal,3,eeg,logreg,0.5336387516654163,1,0.5664423526498846,1,0.03280360098446833,0.03280360098446833,True
P27,sisyphus,1,sisyphus_s1_70.000,70.0,72.0,arousal,3,eeg,logreg,0.4805557366029444,0,0.4488091324313269,0,-0.03174660417161751,0.03174660417161751,True
P27,sisyphus,1,sisyphus_s1_71.000,71.0,73.0,arousal,3,eeg,logreg,0.4647198841862869,0,0.444891815831019,0,-0.019828068355267903,0.019828068355267903,True
P27,sisyphus,1,sisyphus_s1_72.000,72.0,74.0,arousal,3,eeg,logreg,0.5265206904269493,1,0.48205316996008707,0,-0.0444675204668622,0.0444675204668622,False
P27,sisyphus,1,sisyphus_s1_73.000,73.0,75.0,arousal,3,eeg,logreg,0.8794779541312356,1,0.75917619848821,1,-0.12030175564302559,0.12030175564302559,True
P27,sisyphus,1,sisyphus_s1_74.000,74.0,76.0,arousal,3,eeg,logreg,0.1703426396945717,0,0.11711607374945085,0,-0.053226565945120846,0.053226565945120846,True
P27,sisyphus,1,sisyphus_s1_75.000,75.0,77.0,arousal,3,eeg,logreg,0.9036191799829242,1,0.9325227813652022,1,0.028903601382277988,0.028903601382277988,True
P27,sisyphus,1,sisyphus_s1_76.000,76.0,78.0,arousal,3,eeg,logreg,0.500375398425584,1,0.6239225761612103,1,0.12354717773562629,0.12354717773562629,True
P27,sisyphus,1,sisyphus_s1_77.000,77.0,79.0,arousal,3,eeg,logreg,0.5016639381701425,1,0.48573006679151576,0,-0.015933871378626785,0.015933871378626785,False
P27,sisyphus,1,sisyphus_s1_78.000,78.0,80.0,arousal,3,eeg,logreg,0.4361172916077064,0,0.4551967009099794,0,0.019079409302272976,0.019079409302272976,True
P27,sisyphus,1,sisyphus_s1_79.000,79.0,81.0,arousal,3,eeg,logreg,0.4436767442694897,0,0.40873020037130925,0,-0.03494654389818047,0.03494654389818047,True
P27,sisyphus,1,sisyphus_s1_80.000,80.0,82.0,arousal,3,eeg,logreg,0.4446773346874351,0,0.3962695452506692,0,-0.04840778943676588,0.04840778943676588,True
P27,sisyphus,1,sisyphus_s1_81.000,81.0,83.0,arousal,3,eeg,logreg,0.4878019658513354,0,0.4409149070490963,0,-0.04688705880223909,0.04688705880223909,True
P27,sisyphus,1,sisyphus_s1_82.000,82.0,84.0,arousal,3,eeg,logreg,0.7128513356546672,1,0.6639489462074983,1,-0.04890238944716885,0.04890238944716885,True
P27,sisyphus,1,sisyphus_s1_83.000,83.0,85.0,arousal,3,eeg,logreg,0.4064525129885546,0,0.3314938782806468,0,-0.07495863470790781,0.07495863470790781,True
P27,sisyphus,1,sisyphus_s1_84.000,84.0,86.0,arousal,3,eeg,logreg,0.4233537781718909,0,0.34516171471259127,0,-0.07819206345929963,0.07819206345929963,True
P27,sisyphus,1,sisyphus_s1_85.000,85.0,87.0,arousal,3,eeg,logreg,0.2890015349839729,0,0.19446107203718674,0,-0.09454046294678617,0.09454046294678617,True
P27,sisyphus,1,sisyphus_s1_86.000,86.0,88.0,arousal,3,eeg,logreg,0.7133449128746223,1,0.5939096057183292,1,-0.11943530715629314,0.11943530715629314,True
P27,sisyphus,1,sisyphus_s1_87.000,87.0,89.0,arousal,3,eeg,logreg,0.5001100017220173,1,0.6452659646700386,1,0.14515596294802136,0.14515596294802136,True
P27,sisyphus,1,sisyphus_s1_88.000,88.0,90.0,arousal,3,eeg,logreg,0.4668739890785842,0,0.4539109998511593,0,-0.012962989227424893,0.012962989227424893,True
P27,sisyphus,1,sisyphus_s1_89.000,89.0,91.0,arousal,3,eeg,logreg,0.5357683821515156,1,0.5004645393039495,1,-0.03530384284756605,0.03530384284756605,True
P27,sisyphus,1,sisyphus_s1_90.000,90.0,92.0,arousal,3,eeg,logreg,0.510762281916024,1,0.49283453555265166,0,-0.017927746363372354,0.017927746363372354,False
P27,sisyphus,1,sisyphus_s1_91.000,91.0,93.0,arousal,3,eeg,logreg,0.5151557173340736,1,0.4940603022330917,0,-0.021095415100981896,0.021095415100981896,False
P27,sisyphus,1,sisyphus_s1_92.000,92.0,94.0,arousal,3,eeg,logreg,0.4429588486211169,0,0.4111625699630156,0,-0.03179627865810131,0.03179627865810131,True
P27,sisyphus,1,sisyphus_s1_93.000,93.0,95.0,arousal,3,eeg,logreg,0.3628115222174003,0,0.33009955824264786,0,-0.032711963974752456,0.032711963974752456,True
P27,sisyphus,1,sisyphus_s1_94.000,94.0,96.0,arousal,3,eeg,logreg,0.4586529030811504,0,0.3937811246738265,0,-0.06487177840732394,0.06487177840732394,True
P27,sisyphus,1,sisyphus_s1_95.000,95.0,97.0,arousal,3,eeg,logreg,0.5102129606703841,1,0.4705963038548547,0,-0.03961665681552945,0.03961665681552945,False
P27,sisyphus,1,sisyphus_s1_96.000,96.0,98.0,arousal,3,eeg,logreg,0.5142580436403158,1,0.49589689115663294,0,-0.018361152483682863,0.018361152483682863,False
P27,sisyphus,1,sisyphus_s1_97.000,97.0,99.0,arousal,3,eeg,logreg,0.4962428789044471,0,0.46402991181323244,0,-0.032212967091214684,0.032212967091214684,True
P27,sisyphus,1,sisyphus_s1_98.000,98.0,100.0,arousal,3,eeg,logreg,0.5167477135431522,1,0.49186031246625356,0,-0.02488740107689863,0.02488740107689863,False
P27,sisyphus,1,sisyphus_s1_99.000,99.0,101.0,arousal,3,eeg,logreg,0.4535953326435143,0,0.4323637060144132,0,-0.021231626629101108,0.021231626629101108,True
P27,stack,1,stack_s1_21.000,21.0,23.0,arousal,3,eeg,logreg,0.5658994517596077,1,0.5285662297695441,1,-0.0373332219900635,0.0373332219900635,True
P27,stack,1,stack_s1_22.000,22.0,24.0,arousal,3,eeg,logreg,0.5755523375560851,1,0.5607018348917041,1,-0.014850502664381038,0.014850502664381038,True
P27,stack,1,stack_s1_23.000,23.0,25.0,arousal,3,eeg,logreg,0.5804708987728536,1,0.5822364178297554,1,0.0017655190569018098,0.0017655190569018098,True
P27,stack,1,stack_s1_24.000,24.0,26.0,arousal,3,eeg,logreg,0.533524680483182,1,0.5028191346950367,1,-0.030705545788145328,0.030705545788145328,True
P27,stack,1,stack_s1_25.000,25.0,27.0,arousal,3,eeg,logreg,0.5319796846533964,1,0.5089473521666747,1,-0.02303233248672165,0.02303233248672165,True
P27,stack,1,stack_s1_26.000,26.0,28.0,arousal,3,eeg,logreg,0.5019343033123039,1,0.47782639245926617,0,-0.02410791085303776,0.02410791085303776,False
P27,stack,1,stack_s1_27.000,27.0,29.0,arousal,3,eeg,logreg,0.5511139064008973,1,0.5035307746760979,1,-0.04758313172479944,0.04758313172479944,True
P27,stack,1,stack_s1_28.000,28.0,30.0,arousal,3,eeg,logreg,0.5262813844024979,1,0.4839560113084462,0,-0.042325373094051766,0.042325373094051766,False
P27,stack,1,stack_s1_29.000,29.0,31.0,arousal,3,eeg,logreg,0.5395699368296726,1,0.5059527761712843,1,-0.03361716065838827,0.03361716065838827,True
P27,stack,1,stack_s1_30.000,30.0,32.0,arousal,3,eeg,logreg,0.5636590755045259,1,0.5375512881541947,1,-0.026107787350331146,0.026107787350331146,True
P27,stack,1,stack_s1_31.000,31.0,33.0,arousal,3,eeg,logreg,0.5296276801183175,1,0.5097808644067555,1,-0.019846815711561994,0.019846815711561994,True
P27,stack,1,stack_s1_32.000,32.0,34.0,arousal,3,eeg,logreg,0.5376443690846126,1,0.5156107074369156,1,-0.022033661647696934,0.022033661647696934,True
P27,stack,1,stack_s1_33.000,33.0,35.0,arousal,3,eeg,logreg,0.5821931670575168,1,0.5432937036621095,1,-0.038899463395407285,0.038899463395407285,True
P27,stack,1,stack_s1_34.000,34.0,36.0,arousal,3,eeg,logreg,0.5510318307387514,1,0.5344673089162879,1,-0.016564521822463485,0.016564521822463485,True
P27,stack,1,stack_s1_35.000,35.0,37.0,arousal,3,eeg,logreg,0.5087521952879135,1,0.4915610757897769,0,-0.017191119498136564,0.017191119498136564,False
P27,stack,1,stack_s1_36.000,36.0,38.0,arousal,3,eeg,logreg,0.5003656533123073,1,0.473242574115068,0,-0.02712307919723933,0.02712307919723933,False
P27,stack,1,stack_s1_37.000,37.0,39.0,arousal,3,eeg,logreg,0.5402137512515899,1,0.5323308458929918,1,-0.007882905358598036,0.007882905358598036,True
P27,stack,1,stack_s1_38.000,38.0,40.0,arousal,3,eeg,logreg,0.5533147783878656,1,0.5300728283045578,1,-0.02324195008330776,0.02324195008330776,True
P27,stack,1,stack_s1_39.000,39.0,41.0,arousal,3,eeg,logreg,0.5703927139199069,1,0.5543335980613162,1,-0.016059115858590656,0.016059115858590656,True
P27,stack,1,stack_s1_40.000,40.0,42.0,arousal,3,eeg,logreg,0.5539200168713387,1,0.5415290142005761,1,-0.012391002670762652,0.012391002670762652,True
P27,stack,1,stack_s1_41.000,41.0,43.0,arousal,3,eeg,logreg,0.5726833639191415,1,0.5519501593496481,1,-0.020733204569493457,0.020733204569493457,True
P27,stack,1,stack_s1_42.000,42.0,44.0,arousal,3,eeg,logreg,0.6006879748409434,1,0.5772737214797913,1,-0.023414253361152104,0.023414253361152104,True
P27,stack,1,stack_s1_43.000,43.0,45.0,arousal,3,eeg,logreg,0.6051019987952071,1,0.5788658190226821,1,-0.026236179772525015,0.026236179772525015,True
P27,stack,1,stack_s1_44.000,44.0,46.0,arousal,3,eeg,logreg,0.5425161788443232,1,0.5261824283912745,1,-0.016333750453048745,0.016333750453048745,True
P27,stack,1,stack_s1_45.000,45.0,47.0,arousal,3,eeg,logreg,0.5876442988285486,1,0.5559858687559709,1,-0.03165843007257774,0.03165843007257774,True
P27,stack,1,stack_s1_46.000,46.0,48.0,arousal,3,eeg,logreg,0.5669852687054477,1,0.5467780159708902,1,-0.02020725273455759,0.02020725273455759,True
P27,stack,1,stack_s1_47.000,47.0,49.0,arousal,3,eeg,logreg,0.5980034818442587,1,0.5772180636061713,1,-0.020785418238087328,0.020785418238087328,True
P27,stack,1,stack_s1_48.000,48.0,50.0,arousal,3,eeg,logreg,0.5362169594334789,1,0.5166846745684343,1,-0.019532284865044658,0.019532284865044658,True
P27,stack,1,stack_s1_49.000,49.0,51.0,arousal,3,eeg,logreg,0.5224413157405509,1,0.49931491162802794,0,-0.023126404112522925,0.023126404112522925,False
P27,stack,1,stack_s1_50.000,50.0,52.0,arousal,3,eeg,logreg,0.5380503069471524,1,0.5190030838102677,1,-0.019047223136884672,0.019047223136884672,True
P27,stack,1,stack_s1_51.000,51.0,53.0,arousal,3,eeg,logreg,0.5510435570567817,1,0.540690384419308,1,-0.010353172637473707,0.010353172637473707,True
P27,stack,1,stack_s1_52.000,52.0,54.0,arousal,3,eeg,logreg,0.5359684551181109,1,0.516307822270062,1,-0.019660632848048865,0.019660632848048865,True
P27,stack,1,stack_s1_53.000,53.0,55.0,arousal,3,eeg,logreg,0.5702441152443629,1,0.5520743670047064,1,-0.018169748239656558,0.018169748239656558,True
P27,stack,1,stack_s1_54.000,54.0,56.0,arousal,3,eeg,logreg,0.4619293359325235,0,0.4533588778380096,0,-0.0085704580945139,0.0085704580945139,True
P27,stack,1,stack_s1_55.000,55.0,57.0,arousal,3,eeg,logreg,0.5082303514245218,1,0.48308384766633056,0,-0.02514650375819122,0.02514650375819122,False
P27,stack,1,stack_s1_56.000,56.0,58.0,arousal,3,eeg,logreg,0.5744210896823666,1,0.561375018605496,1,-0.013046071076870613,0.013046071076870613,True
P27,stack,1,stack_s1_57.000,57.0,59.0,arousal,3,eeg,logreg,0.5727807424824097,1,0.527357217971519,1,-0.04542352451089071,0.04542352451089071,True
P27,stack,1,stack_s1_58.000,58.0,60.0,arousal,3,eeg,logreg,0.7055299530181128,1,0.683056531767865,1,-0.02247342125024787,0.02247342125024787,True
P27,stack,1,stack_s1_59.000,59.0,61.0,arousal,3,eeg,logreg,0.71240611069089,1,0.7181236392958104,1,0.005717528604920363,0.005717528604920363,True
P27,stack,1,stack_s1_60.000,60.0,62.0,arousal,3,eeg,logreg,0.5137273506524053,1,0.5542008674476778,1,0.04047351679527256,0.04047351679527256,True
P27,stack,1,stack_s1_61.000,61.0,63.0,arousal,3,eeg,logreg,0.4734626863395718,0,0.4365859007761651,0,-0.03687678556340668,0.03687678556340668,True
P27,stack,1,stack_s1_62.000,62.0,64.0,arousal,3,eeg,logreg,0.5134938656205784,1,0.4826471708651651,0,-0.030846694755413295,0.030846694755413295,False
P27,stack,1,stack_s1_63.000,63.0,65.0,arousal,3,eeg,logreg,0.4751005348285363,0,0.4259041498658958,0,-0.049196384962640505,0.049196384962640505,True
P27,stack,1,stack_s1_64.000,64.0,66.0,arousal,3,eeg,logreg,0.5799494949833278,1,0.5360609127882178,1,-0.04388858219511005,0.04388858219511005,True
P27,stack,1,stack_s1_65.000,65.0,67.0,arousal,3,eeg,logreg,0.5146221789241371,1,0.49938328477391963,0,-0.015238894150217452,0.015238894150217452,False
P27,stack,1,stack_s1_66.000,66.0,68.0,arousal,3,eeg,logreg,0.4341798221620498,0,0.44513352954705604,0,0.010953707385006228,0.010953707385006228,True
P27,stack,1,stack_s1_67.000,67.0,69.0,arousal,3,eeg,logreg,0.5307693835707935,1,0.5091462523928847,1,-0.021623131177908816,0.021623131177908816,True
P27,stack,1,stack_s1_68.000,68.0,70.0,arousal,3,eeg,logreg,0.5023008651667855,1,0.4705867854199513,0,-0.03171407974683421,0.03171407974683421,False
P27,stack,1,stack_s1_69.000,69.0,71.0,arousal,3,eeg,logreg,0.401754013655039,0,0.4003297736317168,0,-0.0014242400233221986,0.0014242400233221986,True
P27,pick_place,1,pick_place_s1_20.000,20.0,22.0,valence,1,multimodal,svm,0.7258438591120382,1,0.7175781745230443,1,-0.008265684588993905,0.008265684588993905,True
P27,pick_place,1,pick_place_s1_21.000,21.0,23.0,valence,1,multimodal,svm,0.7375482360048582,1,0.7165087923854224,1,-0.02103944361943577,0.02103944361943577,True
P27,pick_place,1,pick_place_s1_22.000,22.0,24.0,valence,1,multimodal,svm,0.7104713777331745,1,0.7088628243891835,1,-0.001608553343991015,0.001608553343991015,True
P27,pick_place,1,pick_place_s1_23.000,23.0,25.0,valence,1,multimodal,svm,0.7009718584811788,1,0.6985746060079439,1,-0.0023972524732349676,0.0023972524732349676,True
P27,pick_place,1,pick_place_s1_24.000,24.0,26.0,valence,1,multimodal,svm,0.70582505691503,1,0.713081825692431,1,0.0072567687774010015,0.0072567687774010015,True
P27,pick_place,1,pick_place_s1_25.000,25.0,27.0,valence,1,multimodal,svm,0.7462980882690782,1,0.7371462969142126,1,-0.009151791354865546,0.009151791354865546,True
P27,pick_place,1,pick_place_s1_26.000,26.0,28.0,valence,1,multimodal,svm,0.7109336696500447,1,0.6915393693148432,1,-0.01939430033520151,0.01939430033520151,True
P27,pick_place,1,pick_place_s1_27.000,27.0,29.0,valence,1,multimodal,svm,0.7119900386161128,1,0.7166609418089697,1,0.004670903192856901,0.004670903192856901,True
P27,pick_place,1,pick_place_s1_28.000,28.0,30.0,valence,1,multimodal,svm,0.7128340048855859,1,0.6969643314388062,1,-0.015869673446779697,0.015869673446779697,True
P27,pick_place,1,pick_place_s1_29.000,29.0,31.0,valence,1,multimodal,svm,0.7554433251721945,1,0.7406156097745759,1,-0.014827715397618624,0.014827715397618624,True
P27,pick_place,1,pick_place_s1_30.000,30.0,32.0,valence,1,multimodal,svm,0.7148424347776852,1,0.7177392498332812,1,0.002896815055596025,0.002896815055596025,True
P27,pick_place,1,pick_place_s1_31.000,31.0,33.0,valence,1,multimodal,svm,0.6912264265814589,1,0.6685255368401829,1,-0.022700889741276042,0.022700889741276042,True
P27,pick_place,1,pick_place_s1_32.000,32.0,34.0,valence,1,multimodal,svm,0.7655866677672275,1,0.7650774736347239,1,-0.0005091941325036098,0.0005091941325036098,True
P27,pick_place,1,pick_place_s1_33.000,33.0,35.0,valence,1,multimodal,svm,0.6838162032116197,1,0.6882628486702108,1,0.004446645458591081,0.004446645458591081,True
P27,pick_place,1,pick_place_s1_34.000,34.0,36.0,valence,1,multimodal,svm,0.6878154648204183,1,0.690593162258151,1,0.002777697437732707,0.002777697437732707,True
P27,pick_place,1,pick_place_s1_35.000,35.0,37.0,valence,1,multimodal,svm,0.6790080367355392,1,0.6862904639519337,1,0.007282427216394494,0.007282427216394494,True
P27,pick_place,1,pick_place_s1_36.000,36.0,38.0,valence,1,multimodal,svm,0.7444691259715324,1,0.7342269731587397,1,-0.010242152812792615,0.010242152812792615,True
P27,pick_place,1,pick_place_s1_37.000,37.0,39.0,valence,1,multimodal,svm,0.7116078954553979,1,0.7146597514838571,1,0.0030518560284591434,0.0030518560284591434,True
P27,pick_place,1,pick_place_s1_38.000,38.0,40.0,valence,1,multimodal,svm,0.597389376681407,0,0.7392772126188749,1,0.1418878359374679,0.1418878359374679,False
P27,shape_sorter_observation,1,shape_sorter_observation_s1_21.000,21.0,23.0,valence,1,multimodal,svm,0.6213278650043181,0,0.6069544198523198,0,-0.014373445151998343,0.014373445151998343,True
P27,shape_sorter_observation,1,shape_sorter_observation_s1_22.000,22.0,24.0,valence,1,multimodal,svm,0.6531923276237537,0,0.6512333271012438,0,-0.0019590005225098572,0.0019590005225098572,True
P27,shape_sorter_observation,1,shape_sorter_observation_s1_23.000,23.0,25.0,valence,1,multimodal,svm,0.6266388700063171,0,0.6558413679603491,0,0.02920249795403196,0.02920249795403196,True
P27,shape_sorter_observation,1,shape_sorter_observation_s1_24.000,24.0,26.0,valence,1,multimodal,svm,0.7376690398061608,1,0.730931578168557,1,-0.006737461637603803,0.006737461637603803,True
P27,shape_sorter_observation,1,shape_sorter_observation_s1_25.000,25.0,27.0,valence,1,multimodal,svm,0.7054794204727206,1,0.7112660516116341,1,0.005786631138913534,0.005786631138913534,True
P27,shape_sorter_observation,1,shape_sorter_observation_s1_26.000,26.0,28.0,valence,1,multimodal,svm,0.6480248070629359,0,0.6533984038185648,0,0.005373596755628984,0.005373596755628984,True
P27,shape_sorter_observation,1,shape_sorter_observation_s1_27.000,27.0,29.0,valence,1,multimodal,svm,0.754411259826993,1,0.7666256937807512,1,0.012214433953758208,0.012214433953758208,True
P27,shape_sorter_observation,1,shape_sorter_observation_s1_28.000,28.0,30.0,valence,1,multimodal,svm,0.7360981689001255,1,0.7274520447024362,1,-0.008646124197689287,0.008646124197689287,True
P27,shape_sorter_observation,1,shape_sorter_observation_s1_29.000,29.0,31.0,valence,1,multimodal,svm,0.7028672000697828,1,0.7144462751849202,1,0.01157907511513745,0.01157907511513745,True
P27,shape_sorter_observation,1,shape_sorter_observation_s1_30.000,30.0,32.0,valence,1,multimodal,svm,0.6833297862073842,1,0.6928958907098071,1,0.0095661045024229,0.0095661045024229,True
P27,shape_sorter_observation,1,shape_sorter_observation_s1_31.000,31.0,33.0,valence,1,multimodal,svm,0.6778597525894002,1,0.6531011772741286,0,-0.02475857531527159,0.02475857531527159,False
P27,shape_sorter_observation,1,shape_sorter_observation_s1_32.000,32.0,34.0,valence,1,multimodal,svm,0.7008939358619024,1,0.7006558660142548,1,-0.00023806984764762618,0.00023806984764762618,True
P27,shape_sorter_observation,1,shape_sorter_observation_s1_33.000,33.0,35.0,valence,1,multimodal,svm,0.6732704559586421,1,0.6875038321615909,1,0.014233376202948844,0.014233376202948844,True
P27,shape_sorter_observation,1,shape_sorter_observation_s1_34.000,34.0,36.0,valence,1,multimodal,svm,0.7147422762236174,1,0.7152201036629529,1,0.00047782743933544314,0.00047782743933544314,True
P27,shape_sorter_observation,1,shape_sorter_observation_s1_35.000,35.0,37.0,valence,1,multimodal,svm,0.7308944609776815,1,0.7271060502206735,1,-0.003788410757007976,0.003788410757007976,True
P27,shape_sorter_observation,1,shape_sorter_observation_s1_36.000,36.0,38.0,valence,1,multimodal,svm,0.6794186369165294,1,0.6963987749872417,1,0.016980138070712303,0.016980138070712303,True
P27,shape_sorter_observation,1,shape_sorter_observation_s1_37.000,37.0,39.0,valence,1,multimodal,svm,0.7187862328689874,1,0.7171283272366532,1,-0.0016579056323341446,0.0016579056323341446,True
P27,shape_sorter_observation,1,shape_sorter_observation_s1_38.000,38.0,40.0,valence,1,multimodal,svm,0.7279975172523544,1,0.7323400230645538,1,0.004342505812199415,0.004342505812199415,True
P27,shape_sorter_observation,1,shape_sorter_observation_s1_39.000,39.0,41.0,valence,1,multimodal,svm,0.730362218526867,1,0.7086562464474842,1,-0.02170597207938285,0.02170597207938285,True
P27,shape_sorter_observation,1,shape_sorter_observation_s1_40.000,40.0,42.0,valence,1,multimodal,svm,0.7173282313726017,1,0.7143744679855277,1,-0.002953763387073982,0.002953763387073982,True
P27,shape_sorter_observation,1,shape_sorter_observation_s1_41.000,41.0,43.0,valence,1,multimodal,svm,0.7136527668637711,1,0.7224753890266782,1,0.008822622162907079,0.008822622162907079,True
P27,shape_sorter_observation,1,shape_sorter_observation_s1_42.000,42.0,44.0,valence,1,multimodal,svm,0.7383244365184863,1,0.7337404265897421,1,-0.004584009928744193,0.004584009928744193,True
P27,shape_sorter_observation,1,shape_sorter_observation_s1_43.000,43.0,45.0,valence,1,multimodal,svm,0.7484224027252679,1,0.7407840028276892,1,-0.0076383998975787515,0.0076383998975787515,True
P27,shape_sorter_observation,1,shape_sorter_observation_s1_44.000,44.0,46.0,valence,1,multimodal,svm,0.6411305640576813,0,0.658965153011677,0,0.0178345889539957,0.0178345889539957,True
P27,shape_sorter_observation,1,shape_sorter_observation_s1_45.000,45.0,47.0,valence,1,multimodal,svm,0.7376595792059469,1,0.7269428671731718,1,-0.010716712032775133,0.010716712032775133,True
P27,shape_sorter_observation,1,shape_sorter_observation_s1_46.000,46.0,48.0,valence,1,multimodal,svm,0.7022548945855557,1,0.7061882722564162,1,0.0039333776708605495,0.0039333776708605495,True
P27,shape_sorter_observation,1,shape_sorter_observation_s1_47.000,47.0,49.0,valence,1,multimodal,svm,0.6275556971717164,0,0.6108741004863764,0,-0.016681596685340083,0.016681596685340083,True
P27,shape_sorter_observation,1,shape_sorter_observation_s1_48.000,48.0,50.0,valence,1,multimodal,svm,0.6497483648502016,0,0.6474411285063065,0,-0.0023072363438950694,0.0023072363438950694,True
P27,shape_sorter_observation,1,shape_sorter_observation_s1_49.000,49.0,51.0,valence,1,multimodal,svm,0.7180310236741568,1,0.7075067055589651,1,-0.010524318115191722,0.010524318115191722,True
P27,shape_sorter_observation,1,shape_sorter_observation_s1_50.000,50.0,52.0,valence,1,multimodal,svm,0.7024375890729119,1,0.7076424269627289,1,0.005204837889817071,0.005204837889817071,True
P27,shape_sorter_observation,1,shape_sorter_observation_s1_51.000,51.0,53.0,valence,1,multimodal,svm,0.7315123114100203,1,0.7176546615294881,1,-0.013857649880532175,0.013857649880532175,True
P27,shape_sorter_observation,1,shape_sorter_observation_s1_52.000,52.0,54.0,valence,1,multimodal,svm,0.7266211101330773,1,0.7346880234543431,1,0.008066913321265856,0.008066913321265856,True
P27,shape_sorter_observation,1,shape_sorter_observation_s1_53.000,53.0,55.0,valence,1,multimodal,svm,0.7237769831073976,1,0.7409853044469065,1,0.017208321339508892,0.017208321339508892,True
P27,shape_sorter_observation,1,shape_sorter_observation_s1_54.000,54.0,56.0,valence,1,multimodal,svm,0.6994957243725072,1,0.6716520485832956,1,-0.02784367578921154,0.02784367578921154,True
P27,shape_sorter_observation,1,shape_sorter_observation_s1_55.000,55.0,57.0,valence,1,multimodal,svm,0.7157899536107226,1,0.7164759063653215,1,0.0006859527545989286,0.0006859527545989286,True
P27,shape_sorter_observation,1,shape_sorter_observation_s1_56.000,56.0,58.0,valence,1,multimodal,svm,0.752065257108999,1,0.7392801572511042,1,-0.012785099857894777,0.012785099857894777,True
P27,shape_sorter_observation,1,shape_sorter_observation_s1_57.000,57.0,59.0,valence,1,multimodal,svm,0.7405743014506934,1,0.7039543330171124,1,-0.03661996843358095,0.03661996843358095,True
P27,stack,1,stack_s1_21.000,21.0,23.0,valence,1,multimodal,svm,0.7293936736781353,1,0.7082418883641785,1,-0.021151785313956895,0.021151785313956895,True
P27,stack,1,stack_s1_22.000,22.0,24.0,valence,1,multimodal,svm,0.7455649596465843,1,0.7525375165406138,1,0.006972556894029536,0.006972556894029536,True
P27,stack,1,stack_s1_23.000,23.0,25.0,valence,1,multimodal,svm,0.63001807380568,0,0.6358773694950924,0,0.005859295689412458,0.005859295689412458,True
P27,stack,1,stack_s1_24.000,24.0,26.0,valence,1,multimodal,svm,0.729047418585014,1,0.7237268040646576,1,-0.00532061452035637,0.00532061452035637,True
P27,stack,1,stack_s1_25.000,25.0,27.0,valence,1,multimodal,svm,0.7340736396504907,1,0.7327460636904002,1,-0.0013275759600904768,0.0013275759600904768,True
P27,stack,1,stack_s1_26.000,26.0,28.0,valence,1,multimodal,svm,0.7292683362126805,1,0.7235802876585034,1,-0.00568804855417715,0.00568804855417715,True
P27,stack,1,stack_s1_27.000,27.0,29.0,valence,1,multimodal,svm,0.7286204401298699,1,0.74279123563331,1,0.014170795503440026,0.014170795503440026,True
P27,stack,1,stack_s1_28.000,28.0,30.0,valence,1,multimodal,svm,0.7010636799178546,1,0.7197884697314433,1,0.018724789813588716,0.018724789813588716,True
P27,stack,1,stack_s1_29.000,29.0,31.0,valence,1,multimodal,svm,0.6035910535227553,0,0.7025825982083206,1,0.09899154468556526,0.09899154468556526,False
P27,stack,1,stack_s1_30.000,30.0,32.0,valence,1,multimodal,svm,0.7113195361559583,1,0.677913110582558,1,-0.033406425573400345,0.033406425573400345,True
P27,stack,1,stack_s1_31.000,31.0,33.0,valence,1,multimodal,svm,0.7285076064231716,1,0.7227530981868815,1,-0.00575450823629009,0.00575450823629009,True
P27,stack,1,stack_s1_32.000,32.0,34.0,valence,1,multimodal,svm,0.6699859307385649,1,0.7106766875009494,1,0.04069075676238443,0.04069075676238443,True
P27,stack,1,stack_s1_33.000,33.0,35.0,valence,1,multimodal,svm,0.6891290030920799,1,0.7022116239503208,1,0.013082620858240857,0.013082620858240857,True
P27,stack,1,stack_s1_34.000,34.0,36.0,valence,1,multimodal,svm,0.770319338142781,1,0.7796806055956409,1,0.009361267452859923,0.009361267452859923,True
P27,stack,1,stack_s1_35.000,35.0,37.0,valence,1,multimodal,svm,0.65984517780104,0,0.6990593659922352,1,0.039214188191195154,0.039214188191195154,False
P27,stack,1,stack_s1_36.000,36.0,38.0,valence,1,multimodal,svm,0.6978764674681047,1,0.7432277619087757,1,0.045351294440670986,0.045351294440670986,True
P27,stack,1,stack_s1_37.000,37.0,39.0,valence,1,multimodal,svm,0.6171797228817045,0,0.6110003332751662,0,-0.006179389606538299,0.006179389606538299,True
P27,stack,1,stack_s1_38.000,38.0,40.0,valence,1,multimodal,svm,0.7073605445040485,1,0.7396849519811446,1,0.032324407477096084,0.032324407477096084,True
P27,stack,1,stack_s1_39.000,39.0,41.0,valence,1,multimodal,svm,0.7065396319887909,1,0.6932254653920185,1,-0.013314166596772425,0.013314166596772425,True
P27,stack,1,stack_s1_40.000,40.0,42.0,valence,1,multimodal,svm,0.7386601811970136,1,0.6674688663594681,1,-0.07119131483754548,0.07119131483754548,True
P27,stack,1,stack_s1_41.000,41.0,43.0,valence,1,multimodal,svm,0.6896517856189418,1,0.7189296396293692,1,0.029277854010427373,0.029277854010427373,True
P27,stack,1,stack_s1_42.000,42.0,44.0,valence,1,multimodal,svm,0.6398935752726472,0,0.6533999677846869,0,0.013506392512039667,0.013506392512039667,True
P27,stack,1,stack_s1_43.000,43.0,45.0,valence,1,multimodal,svm,0.6384120843587338,0,0.626902636696962,0,-0.011509447661771754,0.011509447661771754,True
P27,stack,1,stack_s1_44.000,44.0,46.0,valence,1,multimodal,svm,0.7362081564654641,1,0.7540431164475014,1,0.017834959982037324,0.017834959982037324,True
P27,stack,1,stack_s1_45.000,45.0,47.0,valence,1,multimodal,svm,0.7405442785552006,1,0.7218399761802254,1,-0.018704302374975112,0.018704302374975112,True
P27,stack,1,stack_s1_46.000,46.0,48.0,valence,1,multimodal,svm,0.6336835733902301,0,0.706172964388172,1,0.07248939099794194,0.07248939099794194,False
P27,stack,1,stack_s1_47.000,47.0,49.0,valence,1,multimodal,svm,0.5846777651762582,0,0.5827921130144569,0,-0.0018856521618013655,0.0018856521618013655,True
P27,stack,1,stack_s1_48.000,48.0,50.0,valence,1,multimodal,svm,0.6644871101498275,1,0.6720905347259777,1,0.007603424576150153,0.007603424576150153,True
P27,stack,1,stack_s1_49.000,49.0,51.0,valence,1,multimodal,svm,0.725562917430076,1,0.7168401729776424,1,-0.008722744452433595,0.008722744452433595,True
P27,stack,1,stack_s1_50.000,50.0,52.0,valence,1,multimodal,svm,0.7170329061285652,1,0.7093388993744372,1,-0.007694006754128013,0.007694006754128013,True
P27,stack,1,stack_s1_51.000,51.0,53.0,valence,1,multimodal,svm,0.7198128154635354,1,0.6657076154939842,1,-0.05410519996955121,0.05410519996955121,True
P27,stack,1,stack_s1_52.000,52.0,54.0,valence,1,multimodal,svm,0.6403024281940846,0,0.649276394611212,0,0.008973966417127444,0.008973966417127444,True
P27,stack,1,stack_s1_53.000,53.0,55.0,valence,1,multimodal,svm,0.7239935637005935,1,0.6539512185340182,0,-0.07004234516657537,0.07004234516657537,False
P27,stack,1,stack_s1_54.000,54.0,56.0,valence,1,multimodal,svm,0.7303244529476298,1,0.7190699624393071,1,-0.011254490508322723,0.011254490508322723,True
P27,stack,1,stack_s1_55.000,55.0,57.0,valence,1,multimodal,svm,0.7145244927520787,1,0.7069359649915273,1,-0.007588527760551411,0.007588527760551411,True
P27,stack,1,stack_s1_56.000,56.0,58.0,valence,1,multimodal,svm,0.6550129169671134,0,0.6742674571529421,1,0.019254540185828728,0.019254540185828728,False
P27,stack,1,stack_s1_57.000,57.0,59.0,valence,1,multimodal,svm,0.6977567318883826,1,0.756482130782255,1,0.058725398893872405,0.058725398893872405,True
P27,stack,1,stack_s1_58.000,58.0,60.0,valence,1,multimodal,svm,0.6761628473400498,1,0.6939217599215349,1,0.017758912581485098,0.017758912581485098,True
P27,stack,1,stack_s1_59.000,59.0,61.0,valence,1,multimodal,svm,0.6769444423961539,1,0.6824447438672412,1,0.0055003014710872655,0.0055003014710872655,True
P27,stack,1,stack_s1_60.000,60.0,62.0,valence,1,multimodal,svm,0.7489597287629446,1,0.743189855853945,1,-0.0057698729089995515,0.0057698729089995515,True
P27,stack,1,stack_s1_61.000,61.0,63.0,valence,1,multimodal,svm,0.614536145191307,0,0.6544885585785676,0,0.03995241338726063,0.03995241338726063,True
P27,stack,1,stack_s1_62.000,62.0,64.0,valence,1,multimodal,svm,0.7112380297605256,1,0.7396742208625058,1,0.028436191101980146,0.028436191101980146,True
P27,stack,1,stack_s1_63.000,63.0,65.0,valence,1,multimodal,svm,0.7061392708466708,1,0.6889451600704924,1,-0.017194110776178384,0.017194110776178384,True
P27,stack,1,stack_s1_64.000,64.0,66.0,valence,1,multimodal,svm,0.6518469167427415,0,0.6789358097458494,1,0.027088893003107906,0.027088893003107906,False
P27,stack,1,stack_s1_65.000,65.0,67.0,valence,1,multimodal,svm,0.6455620566517992,0,0.672472792287431,1,0.026910735635631733,0.026910735635631733,False
P27,stack,1,stack_s1_66.000,66.0,68.0,valence,1,multimodal,svm,0.718902504896874,1,0.7307933790666102,1,0.01189087416973622,0.01189087416973622,True
P27,stack,1,stack_s1_67.000,67.0,69.0,valence,1,multimodal,svm,0.692948215028675,1,0.69277534617107,1,-0.00017286885760503523,0.00017286885760503523,True
P27,stack,1,stack_s1_68.000,68.0,70.0,valence,1,multimodal,svm,0.6929482170691393,1,0.69294821693035,1,-1.387893133752982e-10,1.387893133752982e-10,True
P27,sisyphus,1,sisyphus_s1_22.000,22.0,24.0,valence,1,multimodal,svm,0.7273709115256036,1,0.7286091472518141,1,0.0012382357262105126,0.0012382357262105126,True
P27,sisyphus,1,sisyphus_s1_23.000,23.0,25.0,valence,1,multimodal,svm,0.6840577664463617,1,0.6821798655611062,1,-0.0018779008852555235,0.0018779008852555235,True
P27,sisyphus,1,sisyphus_s1_24.000,24.0,26.0,valence,1,multimodal,svm,0.7867199712641255,1,0.7668986287090436,1,-0.019821342555081944,0.019821342555081944,True
P27,sisyphus,1,sisyphus_s1_25.000,25.0,27.0,valence,1,multimodal,svm,0.6929482171026871,1,0.6929482171026871,1,0.0,0.0,True
P27,sisyphus,1,sisyphus_s1_26.000,26.0,28.0,valence,1,multimodal,svm,0.6929482171026871,1,0.6929482171026871,1,0.0,0.0,True
P27,sisyphus,1,sisyphus_s1_27.000,27.0,29.0,valence,1,multimodal,svm,0.6882368541393186,1,0.6929482171026871,1,0.004711362963368493,0.004711362963368493,True
P27,sisyphus,1,sisyphus_s1_28.000,28.0,30.0,valence,1,multimodal,svm,0.6678867675508994,1,0.689875266493574,1,0.021988498942674628,0.021988498942674628,True
P27,sisyphus,1,sisyphus_s1_29.000,29.0,31.0,valence,1,multimodal,svm,0.7492581925571701,1,0.710156728714836,1,-0.03910146384233404,0.03910146384233404,True
P27,sisyphus,1,sisyphus_s1_30.000,30.0,32.0,valence,1,multimodal,svm,0.6520388964449602,0,0.674162982584902,1,0.02212408613994188,0.02212408613994188,False
P27,sisyphus,1,sisyphus_s1_31.000,31.0,33.0,valence,1,multimodal,svm,0.6855254469775052,1,0.689168804157053,1,0.0036433571795477793,0.0036433571795477793,True
P27,sisyphus,1,sisyphus_s1_32.000,32.0,34.0,valence,1,multimodal,svm,0.6276426209880405,0,0.6739278287347126,1,0.04628520774667211,0.04628520774667211,False
P27,sisyphus,1,sisyphus_s1_33.000,33.0,35.0,valence,1,multimodal,svm,0.7436299780745643,1,0.7517301050142087,1,0.008100126939644348,0.008100126939644348,True
P27,sisyphus,1,sisyphus_s1_34.000,34.0,36.0,valence,1,multimodal,svm,0.7109512418423087,1,0.7061551010404652,1,-0.00479614080184354,0.00479614080184354,True
P27,sisyphus,1,sisyphus_s1_35.000,35.0,37.0,valence,1,multimodal,svm,0.6693539641978878,1,0.6695333744437232,1,0.00017941024583534304,0.00017941024583534304,True
P27,sisyphus,1,sisyphus_s1_36.000,36.0,38.0,valence,1,multimodal,svm,0.7009162490086642,1,0.7087168620893194,1,0.007800613080655161,0.007800613080655161,True
P27,sisyphus,1,sisyphus_s1_37.000,37.0,39.0,valence,1,multimodal,svm,0.7293831411633408,1,0.7221259835803504,1,-0.007257157582990392,0.007257157582990392,True
P27,sisyphus,1,sisyphus_s1_38.000,38.0,40.0,valence,1,multimodal,svm,0.7039675060537804,1,0.7192494527665413,1,0.015281946712760841,0.015281946712760841,True
P27,sisyphus,1,sisyphus_s1_39.000,39.0,41.0,valence,1,multimodal,svm,0.7404008393669381,1,0.7117962629845267,1,-0.02860457638241143,0.02860457638241143,True
P27,sisyphus,1,sisyphus_s1_40.000,40.0,42.0,valence,1,multimodal,svm,0.6929482171026871,1,0.6929482171026871,1,0.0,0.0,True
P27,sisyphus,1,sisyphus_s1_41.000,41.0,43.0,valence,1,multimodal,svm,0.6929482171026871,1,0.6929482171026871,1,0.0,0.0,True
P27,sisyphus,1,sisyphus_s1_42.000,42.0,44.0,valence,1,multimodal,svm,0.6929292760643523,1,0.6929482171026871,1,1.894103833477434e-05,1.894103833477434e-05,True
P27,sisyphus,1,sisyphus_s1_43.000,43.0,45.0,valence,1,multimodal,svm,0.6552798836174695,0,0.7141908099023405,1,0.058910926284871046,0.058910926284871046,False
P27,sisyphus,1,sisyphus_s1_44.000,44.0,46.0,valence,1,multimodal,svm,0.7162968360086109,1,0.7076252303156401,1,-0.008671605692970874,0.008671605692970874,True
P27,sisyphus,1,sisyphus_s1_45.000,45.0,47.0,valence,1,multimodal,svm,0.7022260491357913,1,0.698441561894741,1,-0.003784487241050294,0.003784487241050294,True
P27,sisyphus,1,sisyphus_s1_46.000,46.0,48.0,valence,1,multimodal,svm,0.698913694498318,1,0.6955202653098884,1,-0.003393429188429553,0.003393429188429553,True
P27,sisyphus,1,sisyphus_s1_47.000,47.0,49.0,valence,1,multimodal,svm,0.7228756837235071,1,0.7296054101763814,1,0.006729726452874285,0.006729726452874285,True
P27,sisyphus,1,sisyphus_s1_48.000,48.0,50.0,valence,1,multimodal,svm,0.595020915997141,0,0.6792409900646806,1,0.08422007406753962,0.08422007406753962,False
P27,sisyphus,1,sisyphus_s1_49.000,49.0,51.0,valence,1,multimodal,svm,0.7000065523418985,1,0.7315298538003632,1,0.031523301458464714,0.031523301458464714,True
P27,sisyphus,1,sisyphus_s1_50.000,50.0,52.0,valence,1,multimodal,svm,0.762315295961825,1,0.7465714715657641,1,-0.015743824396060924,0.015743824396060924,True
P27,sisyphus,1,sisyphus_s1_51.000,51.0,53.0,valence,1,multimodal,svm,0.6929482171026871,1,0.6897927689465736,1,-0.0031554481561134606,0.0031554481561134606,True
P27,sisyphus,1,sisyphus_s1_52.000,52.0,54.0,valence,1,multimodal,svm,0.6929482171026871,1,0.6929482171026871,1,0.0,0.0,True
P27,sisyphus,1,sisyphus_s1_53.000,53.0,55.0,valence,1,multimodal,svm,0.6702955956402196,1,0.6912473308301413,1,0.020951735189921772,0.020951735189921772,True
P27,sisyphus,1,sisyphus_s1_54.000,54.0,56.0,valence,1,multimodal,svm,0.6630963767180607,1,0.6841906491643135,1,0.021094272446252837,0.021094272446252837,True
P27,sisyphus,1,sisyphus_s1_55.000,55.0,57.0,valence,1,multimodal,svm,0.6721211922938758,1,0.691603718485874,1,0.019482526191998195,0.019482526191998195,True
P27,sisyphus,1,sisyphus_s1_56.000,56.0,58.0,valence,1,multimodal,svm,0.6858900063644852,1,0.6831389291660206,1,-0.0027510771984645688,0.0027510771984645688,True
P27,sisyphus,1,sisyphus_s1_57.000,57.0,59.0,valence,1,multimodal,svm,0.6931207277366268,1,0.6929707653653976,1,-0.00014996237122921752,0.00014996237122921752,True
P27,sisyphus,1,sisyphus_s1_58.000,58.0,60.0,valence,1,multimodal,svm,0.6929482171026871,1,0.6929482171026871,1,0.0,0.0,True
P27,sisyphus,1,sisyphus_s1_59.000,59.0,61.0,valence,1,multimodal,svm,0.6929482171026871,1,0.6929482171026871,1,0.0,0.0,True
P27,sisyphus,1,sisyphus_s1_60.000,60.0,62.0,valence,1,multimodal,svm,0.6929482171026871,1,0.6929482171026871,1,0.0,0.0,True
P27,sisyphus,1,sisyphus_s1_61.000,61.0,63.0,valence,1,multimodal,svm,0.6633474778117076,1,0.6929481159835955,1,0.02960063817188796,0.02960063817188796,True
P27,sisyphus,1,sisyphus_s1_62.000,62.0,64.0,valence,1,multimodal,svm,0.6422739490706503,0,0.6207812298298365,0,-0.02149271924081375,0.02149271924081375,True
P27,sisyphus,1,sisyphus_s1_63.000,63.0,65.0,valence,1,multimodal,svm,0.7265830954305885,1,0.7161229031137647,1,-0.010460192316823824,0.010460192316823824,True
P27,sisyphus,1,sisyphus_s1_64.000,64.0,66.0,valence,1,multimodal,svm,0.6909067465322879,1,0.6635322342686514,1,-0.02737451226363652,0.02737451226363652,True
P27,sisyphus,1,sisyphus_s1_65.000,65.0,67.0,valence,1,multimodal,svm,0.7473837937716704,1,0.7464421859226379,1,-0.0009416078490325219,0.0009416078490325219,True
P27,sisyphus,1,sisyphus_s1_66.000,66.0,68.0,valence,1,multimodal,svm,0.6800867269761682,1,0.6785287912814221,1,-0.0015579356947461598,0.0015579356947461598,True
P27,sisyphus,1,sisyphus_s1_67.000,67.0,69.0,valence,1,multimodal,svm,0.6929482171026871,1,0.6929482171026871,1,0.0,0.0,True
P27,sisyphus,1,sisyphus_s1_68.000,68.0,70.0,valence,1,multimodal,svm,0.6929482171026871,1,0.6929482171026871,1,0.0,0.0,True
P27,sisyphus,1,sisyphus_s1_69.000,69.0,71.0,valence,1,multimodal,svm,0.6792799800287437,1,0.6929482171026871,1,0.013668237073943379,0.013668237073943379,True
P27,sisyphus,1,sisyphus_s1_70.000,70.0,72.0,valence,1,multimodal,svm,0.698929461952963,1,0.68729613031407,1,-0.011633331638893019,0.011633331638893019,True
P27,sisyphus,1,sisyphus_s1_71.000,71.0,73.0,valence,1,multimodal,svm,0.6233374582407394,0,0.6415714367076524,0,0.018233978466912992,0.018233978466912992,True
P27,sisyphus,1,sisyphus_s1_72.000,72.0,74.0,valence,1,multimodal,svm,0.6903769232720304,1,0.7147740621245099,1,0.024397138852479516,0.024397138852479516,True
P27,sisyphus,1,sisyphus_s1_73.000,73.0,75.0,valence,1,multimodal,svm,0.6929482171026871,1,0.7011785275130545,1,0.00823031041036748,0.00823031041036748,True
P27,sisyphus,1,sisyphus_s1_74.000,74.0,76.0,valence,1,multimodal,svm,0.6929482171026871,1,0.6929482171026871,1,0.0,0.0,True
P27,sisyphus,1,sisyphus_s1_75.000,75.0,77.0,valence,1,multimodal,svm,0.6929482171026871,1,0.6929482171026871,1,0.0,0.0,True
P27,sisyphus,1,sisyphus_s1_76.000,76.0,78.0,valence,1,multimodal,svm,0.6887622764713397,1,0.6929482171026871,1,0.004185940631347362,0.004185940631347362,True
P27,sisyphus,1,sisyphus_s1_77.000,77.0,79.0,valence,1,multimodal,svm,0.7139968929073459,1,0.6925964699725086,1,-0.02140042293483735,0.02140042293483735,True
P27,sisyphus,1,sisyphus_s1_78.000,78.0,80.0,valence,1,multimodal,svm,0.7231365276590667,1,0.6998694965364997,1,-0.023267031122567006,0.023267031122567006,True
P27,sisyphus,1,sisyphus_s1_79.000,79.0,81.0,valence,1,multimodal,svm,0.71831380652921,1,0.7024674287490273,1,-0.015846377780182608,0.015846377780182608,True
P27,sisyphus,1,sisyphus_s1_80.000,80.0,82.0,valence,1,multimodal,svm,0.7871838861961158,1,0.6571105513951693,0,-0.13007333480094652,0.13007333480094652,False
P27,sisyphus,1,sisyphus_s1_81.000,81.0,83.0,valence,1,multimodal,svm,0.6929482171026871,1,0.6929482171017509,1,-9.36140054363932e-13,9.36140054363932e-13,True
P27,sisyphus,1,sisyphus_s1_82.000,82.0,84.0,valence,1,multimodal,svm,0.6929482171026871,1,0.6929482171026871,1,0.0,0.0,True
P27,sisyphus,1,sisyphus_s1_83.000,83.0,85.0,valence,1,multimodal,svm,0.6929482171026871,1,0.6929482171026871,1,0.0,0.0,True
P27,sisyphus,1,sisyphus_s1_84.000,84.0,86.0,valence,1,multimodal,svm,0.6929482171026871,1,0.6929482171026871,1,0.0,0.0,True
P27,sisyphus,1,sisyphus_s1_85.000,85.0,87.0,valence,1,multimodal,svm,0.6929482171026871,1,0.6929482171026871,1,0.0,0.0,True
P27,sisyphus,1,sisyphus_s1_86.000,86.0,88.0,valence,1,multimodal,svm,0.6929482171026871,1,0.6929482171026871,1,0.0,0.0,True
P27,sisyphus,1,sisyphus_s1_87.000,87.0,89.0,valence,1,multimodal,svm,0.6929482171026868,1,0.6929482171026871,1,2.220446049250313e-16,2.220446049250313e-16,True
P27,sisyphus,1,sisyphus_s1_88.000,88.0,90.0,valence,1,multimodal,svm,0.6900342415493,1,0.6937725269560938,1,0.003738285406793773,0.003738285406793773,True
P27,sisyphus,1,sisyphus_s1_89.000,89.0,91.0,valence,1,multimodal,svm,0.6928182319006595,1,0.689335166416001,1,-0.0034830654846584874,0.0034830654846584874,True
P27,sisyphus,1,sisyphus_s1_90.000,90.0,92.0,valence,1,multimodal,svm,0.67488733784553,1,0.6929481830367183,1,0.018060845191188335,0.018060845191188335,True
P27,sisyphus,1,sisyphus_s1_91.000,91.0,93.0,valence,1,multimodal,svm,0.6955203033379678,1,0.7485432146965265,1,0.053022911358558744,0.053022911358558744,True
P27,sisyphus,1,sisyphus_s1_92.000,92.0,94.0,valence,1,multimodal,svm,0.6406974388127227,0,0.6159212014569643,0,-0.0247762373557584,0.0247762373557584,True
P27,sisyphus,1,sisyphus_s1_93.000,93.0,95.0,valence,1,multimodal,svm,0.6968407261793591,1,0.6805032898288141,1,-0.016337436350544965,0.016337436350544965,True
P27,sisyphus,1,sisyphus_s1_94.000,94.0,96.0,valence,1,multimodal,svm,0.6892644064483738,1,0.6900262689252395,1,0.0007618624768657156,0.0007618624768657156,True
P27,sisyphus,1,sisyphus_s1_95.000,95.0,97.0,valence,1,multimodal,svm,0.5938941654501264,0,0.6251141736642217,0,0.03122000821409532,0.03122000821409532,True
P27,sisyphus,1,sisyphus_s1_96.000,96.0,98.0,valence,1,multimodal,svm,0.685428620492969,1,0.6711497104287498,1,-0.014278910064219219,0.014278910064219219,True
P27,sisyphus,1,sisyphus_s1_97.000,97.0,99.0,valence,1,multimodal,svm,0.7833842814537283,1,0.7728008389406594,1,-0.010583442513068864,0.010583442513068864,True
P27,sisyphus,1,sisyphus_s1_98.000,98.0,100.0,valence,1,multimodal,svm,0.729751552206728,1,0.6546500589737526,0,-0.07510149323297544,0.07510149323297544,False
P27,sisyphus,1,sisyphus_s1_99.000,99.0,101.0,valence,1,multimodal,svm,0.7282518604554781,1,0.696400423852853,1,-0.03185143660262513,0.03185143660262513,True
P27,sisyphus,1,sisyphus_s1_100.000,100.0,102.0,valence,1,multimodal,svm,0.7043041702726731,1,0.6916924349958442,1,-0.012611735276828906,0.012611735276828906,True
P27,sisyphus,1,sisyphus_s1_101.000,101.0,103.0,valence,1,multimodal,svm,0.6929482171026871,1,0.6929482171026871,1,0.0,0.0,True
P27,sisyphus,1,sisyphus_s1_102.000,102.0,104.0,valence,1,multimodal,svm,0.6929482171026871,1,0.6929482171026871,1,0.0,0.0,True
P27,sisyphus,1,sisyphus_s1_103.000,103.0,105.0,valence,1,multimodal,svm,0.6929482171026871,1,0.6929482171026871,1,0.0,0.0,True
P27,sisyphus,1,sisyphus_s1_104.000,104.0,106.0,valence,1,multimodal,svm,0.6929482171026871,1,0.6929482171026871,1,0.0,0.0,True
P27,sisyphus,1,sisyphus_s1_105.000,105.0,107.0,valence,1,multimodal,svm,0.6929249051807226,1,0.6929482171026871,1,2.331192196447507e-05,2.331192196447507e-05,True
P27,sisyphus,1,sisyphus_s1_106.000,106.0,108.0,valence,1,multimodal,svm,0.7150932427393228,1,0.6998662414602677,1,-0.015227001279055186,0.015227001279055186,True
P27,sisyphus,1,sisyphus_s1_107.000,107.0,109.0,valence,1,multimodal,svm,0.7301736273900026,1,0.7219948503853866,1,-0.008178777004616,0.008178777004616,True
P27,sisyphus,1,sisyphus_s1_108.000,108.0,110.0,valence,1,multimodal,svm,0.5810782111434704,0,0.6771506066106425,1,0.09607239546717217,0.09607239546717217,False
P27,sisyphus,1,sisyphus_s1_109.000,109.0,111.0,valence,1,multimodal,svm,0.6929482171026871,1,0.6929482171022255,1,-4.615197113366776e-13,4.615197113366776e-13,True
P27,sisyphus,1,sisyphus_s1_110.000,110.0,112.0,valence,1,multimodal,svm,0.6929482171026177,1,0.6929482171026871,1,6.938893903907228e-14,6.938893903907228e-14,True
P27,sisyphus,1,sisyphus_s1_111.000,111.0,113.0,valence,1,multimodal,svm,0.6929482171026871,1,0.6929482171026871,1,0.0,0.0,True
P27,sisyphus,1,sisyphus_s1_112.000,112.0,114.0,valence,1,multimodal,svm,0.6929482171026871,1,0.6929482171026871,1,0.0,0.0,True
P27,sisyphus,1,sisyphus_s1_113.000,113.0,115.0,valence,1,multimodal,svm,0.6929482171026871,1,0.6929482171026871,1,0.0,0.0,True
P27,sisyphus,1,sisyphus_s1_114.000,114.0,116.0,valence,1,multimodal,svm,0.6929482171026868,1,0.6929482171026871,1,2.220446049250313e-16,2.220446049250313e-16,True
P27,sisyphus,1,sisyphus_s1_115.000,115.0,117.0,valence,1,multimodal,svm,0.692720199704734,1,0.6929445123889044,1,0.0002243126841704468,0.0002243126841704468,True
P27,sisyphus,1,sisyphus_s1_116.000,116.0,118.0,valence,1,multimodal,svm,0.6909372654679493,1,0.6928376136037706,1,0.0019003481358212948,0.0019003481358212948,True
P27,sisyphus,1,sisyphus_s1_117.000,117.0,119.0,valence,1,multimodal,svm,0.6929482155020985,1,0.6929467859647902,1,-1.4295373083061946e-06,1.4295373083061946e-06,True
P27,sisyphus,1,sisyphus_s1_118.000,118.0,120.0,valence,1,multimodal,svm,0.6929482171015164,1,0.6929480644186234,1,-1.5268289299541493e-07,1.5268289299541493e-07,True
P27,sisyphus,1,sisyphus_s1_119.000,119.0,121.0,valence,1,multimodal,svm,0.6894795760338422,1,0.6928182801075765,1,0.0033387040737342666,0.0033387040737342666,True
P27,sisyphus,1,sisyphus_s1_120.000,120.0,122.0,valence,1,multimodal,svm,0.6692796494249399,1,0.6687038999785262,1,-0.0005757494464136981,0.0005757494464136981,True
P27,sisyphus,1,sisyphus_s1_121.000,121.0,123.0,valence,1,multimodal,svm,0.6917499155138879,1,0.6930702543704155,1,0.001320338856527603,0.001320338856527603,True
P27,sisyphus,1,sisyphus_s1_122.000,122.0,124.0,valence,1,multimodal,svm,0.6928428442103535,1,0.6930154055156025,1,0.00017256130524900826,0.00017256130524900826,True
P27,sisyphus,1,sisyphus_s1_123.000,123.0,125.0,valence,1,multimodal,svm,0.6970119787568786,1,0.6941606540725747,1,-0.0028513246843039353,0.0028513246843039353,True
P27,sisyphus,1,sisyphus_s1_124.000,124.0,126.0,valence,1,multimodal,svm,0.696497627737885,1,0.6944123686172546,1,-0.0020852591206304005,0.0020852591206304005,True
P27,sisyphus,1,sisyphus_s1_125.000,125.0,127.0,valence,1,multimodal,svm,0.6981212431140064,1,0.6991036253718808,1,0.0009823822578743924,0.0009823822578743924,True
P27,shape_sorter_interaction,1,shape_sorter_interaction_s1_22.000,22.0,24.0,valence,1,multimodal,svm,0.7093583168052497,1,0.6811619952602743,1,-0.028196321544975422,0.028196321544975422,True
P27,shape_sorter_interaction,1,shape_sorter_interaction_s1_23.000,23.0,25.0,valence,1,multimodal,svm,0.6087228908770664,0,0.6416371028690127,0,0.03291421199194622,0.03291421199194622,True
P27,shape_sorter_interaction,1,shape_sorter_interaction_s1_24.000,24.0,26.0,valence,1,multimodal,svm,0.5789434322180638,0,0.5663891886554432,0,-0.012554243562620582,0.012554243562620582,True
P27,shape_sorter_interaction,1,shape_sorter_interaction_s1_25.000,25.0,27.0,valence,1,multimodal,svm,0.6932991399334154,1,0.6931014539241237,1,-0.00019768600929170876,0.00019768600929170876,True
P27,shape_sorter_interaction,1,shape_sorter_interaction_s1_26.000,26.0,28.0,valence,1,multimodal,svm,0.7285240493215704,1,0.7072950652908744,1,-0.021228984030696063,0.021228984030696063,True
P27,shape_sorter_interaction,1,shape_sorter_interaction_s1_27.000,27.0,29.0,valence,1,multimodal,svm,0.6934132709198506,1,0.7100367538062474,1,0.016623482886396812,0.016623482886396812,True
P27,shape_sorter_interaction,1,shape_sorter_interaction_s1_28.000,28.0,30.0,valence,1,multimodal,svm,0.6929422967460016,1,0.6929482049206059,1,5.908174604329908e-06,5.908174604329908e-06,True
P27,shape_sorter_interaction,1,shape_sorter_interaction_s1_29.000,29.0,31.0,valence,1,multimodal,svm,0.6775162185247263,1,0.692947687658487,1,0.0154314691337607,0.0154314691337607,True
P27,shape_sorter_interaction,1,shape_sorter_interaction_s1_30.000,30.0,32.0,valence,1,multimodal,svm,0.654638813626466,0,0.6858666117359412,1,0.03122779810947518,0.03122779810947518,False
P27,shape_sorter_interaction,1,shape_sorter_interaction_s1_31.000,31.0,33.0,valence,1,multimodal,svm,0.631189026111634,0,0.6452300263912674,0,0.014041000279633398,0.014041000279633398,True
P27,shape_sorter_interaction,1,shape_sorter_interaction_s1_32.000,32.0,34.0,valence,1,multimodal,svm,0.7104778487269688,1,0.6545630302334307,0,-0.05591481849353819,0.05591481849353819,False
P27,shape_sorter_interaction,1,shape_sorter_interaction_s1_33.000,33.0,35.0,valence,1,multimodal,svm,0.7074446085290804,1,0.7054402044370169,1,-0.002004404092063483,0.002004404092063483,True
P27,shape_sorter_interaction,1,shape_sorter_interaction_s1_34.000,34.0,36.0,valence,1,multimodal,svm,0.7478750272187664,1,0.7418927499739917,1,-0.005982277244774736,0.005982277244774736,True
P27,shape_sorter_interaction,1,shape_sorter_interaction_s1_35.000,35.0,37.0,valence,1,multimodal,svm,0.7614847366957626,1,0.7499381441363904,1,-0.011546592559372182,0.011546592559372182,True
P27,shape_sorter_interaction,1,shape_sorter_interaction_s1_36.000,36.0,38.0,valence,1,multimodal,svm,0.7527297425898104,1,0.7524589558552377,1,-0.0002707867345727033,0.0002707867345727033,True
P27,shape_sorter_interaction,1,shape_sorter_interaction_s1_37.000,37.0,39.0,valence,1,multimodal,svm,0.7284849654727766,1,0.7194166083084512,1,-0.009068357164325413,0.009068357164325413,True
P27,shape_sorter_interaction,1,shape_sorter_interaction_s1_38.000,38.0,40.0,valence,1,multimodal,svm,0.7335016383682657,1,0.6533983963755484,0,-0.08010324199271723,0.08010324199271723,False
P27,shape_sorter_interaction,1,shape_sorter_interaction_s1_39.000,39.0,41.0,valence,1,multimodal,svm,0.7131427276180538,1,0.7023369050834625,1,-0.01080582253459128,0.01080582253459128,True
P27,shape_sorter_interaction,1,shape_sorter_interaction_s1_40.000,40.0,42.0,valence,1,multimodal,svm,0.7054253366625554,1,0.6991718249995221,1,-0.006253511663033229,0.006253511663033229,True
P27,shape_sorter_interaction,1,shape_sorter_interaction_s1_41.000,41.0,43.0,valence,1,multimodal,svm,0.6514688817358544,0,0.6538836692042947,0,0.0024147874684403714,0.0024147874684403714,True
P27,shape_sorter_interaction,1,shape_sorter_interaction_s1_42.000,42.0,44.0,valence,1,multimodal,svm,0.7115276793239823,1,0.6954112429626855,1,-0.016116436361296782,0.016116436361296782,True
P27,shape_sorter_interaction,1,shape_sorter_interaction_s1_43.000,43.0,45.0,valence,1,multimodal,svm,0.7104752043780153,1,0.722300957783284,1,0.011825753405268702,0.011825753405268702,True
P27,shape_sorter_interaction,1,shape_sorter_interaction_s1_44.000,44.0,46.0,valence,1,multimodal,svm,0.7126204063235243,1,0.6712113666525108,1,-0.0414090396710135,0.0414090396710135,True
P27,shape_sorter_interaction,1,shape_sorter_interaction_s1_45.000,45.0,47.0,valence,1,multimodal,svm,0.7493891537086488,1,0.6888786492897357,1,-0.060510504418913036,0.060510504418913036,True
P27,shape_sorter_interaction,1,shape_sorter_interaction_s1_46.000,46.0,48.0,valence,1,multimodal,svm,0.6886013596826828,1,0.6910705263707484,1,0.002469166688065627,0.002469166688065627,True
P27,shape_sorter_interaction,1,shape_sorter_interaction_s1_47.000,47.0,49.0,valence,1,multimodal,svm,0.721249140382524,1,0.6897863707513192,1,-0.03146276963120476,0.03146276963120476,True
P27,shape_sorter_interaction,1,shape_sorter_interaction_s1_48.000,48.0,50.0,valence,1,multimodal,svm,0.6933357191019797,1,0.6995859128493723,1,0.006250193747392663,0.006250193747392663,True
P27,shape_sorter_interaction,1,shape_sorter_interaction_s1_49.000,49.0,51.0,valence,1,multimodal,svm,0.7377562642458143,1,0.6911934217287914,1,-0.04656284251702292,0.04656284251702292,True
P27,shape_sorter_interaction,1,shape_sorter_interaction_s1_50.000,50.0,52.0,valence,1,multimodal,svm,0.7793092184317311,1,0.6644466438089175,1,-0.11486257462281357,0.11486257462281357,True
P27,shape_sorter_interaction,1,shape_sorter_interaction_s1_51.000,51.0,53.0,valence,1,multimodal,svm,0.690004120319913,1,0.6925550206108334,1,0.0025509002909204215,0.0025509002909204215,True
P27,shape_sorter_interaction,1,shape_sorter_interaction_s1_52.000,52.0,54.0,valence,1,multimodal,svm,0.7309763320442672,1,0.7388245606131593,1,0.007848228568892113,0.007848228568892113,True
P27,shape_sorter_interaction,1,shape_sorter_interaction_s1_53.000,53.0,55.0,valence,1,multimodal,svm,0.7126421829392103,1,0.728215725703958,1,0.01557354276474765,0.01557354276474765,True
P27,shape_sorter_interaction,1,shape_sorter_interaction_s1_54.000,54.0,56.0,valence,1,multimodal,svm,0.7059758065226105,1,0.696786421037357,1,-0.009189385485253498,0.009189385485253498,True
P27,shape_sorter_interaction,1,shape_sorter_interaction_s1_55.000,55.0,57.0,valence,1,multimodal,svm,0.6185705303314641,0,0.6844992860931621,1,0.06592875576169799,0.06592875576169799,False
P27,shape_sorter_interaction,1,shape_sorter_interaction_s1_56.000,56.0,58.0,valence,1,multimodal,svm,0.6900052241628228,1,0.6614151842860193,1,-0.02859003987680353,0.02859003987680353,True
P27,shape_sorter_interaction,1,shape_sorter_interaction_s1_57.000,57.0,59.0,valence,1,multimodal,svm,0.5975592778872275,0,0.7106654880576951,1,0.11310621017046762,0.11310621017046762,False
P27,shape_sorter_interaction,1,shape_sorter_interaction_s1_58.000,58.0,60.0,valence,1,multimodal,svm,0.696764621165063,1,0.6784855698679365,1,-0.01827905129712648,0.01827905129712648,True
P27,shape_sorter_interaction,1,shape_sorter_interaction_s1_59.000,59.0,61.0,valence,1,multimodal,svm,0.6826299765821813,1,0.7373442199778546,1,0.05471424339567332,0.05471424339567332,True
P27,shape_sorter_interaction,1,shape_sorter_interaction_s1_60.000,60.0,62.0,valence,1,multimodal,svm,0.6603936258099775,1,0.7187398941854338,1,0.05834626837545631,0.05834626837545631,True
P27,shape_sorter_interaction,1,shape_sorter_interaction_s1_61.000,61.0,63.0,valence,1,multimodal,svm,0.6423949380177735,0,0.6592443365649754,0,0.01684939854720191,0.01684939854720191,True
P27,shape_sorter_interaction,1,shape_sorter_interaction_s1_62.000,62.0,64.0,valence,1,multimodal,svm,0.7260788249241898,1,0.7220758912418338,1,-0.004002933682356047,0.004002933682356047,True
P27,shape_sorter_interaction,1,shape_sorter_interaction_s1_63.000,63.0,65.0,valence,1,multimodal,svm,0.7321973932128558,1,0.7241027180421484,1,-0.008094675170707388,0.008094675170707388,True
P27,shape_sorter_interaction,1,shape_sorter_interaction_s1_64.000,64.0,66.0,valence,1,multimodal,svm,0.6850197809161633,1,0.6885164730304151,1,0.0034966921142517426,0.0034966921142517426,True
P27,shape_sorter_interaction,1,shape_sorter_interaction_s1_65.000,65.0,67.0,valence,1,multimodal,svm,0.6950549856164697,1,0.7037648846449247,1,0.008709899028454982,0.008709899028454982,True
P27,shape_sorter_interaction,1,shape_sorter_interaction_s1_66.000,66.0,68.0,valence,1,multimodal,svm,0.6925027786405775,1,0.7097860574666846,1,0.01728327882610703,0.01728327882610703,True
P27,shape_sorter_interaction,1,shape_sorter_interaction_s1_67.000,67.0,69.0,valence,1,multimodal,svm,0.6921058949144983,1,0.6916718468312819,1,-0.0004340480832163429,0.0004340480832163429,True
P27,shape_sorter_interaction,1,shape_sorter_interaction_s1_68.000,68.0,70.0,valence,1,multimodal,svm,0.7459802217186483,1,0.6340784342201751,0,-0.11190178749847324,0.11190178749847324,False
P27,shape_sorter_interaction,1,shape_sorter_interaction_s1_69.000,69.0,71.0,valence,1,multimodal,svm,0.6918978055932806,1,0.6925519202853347,1,0.0006541146920541197,0.0006541146920541197,True
P27,shape_sorter_interaction,1,shape_sorter_interaction_s1_70.000,70.0,72.0,valence,1,multimodal,svm,0.6714119551197815,1,0.7175786626009446,1,0.04616670748116314,0.04616670748116314,True
P27,shape_sorter_interaction,1,shape_sorter_interaction_s1_71.000,71.0,73.0,valence,1,multimodal,svm,0.6929290750781774,1,0.6918576632817898,1,-0.001071411796387589,0.001071411796387589,True
P27,shape_sorter_interaction,1,shape_sorter_interaction_s1_72.000,72.0,74.0,valence,1,multimodal,svm,0.690981177405894,1,0.6929481682291669,1,0.001966990823272896,0.001966990823272896,True
P27,shape_sorter_interaction,1,shape_sorter_interaction_s1_73.000,73.0,75.0,valence,1,multimodal,svm,0.6865734770543416,1,0.7430825331451169,1,0.05650905609077528,0.05650905609077528,True
P27,shape_sorter_interaction,1,shape_sorter_interaction_s1_74.000,74.0,76.0,valence,1,multimodal,svm,0.7396598443459378,1,0.7150982095590679,1,-0.0245616347868699,0.0245616347868699,True
P27,shape_sorter_interaction,1,shape_sorter_interaction_s1_75.000,75.0,77.0,valence,1,multimodal,svm,0.6381654374552788,0,0.6398817300445087,0,0.0017162925892298952,0.0017162925892298952,True
P27,shape_sorter_interaction,1,shape_sorter_interaction_s1_76.000,76.0,78.0,valence,1,multimodal,svm,0.6749246520277846,1,0.6400068279632931,0,-0.03491782406449151,0.03491782406449151,False
P27,shape_sorter_interaction,1,shape_sorter_interaction_s1_77.000,77.0,79.0,valence,1,multimodal,svm,0.6898353889225458,1,0.6843742934541556,1,-0.005461095468390242,0.005461095468390242,True
P27,shape_sorter_interaction,1,shape_sorter_interaction_s1_78.000,78.0,80.0,valence,1,multimodal,svm,0.7236947362189615,1,0.7091670520608333,1,-0.014527684158128218,0.014527684158128218,True
P27,shape_sorter_interaction,1,shape_sorter_interaction_s1_79.000,79.0,81.0,valence,1,multimodal,svm,0.6537876887292204,0,0.656897488043404,0,0.0031097993141835367,0.0031097993141835367,True
P27,shape_sorter_interaction,1,shape_sorter_interaction_s1_80.000,80.0,82.0,valence,1,multimodal,svm,0.707617059095105,1,0.7057244403317345,1,-0.001892618763370435,0.001892618763370435,True
P27,shape_sorter_interaction,1,shape_sorter_interaction_s1_81.000,81.0,83.0,valence,1,multimodal,svm,0.7233254429191317,1,0.7052287926706665,1,-0.018096650248465185,0.018096650248465185,True
P27,shape_sorter_interaction,1,shape_sorter_interaction_s1_82.000,82.0,84.0,valence,1,multimodal,svm,0.7173088397093138,1,0.7029642563945886,1,-0.014344583314725212,0.014344583314725212,True
P27,shape_sorter_interaction,1,shape_sorter_interaction_s1_83.000,83.0,85.0,valence,1,multimodal,svm,0.6981475446118304,1,0.7136142170850766,1,0.015466672473246179,0.015466672473246179,True
P27,shape_sorter_interaction,1,shape_sorter_interaction_s1_84.000,84.0,86.0,valence,1,multimodal,svm,0.6844071228572952,1,0.6518873601791626,0,-0.03251976267813261,0.03251976267813261,False
P27,shape_sorter_interaction,1,shape_sorter_interaction_s1_85.000,85.0,87.0,valence,1,multimodal,svm,0.7308105637798803,1,0.6874578777935519,1,-0.043352685986328354,0.043352685986328354,True
P27,shape_sorter_interaction,1,shape_sorter_interaction_s1_86.000,86.0,88.0,valence,1,multimodal,svm,0.6548912143037358,0,0.6009778075759057,0,-0.05391340672783007,0.05391340672783007,True
P27,shape_sorter_interaction,1,shape_sorter_interaction_s1_87.000,87.0,89.0,valence,1,multimodal,svm,0.6400485939103072,0,0.6475121148918567,0,0.007463520981549454,0.007463520981549454,True
P27,shape_sorter_interaction,1,shape_sorter_interaction_s1_88.000,88.0,90.0,valence,1,multimodal,svm,0.686190799964684,1,0.683580546324835,1,-0.002610253639849014,0.002610253639849014,True
P27,shape_sorter_interaction,1,shape_sorter_interaction_s1_89.000,89.0,91.0,valence,1,multimodal,svm,0.6890575622949711,1,0.6929179948969215,1,0.0038604326019504587,0.0038604326019504587,True
P27,shape_sorter_interaction,1,shape_sorter_interaction_s1_90.000,90.0,92.0,valence,1,multimodal,svm,0.7181382798768808,1,0.7026650813329913,1,-0.01547319854388951,0.01547319854388951,True
P27,shape_sorter_interaction,1,shape_sorter_interaction_s1_91.000,91.0,93.0,valence,1,multimodal,svm,0.7505531132850444,1,0.7606835049848196,1,0.010130391699775254,0.010130391699775254,True
P27,shape_sorter_interaction,1,shape_sorter_interaction_s1_92.000,92.0,94.0,valence,1,multimodal,svm,0.7062114890130142,1,0.7100659218047615,1,0.003854432791747242,0.003854432791747242,True
P27,pick_place,1,pick_place_s1_20.000,20.0,22.0,valence,2,eeg,logreg,0.6629048114495658,1,0.6705209126860732,1,0.0076161012365073555,0.0076161012365073555,True
P27,pick_place,1,pick_place_s1_21.000,21.0,23.0,valence,2,eeg,logreg,0.5456528394462963,1,0.5501811860929559,1,0.004528346646659576,0.004528346646659576,True
P27,pick_place,1,pick_place_s1_22.000,22.0,24.0,valence,2,eeg,logreg,0.6638351738064754,1,0.6678661398882968,1,0.004030966081821408,0.004030966081821408,True
P27,pick_place,1,pick_place_s1_23.000,23.0,25.0,valence,2,eeg,logreg,0.6735980223198947,1,0.7091371725387915,1,0.03553915021889675,0.03553915021889675,True
P27,pick_place,1,pick_place_s1_24.000,24.0,26.0,valence,2,eeg,logreg,0.6750279040821513,1,0.6949415460016967,1,0.019913641919545366,0.019913641919545366,True
P27,pick_place,1,pick_place_s1_25.000,25.0,27.0,valence,2,eeg,logreg,0.5942877281870199,1,0.6264319801979326,1,0.032144252010912644,0.032144252010912644,True
P27,pick_place,1,pick_place_s1_26.000,26.0,28.0,valence,2,eeg,logreg,0.5442626699065924,1,0.5494122119477723,1,0.0051495420411799,0.0051495420411799,True
P27,pick_place,1,pick_place_s1_27.000,27.0,29.0,valence,2,eeg,logreg,0.6881787327822286,1,0.6894698092916339,1,0.0012910765094052978,0.0012910765094052978,True
P27,pick_place,1,pick_place_s1_28.000,28.0,30.0,valence,2,eeg,logreg,0.6178691526853372,1,0.6427076864013571,1,0.02483853371601996,0.02483853371601996,True
P27,pick_place,1,pick_place_s1_29.000,29.0,31.0,valence,2,eeg,logreg,0.5430801013260674,1,0.5587382387301872,1,0.01565813740411981,0.01565813740411981,True
P27,pick_place,1,pick_place_s1_30.000,30.0,32.0,valence,2,eeg,logreg,0.5000119333248746,1,0.5162802430093536,1,0.01626830968447901,0.01626830968447901,True
P27,pick_place,1,pick_place_s1_31.000,31.0,33.0,valence,2,eeg,logreg,0.530126391872343,1,0.5263971202549893,1,-0.003729271617353702,0.003729271617353702,True
P27,pick_place,1,pick_place_s1_32.000,32.0,34.0,valence,2,eeg,logreg,0.5847083619966491,1,0.5827636341233701,1,-0.0019447278732790396,0.0019447278732790396,True
P27,pick_place,1,pick_place_s1_33.000,33.0,35.0,valence,2,eeg,logreg,0.5072802125827358,1,0.5571963667698071,1,0.04991615418707129,0.04991615418707129,True
P27,pick_place,1,pick_place_s1_34.000,34.0,36.0,valence,2,eeg,logreg,0.4872389067799542,0,0.47610202025008824,0,-0.011136886529865941,0.011136886529865941,True
P27,pick_place,1,pick_place_s1_35.000,35.0,37.0,valence,2,eeg,logreg,0.469890130849725,0,0.509900368918973,1,0.04001023806924797,0.04001023806924797,False
P27,pick_place,1,pick_place_s1_36.000,36.0,38.0,valence,2,eeg,logreg,0.4969242665880012,0,0.49872140188207464,0,0.0017971352940734375,0.0017971352940734375,True
P27,pick_place,1,pick_place_s1_37.000,37.0,39.0,valence,2,eeg,logreg,0.4961757441157679,0,0.49555109249200313,0,-0.0006246516237647937,0.0006246516237647937,True
P27,pick_place,1,pick_place_s1_38.000,38.0,40.0,valence,2,eeg,logreg,0.4523207227488629,0,0.5287244745436177,1,0.07640375179475478,0.07640375179475478,False
P27,pick_place,1,pick_place_s1_39.000,39.0,41.0,valence,2,eeg,logreg,0.1565144025262163,0,0.18820867165983443,0,0.03169426913361814,0.03169426913361814,True
P27,pick_place,1,pick_place_s1_40.000,40.0,42.0,valence,2,eeg,logreg,0.4253470355397786,0,0.1675632693886618,0,-0.25778376615111676,0.25778376615111676,True
P27,shape_sorter_interaction,1,shape_sorter_interaction_s1_22.000,22.0,24.0,valence,2,eeg,logreg,0.526706855018103,1,0.5380395947783937,1,0.0113327397602907,0.0113327397602907,True
P27,shape_sorter_interaction,1,shape_sorter_interaction_s1_23.000,23.0,25.0,valence,2,eeg,logreg,0.4605399282901282,0,0.502199743873333,1,0.04165981558320481,0.04165981558320481,False
P27,shape_sorter_interaction,1,shape_sorter_interaction_s1_24.000,24.0,26.0,valence,2,eeg,logreg,0.5008640363594045,1,0.5129861631272854,1,0.012122126767880936,0.012122126767880936,True
P27,shape_sorter_interaction,1,shape_sorter_interaction_s1_25.000,25.0,27.0,valence,2,eeg,logreg,0.7191589466175584,1,0.7129794773779287,1,-0.0061794692396297535,0.0061794692396297535,True
P27,shape_sorter_interaction,1,shape_sorter_interaction_s1_26.000,26.0,28.0,valence,2,eeg,logreg,0.6553734898784491,1,0.5974100803700273,1,-0.057963409508421826,0.057963409508421826,True
P27,shape_sorter_interaction,1,shape_sorter_interaction_s1_27.000,27.0,29.0,valence,2,eeg,logreg,0.4175261598220439,0,0.5838067668139182,1,0.1662806069918743,0.1662806069918743,False
P27,shape_sorter_interaction,1,shape_sorter_interaction_s1_28.000,28.0,30.0,valence,2,eeg,logreg,0.1404137859190171,0,0.12208408516249446,0,-0.01832970075652264,0.01832970075652264,True
P27,shape_sorter_interaction,1,shape_sorter_interaction_s1_29.000,29.0,31.0,valence,2,eeg,logreg,0.2880255740064088,0,0.10693896970735697,0,-0.18108660429905185,0.18108660429905185,True
P27,shape_sorter_interaction,1,shape_sorter_interaction_s1_30.000,30.0,32.0,valence,2,eeg,logreg,0.3130702971518818,0,0.3035275435715036,0,-0.009542753580378205,0.009542753580378205,True
P27,shape_sorter_interaction,1,shape_sorter_interaction_s1_31.000,31.0,33.0,valence,2,eeg,logreg,0.3654053050914614,0,0.33218316704329215,0,-0.03322213804816926,0.03322213804816926,True
P27,shape_sorter_interaction,1,shape_sorter_interaction_s1_32.000,32.0,34.0,valence,2,eeg,logreg,0.5299249564548002,1,0.5132655184436011,1,-0.016659438011199068,0.016659438011199068,True
P27,shape_sorter_interaction,1,shape_sorter_interaction_s1_33.000,33.0,35.0,valence,2,eeg,logreg,0.5474347792247756,1,0.5533906953050522,1,0.00595591608027668,0.00595591608027668,True
P27,shape_sorter_interaction,1,shape_sorter_interaction_s1_34.000,34.0,36.0,valence,2,eeg,logreg,0.6385031520114559,1,0.6371512542974161,1,-0.0013518977140397626,0.0013518977140397626,True
P27,shape_sorter_interaction,1,shape_sorter_interaction_s1_35.000,35.0,37.0,valence,2,eeg,logreg,0.6302948519296495,1,0.6600746550640094,1,0.029779803134359906,0.029779803134359906,True
P27,shape_sorter_interaction,1,shape_sorter_interaction_s1_36.000,36.0,38.0,valence,2,eeg,logreg,0.5880974235038178,1,0.6382589916408076,1,0.0501615681369898,0.0501615681369898,True
P27,shape_sorter_interaction,1,shape_sorter_interaction_s1_37.000,37.0,39.0,valence,2,eeg,logreg,0.5019199064880961,1,0.5051813989952699,1,0.00326149250717378,0.00326149250717378,True
P27,shape_sorter_interaction,1,shape_sorter_interaction_s1_38.000,38.0,40.0,valence,2,eeg,logreg,0.5736943786672629,1,0.4869972937964733,0,-0.08669708487078964,0.08669708487078964,False
P27,shape_sorter_interaction,1,shape_sorter_interaction_s1_39.000,39.0,41.0,valence,2,eeg,logreg,0.6740395121039658,1,0.7287079573386366,1,0.05466844523467074,0.05466844523467074,True
P27,shape_sorter_interaction,1,shape_sorter_interaction_s1_40.000,40.0,42.0,valence,2,eeg,logreg,0.5811379321679147,1,0.6102018104517996,1,0.029063878283884903,0.029063878283884903,True
P27,shape_sorter_interaction,1,shape_sorter_interaction_s1_41.000,41.0,43.0,valence,2,eeg,logreg,0.4911484964967784,0,0.5314638589054453,1,0.040315362408666955,0.040315362408666955,False
P27,shape_sorter_interaction,1,shape_sorter_interaction_s1_42.000,42.0,44.0,valence,2,eeg,logreg,0.4771300907001998,0,0.49931514442714314,0,0.02218505372694335,0.02218505372694335,True
P27,shape_sorter_interaction,1,shape_sorter_interaction_s1_43.000,43.0,45.0,valence,2,eeg,logreg,0.6237742888621929,1,0.6320241098630494,1,0.008249821000856472,0.008249821000856472,True
P27,shape_sorter_interaction,1,shape_sorter_interaction_s1_44.000,44.0,46.0,valence,2,eeg,logreg,0.5882659186132909,1,0.606954474861404,1,0.018688556248113053,0.018688556248113053,True
P27,shape_sorter_interaction,1,shape_sorter_interaction_s1_45.000,45.0,47.0,valence,2,eeg,logreg,0.3741040227592973,0,0.4871549354976532,0,0.11305091273835588,0.11305091273835588,True
P27,shape_sorter_interaction,1,shape_sorter_interaction_s1_46.000,46.0,48.0,valence,2,eeg,logreg,0.1962082999439549,0,0.18648267849322603,0,-0.00972562145072886,0.00972562145072886,True
P27,shape_sorter_interaction,1,shape_sorter_interaction_s1_47.000,47.0,49.0,valence,2,eeg,logreg,0.4398703024097747,0,0.3587285956454154,0,-0.08114170676435928,0.08114170676435928,True
P27,shape_sorter_interaction,1,shape_sorter_interaction_s1_48.000,48.0,50.0,valence,2,eeg,logreg,0.3819885633760332,0,0.4250860019662284,0,0.043097438590195214,0.043097438590195214,True
P27,shape_sorter_interaction,1,shape_sorter_interaction_s1_49.000,49.0,51.0,valence,2,eeg,logreg,0.4180687565951295,0,0.3796770241069861,0,-0.03839173248814337,0.03839173248814337,True
P27,shape_sorter_interaction,1,shape_sorter_interaction_s1_50.000,50.0,52.0,valence,2,eeg,logreg,0.4743806910352575,0,0.5270442879543196,1,0.05266359691906208,0.05266359691906208,False
P27,shape_sorter_interaction,1,shape_sorter_interaction_s1_51.000,51.0,53.0,valence,2,eeg,logreg,0.3784407339765191,0,0.34697502226890925,0,-0.03146571170760987,0.03146571170760987,True
P27,shape_sorter_interaction,1,shape_sorter_interaction_s1_52.000,52.0,54.0,valence,2,eeg,logreg,0.5324657421327408,1,0.4287434373408866,0,-0.10372230479185418,0.10372230479185418,False
P27,shape_sorter_interaction,1,shape_sorter_interaction_s1_53.000,53.0,55.0,valence,2,eeg,logreg,0.7287106400958316,1,0.7153332431846517,1,-0.013377396911179895,0.013377396911179895,True
P27,shape_sorter_interaction,1,shape_sorter_interaction_s1_54.000,54.0,56.0,valence,2,eeg,logreg,0.7587082903946752,1,0.7782389774573194,1,0.01953068706264416,0.01953068706264416,True
P27,shape_sorter_interaction,1,shape_sorter_interaction_s1_55.000,55.0,57.0,valence,2,eeg,logreg,0.5415259543613835,1,0.5878485972457035,1,0.046322642884319976,0.046322642884319976,True
P27,shape_sorter_interaction,1,shape_sorter_interaction_s1_56.000,56.0,58.0,valence,2,eeg,logreg,0.5518670757022838,1,0.5975038186300684,1,0.045636742927784635,0.045636742927784635,True
P27,shape_sorter_interaction,1,shape_sorter_interaction_s1_57.000,57.0,59.0,valence,2,eeg,logreg,0.4675648139130645,0,0.5127330019284309,1,0.04516818801536637,0.04516818801536637,False
P27,shape_sorter_interaction,1,shape_sorter_interaction_s1_58.000,58.0,60.0,valence,2,eeg,logreg,0.4332477842479993,0,0.47069921156350414,0,0.037451427315504826,0.037451427315504826,True
P27,shape_sorter_interaction,1,shape_sorter_interaction_s1_59.000,59.0,61.0,valence,2,eeg,logreg,0.5132881918259503,1,0.5182664528580219,1,0.0049782610320715515,0.0049782610320715515,True
P27,shape_sorter_interaction,1,shape_sorter_interaction_s1_60.000,60.0,62.0,valence,2,eeg,logreg,0.5250441789789216,1,0.5668745086326288,1,0.04183032965370714,0.04183032965370714,True
P27,shape_sorter_interaction,1,shape_sorter_interaction_s1_61.000,61.0,63.0,valence,2,eeg,logreg,0.5637690565615924,1,0.5715185311103704,1,0.007749474548778057,0.007749474548778057,True
P27,shape_sorter_interaction,1,shape_sorter_interaction_s1_62.000,62.0,64.0,valence,2,eeg,logreg,0.6347342309549162,1,0.6726856279997572,1,0.03795139704484096,0.03795139704484096,True
P27,shape_sorter_interaction,1,shape_sorter_interaction_s1_63.000,63.0,65.0,valence,2,eeg,logreg,0.5697742436705203,1,0.6081296343827324,1,0.038355390712212056,0.038355390712212056,True
P27,shape_sorter_interaction,1,shape_sorter_interaction_s1_64.000,64.0,66.0,valence,2,eeg,logreg,0.7083112677644189,1,0.7086118272389783,1,0.00030055947455942533,0.00030055947455942533,True
P27,shape_sorter_interaction,1,shape_sorter_interaction_s1_65.000,65.0,67.0,valence,2,eeg,logreg,0.4854091159847407,0,0.5087641330311452,1,0.023355017046404525,0.023355017046404525,False
P27,shape_sorter_interaction,1,shape_sorter_interaction_s1_66.000,66.0,68.0,valence,2,eeg,logreg,0.2169702931824333,0,0.33794185831167123,0,0.12097156512923793,0.12097156512923793,True
P27,shape_sorter_interaction,1,shape_sorter_interaction_s1_67.000,67.0,69.0,valence,2,eeg,logreg,0.2374412449067931,0,0.2463890983017342,0,0.008947853394941085,0.008947853394941085,True
P27,shape_sorter_interaction,1,shape_sorter_interaction_s1_68.000,68.0,70.0,valence,2,eeg,logreg,0.4810862001221087,0,0.428203588614991,0,-0.05288261150711765,0.05288261150711765,True
P27,shape_sorter_interaction,1,shape_sorter_interaction_s1_69.000,69.0,71.0,valence,2,eeg,logreg,0.2748296016515963,0,0.2779555345591892,0,0.0031259329075928877,0.0031259329075928877,True
P27,shape_sorter_interaction,1,shape_sorter_interaction_s1_70.000,70.0,72.0,valence,2,eeg,logreg,0.5208505734795947,1,0.39047636197103053,0,-0.1303742115085642,0.1303742115085642,False
P27,shape_sorter_interaction,1,shape_sorter_interaction_s1_71.000,71.0,73.0,valence,2,eeg,logreg,0.247282916213415,0,0.2964191608962606,0,0.04913624468284558,0.04913624468284558,True
P27,shape_sorter_interaction,1,shape_sorter_interaction_s1_72.000,72.0,74.0,valence,2,eeg,logreg,0.3079886306175077,0,0.24396315321965656,0,-0.06402547739785114,0.06402547739785114,True
P27,shape_sorter_interaction,1,shape_sorter_interaction_s1_73.000,73.0,75.0,valence,2,eeg,logreg,0.4362750728145542,0,0.40896971996922127,0,-0.02730535284533292,0.02730535284533292,True
P27,shape_sorter_interaction,1,shape_sorter_interaction_s1_74.000,74.0,76.0,valence,2,eeg,logreg,0.5754026540852426,1,0.5839317190523499,1,0.008529064967107258,0.008529064967107258,True
P27,shape_sorter_interaction,1,shape_sorter_interaction_s1_75.000,75.0,77.0,valence,2,eeg,logreg,0.5488688336223625,1,0.5546695680829924,1,0.005800734460629897,0.005800734460629897,True
P27,shape_sorter_interaction,1,shape_sorter_interaction_s1_76.000,76.0,78.0,valence,2,eeg,logreg,0.5005916533512991,1,0.5169891373205716,1,0.01639748396927254,0.01639748396927254,True
P27,shape_sorter_interaction,1,shape_sorter_interaction_s1_77.000,77.0,79.0,valence,2,eeg,logreg,0.5726517288844518,1,0.588136698003962,1,0.015484969119510139,0.015484969119510139,True
P27,shape_sorter_interaction,1,shape_sorter_interaction_s1_78.000,78.0,80.0,valence,2,eeg,logreg,0.6937688891934242,1,0.7120931421199915,1,0.018324252926567364,0.018324252926567364,True
P27,shape_sorter_interaction,1,shape_sorter_interaction_s1_79.000,79.0,81.0,valence,2,eeg,logreg,0.4110716268031112,0,0.4868369840682351,0,0.0757653572651239,0.0757653572651239,True
P27,shape_sorter_interaction,1,shape_sorter_interaction_s1_80.000,80.0,82.0,valence,2,eeg,logreg,0.4646224406141346,0,0.49817627972818657,0,0.033553839114051964,0.033553839114051964,True
P27,shape_sorter_interaction,1,shape_sorter_interaction_s1_81.000,81.0,83.0,valence,2,eeg,logreg,0.5643002176499938,1,0.6035330232520546,1,0.03923280560206077,0.03923280560206077,True
P27,shape_sorter_interaction,1,shape_sorter_interaction_s1_82.000,82.0,84.0,valence,2,eeg,logreg,0.582711175683912,1,0.6125856565697397,1,0.02987448088582778,0.02987448088582778,True
P27,shape_sorter_interaction,1,shape_sorter_interaction_s1_83.000,83.0,85.0,valence,2,eeg,logreg,0.5893647411464534,1,0.6183705957572095,1,0.02900585461075611,0.02900585461075611,True
P27,shape_sorter_interaction,1,shape_sorter_interaction_s1_84.000,84.0,86.0,valence,2,eeg,logreg,0.6155036700359721,1,0.6161099435732202,1,0.0006062735372481809,0.0006062735372481809,True
P27,shape_sorter_interaction,1,shape_sorter_interaction_s1_85.000,85.0,87.0,valence,2,eeg,logreg,0.6855035701430027,1,0.6395406523126144,1,-0.045962917830388306,0.045962917830388306,True
P27,shape_sorter_interaction,1,shape_sorter_interaction_s1_86.000,86.0,88.0,valence,2,eeg,logreg,0.2916632956346264,0,0.3624791922246198,0,0.07081589658999338,0.07081589658999338,True
P27,shape_sorter_interaction,1,shape_sorter_interaction_s1_87.000,87.0,89.0,valence,2,eeg,logreg,0.3558307670038031,0,0.35067684474502664,0,-0.005153922258776478,0.005153922258776478,True
P27,shape_sorter_interaction,1,shape_sorter_interaction_s1_88.000,88.0,90.0,valence,2,eeg,logreg,0.1490522628783284,0,0.1746583864710856,0,0.025606123592757213,0.025606123592757213,True
P27,shape_sorter_interaction,1,shape_sorter_interaction_s1_89.000,89.0,91.0,valence,2,eeg,logreg,0.1925952354849131,0,0.1267171602271302,0,-0.06587807525778291,0.06587807525778291,True
P27,shape_sorter_interaction,1,shape_sorter_interaction_s1_90.000,90.0,92.0,valence,2,eeg,logreg,0.6293554557485224,1,0.611943629445342,1,-0.01741182630318039,0.01741182630318039,True
P27,shape_sorter_interaction,1,shape_sorter_interaction_s1_91.000,91.0,93.0,valence,2,eeg,logreg,0.5464198404846171,1,0.5635549575231334,1,0.017135117038516334,0.017135117038516334,True
P27,shape_sorter_interaction,1,shape_sorter_interaction_s1_92.000,92.0,94.0,valence,2,eeg,logreg,0.4069074203176513,0,0.4376191655492205,0,0.030711745231569165,0.030711745231569165,True
P27,shape_sorter_interaction,1,shape_sorter_interaction_s1_93.000,93.0,95.0,valence,2,eeg,logreg,0.4266239993913002,0,0.48359542993907895,0,0.056971430547778756,0.056971430547778756,True
P27,shape_sorter_interaction,1,shape_sorter_interaction_s1_94.000,94.0,96.0,valence,2,eeg,logreg,0.3906957801844216,0,0.3555860584660211,0,-0.03510972171840049,0.03510972171840049,True
P27,shape_sorter_observation,1,shape_sorter_observation_s1_21.000,21.0,23.0,valence,2,eeg,logreg,0.4731174907199523,0,0.47883504059983184,0,0.0057175498798795465,0.0057175498798795465,True
P27,shape_sorter_observation,1,shape_sorter_observation_s1_22.000,22.0,24.0,valence,2,eeg,logreg,0.4443795197002799,0,0.4463755214419909,0,0.0019960017417109954,0.0019960017417109954,True
P27,shape_sorter_observation,1,shape_sorter_observation_s1_23.000,23.0,25.0,valence,2,eeg,logreg,0.4700962263611212,0,0.4713812546005697,0,0.0012850282394484824,0.0012850282394484824,True
P27,shape_sorter_observation,1,shape_sorter_observation_s1_24.000,24.0,26.0,valence,2,eeg,logreg,0.5513479555555095,1,0.5794503869834936,1,0.028102431427984076,0.028102431427984076,True
P27,shape_sorter_observation,1,shape_sorter_observation_s1_25.000,25.0,27.0,valence,2,eeg,logreg,0.520594101656512,1,0.5288366299540274,1,0.008242528297515372,0.008242528297515372,True
P27,shape_sorter_observation,1,shape_sorter_observation_s1_26.000,26.0,28.0,valence,2,eeg,logreg,0.4776243927924833,0,0.48373986273051706,0,0.006115469938033746,0.006115469938033746,True
P27,shape_sorter_observation,1,shape_sorter_observation_s1_27.000,27.0,29.0,valence,2,eeg,logreg,0.603184431575568,1,0.6003025014822871,1,-0.00288193009328086,0.00288193009328086,True
P27,shape_sorter_observation,1,shape_sorter_observation_s1_28.000,28.0,30.0,valence,2,eeg,logreg,0.6400099690175123,1,0.6611616609907092,1,0.021151691973196884,0.021151691973196884,True
P27,shape_sorter_observation,1,shape_sorter_observation_s1_29.000,29.0,31.0,valence,2,eeg,logreg,0.5980056704730683,1,0.6431099898002859,1,0.04510431932721759,0.04510431932721759,True
P27,shape_sorter_observation,1,shape_sorter_observation_s1_30.000,30.0,32.0,valence,2,eeg,logreg,0.5009418618775878,1,0.5240593127553292,1,0.02311745087774142,0.02311745087774142,True
P27,shape_sorter_observation,1,shape_sorter_observation_s1_31.000,31.0,33.0,valence,2,eeg,logreg,0.5674716789235738,1,0.5632109745062913,1,-0.004260704417282435,0.004260704417282435,True
P27,shape_sorter_observation,1,shape_sorter_observation_s1_32.000,32.0,34.0,valence,2,eeg,logreg,0.6342184921072315,1,0.6378465161379959,1,0.003628024030764454,0.003628024030764454,True
P27,shape_sorter_observation,1,shape_sorter_observation_s1_33.000,33.0,35.0,valence,2,eeg,logreg,0.5977018721301608,1,0.6215070967267736,1,0.02380522459661283,0.02380522459661283,True
P27,shape_sorter_observation,1,shape_sorter_observation_s1_34.000,34.0,36.0,valence,2,eeg,logreg,0.6041966287879077,1,0.6166445606610731,1,0.012447931873165397,0.012447931873165397,True
P27,shape_sorter_observation,1,shape_sorter_observation_s1_35.000,35.0,37.0,valence,2,eeg,logreg,0.6512103495589292,1,0.6681029503179323,1,0.016892600759003118,0.016892600759003118,True
P27,shape_sorter_observation,1,shape_sorter_observation_s1_36.000,36.0,38.0,valence,2,eeg,logreg,0.504399659426403,1,0.5516783756067206,1,0.04727871618031765,0.04727871618031765,True
P27,shape_sorter_observation,1,shape_sorter_observation_s1_37.000,37.0,39.0,valence,2,eeg,logreg,0.5477669848938251,1,0.5754653155079092,1,0.02769833061408411,0.02769833061408411,True
P27,shape_sorter_observation,1,shape_sorter_observation_s1_38.000,38.0,40.0,valence,2,eeg,logreg,0.5707307758730595,1,0.5715640469166046,1,0.0008332710435450252,0.0008332710435450252,True
P27,shape_sorter_observation,1,shape_sorter_observation_s1_39.000,39.0,41.0,valence,2,eeg,logreg,0.600831050944428,1,0.5777237612941076,1,-0.023107289650320384,0.023107289650320384,True
P27,shape_sorter_observation,1,shape_sorter_observation_s1_40.000,40.0,42.0,valence,2,eeg,logreg,0.6522533769614001,1,0.6628346109413309,1,0.010581233979930826,0.010581233979930826,True
P27,shape_sorter_observation,1,shape_sorter_observation_s1_41.000,41.0,43.0,valence,2,eeg,logreg,0.6206916267356029,1,0.6542862656755282,1,0.033594638939925314,0.033594638939925314,True
P27,shape_sorter_observation,1,shape_sorter_observation_s1_42.000,42.0,44.0,valence,2,eeg,logreg,0.6746557673450124,1,0.6855528365443984,1,0.010897069199385934,0.010897069199385934,True
P27,shape_sorter_observation,1,shape_sorter_observation_s1_43.000,43.0,45.0,valence,2,eeg,logreg,0.5631443668133671,1,0.6023117427644653,1,0.039167375951098204,0.039167375951098204,True
P27,shape_sorter_observation,1,shape_sorter_observation_s1_44.000,44.0,46.0,valence,2,eeg,logreg,0.5028981490530527,1,0.5145552772124625,1,0.01165712815940978,0.01165712815940978,True
P27,shape_sorter_observation,1,shape_sorter_observation_s1_45.000,45.0,47.0,valence,2,eeg,logreg,0.6682776153251914,1,0.6470199524204515,1,-0.02125766290473985,0.02125766290473985,True
P27,shape_sorter_observation,1,shape_sorter_observation_s1_46.000,46.0,48.0,valence,2,eeg,logreg,0.602726226646487,1,0.6174524356955212,1,0.014726209049034211,0.014726209049034211,True
P27,shape_sorter_observation,1,shape_sorter_observation_s1_47.000,47.0,49.0,valence,2,eeg,logreg,0.4814448251571773,0,0.48366307501861244,0,0.002218249861435151,0.002218249861435151,True
P27,shape_sorter_observation,1,shape_sorter_observation_s1_48.000,48.0,50.0,valence,2,eeg,logreg,0.547337744781287,1,0.5610972453051034,1,0.01375950052381636,0.01375950052381636,True
P27,shape_sorter_observation,1,shape_sorter_observation_s1_49.000,49.0,51.0,valence,2,eeg,logreg,0.5955408197175782,1,0.6144726928866064,1,0.018931873169028224,0.018931873169028224,True
P27,shape_sorter_observation,1,shape_sorter_observation_s1_50.000,50.0,52.0,valence,2,eeg,logreg,0.5040149707376774,1,0.5106086653208864,1,0.00659369458320902,0.00659369458320902,True
P27,shape_sorter_observation,1,shape_sorter_observation_s1_51.000,51.0,53.0,valence,2,eeg,logreg,0.5830259557768213,1,0.5817495209953534,1,-0.0012764347814678834,0.0012764347814678834,True
P27,shape_sorter_observation,1,shape_sorter_observation_s1_52.000,52.0,54.0,valence,2,eeg,logreg,0.4896230101346265,0,0.519300463352334,1,0.02967745321770754,0.02967745321770754,False
P27,shape_sorter_observation,1,shape_sorter_observation_s1_53.000,53.0,55.0,valence,2,eeg,logreg,0.5963505934656697,1,0.6159004539993338,1,0.019549860533664143,0.019549860533664143,True
P27,shape_sorter_observation,1,shape_sorter_observation_s1_54.000,54.0,56.0,valence,2,eeg,logreg,0.5668952086710047,1,0.5506491811424287,1,-0.016246027528576068,0.016246027528576068,True
P27,shape_sorter_observation,1,shape_sorter_observation_s1_55.000,55.0,57.0,valence,2,eeg,logreg,0.6642495802681088,1,0.6453760709397605,1,-0.018873509328348304,0.018873509328348304,True
P27,shape_sorter_observation,1,shape_sorter_observation_s1_56.000,56.0,58.0,valence,2,eeg,logreg,0.5367706520778772,1,0.5566419867472713,1,0.01987133466939406,0.01987133466939406,True
P27,shape_sorter_observation,1,shape_sorter_observation_s1_57.000,57.0,59.0,valence,2,eeg,logreg,0.4942982975015163,0,0.43895932608579197,0,-0.05533897141572436,0.05533897141572436,True
P27,shape_sorter_observation,1,shape_sorter_observation_s1_58.000,58.0,60.0,valence,2,eeg,logreg,0.5486507162883765,1,0.5279497507563569,1,-0.02070096553201961,0.02070096553201961,True
P27,shape_sorter_observation,1,shape_sorter_observation_s1_59.000,59.0,61.0,valence,2,eeg,logreg,0.619883159266181,1,0.6999601117651907,1,0.0800769524990097,0.0800769524990097,True
P27,sisyphus,1,sisyphus_s1_100.000,100.0,102.0,valence,2,eeg,logreg,0.4189541563033558,0,0.4955353653308242,0,0.0765812090274684,0.0765812090274684,True
P27,sisyphus,1,sisyphus_s1_101.000,101.0,103.0,valence,2,eeg,logreg,0.0780721575722024,0,0.10231911858574302,0,0.024246961013540624,0.024246961013540624,True
P27,sisyphus,1,sisyphus_s1_102.000,102.0,104.0,valence,2,eeg,logreg,0.0754679217691938,0,0.0490787548200475,0,-0.026389166949146302,0.026389166949146302,True
P27,sisyphus,1,sisyphus_s1_103.000,103.0,105.0,valence,2,eeg,logreg,0.000123840198911,0,0.007741459500887333,0,0.007617619301976334,0.007617619301976334,True
P27,sisyphus,1,sisyphus_s1_104.000,104.0,106.0,valence,2,eeg,logreg,1.821926580637049e-10,0,1.84642685434363e-11,0,-1.637283895202686e-10,1.637283895202686e-10,True
P27,sisyphus,1,sisyphus_s1_105.000,105.0,107.0,valence,2,eeg,logreg,0.3411094053908343,0,0.022761410870089482,0,-0.3183479945207448,0.3183479945207448,True
P27,sisyphus,1,sisyphus_s1_106.000,106.0,108.0,valence,2,eeg,logreg,0.7041529613696453,1,0.6498946024585208,1,-0.054258358911124516,0.054258358911124516,True
P27,sisyphus,1,sisyphus_s1_107.000,107.0,109.0,valence,2,eeg,logreg,0.677521366087421,1,0.687452368273487,1,0.009931002186066018,0.009931002186066018,True
P27,sisyphus,1,sisyphus_s1_108.000,108.0,110.0,valence,2,eeg,logreg,0.5386197113443677,1,0.6488427403489512,1,0.11022302900458347,0.11022302900458347,True
P27,sisyphus,1,sisyphus_s1_109.000,109.0,111.0,valence,2,eeg,logreg,0.1333626491525898,0,0.1657654620925434,0,0.03240281293995359,0.03240281293995359,True
P27,sisyphus,1,sisyphus_s1_110.000,110.0,112.0,valence,2,eeg,logreg,0.1657196347240584,0,0.1670525701857824,0,0.0013329354617239997,0.0013329354617239997,True
P27,sisyphus,1,sisyphus_s1_111.000,111.0,113.0,valence,2,eeg,logreg,6.604094253840793e-27,0,5.852796219660358e-24,0,5.846192125406517e-24,5.846192125406517e-24,True
P27,sisyphus,1,sisyphus_s1_112.000,112.0,114.0,valence,2,eeg,logreg,0.0001323286003368,0,1.4181577609784227e-12,0,-0.00013232859891864222,0.00013232859891864222,True
P27,sisyphus,1,sisyphus_s1_113.000,113.0,115.0,valence,2,eeg,logreg,0.0001690922553462,0,0.00014761978469838327,0,-2.1472470647816727e-05,2.1472470647816727e-05,True
P27,sisyphus,1,sisyphus_s1_114.000,114.0,116.0,valence,2,eeg,logreg,0.2226657748181018,0,0.018471564676221186,0,-0.2041942101418806,0.2041942101418806,True
P27,sisyphus,1,sisyphus_s1_115.000,115.0,117.0,valence,2,eeg,logreg,0.5239958470344934,1,0.5852235925664688,1,0.06122774553197541,0.06122774553197541,True
P27,sisyphus,1,sisyphus_s1_116.000,116.0,118.0,valence,2,eeg,logreg,0.5755357483835559,1,0.5858059598866164,1,0.010270211503060511,0.010270211503060511,True
P27,sisyphus,1,sisyphus_s1_117.000,117.0,119.0,valence,2,eeg,logreg,0.517598652112272,1,0.638879385936919,1,0.12128073382464699,0.12128073382464699,True
P27,sisyphus,1,sisyphus_s1_118.000,118.0,120.0,valence,2,eeg,logreg,0.3141363265653593,0,0.425731436777288,0,0.1115951102119287,0.1115951102119287,True
P27,sisyphus,1,sisyphus_s1_119.000,119.0,121.0,valence,2,eeg,logreg,0.5336210887775146,1,0.4543500873458871,0,-0.07927100143162746,0.07927100143162746,False
P27,sisyphus,1,sisyphus_s1_120.000,120.0,122.0,valence,2,eeg,logreg,0.6102631360299067,1,0.5695143638238396,1,-0.040748772206067096,0.040748772206067096,True
P27,sisyphus,1,sisyphus_s1_121.000,121.0,123.0,valence,2,eeg,logreg,0.6620203235628928,1,0.7224626573812583,1,0.0604423338183655,0.0604423338183655,True
P27,sisyphus,1,sisyphus_s1_122.000,122.0,124.0,valence,2,eeg,logreg,0.726007810815795,1,0.7752106299085361,1,0.049202819092741046,0.049202819092741046,True
P27,sisyphus,1,sisyphus_s1_123.000,123.0,125.0,valence,2,eeg,logreg,0.7569068578834552,1,0.7765067383659878,1,0.019599880482532583,0.019599880482532583,True
P27,sisyphus,1,sisyphus_s1_124.000,124.0,126.0,valence,2,eeg,logreg,0.7487229555238153,1,0.7763188307825473,1,0.027595875258731972,0.027595875258731972,True
P27,sisyphus,1,sisyphus_s1_125.000,125.0,127.0,valence,2,eeg,logreg,0.6189797574867199,1,0.6558499438401775,1,0.036870186353457624,0.036870186353457624,True
P27,sisyphus,1,sisyphus_s1_126.000,126.0,128.0,valence,2,eeg,logreg,0.7323560435604188,1,0.7499898064184931,1,0.017633762858074276,0.017633762858074276,True
P27,sisyphus,1,sisyphus_s1_22.000,22.0,24.0,valence,2,eeg,logreg,0.5983529485550402,1,0.5740385443468387,1,-0.024314404208201523,0.024314404208201523,True
P27,sisyphus,1,sisyphus_s1_23.000,23.0,25.0,valence,2,eeg,logreg,0.489557774013628,0,0.5067453991931616,1,0.01718762517953365,0.01718762517953365,False
P27,sisyphus,1,sisyphus_s1_24.000,24.0,26.0,valence,2,eeg,logreg,0.4444567566733602,0,0.4781443555306689,0,0.03368759885730871,0.03368759885730871,True
P27,sisyphus,1,sisyphus_s1_25.000,25.0,27.0,valence,2,eeg,logreg,6.457385693717148e-18,0,6.986938329218581e-15,0,6.980480943524863e-15,6.980480943524863e-15,True
P27,sisyphus,1,sisyphus_s1_26.000,26.0,28.0,valence,2,eeg,logreg,2.505810263927052e-18,0,2.206922902021426e-20,0,-2.483741034906838e-18,2.483741034906838e-18,True
P27,sisyphus,1,sisyphus_s1_27.000,27.0,29.0,valence,2,eeg,logreg,0.2920806619415443,0,0.03117148895460587,0,-0.26090917298693844,0.26090917298693844,True
P27,sisyphus,1,sisyphus_s1_28.000,28.0,30.0,valence,2,eeg,logreg,0.3834860691262517,0,0.3231910320119641,0,-0.06029503711428763,0.06029503711428763,True
P27,sisyphus,1,sisyphus_s1_29.000,29.0,31.0,valence,2,eeg,logreg,0.5975047170221576,1,0.5475531060746193,1,-0.049951610947538305,0.049951610947538305,True
P27,sisyphus,1,sisyphus_s1_30.000,30.0,32.0,valence,2,eeg,logreg,0.4742654254032165,0,0.4957362918226809,0,0.02147086641946444,0.02147086641946444,True
P27,sisyphus,1,sisyphus_s1_31.000,31.0,33.0,valence,2,eeg,logreg,0.394622656736025,0,0.40165459212614935,0,0.007031935390124366,0.007031935390124366,True
P27,sisyphus,1,sisyphus_s1_32.000,32.0,34.0,valence,2,eeg,logreg,0.5189225963468947,1,0.46859055782063347,0,-0.05033203852626128,0.05033203852626128,False
P27,sisyphus,1,sisyphus_s1_33.000,33.0,35.0,valence,2,eeg,logreg,0.5771685818048459,1,0.5876030022785729,1,0.010434420473727002,0.010434420473727002,True
P27,sisyphus,1,sisyphus_s1_34.000,34.0,36.0,valence,2,eeg,logreg,0.6375410789778261,1,0.6526083680777801,1,0.015067289099954029,0.015067289099954029,True
P27,sisyphus,1,sisyphus_s1_35.000,35.0,37.0,valence,2,eeg,logreg,0.5544488170360561,1,0.5743082589786677,1,0.019859441942611578,0.019859441942611578,True
P27,sisyphus,1,sisyphus_s1_36.000,36.0,38.0,valence,2,eeg,logreg,0.5698255429864122,1,0.5885586759696144,1,0.018733132983202228,0.018733132983202228,True
P27,sisyphus,1,sisyphus_s1_37.000,37.0,39.0,valence,2,eeg,logreg,0.7313512488015605,1,0.7372908295226984,1,0.0059395807211378715,0.0059395807211378715,True
P27,sisyphus,1,sisyphus_s1_38.000,38.0,40.0,valence,2,eeg,logreg,0.6257506774455717,1,0.6569964308091951,1,0.031245753363623452,0.031245753363623452,True
P27,sisyphus,1,sisyphus_s1_39.000,39.0,41.0,valence,2,eeg,logreg,0.506979055657513,1,0.5570283449154012,1,0.05004928925788821,0.05004928925788821,True
P27,sisyphus,1,sisyphus_s1_40.000,40.0,42.0,valence,2,eeg,logreg,0.0007459338367358,0,0.09804404150417088,0,0.09729810766743509,0.09729810766743509,True
P27,sisyphus,1,sisyphus_s1_41.000,41.0,43.0,valence,2,eeg,logreg,2.0334832721114267e-06,0,1.2134538135961722e-07,0,-1.9121378907518094e-06,1.9121378907518094e-06,True
P27,sisyphus,1,sisyphus_s1_42.000,42.0,44.0,valence,2,eeg,logreg,0.3487108351411412,0,0.03143498728574139,0,-0.3172758478553998,0.3172758478553998,True
P27,sisyphus,1,sisyphus_s1_43.000,43.0,45.0,valence,2,eeg,logreg,0.6843464050161556,1,0.6499800292430254,1,-0.034366375773130176,0.034366375773130176,True
P27,sisyphus,1,sisyphus_s1_44.000,44.0,46.0,valence,2,eeg,logreg,0.7276312258205756,1,0.745514307451835,1,0.0178830816312594,0.0178830816312594,True
P27,sisyphus,1,sisyphus_s1_45.000,45.0,47.0,valence,2,eeg,logreg,0.6181358714577128,1,0.6634251727408682,1,0.04528930128315545,0.04528930128315545,True
P27,sisyphus,1,sisyphus_s1_46.000,46.0,48.0,valence,2,eeg,logreg,0.5340903476104822,1,0.549701839733765,1,0.015611492123282722,0.015611492123282722,True
P27,sisyphus,1,sisyphus_s1_47.000,47.0,49.0,valence,2,eeg,logreg,0.5376121902083972,1,0.558515444806947,1,0.020903254598549803,0.020903254598549803,True
P27,sisyphus,1,sisyphus_s1_48.000,48.0,50.0,valence,2,eeg,logreg,0.5058798157427133,1,0.5305794251009681,1,0.02469960935825477,0.02469960935825477,True
P27,sisyphus,1,sisyphus_s1_49.000,49.0,51.0,valence,2,eeg,logreg,0.4924264549690448,0,0.5020867389411319,1,0.00966028397208707,0.00966028397208707,False
P27,sisyphus,1,sisyphus_s1_50.000,50.0,52.0,valence,2,eeg,logreg,0.5149286781457381,1,0.5320361862903373,1,0.01710750814459927,0.01710750814459927,True
P27,sisyphus,1,sisyphus_s1_51.000,51.0,53.0,valence,2,eeg,logreg,0.0868026608026148,0,0.3147912261466353,0,0.2279885653440205,0.2279885653440205,True
P27,sisyphus,1,sisyphus_s1_52.000,52.0,54.0,valence,2,eeg,logreg,0.0219071512298943,0,0.012812640445256391,0,-0.00909451078463791,0.00909451078463791,True
P27,sisyphus,1,sisyphus_s1_53.000,53.0,55.0,valence,2,eeg,logreg,0.393325479195263,0,0.26635559017689914,0,-0.12696988901836387,0.12696988901836387,True
P27,sisyphus,1,sisyphus_s1_54.000,54.0,56.0,valence,2,eeg,logreg,0.4325116044459151,0,0.45831269877617087,0,0.02580109433025579,0.02580109433025579,True
P27,sisyphus,1,sisyphus_s1_55.000,55.0,57.0,valence,2,eeg,logreg,0.4753105461618429,0,0.5027213499498242,1,0.02741080378798133,0.02741080378798133,False
P27,sisyphus,1,sisyphus_s1_56.000,56.0,58.0,valence,2,eeg,logreg,0.4868694973313234,0,0.5222957216946698,1,0.03542622436334636,0.03542622436334636,False
P27,sisyphus,1,sisyphus_s1_57.000,57.0,59.0,valence,2,eeg,logreg,0.4608958493328034,0,0.5289818342766001,1,0.06808598494379664,0.06808598494379664,False
P27,sisyphus,1,sisyphus_s1_58.000,58.0,60.0,valence,2,eeg,logreg,0.0009551643876772,0,0.0146862973833408,0,0.013731132995663599,0.013731132995663599,True
P27,sisyphus,1,sisyphus_s1_59.000,59.0,61.0,valence,2,eeg,logreg,3.695297097420337e-21,0,2.2687702550010477e-19,0,2.2318172840268443e-19,2.2318172840268443e-19,True
P27,sisyphus,1,sisyphus_s1_60.000,60.0,62.0,valence,2,eeg,logreg,1.5389732574244682e-05,0,2.4741137517095302e-15,0,-1.538973257177057e-05,1.538973257177057e-05,True
P27,sisyphus,1,sisyphus_s1_61.000,61.0,63.0,valence,2,eeg,logreg,0.3145291497524468,0,0.1413541275532267,0,-0.17317502219922007,0.17317502219922007,True
P27,sisyphus,1,sisyphus_s1_62.000,62.0,64.0,valence,2,eeg,logreg,0.3501094992494169,0,0.3596418970673221,0,0.009532397817905158,0.009532397817905158,True
P27,sisyphus,1,sisyphus_s1_63.000,63.0,65.0,valence,2,eeg,logreg,0.5492712497725019,1,0.5132932858176313,1,-0.03597796395487052,0.03597796395487052,True
P27,sisyphus,1,sisyphus_s1_64.000,64.0,66.0,valence,2,eeg,logreg,0.5469732110780001,1,0.5092803316442197,1,-0.03769287943378041,0.03769287943378041,True
P27,sisyphus,1,sisyphus_s1_65.000,65.0,67.0,valence,2,eeg,logreg,0.6102112541427337,1,0.6291223556669887,1,0.018911101524255014,0.018911101524255014,True
P27,sisyphus,1,sisyphus_s1_66.000,66.0,68.0,valence,2,eeg,logreg,0.3374142559302233,0,0.4840611161943377,0,0.14664686026411444,0.14664686026411444,True
P27,sisyphus,1,sisyphus_s1_67.000,67.0,69.0,valence,2,eeg,logreg,3.4204471289234682e-09,0,4.877646893880381e-07,0,4.843442422591146e-07,4.843442422591146e-07,True
P27,sisyphus,1,sisyphus_s1_68.000,68.0,70.0,valence,2,eeg,logreg,6.438709237613408e-10,0,4.639725040400883e-11,0,-5.974736733573319e-10,5.974736733573319e-10,True
P27,sisyphus,1,sisyphus_s1_69.000,69.0,71.0,valence,2,eeg,logreg,0.3486934407113263,0,0.0606105344540365,0,-0.28808290625728983,0.28808290625728983,True
P27,sisyphus,1,sisyphus_s1_70.000,70.0,72.0,valence,2,eeg,logreg,0.5139438172434296,1,0.5047198154383695,1,-0.009224001805060111,0.009224001805060111,True
P27,sisyphus,1,sisyphus_s1_71.000,71.0,73.0,valence,2,eeg,logreg,0.5515660286124444,1,0.5566657317126263,1,0.005099703100181929,0.005099703100181929,True
P27,sisyphus,1,sisyphus_s1_72.000,72.0,74.0,valence,2,eeg,logreg,0.4277374770742458,0,0.545408854954972,1,0.11767137788072624,0.11767137788072624,False
P27,sisyphus,1,sisyphus_s1_73.000,73.0,75.0,valence,2,eeg,logreg,3.5425774066374184e-05,0,0.41623280437059845,0,0.41619737859653205,0.41619737859653205,True
P27,sisyphus,1,sisyphus_s1_74.000,74.0,76.0,valence,2,eeg,logreg,2.9761734440252547e-254,0,1.6449101677017942e-219,0,1.6449101677017942e-219,1.6449101677017942e-219,True
P27,sisyphus,1,sisyphus_s1_75.000,75.0,77.0,valence,2,eeg,logreg,4.319054381647141e-20,0,1.5939068275516988e-91,0,-4.319054381647141e-20,4.319054381647141e-20,True
P27,sisyphus,1,sisyphus_s1_76.000,76.0,78.0,valence,2,eeg,logreg,0.3595045540454417,0,0.0003580316265211701,0,-0.35914652241892053,0.35914652241892053,True
P27,sisyphus,1,sisyphus_s1_77.000,77.0,79.0,valence,2,eeg,logreg,0.4446155532858841,0,0.27450857119051114,0,-0.17010698209537295,0.17010698209537295,True
P27,sisyphus,1,sisyphus_s1_78.000,78.0,80.0,valence,2,eeg,logreg,0.6253235644168265,1,0.4530438507075883,0,-0.17227971370923817,0.17227971370923817,False
P27,sisyphus,1,sisyphus_s1_79.000,79.0,81.0,valence,2,eeg,logreg,0.6757142797698673,1,0.6762443018740122,1,0.0005300221041448783,0.0005300221041448783,True
P27,sisyphus,1,sisyphus_s1_80.000,80.0,82.0,valence,2,eeg,logreg,0.4790545245409034,0,0.5640674059106611,1,0.08501288136975765,0.08501288136975765,False
P27,sisyphus,1,sisyphus_s1_81.000,81.0,83.0,valence,2,eeg,logreg,0.0744343715578239,0,0.15530365445295924,0,0.08086928289513534,0.08086928289513534,True
P27,sisyphus,1,sisyphus_s1_82.000,82.0,84.0,valence,2,eeg,logreg,1.359093212208428e-09,0,4.938989253199473e-05,0,4.938853343878252e-05,4.938853343878252e-05,True
P27,sisyphus,1,sisyphus_s1_83.000,83.0,85.0,valence,2,eeg,logreg,3.07048612220094e-14,0,6.470416851336108e-16,0,-3.0057819536875794e-14,3.0057819536875794e-14,True
P27,sisyphus,1,sisyphus_s1_84.000,84.0,86.0,valence,2,eeg,logreg,0.0428161996560661,0,0.007903084177201942,0,-0.034913115478864165,0.034913115478864165,True
P27,sisyphus,1,sisyphus_s1_85.000,85.0,87.0,valence,2,eeg,logreg,2.3517111335743707e-253,0,9.730400057336465e-256,0,-2.3419807335170344e-253,2.3419807335170344e-253,True
P27,sisyphus,1,sisyphus_s1_86.000,86.0,88.0,valence,2,eeg,logreg,2.6136916862503704e-139,0,1.443904261914839e-251,0,-2.6136916862503704e-139,2.6136916862503704e-139,True
P27,sisyphus,1,sisyphus_s1_87.000,87.0,89.0,valence,2,eeg,logreg,0.126790611319651,0,4.783388401783362e-06,0,-0.1267858279312492,0.1267858279312492,True
P27,sisyphus,1,sisyphus_s1_88.000,88.0,90.0,valence,2,eeg,logreg,0.3919410580886658,0,0.3138406873425851,0,-0.07810037074608073,0.07810037074608073,True
P27,sisyphus,1,sisyphus_s1_89.000,89.0,91.0,valence,2,eeg,logreg,0.1688845047444372,0,0.21399440318963234,0,0.04510989844519514,0.04510989844519514,True
P27,sisyphus,1,sisyphus_s1_90.000,90.0,92.0,valence,2,eeg,logreg,0.316387153544674,0,0.20802948211013514,0,-0.10835767143453887,0.10835767143453887,True
P27,sisyphus,1,sisyphus_s1_91.000,91.0,93.0,valence,2,eeg,logreg,0.5429598688980922,1,0.5214460950135912,1,-0.021513773884501042,0.021513773884501042,True
P27,sisyphus,1,sisyphus_s1_92.000,92.0,94.0,valence,2,eeg,logreg,0.3964623109346956,0,0.42593229073974825,0,0.02946997980505267,0.02946997980505267,True
P27,sisyphus,1,sisyphus_s1_93.000,93.0,95.0,valence,2,eeg,logreg,0.6432147462159817,1,0.6490747038129745,1,0.00585995759699276,0.00585995759699276,True
P27,sisyphus,1,sisyphus_s1_94.000,94.0,96.0,valence,2,eeg,logreg,0.5897682640519464,1,0.6309703811440582,1,0.041202117092111856,0.041202117092111856,True
P27,sisyphus,1,sisyphus_s1_95.000,95.0,97.0,valence,2,eeg,logreg,0.4932042869066222,0,0.5289033961673844,1,0.03569910926076214,0.03569910926076214,False
P27,sisyphus,1,sisyphus_s1_96.000,96.0,98.0,valence,2,eeg,logreg,0.5500308520935236,1,0.5483960870185439,1,-0.0016347650749797271,0.0016347650749797271,True
P27,sisyphus,1,sisyphus_s1_97.000,97.0,99.0,valence,2,eeg,logreg,0.6284567535687465,1,0.6486397507566941,1,0.020182997187947582,0.020182997187947582,True
P27,sisyphus,1,sisyphus_s1_98.000,98.0,100.0,valence,2,eeg,logreg,0.5282666269241105,1,0.5024017224099742,1,-0.025864904514136366,0.025864904514136366,True
P27,sisyphus,1,sisyphus_s1_99.000,99.0,101.0,valence,2,eeg,logreg,0.6412868756124591,1,0.6489598709438374,1,0.0076729953313783295,0.0076729953313783295,True
P27,stack,1,stack_s1_21.000,21.0,23.0,valence,2,eeg,logreg,0.5087067812383744,1,0.5074649364444381,1,-0.0012418447939362975,0.0012418447939362975,True
P27,stack,1,stack_s1_22.000,22.0,24.0,valence,2,eeg,logreg,0.5274392134744595,1,0.51712068247306,1,-0.010318531001399567,0.010318531001399567,True
P27,stack,1,stack_s1_23.000,23.0,25.0,valence,2,eeg,logreg,0.4035098591499736,0,0.4085057976780362,0,0.004995938528062571,0.004995938528062571,True
P27,stack,1,stack_s1_24.000,24.0,26.0,valence,2,eeg,logreg,0.5850133621051524,1,0.5836813217142235,1,-0.0013320403909289347,0.0013320403909289347,True
P27,stack,1,stack_s1_25.000,25.0,27.0,valence,2,eeg,logreg,0.6322259645428244,1,0.6332276453912958,1,0.001001680848471409,0.001001680848471409,True
P27,stack,1,stack_s1_26.000,26.0,28.0,valence,2,eeg,logreg,0.6833949427852373,1,0.7011058682548909,1,0.017710925469653582,0.017710925469653582,True
P27,stack,1,stack_s1_27.000,27.0,29.0,valence,2,eeg,logreg,0.4817617250515486,0,0.5405753397085931,1,0.05881361465704449,0.05881361465704449,False
P27,stack,1,stack_s1_28.000,28.0,30.0,valence,2,eeg,logreg,0.3275080151491791,0,0.3509922126737734,0,0.023484197524594297,0.023484197524594297,True
P27,stack,1,stack_s1_29.000,29.0,31.0,valence,2,eeg,logreg,0.4781999793422841,0,0.4512184919856586,0,-0.026981487356625478,0.026981487356625478,True
P27,stack,1,stack_s1_30.000,30.0,32.0,valence,2,eeg,logreg,0.5125745683613779,1,0.5143389322889573,1,0.0017643639275793932,0.0017643639275793932,True
P27,stack,1,stack_s1_31.000,31.0,33.0,valence,2,eeg,logreg,0.664474932581499,1,0.6762677699774188,1,0.011792837395919742,0.011792837395919742,True
P27,stack,1,stack_s1_32.000,32.0,34.0,valence,2,eeg,logreg,0.4661954523690087,0,0.4883255267445347,0,0.022130074375526,0.022130074375526,True
P27,stack,1,stack_s1_33.000,33.0,35.0,valence,2,eeg,logreg,0.4658772552044903,0,0.4782978194594695,0,0.012420564254979172,0.012420564254979172,True
P27,stack,1,stack_s1_34.000,34.0,36.0,valence,2,eeg,logreg,0.3902770022395735,0,0.4082463755512218,0,0.017969373311648273,0.017969373311648273,True
P27,stack,1,stack_s1_35.000,35.0,37.0,valence,2,eeg,logreg,0.4656861672414877,0,0.44573481928135505,0,-0.019951347960132648,0.019951347960132648,True
P27,stack,1,stack_s1_36.000,36.0,38.0,valence,2,eeg,logreg,0.4539589583450961,0,0.4834415380387367,0,0.029482579693640598,0.029482579693640598,True
P27,stack,1,stack_s1_37.000,37.0,39.0,valence,2,eeg,logreg,0.5182586646446294,1,0.512774203259564,1,-0.00548446138506542,0.00548446138506542,True
P27,stack,1,stack_s1_38.000,38.0,40.0,valence,2,eeg,logreg,0.52843855857516,1,0.5389812214631968,1,0.010542662888036847,0.010542662888036847,True
P27,stack,1,stack_s1_39.000,39.0,41.0,valence,2,eeg,logreg,0.4372379705668088,0,0.45628166809625925,0,0.019043697529450454,0.019043697529450454,True
P27,stack,1,stack_s1_40.000,40.0,42.0,valence,2,eeg,logreg,0.5538050853969073,1,0.5127136185694681,1,-0.04109146682743925,0.04109146682743925,True
P27,stack,1,stack_s1_41.000,41.0,43.0,valence,2,eeg,logreg,0.4402243099126269,0,0.47315760687558645,0,0.032933296962959546,0.032933296962959546,True
P27,stack,1,stack_s1_42.000,42.0,44.0,valence,2,eeg,logreg,0.4927277181416626,0,0.5051618402240773,1,0.012434122082414678,0.012434122082414678,False
P27,stack,1,stack_s1_43.000,43.0,45.0,valence,2,eeg,logreg,0.505311873902553,1,0.5102147993616858,1,0.004902925459132734,0.004902925459132734,True
P27,stack,1,stack_s1_44.000,44.0,46.0,valence,2,eeg,logreg,0.5970839004009465,1,0.6061346572119236,1,0.009050756810977112,0.009050756810977112,True
P27,stack,1,stack_s1_45.000,45.0,47.0,valence,2,eeg,logreg,0.5801825403175666,1,0.6142883629000373,1,0.034105822582470746,0.034105822582470746,True
P27,stack,1,stack_s1_46.000,46.0,48.0,valence,2,eeg,logreg,0.5270159145284076,1,0.5738437358432587,1,0.04682782131485108,0.04682782131485108,True
P27,stack,1,stack_s1_47.000,47.0,49.0,valence,2,eeg,logreg,0.3658704290910323,0,0.37199521915354444,0,0.006124790062512153,0.006124790062512153,True
P27,stack,1,stack_s1_48.000,48.0,50.0,valence,2,eeg,logreg,0.5005684059860992,1,0.5316043477943746,1,0.031035941808275402,0.031035941808275402,True
P27,stack,1,stack_s1_49.000,49.0,51.0,valence,2,eeg,logreg,0.6379421579264986,1,0.6427211529265218,1,0.004778995000023212,0.004778995000023212,True
P27,stack,1,stack_s1_50.000,50.0,52.0,valence,2,eeg,logreg,0.7005011451942116,1,0.6799580308066818,1,-0.02054311438752976,0.02054311438752976,True
P27,stack,1,stack_s1_51.000,51.0,53.0,valence,2,eeg,logreg,0.4770958478955652,0,0.4760200697623656,0,-0.0010757781331995897,0.0010757781331995897,True
P27,stack,1,stack_s1_52.000,52.0,54.0,valence,2,eeg,logreg,0.3947203944739603,0,0.3884198630813036,0,-0.006300531392656683,0.006300531392656683,True
P27,stack,1,stack_s1_53.000,53.0,55.0,valence,2,eeg,logreg,0.4814652614152236,0,0.43881250647124026,0,-0.04265275494398335,0.04265275494398335,True
P27,stack,1,stack_s1_54.000,54.0,56.0,valence,2,eeg,logreg,0.5853895082421373,1,0.5968477006005465,1,0.01145819235840917,0.01145819235840917,True
P27,stack,1,stack_s1_55.000,55.0,57.0,valence,2,eeg,logreg,0.5077089577140098,1,0.5411335591668107,1,0.033424601452800906,0.033424601452800906,True
P27,stack,1,stack_s1_56.000,56.0,58.0,valence,2,eeg,logreg,0.4694589459088363,0,0.48305861621628815,0,0.01359967030745185,0.01359967030745185,True
P27,stack,1,stack_s1_57.000,57.0,59.0,valence,2,eeg,logreg,0.5537596955930396,1,0.6054071907151513,1,0.05164749512211164,0.05164749512211164,True
P27,stack,1,stack_s1_58.000,58.0,60.0,valence,2,eeg,logreg,0.0940940623794148,0,0.11077457117199815,0,0.016680508792583357,0.016680508792583357,True
P27,stack,1,stack_s1_59.000,59.0,61.0,valence,2,eeg,logreg,0.1161051233009086,0,0.06280579357906405,0,-0.05329932972184455,0.05329932972184455,True
P27,stack,1,stack_s1_60.000,60.0,62.0,valence,2,eeg,logreg,0.5352051529695748,1,0.48491876919259075,0,-0.05028638377698408,0.05028638377698408,False
P27,stack,1,stack_s1_61.000,61.0,63.0,valence,2,eeg,logreg,0.4549736340185013,0,0.48199882447666975,0,0.027025190458168424,0.027025190458168424,True
P27,stack,1,stack_s1_62.000,62.0,64.0,valence,2,eeg,logreg,0.4850909176925567,0,0.4893918911642789,0,0.004300973471722203,0.004300973471722203,True
P27,stack,1,stack_s1_63.000,63.0,65.0,valence,2,eeg,logreg,0.5070186270786202,1,0.5407180185601347,1,0.03369939148151446,0.03369939148151446,True
P27,stack,1,stack_s1_64.000,64.0,66.0,valence,2,eeg,logreg,0.5059748444337137,1,0.5288070277871071,1,0.02283218335339343,0.02283218335339343,True
P27,stack,1,stack_s1_65.000,65.0,67.0,valence,2,eeg,logreg,0.5397683140975839,1,0.5617697059618944,1,0.022001391864310493,0.022001391864310493,True
P27,stack,1,stack_s1_66.000,66.0,68.0,valence,2,eeg,logreg,0.5365281887092263,1,0.5402059630046012,1,0.0036777742953749692,0.0036777742953749692,True
P27,stack,1,stack_s1_67.000,67.0,69.0,valence,2,eeg,logreg,0.2732873832663096,0,0.3111621928117825,0,0.0378748095454729,0.0378748095454729,True
P27,stack,1,stack_s1_68.000,68.0,70.0,valence,2,eeg,logreg,0.249788515279748,0,0.2584522690176372,0,0.00866375373788919,0.00866375373788919,True
P27,stack,1,stack_s1_69.000,69.0,71.0,valence,2,eeg,logreg,0.6911739461971033,1,0.6469422481638285,1,-0.04423169803327476,0.04423169803327476,True
P27,pick_place,1,pick_place_s1_20.000,20.0,22.0,valence,3,multimodal,logreg,0.6666600138262488,1,0.6709682904835089,1,0.0043082766572600795,0.0043082766572600795,True
P27,pick_place,1,pick_place_s1_21.000,21.0,23.0,valence,3,multimodal,logreg,0.5154766177424828,1,0.5208634064935892,1,0.0053867887511064305,0.0053867887511064305,True
P27,pick_place,1,pick_place_s1_22.000,22.0,24.0,valence,3,multimodal,logreg,0.6359619701123274,1,0.6358369030523221,1,-0.00012506706000525725,0.00012506706000525725,True
P27,pick_place,1,pick_place_s1_23.000,23.0,25.0,valence,3,multimodal,logreg,0.667492986658043,1,0.6989366327599691,1,0.03144364610192607,0.03144364610192607,True
P27,pick_place,1,pick_place_s1_24.000,24.0,26.0,valence,3,multimodal,logreg,0.6639829236507602,1,0.6819898805958067,1,0.018006956945046504,0.018006956945046504,True
P27,pick_place,1,pick_place_s1_25.000,25.0,27.0,valence,3,multimodal,logreg,0.5489536602245816,1,0.5819046262619575,1,0.032950966037375906,0.032950966037375906,True
P27,pick_place,1,pick_place_s1_26.000,26.0,28.0,valence,3,multimodal,logreg,0.5150449695326648,1,0.5153630470226744,1,0.00031807749000967167,0.00031807749000967167,True
P27,pick_place,1,pick_place_s1_27.000,27.0,29.0,valence,3,multimodal,logreg,0.6783952543473064,1,0.6705511518141106,1,-0.007844102533195785,0.007844102533195785,True
P27,pick_place,1,pick_place_s1_28.000,28.0,30.0,valence,3,multimodal,logreg,0.6049849638782768,1,0.6258334991794167,1,0.020848535301139837,0.020848535301139837,True
P27,pick_place,1,pick_place_s1_29.000,29.0,31.0,valence,3,multimodal,logreg,0.529853489011459,1,0.5442521522126176,1,0.014398663201158568,0.014398663201158568,True
P27,pick_place,1,pick_place_s1_30.000,30.0,32.0,valence,3,multimodal,logreg,0.4943659978376488,0,0.5058873842004897,1,0.011521386362840946,0.011521386362840946,False
P27,pick_place,1,pick_place_s1_31.000,31.0,33.0,valence,3,multimodal,logreg,0.5163087052551499,1,0.508563864009754,1,-0.007744841245395984,0.007744841245395984,True
P27,pick_place,1,pick_place_s1_32.000,32.0,34.0,valence,3,multimodal,logreg,0.5653984831956036,1,0.5597217232669157,1,-0.00567675992868788,0.00567675992868788,True
P27,pick_place,1,pick_place_s1_33.000,33.0,35.0,valence,3,multimodal,logreg,0.4615749182506873,0,0.5064454912381111,1,0.04487057298742381,0.04487057298742381,False
P27,pick_place,1,pick_place_s1_34.000,34.0,36.0,valence,3,multimodal,logreg,0.4618152464060575,0,0.44912228684089806,0,-0.012692959565159423,0.012692959565159423,True
P27,pick_place,1,pick_place_s1_35.000,35.0,37.0,valence,3,multimodal,logreg,0.463352706040099,0,0.49866187915244614,0,0.03530917311234716,0.03530917311234716,True
P27,pick_place,1,pick_place_s1_36.000,36.0,38.0,valence,3,multimodal,logreg,0.4898436821593916,0,0.48761089090448073,0,-0.002232791254910882,0.002232791254910882,True
P27,pick_place,1,pick_place_s1_37.000,37.0,39.0,valence,3,multimodal,logreg,0.4568414503485752,0,0.45173080065293186,0,-0.005110649695643343,0.005110649695643343,True
P27,pick_place,1,pick_place_s1_38.000,38.0,40.0,valence,3,multimodal,logreg,0.4506372800539662,0,0.5138244967417724,1,0.06318721668780625,0.06318721668780625,False
P27,shape_sorter_observation,1,shape_sorter_observation_s1_21.000,21.0,23.0,valence,3,multimodal,logreg,0.4692980896164601,0,0.4701715876117983,0,0.0008734979953382016,0.0008734979953382016,True
P27,shape_sorter_observation,1,shape_sorter_observation_s1_22.000,22.0,24.0,valence,3,multimodal,logreg,0.4454401109621139,0,0.4398366471778844,0,-0.00560346378422949,0.00560346378422949,True
P27,shape_sorter_observation,1,shape_sorter_observation_s1_23.000,23.0,25.0,valence,3,multimodal,logreg,0.4675658749214368,0,0.4658099730605211,0,-0.0017559018609157317,0.0017559018609157317,True
P27,shape_sorter_observation,1,shape_sorter_observation_s1_24.000,24.0,26.0,valence,3,multimodal,logreg,0.5285953516702699,1,0.5525553769664319,1,0.023960025296161924,0.023960025296161924,True
P27,shape_sorter_observation,1,shape_sorter_observation_s1_25.000,25.0,27.0,valence,3,multimodal,logreg,0.4901274337158178,0,0.49418408128929603,0,0.004056647573478234,0.004056647573478234,True
P27,shape_sorter_observation,1,shape_sorter_observation_s1_26.000,26.0,28.0,valence,3,multimodal,logreg,0.4636059751418855,0,0.46702533630318593,0,0.003419361161300427,0.003419361161300427,True
P27,shape_sorter_observation,1,shape_sorter_observation_s1_27.000,27.0,29.0,valence,3,multimodal,logreg,0.5629241420908979,1,0.5558731931778463,1,-0.00705094891305158,0.00705094891305158,True
P27,shape_sorter_observation,1,shape_sorter_observation_s1_28.000,28.0,30.0,valence,3,multimodal,logreg,0.6125298727929421,1,0.6286180982810808,1,0.016088225488138708,0.016088225488138708,True
P27,shape_sorter_observation,1,shape_sorter_observation_s1_29.000,29.0,31.0,valence,3,multimodal,logreg,0.5690535553976752,1,0.6186948294076297,1,0.04964127400995444,0.04964127400995444,True
P27,shape_sorter_observation,1,shape_sorter_observation_s1_30.000,30.0,32.0,valence,3,multimodal,logreg,0.4545366807236481,0,0.472642919443106,0,0.01810623871945788,0.01810623871945788,True
P27,shape_sorter_observation,1,shape_sorter_observation_s1_31.000,31.0,33.0,valence,3,multimodal,logreg,0.5114563908654413,1,0.49722632655765736,0,-0.014230064307783896,0.014230064307783896,False
P27,shape_sorter_observation,1,shape_sorter_observation_s1_32.000,32.0,34.0,valence,3,multimodal,logreg,0.5975593246241082,1,0.5965534097476258,1,-0.0010059148764823833,0.0010059148764823833,True
P27,shape_sorter_observation,1,shape_sorter_observation_s1_33.000,33.0,35.0,valence,3,multimodal,logreg,0.5715953007564255,1,0.5920637803387816,1,0.02046847958235609,0.02046847958235609,True
P27,shape_sorter_observation,1,shape_sorter_observation_s1_34.000,34.0,36.0,valence,3,multimodal,logreg,0.5905335184805531,1,0.5985345281190662,1,0.008001009638513024,0.008001009638513024,True
P27,shape_sorter_observation,1,shape_sorter_observation_s1_35.000,35.0,37.0,valence,3,multimodal,logreg,0.6281815390833014,1,0.6376130246316085,1,0.009431485548307084,0.009431485548307084,True
P27,shape_sorter_observation,1,shape_sorter_observation_s1_36.000,36.0,38.0,valence,3,multimodal,logreg,0.469267152741484,0,0.5114684963748597,1,0.04220134363337569,0.04220134363337569,False
P27,shape_sorter_observation,1,shape_sorter_observation_s1_37.000,37.0,39.0,valence,3,multimodal,logreg,0.5265519774969312,1,0.5559260828422244,1,0.029374105345293278,0.029374105345293278,True
P27,shape_sorter_observation,1,shape_sorter_observation_s1_38.000,38.0,40.0,valence,3,multimodal,logreg,0.5479649548822465,1,0.5386650799645231,1,-0.009299874917723439,0.009299874917723439,True
P27,shape_sorter_observation,1,shape_sorter_observation_s1_39.000,39.0,41.0,valence,3,multimodal,logreg,0.561474600138924,1,0.5246393940059443,1,-0.03683520613297975,0.03683520613297975,True
P27,shape_sorter_observation,1,shape_sorter_observation_s1_40.000,40.0,42.0,valence,3,multimodal,logreg,0.625293031191853,1,0.6331635173489001,1,0.007870486157047107,0.007870486157047107,True
P27,shape_sorter_observation,1,shape_sorter_observation_s1_41.000,41.0,43.0,valence,3,multimodal,logreg,0.6215089531955877,1,0.6529013165801604,1,0.03139236338457263,0.03139236338457263,True
P27,shape_sorter_observation,1,shape_sorter_observation_s1_42.000,42.0,44.0,valence,3,multimodal,logreg,0.6792679551640701,1,0.6899318261915414,1,0.010663871027471239,0.010663871027471239,True
P27,shape_sorter_observation,1,shape_sorter_observation_s1_43.000,43.0,45.0,valence,3,multimodal,logreg,0.5545711459863951,1,0.5896243105972546,1,0.0350531646108595,0.0350531646108595,True
P27,shape_sorter_observation,1,shape_sorter_observation_s1_44.000,44.0,46.0,valence,3,multimodal,logreg,0.4883564532316014,0,0.4910326778599346,0,0.0026762246283332236,0.0026762246283332236,True
P27,shape_sorter_observation,1,shape_sorter_observation_s1_45.000,45.0,47.0,valence,3,multimodal,logreg,0.6626761305775921,1,0.6390718197247443,1,-0.023604310852847865,0.023604310852847865,True
P27,shape_sorter_observation,1,shape_sorter_observation_s1_46.000,46.0,48.0,valence,3,multimodal,logreg,0.5908716672004459,1,0.6027558215973464,1,0.011884154396900493,0.011884154396900493,True
P27,shape_sorter_observation,1,shape_sorter_observation_s1_47.000,47.0,49.0,valence,3,multimodal,logreg,0.4547024608557587,0,0.44781889462136876,0,-0.0068835662343899595,0.0068835662343899595,True
P27,shape_sorter_observation,1,shape_sorter_observation_s1_48.000,48.0,50.0,valence,3,multimodal,logreg,0.5123954020279,1,0.5249511034157688,1,0.012555701387868767,0.012555701387868767,True
P27,shape_sorter_observation,1,shape_sorter_observation_s1_49.000,49.0,51.0,valence,3,multimodal,logreg,0.5865851228975062,1,0.6019695440672872,1,0.015384421169781004,0.015384421169781004,True
P27,shape_sorter_observation,1,shape_sorter_observation_s1_50.000,50.0,52.0,valence,3,multimodal,logreg,0.5021228547377263,1,0.5030921828215503,1,0.0009693280838239948,0.0009693280838239948,True
P27,shape_sorter_observation,1,shape_sorter_observation_s1_51.000,51.0,53.0,valence,3,multimodal,logreg,0.5428289768651412,1,0.5360202675733645,1,-0.006808709291776682,0.006808709291776682,True
P27,shape_sorter_observation,1,shape_sorter_observation_s1_52.000,52.0,54.0,valence,3,multimodal,logreg,0.4457637164432543,0,0.4726231074729603,0,0.026859391029706026,0.026859391029706026,True
P27,shape_sorter_observation,1,shape_sorter_observation_s1_53.000,53.0,55.0,valence,3,multimodal,logreg,0.5619508230453982,1,0.5886519822726893,1,0.026701159227291105,0.026701159227291105,True
P27,shape_sorter_observation,1,shape_sorter_observation_s1_54.000,54.0,56.0,valence,3,multimodal,logreg,0.5408163433691963,1,0.5221710823758952,1,-0.018645260993301105,0.018645260993301105,True
P27,shape_sorter_observation,1,shape_sorter_observation_s1_55.000,55.0,57.0,valence,3,multimodal,logreg,0.6492571261164009,1,0.6194448596189146,1,-0.02981226649748625,0.02981226649748625,True
P27,shape_sorter_observation,1,shape_sorter_observation_s1_56.000,56.0,58.0,valence,3,multimodal,logreg,0.4414276349649197,0,0.4572019017745552,0,0.015774266809635507,0.015774266809635507,True
P27,shape_sorter_observation,1,shape_sorter_observation_s1_57.000,57.0,59.0,valence,3,multimodal,logreg,0.4021477142413878,0,0.35251912207968694,0,-0.049628592161700846,0.049628592161700846,True
P27,stack,1,stack_s1_21.000,21.0,23.0,valence,3,multimodal,logreg,0.4888432972862386,0,0.49359668290924547,0,0.004753385623006867,0.004753385623006867,True
P27,stack,1,stack_s1_22.000,22.0,24.0,valence,3,multimodal,logreg,0.4715346991604225,0,0.452808825668866,0,-0.01872587349155652,0.01872587349155652,True
P27,stack,1,stack_s1_23.000,23.0,25.0,valence,3,multimodal,logreg,0.3582869219846574,0,0.34635253258512744,0,-0.011934389399529954,0.011934389399529954,True
P27,stack,1,stack_s1_24.000,24.0,26.0,valence,3,multimodal,logreg,0.5682317853531736,1,0.5659461798190273,1,-0.002285605534146362,0.002285605534146362,True
P27,stack,1,stack_s1_25.000,25.0,27.0,valence,3,multimodal,logreg,0.6172744458319421,1,0.6135409335153814,1,-0.0037335123165607165,0.0037335123165607165,True
P27,stack,1,stack_s1_26.000,26.0,28.0,valence,3,multimodal,logreg,0.6632642649594954,1,0.677142339789256,1,0.013878074829760556,0.013878074829760556,True
P27,stack,1,stack_s1_27.000,27.0,29.0,valence,3,multimodal,logreg,0.4440045667517537,0,0.49628294026894515,0,0.052278373517191445,0.052278373517191445,True
P27,stack,1,stack_s1_28.000,28.0,30.0,valence,3,multimodal,logreg,0.3023353219488679,0,0.321448894207426,0,0.019113572258558087,0.019113572258558087,True
P27,stack,1,stack_s1_29.000,29.0,31.0,valence,3,multimodal,logreg,0.442919906977802,0,0.41324174111745143,0,-0.029678165860350547,0.029678165860350547,True
P27,stack,1,stack_s1_30.000,30.0,32.0,valence,3,multimodal,logreg,0.4737236155128282,0,0.4730127432028182,0,-0.0007108723100099912,0.0007108723100099912,True
P27,stack,1,stack_s1_31.000,31.0,33.0,valence,3,multimodal,logreg,0.6214810232148489,1,0.6269638636453186,1,0.00548284043046976,0.00548284043046976,True
P27,stack,1,stack_s1_32.000,32.0,34.0,valence,3,multimodal,logreg,0.4242107514352991,0,0.4408182579763025,0,0.016607506541003347,0.016607506541003347,True
P27,stack,1,stack_s1_33.000,33.0,35.0,valence,3,multimodal,logreg,0.4312362938963371,0,0.44219917482749643,0,0.010962880931159324,0.010962880931159324,True
P27,stack,1,stack_s1_34.000,34.0,36.0,valence,3,multimodal,logreg,0.3760513142926457,0,0.38667295286721975,0,0.010621638574574044,0.010621638574574044,True
P27,stack,1,stack_s1_35.000,35.0,37.0,valence,3,multimodal,logreg,0.4368670091631729,0,0.4136812928348969,0,-0.023185716328275985,0.023185716328275985,True
P27,stack,1,stack_s1_36.000,36.0,38.0,valence,3,multimodal,logreg,0.424014327014359,0,0.4464548508316786,0,0.02244052381731959,0.02244052381731959,True
P27,stack,1,stack_s1_37.000,37.0,39.0,valence,3,multimodal,logreg,0.5053265266423197,1,0.48907912687733257,0,-0.016247399764987125,0.016247399764987125,False
P27,stack,1,stack_s1_38.000,38.0,40.0,valence,3,multimodal,logreg,0.5274717952238762,1,0.5335925931858742,1,0.006120797961997937,0.006120797961997937,True
P27,stack,1,stack_s1_39.000,39.0,41.0,valence,3,multimodal,logreg,0.4420256163398822,0,0.4555668571297399,0,0.01354124078985769,0.01354124078985769,True
P27,stack,1,stack_s1_40.000,40.0,42.0,valence,3,multimodal,logreg,0.5215890225950283,1,0.4829990802535413,0,-0.03858994234148694,0.03858994234148694,False
P27,stack,1,stack_s1_41.000,41.0,43.0,valence,3,multimodal,logreg,0.4137183012817958,0,0.44224794646336363,0,0.02852964518156781,0.02852964518156781,True
P27,stack,1,stack_s1_42.000,42.0,44.0,valence,3,multimodal,logreg,0.4772367421834312,0,0.48196862809917995,0,0.004731885915748746,0.004731885915748746,True
P27,stack,1,stack_s1_43.000,43.0,45.0,valence,3,multimodal,logreg,0.4867256047024573,0,0.4881363464464406,0,0.0014107417439833125,0.0014107417439833125,True
P27,stack,1,stack_s1_44.000,44.0,46.0,valence,3,multimodal,logreg,0.5454337640312037,1,0.5531723451028397,1,0.007738581071636053,0.007738581071636053,True
P27,stack,1,stack_s1_45.000,45.0,47.0,valence,3,multimodal,logreg,0.524673281514447,1,0.5570801665683787,1,0.03240688505393163,0.03240688505393163,True
P27,stack,1,stack_s1_46.000,46.0,48.0,valence,3,multimodal,logreg,0.5079254617068133,1,0.5479324744203681,1,0.04000701271355478,0.04000701271355478,True
P27,stack,1,stack_s1_47.000,47.0,49.0,valence,3,multimodal,logreg,0.3567252448000554,0,0.3578552099591034,0,0.0011299651590480075,0.0011299651590480075,True
P27,stack,1,stack_s1_48.000,48.0,50.0,valence,3,multimodal,logreg,0.4827274040775615,0,0.5088451423633666,1,0.02611773828580516,0.02611773828580516,False
P27,stack,1,stack_s1_49.000,49.0,51.0,valence,3,multimodal,logreg,0.606810977548939,1,0.6090338770040248,1,0.0022228994550858028,0.0022228994550858028,True
P27,stack,1,stack_s1_50.000,50.0,52.0,valence,3,multimodal,logreg,0.6717133837559681,1,0.6494165243068312,1,-0.022296859449136952,0.022296859449136952,True
P27,stack,1,stack_s1_51.000,51.0,53.0,valence,3,multimodal,logreg,0.417789677440533,0,0.4123958281064212,0,-0.0053938493341118,0.0053938493341118,True
P27,stack,1,stack_s1_52.000,52.0,54.0,valence,3,multimodal,logreg,0.3437135792431557,0,0.3371668798028897,0,-0.006546699440266035,0.006546699440266035,True
P27,stack,1,stack_s1_53.000,53.0,55.0,valence,3,multimodal,logreg,0.3883279600362033,0,0.35260402134122387,0,-0.03572393869497942,0.03572393869497942,True
P27,stack,1,stack_s1_54.000,54.0,56.0,valence,3,multimodal,logreg,0.4746730369758473,0,0.4825247905360635,0,0.007851753560216224,0.007851753560216224,True
P27,stack,1,stack_s1_55.000,55.0,57.0,valence,3,multimodal,logreg,0.4562656758523352,0,0.4798083521873394,0,0.02354267633500423,0.02354267633500423,True
P27,stack,1,stack_s1_56.000,56.0,58.0,valence,3,multimodal,logreg,0.4410680089853195,0,0.4483359292106518,0,0.007267920225332292,0.007267920225332292,True
P27,stack,1,stack_s1_57.000,57.0,59.0,valence,3,multimodal,logreg,0.4871842128070358,0,0.5530337462745472,1,0.06584953346751138,0.06584953346751138,False
P27,stack,1,stack_s1_58.000,58.0,60.0,valence,3,multimodal,logreg,0.0704719190385608,0,0.0802286665476369,0,0.009756747509076097,0.009756747509076097,True
P27,stack,1,stack_s1_59.000,59.0,61.0,valence,3,multimodal,logreg,0.0896173175745746,0,0.047278188017910464,0,-0.042339129556664135,0.042339129556664135,True
P27,stack,1,stack_s1_60.000,60.0,62.0,valence,3,multimodal,logreg,0.4890190607664395,0,0.41122524733297994,0,-0.07779381343345954,0.07779381343345954,True
P27,stack,1,stack_s1_61.000,61.0,63.0,valence,3,multimodal,logreg,0.4182316860906205,0,0.4392509855603571,0,0.021019299469736574,0.021019299469736574,True
P27,stack,1,stack_s1_62.000,62.0,64.0,valence,3,multimodal,logreg,0.4502562765947381,0,0.4500500273416697,0,-0.00020624925306839126,0.00020624925306839126,True
P27,stack,1,stack_s1_63.000,63.0,65.0,valence,3,multimodal,logreg,0.4989556878879105,0,0.5305920567039654,1,0.03163636881605486,0.03163636881605486,False
P27,stack,1,stack_s1_64.000,64.0,66.0,valence,3,multimodal,logreg,0.4811313948725377,0,0.5051529007423482,1,0.0240215058698105,0.0240215058698105,False
P27,stack,1,stack_s1_65.000,65.0,67.0,valence,3,multimodal,logreg,0.5066564654380523,1,0.5217152512777474,1,0.01505878583969511,0.01505878583969511,True
P27,stack,1,stack_s1_66.000,66.0,68.0,valence,3,multimodal,logreg,0.4922406252903235,0,0.4843278053909733,0,-0.007912819899350165,0.007912819899350165,True
P27,stack,1,stack_s1_67.000,67.0,69.0,valence,3,multimodal,logreg,0.2455370670548411,0,0.27450355480037403,0,0.028966487745532926,0.028966487745532926,True
P27,stack,1,stack_s1_68.000,68.0,70.0,valence,3,multimodal,logreg,0.2310285165254231,0,0.2342170890285909,0,0.003188572503167786,0.003188572503167786,True
P27,sisyphus,1,sisyphus_s1_22.000,22.0,24.0,valence,3,multimodal,logreg,0.5883384134354712,1,0.5601484517973369,1,-0.028189961638134364,0.028189961638134364,True
P27,sisyphus,1,sisyphus_s1_23.000,23.0,25.0,valence,3,multimodal,logreg,0.4744268715540556,0,0.4868039115038419,0,0.012377039949786284,0.012377039949786284,True
P27,sisyphus,1,sisyphus_s1_24.000,24.0,26.0,valence,3,multimodal,logreg,0.4183638852539906,0,0.4430006290295166,0,0.024636743775525993,0.024636743775525993,True
P27,sisyphus,1,sisyphus_s1_25.000,25.0,27.0,valence,3,multimodal,logreg,1.267896213237629e-16,0,7.409550413555479e-14,0,7.396871451423103e-14,7.396871451423103e-14,True
P27,sisyphus,1,sisyphus_s1_26.000,26.0,28.0,valence,3,multimodal,logreg,5.355597786756068e-17,0,6.781234604150337e-19,0,-5.2877854407145644e-17,5.2877854407145644e-17,True
P27,sisyphus,1,sisyphus_s1_27.000,27.0,29.0,valence,3,multimodal,logreg,0.2730326662085945,0,0.029547302161589732,0,-0.24348536404700477,0.24348536404700477,True
P27,sisyphus,1,sisyphus_s1_28.000,28.0,30.0,valence,3,multimodal,logreg,0.3505508384634662,0,0.29178679623278714,0,-0.05876404223067905,0.05876404223067905,True
P27,sisyphus,1,sisyphus_s1_29.000,29.0,31.0,valence,3,multimodal,logreg,0.5704405756280534,1,0.5163949702998437,1,-0.05404560532820968,0.05404560532820968,True
P27,sisyphus,1,sisyphus_s1_30.000,30.0,32.0,valence,3,multimodal,logreg,0.4423082789929874,0,0.45922165999453723,0,0.01691338100154982,0.01691338100154982,True
P27,sisyphus,1,sisyphus_s1_31.000,31.0,33.0,valence,3,multimodal,logreg,0.3819139267051205,0,0.38722369598269446,0,0.0053097692775739835,0.0053097692775739835,True
P27,sisyphus,1,sisyphus_s1_32.000,32.0,34.0,valence,3,multimodal,logreg,0.5196812803809969,1,0.4662068566351031,0,-0.05347442374589384,0.05347442374589384,False
P27,sisyphus,1,sisyphus_s1_33.000,33.0,35.0,valence,3,multimodal,logreg,0.5632024579844311,1,0.5693232313946917,1,0.006120773410260516,0.006120773410260516,True
P27,sisyphus,1,sisyphus_s1_34.000,34.0,36.0,valence,3,multimodal,logreg,0.6174010941119821,1,0.6271368822549839,1,0.0097357881430018,0.0097357881430018,True
P27,sisyphus,1,sisyphus_s1_35.000,35.0,37.0,valence,3,multimodal,logreg,0.554792367276466,1,0.5738800230949125,1,0.019087655818446514,0.019087655818446514,True
P27,sisyphus,1,sisyphus_s1_36.000,36.0,38.0,valence,3,multimodal,logreg,0.5253861045551084,1,0.5414939581394451,1,0.01610785358433675,0.01610785358433675,True
P27,sisyphus,1,sisyphus_s1_37.000,37.0,39.0,valence,3,multimodal,logreg,0.7001836181322854,1,0.6999963509075321,1,-0.00018726722475326252,0.00018726722475326252,True
P27,sisyphus,1,sisyphus_s1_38.000,38.0,40.0,valence,3,multimodal,logreg,0.6195065527966215,1,0.6454694620070139,1,0.02596290921039246,0.02596290921039246,True
P27,sisyphus,1,sisyphus_s1_39.000,39.0,41.0,valence,3,multimodal,logreg,0.4884209726777388,0,0.5335558109464702,1,0.04513483826873138,0.04513483826873138,False
P27,sisyphus,1,sisyphus_s1_40.000,40.0,42.0,valence,3,multimodal,logreg,0.0010586072219593,0,0.09394757781019483,0,0.09288897058823553,0.09288897058823553,True
P27,sisyphus,1,sisyphus_s1_41.000,41.0,43.0,valence,3,multimodal,logreg,4.7210786957543945e-06,0,3.442356491586466e-07,0,-4.376843046595748e-06,4.376843046595748e-06,True
P27,sisyphus,1,sisyphus_s1_42.000,42.0,44.0,valence,3,multimodal,logreg,0.3675035817479518,0,0.03782266839972813,0,-0.32968091334822364,0.32968091334822364,True
P27,sisyphus,1,sisyphus_s1_43.000,43.0,45.0,valence,3,multimodal,logreg,0.6679159097260691,1,0.6340845003374159,1,-0.033831409388653144,0.033831409388653144,True
P27,sisyphus,1,sisyphus_s1_44.000,44.0,46.0,valence,3,multimodal,logreg,0.7004845393101258,1,0.715875513557096,1,0.015390974246970224,0.015390974246970224,True
P27,sisyphus,1,sisyphus_s1_45.000,45.0,47.0,valence,3,multimodal,logreg,0.6083358329900468,1,0.6485806418566922,1,0.04024480886664539,0.04024480886664539,True
P27,sisyphus,1,sisyphus_s1_46.000,46.0,48.0,valence,3,multimodal,logreg,0.5207198712277122,1,0.5332979844030996,1,0.012578113175387373,0.012578113175387373,True
P27,sisyphus,1,sisyphus_s1_47.000,47.0,49.0,valence,3,multimodal,logreg,0.5283768805739318,1,0.5438800916452801,1,0.015503211071348222,0.015503211071348222,True
P27,sisyphus,1,sisyphus_s1_48.000,48.0,50.0,valence,3,multimodal,logreg,0.4941352840442499,0,0.5163373439013847,1,0.02220205985713486,0.02220205985713486,False
P27,sisyphus,1,sisyphus_s1_49.000,49.0,51.0,valence,3,multimodal,logreg,0.4873639830298445,0,0.49695143321712365,0,0.009587450187279134,0.009587450187279134,True
P27,sisyphus,1,sisyphus_s1_50.000,50.0,52.0,valence,3,multimodal,logreg,0.51949041051584,1,0.5310259603461127,1,0.011535549830272718,0.011535549830272718,True
P27,sisyphus,1,sisyphus_s1_51.000,51.0,53.0,valence,3,multimodal,logreg,0.0909990142702467,0,0.3002541841389779,0,0.20925516986873122,0.20925516986873122,True
P27,sisyphus,1,sisyphus_s1_52.000,52.0,54.0,valence,3,multimodal,logreg,0.0247515361314492,0,0.015215404763378128,0,-0.009536131368071072,0.009536131368071072,True
P27,sisyphus,1,sisyphus_s1_53.000,53.0,55.0,valence,3,multimodal,logreg,0.3660913131522483,0,0.2444489195258166,0,-0.1216423936264317,0.1216423936264317,True
P27,sisyphus,1,sisyphus_s1_54.000,54.0,56.0,valence,3,multimodal,logreg,0.402848080500499,0,0.41917545669312595,0,0.016327376192626974,0.016327376192626974,True
P27,sisyphus,1,sisyphus_s1_55.000,55.0,57.0,valence,3,multimodal,logreg,0.4422689818201114,0,0.46304996892617617,0,0.020780987106064797,0.020780987106064797,True
P27,sisyphus,1,sisyphus_s1_56.000,56.0,58.0,valence,3,multimodal,logreg,0.42791038332625,0,0.4657665914191185,0,0.03785620809286855,0.03785620809286855,True
P27,sisyphus,1,sisyphus_s1_57.000,57.0,59.0,valence,3,multimodal,logreg,0.4187123651440935,0,0.4861872011404569,0,0.06747483599636339,0.06747483599636339,True
P27,sisyphus,1,sisyphus_s1_58.000,58.0,60.0,valence,3,multimodal,logreg,0.0013668193760012,0,0.017174973077065763,0,0.015808153701064562,0.015808153701064562,True
P27,sisyphus,1,sisyphus_s1_59.000,59.0,61.0,valence,3,multimodal,logreg,1.3435840296740975e-19,0,5.1878433393143105e-18,0,5.0534849363469e-18,5.0534849363469e-18,True
P27,sisyphus,1,sisyphus_s1_60.000,60.0,62.0,valence,3,multimodal,logreg,2.245326646595346e-05,0,2.142828592245135e-14,0,-2.2453266444525172e-05,2.2453266444525172e-05,True
P27,sisyphus,1,sisyphus_s1_61.000,61.0,63.0,valence,3,multimodal,logreg,0.3064400712081791,0,0.14141990641890995,0,-0.16502016478926917,0.16502016478926917,True
P27,sisyphus,1,sisyphus_s1_62.000,62.0,64.0,valence,3,multimodal,logreg,0.3362906412266419,0,0.3454215647150183,0,0.009130923488376408,0.009130923488376408,True
P27,sisyphus,1,sisyphus_s1_63.000,63.0,65.0,valence,3,multimodal,logreg,0.5303163668337564,1,0.4863633908748183,0,-0.0439529759589381,0.0439529759589381,False
P27,sisyphus,1,sisyphus_s1_64.000,64.0,66.0,valence,3,multimodal,logreg,0.5433982391974225,1,0.49867930784349307,0,-0.0447189313539294,0.0447189313539294,False
P27,sisyphus,1,sisyphus_s1_65.000,65.0,67.0,valence,3,multimodal,logreg,0.6045637981315768,1,0.6233403542737196,1,0.018776556142142797,0.018776556142142797,True
P27,sisyphus,1,sisyphus_s1_66.000,66.0,68.0,valence,3,multimodal,logreg,0.3212225724404961,0,0.4731635723973073,0,0.15194099995681115,0.15194099995681115,True
P27,sisyphus,1,sisyphus_s1_67.000,67.0,69.0,valence,3,multimodal,logreg,1.1884411100442468e-08,0,1.0640154151457238e-06,0,1.0521310040452814e-06,1.0521310040452814e-06,True
P27,sisyphus,1,sisyphus_s1_68.000,68.0,70.0,valence,3,multimodal,logreg,2.173029630141247e-09,0,1.7233953297039345e-10,0,-2.0006900971708534e-09,2.0006900971708534e-09,True
P27,sisyphus,1,sisyphus_s1_69.000,69.0,71.0,valence,3,multimodal,logreg,0.2860122824695562,0,0.048917321914140555,0,-0.23709496055541562,0.23709496055541562,True
P27,sisyphus,1,sisyphus_s1_70.000,70.0,72.0,valence,3,multimodal,logreg,0.4760577602271754,0,0.4698770065491912,0,-0.006180753677984208,0.006180753677984208,True
P27,sisyphus,1,sisyphus_s1_71.000,71.0,73.0,valence,3,multimodal,logreg,0.5232468540490343,1,0.5199808820699873,1,-0.0032659719790469888,0.0032659719790469888,True
P27,sisyphus,1,sisyphus_s1_72.000,72.0,74.0,valence,3,multimodal,logreg,0.4195673963024026,0,0.5191602766367561,1,0.09959288033435354,0.09959288033435354,False
P27,sisyphus,1,sisyphus_s1_73.000,73.0,75.0,valence,3,multimodal,logreg,7.141503792098148e-05,0,0.39169047350473657,0,0.3916190584668156,0.3916190584668156,True
P27,sisyphus,1,sisyphus_s1_74.000,74.0,76.0,valence,3,multimodal,logreg,2.2376325556810262e-232,0,1.1049942138691725e-200,0,1.1049942138691725e-200,1.1049942138691725e-200,True
P27,sisyphus,1,sisyphus_s1_75.000,75.0,77.0,valence,3,multimodal,logreg,6.001309848977615e-19,0,5.538171227597146e-84,0,-6.001309848977615e-19,6.001309848977615e-19,True
P27,sisyphus,1,sisyphus_s1_76.000,76.0,78.0,valence,3,multimodal,logreg,0.3364288263826488,0,0.0004498217077496809,0,-0.33597900467489916,0.33597900467489916,True
P27,sisyphus,1,sisyphus_s1_77.000,77.0,79.0,valence,3,multimodal,logreg,0.4042618609821588,0,0.244441845430953,0,-0.15982001555120584,0.15982001555120584,True
P27,sisyphus,1,sisyphus_s1_78.000,78.0,80.0,valence,3,multimodal,logreg,0.604343186378461,1,0.4230203353540524,0,-0.18132285102440854,0.18132285102440854,False
P27,sisyphus,1,sisyphus_s1_79.000,79.0,81.0,valence,3,multimodal,logreg,0.676447101224148,1,0.6705892718675082,1,-0.00585782935663981,0.00585782935663981,True
P27,sisyphus,1,sisyphus_s1_80.000,80.0,82.0,valence,3,multimodal,logreg,0.4787633079232878,0,0.5539849356327198,1,0.07522162770943197,0.07522162770943197,False
P27,sisyphus,1,sisyphus_s1_81.000,81.0,83.0,valence,3,multimodal,logreg,0.0780890229322042,0,0.14909455167431962,0,0.07100552874211542,0.07100552874211542,True
P27,sisyphus,1,sisyphus_s1_82.000,82.0,84.0,valence,3,multimodal,logreg,5.427522653564419e-09,0,8.090639195280688e-05,0,8.090096443015332e-05,8.090096443015332e-05,True
P27,sisyphus,1,sisyphus_s1_83.000,83.0,85.0,valence,3,multimodal,logreg,3.178211092234612e-13,0,9.012490959438849e-15,0,-3.0880861826402234e-13,3.0880861826402234e-13,True
P27,sisyphus,1,sisyphus_s1_84.000,84.0,86.0,valence,3,multimodal,logreg,0.0432721080162032,0,0.009267476251779863,0,-0.03400463176442334,0.03400463176442334,True
P27,sisyphus,1,sisyphus_s1_85.000,85.0,87.0,valence,3,multimodal,logreg,1.3576031401564806e-231,0,8.719034347461057e-234,0,-1.3488841058090195e-231,1.3488841058090195e-231,True
P27,sisyphus,1,sisyphus_s1_86.000,86.0,88.0,valence,3,multimodal,logreg,1.555465307354976e-127,0,4.905917473658896e-230,0,-1.555465307354976e-127,1.555465307354976e-127,True
P27,sisyphus,1,sisyphus_s1_87.000,87.0,89.0,valence,3,multimodal,logreg,0.1199838634515564,0,6.607292841627159e-06,0,-0.11997725615871477,0.11997725615871477,True
P27,sisyphus,1,sisyphus_s1_88.000,88.0,90.0,valence,3,multimodal,logreg,0.3688306063491868,0,0.29004605344729106,0,-0.07878455290189573,0.07878455290189573,True
P27,sisyphus,1,sisyphus_s1_89.000,89.0,91.0,valence,3,multimodal,logreg,0.1530666061463599,0,0.18498629992837445,0,0.03191969378201456,0.03191969378201456,True
P27,sisyphus,1,sisyphus_s1_90.000,90.0,92.0,valence,3,multimodal,logreg,0.2807843636445397,0,0.18246048862881217,0,-0.09832387501572751,0.09832387501572751,True
P27,sisyphus,1,sisyphus_s1_91.000,91.0,93.0,valence,3,multimodal,logreg,0.5204033290862624,1,0.48349015705359927,0,-0.036913172032663144,0.036913172032663144,False
P27,sisyphus,1,sisyphus_s1_92.000,92.0,94.0,valence,3,multimodal,logreg,0.3854035896257834,0,0.4086839058865225,0,0.023280316260739065,0.023280316260739065,True
P27,sisyphus,1,sisyphus_s1_93.000,93.0,95.0,valence,3,multimodal,logreg,0.6410108669249551,1,0.6428119029536705,1,0.001801036028715397,0.001801036028715397,True
P27,sisyphus,1,sisyphus_s1_94.000,94.0,96.0,valence,3,multimodal,logreg,0.5738990977901531,1,0.6104227389910499,1,0.036523641200896795,0.036523641200896795,True
P27,sisyphus,1,sisyphus_s1_95.000,95.0,97.0,valence,3,multimodal,logreg,0.4795032465741772,0,0.50631200539432,1,0.026808758820142775,0.026808758820142775,False
P27,sisyphus,1,sisyphus_s1_96.000,96.0,98.0,valence,3,multimodal,logreg,0.5361503390408366,1,0.5275133217928942,1,-0.008637017247942413,0.008637017247942413,True
P27,sisyphus,1,sisyphus_s1_97.000,97.0,99.0,valence,3,multimodal,logreg,0.6075701989694351,1,0.623762901662103,1,0.016192702692667926,0.016192702692667926,True
P27,sisyphus,1,sisyphus_s1_98.000,98.0,100.0,valence,3,multimodal,logreg,0.497773296496714,0,0.470071097933081,0,-0.027702198563632985,0.027702198563632985,True
P27,sisyphus,1,sisyphus_s1_99.000,99.0,101.0,valence,3,multimodal,logreg,0.6001664009705219,1,0.6013969917812646,1,0.0012305908107427266,0.0012305908107427266,True
P27,sisyphus,1,sisyphus_s1_100.000,100.0,102.0,valence,3,multimodal,logreg,0.3831680088661634,0,0.4553727165394041,0,0.07220470767324066,0.07220470767324066,True
P27,sisyphus,1,sisyphus_s1_101.000,101.0,103.0,valence,3,multimodal,logreg,0.0766021569700585,0,0.096343647218462,0,0.019741490248403507,0.019741490248403507,True
P27,sisyphus,1,sisyphus_s1_102.000,102.0,104.0,valence,3,multimodal,logreg,0.0711460164876643,0,0.04692265972514642,0,-0.024223356762517884,0.024223356762517884,True
P27,sisyphus,1,sisyphus_s1_103.000,103.0,105.0,valence,3,multimodal,logreg,0.0001651619746751,0,0.007382169988878543,0,0.0072170080142034436,0.0072170080142034436,True
P27,sisyphus,1,sisyphus_s1_104.000,104.0,106.0,valence,3,multimodal,logreg,5.344858263957631e-10,0,6.435007822786626e-11,0,-4.701357481678968e-10,4.701357481678968e-10,True
P27,sisyphus,1,sisyphus_s1_105.000,105.0,107.0,valence,3,multimodal,logreg,0.3151578334994625,0,0.023107222898558842,0,-0.2920506106009037,0.2920506106009037,True
P27,sisyphus,1,sisyphus_s1_106.000,106.0,108.0,valence,3,multimodal,logreg,0.6689385085552515,1,0.6151065349796017,1,-0.05383197357564984,0.05383197357564984,True
P27,sisyphus,1,sisyphus_s1_107.000,107.0,109.0,valence,3,multimodal,logreg,0.635630081111592,1,0.6382090998760388,1,0.002579018764446772,0.002579018764446772,True
P27,sisyphus,1,sisyphus_s1_108.000,108.0,110.0,valence,3,multimodal,logreg,0.5295562578509254,1,0.6334858790721554,1,0.10392962122122995,0.10392962122122995,True
P27,sisyphus,1,sisyphus_s1_109.000,109.0,111.0,valence,3,multimodal,logreg,0.1464597023724065,0,0.1762920011423454,0,0.029832298769938898,0.029832298769938898,True
P27,sisyphus,1,sisyphus_s1_110.000,110.0,112.0,valence,3,multimodal,logreg,0.1442562578399679,0,0.1590345915213728,0,0.01477833368140491,0.01477833368140491,True
P27,sisyphus,1,sisyphus_s1_111.000,111.0,113.0,valence,3,multimodal,logreg,8.512333373146463e-25,0,3.9983315864043036e-22,0,3.989819253031157e-22,3.989819253031157e-22,True
P27,sisyphus,1,sisyphus_s1_112.000,112.0,114.0,valence,3,multimodal,logreg,0.000184530510749,0,8.172902298825692e-12,0,-0.0001845305025760977,0.0001845305025760977,True
P27,sisyphus,1,sisyphus_s1_113.000,113.0,115.0,valence,3,multimodal,logreg,0.0002062718772825,0,0.00017564008905219635,0,-3.063178823030366e-05,3.063178823030366e-05,True
P27,sisyphus,1,sisyphus_s1_114.000,114.0,116.0,valence,3,multimodal,logreg,0.1835094358986335,0,0.017687008560298218,0,-0.16582242733833527,0.16582242733833527,True
P27,sisyphus,1,sisyphus_s1_115.000,115.0,117.0,valence,3,multimodal,logreg,0.4712547223049297,0,0.5323224033255796,1,0.061067681020649855,0.061067681020649855,False
P27,sisyphus,1,sisyphus_s1_116.000,116.0,118.0,valence,3,multimodal,logreg,0.5363653061619164,1,0.5441707804833248,1,0.007805474321408434,0.007805474321408434,True
P27,sisyphus,1,sisyphus_s1_117.000,117.0,119.0,valence,3,multimodal,logreg,0.48277228273022,0,0.5963656118883793,1,0.11359332915815934,0.11359332915815934,False
P27,sisyphus,1,sisyphus_s1_118.000,118.0,120.0,valence,3,multimodal,logreg,0.3032258312113903,0,0.3954779508821383,0,0.09225211967074798,0.09225211967074798,True
P27,sisyphus,1,sisyphus_s1_119.000,119.0,121.0,valence,3,multimodal,logreg,0.511291191559693,1,0.43637742928941625,0,-0.0749137622702768,0.0749137622702768,False
P27,sisyphus,1,sisyphus_s1_120.000,120.0,122.0,valence,3,multimodal,logreg,0.5996978815945438,1,0.5620635422237358,1,-0.03763433937080807,0.03763433937080807,True
P27,sisyphus,1,sisyphus_s1_121.000,121.0,123.0,valence,3,multimodal,logreg,0.655075737898322,1,0.707404682430096,1,0.05232894453177406,0.05232894453177406,True
P27,sisyphus,1,sisyphus_s1_122.000,122.0,124.0,valence,3,multimodal,logreg,0.7178547674104652,1,0.7618903117894134,1,0.04403554437894819,0.04403554437894819,True
P27,sisyphus,1,sisyphus_s1_123.000,123.0,125.0,valence,3,multimodal,logreg,0.7304297957042274,1,0.7507219973222176,1,0.02029220161799017,0.02029220161799017,True
P27,sisyphus,1,sisyphus_s1_124.000,124.0,126.0,valence,3,multimodal,logreg,0.7231710587939708,1,0.7502094174178477,1,0.027038358623876935,0.027038358623876935,True
P27,sisyphus,1,sisyphus_s1_125.000,125.0,127.0,valence,3,multimodal,logreg,0.6058098147459724,1,0.6386463815024594,1,0.03283656675648705,0.03283656675648705,True
P27,shape_sorter_interaction,1,shape_sorter_interaction_s1_22.000,22.0,24.0,valence,3,multimodal,logreg,0.489497803349393,0,0.49795378747130103,0,0.008455984121908011,0.008455984121908011,True
P27,shape_sorter_interaction,1,shape_sorter_interaction_s1_23.000,23.0,25.0,valence,3,multimodal,logreg,0.4377296127149916,0,0.46968344396490536,0,0.031953831249913744,0.031953831249913744,True
P27,shape_sorter_interaction,1,shape_sorter_interaction_s1_24.000,24.0,26.0,valence,3,multimodal,logreg,0.4651875126579087,0,0.46820316257215894,0,0.00301564991425024,0.00301564991425024,True
P27,shape_sorter_interaction,1,shape_sorter_interaction_s1_25.000,25.0,27.0,valence,3,multimodal,logreg,0.6587768375545,1,0.6465371707179552,1,-0.01223966683654476,0.01223966683654476,True
P27,shape_sorter_interaction,1,shape_sorter_interaction_s1_26.000,26.0,28.0,valence,3,multimodal,logreg,0.5282227103364159,1,0.4640063396922724,0,-0.06421637064414348,0.06421637064414348,False
P27,shape_sorter_interaction,1,shape_sorter_interaction_s1_27.000,27.0,29.0,valence,3,multimodal,logreg,0.3113222262297405,0,0.4800811847749778,0,0.16875895854523731,0.16875895854523731,True
P27,shape_sorter_interaction,1,shape_sorter_interaction_s1_28.000,28.0,30.0,valence,3,multimodal,logreg,0.0823876952174506,0,0.06990544153095554,0,-0.012482253686495054,0.012482253686495054,True
P27,shape_sorter_interaction,1,shape_sorter_interaction_s1_29.000,29.0,31.0,valence,3,multimodal,logreg,0.2401685446623846,0,0.08615047357136373,0,-0.1540180710910209,0.1540180710910209,True
P27,shape_sorter_interaction,1,shape_sorter_interaction_s1_30.000,30.0,32.0,valence,3,multimodal,logreg,0.2935998691979861,0,0.28071473832746247,0,-0.01288513087052362,0.01288513087052362,True
P27,shape_sorter_interaction,1,shape_sorter_interaction_s1_31.000,31.0,33.0,valence,3,multimodal,logreg,0.323437121102841,0,0.2906724834863207,0,-0.03276463761652032,0.03276463761652032,True
P27,shape_sorter_interaction,1,shape_sorter_interaction_s1_32.000,32.0,34.0,valence,3,multimodal,logreg,0.5030990891026546,1,0.4846715828224748,0,-0.01842750628017975,0.01842750628017975,False
P27,shape_sorter_interaction,1,shape_sorter_interaction_s1_33.000,33.0,35.0,valence,3,multimodal,logreg,0.5304460493707472,1,0.5310392396970559,1,0.000593190326308668,0.000593190326308668,True
P27,shape_sorter_interaction,1,shape_sorter_interaction_s1_34.000,34.0,36.0,valence,3,multimodal,logreg,0.6136914199001309,1,0.6099466220234644,1,-0.0037447978766664836,0.0037447978766664836,True
P27,shape_sorter_interaction,1,shape_sorter_interaction_s1_35.000,35.0,37.0,valence,3,multimodal,logreg,0.5929976751525332,1,0.6209933767079924,1,0.027995701555459163,0.027995701555459163,True
P27,shape_sorter_interaction,1,shape_sorter_interaction_s1_36.000,36.0,38.0,valence,3,multimodal,logreg,0.5230993262822261,1,0.5695751295935697,1,0.0464758033113436,0.0464758033113436,True
P27,shape_sorter_interaction,1,shape_sorter_interaction_s1_37.000,37.0,39.0,valence,3,multimodal,logreg,0.4354814269570342,0,0.4342385142207462,0,-0.00124291273628796,0.00124291273628796,True
P27,shape_sorter_interaction,1,shape_sorter_interaction_s1_38.000,38.0,40.0,valence,3,multimodal,logreg,0.5366324461472068,1,0.4525192602945158,0,-0.08411318585269106,0.08411318585269106,False
P27,shape_sorter_interaction,1,shape_sorter_interaction_s1_39.000,39.0,41.0,valence,3,multimodal,logreg,0.6322137747557003,1,0.690151844916577,1,0.05793807016087671,0.05793807016087671,True
P27,shape_sorter_interaction,1,shape_sorter_interaction_s1_40.000,40.0,42.0,valence,3,multimodal,logreg,0.5334165195368179,1,0.5574785511477834,1,0.02406203161096554,0.02406203161096554,True
P27,shape_sorter_interaction,1,shape_sorter_interaction_s1_41.000,41.0,43.0,valence,3,multimodal,logreg,0.4551998222734926,0,0.4857468331629498,0,0.030547010889457216,0.030547010889457216,True
P27,shape_sorter_interaction,1,shape_sorter_interaction_s1_42.000,42.0,44.0,valence,3,multimodal,logreg,0.4435888980228527,0,0.4643147680982004,0,0.020725870075347708,0.020725870075347708,True
P27,shape_sorter_interaction,1,shape_sorter_interaction_s1_43.000,43.0,45.0,valence,3,multimodal,logreg,0.5580459397477119,1,0.5651963348329401,1,0.0071503950852281895,0.0071503950852281895,True
P27,shape_sorter_interaction,1,shape_sorter_interaction_s1_44.000,44.0,46.0,valence,3,multimodal,logreg,0.5524909506653024,1,0.5673316875757514,1,0.01484073691044896,0.01484073691044896,True
P27,shape_sorter_interaction,1,shape_sorter_interaction_s1_45.000,45.0,47.0,valence,3,multimodal,logreg,0.2734451521699669,0,0.3663672555360782,0,0.09292210336611129,0.09292210336611129,True
P27,shape_sorter_interaction,1,shape_sorter_interaction_s1_46.000,46.0,48.0,valence,3,multimodal,logreg,0.120903491648467,0,0.11514248434802944,0,-0.005761007300437562,0.005761007300437562,True
P27,shape_sorter_interaction,1,shape_sorter_interaction_s1_47.000,47.0,49.0,valence,3,multimodal,logreg,0.3333045265884133,0,0.255396855421291,0,-0.07790767116712233,0.07790767116712233,True
P27,shape_sorter_interaction,1,shape_sorter_interaction_s1_48.000,48.0,50.0,valence,3,multimodal,logreg,0.3347606259624806,0,0.3626804443362266,0,0.02791981837374602,0.02791981837374602,True
P27,shape_sorter_interaction,1,shape_sorter_interaction_s1_49.000,49.0,51.0,valence,3,multimodal,logreg,0.3787883939263708,0,0.3462408346589643,0,-0.03254755926740649,0.03254755926740649,True
P27,shape_sorter_interaction,1,shape_sorter_interaction_s1_50.000,50.0,52.0,valence,3,multimodal,logreg,0.4082885853788911,0,0.45348415706428225,0,0.04519557168539112,0.04519557168539112,True
P27,shape_sorter_interaction,1,shape_sorter_interaction_s1_51.000,51.0,53.0,valence,3,multimodal,logreg,0.380981489241345,0,0.34699309078002855,0,-0.03398839846131646,0.03398839846131646,True
P27,shape_sorter_interaction,1,shape_sorter_interaction_s1_52.000,52.0,54.0,valence,3,multimodal,logreg,0.5155066348197732,1,0.4139271080747191,0,-0.1015795267450541,0.1015795267450541,False
P27,shape_sorter_interaction,1,shape_sorter_interaction_s1_53.000,53.0,55.0,valence,3,multimodal,logreg,0.7262445948828051,1,0.7108456485048953,1,-0.015398946377909839,0.015398946377909839,True
P27,shape_sorter_interaction,1,shape_sorter_interaction_s1_54.000,54.0,56.0,valence,3,multimodal,logreg,0.7268127524246184,1,0.7454373456814668,1,0.0186245932568484,0.0186245932568484,True
P27,shape_sorter_interaction,1,shape_sorter_interaction_s1_55.000,55.0,57.0,valence,3,multimodal,logreg,0.5030583537812714,1,0.5411688650606636,1,0.038110511279392245,0.038110511279392245,True
P27,shape_sorter_interaction,1,shape_sorter_interaction_s1_56.000,56.0,58.0,valence,3,multimodal,logreg,0.5027453556531281,1,0.545260210057118,1,0.04251485440398994,0.04251485440398994,True
P27,shape_sorter_interaction,1,shape_sorter_interaction_s1_57.000,57.0,59.0,valence,3,multimodal,logreg,0.407004732608675,0,0.4652899560478338,0,0.05828522343915882,0.05828522343915882,True
P27,shape_sorter_interaction,1,shape_sorter_interaction_s1_58.000,58.0,60.0,valence,3,multimodal,logreg,0.3760123987317028,0,0.4044990162672312,0,0.028486617535528447,0.028486617535528447,True
P27,shape_sorter_interaction,1,shape_sorter_interaction_s1_59.000,59.0,61.0,valence,3,multimodal,logreg,0.480491760523873,0,0.4719127337779035,0,-0.008579026745969498,0.008579026745969498,True
P27,shape_sorter_interaction,1,shape_sorter_interaction_s1_60.000,60.0,62.0,valence,3,multimodal,logreg,0.5022019539862964,1,0.5391356378319992,1,0.036933683845702836,0.036933683845702836,True
P27,shape_sorter_interaction,1,shape_sorter_interaction_s1_61.000,61.0,63.0,valence,3,multimodal,logreg,0.5229760491671273,1,0.52457056820358,1,0.0015945190364526907,0.0015945190364526907,True
P27,shape_sorter_interaction,1,shape_sorter_interaction_s1_62.000,62.0,64.0,valence,3,multimodal,logreg,0.5533224299788457,1,0.5879981965003495,1,0.034675766521503726,0.034675766521503726,True
P27,shape_sorter_interaction,1,shape_sorter_interaction_s1_63.000,63.0,65.0,valence,3,multimodal,logreg,0.5025171420628566,1,0.5395093023983859,1,0.03699216033552932,0.03699216033552932,True
P27,shape_sorter_interaction,1,shape_sorter_interaction_s1_64.000,64.0,66.0,valence,3,multimodal,logreg,0.6609917566445651,1,0.6587679951969486,1,-0.00222376144761649,0.00222376144761649,True
P27,shape_sorter_interaction,1,shape_sorter_interaction_s1_65.000,65.0,67.0,valence,3,multimodal,logreg,0.4474937075468951,0,0.46337117347032664,0,0.015877465923431533,0.015877465923431533,True
P27,shape_sorter_interaction,1,shape_sorter_interaction_s1_66.000,66.0,68.0,valence,3,multimodal,logreg,0.1214583430498399,0,0.1976267118101247,0,0.0761683687602848,0.0761683687602848,True
P27,shape_sorter_interaction,1,shape_sorter_interaction_s1_67.000,67.0,69.0,valence,3,multimodal,logreg,0.1342065412830888,0,0.12966808802470728,0,-0.0045384532583815085,0.0045384532583815085,True
P27,shape_sorter_interaction,1,shape_sorter_interaction_s1_68.000,68.0,70.0,valence,3,multimodal,logreg,0.420387757902621,0,0.37151826232447394,0,-0.04886949557814707,0.04886949557814707,True
P27,shape_sorter_interaction,1,shape_sorter_interaction_s1_69.000,69.0,71.0,valence,3,multimodal,logreg,0.231298874523184,0,0.23090548133927874,0,-0.0003933931839052718,0.0003933931839052718,True
P27,shape_sorter_interaction,1,shape_sorter_interaction_s1_70.000,70.0,72.0,valence,3,multimodal,logreg,0.4721379219142377,0,0.3462996605290657,0,-0.125838261385172,0.125838261385172,True
P27,shape_sorter_interaction,1,shape_sorter_interaction_s1_71.000,71.0,73.0,valence,3,multimodal,logreg,0.2599602836256001,0,0.2983753356425566,0,0.0384150520169565,0.0384150520169565,True
P27,shape_sorter_interaction,1,shape_sorter_interaction_s1_72.000,72.0,74.0,valence,3,multimodal,logreg,0.3012056065335276,0,0.23658543747718216,0,-0.06462016905634546,0.06462016905634546,True
P27,shape_sorter_interaction,1,shape_sorter_interaction_s1_73.000,73.0,75.0,valence,3,multimodal,logreg,0.4098678065646206,0,0.38073569488720493,0,-0.02913211167741564,0.02913211167741564,True
P27,shape_sorter_interaction,1,shape_sorter_interaction_s1_74.000,74.0,76.0,valence,3,multimodal,logreg,0.5387571158566773,1,0.5487856203614466,1,0.010028504504769331,0.010028504504769331,True
P27,shape_sorter_interaction,1,shape_sorter_interaction_s1_75.000,75.0,77.0,valence,3,multimodal,logreg,0.4927681844783895,0,0.49371261521379806,0,0.0009444307354085635,0.0009444307354085635,True
P27,shape_sorter_interaction,1,shape_sorter_interaction_s1_76.000,76.0,78.0,valence,3,multimodal,logreg,0.4605013008833157,0,0.47858737878445345,0,0.018086077901137754,0.018086077901137754,True
P27,shape_sorter_interaction,1,shape_sorter_interaction_s1_77.000,77.0,79.0,valence,3,multimodal,logreg,0.544077628394575,1,0.550180304285984,1,0.006102675891409004,0.006102675891409004,True
P27,shape_sorter_interaction,1,shape_sorter_interaction_s1_78.000,78.0,80.0,valence,3,multimodal,logreg,0.6567921560312985,1,0.6696160642722706,1,0.012823908240972126,0.012823908240972126,True
P27,shape_sorter_interaction,1,shape_sorter_interaction_s1_79.000,79.0,81.0,valence,3,multimodal,logreg,0.3769116411511751,0,0.4434173647145713,0,0.06650572356339624,0.06650572356339624,True
P27,shape_sorter_interaction,1,shape_sorter_interaction_s1_80.000,80.0,82.0,valence,3,multimodal,logreg,0.4162686455211422,0,0.44166884175696136,0,0.025400196235819184,0.025400196235819184,True
P27,shape_sorter_interaction,1,shape_sorter_interaction_s1_81.000,81.0,83.0,valence,3,multimodal,logreg,0.5428978659242568,1,0.5749650721670657,1,0.0320672062428089,0.0320672062428089,True
P27,shape_sorter_interaction,1,shape_sorter_interaction_s1_82.000,82.0,84.0,valence,3,multimodal,logreg,0.5624849127269678,1,0.5894363915979429,1,0.026951478870975154,0.026951478870975154,True
P27,shape_sorter_interaction,1,shape_sorter_interaction_s1_83.000,83.0,85.0,valence,3,multimodal,logreg,0.5756433774329639,1,0.6022115949698796,1,0.02656821753691574,0.02656821753691574,True
P27,shape_sorter_interaction,1,shape_sorter_interaction_s1_84.000,84.0,86.0,valence,3,multimodal,logreg,0.598293738223899,1,0.5932974736384187,1,-0.004996264585480303,0.004996264585480303,True
P27,shape_sorter_interaction,1,shape_sorter_interaction_s1_85.000,85.0,87.0,valence,3,multimodal,logreg,0.6520624086436395,1,0.6001649291113547,1,-0.05189747953228485,0.05189747953228485,True
P27,shape_sorter_interaction,1,shape_sorter_interaction_s1_86.000,86.0,88.0,valence,3,multimodal,logreg,0.1982605661027039,0,0.24891973579374999,0,0.050659169691046085,0.050659169691046085,True
P27,shape_sorter_interaction,1,shape_sorter_interaction_s1_87.000,87.0,89.0,valence,3,multimodal,logreg,0.2676087381209812,0,0.2580168287816774,0,-0.009591909339303761,0.009591909339303761,True
P27,shape_sorter_interaction,1,shape_sorter_interaction_s1_88.000,88.0,90.0,valence,3,multimodal,logreg,0.099973054830023,0,0.11947953491710493,0,0.01950648008708193,0.01950648008708193,True
P27,shape_sorter_interaction,1,shape_sorter_interaction_s1_89.000,89.0,91.0,valence,3,multimodal,logreg,0.1293779077896742,0,0.08123585717901716,0,-0.048142050610657044,0.048142050610657044,True
P27,shape_sorter_interaction,1,shape_sorter_interaction_s1_90.000,90.0,92.0,valence,3,multimodal,logreg,0.6078412052873875,1,0.5846693006855609,1,-0.02317190460182661,0.02317190460182661,True
P27,shape_sorter_interaction,1,shape_sorter_interaction_s1_91.000,91.0,93.0,valence,3,multimodal,logreg,0.4904695573503757,0,0.5031342034956315,1,0.012664646145255865,0.012664646145255865,False
P27,shape_sorter_interaction,1,shape_sorter_interaction_s1_92.000,92.0,94.0,valence,3,multimodal,logreg,0.3514300322406095,0,0.3819641044592217,0,0.030534072218612207,0.030534072218612207,True
