participant,task,segment_id,window_id,window_start_s,window_end_s,causal_warmup_excluded,eeg_sd__Fz,eeg_se__Fz,eeg_hm__Fz,eeg_hc__Fz,eeg_mf_hz__Fz,eeg_bp_delta__Fz,eeg_se_delta__Fz,eeg_bp_theta__Fz,eeg_se_theta__Fz,eeg_bp_alpha__Fz,eeg_se_alpha__Fz,eeg_bp_beta__Fz,eeg_se_beta__Fz,eeg_bp_gamma__Fz,eeg_se_gamma__Fz,eeg_sd__C3,eeg_se__C3,eeg_hm__C3,eeg_hc__C3,eeg_mf_hz__C3,eeg_bp_delta__C3,eeg_se_delta__C3,eeg_bp_theta__C3,eeg_se_theta__C3,eeg_bp_alpha__C3,eeg_se_alpha__C3,eeg_bp_beta__C3,eeg_se_beta__C3,eeg_bp_gamma__C3,eeg_se_gamma__C3,eeg_sd__Cz,eeg_se__Cz,eeg_hm__Cz,eeg_hc__Cz,eeg_mf_hz__Cz,eeg_bp_delta__Cz,eeg_se_delta__Cz,eeg_bp_theta__Cz,eeg_se_theta__Cz,eeg_bp_alpha__Cz,eeg_se_alpha__Cz,eeg_bp_beta__Cz,eeg_se_beta__Cz,eeg_bp_gamma__Cz,eeg_se_gamma__Cz,eeg_sd__C4,eeg_se__C4,eeg_hm__C4,eeg_hc__C4,eeg_mf_hz__C4,eeg_bp_delta__C4,eeg_se_delta__C4,eeg_bp_theta__C4,eeg_se_theta__C4,eeg_bp_alpha__C4,eeg_se_alpha__C4,eeg_bp_beta__C4,eeg_se_beta__C4,eeg_bp_gamma__C4,eeg_se_gamma__C4,eeg_sd__Pz,eeg_se__Pz,eeg_hm__Pz,eeg_hc__Pz,eeg_mf_hz__Pz,eeg_bp_delta__Pz,eeg_se_delta__Pz,eeg_bp_theta__Pz,eeg_se_theta__Pz,eeg_bp_alpha__Pz,eeg_se_alpha__Pz,eeg_bp_beta__Pz,eeg_se_beta__Pz,eeg_bp_gamma__Pz,eeg_se_gamma__Pz,eeg_sd__PO7,eeg_se__PO7,eeg_hm__PO7,eeg_hc__PO7,eeg_mf_hz__PO7,eeg_bp_delta__PO7,eeg_se_delta__PO7,eeg_bp_theta__PO7,eeg_se_theta__PO7,eeg_bp_alpha__PO7,eeg_se_alpha__PO7,eeg_bp_beta__PO7,eeg_se_beta__PO7,eeg_bp_gamma__PO7,eeg_se_gamma__PO7,eeg_sd__Oz,eeg_se__Oz,eeg_hm__Oz,eeg_hc__Oz,eeg_mf_hz__Oz,eeg_bp_delta__Oz,eeg_se_delta__Oz,eeg_bp_theta__Oz,eeg_se_theta__Oz,eeg_bp_alpha__Oz,eeg_se_alpha__Oz,eeg_bp_beta__Oz,eeg_se_beta__Oz,eeg_bp_gamma__Oz,eeg_se_gamma__Oz,eeg_sd__PO8,eeg_se__PO8,eeg_hm__PO8,eeg_hc__PO8,eeg_mf_hz__PO8,eeg_bp_delta__PO8,eeg_se_delta__PO8,eeg_bp_theta__PO8,eeg_se_theta__PO8,eeg_bp_alpha__PO8,eeg_se_alpha__PO8,eeg_bp_beta__PO8,eeg_se_beta__PO8,eeg_bp_gamma__PO8,eeg_se_gamma__PO8
P27,pick_place,1,pick_place_s1_0.000,0.0,2.0,True,1262.1358221729847,1.4770363329264755,0.18845203781347408,3.2752901797468192,2.0,539389.3147762393,1.1145915554050665,1280.888779738208,0.993549802188298,24.13965270420277,1.8816332681971921,13.249765197933494,3.8017797172862355,2.4135513862298534,3.348031507856436,1225.844560028896,1.4705790579766242,0.19098932716525222,3.2457000982371693,2.0,506500.98775323987,1.1121295810046352,1204.5198081373726,0.9865318179183189,17.93845862686144,1.9910756011846824,6.7729282545123795,3.778546184424682,1.9335750048125502,3.4045850158148654,505.687186023858,1.466205871508535,0.19700936913657824,3.170305862336512,2.0,84474.21808125179,1.1174866375637513,203.9659562315603,1.054507683755238,4.365325554740398,1.7999486864487115,5.28147390920553,3.8076798370417153,0.5825917711521029,3.26825846550306,303.70768960443644,1.4315164261111635,0.2159556029098126,2.970315929138009,2.0,29021.70347548843,1.1125722814903436,73.03865217833341,1.0443373107900227,5.399858933364816,2.022545852543494,4.958770909811906,3.921589663178802,0.41627369026836625,3.296055739939677,1863.395665901088,1.4704689184130864,0.19213769775482598,3.2328156694894465,2.0,1167793.2312669482,1.1125641405391147,2724.4444127326874,0.9914557596143216,38.85495379694916,1.857650099064863,10.350704880241876,3.777184414383627,4.059956679876786,3.4471264743786367,635.5590978136646,1.4675273773409596,0.19543853627675514,3.1922649935572966,2.0,134141.00544306965,1.113394159680415,316.5807140942854,1.0170077692236679,6.564737032581432,2.0866789460336244,5.785970954293404,3.654968841730843,0.8350268682447809,3.3323442675144292,843.0009312487816,1.4723834645342273,0.19024197229240025,3.2587629779615277,2.0,240881.3734319177,1.110569528197853,566.8795056186825,1.0181540418424244,10.87866998796197,1.918622263669877,6.5689560233654545,3.7932128441459696,1.4400395856465544,3.3425662549340895,817.6065039467318,1.474687466984269,0.18781519617249454,3.2831685018439796,2.0,227549.66012114324,1.1099494760236466,530.9255848431532,1.0027424118197612,11.121405021281976,2.0954702257759164,11.817734943986364,3.8549534366164466,2.0934985206579837,3.3462055107120614
P27,pick_place,1,pick_place_s1_1.000,1.0,3.0,True,196.40819600532572,1.1797511954217201,0.03484138488732488,5.093771574503268,2.0,11999.8817095275,0.7714629131049309,22.62565029930427,1.7435702959776527,7.338500140164051,2.2061161034416044,11.528647811613912,3.7233300982160586,1.2494216095586266,3.2186375019233764,191.8487595295319,1.1357561244162904,0.033967947697623777,3.8068062957802784,2.0,11546.181655462013,0.748609432022295,5.367322195227251,1.8477219930799076,2.9235020760325887,2.160189601244029,5.312821931090262,3.9072385594047865,0.5869990832333519,3.1721703879921535,78.1122705943891,1.2054507980516727,0.036266076071242666,7.195590161165016,2.0,2046.7726849634748,0.8316460365600585,10.287270805920933,1.70348256703723,1.435146626258221,2.0559987955525365,4.330853729079773,4.002310540736077,0.40906490893539094,3.300456163737532,45.731403067656444,1.1105165957497773,0.04483486843671158,9.736415488709696,2.0,652.9749516941962,0.8053884975563796,4.4909181141178935,2.1908125355842687,2.490393749406158,2.164500160541377,5.398831981058423,3.8951259625092387,0.5947333977220515,3.1379684490007342,290.22592794012064,1.1291200940444752,0.033251082540192045,1.6156982666418376,2.0,26415.830857992336,0.7561184207802092,7.394679202452453,1.6594317774521925,2.463420740515431,1.6930259659244677,1.4895451191334235,3.857884457377663,0.12654858820238163,3.2193435354599216,97.68482855437976,1.156467108390716,0.036483303589976354,7.090048797300735,2.0,2991.18620022225,0.7631593785396528,3.2619977882479936,2.1066774942203974,2.3997135700047374,2.1716091692601887,10.390343089785373,3.4943242265264276,0.5539101888083291,3.255491253849893,133.08493587422876,1.1890732378208855,0.03599308199020228,6.526597759395723,2.0,5536.410668916698,0.7561952036022166,16.973275252991016,2.253894050007047,6.6679772674935665,2.010459661507647,9.15864160835109,3.808667084980828,1.1678085773448075,3.2556212003159626,129.19981061559298,1.1949425168992232,0.038627910070099955,9.255394965372536,2.0,5186.884124475167,0.7662907695866048,4.083463399039209,2.232054075210942,4.557600933239668,2.217628083265769,16.42660359431482,4.0522440276586496,2.757877675579069,3.321076767140824
P27,pick_place,1,pick_place_s1_2.000,2.0,4.0,False,24.626506229472223,1.9062139545517436,0.08038275658828976,6.750023899413232,2.0,174.99624234555358,0.84066700257946,7.660518259636764,2.309048339285603,3.826908793800714,1.990617458659186,11.017637828486107,3.9050022788541745,0.6073186131673568,3.1889853100282854,25.413701716547344,1.6994738767548248,0.06211781647591744,8.484847107509733,2.0,178.28710550838102,0.9419380276137725,1.0783828789011072,2.062682646544269,1.0896937395628559,2.1823822556327723,5.068792989442786,3.9201308895186098,0.49634704163199606,3.1083398954394457,11.486220829581718,2.3059488145985236,0.10751567675194233,5.2129539700409495,2.0,29.02466109790745,1.161819067229756,1.6301227398837816,1.892287808160055,0.8731714940173485,1.9370877401017825,3.4732631122507542,3.893216676710636,0.35196529283480726,3.3350295627457935,6.2763916016085775,2.96874324696547,0.19346527640610792,3.12715952512469,2.0,15.501124609247125,1.2887610140917043,1.4868268208228148,1.9249271568680484,0.798431539981649,2.158916607068951,4.134978663294068,3.872020974855525,0.3085691932296075,3.077878303768502,32.16287338327247,1.477609593810566,0.04148011078055155,8.059468768838201,1.0,279.3605390379996,0.7310754161758073,1.7141933007755692,2.2613581068958575,1.3530977105405375,1.871627304848554,2.256747591715526,3.8425132619678806,0.10866254146053278,3.2150066921535734,13.487627423486575,2.38943096259307,0.12692217457031058,4.245925012954825,2.0,54.17741380479049,0.9156023646872634,3.3855876852301328,2.126292974801633,2.3046988760736986,2.173245508118749,9.986767713149511,3.700087075790144,0.5980227902275047,3.22262168907292,18.73652986149069,2.0016911143782057,0.09087863257593352,6.455084841804438,2.0,83.62476032082662,0.9717722183706016,2.0672498193225874,2.151412639175583,1.5068437104373538,2.013978414748075,6.0369758197010706,3.9096712924926966,0.5921552258996484,3.1071259248312497,15.034218973821087,2.4631299700571274,0.1474035897998912,4.611065344202645,2.0,85.82643748164733,1.2046061533829397,1.8088819297772172,2.082034821080378,1.396962402001873,1.9367264232840031,12.947092427886677,3.9087262246929324,1.941111118768768,3.363436655394678
P27,pick_place,1,pick_place_s1_3.000,3.0,5.0,False,6.043841587701122,4.265915001155853,0.27667726293576483,2.105896440593409,5.0,12.882228004899803,1.989752376166368,6.48641745361647,2.1045912348100235,2.765466049112818,1.8986050969964454,7.883175998176179,3.996661726696872,0.3768453685235754,3.0424131014975795,3.783973841371278,3.982976810309056,0.285219156626163,2.321217371789222,3.0,4.637098178453912,1.4246773384275442,1.1661690412710721,2.2484761573510657,0.6738337786049642,2.2661220636307213,3.133235068776679,3.836675746963024,0.4101524695597766,3.253292984195588,3.2229116118830987,4.179887198260617,0.3341701068781829,1.9203357279043518,4.0,4.383486656654665,1.8884315270067202,1.558859389241034,1.9718021085253523,0.4929879606459478,2.169891675409593,2.024387461061605,4.032588088992018,0.5664691394741815,2.9526153129427195,2.8180035475177068,4.3861949641344715,0.34430292227639914,1.7573003606133024,9.0,2.843261316718288,1.7390537190524862,0.9638580837565116,2.07544953896243,1.0350282742595596,2.1224472895041417,2.729737712775144,3.7376701354315456,0.2387015487251224,2.893675257340334,5.3578561877977045,3.065511773603432,0.1467851624709697,3.848140792004417,2.0,5.353360578667839,1.1709797618795255,0.9924152199493957,2.2612546988826154,0.5860858637086661,2.1206234449008416,1.9752577402505476,3.894305715171681,0.12869682719961922,3.121846886629756,4.129095971855327,4.389839488661623,0.3266764120465279,1.8668003399923778,7.0,5.661875832298279,1.849189231420381,1.966196711507855,2.0359485528432937,1.5074224148096838,2.2810307642088326,5.341430272837587,3.5898274338435474,0.39449545920181917,3.2268614326741485,4.758034628686017,3.8838135336917836,0.27265259441112155,2.363061839689342,3.0,7.884792473943268,1.6805684909697796,2.264819825808482,2.117159911494838,0.8091250160753926,2.1690604517405863,3.6517496506332208,3.7834104456250315,0.674202021903276,3.10154263776244,5.09004662337821,4.278551634814054,0.3364435259725969,2.005847612871981,5.0,7.673072302180053,1.498732417598437,2.650070718713807,2.2812298807850517,0.8334962426355157,1.9889000734973783,6.291543626059592,4.130004820553084,1.1154717356105968,3.162427157350336
P27,pick_place,1,pick_place_s1_4.000,4.0,6.0,False,6.906427458389879,3.5683375358345706,0.21827822097685795,2.7735835890860563,4.0,27.287749309494465,1.9829308825952654,10.901044649888298,1.9099166688236848,2.9122286370068715,1.8645728734446638,4.424594825167377,3.9697284396199937,0.6968820597475802,3.1213791830239583,2.868398385311564,4.704991847738707,0.36885977865788433,1.7945901344241244,8.0,2.0737312096835505,1.9071639226699553,1.9915895497335874,2.287004831456549,1.3565184892239268,2.0782126338039184,2.442288779470569,3.934929224483777,0.4207282621851053,3.2715606335401746,3.111878928813185,4.57256424852162,0.32494425865792365,1.9037516582113116,8.0,1.7884651274547605,1.9083918237972335,3.1149050840553647,2.232814133814654,1.1590946021265702,2.1077648861059313,2.04210828033088,4.124904545892422,0.4812051700158007,2.9538441808147526,3.072110182159044,4.187495843860726,0.27643246076156297,2.1455564895174883,5.0,4.221944968689489,1.8711479783814753,1.801089681444004,2.24568099203642,1.6387045772351678,2.132841811392064,1.7662918122075544,4.002945498992583,0.1846480915027129,3.0817474479817184,2.4636269660477503,4.246842112596355,0.2806321661333136,2.0490913898095138,5.0,2.73128436253257,1.9096987385944146,1.2292772198162771,2.26418420974335,0.8898206545429652,2.2934249549223473,1.414762343322163,3.680635396280963,0.1419290947484455,3.278776571824824,4.757287931077575,3.912311394953072,0.2623566791323334,2.3437342048363514,4.0,13.331315389051213,1.935312679555273,3.346811944831968,1.879733092881871,1.7554612539379248,2.2676186582280367,4.7195714561233135,3.880667343475269,0.3951855770439012,3.209749201717491,3.946490933911547,4.44624457658797,0.3054063806013727,2.0939893434916956,6.0,3.761188586801016,1.9158663384302472,5.224289756010652,2.188282038895821,1.810297520688267,2.1669767106934663,3.3970299585185697,3.8008476399722855,0.6271714573742111,3.2093159761788472,5.347244692379749,4.508600008039981,0.3179099784814868,1.9838065049119158,8.0,6.356837571825338,1.8523622623988518,7.825946593379243,2.3109265984895586,5.216260723142087,2.0543005637016636,6.359243166807685,3.9538039331916264,0.9037165718997278,2.9783366256554746
P27,pick_place,1,pick_place_s1_5.000,5.0,7.0,False,8.01089046529031,3.3205529281798354,0.20087631430899705,2.9610317898486493,3.0,44.02675190818276,1.8326582908684825,14.614912991035027,2.123726620623371,2.385470572032387,1.7320388456040967,6.203196349122779,3.860183101405531,0.5930345130679672,3.199410598276755,2.762693112605904,4.867237353114221,0.39123824533537827,1.6942649775718361,10.0,1.7591870195098527,1.9937313035076127,1.4285530160783475,2.2561559283867925,1.301880711513853,2.033729879819272,3.159575743091143,3.8877976433035517,0.4506120380095967,3.270544257128799,3.3722312470246587,4.26477333507505,0.3075849702221915,1.8766532135182952,7.0,3.595781525494713,1.8599080815884874,3.4397968930588347,2.1614534439963466,0.6601194508915902,2.1411441290647573,3.2089426392071063,3.638519859993436,0.2879970969647889,3.110470068021168,2.946702209943837,4.120589152237184,0.2852071432100934,2.095896972604116,4.0,3.612374450489081,1.8030363724120548,1.3841841194204194,2.1201280644025156,1.0178768073283413,2.1437637984155202,1.5913895256658641,4.0073292462103085,0.18746530935588687,3.0922286207908,2.452677649778054,4.524163564586455,0.2951412070766421,1.901927340746806,8.0,1.1645692561128704,1.8355451549480974,1.1980190575930285,2.151416973419962,0.3613502800677685,2.1543021411072747,1.921409337890555,3.7357770487429596,0.10501191420765565,3.2647891165430263,4.863550470078455,3.7667643199661724,0.271629772472628,2.1812090136001476,4.0,13.500040738114077,1.902082520511521,4.728831154713857,2.0404882134854345,1.3868224516870749,2.1905471873647793,4.228321245407993,3.7188326126322777,0.3388231148889794,3.347047515804705,4.208574426867151,4.1453488285490145,0.3025397615867024,2.0865855850056043,6.0,5.119773914797989,1.7208397709454344,6.1262983643868365,2.000566799309192,1.2741172980411082,2.065251021852971,3.38058474333999,3.8671070275723958,0.6515518827037782,3.147971855522508,5.663221334520842,4.242833001237402,0.3043498243618088,2.13710187889176,5.0,14.081639642976809,1.8123172842641615,7.488477395438369,2.2315391143755856,3.1591377217184133,2.134587864337205,7.4822449401107125,3.96948323280732,1.0409479235033379,3.2001375659757323
P27,pick_place,1,pick_place_s1_6.000,6.0,8.0,False,6.071602396510925,3.827610536357171,0.25510885702969344,2.4020149002290645,4.0,18.04949410802368,1.60246624458424,7.996046636752823,2.1235924635772405,2.047748333058563,2.1161485987169866,6.901385881064387,4.0364252780997205,0.7637247864852266,3.157972257187514,2.593353319927961,4.841303862612667,0.4256662972181519,1.5958459241606289,12.0,1.11640872118239,1.5218151473229962,0.7580027176811084,2.0302184792605678,1.5295945307602457,2.13264150392623,2.7690163108475643,3.9500109384955615,0.5261950502534571,2.974446582234144,2.9809264823621926,4.550545382589893,0.3385276282350553,1.7669464047001586,7.0,2.3997283915992504,1.921843085033171,1.7675122713627034,2.0784998426886845,1.0658222676996232,2.0204532084601414,2.1860946735171285,3.989146176454107,0.3611973239681236,3.0628185054467414,2.5733628699573883,4.506610157717652,0.35756070581946725,1.6469575568849049,11.0,1.657450022142455,1.9209310188864988,0.7135047818788761,2.1738425885021955,2.3426905008647556,1.9906016676977982,2.332895613048805,3.776155971397115,0.2548232426106836,3.1334375414033935,2.249879020752798,4.201495474592235,0.2939818093904129,1.9750600176267252,5.0,1.788459218787386,1.827079383714577,0.9360928122777598,1.9848684901234923,0.2398077335708632,2.0585125526337853,1.47528978696637,3.844822894272426,0.07571343181163466,3.231034412057607,3.8612008066803862,4.512497628031876,0.3211886318762744,1.832290757806711,10.0,3.4829144890151102,1.7325371425466027,2.218009175042146,2.0880278716729155,2.9018270119881344,2.082527267472714,3.8890756058799294,3.921020603373563,0.40843024496021374,3.2968145004753073,3.3522255445972298,4.797683470426739,0.36837706987760904,1.7914828883821983,9.0,2.3902848455599983,1.8341118616547447,2.1723388096581835,2.166261939880009,0.9617131325589341,2.2120435964676064,3.3197765726924864,4.077664753375706,0.623850511456377,3.171498079260849,4.196145984859355,4.715490409414121,0.3682609024869131,1.8597844591641643,8.0,5.23817208694792,1.7884069807281644,2.698430602892432,2.2161618185779086,1.8463793366456205,2.2453038374433034,6.556020276418732,4.05467909329072,0.9186828048119973,3.181051896167452
P27,pick_place,1,pick_place_s1_7.000,7.0,9.0,False,4.7785612871809775,4.190874836979457,0.2973879309788217,2.0934521484142343,4.0,8.92650402666216,1.716211655281896,3.506331014451284,2.2876595165072673,1.9220178678066848,2.207126110219134,4.2565870699580755,4.027858183963345,0.6593758602925478,3.0616041824250706,2.650264850060622,4.7539123962284275,0.3771377863587021,1.7239908177772933,10.0,1.1163216826158744,1.7801945617635961,1.614098832675347,2.212154744178084,0.9011617385520572,2.293903875879969,2.222294497833125,3.8472618376975376,0.32714541716198825,2.9284589819737743,2.954313605764401,4.132983853614293,0.30221102872533234,2.0533446474969708,5.0,3.329175171012081,1.7959878853117726,1.8479745949629998,1.8387182703329394,0.7710687025582554,2.1692797905176415,1.5176572121967773,3.923288229645221,0.3692058319911325,2.759250982026307,2.536577912394401,4.462657079577465,0.359357273147709,1.5492520826342713,12.0,0.7298974496444849,1.8189575115881378,0.7115409344013907,2.078652034645358,1.4544164161082898,1.7952446671685842,1.6883852703671474,3.6310787173964365,0.11924125491412424,3.289033970561628,2.361165266437461,3.398131800897103,0.23466275692618033,2.641592383031678,2.0,2.6943615510310797,1.4930002513890983,0.7152056015300048,2.102282016333483,0.45164171185159807,2.2034331648843186,0.5306115399828358,3.9496876015655302,0.13239674767262766,2.9293329330316316,3.6473014456031145,4.405372117758296,0.32968234635896254,1.7711163070260856,8.0,3.9959203668637975,1.7134795861655776,1.300485955079723,2.1807747680077094,1.5613605541576383,2.149658498149589,3.02559613000645,3.778442844056303,0.5094789637863699,3.1648360133050852,3.6624007641754788,4.505643756772307,0.3198948426435605,1.9009426870792674,7.0,3.1251034361263255,1.8217146074243433,2.8850804895764757,2.150792367432338,1.5081471304700889,2.252987798373867,2.5873767308797477,3.9856767225354544,0.3505725349889992,3.179971988883352,4.018570044289768,4.414779407932802,0.3552659421440122,1.892213596007684,6.0,5.236005580594389,1.8020835791576726,3.005149101071594,1.9667573216767875,1.5523778497474998,2.2067305324474384,3.2271287082689386,4.053048558993482,0.7259957388433086,3.112829302316265
P27,pick_place,1,pick_place_s1_8.000,8.0,10.0,False,4.942810894309958,4.197374617552703,0.28774567461951817,2.0666193075889994,5.0,10.012177557440502,1.7097614980112499,4.885810456905308,2.309279993476054,2.1890342772795,2.1001337640164244,5.093403742119615,3.9734084732795396,0.5661980644424518,3.015092802562419,2.3482295189677607,4.684221183513552,0.361045002133985,1.7192907536604236,9.0,0.9646398384137848,1.888139313043984,1.1379937357475305,1.948042419478826,0.475605515503708,2.2596107481286856,1.8234802727025023,3.8846332537388006,0.23146902819220008,2.996766945392297,2.816829584965596,3.832896860745271,0.2838751490577364,2.159970378719124,5.0,3.965393444385422,1.8680856873743361,2.3324435449789314,1.8659348885177744,0.4035638584747201,2.1075792377719864,1.2487030616695076,3.918808120704836,0.2566634192423959,2.965470632593116,2.272251760493313,4.63096374403353,0.346427117549003,1.5905791035273624,9.0,1.0559907683635323,1.7793426783194315,1.1442015353692607,2.203057964136047,0.7849789880132448,2.2898341049029,1.6372417453316839,3.8673449995292675,0.10187093775347605,3.095499164825228,2.1795401655403004,3.75152898527023,0.27104231539647433,2.1188169699665793,3.0,2.016697173149363,1.4695573330105798,0.7101206369998574,2.2204862530213028,0.2863407608423087,2.088597943581931,0.8289978585689859,3.7876753528801723,0.08494908065591844,2.788612290444655,3.247777809459444,4.411105885038839,0.3436513297071114,1.7897689610558125,8.0,3.9088339170319206,1.7750998772702986,1.5964960637414136,2.0938400825882812,0.7808362417442555,2.2411925491765445,3.831083660602693,3.701517108413307,0.3886223089757398,3.230291299074446,3.7365440975247446,4.219097318913094,0.2990551003643012,1.928426397799672,6.0,4.418988384566811,1.7854700717092091,3.624236046060303,2.2181309794233064,1.9533832902268662,1.8656779915742698,2.653217600440957,3.762785628364643,0.3007534784831305,3.2155089905272574,4.085438446319312,4.329164842295255,0.3368346150147183,1.9926615915358021,5.0,6.903660526069019,1.8857058856544868,4.374575937535965,2.1242121381248964,1.4646565634937478,2.0196617992448846,4.039558121905788,3.8480216927240853,0.8676368920531918,3.176650174316654
P27,pick_place,1,pick_place_s1_9.000,9.0,11.0,False,5.193860978637299,4.180652145179455,0.2702980500139404,2.109253261728844,6.0,9.594427172388553,1.6779650898152447,4.558603385014952,2.2317903806696338,3.431037570635141,2.226880268890718,5.4052430177326105,3.8438953823147233,0.4907088742087602,2.891411016748836,2.4931272650918204,4.566599639275601,0.37612007873416603,1.6771145393832467,10.0,1.705398043446774,1.9634360058488527,0.9885297106280597,1.997976085740342,1.0941145428365118,2.082319018493364,2.2092192885987405,3.67525847923615,0.2748815441581655,2.425107556454234,3.118018742314685,4.031229537420065,0.28508919310924746,1.9744397832080904,4.0,4.284719570107121,1.583415334893798,0.8625591907871717,2.2374849699100072,0.8938450962808406,2.192625530227669,3.023330749420268,3.6383586189509125,0.21127533628973508,3.1029513934775674,2.17552327532841,4.752735137443435,0.3528156679234342,1.739784870685248,9.0,0.9710523459826219,1.963441876849712,1.03915965735837,2.1800107064994205,0.6276978282176515,2.1368850925672365,1.6100724311141883,4.04393948866296,0.14718765929552716,3.2014739635976874,1.9666038433279502,4.546436024149418,0.308115799283296,1.833083932688102,12.0,0.9143099871442615,1.7120035356635317,0.3932351530395718,2.1925486360026207,0.6006600050951669,2.1555027884442843,1.6394403049144644,3.785797482880796,0.07643822338166456,3.1920978352244753,3.3341393298700495,4.425079517388623,0.31398607434995607,2.0079997567506918,6.0,3.882538424544193,1.9033201523503456,2.338975274437188,2.2288527912127387,1.1755028901870221,2.0356461415393734,2.6916225375963023,3.918446471297105,0.3766046743093393,3.293507517593575,3.771644720304296,4.428050254271468,0.31471622054568543,1.8916480511386988,9.0,4.776940213633706,1.7142435116788413,1.656350932248388,2.2825135675523027,2.3636733096982367,2.175102908783141,4.648644359911135,3.7776695491499916,0.3871143524498691,2.98968008419249,3.977405199575527,4.518877699585397,0.3946439531379121,1.6196322315000025,10.0,5.297794038162436,1.729133356053052,1.2302120472740672,2.1837674644600233,1.6029183321630567,2.182313576935162,5.890918651866486,3.796181405703887,0.7781080236984417,3.0032770185269606
P27,pick_place,1,pick_place_s1_10.000,10.0,12.0,False,4.858889990184154,3.848656558173396,0.26130863298358104,2.2142460994668864,4.0,12.123779584805018,1.8358296760958752,5.822277604632706,2.1396489263468785,2.3403593658903783,1.7056972046299215,4.09668287755827,3.6823512990646994,0.3223869009579091,3.1589597496261113,2.4761304962610104,4.71216376059356,0.37314398586405234,1.7185799140212634,10.0,1.15442284666198,1.684844349474945,0.5345255225004901,2.271761171751295,0.8452173100070404,1.9582855236124974,1.861011865485003,3.9371268677640154,0.2712722494607066,2.716007838983526,3.326832528774064,4.1370239359203635,0.27685692424840896,2.032832363744169,6.0,3.2384341749515637,1.6535266313825834,3.1439876471348915,2.212838310849272,1.549510414609418,1.7806708159016431,1.856067413113667,3.925479704801961,0.22694624046128134,3.253527506771506,2.253140284919972,4.488582071751153,0.33201372051247224,1.9633137132253424,6.0,1.4784810421206025,1.899386499572448,1.4955019751943799,2.219313339116743,0.6634865017621842,2.1928498298417343,1.1223211423705395,3.9419967388866914,0.22843057776456094,3.2182400795140835,2.223334497999288,3.4014777177614635,0.2580245239950652,2.326079468316963,3.0,3.2111493538659137,1.4204071701821124,0.48436731781341147,2.283037755004127,0.2546703963589503,2.010996714779185,0.9684468183548484,3.996520753566376,0.09395710717048761,3.130265344164307,3.328316633642066,4.405641819031294,0.30795586911068257,2.0763312255090276,8.0,2.522675530357235,1.8958025140423311,3.6050804089562,2.212229068357649,1.8357202068749516,1.7806401144525998,2.1962752205643636,3.927198404373021,0.4826786595849583,3.1748688718534046,3.8831846813633963,4.260977326781658,0.3006849617511623,2.0164025523595255,6.0,5.372908954706102,1.7368325533470859,3.5508518425352458,2.2050735465786486,2.7064582575946665,2.125305501545294,2.8907268487211804,3.8859053073639553,0.319440565930931,3.2851703313941667,3.8462233430684547,4.655449123524075,0.39631626807015635,1.6333918412266837,10.0,3.943136190066899,1.9185785308821535,1.8059323517190178,2.1531070609045506,2.513208120824768,2.0672470951457713,5.31882642725917,3.6774623108220554,0.7688227139748125,3.0384974447368394
P27,pick_place,1,pick_place_s1_11.000,11.0,13.0,False,5.2319565864206625,3.9601748098092084,0.2525554291772888,2.329292018314865,4.0,9.527724289234547,1.7660664490226259,5.69494460838736,2.1280309293730406,1.9159169663446778,2.1373269406620614,3.7563526389872504,3.943258630650746,0.49201556514494443,3.1447391929881983,2.2346089763675794,4.854606846731996,0.3922190340418918,1.6672945906479433,10.0,0.927135801861158,1.9523761958210555,0.8666328099907743,2.288440723540498,0.7802583865515181,2.218915356844937,1.5349810497969456,3.863208151263003,0.29097949927822603,3.2208758605586785,2.7894434408016435,4.665081691270389,0.3163493899993092,1.8226076391701198,9.0,0.9118225235222931,1.627062468812716,1.4106566371236162,2.06108121084812,1.3446599270038695,2.1437530972729997,1.9290187044729348,3.9300133154196493,0.23085607084400517,3.2329189626078434,1.990839524649457,4.738677392715356,0.3543204802216813,1.786233678508957,8.0,0.7650568859841076,1.9689054882207988,0.8970282693442662,2.1043901357052333,0.6640116533015277,2.1573469653658757,1.0426906070421154,3.9153732967329686,0.18863936918824878,3.304579070314748,2.3138779006846137,4.238210757091775,0.24863974429358196,2.2725273360443765,5.0,1.541552195920699,1.9457594499174087,0.6354023482277781,1.9915512643451032,0.3244217046432252,2.1077554902436053,0.9910962710944649,3.8700316395185697,0.06617264838448614,3.0344190082263287,2.868726015704293,4.749850335702081,0.358513515058992,1.816071892845269,9.0,1.4995683727050255,1.8923361155362382,1.9176044123555518,2.2806190225448533,1.1474545503037072,2.167534349084762,2.3249877053124135,3.926659285287577,0.43394017498259146,3.3179763861564555,3.242740186775591,4.746634165138073,0.3278467007518118,1.8887410053978977,9.0,1.5861385604690135,1.9690644562122732,2.3755220619312074,2.2897127265985264,1.5493935471410911,2.263895729232621,2.5545632115615513,3.9296637425721643,0.274818970703666,3.2504133947226332,3.68576069720732,4.826846188199772,0.3903514261964426,1.7274322952764833,10.0,2.4744196381613053,1.7244916996398167,1.6159578854547443,2.2363832234081213,2.0642726578213577,2.0895742130199624,4.39950094945732,3.810464645405953,1.0010873452521527,3.3456658056927004
P27,pick_place,1,pick_place_s1_12.000,12.0,14.0,False,5.456555930036809,4.036444286945668,0.2791925318147405,2.1187094680397602,5.0,11.01450877856265,1.828432536983088,7.609838142946334,2.1635163354272064,1.7165854526751274,1.7448407268181487,5.30038017317826,3.723430637093932,1.0164800394905642,3.1576599432633468,2.487193206352332,4.919953336721066,0.40014171616225297,1.6682650993521935,12.0,1.1587262826377578,1.8096802903285287,1.0126494932172367,2.2670176621119738,0.5995878613008666,2.0352827601357997,2.3676747059737324,3.9372388238460645,0.47661773717542155,3.2122951624104643,2.703977332882634,4.647809762248506,0.3588672022849168,1.6224434881792584,9.0,1.214767691749591,1.9685748919313681,2.0635224008897786,2.244422160152267,0.785897092966064,1.7455882139375114,2.782560174931121,3.7910219326530465,0.3137003061675699,3.078674595528409,2.274313381781398,4.670683302709019,0.3586372547931189,1.646194783143105,11.0,0.863876466822922,1.8845066377982103,0.9118641815488967,2.246568337981755,1.427780577958568,2.1595004406217324,1.8604154886236375,3.82915997799026,0.1730259079559186,2.9944917846686376,2.1342705615764435,4.101668273329681,0.29157515143706086,1.8647093921052007,5.0,2.037983717342947,1.9095138276658636,0.9069424229820258,1.9165459925983193,0.2033755058055408,2.0876052089474513,1.384668671532854,3.7141514497560495,0.06847636264615528,3.095352299312285,3.2575235406052108,4.808779215859534,0.38101269485532485,1.6080547396372242,11.0,1.4306164782790658,1.9111507710595212,2.339441757067778,2.2509606333163084,0.7081845742257231,2.119568726038158,3.833487641022201,3.9410291454703064,0.40672131776741594,3.2328667991146354,3.362237054091015,4.562472081701734,0.3400172050978221,1.8985582951205633,8.0,2.700290034904328,1.8590787077018873,2.587285300162012,2.1991179812968906,0.9750625267164557,1.5967963668933252,3.305880901160844,3.9073738737658132,0.5019556214455421,3.1629184784037205,4.081308166241961,4.816994788452983,0.4188823455076452,1.5721058811599093,14.0,3.4483405762627726,1.5528360786610256,2.158747721088847,2.252813557853274,1.133827531240157,1.9472012320509982,8.563727753018789,3.9730654914051518,1.1542723839524147,3.2527759132102316
P27,pick_place,1,pick_place_s1_13.000,13.0,15.0,False,5.123681480159105,4.373106155130634,0.31634145387398643,1.9112645453763606,7.0,5.725007630899459,1.890130506894116,8.518146404011294,2.1120229318918144,5.59412049731781,1.8707113635213093,5.714794205458812,3.7952452596341417,1.3970256916660844,3.042736996604375,2.902056775540445,4.553135463797906,0.32855197544003373,1.9985486063094078,8.0,1.5112541305274425,1.8142795534952099,2.3585719996047745,2.3024244917919137,1.620615297903566,2.21194712015062,1.557698728878375,3.8755994782304164,0.3676404202285587,3.17357880166107,3.032393768653259,4.32191943068159,0.3073594945536384,1.9013881282427807,8.0,1.3248239245675286,1.9051561147642524,3.5425902185927978,2.1257183517168,1.2790025454307712,1.6692732884180699,2.1570002945339617,4.00659645609321,0.2902199291436114,2.694420512752516,2.508308634713336,4.774887203189302,0.3355868333726804,1.7555261800581237,11.0,1.0914624771462245,1.9321177389372814,1.1841278460149431,2.1811328666903123,0.8491366784234216,2.0923908526519077,2.0876858913818093,4.03278762246922,0.15796211560621748,2.938719234938731,2.063416925694759,4.482797793485907,0.30242614156512043,1.8538079730935588,7.0,1.2576623186162739,1.9597093548947289,1.0365954677988163,2.113747925311447,0.6218690061004422,2.218596368858083,1.20385983110218,3.882738805866332,0.10174165630167016,3.08978298461414,3.4791449429827637,4.70623994389475,0.35441015857414393,1.6893934000011444,10.0,1.5776843417335433,1.5736881215673915,3.0058616257897963,2.0278871902009947,1.4832974658430846,2.2428265991903,4.703768843445478,3.934112870900616,0.39259343099880195,3.1670090509876996,3.737055774644208,4.320274729767385,0.3189423978985586,2.0215581472465947,8.0,3.4221476471812524,1.6849702857668856,3.661856895125428,2.116610316845835,2.2605852068780496,1.5647567358390944,2.7943784672545133,3.9251400265330676,0.7838949168684937,2.9021592148461526,3.9342610975706434,4.8493360088673745,0.40377579710237643,1.6358296732005628,12.0,1.5195596268286173,1.9098573476562906,2.795807316079049,2.1413832970072604,1.8250866606127354,1.8325507840989343,4.894868226774266,3.9247348982693735,1.024628949862374,3.0040881643684236
P27,pick_place,1,pick_place_s1_14.000,14.0,16.0,False,7.400190703397918,3.751720801411244,0.228588851009549,2.6017374335117975,4.0,31.035343212047223,1.8733424599562714,9.237288093271246,2.2193174763005015,5.5078220502021304,1.9834423257403269,6.236289952740342,4.0667622356212965,1.3047863941059954,2.6926237937055237,3.183426730192039,4.4544464544535005,0.3053822125949131,1.9865163151809244,7.0,3.037772882110755,1.8539711214995362,2.253380436445361,2.1475962189299076,1.250919397580289,2.1916620771894437,2.647883839497699,3.8731730083744442,0.2487798336150034,3.1453845294863636,2.9994043429764674,4.2047408460026965,0.28366947551655414,2.079039913288611,5.0,2.7805830262121365,1.7589312224624827,1.5867186284841936,1.8837816487011796,0.7848672633522136,2.1803118094843317,1.662919098183514,4.020393354417474,0.20844067855009113,2.845307612147937,2.4727857001566327,4.343141151744086,0.3372866257670441,1.8128311175669491,6.0,2.666884909317783,1.7531322351078342,0.8602575934765763,2.140230243021244,0.7496696744683715,2.074756746003447,2.0669408691883615,3.977345516400336,0.15322492333715487,3.2295655907976726,2.1616438091011454,4.453476121162089,0.3093233638138452,1.9218538628387227,6.0,1.4020983346669234,1.9325343496613492,1.0178886499233972,1.944336024766709,0.8127516346706949,2.2771991443869872,1.1797687089354216,3.962953303842891,0.1172441616941779,3.1549743952516733,4.139177840191626,3.8689513834422335,0.2697511552393116,2.3076703218687107,3.0,9.485342732784613,1.567216469069603,2.4233104181616705,2.201895223209655,1.6796182977404845,2.224785287117915,3.5017491677805097,3.9693093120668066,0.32020639697914854,3.185259969930351,4.380805207602447,4.071674179183389,0.2751015076523909,2.2029113552362203,4.0,8.435899908804888,1.8141834872961868,3.006931625739444,2.27861194203738,2.07433719350685,2.014415584243008,2.9531855219647025,4.015831628099894,0.5150474474477628,2.7118170189186652,4.067402423382998,4.701633297758614,0.40405527453932516,1.6449776391747648,10.0,4.831728572042949,1.643935529885536,2.4884567827432136,2.2293159995173197,1.753516294193143,2.2293777808037927,5.75695104408431,4.037925221575085,1.0465218943070065,2.838271473895479
P27,pick_place,1,pick_place_s1_15.000,15.0,17.0,False,7.002805220435999,3.974485307738813,0.22780562566904283,2.71155198091014,4.0,15.607442426352009,1.8179741900642947,4.887686650020788,2.229600649086488,4.506949591393509,2.2197813289990505,4.509750886524854,3.8329935742381314,0.7489835929003928,3.1134119589382356,2.952313685990483,4.5409031473058015,0.34235269295754156,1.941787519501823,6.0,2.803624934535355,1.9542769824102475,1.5594037264961258,2.2213357750580935,0.8641583323911396,2.2541593359306624,1.9326930281437809,4.044163997196671,0.27478399502553924,3.2340816366164242,2.6924461214762077,4.215608882321252,0.30938023804337905,2.0778316676632103,7.0,2.508736679405679,1.9187740389337848,1.0928657519087701,1.9161408084096703,0.9608331137809472,2.1248466597387203,1.3246598765012234,3.7863510569553442,0.20862003342160976,3.1278295614043556,2.872942127056536,4.443110670093489,0.29085535511510546,2.142594519657391,7.0,2.8195882444550655,1.8361375667860087,0.8196716240203716,2.146223043800091,1.2108420297104152,2.3005871922785848,2.0132119549034138,3.940447331076877,0.2234508548823067,3.2712032635338173,2.3204181296612907,4.288953841803663,0.30525925414707017,1.9061950286934364,6.0,1.6724358068183638,1.924804782898988,1.4410161509157495,2.2585090997091433,0.569543889708542,1.7845055520462874,0.9605138575123835,4.020016485172301,0.10835867520328502,3.2309733789216972,4.4585625078631805,4.1669202747077945,0.2759298043947492,2.270596298237342,5.0,7.536676389312534,1.901173581633715,2.7422130704654872,2.169157133617116,3.375613958699449,2.03162123950115,2.996129970901292,3.8981447813266024,0.447060596386837,3.01334474600721,4.180803732606636,4.450633043926518,0.29001686580245084,2.282967306725063,8.0,3.9436997177738573,1.841436976693295,1.881563246371852,2.1233306274338726,1.3690740360587763,2.171687771293306,3.1754130714658246,3.748188749619808,0.43434887617281115,3.190285156813428,4.082583601130058,4.577813711716886,0.4257900480548091,1.7176133517816237,11.0,5.174048678481513,1.7513089189328679,1.1884125829862013,1.7405286294832958,1.8493871953984344,1.9367779648310368,4.575159944118227,4.04632322289697,0.8912232928166264,3.1833756731584195
P27,pick_place,1,pick_place_s1_16.000,16.0,18.0,False,5.412595309775831,4.089225211216533,0.28522133503151637,2.1679407967539914,5.0,10.838964708634785,1.9205679723403788,9.951133371308883,1.8838531929667468,2.7000896670168295,2.303905780351904,5.217903924659602,3.9169150262752592,0.6472370104134402,3.207055814151624,2.8702988687059383,4.70732867814856,0.32577056843724056,2.1600275635518145,8.0,1.5791983270135452,1.831466187342604,1.4254442414067061,2.252684124798288,1.0521421454134703,2.268514587165381,1.9340335077979764,3.9498096593253513,0.3190742669573863,3.355104592749388,2.8014908638812517,4.547595801132304,0.3418148652009279,1.8305856583656355,8.0,1.6887778512880596,1.955645398458205,1.8506806655609542,1.9888314473142268,1.4466579928285,2.053785412072809,1.9238702084135666,3.809042199159735,0.2585912784934669,3.388947603903512,3.3425672392960726,4.319011075613219,0.31439602604309125,1.8782764271401287,8.0,3.4025427873455847,1.735619436170544,1.647417711254251,2.1293446456338945,2.8086551748863293,2.158564393044125,2.4026716472867515,3.5491268908329885,0.3220470730259349,3.0832508747345053,2.483700181306456,4.277152983238422,0.27658424172970586,1.9963312698046942,6.0,2.457041346500353,1.9743430612282953,1.8880477956229271,2.2541075793151273,1.0703972958390178,2.145231350791745,1.4805605662772043,3.6715834336171325,0.1263880085501158,3.2034716372044545,4.24817017846143,4.731413482516805,0.3513161260357365,1.720275458783118,9.0,3.279006066869832,1.9689164086358288,3.5223404476125193,2.2016701216310297,2.7024775884311985,2.1468606370327716,5.0465840839824425,4.001984409496705,0.4864878938891286,2.8667420057800954,3.997643333167248,4.5147371252514406,0.3529128908332205,1.8864073742875043,8.0,2.8119699650019188,1.8339927652367223,5.082915771758814,1.9761638162997284,3.421926499202665,2.226919445805202,3.281681280935535,3.8590352044431744,0.7380724529733627,3.36678653551444,3.8336131630071253,5.094643838491301,0.439164960019481,1.735095884266113,13.0,2.824172085302223,1.8548088582398126,2.064383375048754,2.0059091561295608,1.5912870764327267,2.048973115775163,5.101735069918732,4.083088522856908,1.280848169636152,3.347210908398608
P27,pick_place,1,pick_place_s1_17.000,17.0,19.0,False,5.976855617204677,4.162187174744566,0.27591389774941305,2.19791248036978,5.0,15.062175014247503,1.837164908800868,9.035235988702093,2.153279552764376,2.41804607323041,2.267739120525386,7.895042694162741,3.8946681782639487,0.8061933727359994,3.206085204291214,2.933821327876206,4.023022784240531,0.3295420679949693,2.1286183916731294,3.0,4.353864531614934,1.7083664021327776,0.8979941228915813,2.2448229354642195,0.4851385481357233,2.202546834206974,1.8410813430255233,4.00505781646505,0.3651207818473342,3.332426409578785,2.983426758186853,4.590344514512832,0.3547725520301764,1.7599385446991256,7.0,2.825803040158564,1.9604562089808788,1.6965355890682186,2.051303800024772,0.8371803338386573,2.219212536128647,3.260206129220169,3.779131921207942,0.3490191163776937,3.2276212840877427,3.0558232041876767,4.734363108583615,0.3842481035250758,1.5884253128741115,12.0,2.0036664165976683,1.8648486550969028,0.6819726631404209,2.0844409215604673,1.3044521255289205,1.9624034717715628,3.8480920545482853,3.88548452482914,0.33689583684839636,3.243459212161905,2.671408995405671,3.8674540545353446,0.2472225079711725,2.288108328984804,3.0,3.0328718615690913,1.5323235836462863,0.6078046247035938,2.212091513188432,0.6017099748254999,2.2446992896018405,1.4656670069831366,3.6593758955695046,0.1317511032922201,3.1970865355520823,3.9772097698180846,4.694395778545084,0.39815926241223004,1.5366832564416792,14.0,4.093220181061614,1.8578411076209693,1.713715541434082,1.9959354734016785,1.547496868317194,2.1726975683404497,8.416855218221269,3.7657628466947974,0.7189192536375654,3.139292056633381,4.0360407910329315,4.75727385795373,0.40345590203646037,1.6820886137133457,11.0,4.787263345851419,1.8494560665735638,1.812661234873625,2.1668672501321855,2.0676337889603023,2.1818768009721223,6.39737125311855,3.9449490359300627,0.7517852389523334,3.2966074134644807,4.808607369221905,4.622905531279104,0.4216098791715165,1.7732721932380395,6.0,8.536866666020208,1.8088370653746062,3.581978546264784,2.1484039242628485,1.6693418973808758,2.20479670688752,5.624406746727089,4.125167558834192,2.269020930387408,3.24914654970838
P27,pick_place,1,pick_place_s1_18.000,18.0,20.0,False,7.343585156545464,3.739105587647756,0.23555138486993393,2.5674096848099235,4.0,24.564711617609824,1.9282731564165108,14.926906448357,1.8767029197637781,3.2251945126408232,1.9246423877268128,6.288751418607133,3.9885963089406387,0.8553317644065085,3.1867460104189957,3.1525234723480753,4.4940296891646705,0.32898827516535795,2.152317891992312,6.0,3.6492492766866365,1.8167294897124369,1.8312190093453156,2.2041225474662656,0.6084377710839703,2.2833672886533836,2.386373901658991,4.015959843267713,0.5523982285868309,3.3351697178667687,2.990090727129213,4.600728006528075,0.31968221997532625,1.9401342909844557,7.0,2.4408022008168984,1.977410178785589,1.5129863805405417,2.123665841972857,0.7689589721952201,2.2991996811519937,2.870345062508305,3.7570332167319087,0.319420451017738,3.08534255877639,3.0410805918864283,4.348048812512222,0.33403965843292127,1.9199391574665483,5.0,3.4169364092738737,1.9623397504546687,1.1171899836323134,1.947993793991841,0.5954311630755739,2.0729757616388844,2.441982728652693,3.844536713622785,0.35364352964229456,2.958775620856504,2.7561600917636286,3.584022345188496,0.23823210647653428,2.3868424844543434,3.0,3.6565962281917455,1.6928665393998399,1.4064340320856032,2.167168967465603,0.5677670111390144,1.8139262384580424,0.8293684537877668,3.865672362951014,0.11584461847432798,3.0248873380539885,4.392356880059257,4.3469747059331425,0.32976425615376137,1.8347455845004104,5.0,7.013766373155299,1.9849861184682345,3.1331837860110356,1.886346871426641,1.5248024188814948,2.099799611204337,6.342755756136825,3.701987048011053,0.3263787608023204,3.13892269551361,4.170818027205855,4.596231871445266,0.37009032292616845,1.8783796500938659,6.0,5.95462985506633,1.9889004598844882,3.5964450971896493,1.9055462309098679,1.3963423258452892,2.23832794605877,4.983813569210157,3.8670821972852503,1.192846051149946,3.21682543845092,5.041800200991647,4.840220911450436,0.4091248706753759,1.788939419033064,9.0,6.102659973392796,1.7631215502047395,2.8505531834327167,1.9317187270025407,1.5264350530137532,2.265380632016969,7.0659036445034715,4.0558626826314805,2.3660144791209508,3.3199525366243163
P27,pick_place,1,pick_place_s1_19.000,19.0,21.0,False,7.239855357853372,4.225792821256797,0.24642848002526907,2.2989379523054683,6.0,11.35520821819975,1.5724970853549878,8.025102434322367,2.2740755219103823,2.9139519465744335,2.027726169626871,9.259239233834222,3.877480909367494,0.7302428909939824,3.2141223750281425,3.1023785583795047,4.703583767513156,0.36283084164320606,1.802777062417664,10.0,2.0935173885197895,1.9456058244301202,1.2367792797190025,2.2312516152289543,0.41790513944398167,2.1867771512532554,3.2852913156141015,3.805094994006545,0.40283053366650173,3.248946492675349,3.1610790884022775,4.632701565689862,0.35087501269763266,1.5704531037120477,10.0,2.4945820794306868,1.8514401896138835,1.1251644315548586,2.2695111301044357,1.5866952772909548,2.3034226926868113,3.5129226525091757,3.8704269917135283,0.23460473143921076,3.165120404976463,3.198948694444044,4.217061083942103,0.29253053001381957,1.9876290779763797,4.0,3.818134361213604,1.8254297018913739,1.2203361946142004,2.2037905429039757,1.05041411032197,2.0808243462575486,2.2827454192648773,3.8951275687781566,0.2301259743597237,3.1253416191190153,2.5613583780208034,4.310926017449104,0.28679598668379064,1.9249957302636864,6.0,1.758395109800088,1.786182146501444,0.8874479987922133,2.224701489420321,0.4457155204139795,2.0722616788689474,1.8402498561763567,3.6092015028117572,0.10697913162946619,2.866785656973754,4.635988520019622,4.3533287576553095,0.2958440260310049,1.8771390057600872,6.0,5.787289799045225,1.8103591762470597,4.625988192863471,2.309586231368816,1.8647078699387347,1.978764980090388,5.101717943688331,3.8909367682389475,0.24340458115656338,2.9180270770290795,4.609191745608591,4.780827738863823,0.3495228277216045,1.7473662561044416,10.0,3.1844516547768333,1.7182726356375257,3.134360644873172,2.269127921040809,1.759149592833721,2.1102371942618423,6.759195027396383,3.8883406178047712,0.8763397023471986,3.2366460294609984,4.4286389534790835,4.94609800701374,0.4254742650010767,1.5499026753563405,16.0,2.8156832469324433,1.697770537229542,1.797991044999692,2.166227804064291,1.450675626069676,1.9712491056877646,10.34360285320736,4.0166188699509275,1.0237409429057682,3.32891306034917
P27,pick_place,1,pick_place_s1_20.000,20.0,22.0,False,5.674676476571849,4.3591196164552475,0.2815404404025994,1.9833552592568409,7.0,6.431227451864529,1.741649796740844,8.779495289449427,2.0619516309844697,2.3163293521999253,2.205680263053777,8.654667896358937,3.6693104091870525,0.4677768089154915,3.3088612899629672,2.7443046932608857,4.779263532184148,0.38004885218165674,1.6321057187595964,12.0,1.365463946952115,1.9379071307503748,1.3432894980424,2.1354406630598506,0.9342750725725795,2.2733611719376023,3.0869121589665207,3.7420236714923147,0.3303118835585408,3.243463131316707,3.1604498651896824,4.691330449695126,0.3597835547012019,1.5483295153658851,13.0,1.3523474897199517,1.962236441736323,1.7888664437504609,2.1537119723032117,1.03215899999087,2.206450536584697,4.849026590202505,3.7055175331927814,0.1634185448193897,3.3089280418974996,2.576253500630907,4.549998120481132,0.342013872864943,1.693312252689401,9.0,1.9368052075847162,1.9632703682143497,0.9674586755064032,2.2157953491964775,0.8593673151193225,2.1814124862402995,2.390172361954621,3.736166233213914,0.1404955924235445,3.1822800721978446,2.5631969380270916,4.56564022452601,0.30960189434481034,1.741091805552372,10.0,1.7545568608997515,1.8469193895398368,0.6918216303537164,2.192627563414664,0.995889973399328,2.239148420839376,2.289123913240305,3.8279182174867246,0.0883668124488101,3.1475011194214098,3.769487412879408,4.483398892783102,0.31533776311870126,1.83858107323269,8.0,2.30611366121318,1.6109817761253875,3.4006391465173693,2.0105612921460025,1.0317880362767204,2.2297969318134445,4.600793993767012,3.676996991002839,0.40214246937894355,3.15239393369578,4.10691990476132,4.783367034691994,0.36614477699635006,1.6341889461832064,13.0,2.2426675182382274,1.8553449297765745,1.8540170019967415,2.074793739686699,1.6629545931757517,2.160533602678406,7.131085844724324,3.7733557738226042,0.5029383346533082,3.2333167303429455,4.278934520150875,4.805569227785897,0.38944713622620314,1.5975523528976994,13.0,1.5619488423050347,1.9506821090175521,4.002609517017022,1.9992655972050262,2.4686996705034563,2.2361991065192424,7.51742757040813,3.8536398018807927,0.7457371325792279,3.2627772714699406
P27,pick_place,1,pick_place_s1_21.000,21.0,23.0,False,5.2136745044943815,4.078086635005036,0.2618995474742161,2.1947922352332894,6.0,6.975991954902277,1.9381867578558378,12.343914610956194,2.125589686465042,2.1791713725172244,2.230860733790623,4.206147586798076,3.8745241968882724,0.4339764812692006,3.1505864137692923,2.527592722998191,4.681928486178825,0.34917800218369544,1.9221574422018564,10.0,1.4217380984123364,1.934535957059967,0.4924134003130578,2.195353223002247,1.0727850437893784,2.2284999574174753,1.3469910794223587,3.797317250150536,0.30686472661231795,3.3411921671972635,2.825504722526787,4.427423174248561,0.3143123290146946,1.976767774297407,6.0,2.411610205183269,1.8938890896200153,2.0280729436774774,2.0437933641710595,0.9157491722125832,2.1598919515145623,1.723103002256707,3.9000554645646393,0.2899345238383785,2.937739171530901,2.263741970824462,4.691012090308636,0.35713779107460136,1.8006579027511944,9.0,1.2305089984621946,1.884345976260032,0.5915539379535459,2.1821799978984275,0.37558659412391093,2.268349955083187,1.5530260987776372,3.9785781384221597,0.21420074320814783,3.3018299946025227,2.440199792262895,4.389610294453253,0.306598481665079,1.7923615507992212,6.0,1.7992710918152872,1.8512083710517082,1.3940057922532227,2.0448577654583944,0.6081551441929617,2.081499960503802,1.8148280605941176,3.8667177026547095,0.07232860000770423,3.1336247553824146,3.1503881663182103,4.4454254081877345,0.319909492550389,2.063338178202038,6.0,2.7650141059426803,1.867661546316551,2.9185912762888417,2.1524428215847453,0.7290113681631227,2.247104024914397,1.8615117686000269,4.016724962690956,0.5036335650015368,2.892939918675879,3.8030431828830835,4.2805550309296585,0.2973179809809751,2.133493239481886,6.0,4.5060464804694185,1.6658667555048265,2.7659228677590533,1.8689469200759867,2.5102738537730254,2.0073456404419843,2.7839836893696703,3.866115542662189,0.4420848777093715,3.209168901774715,3.8716818044481114,4.656996054291922,0.37471718076959126,1.789802150051741,10.0,1.329857716685574,1.9837375994379716,3.7718274633087114,1.936202110176298,3.2742328894892427,2.204174908235345,3.637895854735292,3.853997775781478,0.7589574634488652,3.0232479908333243
P27,pick_place,1,pick_place_s1_22.000,22.0,24.0,False,4.653295233014137,4.481978366952623,0.29442659009019834,2.065752807174394,8.0,5.273059915664854,1.8558955286789764,5.963623926343494,2.279941578112254,2.8314066420982504,2.240221695589661,5.812129167805531,3.6674987686957077,0.5308794806291975,2.9336579199528803,2.174715477525626,4.74723272577842,0.38447904044144554,1.744865391011763,10.0,1.2568047331473169,1.9152349387261354,0.5621575761861584,2.192051566461609,0.9591759221411205,2.2278756608855197,1.6152420953081965,4.011360441924276,0.26568635455680933,3.2123233156110422,3.067491842259574,3.974541818601424,0.2697455421384316,2.3963684975015345,4.0,5.349811740119845,1.9540488986293232,1.9178684229395726,2.0708722635843078,0.8650851819005982,2.1025780736194273,1.4498497375986776,4.1085494313880595,0.37305271462094475,2.6952611420582966,2.416805427478004,4.234802021899963,0.3300614474669679,1.902969260353916,5.0,1.9420865604535575,1.9514252734335542,0.8424136411636611,1.6358095183000827,0.9555118838771635,1.7568286129135855,1.2397036637317336,3.9217884864785235,0.18748002397373664,2.9134933417500157,2.0727124801163335,4.649767424759652,0.3042881958261081,1.8984822749320258,12.0,0.8414056028202476,1.9094992160157884,0.40412849904191084,2.2715983150606363,0.3209713888932574,2.080318831603851,1.5622868759709934,3.7946515104752425,0.06752855709443811,3.263347253160876,3.289409375792913,3.922390912365145,0.2961620004697905,2.2461300224030056,4.0,5.947506929600063,1.9136024354410988,1.4301557323344272,1.9455286566540488,0.761937932743617,2.084441118234252,1.9594697882886043,3.9681497935142147,0.40579853795803117,3.0634638567728856,3.4408272856876843,4.448211753767794,0.31629746969044004,2.0463925594415766,7.0,3.9415626111811477,1.8473881756811719,2.129073319827636,2.2915460162917287,1.7963595888206356,2.043853274473034,2.51437634139417,4.045814242481232,0.39138298327912846,3.143779561822313,3.359609232275523,4.997682674384684,0.4313590324151543,1.6303651311843297,12.0,1.934680078866605,1.8148093121435425,1.6988083562591343,2.1124221520401885,2.526840867299706,2.3141145420492295,4.500409661015249,3.969617278219532,1.1297687338883635,2.976082969741446
P27,pick_place,1,pick_place_s1_23.000,23.0,25.0,False,4.52417665352689,4.1716540322142475,0.31554733451871897,1.9701439644229917,4.0,10.619865273677888,1.8588817212612838,2.7215070176954304,2.072170166717112,2.093790269373266,2.1936901022291266,5.539573539509857,3.9628205499808207,0.7146529596721617,3.1092791278571084,2.234734166409175,4.877764631725307,0.3980754158271183,1.5542810041519277,10.0,1.037173460809637,1.9903253890734631,1.0765444034513898,2.246087222578228,0.8158717159837383,2.2923892989239136,1.8391473940346739,4.069475146075965,0.2520123393845778,3.1184052498874797,3.2188911379325624,4.11933356424078,0.2905509230396614,2.0554229902990615,4.0,4.285634539151504,1.99615540042227,2.1080140975005492,1.9065364542558214,0.5091979236955368,2.1864085379431613,1.9373039863294177,4.026980203184263,0.28552185675858616,2.9011720008824877,2.3331614366267055,4.4631750635643295,0.359293716293095,1.6775137843104315,11.0,1.1733435615750145,1.786013090473657,0.5686838098293708,2.2278117908421886,1.314453942512176,1.7949797365155975,1.5061631862083178,3.7684340308848907,0.23503228357724046,2.9024633908419517,2.212120862990148,3.890009937475481,0.2916686046594304,1.9792543638694562,3.0,2.529334770134721,1.641224640917455,0.5931917993318689,2.253240638194758,0.48862211508453324,2.294894854593826,1.0396615446194322,3.8947802234325226,0.09131459196698108,3.1968309354838134,3.291042808136668,4.2962018391210695,0.3404974985380448,1.7774638373853073,5.0,4.607843902803033,1.9084697206697816,0.9882401063258983,1.8248279621677392,0.9326668524041558,2.295702382188005,3.7533261122899044,3.770203075344972,0.2998638842424324,3.132984922451621,2.911213042652285,4.617900760355491,0.3690741785830539,1.80883396144977,6.0,2.9928007764253595,1.9318579420539304,1.7350419278016445,2.1272374421575533,0.6751828205182513,2.203413646104477,2.472694908838006,4.12121490351185,0.5139779806100305,3.007244379449585,3.1946419975299674,4.819196286040781,0.4075611040004962,1.6373935946705374,9.0,2.8672683158917964,1.9182019359161853,1.3624962091559767,2.224986196846336,0.7284618157216611,2.228614838749708,3.5673814648687525,4.120534519486208,0.5546154211072949,2.9130796661347844
P27,pick_place,1,pick_place_s1_24.000,24.0,26.0,False,4.907550730559054,4.573197789496587,0.33646942949841036,1.7959928142630888,7.0,7.391747614314989,1.9532569263744721,5.011549899599374,2.1827891204804595,1.9071539000177284,2.2650705047130093,9.466089034687515,3.8712576158841476,0.7146530183827734,3.273633840945837,2.4313456420399975,4.847176947697056,0.4062201286226641,1.5125077187859217,16.0,0.86872969571235,1.8679479218636736,1.0615244931185868,2.249982763917414,0.4572837814627596,2.1955353720161757,3.570341044595103,3.85091162051655,0.32547046120174894,3.112087577029137,3.1713958082361007,4.11367458459498,0.307376862495827,1.9244558716594526,4.0,4.652552710799879,1.5889540809096054,1.0884763442724261,2.272576711691081,1.1267694921857507,2.2164026445968226,3.096132614855702,3.913867505730801,0.2182916345128018,3.217661387344413,2.3862464839675033,4.784235954163646,0.41847039788807194,1.417648351623894,13.0,0.8120320515796878,1.896762090668382,0.8811502091453507,2.2967355549849295,1.0632019481040516,1.99721174870199,3.156652384254962,3.794875500608512,0.2541283720363897,3.2193414585152067,2.306839178903748,4.493756840237292,0.2949836237681292,2.0417487281931095,6.0,1.682842209487302,1.975789157574999,0.8641448436786949,2.1487348053669857,0.429489761924823,2.2598806295350236,1.5446755127507719,3.9374398133188575,0.13952150634081334,3.270051124537888,3.0526173193290322,4.735762739376201,0.4073138283811785,1.4416845818517208,15.0,1.9681906031801888,1.7127564450367019,0.6854628336013444,2.1792688712626855,0.9720609707521877,2.297932056777146,5.377841184363507,3.8477186478384837,0.3532279209710437,3.1343566615464833,2.9429422449031484,4.572481305028109,0.3543310788820351,1.8521600779537442,7.0,2.8971179518004377,1.8934636688250155,2.3563796595559654,2.1651289671189056,1.111546701801691,2.167967645465289,2.7982030858335514,3.9676470314876586,0.3807276027210842,3.3273903464041164,4.068695028315907,4.534766785991298,0.3441889143511458,1.761003926779285,10.0,5.587750044097023,1.7734185317128977,1.799358256691416,2.2847130611386937,2.0338984100612287,2.2722195943453802,6.640991596415011,3.797184717188547,0.5601981721733599,3.1131139914194392
P27,pick_place,1,pick_place_s1_25.000,25.0,27.0,False,5.581476990114037,4.3218546802438045,0.29079525961498753,2.0380928639516322,6.0,7.104446608240444,1.7513727627543954,2.5446404918369803,2.1716965587267154,1.2569134143611533,2.1957529125501027,7.611847445258672,3.8301870651652687,0.4240432505080639,3.18838701693999,2.358137073769886,4.633204054807179,0.37146394092498725,1.6237708290401225,13.0,1.252084900382839,1.7940835919578304,0.3961354536810605,2.177314832262651,0.343340615251011,2.200363630204041,2.143769973281425,3.838140750639715,0.14961412783472575,3.1634951298582537,3.2753822572383497,4.086454789863756,0.2705380905685415,2.2438034724336586,4.0,3.7941605156905056,1.82780998441413,0.8806662510008102,2.080533252928674,0.49669654535985786,2.275632561315152,2.210875640064858,3.9157302798357603,0.14991617866621496,3.2641390928769267,2.32412535935645,4.626218051671874,0.4011539579008831,1.485301415282767,18.0,0.6166580808837452,1.957025177488608,0.4857357105754861,2.1024202491652817,0.32887182937507253,1.9303678691754778,2.7827083238052928,3.621344247586186,0.19271303447620786,3.144749666031853,2.105197355514256,4.322127813337356,0.30188156966845414,2.019947607637339,6.0,1.185490347868873,1.6548305642372767,0.584082473840466,2.2549977555749616,0.2692012333760906,2.1842140021110965,1.0323812555405103,3.9769878965766834,0.0936766161835483,3.26083520327803,3.3036946513074885,4.6888468559104215,0.31641900947206664,1.9966032273570258,10.0,2.1181630223205214,1.9360836126982408,1.331266687902647,2.1529445613569203,0.767835847188036,2.120980818354005,3.0477541347070396,3.745395959305743,0.3586795622573311,3.2118319538688045,3.2083563395794923,4.461860630496157,0.31110794287080995,2.1635675225061,5.0,2.4338538256857953,1.8967588826845048,0.6077545878463311,1.8998891807190965,0.32191055408444647,2.177092456370562,2.1666276149803503,3.96476558472149,0.3544965115908365,3.339180788599553,4.106814741707162,4.044351430140907,0.33753995708593354,1.8792959010803743,4.0,7.334327409535017,1.811628041116017,1.0981057554578,1.8728050053146292,1.0572659636821933,2.130735694041942,4.4104149873946765,3.768060013276113,0.44299658294197747,3.184453385216762
P27,pick_place,1,pick_place_s1_26.000,26.0,28.0,False,5.493000807393359,3.9697173825764036,0.27323191964303517,2.1283847900405597,6.0,11.86781872048965,1.9504127810875607,12.622623443436717,2.188817083503405,2.5551219886549186,1.858922635462065,5.2234469227249365,3.6424125567275203,0.36441452687498366,3.3040182554376814,2.39201384758263,4.509770997763075,0.3581395513937707,1.7197213009069707,11.0,1.2971111838304445,1.9079854955689912,1.0104759914941306,1.798025029202,0.9542739068735249,1.5160444427185644,2.1956154124938667,3.591810296776619,0.19688130215649854,3.1830051720985533,3.422273290383383,3.7840864321564087,0.264234674545598,2.323758366388727,3.0,7.4272372035670475,1.8207545888054826,1.826767984856248,2.22498346168304,0.9286051957507798,2.230135855768261,2.088072005273467,3.9077074638108864,0.27526109969608487,3.3112234675355063,2.4757915117397826,4.4574011984972834,0.34659191235834724,1.728903959001165,11.0,1.788869425306796,1.9188976383086032,0.6571110593994897,1.9570053842283834,1.4449572736359335,2.1181760418211635,1.9250142067570348,3.416286241908586,0.26064412155786115,2.9327147858611387,1.8715338283706235,4.342930582354006,0.3073092172143912,1.891752200351784,6.0,0.5784899847458086,1.8729060033650762,1.2051645095466854,1.9908145491599611,0.27229160677334135,2.2463798887657145,0.9119765884252047,3.847375408258887,0.07073615036571161,3.1109357614004756,4.041871825323547,3.6571212288759525,0.24744837983568096,2.6191000899876014,3.0,10.474117583558417,1.8737144564448003,4.387200457278981,2.0593394121574837,1.0719905167151242,2.2868995397842453,1.8066129176074386,4.007286353825371,0.41697762344012096,3.2064069403854507,3.1556863918520732,4.13165009896936,0.33180271962426444,2.0578550187324876,4.0,5.505399018477055,1.8781970743062075,2.560909495869671,2.2582530775212764,0.43913942959565455,1.9220505106449919,2.3613595763317603,4.000454235505484,0.42545691943197483,3.298067649952904,3.434095368157349,4.838302094382084,0.39491533831414927,1.7066439530371293,8.0,2.4534492500903036,1.9688118047881784,2.106357776347727,2.3016629061101064,0.9260039680115277,2.27151105780439,2.9088197517055514,3.940597228223518,0.7084675178522544,3.3372687827231253
P27,pick_place,1,pick_place_s1_27.000,27.0,29.0,False,4.950973473517711,4.272589492612598,0.29217551113104817,2.000819431542434,7.0,7.677005617089618,1.8393109760031723,7.636021089770626,2.206636582441727,4.4487779483397505,1.9946277623970141,5.232321265781867,3.610963904740298,0.5482961730144987,3.0985041137092155,2.453014751580435,4.788463689419605,0.37498660288619196,1.6782916905620748,12.0,0.9142371419119201,1.9246294039696035,1.2031481464555702,2.033426738859859,1.3532679444290174,1.9335944373471339,2.6311696856988163,3.893069223905851,0.2578447881686618,3.0726421620182864,3.2738766126837726,4.1322544154109195,0.28858827593667835,2.166870725101892,4.0,3.996011405072864,1.5050395325800476,1.4245573279214887,2.0980170481095346,1.2271371327973606,2.169246938049327,2.413088936839158,3.88873064530684,0.27476787877672054,3.2349810341755285,2.868539387222684,4.2643265896666644,0.33960469390001347,1.7112550948097072,12.0,1.435861113768827,1.7718316597250974,0.844942921352144,2.290730040302371,2.894516533471206,1.8766389002965473,2.592610645164411,3.0589127837101855,0.3314567912199104,2.5391038155194945,1.7931859207897425,4.370476900898879,0.30181216639670244,1.9050128329399783,6.0,1.1907482249888304,1.911225327682606,0.7548562740713547,2.2138738461190917,0.3695549416593169,2.2328742320046935,0.8801076410988601,3.8747458006735243,0.061056132063659285,3.0056502686751467,3.973109644923594,4.302219253024727,0.28806944865412115,2.1928414794487776,6.0,5.150436985322858,1.7175414069880808,2.6434750676661096,2.200169323286704,1.674472141494069,2.169460753342526,3.3586761534643443,3.849147677128696,0.41027270104227276,3.2166649711361575,2.9112287760871176,4.543340922998456,0.36234851778857197,1.8343023639622122,8.0,2.583492634832409,1.7798435429537887,2.5950073945850294,2.198019067085449,0.9335091233431114,1.8196527829588667,2.564730874836155,3.915204302473413,0.35730826366211255,3.1230133568158407,3.4526562049772327,4.669391421573856,0.39495660630720214,1.6603318826873958,11.0,3.1849246952895713,1.8242736906435906,2.0216167859329217,2.2101489126952685,1.3485515772298124,2.0657176231960914,5.525367400698378,3.625008405077117,0.6671621096596917,3.1639689286172072
P27,pick_place,1,pick_place_s1_28.000,28.0,30.0,False,4.619712493274119,4.41647515737088,0.3050341983110165,1.9315343618549856,7.0,6.526778146213127,1.7803317661412033,5.865375397370482,2.217336290795611,3.729422378843158,2.2025471554236256,5.274512649672529,3.8678354125148924,0.5120379843644167,3.2530879602467797,2.580155660926217,4.566689861882502,0.3390403697643485,1.84738940928388,8.0,2.0332651960142734,1.9539890846584105,1.0842919625418137,2.1905396645744464,1.142003629314246,2.2343337322955774,1.9265306980193633,3.8618691368592954,0.18381428846105638,3.2239451447540333,3.119239934174204,4.35987011222977,0.29812457369743567,1.9731542815209107,7.0,2.73894586501369,1.8691881744803913,3.5314455722696554,2.2398907748127996,1.6812263633252327,2.256973056025168,2.0665498735326993,3.860055437912224,0.2402839291644399,3.104907440863267,2.6333660398753396,4.420508893067059,0.3347065061565931,1.7335794834417309,11.0,1.0094363869966048,1.754761089167428,1.5366202600222276,2.138336349334458,2.165329135836948,1.9193963009769472,2.4342294580785846,3.384423733848309,0.18188211046716124,3.373824952707353,2.062335148835808,4.2308001919957965,0.301575827748308,1.8568640890956922,6.0,1.4878747453954748,1.738499100393931,0.7929717984674407,2.00254241207261,0.4936991385464365,2.1873177064170624,1.1348295000575581,3.7328012321291877,0.06696510661220512,3.0283104234556006,3.6114495284719488,4.564088922478644,0.32587581638026325,1.8310355855702651,9.0,2.280783304229499,1.8452355581906672,3.7374974645352683,2.1667868491017552,1.7964824717300747,2.1806051391211287,4.865400078281489,3.676159504916814,0.2287321747880291,3.002584955430396,3.8371627375452295,4.250594849581998,0.28592786786440344,2.1146829333934485,7.0,5.244022543511999,1.8778049602542026,5.824480390875834,2.2008088778869235,2.3491344160506955,2.1943910490507466,2.8857741552423226,3.9772573430996454,0.31323789529527885,3.243642801120539,3.2587590569273384,4.749144381590638,0.3664203097427385,1.7687930729203796,11.0,2.498764834145614,1.8642140423311275,2.207685992454278,2.2633070865508493,2.343128095851438,2.2637345144679024,4.50152532404162,3.7943173991239028,0.3968462181727017,3.2532094281826933
P27,pick_place,1,pick_place_s1_29.000,29.0,31.0,False,4.8526488573585995,4.520043135479551,0.3413928543353475,1.7029642127028168,9.0,3.9478907699382724,1.8086200932814984,7.802341386631039,2.1245938314209423,6.267448763421743,2.127213472624581,7.141652171617146,3.8383290873259135,0.924504754754054,3.1358829118872973,2.744451186052559,4.615429378853828,0.33077126970577947,1.8439597292628123,8.0,1.9635731594561507,1.926712580826841,1.7398302965496766,2.2882684628726233,0.9440533181202275,1.8958048313129165,2.4903558297077897,3.8734944077735,0.2558012372036559,3.3812993361221144,3.274869124200048,4.445088952593392,0.32903303066969697,1.6097200412860764,9.0,2.586914491223414,1.656207188808213,2.9902522514292165,2.0709279125216162,2.29433652340726,2.3060052890196445,4.077270233081472,3.631489735950751,0.16697696142514218,3.3475934832314462,2.8918897316901293,4.4222463629141275,0.3175445612190044,1.7443118201660504,8.0,1.8364615356743819,1.834673281417293,3.1932046059004717,2.304509275006775,1.1215147285590028,2.113025092104671,3.014907000254491,3.6007321427972645,0.15230878931429673,3.0125926286798363,2.173671449968133,4.215261359268371,0.30199979209795325,1.8343544177147282,6.0,1.9090786807664029,1.9398641025156242,1.1308816869498717,2.1453522500908346,0.7787436543331037,2.1133692368377615,1.0511837169999425,3.825023286760574,0.07106097744481311,2.983743879331553,3.6578498818606895,4.71188954725113,0.3490381658442937,1.6573951412981727,10.0,2.116632808393667,1.9196739011000634,4.188135212332598,2.272271222822883,2.325941482633038,2.2119937342869402,5.578236094749737,3.9171731056882715,0.42681569214568693,2.9666183712487157,4.049240787739245,4.357557166391682,0.3138674226123399,1.8750768885432378,8.0,3.38530872744478,1.8957452731011903,6.778121684853746,2.1780813270482766,4.030728071708096,2.208755750911407,3.8559427163086224,3.54832013721978,0.5243677489396478,3.320138788905963,3.6644121102055798,4.8419105573045185,0.41628966775550125,1.576340079397594,12.0,0.6565058392786177,1.6488662026355638,3.0324712966814404,1.9688769822173813,3.232164211360626,2.2517858658514225,4.904330913146039,4.087361025585927,0.9006378335823911,3.0405242233922167
P27,pick_place,1,pick_place_s1_30.000,30.0,32.0,False,4.724520918324714,4.415880143411901,0.34311448982375053,1.6675017288655802,9.0,2.4334687988269366,1.7920094934075421,8.564180823251265,2.1815160725895595,5.895368576267768,2.0673536850752288,6.557619901278792,3.887633234493032,0.4575609145546084,3.2865937236663427,2.744680064661941,4.4995640940950805,0.3291469324945879,1.8747718371590647,8.0,2.9071496529701633,1.9057007616044044,1.5176178044285509,2.192489147741864,1.6569998516762323,2.3117453190999866,2.5591723834946807,3.786451862860559,0.25258537201688563,3.2700222138346993,3.521806578728363,3.8614680497763754,0.30505336908913094,1.7954500923269854,4.0,6.908950690146967,1.637691835943871,1.0170409026240506,2.1996712951362634,1.1213445970042961,2.293996671383855,3.160942572882445,3.929611444071238,0.15062268324588274,3.1890046992007037,2.887760627797323,4.572329652411988,0.3327051141989224,1.7087484624372786,8.0,1.8709679241393837,1.7727668221803845,2.7573978066854714,2.2549043122223296,1.417179718928261,2.219944639580488,3.0206258063808744,3.9115463176845515,0.19656870599715273,3.201926998502326,2.1872978416255995,4.287996520392086,0.29509943562444446,1.856347676699349,8.0,1.6381610768039847,1.8952279950413524,1.0751280304168584,2.0345430413636336,0.804736493099132,1.8687906041395819,1.2866100495425148,3.8135260773263213,0.08495942214326906,2.8041328425403775,3.779723644953883,4.591600974392395,0.3521385056866437,1.677309165519288,9.0,3.1922232098433394,1.8187323679878342,3.830432805237031,2.285282674819544,2.455909409615966,2.055996113398419,4.965981988886907,3.781457233603372,0.47604469071442856,3.1101616859701133,3.6447001177080205,4.644986178768063,0.3528436506672809,1.7316208188354398,9.0,3.1182143985280195,1.8568464338962989,3.035808082957217,2.216672243768473,3.105421468446444,2.2661397281574542,4.882465607961784,3.697705455151553,0.32872175603420034,3.3765547661168065,4.217811940893181,4.827060812801702,0.40221382040148435,1.6503471261858493,10.0,3.960620055155348,1.7573466742807167,4.093250921806714,2.221642349022831,2.9954032002262543,2.2990469101366244,6.279980811721709,3.9514513270972755,1.1758556259928177,3.2553695004217245
P27,pick_place,1,pick_place_s1_31.000,31.0,33.0,False,4.907444429355548,4.40480736788415,0.30629008087160486,1.8376657956179299,8.0,6.91740933449676,1.761737042295854,7.682412708499098,2.258611774912481,4.856900553804662,2.188585820514462,6.3876168916973075,3.9216732236190266,0.40691510465663944,3.1940511665898277,2.70010758152251,4.540677577155933,0.3169852608007822,2.038605273827934,8.0,2.218277721777723,1.842670991104431,1.5626244898342903,2.294047637862896,1.4977529779905125,2.2603778070628886,1.6836786177840675,3.982205860969633,0.3690001095936653,3.0987524908212336,3.1546484926271368,4.022287335754516,0.2728435704983009,2.0920386920585914,4.0,5.08341884288917,1.72626516153989,1.3244226652201547,2.219329869936767,1.2854160839252038,2.257784943664869,2.341308388263878,3.8740641723806006,0.14191898112223958,3.1784883881749644,2.2110325190345708,4.690767360529014,0.3847614739402616,1.605382405608539,10.0,0.5810981482160983,1.8521783238384986,1.5019975635919707,2.2008402803761467,1.1437725426541605,2.207664811451842,1.4730383649412646,4.050712413733729,0.21705243032794086,3.116184040714579,2.198053608127199,4.41522751422818,0.3197998818369723,1.7450591329356226,9.0,1.22075096434566,1.8234584440213484,0.7196530791573862,2.015064880018694,0.590006263635567,1.8131395703364432,1.52617700518455,3.6970998737203438,0.08284889505619594,3.0230150386323595,3.7432582021738585,4.58156664408996,0.3324126957945445,1.7835591999859794,9.0,3.1458827048902034,1.6797712491559933,4.2502828735078735,2.2910401752317835,3.151464314235519,2.2432852524731137,4.667926356255364,3.8979893805246326,0.48210917807567555,2.911010641783832,3.6301270154768868,4.22047900686285,0.30591990726435125,2.0108435471969686,5.0,6.077168939045866,1.9433806774703426,3.1043971604815375,2.1108756615208213,1.7846793431149173,2.3073091530563694,3.0549293203364205,3.8568910002627543,0.27754814439678543,3.301816498895682,4.165236472356781,4.490676598974642,0.3389401012845702,1.9615005039970894,7.0,6.4377017982394005,1.7365507306557655,4.185200888321311,2.266721604206118,2.330869139909396,2.223447690493503,4.715003513586423,3.9609101700907994,0.7511269878017433,3.3699569752928267
P27,pick_place,1,pick_place_s1_32.000,32.0,34.0,False,5.176983267663872,4.547893455138768,0.29100495998817627,1.9115980438541709,8.0,7.150234956316822,1.9847808079452594,5.048119889942586,2.212447992604139,5.0956498619613875,2.2653372893758155,7.4341037004916055,3.8513478631511346,0.4863209286669799,3.1453083293859874,2.392234008509139,4.764617634050385,0.3748067760416144,1.7413960807257525,9.0,1.4232955496547073,1.831303924982737,0.8302412847554372,2.2790659884085387,0.8046511547530881,2.0856874550098543,1.9620417074365142,4.07371878526949,0.2489332248914603,2.8685897213387164,2.7490676192065684,4.510927063430375,0.2907597567099984,2.0217154675650306,7.0,1.9298760072364503,1.9287907815950798,1.710619408807002,2.156255310627565,1.3051614132640363,2.285332078445269,1.6724622916591851,3.9710104496138623,0.22263915658313183,3.135112354088326,2.3551716663084834,4.679936853889963,0.3401124207104306,1.7867097015716555,9.0,0.6842952135791056,1.9263384749650734,1.7574489873837955,2.1992575994662342,0.9713563486495966,2.297372190553009,1.7774291319042173,3.973915736350847,0.1531779286537383,3.0765868008747095,2.0461242150007215,4.35278576048059,0.32697191922307733,1.703748133830497,8.0,1.8053446532833612,1.9748186118304742,0.6914624982756177,1.901267334529716,0.43037934744604195,2.104933189216528,2.045712476880318,3.566819102209089,0.10304611453325555,3.115860509885288,4.165982284846939,4.339052372868728,0.27521676588442995,2.2626087459487025,6.0,4.133154086100658,1.9033511745792522,5.7661389673259045,2.170644680146271,2.4877940312479847,2.280733184986801,2.7877372812820385,3.9162607472284234,0.6341736145102409,2.819734478275958,3.7190248647827695,4.351207554044409,0.2755052716437389,2.181471467214145,6.0,4.287054201347326,1.9566147211892284,3.6556137791065613,2.143081043176193,2.4132267169567028,2.2308563434176816,2.6354971354644405,3.956321737332864,0.23937642806193346,3.3097829589915695,3.7223318724581484,4.785702711658237,0.3849306149174497,1.782568418709506,10.0,3.0220183780348417,1.8937586434873257,1.6131542442602984,2.1454916108041644,1.6535842222889454,1.9703786086881894,4.257824303686695,3.8920849508264896,0.7701884506355003,3.1103384797692253
P27,pick_place,1,pick_place_s1_33.000,33.0,35.0,False,6.065925557255352,3.9629533400248054,0.2584499644989584,2.298063506003082,5.0,15.818624620967276,1.6924721150854145,10.978439703401307,2.244636350269437,3.9894859383734014,2.210876357524877,5.722208932268081,3.9697005414262643,0.732079470167641,2.898279218187659,2.9443006777500957,4.390994530397396,0.30885839849916186,2.103598868952361,6.0,3.084596695720529,1.9132816134329584,1.1832036649622606,2.1507604706931485,1.049063065301447,2.201647854392607,1.9972829522416937,3.8591313789314343,0.21822547788458393,3.146651250194193,2.85994753317949,4.380258546037216,0.30102628973176654,1.9475159799312147,7.0,1.6518373229480652,1.7264813846944789,2.824469354650426,2.1746620889157056,1.3020544216367462,2.014598918488449,1.9171372913450604,3.8465764507901614,0.2229766585879794,3.062553489419558,2.7128585407694854,4.109395660319954,0.2658057468119214,2.1571960739442924,6.0,2.792328070648884,1.7163090080974013,2.0929553027728045,2.243196320618373,1.0571490699988124,2.1932041002078155,1.4910580949712637,3.7257818347736227,0.08303199380284079,3.337582717343013,2.566281695185219,3.757646641323151,0.2646053899318955,2.1151302476233376,4.0,3.2811854803857057,1.9006262921871684,1.0264346186742792,1.7048418535554957,0.4017529838430648,2.117562432690272,1.006411502006769,3.9776971909074343,0.10452423712417269,3.2427982722693844,4.40929158397108,4.0690519157910465,0.26698880872174313,2.2770981175953273,6.0,5.669520293319206,1.8870753387200123,8.664306371051769,2.2701843954886574,2.4233654390903543,2.0940390569735565,2.66831850055731,3.8535785363666686,0.335869818129327,3.2085261288874123,3.8900155292665812,4.2430959510341415,0.28737312046292485,2.194927162640509,7.0,4.589372333876871,1.7581669478568105,5.683095238280079,2.249207939335274,2.903644024216635,2.15600308929261,2.568155094279407,3.996516917491788,0.4651604470836871,3.170900389696354,4.3855176165471805,4.749880658565124,0.3927006603021789,1.8222896045783101,9.0,5.320823102466858,1.7243453993504765,3.1242089896248224,2.1331412094499584,1.5726886035662386,2.2573052889546124,6.094193366511462,4.028500035284306,1.3120507406216044,3.106497661997307
P27,pick_place,1,pick_place_s1_34.000,34.0,36.0,False,5.89501550706363,4.110204705244078,0.27392025164440975,2.229838382828033,6.0,13.09634411202876,1.7533736535304967,10.275369226709682,2.0892700319428594,2.5814189580231317,2.2210181201297137,6.237963512065443,4.007425321318642,0.8659390453914897,2.8990000008273786,3.2005746785036333,3.7405354461767453,0.2633246262186563,2.422316831627538,3.0,6.56313736853598,1.7991440805884336,1.0087048439006967,2.1098100467030476,0.9942034222394972,2.2209191497835636,1.8135257223654913,3.8256284692682505,0.30150032287502887,3.2165713939029676,2.511655965295844,4.732968657624617,0.36363775145768484,1.595326121488619,12.0,1.2931708251240064,1.8643834668387003,0.7606607403545742,1.8694114777561706,1.1716425808573954,2.092494484256679,2.8950895272481016,4.00370514923556,0.14384325332406767,3.3043801208458756,2.4665766600104457,4.205892819677907,0.299081066764571,1.9568631658133648,5.0,2.348654173138534,1.6040499382800868,0.6779134894127004,2.2337192258750203,0.6554801718570543,2.0646851265557284,1.959087068638871,3.991220565883694,0.0847313246333468,3.1399682794376376,2.566046964741125,4.206700455527587,0.2798243251499876,1.9856536003728575,6.0,2.477938994223675,1.8247235351429185,1.5264214196996375,2.2294135813896094,0.470157100849391,2.2321113523383014,1.8395019507331674,3.7100702967103145,0.08380996083280878,3.3512885771447665,3.6183635866499158,4.723062171770714,0.3338355673248829,1.7995654554935807,12.0,2.383435533146248,1.9191485216860777,2.4258053057232414,2.1239563372780443,1.105109422816259,2.1122737628626584,4.908642546218931,3.845237737098448,0.4689360234423639,2.970575653375319,3.5873193074777223,4.583774681034277,0.32585812770934447,1.8560125386451223,10.0,2.941815017329918,1.5971775343255277,1.6607343881074703,2.2405897840449644,1.5606208280828402,2.204464422845039,4.30282555069438,3.902394480094003,0.35114757063474533,3.1562171760302737,4.642753409167414,4.283070438027153,0.37859519267650255,1.816790011622445,5.0,10.688159363080128,1.6342579101271368,1.4782839631958997,2.2118030842086878,2.451706573631153,2.106367704201241,6.9247391146414685,3.9307361327225427,1.2189501027129588,3.211954214032066
P27,pick_place,1,pick_place_s1_35.000,35.0,37.0,False,5.208278050025457,4.2849201552104965,0.3099991494939653,1.8610581482537636,6.0,9.26712944468911,1.7306630147547142,6.135337773137868,2.2720562945668026,2.5551046195789917,2.027208623594292,6.214526436303463,3.974696009478655,0.6577511047010505,3.027177409022358,3.204111895043543,4.0162302467220465,0.28252101938967644,2.136521611120705,4.0,3.6120846835833125,1.8215000273412199,1.5529626125570548,2.246623654472747,0.6433920560278058,1.9740811102284819,1.3840272354609517,4.0182829432503,0.20400144024910663,3.177443050601031,2.559595781003695,4.591431478825681,0.34350383916535837,1.696724183478511,11.0,1.0193869183977728,1.5772722428657204,1.1966822252577098,1.939704727429501,0.9661068753034157,2.20116999641574,2.307877356637597,3.714076710582159,0.16147182136862198,3.20332269495037,2.8270928042688386,4.560001779896149,0.3417364306130315,1.5913523267741132,9.0,1.1123173509798743,1.961926601185104,1.6611519682646931,2.2097397031558854,1.2278306889012893,2.1330004286210156,1.7924737759054286,3.6717861677946892,0.15142634765956464,3.243510535321216,2.2665451001661148,4.175525639530595,0.28424716973354425,1.9459594039382333,6.0,1.8628646613154975,1.5244092256739628,0.8711607249863706,2.1750159440400303,0.8212824232575322,2.2654308986716365,1.2491940966865471,3.869346828126786,0.08626049398733346,3.2456907958983976,3.848363643765663,4.657731251254988,0.3379596659445947,1.6855779282146146,9.0,3.3687001634787226,1.9650397684642287,3.3216896648186127,2.2742619462726728,2.3687349352531823,2.1601779459619084,4.928810603609451,3.8593955810976106,0.38158932452992766,2.704526360107629,3.564377295075026,4.50983029946673,0.3349200380255163,1.6789463110382272,9.0,2.0613841791367635,1.6378814951879153,2.9117522135561575,1.8268187883471203,2.1545890885880934,1.9556214471975961,4.78616592682032,3.821263323436289,0.33441081009683316,3.041070410810875,4.079883671566597,4.811939586268675,0.3848638941928832,1.6519249679700116,12.0,2.45390072450198,1.9491534392654764,2.9396170582157994,2.148268941024184,2.004746626531241,1.9986217743268604,5.5976861507629385,3.892411016906465,0.6563258045989182,3.1420647441970857
P27,pick_place,1,pick_place_s1_36.000,36.0,38.0,False,6.144608801218445,4.555010786774954,0.30758620879412263,1.7590682291576456,8.0,9.784043278118657,1.9807767860903873,9.467394957759947,2.27647976784498,2.5280184491642625,2.105288152184881,15.500771844737539,3.712043859239452,0.8130124506055961,2.975670910247443,3.1552692829813114,4.315332899856182,0.32793005542788956,1.8706514172181303,5.0,4.478656922645359,1.9320753134424644,1.2612710658734003,1.8652714227080482,0.3981572976713124,2.2653873175429884,3.898271700295323,3.948953421910727,0.30962330358351164,3.158559777810672,3.2995328576532086,4.31870135773747,0.31852516408039316,1.7716790818514772,8.0,2.3655950873843503,1.502424370215688,3.3889636213359395,1.714024810581762,0.8673458169468299,2.266978091456924,4.143200837850709,3.658524349931641,0.2771746780142139,2.946494588957543,3.257431289111929,4.459335686343265,0.3392276306185587,1.5486164144006862,14.0,2.1114736922003745,1.55901259034551,1.399436276330444,2.2393162442131613,0.9161764773643593,2.0634471782781363,5.575631631033019,3.613840889660022,0.1951744808955192,2.9213341777566173,2.6188228964593887,4.270354793714111,0.2713260298953232,2.0465705221181967,5.0,2.2508496498169652,1.840791287613366,1.3004229569221624,2.220271013898565,0.7982816481726323,2.259953856012437,1.6719352318672778,3.760829898657928,0.11577880415395404,3.2164849467262844,5.065676661040732,4.532199518311867,0.36062229962688896,1.4492115919060635,15.0,3.7927387681757088,1.6270935801653637,3.957644140939158,2.1982971167428786,2.5902666833932133,2.1115566749158345,14.870509117423659,3.582407139515946,0.5587529379493283,3.0326605601469083,4.033209464976842,4.486570962283359,0.3291154143073764,1.7371342026728427,8.0,4.151903316770956,1.600995232638486,3.7042400858183813,2.087745826864108,1.4803898753237,2.1858593328392857,5.0710016612093165,3.8830773609600606,0.4759413128948396,2.777396085267159,4.656818645036946,4.855843764055447,0.4136715526091536,1.5148630114597794,15.0,2.2143546937185894,1.7838692431346412,4.483365741486919,2.1980735011056263,1.2325342857806447,2.1287158970447235,14.249957603602443,3.9418714493185956,1.2092923998562044,3.359031395545558
P27,pick_place,1,pick_place_s1_37.000,37.0,39.0,False,6.077151259829866,4.44023391955988,0.2876581669842887,1.8317426805473287,7.0,8.28208932183476,1.961965133377134,9.122017662640932,2.0686318371669596,2.944432293732393,2.1514112663820764,12.710999989474963,3.6109338417463124,0.5412578720031149,2.6789623723829084,2.8197664958143975,4.4229364795759665,0.34818806624062737,1.7312344790401906,7.0,3.1292402777071646,1.9288246997004286,1.1319685133933959,1.922997916919001,0.3192007416760042,2.093068697531463,3.6364973422995734,3.845912269773118,0.23166242494243533,3.388409627981777,3.4338220768344105,4.384971102881119,0.3084902083102355,1.7802915590151516,8.0,1.7458841534236178,1.8763346116152428,3.4172573321870914,1.9499818063469583,0.8391801205537066,2.176817591470412,3.685717689489229,3.692600530265419,0.2142046265757808,2.912936149085451,2.9674516368955044,4.794232186024294,0.32470101945817276,1.7261657633458227,11.0,1.1971845594965547,1.9164468766748584,1.118640491610215,2.2324574260641645,1.3508268879704932,2.2517192103354313,3.2303359710223414,3.9479689868259427,0.16373631327711405,3.0708184729411268,2.2239817608230688,4.44100964998669,0.3181683292816586,1.7912340491875838,8.0,1.3047447513516421,1.8872385717904394,0.9274508428268586,2.2660739795677105,0.4659246796289863,2.1387043547238016,1.6567327048801492,3.658321701735019,0.06921366474277793,3.074997383663012,4.959285755245397,4.657127768248053,0.3463097958429349,1.5353999092902624,13.0,3.962922735271218,1.872553815043206,2.7147054984497307,2.220004437539034,2.7856953901747037,2.046824067635092,11.112985188128752,3.786127040655186,0.35253161514259923,3.0824938690954955,4.12541152977272,4.56643176336407,0.31694956319845563,1.7722180569274832,11.0,3.545932794239413,1.895901731975013,2.9203828537164243,2.216270741033604,1.3808142424075958,2.0099205023496127,6.45323534298212,3.701229500008765,0.3327847134088726,2.8048290885233267,4.4093173130132515,4.785250943127304,0.41993960940136976,1.4605005580855794,15.0,1.3809203303820592,1.7272652070197765,2.9285215643733977,2.269104976821088,2.717540160213174,2.2941317934203016,12.555812836700564,3.712532705326038,0.9235584805861365,3.308656218868007
P27,pick_place,1,pick_place_s1_38.000,38.0,40.0,False,5.96736559161763,4.117043882952526,0.24275870329418853,2.1272075705364064,5.0,11.40708384198277,1.8893497949871547,8.270025652166014,2.291097029259004,2.760939309124239,2.179326926512177,5.738337104898239,3.8297346645488375,0.22981793091756877,2.784455664139184,3.1058240902115943,4.381352034077737,0.301379210598484,1.799716805098345,7.0,3.0050363442813217,1.9464380053274533,2.854479788849706,2.1803362748342767,1.1241173373847997,2.2256772910821336,2.583123441408441,3.7233573733430805,0.1376913615355782,3.2267721877874003,3.401801517448427,4.044157438317437,0.28659128687592395,1.7407033618241687,7.0,1.963413099114756,1.930942236214909,6.421126369774686,2.1632282740393833,1.393775751775257,2.1525541956314345,2.5929669298682168,3.7143570916467925,0.07671571931159489,3.19261549449677,2.9448115428912303,4.3798426635756496,0.3213362444512695,1.7178221682818093,7.0,1.8243219173912992,1.7886933539868575,3.094852769759394,2.206338131435797,1.5712470128667468,2.0496858267401565,1.798414105373423,3.8867920499020445,0.2046561189266684,3.1865494812751662,2.20671538327723,4.141252098122105,0.27799881662177955,2.056903813893872,6.0,1.3157427506947235,1.9533312562004463,2.1249808669092904,2.178251426907618,0.33096747259364717,2.1266206987258296,0.8100917358549595,4.023198644096044,0.08909558916779997,3.1528168785047868,4.937042544885945,4.291926459268927,0.28122527067732145,1.9681036872307347,7.0,7.7799485800670904,1.9774881755946545,4.815231451264048,2.1551202440721653,4.813566172064895,2.274816820343569,4.96330143798777,3.52456445328737,0.3600852894308832,3.2063005942540856,4.390398822382149,4.308941094259386,0.274606854944758,2.0042391692215613,7.0,4.324362180647697,1.8571823228201052,6.360587742963807,2.225541231814307,2.46405220958125,2.1752355422766083,3.8505658336288353,3.770574325230414,0.17238685518514532,3.260886324798902,4.515486587405383,4.423683847905201,0.33048715695794706,1.729016337639532,8.0,1.7583467042631309,1.9200397084059806,8.281909417306917,2.1999105678261044,3.610316645488559,2.119154722219654,5.208070301599325,3.7703118296561344,0.563049989603872,3.326680152400159
P27,pick_place,1,pick_place_s1_39.000,39.0,41.0,False,8.273590180971915,4.285272363239086,0.2908565510954205,2.2442956353817807,4.0,34.98877131093573,1.938390145318945,12.044371377745408,2.175499402927289,7.078295460764674,2.2461224993268543,19.837642390360433,3.8942549790648546,1.3890070198697222,3.3521154342688084,4.808762751494615,4.601413421790094,0.3371832283479872,2.022854027261567,8.0,6.983279557597231,1.588829997318594,3.9242517884412442,2.1831367464727487,3.309525269926892,2.2558714113500034,7.962411961929594,4.104410011383449,0.9493204562809504,3.278030635423228,4.483711627830919,4.942963888572644,0.3734514334910895,1.7154744461504554,12.0,4.525323734840043,1.9383475644238373,3.8649581999558262,2.232004579890494,3.219815961866995,2.2808992303821496,10.290232269836666,4.010767314128994,0.6986658004907833,3.1944987811608763,3.7635304886679415,4.859941141283069,0.40095614559076104,1.6175977323786808,16.0,3.1174300456309925,1.8134976390581297,1.5621677009061032,2.184657339914296,0.8322454628478699,2.182702903006544,9.538485374001413,3.975161414218052,0.5145741370653092,3.193821937549587,2.900546797064838,4.285741032605906,0.2593218757302587,2.3048293256185337,5.0,3.323445805777977,1.9643385370351685,1.564017085514596,2.159960972903816,1.1587732278164231,2.1186879412121584,1.807269445346701,4.042985171511866,0.14522848202771424,3.0179551098088586,5.255102362240391,4.78897117119942,0.3721396786288603,1.702861568002433,13.0,6.549220217630781,1.9309961161946967,3.459584447813056,2.1389158813763327,3.3546146143272555,2.165840385053949,13.6879318485164,3.832236805295631,0.8439279662150481,3.266032811317374,12.163709706858445,3.6551856868180583,0.26356372696792363,2.6419353354651247,3.0,103.2151057055651,1.7009390736211545,9.983748499043408,1.9814417523291286,10.533117308092873,2.298302974408659,33.909933896130035,4.039875584597657,3.4551211969635975,3.328371565713135,7.659554900707315,4.608024608796192,0.3500523692788834,1.89343184665704,10.0,20.963828764890906,1.5636905422520324,5.609288379973004,2.252013434322273,6.355970762093234,2.3031815249913334,28.704747475709617,4.0617926377294795,1.7316421249068223,3.147860621544859
P27,pick_place,1,pick_place_s1_40.000,40.0,42.0,False,8.023205108827696,3.54273519987663,0.303793817386108,2.2227934070271806,3.0,24.374944309872664,1.6962219951591422,14.18305583884433,2.172621576149861,3.0413546257945794,1.945471014019542,4.271745605713181,3.9290942730374456,0.5657621307312033,3.1141999035744177,4.63387174245363,3.4608156108826957,0.3417339428245567,2.043577897417877,2.0,6.220813204513866,1.2804453947935646,2.0770820655814317,2.193102944319322,1.1730819082491493,2.240647947041867,1.4652634178745862,4.06995355557561,0.26169930482248965,3.146647385636653,4.28930832837911,4.1515145977901,0.3723117480310948,1.801735888995377,6.0,2.9087063971323923,1.7927418555206822,3.299712555711241,1.9215295611704213,1.0958683230530366,2.087007888931401,1.653687349299278,4.02983713697339,0.1608558371776315,3.1320404668733848,3.7472647145155062,4.231340722978007,0.39057265410306113,1.7770245148583637,5.0,2.6809654930423,1.6618662348714373,1.4354277491179028,1.9427248710845924,0.5707642734189726,2.0813678255841475,1.4452164947326578,4.101823340672141,0.38725709993171153,3.0042706219802153,2.90082117771279,3.7517597629834323,0.25606341359542417,2.41275790926883,3.0,3.8805102033789147,1.8399302018833437,1.2303214037512664,2.3051817656940456,0.5688472556461549,2.148043069579174,0.873495043969619,3.903950167554882,0.1504616086019046,2.976997986533775,4.332633659688787,4.571461897116746,0.4256525900969117,1.5843755001333553,7.0,3.3568969036529444,1.858929877682223,2.8770358426127864,2.1292237358643358,1.3076722269452634,2.0603413169649,2.875338426699147,4.041712394680788,0.424826687071239,3.3872800705795636,12.430900270062958,2.28189343156222,0.2585842718044327,2.7264606102539215,2.0,58.41563833177861,1.0486036129080936,8.034688153235319,1.8684980476224347,1.9173060006289862,2.12218518627156,3.3099177433863933,4.0926030824889565,0.506647674831112,3.269668470960974,7.578182848786224,3.9387299243487406,0.35818780867479827,1.9494764838234997,3.0,16.725541141524236,1.5627474185068708,5.402605076782182,2.183327599517039,4.782074863228495,2.1706270230379183,5.424923610823039,3.9959653595376796,1.1292788771714641,3.3217823191720357
P27,shape_sorter_observation,1,shape_sorter_observation_s1_0.000,0.0,2.0,True,1261.5712801274633,1.4746965103926999,0.18798426827121686,3.282212007287251,2.0,540001.8754488985,1.111459529216971,1323.1649590942725,1.044163021624046,23.468602168782155,1.8953806828899715,13.494660504668705,3.699774167679812,2.839080432192816,3.2735935532179363,1213.049922461404,1.471538362080561,0.19126358462030033,3.2410853468277625,2.0,495479.8035448013,1.1131896697828325,1152.2111395899872,1.0058573511721391,24.942295853257374,1.9003739041577368,6.0160684365558765,4.030375697126266,1.8965354122597764,3.430747477882594,519.8981970728074,1.4598005366516544,0.19671961030423202,3.177720050171497,2.0,89376.71331329414,1.1088428414912122,227.51843457909882,1.0673911653399086,4.71313119090538,2.2228637399710625,3.3324437849477877,3.5760826549119447,0.6576377764652466,3.2483432481212136,268.9302609344927,1.4245085551320185,0.21859313953180298,2.944087278436919,2.0,22576.750620346826,1.1100280480780744,57.41397343657656,1.1761438976588054,2.363128173294516,2.2265264274900405,2.1915296363900487,3.7736010504836037,0.44895157872511965,3.226988892224469,1916.170336778817,1.4704457640894444,0.1920669480160275,3.233010434275957,2.0,1235190.1576041013,1.1128749464039291,2886.595441019442,0.9997114505940996,40.844555578022245,1.8563799591084351,10.687110984194499,3.762954255963116,4.176842510503819,3.4430921474054945,647.7688989098347,1.4659655069931796,0.19488277407248908,3.1992365806817777,2.0,139733.6547947523,1.1095743312308235,340.8600024523946,1.1023564288492702,7.759135407044478,1.8990460980474153,8.333621068942373,3.9636625051327044,1.044130823550437,3.330490921151637,872.8122874907316,1.4751494649951056,0.19057328205732285,3.2490129306118583,2.0,257727.62014765936,1.1144050037056221,589.3633073983414,1.0108145790634167,11.326129721142657,1.9461830822465642,5.764388554175098,3.7407368805899157,1.3322137792454136,3.3758203966341727,861.4950352626497,1.4789828785107146,0.18850698913686084,3.272698935345925,2.0,252238.4431616863,1.1162448084503347,573.514077055154,1.0298049540586283,14.2727851415131,1.8186086586203998,10.590841265051845,3.9571857186500607,1.6897334332859058,3.1781981165822444
P27,shape_sorter_observation,1,shape_sorter_observation_s1_1.000,1.0,3.0,True,197.89652707621028,1.1654063893095559,0.03493457542861968,4.894814504291104,2.0,11923.029141003486,0.7406578134933142,21.76076353057261,1.7197743333676252,6.413201270139302,2.0143206063829235,10.49726001462405,3.9768650964173853,1.037825529682371,3.1707251633498093,189.45595828781228,1.1306103526758504,0.033591487710284466,3.448673701579856,2.0,11186.249063014278,0.7445220424267329,4.983170487005693,1.6612990920352335,8.980692194997784,1.5211905790949216,3.6818846732593515,3.8543158451117208,0.24719285785298403,3.2465336538937626,80.40836045586238,1.1089011495471397,0.03579602561311016,6.39417809529901,2.0,1963.3948809220747,0.736157393572309,4.663347691415176,2.1546371612620905,2.3261736798666264,2.2982604720639666,3.2968092747148896,3.980948218887999,0.20451719484268685,3.3259078957809454,40.575234270522806,0.9947965127634523,0.03846507871440224,9.373355026837881,2.0,459.89252029376013,0.6937688856949289,1.2928047772338407,1.9946471870609639,1.8568774832046353,2.182901119937803,2.5948489805721637,3.9032097738839275,0.24104638690295566,3.1156046837996723,298.7582007647972,1.1252157378791598,0.03319320806248248,1.6009325891431558,2.0,28037.16490331742,0.7473963023913939,7.150517064610662,1.4653733293994082,0.761862765283918,2.2851377622835995,2.538273735825595,3.7466871922953535,0.11907867582253762,3.154368700890195,100.97737502088536,1.1386985380972174,0.03674360686204734,6.66140953611107,2.0,3037.8319326814812,0.7263376491920851,5.079418852240593,1.7730013742667854,4.138226152967432,2.26818607124257,7.157165367469641,4.004969205252155,0.5926915595388221,2.786301957678095,137.0294518049427,1.1630521484081235,0.034598241848083196,5.312561683658709,2.0,5992.121885361106,0.7672693687964048,6.515414770209167,2.260405994954002,3.338485553675387,2.2142503348524305,4.350794077699753,3.995604373481675,0.43179641906262584,3.3915109028095256,135.5022170344379,1.1866394588300304,0.0361506074910251,7.72992224160832,2.0,5913.55389305182,0.7702585577068354,10.585225757449138,2.2130696121040905,3.126627667887461,2.090595836039593,9.80414167376179,3.932273215585984,1.3793585986950243,3.2630648372083177
P27,shape_sorter_observation,1,shape_sorter_observation_s1_2.000,2.0,4.0,False,25.273430065818278,2.0982532427984073,0.07805547436090891,7.115868164630999,2.0,179.05643330243254,1.2061609886827547,6.898217186599821,2.124221289296758,3.2119571585945543,1.9399179963629685,7.364467887917894,4.006329429886645,0.9516960580737689,2.9086332655638185,23.388285123188666,1.8181246877334374,0.06824909871197808,6.983791168412612,2.0,140.3926262327449,0.8548320510524494,1.646018657205347,2.275949278627366,7.98413050869908,1.6379285842671463,4.473345378501529,3.74399257244712,0.47191837034903406,3.1653977009828274,10.072630389098867,2.217269928121865,0.10275700134624682,5.657030645850524,2.0,29.61367140352582,1.041259068421599,1.201286997442252,2.223237352832407,1.0721566657224344,2.2869245086686507,2.759064301412098,4.073706654019634,0.17169012555326912,3.33669842337534,6.041823582302051,3.218908500581277,0.207731621857732,3.070818525659803,2.0,12.136395410760226,1.1216973800279366,0.7020271041775478,1.83197125794047,1.741085085822073,1.9929783822842548,4.921844802145076,3.8433540606018295,0.8190401348270805,2.935627238017461,36.26892274205182,1.4534478213482194,0.04107611322677887,7.234758248632849,2.0,346.7812930369071,0.791809578085321,0.8857954292230714,2.1732553618502903,0.23203335795279134,2.2227433792049487,2.063377327093742,3.9451553901995253,0.05999921774066089,3.1533056943869147,13.303219796925717,2.3768508395353756,0.11733313654895082,5.224966925632642,2.0,53.23959016020053,1.1634933897194935,1.6096900212254772,2.0922338136473817,1.5629820552895861,2.178713759554409,6.498036304815505,3.889997291549502,0.9837500424965196,2.8226256586014693,17.236054534440676,1.932280685351044,0.0893657308346292,6.8066888244041435,2.0,80.21142396793387,0.8703697213629015,2.169763336720243,2.181574402217658,2.253379294284532,2.25208328428715,4.874455895690464,3.99245506174585,0.6683188725679503,3.3624203914801747,17.572943014819224,2.3058352192643605,0.11525123526649139,5.858542198047437,2.0,93.1666031047736,1.0752897840370126,4.924657635640975,2.256613428233445,2.3953910738755386,1.8447420974210846,9.459016799360635,4.05051491733737,1.459713718822809,3.150738726988873
P27,shape_sorter_observation,1,shape_sorter_observation_s1_3.000,3.0,5.0,False,8.950909366208414,3.221115952874763,0.17305487620832802,3.3582488596899496,3.0,39.13842766608266,1.8163591590298367,6.065939003058293,2.01176057975084,3.371503949649009,2.242992583429083,4.680080223889451,3.7452869520842444,0.5568879233997723,2.624035019538702,3.8482551901169786,4.525064222532636,0.2901403161865199,2.1343505095249,9.0,2.900747973390948,1.892082645202326,1.3570233753241001,2.150537194307381,2.347382132384059,2.0014514717932856,3.0460834797107132,3.755322748087993,0.5149517222855607,3.2459746798570364,3.7036851402417232,4.0004788949112875,0.2288602843285719,2.469082069697198,4.0,5.801011040091318,1.923650733295966,2.053640848666675,1.8501560229930851,1.059313325012528,2.158610921951423,2.7452032015137138,3.6345897330218904,0.1296944699410301,3.1590413332599403,2.9737470873208616,4.533121107273273,0.3914297594464483,1.7429995853703864,12.0,3.1350583453275265,1.8711751891795891,0.7080756459262909,2.01178793618145,1.076886082207388,2.2708940021493547,3.937561345898811,3.4308132223077807,0.8957462260658773,3.0158761242876886,4.979226323735541,3.2048165350259334,0.14120636278455295,3.822099535050259,3.0,10.199752632190874,1.878110568575955,2.197886152239506,1.5466533483119622,0.45174096340521863,2.129567914893439,1.6421841196967195,3.846962496949449,0.09753239358384642,2.7223618059200625,4.4429636636710566,4.271971222509758,0.30296444695034186,2.0998160174270186,5.0,9.02666709104293,1.8022469817991926,2.7160416667645286,2.171549402273019,1.8037403577953803,2.279201103197837,5.7941095929678506,3.6425562578611697,0.8155740293288324,3.134866224081717,4.3828014885466775,4.4279427138471865,0.2979678122754427,2.159466008088989,6.0,6.465054324300479,1.9076139279774111,2.5544306297808426,1.8700268616043978,1.7100811392704467,2.282406181829117,5.031376867285572,3.879838631770378,0.6428820322413218,3.3070551275651905,5.2398969696786954,4.36492277858349,0.31645540704557734,2.199493591405194,6.0,10.460876343895052,1.7610188940188565,5.092432485671321,2.095006248283848,1.7951809150952038,2.1074010066971898,6.898833161521899,4.026371534023323,0.8472924671420778,3.143698070477819
P27,shape_sorter_observation,1,shape_sorter_observation_s1_4.000,4.0,6.0,False,6.045990225282408,4.450483191391885,0.2577752444329393,2.1887198560551115,8.0,7.464059946506254,1.9219923074255816,6.467585315464938,2.248321997272176,5.875033746892833,2.2660401078549466,5.729460574965828,3.9531072426783744,0.5475825177237852,2.7480730342026103,2.676789004689248,4.569503796595755,0.32887943248399526,1.9977750784256687,6.0,2.3266130648467627,1.8944733593208696,1.3717426981687577,2.025076912337099,0.7037926569887918,2.226692302720183,2.082391436590596,3.9874461276984627,0.3017605787261704,3.3264716127275267,3.4990440259346896,3.9383744298046226,0.26867250948998583,2.2007867999050843,4.0,5.350180769121291,1.85567621988393,2.304668004578604,1.8494107893655087,0.6807253750192248,2.2263172818116646,2.1047662314693176,3.919053022734166,0.2855720028192528,2.751686288446504,2.4870918848612202,4.374173196428226,0.3443911360760623,1.9558242732083662,7.0,2.6033887178987265,1.7748637142858477,0.6639952283515587,2.1669812714912227,0.82232173359873,2.291916136073713,1.759329000733242,3.825683284143163,0.3252285020608034,3.157278461058449,2.451058606948415,4.58732267176851,0.280648795881678,2.0525044165895756,8.0,1.2980036129210992,1.890542219986794,0.5368715551622432,2.0074507411899463,0.4344210032323793,2.2643056920760567,1.3961748559978846,4.018019875619934,0.0984952343167842,2.994839687258719,3.561846856242915,4.695167497853123,0.3485551239215774,1.8268404428052534,9.0,1.8337930543079615,1.8333524608773695,3.503443758676324,2.1403493091700416,1.9448364567852945,2.0360494039994803,3.679568906956119,4.00687383303014,0.4704856372213867,3.261885686039013,4.014665097435999,4.222044532043649,0.28046670558914977,2.1549027408843826,5.0,5.69064046147795,1.8874460915362141,3.304943224918968,1.8685367172487706,1.211103386978641,2.250489243047227,3.5126941030108356,4.014442658851293,0.2857468722959454,3.07687212351802,4.226917879988288,4.914308798174385,0.3789482275613954,1.8567951726173535,9.0,4.2647801153640605,1.9635621805432202,3.0291241713547987,2.23951358061775,2.026513488764305,2.3157498895159154,5.49950105516632,4.030016684456943,1.0613878842855757,3.3413826445327044
P27,shape_sorter_observation,1,shape_sorter_observation_s1_5.000,5.0,7.0,False,5.4485121915055235,4.453728660586993,0.3012874976618551,1.8468284992358968,8.0,6.778509213423277,1.763859975435153,7.574584071072959,2.281792379092191,5.566039766540886,2.216188135657774,7.570308000972961,3.8463182599563996,0.5024342193746136,3.0863700048766316,3.41159486080909,4.213507782025912,0.2880033149274579,2.0097282837674753,5.0,4.459378188977956,1.968734362407821,2.064691060163067,1.7267445524935396,1.9762000006743123,2.0767119951522903,2.4564257065205655,3.7546238475340954,0.2849196809144613,3.321134452922379,3.507302006886754,4.1195949043565525,0.28525499141186755,2.0406502485729736,5.0,3.730914191503817,1.8159542525938845,2.2394379107634363,1.9909155416982944,0.4176648029455323,2.074681993029316,3.1007429895763727,3.65535603804883,0.25937067292813243,2.877823355874516,2.56744503625167,4.609370434805051,0.35618832609713785,1.6716159535762194,10.0,1.114647323168081,1.983557983785564,1.0460729175211338,2.0511562653239603,1.3650682262571994,1.7829980544965238,2.4161833339092014,3.7587525810399387,0.18604996041627803,3.235952273156699,2.144601738569046,4.5913122873873,0.33610891782783486,1.6796555931094173,9.0,1.1401900518230614,1.9156217493193821,0.7593566983388718,2.272430094340981,1.1168954708853662,2.200654464334756,1.4042576752851925,3.9158806404386826,0.07469165632458254,3.200668702781156,3.66033782394652,4.779312505701009,0.3625098801048759,1.6896704438907502,9.0,1.910864576406464,1.8924606227919991,2.6361670530164676,2.308718926440786,1.4390736449279073,2.070213335053126,4.155300098391628,3.935078983600396,0.3841779399597135,3.117486856004296,4.1365965420763615,4.105372913966972,0.26812233241097866,2.207590379920306,5.0,6.7289428554715425,1.934680948996459,4.793588651493527,2.110210237236032,1.428894482000486,2.141919566636917,3.3184031886141927,3.8249280505904193,0.32213429827438694,2.936458167551477,4.245403484155165,4.655837538458869,0.3716955260683595,1.8387151513562734,8.0,5.1158125279982425,1.7791311536152374,3.6290061957758075,2.1300574948345745,2.783717667406941,2.2156301926148187,5.634376295997742,3.942093316069623,1.1036085641298163,3.1637166597565773
P27,shape_sorter_observation,1,shape_sorter_observation_s1_6.000,6.0,8.0,False,5.448091221601363,4.4091670711755695,0.29770413661039985,1.895574828080749,7.0,8.289454275200654,1.83036766893996,8.070514620982316,2.2253485989183877,6.661938761271962,2.176328330449634,6.664062983221165,3.85138167833247,0.6223191430173889,2.9410515072367023,4.099912624823401,4.116286875549815,0.2722903478127368,2.0177496877195575,7.0,7.172397251844016,1.9563834649586425,3.2512906576013734,2.1687363783831444,5.9006586747367455,1.988021624061333,3.1516792219386836,3.8529744816110894,0.21551056410821479,3.1777484503907014,3.1996258701836546,4.5255209262966405,0.28603508762797225,1.9478372102086376,8.0,2.3769300095821437,1.9088302477700512,2.425850318266947,2.2934943099493035,2.0975382930126774,2.2251324570423465,2.330422249580427,4.001795233897887,0.1890538248432166,2.8884396135640222,3.0494168106645185,4.487974033651405,0.3213488444033683,1.7194668639685105,10.0,2.336664852406268,1.9983875585618438,0.9912831838743458,1.8191676038017137,2.644945234370811,2.158903171210853,2.8433854132883,3.8441398503839386,0.18212884264645424,3.166032990343697,2.3357118583998804,4.110645065540739,0.30578278945003334,1.8070202380121898,6.0,2.540093721464869,1.682689072077959,0.6227407408461546,2.2067946418095943,1.4460161533714382,2.173296059337916,1.332645408210726,3.924911139855794,0.0842158093691764,3.1870338233583833,3.869028877459619,4.488847739528781,0.31018026048299957,1.8202664211874366,9.0,4.392304503739782,1.8534380257088066,1.8706760324821987,2.292777786265041,3.48955566162817,2.209388479858916,4.474477227758119,3.7942278771274953,0.1972754131832574,3.3597249324623064,4.506545388776556,4.154912751212981,0.2589428383609296,2.180138641677518,6.0,7.775000776647968,1.9253302088682251,6.35185416985298,2.2792302825418393,3.3428382688543024,2.185721475023561,3.1631662527595075,3.7754286801339068,0.2881954021495961,3.066713843247773,4.54180949085581,4.559865335355328,0.32937369066254796,1.984360530374363,7.0,6.405871653335748,1.9737944163403502,5.521920765735214,2.2717320400268424,3.9335762166955006,2.0995554651707433,5.1657172850474895,3.9167634538212424,0.8527510989823782,2.9516549149044597
P27,shape_sorter_observation,1,shape_sorter_observation_s1_7.000,7.0,9.0,False,5.478395135786493,4.125248381193832,0.2871707741788848,2.0090423243599593,4.0,14.216838294002832,1.9469020026097574,5.622595851269625,1.9412377544436872,2.7911145788205145,2.22316083531533,6.694905699413258,4.001217446077939,0.44474492621609113,2.9005912360736263,3.57370434526961,4.232322288260208,0.2850222770512139,2.0550066099216506,7.0,4.041836115947651,1.8260338561434808,1.534837787840252,2.2320136177530636,3.3280772512795376,1.9893861039088516,2.165865544794838,3.909401595489197,0.28494556668688753,3.0491860329771336,3.2189124899366854,4.077750327229472,0.287756464353232,2.009935010929871,5.0,3.924694523693289,1.6697848843307863,2.690374513363857,1.9350177861874875,1.525820491697928,2.2997750406698314,1.7049404597346838,3.897802226442399,0.2610730407518453,3.1152026408844384,2.7760639389776474,4.55949510157787,0.3204013640817384,1.8643559035344701,9.0,2.245822173911023,1.9860218912252674,1.4584100915422034,2.2549065950199654,2.275952854431819,2.1583956096530743,2.027750173892251,3.9793276900955523,0.2585192523424988,3.0112407896256865,2.045167160904014,4.530565399388258,0.31179395258623943,1.8293591646007885,8.0,1.1200463775044793,1.8486834954763864,0.8068075659080473,2.1725516100480515,0.6270684125977201,2.1978136300536257,1.2872243844646964,3.862020636399236,0.0756490004210518,3.171569695552196,3.8790486956745283,4.575871863392667,0.31174014056285965,1.8670830712318032,8.0,3.6480412875238413,1.9880481633585854,3.2573828180438094,2.2858156934729905,3.2281046571108343,2.2722672088278992,3.4265422115995148,3.8764104964428503,0.35593813165093646,3.118897474681394,4.38463817240162,4.020043483602275,0.261919317612655,2.207045072524495,5.0,9.53373767944892,1.892177276665219,4.520666249285726,2.101232081150243,2.3034662893625057,2.2920909444169477,3.2256790091187955,3.8725839397657027,0.30369349326689515,3.2637514331553543,4.976902215258973,4.0236910306590445,0.3004571206717163,2.216062141890841,4.0,11.437893565238285,1.9764430668253095,3.477095982110443,1.725681845500074,1.8864540815153896,2.0603062279196473,3.578693845716424,4.040531788229395,0.8603116456158367,2.8805301888107615
P27,shape_sorter_observation,1,shape_sorter_observation_s1_8.000,8.0,10.0,False,4.851749710010197,4.469423899942433,0.33641197638230164,1.830548434489056,6.0,9.708653773970518,1.9070785678960422,4.208683868912683,2.189734451506367,2.4121995541253116,2.1653892602137015,7.400314480435018,4.101328248553863,0.7380629451069908,3.0615116914648106,2.8559410045334923,4.701620986460934,0.3442635352309758,1.7874728612882262,10.0,1.9280139218621501,1.9035154438495705,1.2676771371297797,2.1906003268056318,0.950178094780898,2.2303382795571918,2.9749992306877115,3.827840509242366,0.21560908384278465,3.318228360741961,3.1162348869008927,4.400860016309395,0.2961164982914611,2.047734328964171,6.0,3.484269965196847,1.9788181398322608,2.0758391936404856,2.183833117224477,0.9843950553466532,2.1933259934949096,2.568770779771112,3.7761073925764768,0.23843553153236718,3.252618949484826,2.4011523327458706,4.570782258491169,0.32294621343077684,1.912799692821157,7.0,1.5058195555771445,1.9509126434960278,1.2346279967761344,2.147057911907675,0.698353878173672,2.27012186833623,1.503153961480979,3.970582632165329,0.1476086774480018,3.323052906854818,1.8066201495658913,4.726462758777257,0.34826357084879056,1.609927450756944,11.0,0.3676407958578344,1.800926517490364,0.836406531962549,2.218493563713532,0.647303174671124,2.245066655834221,1.4707744136209524,3.9135558281329335,0.07085234465477253,3.1706532094846263,3.722074312412484,4.6479180713014525,0.35906554024912757,1.6374186180281884,12.0,1.5185224595044997,1.8722236017089222,3.664722633028975,2.265163263595283,1.7981310695852684,2.263671714994688,6.126714571488124,3.5707057328549916,0.4465616672134266,3.300536798564712,3.6946116385682393,4.349500402471516,0.3140334557012885,1.9524318254918245,7.0,5.367122957002208,1.831312801815759,2.924001795638634,2.076887024921811,1.891618376389062,2.1358315619438497,3.652603517208864,4.055352003513131,0.262004585967912,3.134554636716335,4.967851011377443,4.52822283586873,0.3543179993856021,1.8575650146018305,6.0,9.362285475425056,1.968769929167721,4.628577285697663,2.0056376963551057,1.5782880241591255,1.9958235158474393,8.464737221693333,3.8950757188474756,1.4671315820916362,3.033850365515179
P27,shape_sorter_observation,1,shape_sorter_observation_s1_9.000,9.0,11.0,False,9.76819149033108,3.4699648272582198,0.19460935578868868,2.995193694487896,4.0,51.931639173052204,1.617277388419346,19.579979504443436,2.2978253386965246,6.255644694533315,2.141355166186192,8.076955539101936,3.8963034144145072,1.0358674924386955,3.2976548071456477,3.532521663366878,4.444841709582092,0.3324745577028714,1.9474075339445276,5.0,4.738901408912261,1.9219079419992215,1.6851025617801771,2.0681809352776943,0.8817245187380666,2.2966244196930408,3.3315347191824505,4.076119056502433,0.3752896732925412,3.3547913379380625,3.8802190804755146,3.9511650813683197,0.26655683135652297,2.22453338256702,4.0,6.737016257995194,1.6713172766400273,2.3005759588833206,2.155597031267347,1.2284995372541418,2.2136539140609686,2.6522269049258482,3.91713574308823,0.2609044182518352,3.246905535206859,2.3978052499910025,4.549804029074771,0.32410692423012255,1.876658446216925,7.0,1.409358504171586,1.9961601904052846,1.3841653140187293,2.0816430284465754,0.6437646548795265,2.2853990817459104,1.635148181708694,3.8224715949618355,0.14882877907023423,2.8683457433356963,2.5775359820903057,4.243777800406231,0.2887662760831869,1.9329055575780856,7.0,1.7641015399568396,1.6629699142103314,0.9358763232217544,2.124588114513963,0.7801880266860698,1.885358361596024,1.362978683305317,3.8247829243144733,0.08036852840581345,3.2281839232047735,5.115227122385871,4.273470087033301,0.2849426582474444,2.0377296712038215,6.0,10.304529040580828,1.6909831363044727,3.887663718666259,2.3109222114702894,2.2291725062764796,2.244601023513947,8.055160007865318,3.767079035925425,0.46691270683044966,3.2305465363393036,5.456381425411854,4.061485419890175,0.2668379477389012,2.3030393263474758,4.0,13.61890117278539,1.7454754193636903,5.359248245438748,2.280960060032743,3.5240154478736136,2.188630117062105,5.135634353910574,4.0430770248595715,0.4490983011252664,3.2772077045702033,6.310989902748818,4.5358392684438975,0.33298585147325555,2.028361982693595,9.0,11.801222975886184,1.7811272294643465,4.572964444406686,2.1668380585165217,2.5584063001533366,2.082621618490678,12.760911103336062,3.709124116459386,1.7895953974862888,3.188628585021941
P27,shape_sorter_observation,1,shape_sorter_observation_s1_10.000,10.0,12.0,False,10.749926226038285,3.230218295631689,0.17173745682371788,3.13357092219783,3.0,91.95101641786323,1.7979107490080144,23.822004980208916,2.3079221859566093,8.649452226819974,2.0561292323342384,7.9515017035169295,3.7271100367586016,0.8722113188984653,3.297481420252879,3.601165930393525,4.340422196188841,0.3238004895251969,1.9943683925058864,5.0,5.352665542519342,1.9429135891683513,1.1458857153749415,1.8509873129897403,1.970335436005768,2.160666649989051,3.693881218979875,3.8862221723889645,0.4120057913540146,3.38329512188449,4.275315182489756,3.7151035805434773,0.24519770675604582,2.2979787320409373,3.0,11.206202124053837,1.721071742209608,2.378598656115124,2.2460824178096326,2.0274311034034223,2.2180562075315384,3.4002509742075717,3.8338051413372103,0.21224532715221583,3.3015436959875375,2.7882037646858384,4.022416642608455,0.30563650599494063,1.9654145202354336,6.0,2.4056540049049007,1.3053438536198056,3.42446942651851,2.068269681614407,1.378039305941499,2.094260556571089,1.7573391473997308,3.6427684217316196,0.12884039683412957,3.2328533991589437,2.820996062902279,4.172834476694959,0.2735627772970844,2.046000716094798,7.0,2.614625791215298,1.9511023165697823,2.8155326801642477,2.1602638542365855,0.9711218597627435,1.8401548563222239,1.4637935959499166,3.989964934671433,0.1346996411737125,3.2148409119718657,5.574911170295092,3.7612102310222966,0.2536001837965839,2.3319033382675878,3.0,19.49500561655333,1.8755482901926572,6.156080236802181,2.157009869752992,2.484971922927471,2.040829881038349,4.948831545162345,4.115553899987507,0.407377634227548,3.265471123659087,5.986047698994173,3.826740597165385,0.2428278503348881,2.489488386039696,4.0,21.272450367181186,1.8552691323030897,7.770257111368716,2.2370341838724777,4.480107014888062,2.126037018507616,5.313895827167339,3.913967197695829,0.564857464867576,3.1271778544876616,6.425506493866067,3.8071814398672905,0.2929185484654602,2.356983096503553,3.0,25.966475610375102,1.7045272202876947,3.9958361028947817,2.194802553797534,3.789919268914308,2.269149117467662,9.629791076391276,3.7845519679088637,1.0420688376354175,3.299595985158671
P27,shape_sorter_observation,1,shape_sorter_observation_s1_11.000,11.0,13.0,False,6.718400678406433,3.898290106517633,0.22142256767287058,2.491324976044998,5.0,14.064171713921958,1.7435938473231074,7.152173256299262,1.9915371179823607,6.173699270221004,1.9351635155268114,6.093836362700614,3.564782610236075,0.6205773491925245,3.315155839193933,3.265710415833665,4.4072785969367,0.3196681152184124,1.7763068500127681,11.0,2.387048172496073,1.8123082912840889,1.4382274095116419,2.1200067345892495,3.112060882376422,1.9624660489676002,3.4994975299775906,3.688511506377116,0.172765413681863,3.210001775499227,3.844192711514237,4.233193422332004,0.25518180658494877,2.185786469310347,5.0,4.892520551769016,1.8486052527870398,1.9077795565873685,2.0426251838754435,2.054904190920369,2.307979032036993,3.1991996931435756,3.705597134434919,0.28101110778374583,3.0789229224997174,2.7547692355337423,4.434039626198373,0.3123933410982804,1.8663853479273618,11.0,1.61649854712895,1.7222615227275297,1.0541658859405385,1.8579789983733501,1.4814407903103928,2.0553395500551983,1.9807361763036202,3.5348310335219897,0.20313044197807334,2.936456500666305,2.5109545263496806,4.035928356875622,0.2701280121635974,2.062929158999414,5.0,2.403895646897574,1.7394928984151938,1.19280949926969,2.043979462486854,0.524297742630796,2.0401146173647557,1.2367607973903079,3.8054163425543965,0.14704328222037225,3.0249491153893886,4.059818123366521,4.497875631544149,0.27193482061631413,2.2449394663539803,6.0,3.4515840906029642,1.8832443144912552,2.3773613983342634,2.0438092395374907,1.9721577839800686,2.274429132284463,3.239584390434208,4.007408663422477,0.3243968682780987,3.108004737260835,4.401169064231501,4.289361765327499,0.2569707590108763,2.1681620801624217,6.0,4.725439886511885,1.880711211584388,3.7338531336786165,2.0461491431948424,2.71285019299328,2.29743104930976,3.6254802655628438,3.7305721083625434,0.2323564441332777,3.160305882738409,4.606984991237074,4.16361813293738,0.3187967103780407,2.0192548466881983,4.0,7.8500508240465106,1.7047656380186824,1.4899802727199896,2.045597903468176,1.6049338246400353,2.2229841042559175,6.071513803513229,3.888990747541838,0.6719282516388976,3.3184193527357966
P27,shape_sorter_observation,1,shape_sorter_observation_s1_12.000,12.0,14.0,False,5.297991875996214,4.0782141735279325,0.27898192235904,2.078362730367931,6.0,8.619863993408797,1.6058599965562084,8.148167451517123,2.145940071510439,4.646803482667999,2.048731722088067,4.135407693071644,3.9068721607375747,1.054965487442332,2.8187659862555248,3.332944911405336,4.387014104980949,0.3164878498833582,1.7471110633130913,11.0,1.4330102104877647,1.9670128261094944,1.6358762122198016,2.1402463863853125,4.096477372467959,1.8738417058034675,2.8540078814297303,3.819501949635739,0.20450420707309802,3.293888396120632,3.6172721110112662,4.01244784212817,0.2689894773619449,2.0937706878142204,5.0,4.270837885245975,1.4170988616947557,1.9729362929775838,2.1595844777333273,1.4114776707534196,2.2776397810761746,2.385910182104917,3.7837711507986835,0.371967557513676,3.008982287686481,2.7918400426795333,4.091404048492217,0.3160427352530307,1.6972186755104084,11.0,1.840008070274077,1.9046152616328282,0.6593073247065603,2.215913855525342,3.238493004081727,1.7136657058074884,2.131041971329751,3.414531422478464,0.10642193578900147,3.0915745867123605,2.338624371453204,4.185580107776398,0.29394612959328514,2.0050708089908853,5.0,2.0041412838791537,1.7297833095738815,1.5197895705058548,2.1037936960001926,0.3509507812391046,1.9984572168811356,1.5755705200349441,3.962954733305545,0.14114870506015675,3.2244124476331852,3.228409363732328,4.504783939530482,0.3135100927708744,1.9121339701216027,7.0,2.5885073895301987,1.6805328347837292,2.0166388968687676,2.280887644372722,1.5871172357642673,2.2538813478912023,2.4999633123513867,3.9613964473375507,0.3596119225353557,2.9372638799098443,3.731453810870353,4.1573159000114925,0.2738801427641653,2.119593093669862,6.0,3.764897054144727,1.3851047610010612,2.409473230098605,2.2252280559680733,2.1645978885604973,2.3020190526986983,2.8003072208091235,3.638602535910599,0.37740998612162513,2.910049035196021,4.305667775934368,4.651267646811674,0.350001940697884,1.802485321552596,10.0,4.544669672501331,1.815745957907124,2.3391825806225994,2.106964009453589,2.4731328579026446,2.1216487078109445,6.745378464565933,3.837728403170894,0.6419794557779623,3.3150207315582354
P27,shape_sorter_observation,1,shape_sorter_observation_s1_13.000,13.0,15.0,False,4.8326933884620615,4.4497601063404915,0.29812769762118707,2.05224628409601,7.0,8.577107032005971,1.8010959731874738,4.021211275518061,2.270177571594462,3.1738057477931427,2.2248251213271835,6.205199956803565,3.9532554119979557,0.6086272071908173,2.9810664951972865,2.981562956134142,4.069907814991105,0.334924919581395,1.7298401229743665,11.0,1.1097524188355017,1.963548525988718,1.0704089340994882,2.135793513124211,3.9653764085188286,1.7032215131681165,2.118041660244034,3.4602167374587127,0.21716533808875788,3.2055992934525883,3.011113244942396,4.428059186889319,0.2988746113397654,1.9595889686346042,8.0,1.623174241111495,1.7867072657707754,2.5621096575225186,2.172675545461966,2.0276259863679047,2.2081845160159883,1.8609825759369614,3.8815366260097965,0.19828161629859553,3.126428819616884,2.825679581095623,4.084992879728978,0.30539904089093256,1.7711939316772771,11.0,1.2564540507287667,1.9304112423786082,1.409723540236603,2.2525394912134784,3.477939586392224,1.6978324087759353,1.7964547288301802,3.3147956960651603,0.2049269485517938,2.91286302623733,2.1371292226120877,4.5461003881079325,0.3388857428380164,1.706961292730101,9.0,1.393159605908099,1.7993160426133592,0.4736856154668962,2.0844345974860436,0.4077100962472283,2.0610434641790163,1.807747894229803,4.016632915898452,0.09517465699494838,2.983569302601639,3.1820575088409186,4.668838066437979,0.3593896530485457,1.689419581090845,9.0,2.4700242887302455,1.8058965340391016,2.536039400993246,2.273787820499102,1.8775516531843688,2.2775374036480174,3.662722549623702,3.81083817723037,0.33380490482607317,2.9877312325728727,3.2222698551672773,4.52496162644675,0.30011916512654274,2.111499180116952,8.0,1.9958091521260326,1.9801831807744035,3.3282190642284553,2.176254358745005,1.6878691541867084,2.1759360583765446,2.40563374757824,3.9337273129314148,0.21849575797561618,3.0899615483504856,4.054653589142158,4.922958732898633,0.39440337614899956,1.7062547014234763,11.0,2.453092403779519,1.9519796611787945,2.8551977101557533,2.160516055165803,2.1871017105806105,2.269683360106088,5.860961569907822,3.8455951593272286,0.8145291501954042,3.2959405258497223
P27,shape_sorter_observation,1,shape_sorter_observation_s1_14.000,14.0,16.0,False,5.741338159429815,4.415436792240413,0.2597468262213349,2.2777227538473515,6.0,8.459870964909634,1.7422831234623106,4.6942722288100445,2.261204118407971,3.077834074039359,2.2248285782180077,6.023450746302473,3.967351188906446,0.4856573384331968,3.2185685828533304,2.992911925428812,3.893738840973982,0.3353781396088738,1.7001212692663195,11.0,1.1772943592266114,1.9625869155748599,0.6295418327080555,2.0454948135487716,4.791057276889595,1.6420980726371392,1.8515336567533862,3.6448618127617096,0.26810284057484085,3.2868824548822246,2.9941417659491933,4.495693873574132,0.295629927551839,1.9753828068071073,7.0,1.3880354633299625,1.9225158579968,2.515170421802649,2.2048966251306394,1.1015668175639706,2.15765306129527,1.9975671288638792,3.7925768966895186,0.1886900573177578,3.240351985769458,2.837590772645483,4.227580496553114,0.26587424117661485,2.2264244911114774,6.0,2.559286537965916,1.934542734072802,2.0661403883127907,2.2106829340051246,1.4908693837704026,2.094349668667537,1.1750029600306615,3.637134826713139,0.17505515553584242,3.1888113740321997,2.4630694888623954,4.2344865681412065,0.28599559331757324,1.9495566513095544,5.0,2.443004890732252,1.8160435033728701,0.7042234484282349,2.175863637141717,0.9831200172629757,2.13288854402498,1.3492978047406439,3.9239393933349462,0.09568354802291311,2.9724798966936317,3.9378472450324558,4.366945774472765,0.28015746161271005,2.211762930438077,7.0,2.9119418763441787,1.9876673973853372,5.109243492462014,2.2829378819934014,1.5655393864698564,1.9068347316397976,2.7898438869870033,3.8300957582058763,0.264142503971536,3.2289170672873158,3.3788124465633653,4.7092667862006365,0.28667493866257204,2.1224295456937345,9.0,1.4980511618505477,1.9720298771296865,2.533929596759097,2.1978848707274308,1.9447660337946282,2.287830687764724,2.478684699590604,3.958329960245627,0.3274475089017632,3.2585871736673115,3.7012299108033533,4.89279089318097,0.41727311829049146,1.6292466406252453,15.0,0.5406747888763792,1.4728063520262777,1.449454810831115,1.9916026736681638,2.031303898952153,1.9601343465877359,5.6511361273419505,3.7907021278101043,0.9826901491790043,3.2622473606044107
P27,shape_sorter_observation,1,shape_sorter_observation_s1_15.000,15.0,17.0,False,6.252041314370872,4.036417642670721,0.28967585736512214,2.0049395569792803,4.0,18.949662926613854,1.7225674573007306,6.558102349079342,2.2842417112299733,4.463982055080747,2.216113974411765,10.229830911899628,3.4821225703057825,0.5468570706971838,3.1318001155712136,3.948295408897006,3.485809967925354,0.30474174044591146,1.6620497958615537,11.0,1.4436673335107872,1.757931221051972,1.160643948300913,1.8828488402758021,8.345557090173521,1.6180205717408271,2.956194963128651,2.9943326993576402,0.16798613828514125,3.317619514736604,3.3319274456763925,4.274529217988336,0.28270907280757784,1.9588318583654458,6.0,3.5912806697939166,1.8681266389072684,3.8008097663809988,2.047368307760812,1.3724364872111923,2.133684410036163,3.1573701741786167,3.6898060352437976,0.19576176799568945,3.1078206442007144,3.840437522070188,3.9715318005892164,0.3004293302791123,1.6207893235297224,11.0,2.6501503694444457,1.7465794217721367,2.319734260432455,2.0932293028059274,5.348278965052839,1.6115175645611146,3.2056222501864653,3.3639939891701083,0.17107458221437047,3.0392806785428226,2.64534592836814,3.9363047740100683,0.2787853637981243,2.022948867214427,4.0,3.679758930761992,1.6618273805553216,0.7724944538379925,1.877975261759686,1.0090524754140457,2.099525965873216,1.601969730509903,3.755123950289138,0.11651900229763938,3.0991588762351188,4.281555844441524,4.280775023884661,0.29553092394846703,1.9490299100424773,6.0,6.532353645677138,1.8177604058099999,4.345705453433567,2.2673231178155517,1.5011658029518333,2.2489706172824184,5.389877029116317,3.5758920375395693,0.3193009364707584,3.408684636431956,4.138198623996492,4.339420295987233,0.2696445558013287,2.0967777918912702,6.0,5.385352525253795,1.8294781835086786,5.23826016293838,1.950563607044073,2.2566184776171454,2.29187743060851,4.440903112229513,3.899083117165089,0.2627937639666029,2.9513043436931574,4.473912972734708,4.642050708338665,0.359372008926936,1.7339061565841198,11.0,3.51754261702884,1.8624655690816372,3.5868215025118317,1.859930176499717,3.2874236006305333,1.8748260395262726,7.322320136792364,3.919378022528525,0.6171027517378087,3.208431364482564
P27,shape_sorter_observation,1,shape_sorter_observation_s1_16.000,16.0,18.0,False,5.762127107977606,4.367626509644196,0.3063961268238364,1.9151769690423166,7.0,9.04185515342843,1.9155535537385067,7.794359467771121,2.299638473316676,5.034065204571518,2.2726696221715326,9.297556070561889,3.2722816923095843,0.7403111252346782,3.232069974447977,3.9048975784672537,3.239685966729983,0.29687221207695796,1.5979640133798525,11.0,2.4325589578815574,1.7815863961826865,0.6551577007640962,2.1523341628805404,9.884381225585805,1.6286401147924336,2.66485750936266,2.5126570288494547,0.15259439038158168,3.0615439201205317,2.8324166608909613,4.531898077490616,0.31227069073132346,1.7950084308619303,8.0,1.2492088443063771,1.9155555948898475,2.692041916263921,2.311322466843273,1.422849456660843,2.1717734073791,2.5095747964076733,3.6098431203141725,0.2061739077477912,3.106861217163331,3.8426304382217276,3.814857291839795,0.31439792940377886,1.530040064771774,11.0,1.4956435027837658,1.912319693126189,2.3041609645038816,2.1676454361483346,7.753890308084719,1.590389657508046,4.084671024026161,3.2171092482972563,0.18761376451439335,2.8452134875265847,2.6274558112071076,4.258190721921481,0.27477774399833466,2.1089237268412666,5.0,2.7417714168545384,1.8414295737930115,0.8311181524924605,2.18575871308626,0.705718438437161,2.205760760673624,1.6242028911419697,3.868653081996341,0.16393703058583686,3.196405205032235,3.8497158945451377,4.6055389142370124,0.3456442760562949,1.679864681518127,9.0,3.987643392400157,1.9984029945062363,3.329184869664341,2.2380623383523863,2.2243503935406146,2.199675917254524,6.6143901928423094,3.6170945949874493,0.3638642454268117,3.238075022374441,3.8845033242491405,4.461552673898895,0.296666192121065,1.9282921440974008,7.0,3.899670316542165,1.980648097101859,3.9812515488696505,2.218286475411193,2.483167450474805,2.2241541309384623,4.086168380183703,3.6620296321062735,0.2458512330220204,3.1386406982549433,4.141424863368621,4.811886636796894,0.3815410301387379,1.687664290589804,11.0,3.3070910983093,1.8985097541124334,2.282194598713933,2.312447180128407,2.694179271655883,2.1146450247446498,5.61711733010369,3.9049129646766874,0.7196989350886044,3.179378643089252
P27,shape_sorter_observation,1,shape_sorter_observation_s1_17.000,17.0,19.0,False,4.853089000092926,4.334003533193572,0.2719529092267956,2.218699342904508,7.0,5.156598365508181,1.9425569189504204,7.754856079285293,2.2634179027069643,3.9351550522737395,2.2924113336087757,3.0800485938971356,3.649171603326314,0.725615071178496,3.1821469249929795,3.0689706544706907,3.5842552891281523,0.316163574154724,1.6400154516914303,11.0,1.269970931675101,1.8350504072404952,0.5955361235779106,2.159931874487847,5.121029176418315,1.5135026949158434,1.7922628543306085,3.214429647761597,0.25201872766628647,2.710210959978466,2.330841631996999,4.570095003459548,0.3386794756010446,1.816572224096805,7.0,1.554892892020865,1.8454327820654965,1.569161591458805,2.298101428733162,0.7194776711678168,2.0416301292005445,1.390839395063067,4.0885420429537715,0.2606162266889133,3.076006648474154,2.6989462025708524,4.573427203503466,0.3376704469412334,1.7050326580775057,12.0,0.82813220948878,1.9480618793924673,0.7876347775055077,2.1823422493550577,1.7699763643953517,1.8884463631289266,1.9647366006789222,3.724309595076069,0.18830073957764043,3.1489512761296776,2.2554855286685807,4.342283349083599,0.28416282218069394,2.0515494791964928,6.0,1.4672385249958027,1.9352130176515971,1.020746390071538,2.242211031869064,0.3582622800846432,2.2968069900747468,0.97495491143118,3.860616676908647,0.1034688437903726,3.2427318622746295,3.488605693812522,4.787773324872763,0.34836144651796913,1.752884694090248,10.0,2.148060124136487,1.9819897268287452,2.1167615734773797,2.1424117165210865,1.2732502819655038,2.251664939553145,3.971282342630919,3.9264542232998925,0.292232917169081,3.2501342720574855,3.0045654439454808,4.645379559449208,0.3452081978344184,1.8666910549142488,9.0,1.9476753511802376,1.7528249053793403,2.2581927140684166,2.2977608157468588,2.1290376013628993,2.22855266730519,2.792557166480711,3.8979555243497894,0.5075742508497667,3.0721935374297176,3.0915945838849526,4.854669252883297,0.42920317373310984,1.647595656630846,11.0,1.7797375593042561,1.6547446456886574,2.114541834611395,2.1774706515591493,1.9622727894321463,2.1840010569746946,3.030601064718469,4.0239354841234745,0.7577172581994855,3.2492339045877086
P27,shape_sorter_observation,1,shape_sorter_observation_s1_18.000,18.0,20.0,False,6.035901131052801,3.4744954858965738,0.22255989076462415,2.5197145071092266,4.0,22.74076434218569,1.587400714794686,5.001411589457137,2.214886081206548,5.473659932217852,2.151297038327578,3.311825709751269,3.7194561922995746,0.5504800274262419,3.19513878655673,3.0851803618098588,4.32775978919898,0.33914976636231786,1.675707435765684,11.0,1.8598624725300024,1.8748724637933536,0.767148710310271,2.111818185786254,3.042953227785299,1.6473023115432601,2.6192342830348245,3.7723862290699732,0.4261415797050976,2.5739576264485957,2.696310066427364,4.5084057648431495,0.3128932705682964,1.9220903087161954,8.0,1.8695474815407582,1.729244591586871,1.1301941056067755,2.224558438364977,1.0201851062572598,2.0293341992206155,1.728490275451429,4.020784976623435,0.20098000501495653,2.957061667733978,2.2887185321210404,4.861914527018469,0.39886238569466276,1.5472056150455442,13.0,1.0739803558287349,1.8437646684855364,0.38406206964541556,2.058803087766168,0.9081009729394385,2.113441340913467,2.272768505826224,3.9996805478748785,0.2857867355875924,3.2818851855540627,2.0684816876897627,4.267721156239261,0.32233735858114737,1.76245657378266,5.0,1.6191251412820185,1.9227225757078412,0.37348324460118143,1.580516148587483,0.5534918243996905,1.9362669668571273,1.16057465294029,4.017453396824207,0.06183787274195073,3.324475444290007,3.965674106266235,4.185685623535504,0.31444236751734556,1.84339625460294,5.0,7.852670042110197,1.814467376549837,1.7724323175526138,2.168818594796399,1.840156003109875,2.293397474046127,5.124900030020307,3.724465089467775,0.3315285327734246,3.2868456642934354,3.4875475757041405,4.436566252301388,0.3254892693417194,1.937847857585717,7.0,4.282316889642073,1.5719850426688569,1.1820709950183366,2.148036126824463,1.5227048832158667,2.2698871147441113,2.9599619591419852,4.084118753044394,0.5506865236447087,3.151496445939561,3.6921615230744353,4.38310921035983,0.3488120489926664,1.927310084930666,7.0,5.044031117739005,1.5601339831762109,0.7713422663048793,2.310061555915136,1.3277633045743986,2.2296365613922813,3.7478032167826743,4.024318802569052,0.5921002493800519,3.2274985440623216
P27,shape_sorter_observation,1,shape_sorter_observation_s1_19.000,19.0,21.0,False,6.616741493986849,3.58984032844034,0.22932631478348744,2.437348426830341,4.0,25.14746271777787,1.6212930673164652,13.090656199120714,2.1117564049438626,4.76388616741431,2.2362921860236398,4.605086630294894,3.783758295263105,0.5394435195203934,3.1126193102253055,3.2744037443862957,4.387281234706222,0.345675762050553,1.6152019576114245,11.0,1.752261756389802,1.8662912668899536,1.8038331019917175,2.2675249120584184,3.7956200940020173,1.6436551930729355,3.04148079099954,3.909768027400931,0.3375561003383186,3.164168068354425,3.4229757674148735,3.87809744520205,0.26503129137269615,2.133586454637785,5.0,6.32419415574752,1.7703921436619288,4.764416411647653,2.183478329220855,0.954227087800804,2.1240485052065528,2.079495828774221,3.9889007773812777,0.16716981368850034,3.2062078581511892,2.91299497214026,4.360395201660008,0.34431178266118606,1.6311251915886777,11.0,2.085929962853228,1.8892213173429595,1.6349816881156511,2.029499197469242,3.2717499999850537,1.8361782110722271,2.840056693739811,3.6946305204012617,0.2367245756867417,3.2265615728426837,2.2151032759415084,3.898917146913096,0.2731842431173968,2.0992778045133047,5.0,1.9318798766182246,1.5865451862127267,1.5615802070480973,1.8561151957327104,0.4143762590582883,2.1908320712779745,0.9445061494325445,3.8398729829791796,0.07382494959039733,3.236130839574671,4.422074283442079,3.90139667670654,0.27714147780158294,2.0682624755853074,4.0,11.508982678987753,1.754690819268166,4.3837027942697295,2.0213442503994608,2.5805442984003983,2.1938311922318188,4.454429937140726,3.7164725773298604,0.2810414684891196,3.0856839563820104,4.344532046893875,3.965186992192135,0.2663505541242672,2.097810421982034,6.0,7.132598487262171,1.7771640448551191,8.63859961015258,2.1759287263487983,1.847769623244817,2.252351941363715,2.8713386936698773,3.7607660977144217,0.365931569309334,3.143647359578351,4.3215400875366825,4.448739185611458,0.3411504170966,1.8949778695381583,7.0,5.87180631692338,1.7289367389370247,5.882761533852548,2.2320151681021283,1.7408907105971267,2.085925613375947,4.903452916178801,3.904428573989722,0.8494336714100341,3.1943784837028395
P27,shape_sorter_observation,1,shape_sorter_observation_s1_20.000,20.0,22.0,False,5.28973583658141,4.661486362635775,0.30241940843146836,1.9925103338897874,10.0,2.4607320197817204,1.818147187026937,5.785989165568475,2.1665349173524415,3.063161232089057,2.274060754796341,6.844541628256239,3.778345233321959,0.7350586743558764,2.8807515919018765,3.2900078344170347,4.1712342359797185,0.3314575493784154,1.6992712170998836,11.0,1.5963106797642694,1.9386342747371246,1.6180610252451846,2.2405137689193073,4.707866843440614,1.6150945008802797,2.389754836617095,3.8176344931156043,0.29952754654694497,3.1739156423953783,3.325487559811015,4.420564133842678,0.2763061875726483,2.1546469757136744,6.0,2.6150798799431523,1.9537499970299155,2.6825811671868496,2.156717879402009,0.5550296792971834,2.135620480638614,2.4940916874926944,3.865390121811803,0.19943946651057573,3.3165754255106217,2.9404329501916,4.426681895224269,0.3346675705371396,1.6356586598702285,11.0,1.3551634624600726,1.9449445211873273,1.0899620931246174,2.206478361245086,3.441312367431519,1.9283032465723808,3.137827753868728,3.782517803972096,0.18645828612148418,3.2695880713752388,2.2936613292300274,4.5546409560822,0.29846053829349556,1.905419102081007,9.0,1.3151293176774996,1.9549336837229094,0.7990036846365138,2.038018787290104,0.6574890742767324,2.280546584779464,1.7504462449001912,3.651135146680375,0.13288078076325616,2.89542970040595,3.6077860697694715,4.790240966025235,0.3122259588117113,1.9818833812770296,10.0,1.3846411731606847,1.9785615322101475,2.40008544079533,2.252447452944559,1.8811679814114035,2.2136566147718915,2.893286634234213,4.043173045806141,0.4102915239627651,3.029239169513308,4.183411907882075,4.278451287864899,0.2658841599428906,2.2536002020547117,6.0,3.77133415477852,1.929199290790391,6.515682486988785,2.2832449010681555,1.8739597141105133,1.9654908756611895,2.7315750086619084,4.03857722240198,0.3448099497341261,3.0683434024311254,4.337040264613857,4.634102778633345,0.33956562983969113,1.9058564774163271,8.0,4.928081094461168,1.9444566531845013,4.9116831153407325,2.2132642501501696,2.8810879195887016,2.2089497098114492,5.02043789246339,3.90683857752766,0.8678302357115997,3.1525378983325036
P27,shape_sorter_observation,1,shape_sorter_observation_s1_21.000,21.0,23.0,False,4.886827109114331,4.36846417252196,0.3231620239852448,1.8525815370069867,7.0,5.7673614299537235,1.7605619905681458,6.186606311199379,2.069930780771264,4.328333604893086,2.111405648063085,5.234755005352491,3.947883508517726,0.5497722385180167,3.0968075321507516,3.098112973086059,4.007883207869013,0.3251326889754791,1.7460351002359056,11.0,1.4119695592071757,1.887455731660051,1.0460416486492177,2.082705790540714,4.615577085732313,1.779796384993458,1.9955165139090334,3.3554856994681965,0.37449408667555195,3.0957287657132886,2.7470847487000802,4.37640438569685,0.31862181285767904,1.9147582787863007,6.0,2.790328952075753,1.8892675865169868,1.7087586864386155,2.1248023870187653,0.9222447371515513,2.125272852558878,2.1264122488685517,3.890075940814006,0.18479729304119016,3.0214395282992483,2.3924377831834733,4.620139400842829,0.33415301440278583,1.801860386672208,9.0,1.3861204668519869,1.9301547977021418,0.9406635516766426,2.2832402934349787,1.2399821556111505,2.288894452033589,1.6482695570198969,3.755212553557757,0.14812136386467953,3.2569860789579588,2.345456813592693,4.430732397292751,0.3123771414489509,1.8383557192669504,7.0,1.8059665066596695,1.85183663868662,0.909569241612735,2.18363246226758,0.7599798620720877,2.2837974604503155,1.8900120658970396,3.807818113275747,0.09853061918154797,3.3260257079262745,3.011811500991871,4.573323132925751,0.349168513567576,1.7786888466737318,7.0,3.231529046702172,1.9650486083996381,2.346142409536171,2.2143920985815084,1.4277954082105082,2.2328425363116233,2.5593074091757044,4.172343518954378,0.31523645724985216,3.1749514684539526,3.529561596839493,4.2755302895682945,0.2902594711122696,2.165118479884763,6.0,4.495939135873815,1.8829199481490668,3.737923753921932,2.2575071961159163,1.794055202208991,2.2002933635181994,2.1346533405647143,4.161050305467349,0.32096386558394835,3.1777664290493925,3.649706782848949,4.487241589061865,0.33857441666187804,1.9195020723477476,7.0,2.4472040279488523,1.8036263893407163,4.502645927150537,1.9075767317650256,2.421302101098548,2.192090205293448,3.2471820572451167,4.00114461554985,0.5928896044887172,3.2870256847641848
P27,shape_sorter_observation,1,shape_sorter_observation_s1_22.000,22.0,24.0,False,5.339795138947427,4.010265911097411,0.2877026915611687,1.9840547116515284,4.0,11.891063348091754,1.7185511453874014,4.413740871892291,2.270138873511444,3.590335719772944,2.2261351407221817,5.397695078027952,3.8448525256794066,0.5386681202699893,3.2315296391183863,3.366199500311806,3.8312946718148266,0.315982566887151,1.6922251573223699,11.0,1.495688279571906,1.9772813242429903,0.9783064258676459,2.1106571483018,5.433315407738741,1.6256348207149358,1.8761136860187335,3.712286312991539,0.29475791717142064,2.755867748686656,2.651569847007853,4.517817558579133,0.31350359661324695,1.84756981071258,9.0,1.4608136383598773,1.8721819476176724,1.4657163571187897,2.005770144229724,1.3621149612607333,2.221499268121506,1.7346715465616198,3.700584849017939,0.18691776294455026,2.6588063995725246,2.373818718268995,4.500730291353176,0.3450927659349909,1.6975631592330658,10.0,1.1930481237094286,1.8576153587932107,0.9254750239611891,1.5761945801399633,1.3050812183958795,2.1957847416837275,1.7369411837339006,3.784374178020425,0.14381185823106443,3.156181770173515,2.2201014263596424,4.591308218104159,0.344202130858154,1.6381203008732146,9.0,1.135524102210864,1.8093818864943938,0.637616483994145,2.126052835746246,0.46002102326161637,2.3034698341718336,1.4258367960529628,3.9597658127281252,0.09694594816260164,3.160214723550221,3.578534054108441,4.357918291083132,0.32354730077720656,1.8446872876586502,6.0,4.076168113023206,1.8996744632494225,4.060379954047596,2.1753113881785864,1.4956099463455734,2.0851268186798637,3.1386767666690645,3.956452038500559,0.2974764247481877,3.018326761040156,3.2637463294840274,4.474461762541425,0.3058536701447861,1.9056333580970342,6.0,3.087102594240415,1.9582166249653867,1.892975126424269,1.9507204266837543,1.1695499212005047,2.226797354560767,2.7707076701044575,3.8296813214043315,0.25679198248272056,3.2238670112747645,3.3033408172350884,4.648105921018166,0.3572645891082793,1.7874960612889688,10.0,2.5963575939961085,1.956956798280519,1.41561211428538,1.9999566305882197,1.74944153079614,2.2177436621888202,3.3672861560365632,3.7790679377281378,0.5319247026972109,3.2328864002281583
P27,shape_sorter_observation,1,shape_sorter_observation_s1_23.000,23.0,25.0,False,5.163946866148419,4.206707960987274,0.27940373039492833,2.0660122478211878,5.0,8.4734047618432,1.749546101191648,4.122407715088986,2.237225419550265,1.639064653278059,2.1154318577113465,6.757570808269511,3.6779159937804486,0.5405026518400506,2.707727482302622,3.061026326087734,4.162227210193737,0.3292546055814735,1.735297201339984,11.0,1.747466831948761,1.8742570522698487,0.8817650429995807,2.225669006022466,3.8928892287164256,1.6223271920955338,2.128681362373636,3.9130485569123183,0.25534782464244904,3.329813065030449,2.4723236886894684,4.4701240481938065,0.3211656686717655,1.8316349669519474,6.0,2.013840878869232,1.968154084307504,1.3567118089607906,1.983603752220985,0.7800393778258563,2.2676012757187114,1.6695167898563368,3.9345441153754197,0.19104549051704622,3.013538165426293,2.3035489615586786,4.766627759480404,0.3627145423838117,1.584819774012822,12.0,0.7306305175419262,1.9340264678259436,0.7430137927852398,2.1812501565613758,0.8646238344645709,2.186549260672864,2.1273332049000326,3.837548129054512,0.1019376599164074,3.159231067456587,2.139304879679992,4.672967612562708,0.3619115434962741,1.5829758422303601,15.0,0.6712735475811659,1.8731794240349002,0.5572358129093727,2.209731413643384,0.22426068565462415,2.268307919621652,2.361827963298302,3.6773186286767494,0.12035069419223474,2.9970577069152844,3.6052466370418186,4.6411346246629535,0.3400503065277944,1.8579717594463074,8.0,3.2815876795449386,1.974426954428477,2.3550828040776803,2.1530439757146413,1.0334466059334924,1.9336274574731465,3.6913197282112318,4.012647499560405,0.6676825314011283,2.9151081818920943,3.3996831872881197,4.425456415265627,0.30994248784810186,1.8316336128921167,7.0,3.539704766048963,1.9852138196250264,2.3797403081988264,2.067041451152406,1.1923249854984255,2.0683716875366733,3.70624894056293,3.6749548652548536,0.20498782943302266,3.3447404125127185,3.5921541085549684,4.52023483407066,0.3520884265682353,1.8464981957529345,7.0,4.215418373179638,1.9529274916216444,2.573927920267625,2.1267990715200256,1.9946276083939496,2.00495956502263,3.130230821520636,3.869594086754955,0.791906072899212,3.0994367011770696
P27,shape_sorter_observation,1,shape_sorter_observation_s1_24.000,24.0,26.0,False,4.702356782114675,4.365109528521035,0.30702798996113667,1.9427994622128517,8.0,7.232565960032151,1.9592888943391922,3.443198561745995,1.9832874490712387,2.2273594321126162,1.86038795176009,6.463255302421097,3.625614626221073,0.5723652835973789,3.254541265646108,2.428927457252487,4.742576602990033,0.36067579539084443,1.7248596782787635,10.0,1.2859243627731871,1.8414268671592655,0.9919193632478212,2.2960015877391116,1.0953457028443587,2.2671425574230906,1.855395737228734,3.9883378612790543,0.17982428578513526,3.2732899636265413,2.4127960932988093,4.620970778848261,0.3372902818211055,1.8108283473575097,8.0,1.7481153298706298,1.9607122279541676,1.2497435335273703,2.0008273721652214,0.951448978609668,2.2794831730277294,1.9741344106424636,3.9306411946609088,0.2094193522942745,3.0828919967563695,2.185702111978136,4.662886403377194,0.3329667703169418,1.8001150499388898,10.0,0.9692549284580634,1.9414163964531774,1.006786376679435,2.2149593418574964,1.411536530505836,2.2399405387219997,1.6156832475742229,3.8525419103992142,0.16567692106581375,2.9200092473267762,2.2801011486734275,4.122412688594326,0.30960249645091187,1.7715355872699183,5.0,2.2620455698869906,1.6975390650319127,0.6361043549424399,2.2822774859294097,0.19466926699428108,2.037758377506107,1.8579730740874238,3.601115710917111,0.10034568208192035,2.9871837490909474,3.4098300266841974,4.790536805835151,0.3576129922624472,1.7859649295782307,10.0,2.221529850270856,1.9598071200391176,2.2860170030862124,2.222116033205296,1.7978509153414213,2.29314973865672,3.801660047473271,3.942036662262109,0.3627558790808886,3.1777413298870036,3.429194625734926,4.473149185588956,0.30459495097685774,1.8782604088265615,8.0,3.0081686151158915,1.881348771970568,3.121337849685447,2.1141372633009525,1.6789233188266675,1.9920601952451864,3.817114503830432,3.8004250894038885,0.1584218205283587,3.3170048694543817,3.656045271004739,4.676049076747635,0.37582411949065864,1.8143061803135965,8.0,4.1827924335318984,1.9362249132307199,2.840376224473162,2.2444480783715672,1.4886428451862912,2.0461832457734843,4.5704964323718205,3.8338711610481813,0.8056935064824073,3.1573497398431996
P27,shape_sorter_observation,1,shape_sorter_observation_s1_25.000,25.0,27.0,False,5.891292997747283,4.359911734603329,0.25539443402515843,2.273660562296518,7.0,6.210315153492401,1.4850186383325088,7.708606979790862,1.8957410271766726,3.7840140992757063,2.2788524110754946,7.232910161267812,3.817395736575738,0.701208453762757,3.0806220999038976,3.1239699412481,4.275898232186279,0.3043272753329503,1.8860488776440012,5.0,3.626605196327404,1.8112561385119965,1.8817751935786426,2.2912388923693827,1.4035188277687571,2.2576368128599236,2.054834373025249,3.9001847728033843,0.16984368582150308,3.1487273947234478,2.933299161906893,4.393226552249946,0.2865350595222489,1.941846309788772,9.0,2.519650112233188,1.8261258864436818,1.3628371072341872,2.1855756532318678,1.9658741021511432,2.2571992638354565,1.957255145856875,3.809009546363089,0.18669848160172986,3.0932034797383205,2.7518392106667076,4.163597207912391,0.26932272286796166,2.232711603571755,6.0,2.5318285295513405,1.8033170870904307,2.1247684339583506,2.1348995894769534,1.4232972879475845,2.1705671159997917,1.0963220066259882,3.99570775973889,0.12960384594870356,3.324034303725041,2.4563723748088675,3.8477475034703077,0.27478020589341506,1.9331267967348837,4.0,2.9144871246898183,1.712634889122963,0.9161086065002887,1.8494679268917875,0.2876053848870335,2.1438023370461634,1.4402947149503287,3.666416897821836,0.07775186217179218,3.160163159579189,4.478429059962686,4.097414070088597,0.271833382768693,2.252661672832247,5.0,8.378910733812955,1.75364865135752,5.999628032618114,2.019468708888037,2.447419202425076,2.2728965154957517,3.7075351963461864,4.014288669030307,0.38647908942591264,3.3092970195899807,3.8067141719855893,4.52620897075894,0.2904045272917811,2.023766090726538,8.0,2.2476338665272335,1.9123136692270943,4.397773987130921,2.3118939211629597,2.212069696060017,2.1589212406509914,3.434208487426147,3.789367338847888,0.22158279867247463,3.279612174510393,3.7985105382007434,4.768284288763187,0.391368207472745,1.756594770081401,9.0,2.2510763000727696,1.7926311479296624,3.8753820197222266,2.21484030885982,2.5719368095202735,2.2654646201521764,3.9988111901468013,3.8198544812493758,1.0723710540834321,3.1041126552754754
P27,shape_sorter_observation,1,shape_sorter_observation_s1_26.000,26.0,28.0,False,7.053049272299221,3.352991862996585,0.20284852056895658,2.7837533778616743,3.0,39.1417194767781,1.9175502384068484,7.219717502975046,1.599185939476554,5.554223395526978,2.2432678365737706,4.488855256188597,3.920478361302504,0.5242410350662902,3.3176738967854438,3.3137253283941384,4.110629430074204,0.2990604258974645,1.8277154752522775,10.0,2.422460026209722,1.8962117576660649,1.1647676727916267,2.1352901015757486,4.73371099111579,1.7309663178219907,2.0637657065367283,3.758366040191819,0.2843747885428746,3.2276640752279677,2.759142600809564,4.184923272925432,0.2905319750956407,1.9172480874747657,5.0,3.106228220442761,1.752232529330806,0.8748814412564248,2.0306848012545515,1.1477719581349515,2.165313474703824,1.804055014842108,3.9516540883396485,0.1364529639751385,3.0846972052274633,2.8149868251911734,3.960591703063907,0.2673698123394159,2.188932583572824,5.0,3.956557804226868,1.7502657055179047,1.9466351167921137,2.0070805272863486,0.9352420355661633,2.04743628163857,1.6033515235107068,3.9039135563645018,0.17732504131976917,3.179516302150953,2.2593733848710262,3.8769916891498926,0.24849093867348054,2.357892827256016,4.0,2.800021431383238,1.9088446480042964,0.7512380994701379,1.8468608585758786,0.39751742910336796,2.1340439768368364,1.0313498766334603,3.6624160785594335,0.09142514699030335,3.210406055402643,4.418506429752286,3.9116521411973184,0.2511143534021433,2.4549536684806723,4.0,9.423468191824364,1.8738023751340722,4.5069719971169535,2.246345961543639,1.7490523042233956,2.070018084253799,2.297898075690479,3.981717696772081,0.5225906574823628,3.3407591771021026,3.666825611928193,4.0697229469242515,0.28845777305236436,2.129544913890607,4.0,6.6455530605984645,1.808929923169929,2.449518543436218,2.2445723955461343,1.6518619352083714,2.1453849957573348,2.29411778343171,3.9559831248271506,0.4084548819881574,3.280863241774905,3.670119452741042,4.647300976991791,0.36405675682302213,1.8665621721767767,7.0,4.494384789657582,1.8709855096052654,1.8572692915187652,2.264896282468212,2.01773709554343,2.169941970771441,3.5269444259819656,4.043930535455497,0.9214090745145238,3.201783274892643
P27,shape_sorter_observation,1,shape_sorter_observation_s1_27.000,27.0,29.0,False,5.908038630449181,4.009720480760893,0.23336164179047109,2.501279969895507,5.0,11.49358170079141,1.7585648059764944,7.928826640044493,2.155461985613957,3.8474393325798664,2.2119426743448627,4.151451440787869,3.8256332573263445,0.6000644047250696,2.9651262164991787,2.682502724744526,4.634775809383889,0.33541806370188965,1.7093748741371613,11.0,0.9490850781515116,1.861008585898785,0.7785380684870896,2.209282055615347,1.4563421964125816,2.0872024487414365,1.9381666389008443,3.6692652932330883,0.24269847674235762,2.863265989868812,2.6401486251057684,4.4101901803989385,0.3131135349746408,1.9429072500474553,7.0,1.714519658019282,1.7327457787314149,2.1626795918991824,2.0665492823080456,1.6743057165383357,2.1385200393577435,1.8010786183033756,3.826676378755086,0.20266223988419627,3.3423994316955232,2.4161837334927374,4.4229480410779365,0.31789690754115,1.8897039433163276,8.0,1.6781153043799582,1.6164687071515917,0.8261509638133956,2.129035492000915,1.1824610147677204,2.164725403830957,1.4721696791704162,3.8103490696355062,0.18971753439869868,3.245767381198588,2.3331663685355606,3.5013747358066705,0.24106471406304772,2.3967686754061384,3.0,2.9455937044431693,1.474605490236415,0.4931098947190749,2.100517599181466,0.4122929730702122,2.3019439439686398,0.873553602442886,3.7994413630687838,0.06901645977339363,3.1008647827639666,3.834474034959799,4.278652386086758,0.2801121711336132,2.2252441714844857,6.0,4.530148296256507,1.8268636803572138,4.406068713157202,2.077270291469552,1.206187974350715,2.278617721972393,3.231556142180501,3.7960508625336797,0.4326033623471718,3.356426573620217,3.1559385597952905,4.481419947985014,0.3124254271636283,1.9245577205776268,8.0,1.0142301290476818,1.7876354411436308,3.3658611813864434,2.031420951107448,2.1521125654442654,2.2561502561345823,2.3081302249424525,3.858188811069664,0.32860390514532395,2.8808436362410927,3.2312061424524905,4.701843710880309,0.37476477925172336,1.8261324803981658,8.0,3.1581993504888377,1.9338948160068679,1.519612248990392,2.1999685774053597,1.7705430425495265,2.2684330290097363,2.5277296473739788,4.03932292245049,0.6826507413613874,3.306810863626174
P27,shape_sorter_observation,1,shape_sorter_observation_s1_28.000,28.0,30.0,False,4.218209170065044,4.48271688171064,0.31205752867426606,1.9280138401287696,7.0,5.706293133942644,1.9635350067388384,5.078976056155803,2.2617438021116554,2.678860014020592,2.2376126764939372,3.8288398597211133,3.9717876809551558,0.6469814451638266,3.1063886044616917,2.5747924716115147,4.6944529412390175,0.36376292090451756,1.6926366849595003,12.0,1.298247282855813,1.954724955414604,0.8361682554546489,1.8960325235437279,1.503047584175012,1.8405871081756122,2.387426732519306,3.8735860010643073,0.30615925815296463,3.1773764493568484,2.6741519529369953,4.404321557123792,0.313295105889835,1.9069629028116268,7.0,1.6894666784030261,1.9913965184092368,3.1639429357584303,2.1374199380334136,1.7148902166795585,2.2261906583838336,1.718032639699021,3.9109582634349245,0.24925327808285166,3.306005289795097,2.5464158581970935,4.360831479950561,0.32049121621335463,1.8121299868714595,10.0,1.6100223925179387,1.8203035359246424,0.9710275710134191,2.2739906837719412,2.3627387942137057,1.9966198858755393,1.4042562228937987,3.9084765697853134,0.23050526811303876,3.3337414738218714,2.2915361564379335,3.779937373070621,0.27498853013771246,2.018411491030657,3.0,2.452396899642219,1.4894033255360442,0.683005561496005,2.237987526011679,0.3824795192992255,2.243999499543347,1.2839149385923727,3.7528089701990246,0.06151902053631358,3.2860411989960427,3.7532361127701543,4.354196851859967,0.2967792774539337,2.09700739622546,6.0,4.29773307992328,1.9558400686436133,5.417645167567619,2.282914060257959,2.3693865848483506,2.2206222506608118,2.722585609025175,3.877605636815748,0.40617076328112467,3.2009927371871987,3.194254659212482,4.604581908823443,0.3310279035080669,1.7924174870986282,9.0,2.4187495853000893,1.9177286640468927,3.3062220921142607,2.2898245456642248,2.413584333623845,2.25542818976763,3.2678471901712034,3.8357975755245652,0.33015940117087744,3.210437690403014,3.165469719160864,4.963439784224678,0.44600972153444407,1.4961170376761792,13.0,2.2730014966903447,1.9012750354988033,1.7723441872699999,2.1399088726276108,1.5241281793749697,2.2211776052215524,5.067912741530604,4.036336592605846,0.8003734345853354,3.265491117791653
P27,shape_sorter_observation,1,shape_sorter_observation_s1_29.000,29.0,31.0,False,4.931067563526396,4.521327943903036,0.28815377845535317,2.074067567384278,7.0,5.714543552904067,1.9781952986093738,7.335266889592534,2.2314486154127104,2.428603420836381,2.275217784507268,6.006587609785592,3.955522842901336,0.5428112743948817,3.077561537150398,2.6339408358987555,4.29162615075906,0.3705226422171253,1.6246448525229105,11.0,1.2414452271488339,1.982809087294707,0.46840001893946004,1.9188065885888883,3.014834439270749,1.754173351889927,2.3056196337716197,3.77930058926665,0.22807540241816052,3.253348936004083,2.696403345096038,4.50956986993892,0.295633078375649,1.9718829044386466,7.0,1.8977305217673488,1.8612578532789799,1.9361497791522637,2.231372171413681,0.667612502614577,2.136967414262771,1.8227916602443297,3.9247691390785264,0.2267695713114563,3.093808982958225,2.743577905605121,4.160343563859548,0.3076023491702498,1.8368733986714318,11.0,1.5802512764224663,1.9263069864216378,0.9412834364833246,2.286113431050477,3.315978178171062,1.8604954229455157,1.6077588699979795,3.7717733751729736,0.17786332087718096,3.252846659049214,1.946346102193882,4.73665624748137,0.3463964999784833,1.6761322082353869,9.0,0.8419542662325188,1.9956285968772436,0.8460527601644741,2.2251894277350304,0.2602789619712726,2.1457393353042225,1.5192461419086378,4.055622327903351,0.10520429531090116,2.90733685413012,3.659126113306013,4.608946076935542,0.3137824907155912,1.9108566564419196,8.0,2.937381883908836,1.9761390486093027,4.195083341841568,2.3048379240514034,1.7618720671522285,2.140486207267711,3.7869549516826932,3.8126928725250706,0.4748463147536904,3.2193426688263296,3.6833839612589796,4.551103320781524,0.30169458863006376,1.9869920395277274,8.0,3.4546549398780213,1.9094696068414185,2.6278659747631745,2.252507131757185,1.2605867141738563,2.1101964819410233,3.524871847026736,3.9505229780522635,0.24524739157483663,3.1374457774291447,3.5150983534319287,5.014568813242414,0.4148864856933942,1.6463674739897545,13.0,1.996674621369589,1.933259613311343,2.031151442970298,2.109075897901162,1.3603072112650834,2.1542592018922515,5.238970698287848,4.064588106128196,0.8644196387661508,3.3505990226499724
P27,shape_sorter_observation,1,shape_sorter_observation_s1_30.000,30.0,32.0,False,8.014091929044081,3.82213061866724,0.25604465671640864,2.1281713295882088,4.0,36.3952008875663,1.7270232794768268,13.615486939931193,2.1133526201966513,4.628578085465829,2.182867068424873,16.81481330991564,3.485932421658092,0.62132376732669,3.107334811963766,2.674897460452133,4.690736866660215,0.3644585999762455,1.667846785422594,11.0,0.902423984774235,1.8227567470589678,1.473075187674076,2.186729987718224,2.085743004671058,1.804470090077899,2.5388902206142228,4.049909619478246,0.25468269007472355,3.1939847076846686,3.394346848102439,3.8786458009345024,0.25409548004680105,2.2533167305465254,6.0,4.524014409032606,1.8567870695756157,5.685155212829847,2.055603300075202,0.4427297090754192,2.2614533541175748,2.067221046281527,4.010657002258073,0.12359977242234055,3.247729503116648,2.878849507590181,4.4368016439890035,0.3051709184071149,1.95662641701607,7.0,2.352622666490957,1.8609780768470583,1.655513397173703,2.2109816693699065,1.2326726545303233,2.1372659114125834,1.9101988606437281,3.8325453954089665,0.19590329379302768,3.097027062645838,2.5247989810889617,4.195671249002729,0.2964731167520357,1.9147365876733669,6.0,2.766906633054882,1.8952114600164909,1.8771316863124583,2.16771508626937,0.6834778755315644,2.0873092947623824,1.9213304775623206,3.565109759148897,0.1260001470056185,2.9647122433346595,4.457565188176981,4.080455468215664,0.281837493342716,2.1132269445418213,6.0,7.391588814165221,1.7816836324511225,5.552529118094786,2.11573230393294,1.4583227757104058,2.199400451772705,3.4668507709403333,3.972120415881781,0.3114473432234254,3.1610097849280034,4.444593986183003,3.946702200114107,0.2702095332187642,2.2211767249143337,6.0,7.656624286589077,1.6709648569585378,6.850321066431087,1.9688536733779065,1.3056037984909847,2.0667594350250336,3.2904781486351555,4.054128463605377,0.33089020980956735,3.0207357874267897,4.337982187932964,4.249026283826006,0.3477152048770369,1.96903734556975,6.0,8.99870435765282,1.6215621982780246,4.564050727594219,2.2533978499766043,1.2611057222453907,2.1975124034975684,5.229337960888695,3.9643246298623556,0.7263639020369218,3.390347592719394
P27,shape_sorter_observation,1,shape_sorter_observation_s1_31.000,31.0,33.0,False,8.376740755122894,3.854938511821185,0.24294827624952656,2.227679074246438,4.0,35.77024480529089,1.7612710397547047,13.890538383295125,2.299978338795528,6.01985959486006,1.9366702923615189,16.322220150305565,3.3196500897185417,0.6899604907803372,3.282657195913883,2.8731848536800526,4.528723242980159,0.3024538639993844,2.1181955455017025,7.0,1.633586309413299,1.8643841041969156,2.4814910774361625,2.263675156434491,0.5475246348015124,1.922949723928848,2.174162836890768,3.9934589043570243,0.22625056279517816,3.063827407142021,3.559840755554198,4.269186443173221,0.25351077349407936,2.1665501387667927,6.0,3.2715944333747498,1.9260777938665574,4.162548298832363,2.29092772423015,0.9730428854911944,1.6154694683502258,2.567013672000482,3.91610372871484,0.1110525085854305,3.3726916180781554,2.6915900073658428,4.433381721435436,0.29875592915262683,2.0420731794455675,7.0,1.46084028579536,1.8696660585543978,3.140501957441389,2.2577939161729175,0.7927803580723085,2.200812522292238,1.9576923119888356,3.9062573044686446,0.17094039090328583,3.0931649394206318,3.220200645021796,3.4937819274379027,0.22108266417947475,2.5614392292894177,3.0,6.686744786510267,1.8220685618948378,1.662040964784371,1.8372330476073861,0.5279868593109664,2.040408444347185,1.8446249506140513,3.5951782203057574,0.09632533021756286,3.0007976064911666,4.429925628368116,4.330284925077709,0.27790344363174513,2.270121507570112,7.0,4.158174036556063,1.8589905369099158,8.769536030994741,2.276539692023931,2.3719808699086014,2.1264586668774488,3.96457665319279,4.110137388070066,0.3812470518599445,3.3185502574751005,4.406414287713543,4.241141279724487,0.2752368694079186,2.1825721494375214,7.0,4.15725757035414,1.9710568649674418,8.72538850533121,2.198798586624747,2.430735675904202,1.912565271759311,3.5623510349620937,3.9123918135599354,0.45708852342056094,3.1574091134619757,4.83125727386397,4.390014152089986,0.31379536664243385,2.1322105968658334,6.0,7.262352041827211,1.8744121581380453,7.50792501350718,2.295034238993954,1.936793242614851,1.8558156600746387,5.034959013568319,3.9421258959843,0.7013049213061844,3.378467264322626
P27,shape_sorter_observation,1,shape_sorter_observation_s1_32.000,32.0,34.0,False,5.981102701386651,4.076377233929753,0.2500500231804507,2.230523277084535,6.0,10.699879258227451,1.8523020410105335,16.345194327677497,2.274334168878338,5.76016912135442,1.9756236935855727,5.043470080838652,3.9363979183944964,0.587483913939888,3.0703677927926765,2.726992789906073,4.310227251846998,0.28113935595948064,2.255028302945301,6.0,2.5463084831267038,1.932177267590038,2.803604808297571,2.2930083507042403,1.1866966612639511,2.260192461617407,1.392111963222625,3.802295327112792,0.24542556561207204,3.395932439035183,3.170880204695851,4.190991493313637,0.28428657781757105,1.9337323192373899,7.0,2.8802778552615433,1.9562383808567563,4.742001986956463,2.2639190397485374,1.4449326862270626,2.144023055189925,1.8127630337300802,3.890680761838649,0.12762584234783297,3.179626459110943,2.8129140346806323,4.254527836691285,0.3002662182118977,1.8272783992180925,9.0,1.2784635343220385,1.748843177643406,2.277378505973936,2.0102949915989785,1.6041535235981803,1.71445493410587,2.0012754944839553,3.34695020159905,0.15515127545237306,3.0595031395855843,3.0177971528828618,3.1403536525966183,0.19530984936964071,3.0044924173085605,2.0,5.6402762492249146,1.481006741998392,0.9916832324572216,2.278445996681545,0.7159363175531808,2.1991481397184316,0.9087976741199404,3.942825148457052,0.0980955334659898,3.314479005074783,3.8571409965026717,3.8921543928278757,0.3032810446405927,2.075559164126848,7.0,1.9971937236898993,1.7654641848795296,9.419514400308339,2.19417173114083,1.7164584689609312,2.17390251895796,1.7422143059523754,3.97988639220516,0.3907256154590354,3.2253388893393193,3.910053251856881,4.168501412138729,0.28487016395509834,2.048586616502774,7.0,3.0891001454093967,1.8784067711704961,8.60833398197344,2.246250930524612,2.4040583623934153,2.2127252204859675,2.764583556935533,3.85259288971798,0.3979688343796983,3.2453074304842486,4.1066164967605605,4.452747730414252,0.33748498592994336,2.0209922735597354,7.0,3.579849171475136,1.9362333098623443,8.322344452329926,2.30102475667497,2.6021416350821456,2.094671826380122,3.4643836693758896,3.9726294622337086,0.7054522021734841,3.2756704612090015
P27,shape_sorter_observation,1,shape_sorter_observation_s1_33.000,33.0,35.0,False,6.651382321101699,3.9960429438859113,0.23895467610983387,2.2149791071213265,6.0,12.65228849927867,1.8219539008698125,19.108637997113107,2.125643864966955,5.774147392513983,2.060187327381477,5.7214462647706785,3.7734554012249406,0.7199847647895974,3.0511935160708505,2.9215076732077034,4.091902051402228,0.30349415773778593,1.8515912305102888,10.0,2.2016694229426363,1.7632359367441535,1.0645581881470316,2.2776814646831713,3.680724883708175,1.9526029295936025,1.3137259344377292,3.7895551142467965,0.2019278622569014,3.2777693028442267,2.893520607009596,4.6765228714191105,0.31611857660228737,1.7824104017237163,8.0,0.9940232372892321,1.98835205429741,2.0628044551728992,2.1151335399400617,0.8265947004259376,2.2970645050085046,2.13511346736625,4.019692836388946,0.15758884117014,3.2090143942897287,3.1211724001520396,4.123396603198243,0.31866676913833974,1.7153511053303905,10.0,1.424355924931739,1.8867691157643072,2.836444205586158,2.024091182515736,2.9554010663061963,1.7964064571013765,1.8878059562754779,3.202943426827204,0.1812817366185348,3.171758136289558,2.3696679415246775,3.8825636525406284,0.24498157590437944,2.3249887833001956,4.0,2.9519994727851513,1.9506020633178747,0.8578481701180225,2.0137656496219685,0.5464975164070391,2.161506984717759,0.9371239015967076,3.753432917947625,0.08087767604190253,3.288673903555881,4.220253677134955,4.169097051741695,0.30756303992832845,1.947737817834171,7.0,2.4600314462073762,1.5409343110605154,8.406447977595809,2.0498102121800925,2.1261073295936916,2.1623214705709155,3.3526577557008865,3.9102357452028706,0.4677562276991997,3.375711986477119,3.9741218618156826,4.2960069997436126,0.29369794551375883,1.9621994663812554,7.0,2.8668504072717793,1.8375399464286306,6.364982841023407,2.1816612695386994,2.57149616366206,2.034730946495493,3.2686919096052933,3.950890549895515,0.2532582529402163,3.2207405528218893,4.211438162945699,4.731833647393134,0.364464891604659,1.8097616649624813,10.0,4.08365468293607,1.8270529843883736,3.6632456536600015,2.2627268451789093,3.5186495788830587,2.147380006739702,5.888452613665722,3.80499439978594,0.6766802381634777,3.250029207868902
P27,shape_sorter_observation,1,shape_sorter_observation_s1_34.000,34.0,36.0,False,6.3374621000820675,4.039458493557663,0.24421381855271637,2.213172594278048,5.0,14.486262805927169,1.8957265636350635,16.20731891423507,1.9587284246724792,7.801866080118629,2.305188936626547,7.111744562258722,3.312108944014562,0.7642033318121175,2.987825547961112,2.823498697806276,4.326972612131458,0.30485148958117525,1.8293774693428526,11.0,1.437890298503929,1.7556171847192463,0.7853185155502225,2.208290899862145,2.7708192625470014,2.0754305660955317,2.1012298290116225,3.51495745617883,0.08152769973286952,3.271481810647936,2.7060262628107146,4.6008951484364395,0.338807862927455,1.6803919219911465,11.0,1.2203395573632212,1.9349705213095274,2.1231996686718895,2.23930041670168,1.70124276850383,2.1643880774892787,3.273261889963878,3.644918487732606,0.1308118866103078,3.220714684212603,2.8436631222731252,4.479368088453168,0.3243841975115992,1.7590093766628272,7.0,2.064096923126809,1.929274997625527,2.701943122097754,2.1429040179518637,1.0716892888983613,2.1601349948145874,2.617388614477711,3.8226446329729393,0.18148414717343153,3.2266803896188923,2.2075642261244632,4.404871931469505,0.31762382869015593,1.7505109373677186,6.0,1.2855622761949865,1.76605322492969,1.4490292361764068,1.9202525598570532,0.4477921828697618,2.27953495346979,1.6681443607537347,3.775360687965118,0.09929321354036928,3.1440304515704236,4.094559957886984,4.348927076185976,0.32599799000452057,1.8724914419546357,6.0,4.668866625201953,1.885730046754263,6.527652368983601,1.9361254817847062,1.4021817394877432,2.2630389029582956,5.462993756738779,3.8806986020985272,0.455915155148224,2.9733411499993645,3.759519143103017,4.574551554288533,0.3345981519022623,1.792724726316811,8.0,3.1888725598950947,1.933097266830426,5.1940673541418825,2.165825360611232,2.759993209443669,2.3080877379417433,4.692654494716115,3.9610411800758314,0.31808729208324893,3.2447742987750425,4.375823813754327,4.539813640835798,0.35942580576992994,1.767377167534948,12.0,2.9581307005543565,1.8128140842948728,4.154209653968617,2.283263084358521,6.768241874902156,2.1174893237180092,8.050899307795092,3.3057385770078787,0.7871509086921603,3.1606226508040796
P27,shape_sorter_observation,1,shape_sorter_observation_s1_35.000,35.0,37.0,False,4.588857739809783,4.252501894778064,0.31101046689472933,1.8952799864179426,7.0,5.936387933098659,1.7271970859727868,5.890494581839739,1.927736612029893,3.361072356586889,2.2456956930143743,5.170517880470826,3.678434776977231,0.3528275533107929,3.13594890405877,2.18093875609308,4.7271347169416345,0.3821349562218041,1.6276035068631356,11.0,1.1079494240353882,1.8723558209958997,0.6640473280132034,2.0400974594182424,0.5558475859013092,2.1375190550523753,1.761365970583147,3.951695489785066,0.12664794338567892,3.0438474704366745,2.727321356872364,4.379964520804383,0.3100937838147038,1.8638090983382154,7.0,1.656094793320454,1.8889862464307143,2.5257393909883765,2.098520203260287,1.0023061591183327,2.0107626118363005,2.0113083554083326,3.6204377178592626,0.19746518064390503,2.9192137525335657,2.430909218334992,4.61727963740256,0.36062412809586003,1.6187227042900771,11.0,1.6740596630245506,1.895024944273979,0.8758351335569233,2.153877165410495,0.9701094905404304,2.0771063817749074,2.3677917753724254,3.8355848387218208,0.1374846551322836,3.271317368656735,2.1575253877004994,4.143354910396514,0.3375233384529308,1.6865933362938068,6.0,1.0574580746360343,1.2546838811399614,1.8369132296332977,1.5886526221975488,0.2536059171369621,2.2704685343595754,1.7927154443356028,4.047253800806693,0.10483718956409525,3.134618205438062,3.439637997111798,4.726356184752235,0.38233517268925526,1.6397113800531695,12.0,2.968915397840365,1.985020507005427,2.007781740589704,2.179981780654228,1.3360841357611786,2.0252205522246975,5.350034136428738,3.779285639329813,0.5762115379503074,3.3147965108884327,3.0996609685543204,4.6271969721729,0.3674309000206498,1.7345378545350998,11.0,1.746228997399522,1.637464562019315,2.3782470585193094,1.9692850028497466,1.560666908464158,2.0785168004623755,3.6965742392405936,3.8538352857553786,0.3239084662827182,3.223823796931584,3.515712006093358,4.929977438694296,0.4106333595749904,1.6924535850146376,11.0,2.393886691040267,1.542735338994212,2.1796364596873428,2.281181587495982,1.452138660238537,2.0871724821308657,3.91066361415901,4.000338685168556,1.0965668576391945,3.2205524273862833
P27,shape_sorter_observation,1,shape_sorter_observation_s1_36.000,36.0,38.0,False,6.031214831537109,3.887011851485507,0.2735013710281673,2.107875046258706,5.0,15.495436532388627,1.6660654974283218,13.607246566267929,1.7902015039129366,5.696222422306883,2.1785444663100177,6.4858167531368975,3.8735776493904663,0.5167600656503192,3.169983188454194,2.601631316630053,4.489124496743481,0.3610740272130597,1.704151269755491,11.0,1.0436914372076314,1.9114257007606108,0.6284384991970798,2.0610714149341223,2.1870068175049373,1.775895845277756,1.9530874907841596,3.8607695358810674,0.25779904210468757,3.034024000732468,2.7640319483933045,4.349498953297311,0.2783469794491244,2.152940028355333,5.0,2.236658353140662,1.9268783724003584,2.071759340857433,2.0389221711143213,0.8286383935630447,2.2156786498491696,1.479493387081013,4.014055612109724,0.2365248859434203,2.8928445885760032,2.244714045015937,4.815987470957117,0.3821484151439774,1.5985226896377351,10.0,0.9690310395385024,1.9631983891799245,1.304230860967003,2.2689452001791612,0.8445929900950283,2.265484700329012,1.884066221880953,4.085557709296094,0.1507623538010096,2.9188512219927762,2.2577918840639515,4.229303049751264,0.31049402085701616,1.8782159764992337,6.0,1.4611041177929271,1.4335692966547793,1.5347536876596943,1.5843061750117824,0.5361989928464909,2.241790053999718,1.5373639378794348,4.002163110181454,0.1257528948445596,2.9450794029081986,3.1793710463035,4.665566157969194,0.3900435182214277,1.6190196896862996,10.0,1.5774222241718057,1.6651807723709133,3.2958595480023143,1.9982615166292685,0.8482441707512317,2.242853143576397,4.351302677245306,3.9663336154842597,0.4953698422031826,3.186433337510175,3.1714170054118416,4.3974223090060605,0.33189132325771825,1.9482546622593229,6.0,2.9699452846298366,1.9024270311117215,3.7144502244164954,1.9646976394642126,0.8021678516406766,2.08419110730936,2.9488420002931384,3.9086295390891292,0.3762841835461853,3.1752695909761948,3.7790485384481785,4.920134106676237,0.3800669740875718,1.881969234007059,11.0,3.2236660474754033,1.7631208297843484,1.6048100353406374,2.1593001361241186,1.7326862837766484,2.1836487997120604,4.167325904185892,4.018466067581825,1.034466799994962,3.1733871474822775
P27,shape_sorter_observation,1,shape_sorter_observation_s1_37.000,37.0,39.0,False,5.933837444406765,4.178973962641079,0.28495391759504574,2.052768358066257,5.0,15.267388447375122,1.8419724476016621,11.907871386875525,2.0693259334350764,6.21428204274501,2.260625908567896,7.374315371751877,3.9103747035626175,0.9342860419400814,3.0726560287377094,3.292539173310251,4.204108728191217,0.3217219018146582,1.7950617700845117,11.0,1.9880387374717328,1.9817306644131945,1.2295350033862473,2.0792170735088353,4.748238850501412,1.911454102105519,2.304535740251761,3.6483437594144354,0.42498376326872567,2.8709497364570447,2.3898388733115494,4.328607229944628,0.3209053725408794,1.9928103342841634,6.0,1.7745020485376772,1.683382282994375,0.9341318617604235,2.1949126877671983,0.7621852400198517,2.310732930281254,1.3194481188756588,3.567416044216143,0.3046759574807857,3.0933416030350784,2.431248393974712,4.740455886826463,0.3542134616991399,1.8008075910496717,10.0,1.1438536770907672,1.911548669561096,0.926122134883792,2.253992349188172,1.2866287543814832,2.0829521526621084,1.482338100018265,4.030779986844956,0.3757376191732728,2.829146375048972,2.287982743852219,4.5165971131692855,0.32341594517280786,1.7324939933348464,7.0,1.8179496465877345,1.9181218800746325,1.1033177846288909,2.054014357892727,0.3378368505728571,2.2108618005725713,2.29701380086703,3.8424200030611178,0.16228477357033758,3.012555101163204,2.980461254805262,4.665895494483525,0.354228940241656,1.8411274382020892,8.0,1.4234645732283289,1.9553630240428548,2.269880272871539,2.16110064501616,0.8958534543682959,2.2939532444240602,2.360123045911757,3.786622754726181,0.4426425040295045,2.979908946738496,3.052636013221176,4.607415266432755,0.34658383926854575,1.8985337057071718,8.0,2.18104969960663,1.839596307529337,2.680811492210596,2.193620616578159,1.5312454252947967,2.238690180158307,3.0905986013727222,3.7593453596421935,0.39720624191979104,3.301625288643371,3.735604124311153,4.592416848998804,0.387735862536697,1.8078684000902678,7.0,5.0135461419595675,1.8871252749041094,2.5981047649450475,2.2579804965446715,2.9151803096051845,2.1988037741348565,2.883915875734655,4.146061631633273,1.1556653040265716,3.1388632874321925
P27,shape_sorter_observation,1,shape_sorter_observation_s1_38.000,38.0,40.0,False,4.999019953687844,4.417489869407339,0.30558154923046443,1.967364137853664,7.0,5.310753437434048,1.8945329014301837,10.774971695218548,2.257685864885227,3.2965553714066553,2.0187008379791798,6.761249875215885,3.765989878437709,0.715910438288607,3.352880595944,3.353385569237045,4.474015667970427,0.315082026863557,1.7797513071146223,10.0,3.0106166688028146,1.935160006080462,2.1659323654152756,2.3029140414325826,3.657086844265023,2.1668847784514726,3.198637456209561,3.800615585616578,0.2582994595852783,3.1467867239289458,2.8873076123244137,4.342841395490027,0.2805980624306441,2.2088149858167254,6.0,2.5833206185685613,1.9376164220445053,2.774654469233782,2.2404608786405746,0.772200422453336,2.0496154931416757,1.8455178026870211,3.9227012420719984,0.3123928136263407,3.066890466764151,2.833597141293017,4.535758837601354,0.32898834844673364,1.8628256448014335,9.0,2.7408829703474096,1.9706262244926451,1.6538032998607883,2.0801813570002805,1.5772442565359703,2.1893628935456864,3.3839507957641253,3.6160644093866177,0.26844843233738674,3.3153324048779376,2.370430308375273,4.4080022147035685,0.29127448705206443,1.8809665048474709,7.0,1.3028276487979664,1.783672962749041,2.191208499922734,2.1823739006001723,0.5013836754102867,2.2173098948581766,2.160747102621059,3.616186209492363,0.12353397653281172,3.199040765692178,3.9314064577285244,4.009580628916454,0.28019602760912776,2.2717297868192374,5.0,6.413488808202782,1.882213991770858,6.973140097758064,2.158744153522107,1.3757304105313612,2.0572614129424416,3.3072613000306323,3.3748597365874575,0.32169516454502417,3.0504172132424316,3.713704219911999,4.517728248835872,0.30700455177963437,1.9185324080123076,8.0,2.6104924034456705,1.8600740391613215,5.153943557846696,2.2727531682354325,3.012687952610152,2.2316575148747564,4.274540898356674,3.790991398797771,0.33878831201223364,3.24053059786189,3.58425132049643,4.8870233044685305,0.44352937528807684,1.6341229875740582,9.0,2.3153231584594742,1.8851028327522994,3.8111340215795835,2.2290886546887,1.5638501477649114,1.9886945429192355,4.482342244588781,3.9675453807897387,1.4521918711276922,3.1408770420335648
P27,shape_sorter_observation,1,shape_sorter_observation_s1_39.000,39.0,41.0,False,4.881031129239757,4.18558947069964,0.26801380159077914,2.1755389393807585,7.0,4.999774586709987,1.8688705494888533,8.608261782354349,2.262106090624605,2.410219622305359,1.763366499143655,3.2337633304331943,3.996542284554393,0.49125521772125647,3.2045081430472138,2.702703618692641,4.407119493840848,0.32975488106371453,1.8908414150485824,7.0,2.586594354956697,1.8639931887009582,1.0089333215659118,2.2272329379080094,0.870843367950006,2.0869518283282056,1.7150767858473626,3.872161736868164,0.2718787203855611,3.0801344589947393,2.84436026169445,4.290120603752227,0.27242337714855547,2.18105955811905,6.0,1.880228893881461,1.90393648834281,2.5677730862408,2.1625290277180573,0.8089609992573645,2.006966225449035,1.3434264856003917,4.1266089549993215,0.14811748254778503,3.156795509578339,2.5395649530460958,4.233056954205967,0.31658213430196935,1.8759811413665233,5.0,2.635280146795059,1.9078061501468728,1.3374099989842834,2.2393778966655775,0.549335904352438,2.228125666663751,1.3084365790400725,3.8419013317950066,0.14828749607620412,3.25917001036796,2.170373019151149,4.248407655176183,0.28229451510166265,2.0173817691942153,6.0,1.0748029356884479,1.6194176189379723,1.5802771694835187,2.0892204498368194,0.4040619004668566,2.293228049159045,0.9669875401664146,3.79270037511155,0.13127883035430551,3.195544586360341,3.9923546748172387,4.318624706661742,0.27752072429258084,2.2382972264535006,6.0,4.104296057776088,1.951979959375489,4.590775508783662,2.316784678107915,1.3981453086688573,1.8420015834303372,2.222478404527193,3.981904747139056,0.5078864225048488,3.1357796334882138,3.59453490326131,4.500753094992762,0.3102994601867438,1.8972324685000943,8.0,1.944991900900753,1.9388402661206263,4.1920976355427015,2.2576695608969723,2.4182119298250297,2.1136426408183904,2.6150491102749127,4.061702309097743,0.2762035636780208,3.165536170275707,3.5538143539997864,4.84489734349445,0.42960676582141333,1.665587933214507,10.0,2.310338926822457,1.611532048942229,3.2546828072711214,2.0223209641884976,1.450743998546323,2.1055635161643336,4.14247574860324,4.053718054183214,1.430651880608725,3.100828336223242
P27,shape_sorter_observation,1,shape_sorter_observation_s1_40.000,40.0,42.0,False,4.0526604366369,4.309512748491835,0.2976861022548767,2.0931827662615556,6.0,5.229567526527763,1.9732240870057112,5.145625981152671,2.2160322046643466,1.7909850279806918,2.058219284414661,3.2325881160444156,3.879937509078235,0.42561768386653104,3.2677669548317576,2.269082304350957,4.558375290217863,0.37142787774226127,1.7742579526326088,7.0,1.7644595982189002,1.8994960878007419,1.109090432094513,2.091873033746496,0.5881613111935726,2.1399495522512613,1.6844027043805858,3.8230980382855684,0.2286177672842427,3.2128733215079617,2.292710422020639,4.589666231355371,0.36215589452356034,1.690485443578056,10.0,1.4672294957873198,1.7751131120362937,1.1392113392545193,1.9946351973299503,0.9056650047071898,2.0906038782418186,1.7921348826484191,3.9279621476754394,0.1592940179657299,3.2023741327007396,2.1104173892677975,4.418076762606908,0.3298411923528941,1.8386038683818242,7.0,1.7727367450373612,1.8751393613739358,0.886977996518838,2.1036700144211786,0.36354109201977536,2.145526077786305,1.6651751378679023,3.7543934991893977,0.10259129330891682,3.2311383760633294,2.171657682742163,4.113958627324862,0.2756419623410652,2.0002216385598484,5.0,2.3372449723273725,1.9580472534394355,1.3728644696818362,1.9466569305271053,0.39951928976103307,2.140189248136339,1.2503468866008312,3.8515842158003792,0.07592100721843836,2.771035417216535,3.5964600938380253,4.241557111701443,0.30386959802867297,2.0753048385935697,5.0,6.698690577792384,1.9718240774857239,2.561839362393345,2.033773151921969,1.8655617367028796,2.2409566702735946,3.400892433250874,3.8509338137080467,0.3771350816246811,3.1029811941450673,2.6556461305093686,4.83402373230907,0.38583336250277706,1.687347574179507,9.0,0.9258944659910843,1.9941365379150613,2.031148057212515,2.235562919696443,0.7435647496055942,2.2072154704351865,2.3315673207031757,4.056598477719448,0.2543876254530456,3.2444057040881713,3.083740629322952,4.927517670803901,0.46155449818460487,1.549461358025165,15.0,1.1743890895968743,1.49475481807988,2.218350004518235,1.5957717185130023,0.7403689710104393,2.2360929630261186,4.709712425438391,4.01450853794108,1.035655151979459,3.362924924149861
P27,shape_sorter_observation,1,shape_sorter_observation_s1_41.000,41.0,43.0,False,4.7276290674975066,4.209649640025625,0.33327670747712096,1.7185857395980895,6.0,8.802128504234146,1.9577326076296013,5.152002046967892,1.9184290497149346,0.9398208840177438,2.2350130312711203,8.556878112093342,3.5045110703437876,0.40112034290535525,3.0978087218840065,2.713359911523261,4.588045758493253,0.3589465465104403,1.6115718831013006,11.0,1.7097831306766642,1.96145887508691,1.2015920820426076,1.851439991393433,1.5941993565473658,1.7621549249208543,3.202353520197973,3.7805881516135034,0.19741683991635595,3.371015444670087,2.8900091312634166,4.7220999925977,0.36880797421262473,1.5243970087480132,12.0,1.2582925937648133,1.964349156623911,0.96041090234804,2.1648916686458186,1.222986683739166,2.0742727055751637,3.146431572708849,3.841381910868931,0.13728779285138976,3.231270581398882,2.6727853806815434,4.420880721385438,0.3359350594717485,1.7003851037790076,8.0,2.485742331234899,1.9530772630531454,0.9631739032581987,1.7320745454307218,1.3220979731912923,2.2324991855094463,2.0977246402493344,3.789219290373004,0.15595395811456209,3.2238508383936315,2.6827341018808846,3.9085836820192865,0.28136404771320717,1.867129306392339,5.0,2.9415213513325087,1.8172581326554957,2.284264447710991,1.8694471900527376,0.4694359571097718,2.2971357984982204,1.2432683909772368,3.887273036995108,0.06096874428391086,2.6852772966667176,4.360936764884608,3.8485909011204873,0.28824375112746103,2.0364492355418005,4.0,10.956911783057532,1.9284860654045097,2.1172474368285608,1.5541222095241196,1.7365757575906708,2.0924538055743875,3.807728345931232,3.66460441119517,0.4163576630754404,3.2919378955407663,3.0154133886409054,4.780120459475884,0.36914205086809515,1.6085254217325886,10.0,1.7189166603926516,1.9815660466713156,1.88836212194361,2.2447002110251715,0.9268394599959786,2.3032199838773053,3.4380036799146376,3.8959219936647056,0.27212808907729974,3.1160305246077122,3.400016405629153,5.000633706479102,0.46403001210648515,1.4710461251532916,18.0,1.1807726949277315,1.9177098595771864,1.4682605871238805,2.001252889127489,0.9523749455126442,2.0634805835653833,6.421366045439914,3.917223337109518,0.8496195090122292,3.3322643174460063
P27,shape_sorter_observation,1,shape_sorter_observation_s1_42.000,42.0,44.0,False,5.354295893635328,4.418347215824183,0.3555987667525744,1.5039743746191876,16.0,6.049618031388103,1.877072965742463,4.017757762575188,2.288252936531493,2.005839055169223,1.9748929635945374,16.786389936013986,3.3388441042810197,0.6380021386225281,3.1045126785496553,3.1237019009892264,4.560679252305617,0.3448904715438862,1.5969607752298032,11.0,1.8054010993654899,1.5805867042478132,0.941793172484578,2.20063153519987,1.8504776774328375,2.01493600937273,4.102682504413837,3.744405364211891,0.17613071290706647,3.3325769198127912,3.053255645936383,4.688913547165994,0.36526639768915664,1.4651462678120053,14.0,1.57196197379717,1.7784712100778273,1.1306616216074015,2.270866133712297,1.335984703328307,2.144941347218788,6.03198882146436,3.8281752493539365,0.21974443802176777,2.713643668396274,3.1459786722678587,4.46660689098962,0.3283018977688223,1.6535207996835921,11.0,2.2863911140322104,1.8837837286724595,1.1433528179898365,2.1954151377341,3.126125766876201,2.069979360846935,3.0714728907610365,3.847112597541745,0.18802883481534982,3.282641445201735,2.4818164185325746,4.559543324965739,0.33577156785869666,1.6570613152385865,16.0,0.7161333233842908,1.80778069061308,0.7979766097804402,2.258468203536292,0.581476574882999,2.2403457470042323,3.0044127648513723,3.501703201945003,0.1292850622515339,2.917422274394524,4.260043223174053,4.385571383282417,0.32946883991645715,1.7638501898686456,9.0,6.226816596212495,1.6282285323664611,1.617601715555479,2.087385113064941,1.649146465965377,2.1710918196674065,7.360416364188381,3.709969426213722,0.574514938361138,3.272073838003249,3.2102988576750953,4.714505724721821,0.3600009155243467,1.6197390834045806,12.0,1.7843404000998613,1.817941660876421,1.8285654180240343,2.039026006795871,1.6879517554133812,2.070596926816221,4.4025880020818375,3.835144729577147,0.4044483590984875,3.34079249058078,3.8817189691014087,4.947964751290724,0.42285181127866805,1.5492101006269943,17.0,2.7271101017941675,1.955598396830654,1.576291355591498,2.2888448028044093,1.5607009696124918,2.1212112130274408,8.115923234000173,3.931667957407903,0.8579015682381095,3.1919286312797626
P27,shape_sorter_observation,1,shape_sorter_observation_s1_43.000,43.0,45.0,False,4.991879189105207,4.372617638887187,0.3507310676125648,1.5842055445630363,9.0,4.835385600279258,1.6190649392319525,6.85258828249963,2.0899467197176738,3.531916998581305,1.6848836075442075,7.743335855655989,3.6692084225222423,0.5769707125293206,2.803544200853597,2.746255253381616,4.417846561736246,0.3329759172271164,1.6824675784949592,11.0,1.5484919498968879,1.8480643739844476,1.1294827987846963,2.0537721754162757,2.2538732115912135,2.075985825077068,2.1903525819171152,3.5972435582224964,0.11661235815318516,3.2539970017122313,3.030477805426812,4.280342809701738,0.3256549069711183,1.7624961423679866,7.0,2.998416408088337,1.6631706666061916,2.3316410657446127,2.2328362544441216,1.0979476075809915,2.0149339415518357,2.11994816813614,3.8575953052374414,0.1942386740428117,3.0992856143413348,3.030042131832819,4.324458079543131,0.2926167344834387,1.8241499231311837,7.0,2.812633184322801,1.8197366684358867,2.063587028521947,2.293660593555608,2.052730165453906,2.0916727360787584,2.131329784936738,3.745646338221406,0.14213878498638785,3.268849198889737,2.2058706718903296,4.274527631008209,0.3259205608511046,1.7481859589692998,10.0,1.2448566977678723,1.7370740804655593,0.5813899096858604,1.5667611048142644,0.784753760647,2.0608383305539815,1.6025771313368649,3.4238833905602784,0.11418455616745128,2.561898178530298,3.772360772793529,4.556126557109306,0.3541171369297,1.685770826438044,8.0,3.249471516735426,1.8067097774030516,4.005687658016363,2.2525940866059027,2.187167357381165,2.0872400729378247,4.171288639679366,3.776893809637325,0.46738524285564637,3.2843105215240067,3.383267600513713,4.3628597128757205,0.33108283936324434,1.794333122910915,8.0,2.39903099599846,1.7691362947185878,4.40685360598887,2.116539878967429,2.504522294193203,1.9398558377457982,2.9268666239712444,3.8597475677164277,0.38046869081390194,3.240685185462795,4.329043324853008,4.54665053271799,0.35454754306327607,1.858875988338022,7.0,6.075079786483854,1.6764150309393853,4.806072747302551,2.2066197522524718,2.204855001264754,2.2869065462471516,5.382796532607879,4.1043500397254675,0.6982154195336415,3.2057366096242963
P27,shape_sorter_observation,1,shape_sorter_observation_s1_44.000,44.0,46.0,False,5.214236681892367,4.365902334297341,0.26858621173503316,2.201279589938176,7.0,5.550526173657629,1.7349009700719187,8.673312455918555,2.2264416777056213,4.769004538417345,2.246277592898421,5.107259611364798,3.940684570657807,0.4856659610658522,3.193904634829171,2.3431881370844265,4.228310253312907,0.3272628451602653,1.8975932993052984,4.0,2.667250307795121,1.8698936526370493,0.6253964710461813,2.012395022212817,0.5848257641338277,2.2229877839611607,1.5030148377547012,4.0218724173069536,0.11629977018656554,3.2272120467719314,3.041470252974465,4.3574579486472835,0.2935785341314464,1.97734927658226,8.0,2.7387110817981135,1.5007495507608326,1.6137349662277023,2.027286726345796,1.761656650563224,2.3082292025569404,1.9695610262392342,3.888686268800923,0.1587131603503573,2.9231142574827893,2.5818296568848065,4.288043452816512,0.2739087286981597,2.1863001063372107,5.0,1.9451871383146069,1.8467497808569877,1.2848123451616054,2.2470560022651793,0.46413395206331304,2.192674729582216,1.2454276340474946,3.9157274459687494,0.11745114754897593,3.3422107862744905,2.641746265213648,4.082125140215812,0.2336652967717675,2.3247909513771847,4.0,2.6587110653616337,1.9319470495105742,1.0956611338800268,1.990456286365641,0.2788252588305665,2.250370896471042,1.6626389826198014,3.7752193597393076,0.05788378571916554,3.0996383610577456,3.685439135744727,4.635992618459889,0.31903821257248455,1.8602687352003258,10.0,1.0820975003447963,1.6472953045102712,3.2216701970606527,2.272125599579455,2.295916705377969,2.2122597234110004,3.6829167083044423,3.7536434579775286,0.31051963662452137,3.2388537499059615,3.437721752437887,4.507113854554649,0.30347422239212213,1.9966414665808827,8.0,2.200323504003873,1.6706295550880106,2.5602943491331103,2.1918896696083285,2.9285893092840984,2.2393634384237124,2.3700594917602733,3.971504547825226,0.3307065429062324,3.2357327941137126,4.047418608257285,4.595630666442304,0.3524668618473911,1.8940387689758862,8.0,4.6009980454184385,1.8124858022397903,2.3817795797286943,2.2501128848921135,2.2144267638010855,2.2195981210400846,3.4017370757678096,4.009762997869521,0.5908390486781334,3.1710643552260795
P27,shape_sorter_observation,1,shape_sorter_observation_s1_45.000,45.0,47.0,False,4.942349483786357,4.0598985456587435,0.2687588832911858,2.219476192484756,5.0,10.209102640668826,1.548906918744975,4.777149120567873,2.2845441324360025,4.664904043874668,2.2680114093449917,4.99947822155895,3.7666417898352784,0.6026139566932857,3.056045813243918,2.5264367280277287,4.484294869406758,0.3323285589251296,1.8644712181526204,6.0,1.6077450261132153,1.711966633260376,0.7559293249325553,1.976853707925642,0.28173269271027535,2.1141650299410295,1.6116714225971456,4.030803057150835,0.24407858199194818,3.061763139718621,2.8439151513208594,4.630640156112037,0.3214158622783956,1.7655173610523507,9.0,1.8214714495977247,1.8856208846419973,1.8326245085784743,2.2574123590772626,1.4996037100336908,2.2826965977540574,2.6593917787075054,3.88430987783966,0.19793219124166972,3.068839908103826,2.453946062581278,4.52081728445947,0.35417943131147517,1.604081767146828,8.0,1.877864951714828,1.9554155710580612,0.9055868853392774,2.1227512115023264,0.6291420527761198,2.120171062902441,2.00889400191437,3.8141423640089247,0.1741563450664907,2.9686037704987998,2.6553447179807197,3.4206019367789935,0.24310796007161045,2.366321100068833,3.0,4.645000358759527,1.462444295298804,0.7978180305472011,2.260662851662229,0.35559721247989584,2.1505180765109273,1.6298693845487353,3.932627973932409,0.053292314135316154,3.2434354481801115,3.835947240238569,4.747552023733691,0.3937015273424451,1.4870116714734931,10.0,3.2449553046787267,1.95650196545425,1.972561460427255,2.034232248212282,2.303186733214405,2.302337324902634,4.937839366371136,3.931546663602038,0.4165736330282109,3.33461876023609,3.147728728261726,4.454394092819434,0.32130573778439947,1.9401052857661392,6.0,3.5193564513890543,1.7879294904177905,1.7653729343075437,2.2568754278635503,1.5884267748706409,2.297882264165713,2.9324903547120686,4.024896173331738,0.3181808154957353,3.300075085708276,3.238061187914887,4.939867086016642,0.42026436268618683,1.5602335337169748,11.0,1.9038299793647866,1.8813352459996238,1.50571572822588,2.2515999084631098,1.9695812841097426,2.2701228701057095,3.9715178558680977,4.0301322729438445,0.5081566928560216,3.3141176592301953
P27,shape_sorter_observation,1,shape_sorter_observation_s1_46.000,46.0,48.0,False,4.141846559984131,4.469711804273018,0.309069698590217,2.046450607385471,6.0,5.772724633185737,1.852407696385563,2.6978852026503626,2.2224253292001555,1.805587445777315,2.2736944582136163,4.633562018164861,3.9194384218374316,0.5476036603478844,3.288296807730344,2.781794445810343,4.394119007959749,0.3093976241391615,1.9552194478404852,6.0,3.2151593283165925,1.9142775910789462,1.7483409751856407,2.10386224012974,0.8257482635844198,2.07680992575535,2.30891893591975,3.8407521242392577,0.3503095155225658,3.1963307484272594,2.7386789346490943,4.573645374071686,0.330949399484015,1.8358089572114313,7.0,2.07954050891715,1.887370112709443,0.8746743365711083,2.271717207469058,0.35380223335136857,2.0662193079712172,2.4726294314517614,3.9967240879157875,0.2182044203178048,3.1959402948837003,2.2557963066150415,4.6966925906392945,0.3952168633810312,1.4452988830914841,16.0,0.6066184838012619,1.91179903345074,0.7725815520871717,2.233502486501453,0.6426889909104208,2.2763298289388247,3.255892805569002,3.642330414619289,0.1622001941992309,3.2115306087397895,2.264823908201948,4.219109233834772,0.28883578995184506,2.066429016357066,4.0,2.0560755846265004,1.817997118498456,0.6109064719646824,2.225026078937005,0.712843137600324,2.2940174070115074,1.0861532594536438,4.018968731049666,0.1038016798207119,3.1745114611943195,3.9960201534038147,4.72979252735646,0.38776062967795405,1.5516904299128071,16.0,2.4488941934606165,1.9728609314304058,2.7908472093199648,2.0015615770156843,1.103014698545133,2.3015355078970563,8.43319250512397,3.8104973058467366,0.46304973361051965,3.368952615918919,2.9308510720901166,4.86749762529955,0.36945606312388135,1.8010458616016862,11.0,1.7161764028611075,1.987563949256474,1.0309377006926912,2.082300896838115,0.8089852515842434,2.154056596501837,2.5519486839269416,3.8718490124615608,0.4883516696273719,3.3941910042539503,3.4233210392317672,4.73892535970865,0.38979450680408406,1.704151099973657,14.0,3.0500618564923263,1.7313140998962315,1.0568632072665642,2.0433593867569546,1.0033511179174959,2.0079911642247334,5.717705950467754,3.7808909074015236,1.0218356530723771,3.088998750933018
P27,shape_sorter_observation,1,shape_sorter_observation_s1_47.000,47.0,49.0,False,7.019182341926512,3.3878257262036873,0.20240780901178357,2.861386635299388,4.0,35.58256518381069,1.9565870058485415,13.480656806427923,1.8953403643744602,3.216797230650091,1.7769019963854857,3.9241552589462607,4.006749081891811,0.7645231743795465,3.144147601296337,2.9200604339621163,4.354154763838334,0.2961234970314069,2.0394426696547594,6.0,3.1068894208492353,1.94688703212413,1.5516045333058013,2.0004724790851216,1.20668301695177,2.144432224315789,2.0222700519557635,3.74261485612695,0.3201063328615587,3.0752741521245843,2.862764306846923,4.251395879845074,0.28872658840077486,2.13024413449695,5.0,3.325153643878546,1.8560726111784138,1.1269011780865064,2.0441478626481135,1.2685428170456519,2.145864526232627,1.6489213185171698,3.913284625220383,0.2777134956777941,3.1663098810486754,2.7117829058599883,3.771228808547476,0.28731277533982447,2.211075241156386,3.0,3.3843861352911104,1.3404669051441083,0.7902098614377323,2.1979819540348986,0.569592859263242,2.218224299501242,1.6052408316128448,3.9433828514311555,0.14413756048050436,3.2848147984919946,2.257811045581015,3.8759504700965963,0.2554403391462943,2.3153910912360205,4.0,2.933846061534508,1.8690245056918167,1.1000051685040524,2.1472857355348873,0.65399013873311,2.2595494644278173,0.7790371286461122,3.870165296314033,0.10253723434927449,2.8068715804642395,4.444058106866905,3.7500941673432098,0.2625704356454326,2.4195187007261523,3.0,11.36992374521181,1.7234480720826926,2.6824996199846316,2.272854583436539,2.1184209955430306,2.2163700320557433,2.882638492922618,3.9593196130247867,0.42974784486542245,3.342974181879055,3.803356162598245,4.223672570115091,0.29599690903780473,2.222625828124601,5.0,6.946513716718029,1.9384209530727246,3.404128130151951,2.047814469184128,2.3950987920698648,1.9097446990394822,3.046963537477146,3.8986395633384663,0.6738551158305103,3.389330611158952,4.651842997836837,4.40188354226655,0.3075743120077888,2.1197253138663976,7.0,7.313641809176213,1.8953144091675052,4.7463703703967415,2.1333368115682467,3.2599640605214883,2.151364784452441,4.6756700439075285,3.6644179435749997,1.056710466573306,3.297106499213226
P27,shape_sorter_observation,1,shape_sorter_observation_s1_48.000,48.0,50.0,False,7.417242668379946,3.5849407110595704,0.19943036854611323,2.769183507388745,4.0,35.844178661578276,1.987515825240125,19.699000322988233,2.0270270253541387,4.176807861891868,1.9616002239767414,5.591263234366964,4.097018383161356,0.3920241457280096,3.0043203735825963,2.544306063858119,4.543866127120427,0.3515083216608238,1.8135414537521117,7.0,1.8839963695333228,1.9778661991934918,2.1578437275654077,2.2919940115301896,0.7740868579145725,2.1061483277331168,1.584181337774556,4.024005488172246,0.24799920944794301,3.1020835890982608,2.928418511359186,4.464628727716766,0.30255950609160287,1.9469860332213846,7.0,2.83393001426022,1.9537128803968087,2.3175700175424105,2.277183192180091,1.4278256260869724,2.076837149663646,2.148133134387645,3.8622410263488645,0.2864960673287075,2.9668619809519483,2.92448418247689,3.5569843451418035,0.2715076803430809,2.32487792187168,3.0,4.640063736054057,1.3686120261888495,0.8736839451215561,2.1440188148015684,0.7560781212058718,2.170930191222776,1.681358772282796,3.685403234803387,0.12790752070735367,3.293969103868134,1.9812798884835578,4.134265490349761,0.2747993685531973,2.178292897151521,6.0,1.457662958917899,1.9915686604360712,1.7765613855201445,2.1384835782428815,0.3387788768313428,2.1938952351908294,0.8222014209350376,4.1210187931600535,0.039979933919269704,3.19583711109804,4.388061799326146,3.700024855916999,0.24324366474989162,2.5827517887788205,3.0,11.244922161439794,1.716009016782376,3.8552684884535355,2.2823688569305363,1.4114664727762427,2.1421163434555703,2.8705365703211427,3.8314451177028865,0.3618160924859354,3.1677693841860073,3.9139101223369512,4.192033851338209,0.2859078682694724,2.1841243291337196,5.0,6.8542927591417575,1.9861701074022753,4.8082908881722375,2.2354151467047862,2.284178162557649,1.8428756114379063,3.0264583670287935,3.7569787152014897,0.48703615591329597,3.2015842742214597,4.812194505336677,4.421468360674683,0.3328260655774932,1.9855221479468874,6.0,8.454381320638474,1.9148738401920686,8.090094855912106,2.2523606204890596,3.6085697630258355,1.9933295571919927,5.172897213580987,4.073339721792553,1.1499253078975347,3.066163849986887
P27,shape_sorter_observation,1,shape_sorter_observation_s1_49.000,49.0,51.0,False,5.664162067062241,4.2542267695275715,0.2857909244118022,1.9255140275306255,6.0,8.035853799853914,1.8832323841582739,7.759972568043514,2.097882003883563,3.901542066678868,2.117233991429417,6.641967815769565,3.5624926650168613,0.4178724353789327,3.2657136776174287,2.7237517328413716,4.87763180520897,0.38848047797353064,1.5974325105937894,13.0,1.112347971544383,1.9255959558350564,1.1399603182400828,1.9588065444483311,0.7159137122534622,1.8231836245975104,3.669367923171346,3.9388783600180277,0.3792733623108073,3.2361261042139904,3.299432612130173,4.530093286541772,0.3414104601387388,1.6157079453939907,7.0,1.9680076723947115,1.9928177084457133,1.8579724605403765,2.0737326958110915,0.7859875973443943,2.0764950129194064,2.4356361451463977,3.6124210917786677,0.27466279721442416,3.2272167531211595,2.6289899663113614,4.623374707467617,0.34458717470481864,1.6155995930660754,11.0,1.1426225599546869,1.559037352355086,0.4217228029562118,2.153216279613861,0.9006342247500564,2.272512273884734,2.4771971487443287,3.8698426200905103,0.08652805473475239,3.0389232083369118,2.874843948920047,4.212198983331036,0.292131951247578,1.8412291380245647,5.0,2.688906362080105,1.863297284043154,1.462278397230361,2.0990485199949664,0.4049700724432881,2.2937393294018342,2.040403333964749,3.767830594573566,0.0941923132388123,3.05381455804266,3.905394258713249,4.546556429605216,0.31612538186893197,1.8385357953053343,8.0,3.9217184559850065,1.982518695038342,1.6732024641394911,2.1524341715820254,1.459044338224749,2.2553950052632663,4.222620395557401,3.7705657429410753,0.25519094227846484,3.1650244703891355,3.884663696620634,4.734486469498896,0.3402865042809481,1.676613362555786,10.0,2.0430348664862916,1.8673721206038787,1.6678205962064603,2.2661436260489136,1.8921668501147546,2.3032430281796703,3.7168091531678042,3.7012305206053067,0.5178486569676986,3.2129406388910304,4.041152281847833,4.750566135149321,0.38412330285694585,1.7697449319941911,8.0,4.163904455791357,1.9202212165375625,3.410541529614978,1.965513383910435,1.230615844361817,2.2937339098657015,5.115626738939525,3.8456962830284387,1.297802711099161,3.1977032939938477
P27,shape_sorter_observation,1,shape_sorter_observation_s1_50.000,50.0,52.0,False,5.00620160677594,4.470147638847984,0.3231395452811045,1.727122471249285,11.0,2.6125360968822506,1.7377164340899407,6.399806909693267,2.2760850180557806,5.978783972466189,2.2984264222048116,9.57740515139026,3.278932719623358,0.8096933055957224,2.9115293769932755,2.868664303421388,4.5581837609225335,0.3379825245225235,1.7683238631995715,9.0,2.3219632081209713,1.9543894828001367,1.9466546732595,2.292918262409266,0.9177155167588184,1.7418888470589553,3.7236918727881396,3.613052902923425,0.24329943217386824,3.33198905009766,3.3859820539373575,4.355712031504933,0.320026396063914,1.6779599523516513,12.0,1.313525447888138,1.929374600288984,3.466914663520725,2.0575589396836556,1.6440810836320439,1.9235333084988913,4.817961883581556,3.302582047609838,0.2076536151760337,3.233654994960545,2.8066850750635393,4.6812462027844655,0.331746208983592,1.6208595610039105,11.0,0.9332099996672742,1.712429495061599,1.423668926000774,2.0917291505361266,1.5772398893971964,2.3078544363218465,3.228358636964444,3.899010398717731,0.09679622231426523,3.035344545930043,3.044424192302136,4.146418690138416,0.27772609891732464,1.9019526227567107,5.0,4.274576745488914,1.8205704136976835,1.5108778243058505,2.196061941680848,0.9365024349803038,2.0937608202070317,3.0230090261460165,3.5029244511553466,0.16738728360752658,2.836251212967797,4.214660186854671,4.654198214837672,0.3290681662512191,1.6948156400065988,13.0,1.8652076318917519,1.8550987259613625,3.7463093030621417,2.048813407676656,2.0213440293328997,2.224711212720205,7.620061906703472,3.753664109054405,0.3164971148203114,3.073562686674461,3.9994759058135063,4.54656982339172,0.32866829557196714,1.6571071590639934,12.0,1.9555950510148585,1.9414109640277637,4.447243903227841,2.1730164755946912,3.2060191783131815,2.199042985990952,7.348263998051346,3.4596205680326126,0.4765681524057122,3.0575511420384327,3.684250181346926,4.718087016117824,0.35309915812273657,1.8529537062715797,8.0,3.4159955683748757,1.9326929784427045,3.3833198151868866,2.2115394728375652,1.652479527019532,2.2371412197574,4.707555134259795,3.9018792462397602,0.5298994391192374,3.2804619077208548
P27,shape_sorter_observation,1,shape_sorter_observation_s1_51.000,51.0,53.0,False,4.715672132033687,4.510328856519182,0.32166701002173365,1.901737806222274,7.0,6.304913209188417,1.906149160448583,4.610911648398065,2.23583460864939,3.4564304731445032,2.1159529260450385,5.201630051939454,3.817695652405305,1.0161353759611669,2.969712360782067,2.519234215909799,4.550033886694912,0.324104922671309,1.7984841091779493,8.0,1.710928737003544,1.8596861237117743,1.1091928106842766,2.161637910949524,0.7578391741814569,2.13869027095405,2.0870890883632294,3.819639226109821,0.1097777033941919,3.196007639014477,2.870759379394851,4.4104013779799605,0.28184372023629767,2.0086353726870847,7.0,1.7948154407152317,1.8396014968943761,1.9358923483858068,2.1074181169759054,1.2187361455185024,2.252887003516988,1.9122597684496976,3.775009000049509,0.14313943718217886,3.1489425811580656,2.3896248122114616,4.724920228339675,0.3416544067311105,1.7259107026178881,11.0,0.971638634735763,1.7446738943264122,0.6678391200226625,2.2083424706728003,0.8175944575779968,2.2673606145398355,1.878546185838872,3.996850421222449,0.12988774633269684,3.2385313157536686,2.1769679684107484,4.137954564952144,0.3183323820483451,1.7332031724079158,6.0,2.031848982585269,1.6365142528378942,0.5942074090712814,2.2946306783140575,0.33185451528234144,2.2344583713158936,1.607440766495188,3.736924281071064,0.07787042367210219,2.6982007669816284,4.438051570762459,4.528704598043926,0.32849796777232354,1.7633641866204615,7.0,6.161511733737079,1.865175343510375,2.8895961303608058,2.2538472150989675,1.965564382967537,2.213690244728549,6.588333245173133,3.877528827244783,0.43079221628999287,3.308686545951762,3.397041489457102,4.739015216904756,0.3347717434775899,1.7489363873533819,11.0,1.7747279641144775,1.9560498596428342,2.5734476965023743,2.3017757226335136,1.699625985807155,2.210684000538412,4.108752618521138,3.8595112433043606,0.3306150051077428,3.1646968169072243,3.387418791632763,4.91564231866597,0.37816651563416687,1.7083021439879351,13.0,2.3688850652133415,1.9113560203198319,1.462587928125235,2.2900544042502444,1.3071530486904033,2.220511623181929,5.480787287659156,3.9550002002375684,0.4376811706464423,3.3552171485444315
P27,shape_sorter_observation,1,shape_sorter_observation_s1_52.000,52.0,54.0,False,7.1506205232196445,3.9064794598175636,0.23864854379698244,2.4332889988708963,5.0,14.34991565703153,1.7747832186351995,15.905430629523504,2.0574701030220144,2.824444673957215,2.042318751678112,6.237494731376483,4.05742834599163,0.6312015120807676,2.921216190593949,2.4608264390128323,4.529252042229389,0.36790150883452394,1.648521191898663,11.0,1.7368394131183251,1.7439345913591646,0.7766123920879553,1.9162739147184498,1.0929591051526104,2.1690581998647684,2.3737184730753413,3.670489771921229,0.2225061109689788,2.9467924640844756,2.8958768294162525,4.165674958525947,0.29545160108178903,1.9754524751913505,6.0,1.9045577850232458,1.91036332375834,3.6303906343388563,1.9538304857862052,1.1870820761380991,2.156885210423227,1.643321955254366,3.9001527002737144,0.13418190397821844,3.2092931575122123,2.1442778767641117,4.702951119823853,0.3786852121819876,1.5760073849177874,11.0,0.4871471689255491,1.5603648766081026,1.293781230679305,2.1845317183928694,0.6524597484967307,2.2650310607092567,1.7442463479702066,3.9739475232438815,0.1751976608123299,3.090436287970242,2.306934533150791,4.128713637212278,0.2999823231024438,1.8296187097215648,6.0,1.6175606845502326,1.741726236599506,1.1599744689836933,1.4685049912458676,0.3706442191793428,1.9834418318410285,1.9366169685544405,3.4623365541662885,0.09291342504011454,2.7615559347358976,4.517504103218197,4.326698006094204,0.29861535257866884,1.9181050093258571,6.0,6.017017580382012,1.8239262520725843,4.548808788616621,2.1800084836667044,1.7331040527764137,2.0736240033297237,4.792732905414487,3.960630688953773,0.23300268921163522,3.2621534710189075,3.691620312910136,4.334358435452012,0.3109724761462652,1.8750873918922397,8.0,2.0297993003489543,1.656611974721614,5.382737843347687,2.226880798837165,2.297496935412298,2.1952689702164414,3.03989366071115,3.8743873310876205,0.30890491925321933,3.2200388369920656,3.780990276466296,4.602816147150247,0.37063020514249095,1.7808320893216325,8.0,2.753391502277619,1.7046928935139942,3.496640185671406,2.031676717161119,0.6885370703028721,2.0409050617708306,4.702425729540602,4.007201989302054,0.47720822544944,3.259728663067317
P27,shape_sorter_observation,1,shape_sorter_observation_s1_53.000,53.0,55.0,False,7.888260419774599,3.536683838993304,0.20944203115742746,2.7755663682295277,3.0,33.85637150300019,1.834782569927692,16.202540268739448,2.029185632768038,2.4473495444384183,1.613239314004488,7.570552647735125,3.9862606946830854,0.44669236003703006,3.211145622406499,2.1958562690826087,4.583070596488288,0.3818594238615629,1.65893861815754,11.0,1.6209169423242902,1.7958885164568485,0.6327522552778141,1.9483410565962067,0.7008867816322162,2.2397339567313685,1.996644120692267,3.798715239297616,0.19759213243758222,3.282437599151901,2.8518869994054135,4.558287425618172,0.30525860025692375,1.963524460053586,7.0,1.3779770275619483,1.73117225554294,2.044607172610185,1.9802272241379657,0.6002190646676344,2.2454200580001498,2.176314034784482,4.015039399864584,0.2196018531372416,3.28673730955794,2.355076377853877,4.590231592970501,0.3271446407334416,1.854505841535174,8.0,1.280163520755174,1.8981012204738392,1.346285384608502,2.2521611865172426,0.6011298619776329,1.9809623899985829,1.8799091813898425,3.864678746134496,0.14142857423865784,3.2051049821284665,2.2824187386739294,4.007039997775527,0.26233633274009477,2.2174771051537445,5.0,1.736862719385781,1.8247299653022901,1.5063394459808133,1.6509752656667351,0.38248051397085814,2.1534227996555986,0.9654115248650625,3.7970459805536776,0.09793489265692763,2.9735474094582566,4.172310700501477,4.266043814617806,0.28672210181827784,1.9946961588557237,6.0,5.002422216291304,1.7590796387223926,5.674183624193761,2.224055069415251,1.2367420510922145,1.707219548455087,4.716906359450787,3.864378801501709,0.28672277013985054,3.139249648216024,3.7527307526929476,4.2749506166170175,0.2863742161323397,2.108862229242754,6.0,4.27421024204805,1.8691489852059184,4.1043917880486696,2.116596208317598,1.450879337388884,1.8603556881615193,3.041855815285799,4.006170358866097,0.2739325947023637,3.325791506938278,4.020090756113873,4.049488354952224,0.32998341402220577,2.093155715466347,4.0,8.055436616739245,1.8042346801969493,2.9365599791270296,2.0588338972741353,0.7568879943935714,2.1965101613629465,3.569413634412101,3.942440078226993,0.6558628472248572,3.3083799572882557
P27,shape_sorter_observation,1,shape_sorter_observation_s1_54.000,54.0,56.0,False,6.001707746408425,4.116054791239286,0.23929917218395927,2.52623844829136,5.0,10.521851340547927,1.8537633403243292,8.074117698608209,2.2149115535395367,1.962742939064156,2.10728306870668,4.59860926325519,4.068061954275919,0.7347698584618831,2.7865685040975836,2.7563324721237703,4.222245594163847,0.322997861660608,1.8523595170625389,6.0,3.8828134922921222,1.7104442509856008,0.9728311140506749,2.184141655411465,0.6850205342864395,2.1300843520901385,3.022400062352479,3.8134992679549065,0.18212252029408932,3.327893198342043,2.8919729642301766,4.06319460665648,0.28779588304026066,2.0667481059659196,4.0,4.2470380198941236,1.714644479201024,1.9060528005726005,2.137079150462873,0.7238048662583803,2.2572142765759526,2.0435848640313106,3.8875880981576763,0.22029199020617699,2.957101137057227,2.1246431951887486,4.574184402029773,0.3543737789704125,1.753251718850123,8.0,1.3698077952479717,1.9403709593323322,0.8311079081474415,2.1438762508051616,0.36744829156465947,1.8828627396233126,1.604215687457419,3.8670285052268447,0.16767533936474502,2.8453469628123624,2.0143893927283187,4.487655646414306,0.32850021012178027,1.7570268791804342,7.0,1.0316802234544604,1.9492046871476494,1.4968682626988534,2.236603032886924,0.6863812178096941,2.0508032183833698,1.274992744695074,3.8555857696451494,0.1130854402054069,3.144059559553102,3.5926235014654027,4.661685009576027,0.3368973646169202,1.7066186279942666,11.0,2.118775625548901,1.9812570081588519,2.326830463799959,2.260171004087299,1.83760985774469,2.1713009451826646,5.333197138112425,3.5701046375271384,0.44724542534568257,2.8150702513354258,3.3744198391221785,3.843384203365002,0.2722684585632412,2.3772250208437207,3.0,6.21992361987086,1.7446206533868043,2.0934505107863126,2.2592056767902373,0.645114927081244,2.208852429538484,1.8683791447199158,4.083154492392336,0.2656512384045222,3.0675021136483505,4.147750985978881,4.472195175222756,0.312037681970674,2.122349176209751,6.0,6.180733592702434,1.7632317964165698,3.8270810346968798,2.2736401083960773,1.9361206345164987,2.200022043957807,4.191429107245088,4.101513410023013,0.8043320157875707,3.082043962265626
P27,shape_sorter_observation,1,shape_sorter_observation_s1_55.000,55.0,57.0,False,5.751626545077217,4.0556431265331625,0.28134184202670776,2.1820359104425777,5.0,13.691668681159095,1.7402929907710085,9.184371100292227,2.1202256243388735,1.4353062301969781,1.9211606171611695,7.06620899633468,3.8955233129596154,0.7462421491237671,3.2232115461518607,2.9541593174052414,4.51137079173929,0.36176085037822553,1.8241412208772934,10.0,2.961741884638657,1.747883827377045,0.8674603135689691,2.223381832373863,0.9709156253360759,2.002290982643692,3.002450293352228,3.75807577491348,0.3572258448114119,3.357458756156002,2.932239662549111,4.658175562897232,0.32788016408723736,1.910432080470739,8.0,1.9676623180050714,1.8657197603990479,1.514349907673421,2.2183908560407533,0.5291112956066341,1.9586699905219258,2.383370660398507,4.048171666103301,0.26907958822762124,3.3118286275262663,2.5180965090381626,4.83199828013528,0.37533651863027256,1.6428184753166697,16.0,0.9357474518819378,1.7077622144858653,0.37905073562052205,2.224577737882481,0.3892014661418711,2.212292090162947,2.744975905635089,4.052194220899989,0.20406399377827436,3.1576485186068757,2.2458332069206257,4.325967305839571,0.2958427103286942,1.959489716396118,7.0,1.4986976697039716,1.5608386836855772,0.9125370339179661,2.3190251748436705,0.5390541297084793,2.255704069324572,1.3181411341157392,3.9582028655431767,0.10585717760209402,2.971707652549765,3.8122472691981453,4.646254854772888,0.33417223865388357,1.7352855037807708,10.0,2.5174509911655667,1.7608469006257543,2.1743487772812844,2.2246200183771436,1.7867086411852182,2.2421796237711407,5.213875777781363,3.654867195685179,0.290583784609021,3.2378559876097595,3.7865500361544164,4.662045735273639,0.34979139339049997,1.9443974452463957,8.0,3.653292837994352,1.5619927654278216,1.5381142427740535,2.0207022100531287,0.7887772570789474,2.3039059797175963,4.274148026967236,4.053588753002203,0.7029383197303681,3.186672973713776,4.8047205631172485,4.952692116139736,0.4445528937440988,1.5548770950416657,15.0,5.390745789030778,1.8480241993896227,4.093704921456781,2.2913235897337114,1.6822079608889324,2.2057800575983193,11.715944550016971,3.9772923068949404,1.8220833612261014,3.1222509201861213
P27,shape_sorter_observation,1,shape_sorter_observation_s1_56.000,56.0,58.0,False,8.78750786624986,3.5179081189390735,0.21087045078642822,2.9231867177881004,3.0,52.17072169100027,1.9612084504831957,19.260462397160147,1.7996492161614905,2.0235666243537684,2.2481561933472793,10.328509716306336,3.9279303443914406,1.0085085546356412,3.299934925863714,2.9734904116402743,4.840930181062096,0.40146950176852364,1.6652430711127437,13.0,1.5679540818284843,1.9870558661525386,1.867438816649279,2.1347057587919154,1.057066403866876,1.8587234539556692,4.475229059529257,3.710653835377743,0.6452719035858572,3.3174223678558783,3.160688363780738,4.563170887335223,0.34635346620317686,1.8562338509695595,7.0,3.208265090264823,1.8613563479645618,3.010086128361814,2.2529630150150997,0.841497061420856,2.120404386650115,3.696184742151949,3.9012820311931242,0.3995150426198738,3.332660903388939,3.73334290850106,4.119263853634211,0.3186170901759634,1.9698923648709672,4.0,7.870087247666174,1.7460409367691123,1.6120664231309108,2.2866609024759863,1.429072779101763,2.306243764027224,3.985966384568305,3.9437827260238274,0.31372883552560615,3.34700765525246,2.648754921847382,4.223377845321999,0.26474901850417526,2.1725896779291327,5.0,2.505179862629155,1.899076124818126,2.2538587388547136,2.2024895526168304,0.49541789584272894,2.1595216878163077,1.6306373162421193,4.001195558697978,0.12535912262132187,3.099526534705128,5.385387030276825,4.292624369933892,0.317064431691642,1.8940352687304962,5.0,12.554093778724532,1.9811864412030313,4.945100494630933,1.9457319295794013,2.1421593904814316,2.184897550812507,8.60887638974579,3.938595244956916,0.6623931476871994,3.1633441176302233,5.917117463002747,4.102810371780406,0.28246375198380475,2.349953565736787,4.0,15.98513114879713,1.9282587844157746,9.444344641102903,2.0554392781938144,1.8361543564807676,2.2343289124406347,7.171236374382384,3.9796570571403467,1.085029850296944,3.275343155351498,5.350794426807287,5.04508619452648,0.486897226641835,1.440410146368854,16.0,4.26642486132038,1.733396925293699,4.350346243992927,2.080640310101797,2.376636961921384,2.2659088393942017,16.641560024231502,3.9679051568192834,2.985261380845645,3.2133681847868667
P27,shape_sorter_observation,1,shape_sorter_observation_s1_57.000,57.0,59.0,False,8.883971981592298,3.367685828711892,0.21356135993486444,2.989208115422325,3.0,46.772920912772285,1.8529380395582173,15.736938587435414,2.0600778181784065,2.282538646548512,2.24432252976867,7.379960510525466,3.9955173232420496,1.008228000303764,3.23784695878838,3.544346546953285,4.686179723583152,0.3872808008850797,1.800050519996187,8.0,3.4025943225707485,1.9254368769094548,2.665731347859085,2.241569379727737,1.0755749399658856,2.1072210418665107,4.37752201013748,3.7820542893838627,0.8944872714385178,3.279088271956777,3.7717614053475024,4.291871439413368,0.3091303652915865,2.114251812130652,6.0,5.14829554853759,1.9221516372191638,4.413783422586453,2.222890677431164,0.9035479324648993,2.2248740502841002,3.1657049518608766,3.7902283986016467,0.524968145546966,3.3473182184493373,4.085302529848666,4.895614748393072,0.4016170971007758,1.8222401705907711,10.0,4.116183411850949,1.6495837062120062,2.5973166459229886,2.232821565804651,2.1079144085763692,2.308386662749247,5.1787680582593705,4.111732973978843,1.319649644638861,3.1924456636198686,2.609273980614011,4.127719251745477,0.2751577751653154,2.1431628434950905,5.0,2.056854141264573,1.9728012958437677,2.3235720605757315,2.1684549481754707,0.37578618333376446,2.229513804027824,1.1747928880666152,3.844856244215847,0.11284804141183019,3.3275157766891,5.4716644131777405,4.180503867364851,0.3291554205675455,1.937368459225751,5.0,10.576951387834859,1.7450312342934433,6.25346561566989,2.1417492134887337,1.9275351107620882,1.972830563276177,5.681251782105845,3.958064136782797,1.66154893428145,3.060381164122616,6.914960590744214,3.8952164871420876,0.2790036855553519,2.4407089772103663,4.0,24.225096092192132,1.8151516844660625,10.917651175564622,2.212900802195735,3.0191817858693266,2.169594393025985,8.15320332390032,3.865086131445814,1.3154784534190065,3.3310874138058617,5.661530609145996,4.96324874867129,0.45293030589924393,1.5923589871037152,13.0,5.892718116966046,1.8328545099888915,5.584066432211376,2.244377654854176,3.1363234398365156,2.185505830473516,12.24070362732544,3.755571948610046,3.8723160420697504,3.113910795689955
P27,shape_sorter_observation,1,shape_sorter_observation_s1_58.000,58.0,60.0,False,6.2617984036288155,4.086558467910256,0.30109582343694097,2.221171199314379,4.0,19.441237314123036,1.8865342441491846,9.736371275820568,2.288229587201834,3.072799124669377,2.1508992328723666,7.400964370932687,3.9822135756228536,1.6440501015501428,3.17005129217855,3.32450899213355,4.614729334877913,0.3918608369666115,1.861934101204856,6.0,3.286258002376779,1.9882664134419081,2.80189234340666,2.1741269616850594,0.746306811295719,2.0266307719346535,2.77352530388912,3.9901395018079953,0.9258827778871234,3.079378334293617,3.452091428892871,4.231634516019191,0.3284643530272034,2.0878262715292784,4.0,6.42129382621935,1.880824397961753,2.2756269698840783,2.1498017232228808,1.2058434720803688,2.255667266527703,2.924346032899352,3.8140256121057314,0.5978226743480395,3.294203226290127,3.080061295410038,4.928281687665422,0.4811763282941118,1.5960036900616072,10.0,1.452603229373473,1.6190109116247837,1.8758512894749508,2.1387191027474937,0.699541752468651,2.2415557917338935,2.4256557503362144,4.054761811393228,0.9912491469116224,3.089171770988777,2.2125690181940927,4.331975827917307,0.2810608083000539,2.2414334888885943,6.0,1.3563750457536337,1.743441837434337,1.0749708452837599,2.2847326572559834,0.4978466102055182,2.053711428443048,1.1098813348140297,3.8072233920473932,0.14297147040260383,3.1551794430335725,3.887888766320707,4.483639395068502,0.34829839886574554,1.9600913086567548,6.0,5.6468299570906595,1.8404650959337534,3.1531588600342677,2.2882119029957,1.210278757434525,1.7558355848915075,4.023192341047036,3.9888938691516134,1.0934737950301447,2.9432496080761785,5.336050796513197,4.3060237820495,0.36364210342795705,1.9473154417566458,4.0,13.613676320505716,1.8962349841198018,3.929541940442405,2.168240707300043,2.006881011482834,2.228308245188991,7.661334415854477,3.8879087634107945,1.662696878387476,3.3105583017089,5.703036527336538,4.992841705605992,0.47076137489511255,1.6059955107400696,13.0,8.140175320754903,1.9712494346250342,5.338515182336333,2.1580243370850685,2.3337570010465094,2.245280690779422,11.356231032715238,3.93482686863107,5.499178721323032,3.0521008059654644
P27,shape_sorter_observation,1,shape_sorter_observation_s1_59.000,59.0,61.0,False,5.822081157680367,4.38005173294441,0.307584309393746,2.1463384996106956,6.0,10.804038790520964,1.9688823391682146,7.911865704947402,2.255243030366886,2.6513993457140503,2.0889284842448874,6.979265588812638,3.8168117789211187,0.9557352697049079,3.136388646661215,3.0447410071757277,4.439666346954739,0.3614983714647614,1.9639483810785432,5.0,3.605805306707061,1.9380321866350134,1.009942320296016,1.6651897216987357,0.8495257905326153,2.2350925749310195,2.3766351104379226,3.9120642798608167,0.6273419351841926,3.287467242032852,2.9253756520405965,4.873562154727895,0.3751707256706309,1.7932609936408128,11.0,1.1867882242015222,1.8909391937877507,1.1971072200357433,2.1569980158099202,1.0316603005911504,2.087838511646741,2.5081106692807627,3.8898547498880114,0.5107606008945238,2.8860345527327205,2.3420987998481766,4.739078978536458,0.38842930898423766,1.824749023208175,8.0,1.254641127694742,1.9343216529712637,1.014375749231968,1.9740705712556963,0.587707920769737,2.040417130097884,1.4912863635216125,4.124394365761525,0.2948175992470748,3.336266419345526,2.274574619019355,3.9576449088570524,0.27614856835236157,2.1320025124357076,4.0,2.2423208991695796,1.5173165888415545,0.741938752267809,2.2360037009833027,0.624300492915838,2.2329118510891988,1.3093099527698762,3.5967549848117324,0.06939831082041178,3.390296234182093,3.6195673936236807,4.742931879519266,0.3631932608127853,1.782703895997792,10.0,2.6500335634396635,1.7646752272772348,1.2019021143651505,2.0854804693616416,1.2383672844153337,2.149298824038677,3.9839001598109895,4.01267838758286,0.38048056261695473,3.357423334670668,4.453899342387299,4.96982232612911,0.41696530953054733,1.6903959341363812,14.0,3.1225348927841727,1.9838467777469426,1.468533085814825,1.920517441951206,2.769013648834142,1.9968074277046068,7.161585853594532,3.8607086810300975,1.6237224138042463,3.3092811576994383,5.243514355702811,5.06167472171207,0.4851425860409742,1.5774444162325068,15.0,4.344808357970184,1.8700568306879242,3.711487248274487,1.9627632725558,1.934839406778491,2.1316961206684097,10.496083753672995,3.980339515254834,3.1014350023381545,3.15529785077847
P27,stack,1,stack_s1_0.000,0.0,2.0,True,1049.1040240575908,1.4737891991892857,0.18986335700086038,3.2552340231106016,2.0,370946.65529346303,1.1155016523787558,882.06966618968,0.9889629853577766,14.91499504446766,1.9971313955046537,12.641051478607368,3.817743448122769,1.809468956606919,3.312501725372682,1514.7732525238926,1.467518145604919,0.19309791470051532,3.2159820874329204,2.0,766909.5694905381,1.1151746182215578,1821.6402937452626,1.0052525954886165,30.23564512158538,1.8843365127887064,10.760346718812317,3.774692291696173,2.7301009216682712,3.402073365725045,1197.4736859212246,1.4626294930098962,0.19500571842848866,3.1924127695563036,2.0,476399.86311898613,1.11389070459497,1154.7329045969348,1.0059494519390877,18.39129591316217,1.8556132259743032,6.655165409765759,3.7869312956527805,2.0052232137296064,3.3976471190561472,1287.3815977566703,1.4578666001466922,0.19831699693501267,3.157354660332701,2.0,547400.7165401299,1.1137027769950316,1309.4247645760881,1.0094157792247815,19.01870218098873,1.885373900736827,8.957955990383981,3.7410452691912233,2.330512328549951,3.4321166097785922,2390.3676795694128,1.4665798091069062,0.19376818706442506,3.2090740146719603,2.0,1905732.7168406963,1.1140058584126185,4525.0365564253925,0.9994390659661904,64.51539188321581,1.8641376982280633,15.73629956137299,3.748707233678923,6.6687904838806515,3.45077668352598,935.7931653208108,1.4642798560376085,0.19549916346424667,3.190766617593214,2.0,291338.13113917346,1.1143348256807688,691.841954533575,1.009637224127793,10.98771511659168,1.9840972317941912,7.780545976208578,3.8268501692272654,1.3828923158340114,3.3650056541049875,602.5300876259698,1.4714061688293036,0.19295551632836994,3.2223832597420694,2.0,121443.52827622711,1.1138679920307175,284.7925907577754,1.0322370099041551,5.456541369402107,1.9854587860073871,6.275091761731006,3.7780864816098045,0.7876330094733679,3.248903871637331,706.4619578671628,1.4748186127421763,0.19042143872116615,3.247873439234207,2.0,167841.33053579024,1.116092700209918,393.0691203590364,1.0253028071442345,7.919762375136054,2.041383431976139,11.65685793224411,3.8756889776376853,1.1162569841188958,3.22288854928135
P27,stack,1,stack_s1_1.000,1.0,3.0,True,163.65875566832287,1.1453068364618473,0.03458382388317187,4.79022916467791,2.0,8243.419304174484,0.7507504596941278,15.094400204217479,2.14697341452569,3.1620623944775836,2.1539897562775936,7.0993298079530245,3.862621572127898,0.7778658585365721,3.3112603149411868,234.21153438369348,1.0983786648437022,0.03329615295534386,2.696493743275345,2.0,17234.865550907823,0.7456048576765023,3.704785369213979,1.6945227840822088,0.8612568327321775,2.1750894645369145,3.107885352815254,3.973882082633433,0.26429204104714743,2.801579388752301,185.34992665613967,1.0880135074923307,0.0333975086462242,3.397098913094012,2.0,10774.39401260585,0.7501106030144524,5.140449728121734,1.6883626436461152,2.1670745526662056,2.1531785225016886,3.7019144147960747,3.9853252010614213,0.5151906863357564,3.079265640667837,198.17716952439875,1.0568382865417176,0.03301679218711858,2.6872654512551684,2.0,12263.659976954437,0.7429367518583517,3.386807699302839,1.8353838205322366,1.2342912028113608,2.19697048529588,2.4537438497797632,3.8863505209250717,0.29050046734313517,3.0799531843763504,370.46398364798983,1.099501115754221,0.03300198441800132,1.0958325896388035,2.0,43064.27975764678,0.7474649774728505,8.175509705507675,1.226944901756868,0.6389229098837763,2.285887463323937,1.4414018522627672,3.5681419667009844,0.09132833865162807,2.978132815763503,144.7785780375291,1.1005723741570201,0.034204695068218584,4.620323645753463,2.0,6553.236955612978,0.7503153806395909,6.662135170001928,2.288223616305411,2.1060687862776684,1.9123392608924827,4.701635786831998,3.863174983499978,0.5075489140530375,3.051601443938908,93.91163520572628,1.1716316987261528,0.036900452991180326,7.702698070661189,2.0,2861.945403201615,0.7719934402020114,6.39596167717521,2.107211346049345,2.7787158089377124,2.0814817524811313,5.956648218479789,4.0866081474451015,0.9389498335629733,3.147514661049899,109.28220762757275,1.1749564493925446,0.03778502227939715,8.243009649151942,2.0,3766.592494837225,0.7518233047410022,3.6651712482154624,2.103068749559461,4.14539845454075,2.178931531531918,10.81445405499753,3.9484643853519152,1.559398806630234,3.1958599928180784
P27,stack,1,stack_s1_2.000,2.0,4.0,False,18.275667616491845,2.567422121605881,0.09879105349981593,5.477067277836054,2.0,76.57097739348943,1.1299591796742126,16.951902571677504,2.128217945549187,4.865096504372775,2.098003516255425,8.212619996797294,3.597069491104914,0.7185736095580066,3.1614839854683177,27.89482885619822,1.5451179964164892,0.05105276415338233,9.535797593638925,2.0,206.62460692838837,0.8140372058652077,0.6310825523632527,2.158308018493357,0.8374939415527557,2.190488492732953,3.6590458561030936,3.859265384139241,0.2502142460788399,3.3845123800973087,22.105164631058372,1.7384287750109861,0.06189448748219356,7.971541053019065,2.0,118.06437714435991,0.8594586343124546,2.5941306771116297,2.242843037289235,2.289213717860073,2.2054285684608774,3.4890888221681284,3.721540041651371,0.29826108972443094,3.0583683457502917,22.190808107100814,1.6463476336805882,0.05918962637635592,7.909235165312209,2.0,127.01648294700159,0.7966835475302558,1.72826962364259,2.249864752577114,1.7509799294408193,2.294288156959274,3.53124005858073,3.834639024201692,0.20901509624745132,3.062347484703628,43.206363215853614,1.424601147022518,0.037983986765678435,5.871209926311916,2.0,479.22023930759076,0.7619380647238204,1.16399689447958,1.5884551570344894,0.6288504280717264,2.030531400243998,1.5324936599144494,3.572143653627447,0.0997024246469401,2.507353455185381,16.637991198131022,2.4019813656624365,0.0952313546982107,5.484181835014551,2.0,68.71975339719036,1.1133784485818126,7.217774535305186,2.1264845507582075,3.2802044349630215,2.3160279019457892,7.573165260389491,3.7267517605223173,0.41257858271826303,3.162034252195955,12.966096000609971,2.2663749685393983,0.11350109449529319,5.720586999087736,2.0,54.784763318347196,0.9530042893286335,4.288946383518395,2.2469483944223603,2.9685403649421076,2.14947215882198,4.816149025530631,3.8360548240412102,0.5138557926985199,3.0606722814515535,14.873949452476301,2.3746527113568052,0.13525524707491662,5.06489267832231,2.0,61.78766099290033,0.9774740376451174,3.068213877317559,2.216888291580469,3.2485632855022084,2.008600852029307,8.553458637549953,3.89393989898835,1.4375064549489076,3.196889573383076
P27,stack,1,stack_s1_3.000,3.0,5.0,False,7.859692136457868,3.8485467841527097,0.23524237562953015,2.533397924211987,4.0,21.400300535068975,1.8065040682150804,11.489713029183369,2.1263186678266046,5.971410521838015,2.21989983714283,5.891685871884943,4.057389742076573,0.8179155834811459,3.270465075170811,4.637058404038723,4.007146406584076,0.22088061393712377,2.9074409563624837,4.0,5.82308463543133,1.7084941708475228,3.3268800666151015,2.147152433651595,1.0100791899891681,1.99798861309341,2.147013956440633,3.961027251330548,0.2621034803727135,3.221556849926413,4.3710900750456405,4.0019840318711255,0.24639105044831242,2.4323464516830122,4.0,6.679001016888316,1.8935295734560795,3.3761796531964703,2.2156787077143076,2.046760415805454,1.934751487083982,2.2962281288905846,4.022256778124556,0.3178196665618808,3.1685161441250695,4.373605732751482,3.804980284541899,0.25586504040017266,2.3744974626366018,3.0,4.613025385868465,1.5541352305636147,2.477949339205615,2.2602494939245306,0.7346663335505049,2.102364914151427,2.0702906663960636,4.06849480012074,0.27518646700931126,3.194880594311988,6.273126030831703,2.441829551988055,0.11401827435328582,4.910489063616291,2.0,11.633026061354661,1.1086347438335324,1.242870089570771,2.104132638506516,0.929587312087525,2.012319491910458,1.1559870025894372,3.6497996434803888,0.13185384442841966,2.6939662752980142,5.924810064680914,3.832346949599584,0.25182210059418564,2.309382668619788,4.0,13.63978622409931,1.958411589412822,6.727338490469174,1.9466822539157256,1.9430725000025106,2.1812510107860263,3.5324216251416782,3.7912790701443893,0.5450013614361997,3.0724623226568273,5.248880311112263,4.217599204190594,0.289072805169026,2.1777255257346235,8.0,7.1457837360301975,1.6991479444218927,5.648022018718441,2.1457464024719837,5.547265631905898,1.957371905236537,4.308602525651524,4.05551811365699,0.5615797434583265,3.232720219324739,5.939582573598346,4.558229979501526,0.33822039936880044,2.0096979417877616,7.0,10.21737359048617,1.9685641094593427,8.338457041499309,2.295497781219314,5.428104259099987,2.1913429542613114,6.469968630472199,4.0398521038244795,1.7508064245295762,3.104463780689857
P27,stack,1,stack_s1_4.000,4.0,6.0,False,6.023111288357626,4.139466262786413,0.2743876830983596,2.1822917911181645,5.0,13.832927470157653,1.974772546963334,11.650059435968974,2.0593641337823945,3.5110598267674753,2.2519838543214474,7.69994543447608,3.8699230710657875,0.8326668903174702,3.186468840541365,3.5621157423591763,3.8200488083369946,0.26703101757487563,2.298229756062836,3.0,4.488569922527306,1.3429394435027804,1.5698736000338043,2.0433579055705735,1.0619548797262155,2.1181654890067882,2.1803731304335385,4.109798581148042,0.2489354220001372,3.3333544933513775,3.5733884276944785,4.112767351027553,0.2852309106664872,2.0268636248343066,5.0,5.57850257686901,1.9113062812310624,3.787407182739229,2.0797430140212114,2.0970122025235303,1.9708362235804233,2.640056713452968,3.8606955557124794,0.21191011262302933,3.2252342722040925,2.9547920858607766,4.458855475169026,0.3034236480697006,2.0698724409028153,7.0,2.346067558034372,1.827670457884941,1.7322336426104874,2.2178930270287824,0.5801342216129215,2.054782465667769,2.1148681914481684,3.9260810572814195,0.22895037307273894,3.2039874078183446,2.854354018118031,3.4372685388087563,0.23609224748433733,2.418043236089466,3.0,5.670608724418955,1.852235672792622,0.8624090558878051,1.8919510679318485,0.3171808630970452,2.049918875525642,1.4168026859348894,3.9179961839993203,0.09316988193576288,3.0696030286253473,4.6629867608766915,4.158762113272077,0.28603566300844435,2.083402295536977,5.0,9.480375798994494,1.8704991893319818,7.189568253801365,2.0954664459410175,1.9659183483690792,2.198463996218522,5.174826984490411,3.8810305197008774,0.446463878123275,3.1123378318274986,5.114103954023938,4.165902995313593,0.2834258097940066,2.076764343303848,5.0,9.40867500119625,1.8884612018900697,5.66809578545644,2.116557893684667,2.911737293208319,1.690404169460574,6.242743147008784,3.9171068506144406,0.45998986703764183,3.3232840666142116,5.757643815491295,4.53282306471514,0.3309946716809403,1.9802410902196967,8.0,5.149825408801912,1.8508639902822102,9.037872574565117,2.1569461914096033,7.408823860334912,2.2547098370734906,6.302971323217298,3.8723697582848056,1.4494307892794605,3.240686015675192
P27,stack,1,stack_s1_5.000,5.0,7.0,False,7.502024617758521,3.5671243933696437,0.21175870774254038,2.6869443056521614,4.0,31.85353089626308,1.9516311045677437,15.692787561961355,1.886108963313849,3.5580482220881846,2.310346705304653,5.2653321926276275,3.9111793738163496,0.5305349835169081,3.3426599118660154,3.7219006359772755,3.506466106076792,0.2658321143561228,2.3723336783194324,3.0,7.773124070956389,1.651170524944398,1.1728982147031888,2.2807685946294187,0.9110627854574632,2.285272456999661,1.9105344953414367,4.0732541105000495,0.2254239164709261,3.3404426488715804,2.936277152590658,4.495214305793915,0.3354877112176622,1.8204465692240324,8.0,1.0313335573454196,1.9923967098486406,3.334262330332371,2.215863780041161,1.3675871341932113,2.252001511856135,1.7596590653970243,4.006687002277706,0.2901641026757916,3.2898357939219904,3.10157207911574,4.290754069756766,0.28973866869614573,1.912368806806946,6.0,3.383457413279288,1.8521239278607597,1.7163093349241951,2.291899204090741,1.0060053393411856,2.0054258304666703,2.263093071031481,3.856094766173776,0.12291472010430696,3.239902771573958,3.3326383637941093,4.232620137455832,0.2349495834924158,2.2022453319164548,6.0,3.2313290504563756,1.988651964544941,2.27473264649837,2.1000093220746936,1.7219129484675604,2.067336034209925,2.044802036959449,3.546182186897467,0.11230323054672989,3.2058732316318497,4.390298032913816,4.552709645297859,0.3238052228822316,1.8228769917467882,7.0,5.131634746469551,1.9820863733089318,7.086419267626541,2.2805447150907,2.2427409677565464,2.209642096391652,5.715196879177623,4.067816192800651,0.46154778561922033,2.9989787422351326,4.751390077817072,4.222308765404434,0.285357863867628,2.146306780774086,5.0,7.474376173154736,1.9393182039254993,4.898524991876891,2.064646747109834,2.297395509789943,2.2492930088867418,4.059911249949932,3.8740436700596343,0.421637357705563,3.3275343284373538,5.269318437490877,4.623033968578265,0.35197196792443985,1.8948130468018698,7.0,6.454799215924066,1.7551465127141266,6.305604108702289,2.2073647592185797,3.6079392440650597,2.3082971232940634,6.886309545256276,4.0155554139079905,1.143377597320774,3.3835977290581556
P27,stack,1,stack_s1_6.000,6.0,8.0,False,8.923072888447614,3.3062143034031553,0.19578840796798314,2.940677267184486,3.0,51.50064688333423,1.8614667450367943,8.974527238330115,1.8149536561712087,4.257760906410886,2.1678848569086897,7.292393792417869,3.905164667398063,0.6327222852043028,3.1354009905105213,3.5045692294704747,3.990299792509705,0.3119423116951538,2.1543911160247506,3.0,6.577350668983714,1.6895822723620246,0.9267762174856726,2.27462152217061,1.3242816600431406,1.9707197641365006,2.5751996247824174,4.126110502633878,0.5492771120990668,3.342896074787185,2.9890007672322487,4.159929181407943,0.33457494417313766,1.9594615877173744,6.0,3.6124192096059176,1.5073236568843371,1.2995964818607253,2.064642733092902,0.4875531004734992,1.8237790358386046,2.3762396865095807,4.031358986984644,0.33893685034912757,3.20628659494915,3.1111003254523366,4.197551426641288,0.3123754357807229,1.878948700415218,5.0,3.5249115124823955,1.8037799968963992,1.4408916945934773,2.0469957856641585,1.5146951032033904,2.110004000944201,2.325544209331169,3.7537357053134923,0.15918930878957094,3.324559162343118,3.1180194857399384,4.133278363490363,0.257551418111695,2.006692524713556,6.0,2.9081297715076824,1.6728744995317593,2.243788279571325,2.2696815928059517,2.4299570398674764,2.2574105247761715,1.8995066141550934,3.417266923725637,0.1446304547816395,2.996753216219713,4.635962268231578,4.399024973648479,0.30800919748804756,1.9398236555855666,6.0,8.36974781260395,1.8276949846092445,3.4915808360101415,2.301492020473585,2.8187510170084344,2.212481191233044,6.113180256331958,3.9587899880781356,0.5577543982416553,3.245327326158878,5.292927292156358,3.8341243531635167,0.26667863527848196,2.450888619763712,4.0,15.088451918732789,1.7313806979916957,3.3467596334231664,2.2769084761012612,2.6478403615338975,2.2992956550324313,4.312133808239849,3.83074062671382,0.8016568454560213,3.1301767853096023,5.7102222639282765,4.282617730005521,0.3519622951538311,2.0272093062107106,4.0,15.366924791356016,1.7069715993563417,2.7570944369630266,2.24042560252022,1.1839876420315654,2.201683762101691,9.333034283698838,4.088433836015901,2.256048504232483,3.365466118126497
P27,stack,1,stack_s1_7.000,7.0,9.0,False,7.234353452968651,3.3235256218889644,0.22984220846371747,2.5155456356527606,3.0,35.41434027749382,1.820957856221111,4.9800760011311995,1.9712231467099521,4.310027241802229,1.8847670148926836,4.628380300842238,4.139211468288907,0.5492701460154802,3.1588152640187057,2.693300706019126,4.994722813655816,0.41206723525761046,1.6081480314509788,14.0,1.1068448020550012,1.9298389725791139,0.7224566803746064,1.8548049104145197,0.6787669383527528,2.2259183894021772,3.330894902975642,4.075374154777316,0.44085231856034435,3.2479151816262832,3.2740887825357654,3.665141263843985,0.30637835955094583,2.1436125576477254,3.0,5.497253702967463,1.56504373147718,0.729636278675158,2.2669428952156703,0.6485269251686618,2.2677656647840436,1.8560748386090427,3.84542274508461,0.3966027481647961,3.254215479217233,2.9260676504810164,4.577882035685867,0.36597965387575443,1.6157116397694269,10.0,2.377586871165092,1.8590086303822129,1.0119228862132081,2.1893871343643676,0.43341648321684273,2.041525999910589,3.81987170254895,3.887583921364358,0.2008568202451231,3.1359424033024346,2.3124628838526835,4.100730278078254,0.29169421091022374,2.048596033744958,5.0,2.050293455442324,1.5495937447278925,0.67869294354476,2.1083679344687782,1.141366252834589,2.2395935770885376,1.2098292451976909,3.9759504383235327,0.16786056738893418,2.5868838265005927,4.475624330904608,4.123183429649859,0.29706479417265386,1.9569146580989316,4.0,10.006345727868387,1.9397399254193393,3.156493417310198,2.0412459334276667,2.1441788358329568,2.172555767932849,4.811551160759623,3.9359966420423427,0.3034054388456573,3.06596803020047,5.215077037421666,3.388874282708094,0.24900748225287173,2.5896750534746973,3.0,17.032278370967433,1.7319946639754986,2.6068223637123307,2.1648380587471543,2.007851990419545,2.1439899411101115,2.4443672426261185,4.042369580098534,0.540365186922516,3.187282824720739,5.3912403280381636,4.092775143527825,0.35005518387517354,2.003165294967189,3.0,14.715910830031845,1.7856138277698559,2.0852598703736485,2.031911294024065,1.12896943577526,2.187926774081794,7.364147000320601,4.061646044608351,2.0407649670601877,3.21445027308965
P27,stack,1,stack_s1_8.000,8.0,10.0,False,5.228289449158628,4.386676436812242,0.3021161983650753,1.8868578859491116,8.0,3.5006046464311193,1.9491783166895664,11.956966457979828,2.1654576463433375,6.990102268869649,2.1657767547838747,7.219937992968039,3.887642468005397,0.6080771176291455,3.132970167802273,3.0749364846475578,4.4567350766003235,0.34161270919651193,1.832367259883598,7.0,2.789351429878555,1.8202769408695199,2.648548881936213,1.7821849122906208,0.9725450736878036,2.1285415696774233,3.6457943001694355,3.833830508668285,0.33940140925706413,3.0283102466499985,3.373048491273505,4.259834952999956,0.281044217158892,2.1948309586463606,6.0,4.115232796387482,1.9610179041304885,4.887476250354889,2.2231292109521705,1.8788435158360632,2.183829426686126,2.2671115984538726,3.801117893940715,0.3516387040518187,3.2274267059042665,2.7989067530294127,4.58951793429358,0.3623103795885921,1.665437453637356,9.0,0.9078037209467424,1.9058895188245408,3.2085235911836327,2.1028572268008974,1.1583346089601307,2.16106643210823,3.276730123463916,3.907152583424666,0.26155938583589344,3.0468560281246755,2.721202519884878,3.2824295977104376,0.21759461241660674,2.822394064726349,3.0,5.136913785351442,1.545193199399109,0.7100591129271561,2.2787282587484627,0.29688912134983503,2.2392728641524755,1.1234828083833224,4.062389990880468,0.13584467230095243,2.5047957873509827,4.413247416475995,4.315803942786951,0.29859156804389175,1.9728578178604428,7.0,5.195953663245362,1.8879162624464763,8.257983571666543,2.109464443928084,2.6301669596704063,2.2685905007216753,4.56289070082788,3.9671680315053752,0.38702046130043394,3.014870579801924,4.601062907080493,4.222222448506963,0.2688085204613996,2.177080541575223,7.0,4.8617372011481415,1.9016129951454106,10.181867040827274,2.229736445206614,5.110710336463063,2.043682413799466,4.28117765414929,3.8017245581930252,0.492447583848101,3.0956858840042067,5.027213438713974,4.424275129144527,0.30938863011258005,2.0744461723478382,6.0,8.852890931644795,1.9508602982998495,8.753853889692774,2.235326821027287,4.009086381444178,2.234117076315437,6.919277471837334,3.910614051007751,0.5971889452383267,3.3558556417504426
P27,stack,1,stack_s1_9.000,9.0,11.0,False,5.771672853944401,4.28045564252527,0.27755060713303964,2.077770451157816,6.0,11.303448659042882,1.9005452295090492,11.023072426391849,2.155806450489972,5.988215730235741,2.2628017257466646,7.756490438302906,3.5893342309410077,0.806351467673932,3.123650018902225,3.4210435639719945,4.424465510414245,0.28465455374518583,2.1401289946563793,8.0,2.8767347941814485,1.9767468903683083,2.459962504682558,2.074462215157628,2.037178975346674,2.1704893703138093,2.9552429302393954,3.57124355277399,0.35982153975000614,2.863009913781063,3.77589319450422,4.083857187762554,0.23849807809484405,2.4453567978226625,5.0,5.445855831692789,1.9628637510066962,2.8567869122613416,2.1267483796986744,1.3832461529525006,2.215791349124406,1.9557667243631076,3.8949777886777643,0.2753632011600111,3.2222474216578605,2.9633087881665188,4.082633272477474,0.2927239221221389,2.120805419516563,6.0,3.600625385419762,1.5862138677376456,3.292725313415243,2.2423693943964658,0.9243945434306151,2.1365942515186265,1.5940753531362308,4.010699640793494,0.34281510468958665,3.197788413222032,2.8917954231031535,3.121893316007448,0.20403690981822042,2.805138761810803,3.0,5.631917990464328,1.5827470122329856,0.8132141557664747,2.1884819018285024,0.22830704894933262,2.0044799966551046,1.2044166542471784,3.7661222370978855,0.059626261074971834,3.2236762848230542,4.803440156609318,4.103981063995079,0.2744269660754375,2.184549664022781,6.0,8.515672991671591,1.6720619082735713,7.065991974323835,2.004733021970136,1.8153757510734676,2.163462132331558,4.4587244223223115,4.001632608775998,0.6449530952097859,3.097523776558548,5.1554135486844554,3.924944755693112,0.23818162795074316,2.346447413208701,5.0,10.502744701932354,1.7247116634144473,10.000149514991215,2.172174608370209,4.5513585181389855,1.9532687658948997,3.8603036339709864,3.6642060849848135,0.4606957846553241,3.293513644429372,5.1428717318834005,4.418791710336026,0.2938915960543096,2.2847800832520337,6.0,8.713245578638128,1.9253013395407663,4.347830314012935,2.217825172971203,3.066089838195408,2.220209517532364,5.744730863638137,3.826265380196108,0.8079627304929907,3.2278860545248946
P27,stack,1,stack_s1_10.000,10.0,12.0,False,5.450066007124078,4.50412282753027,0.30278475599593097,1.9783032706634742,7.0,7.747081312185896,1.8134608364470042,5.9692767852714965,1.9908882539640638,4.121621672597194,2.1647605817851763,7.250850217918095,3.7666035672535845,1.0620127658473766,3.1512564035608803,3.3403068290547773,4.026386259759676,0.2690547535832642,2.1743474673184346,4.0,5.694329631268706,1.903083132206525,1.6537497648354456,1.9682065509124014,2.316632917178782,2.164363218998659,2.194812217983743,3.7579338965282107,0.19827781172795905,2.9852888160609767,3.3965906901520766,4.244795278987823,0.2663071413736555,2.1852153587681076,5.0,4.031300636018766,1.9736149578655109,2.6483470730019385,1.981233208452987,1.4743582710701373,2.254508604786172,2.4474421176696333,3.628400789158609,0.21318589772100158,3.1832498606052266,3.226806497116237,4.03518439421046,0.2673879555648627,2.2262901224214464,6.0,4.314191235558637,1.7046286941886555,3.66824109448697,2.2267969633025686,0.6267058988917185,1.986494324338826,2.43916097817648,3.7475757581357136,0.20225977755102192,3.1128728061247535,2.308621351451972,4.309064363691758,0.2946040064115704,1.9668804765031282,6.0,1.7946736783940724,1.817652669030493,0.9224478225903064,1.833182944964492,0.34136569648747916,2.1121040640460578,1.6277801212115,3.667266076440782,0.1386602878842611,3.224262275444366,4.155497256872917,4.2411523378453895,0.2914235009356938,2.1386914097740153,6.0,5.36051014602645,1.7312061265754264,5.615661205897654,2.09220755847023,1.241613657887226,2.123868884830707,4.434828335133005,3.64095548537584,0.5799890804380535,3.202670875861601,4.881207440166307,4.062428380587378,0.24498138758310056,2.30666545057179,5.0,9.02715009988934,1.814572723006961,8.094311636642768,2.0053025255167904,3.1402335213196206,2.1398741178301397,4.226658008913833,3.7485148966273476,0.3359307078268493,3.279296075657012,4.849564809673624,4.547559740011001,0.3289302454048511,2.0671158188221814,6.0,8.745579057208408,1.9779367032557984,5.195697915406295,2.165597193677934,3.203076472545658,2.2512501624419903,5.529820142053142,4.055217248633896,1.142572618840922,3.129691138776869
P27,stack,1,stack_s1_11.000,11.0,13.0,False,4.69954634080684,4.286323413775694,0.3162744611280868,1.9496761349843872,6.0,6.887750083542706,1.9328484344022399,7.658642696712238,2.020635550904318,2.9876338831221947,2.1328144274473195,4.532739498509028,3.7414797147463563,0.6387270198257494,3.0025309205704707,2.909621500955048,4.154681306858977,0.31246167070910286,1.90674715845593,4.0,4.492666915770455,1.7996672115698538,1.0927311726587046,2.1887484444715604,1.810747054825844,2.2040826603810446,2.171926173130528,3.8714566276695113,0.17570531361871872,3.234515225450862,2.569032487769366,4.597886634937866,0.3480995404065515,1.7538032631224605,10.0,1.726253755298776,1.9871740369335165,1.3621897861495484,2.1952092844283952,1.5542950350731697,2.16773902141219,2.172892201056325,3.6783793480124105,0.20218573981985286,3.314910673685444,3.0528744268358743,4.112104591836607,0.28188281949354377,2.0745577080947135,6.0,3.402598898644585,1.6140372942950392,2.607737445649684,2.218249970523086,0.5974164095874659,2.2088762450934154,1.9576396161864407,3.8716315261674152,0.16503731401662552,3.246201174327664,2.361068303129264,3.915066756833147,0.2796470679881542,2.0367825017035526,4.0,3.23132746878051,1.8911982871189426,0.8852290127671063,1.9791759535167546,0.33513286702303435,2.2959528620287415,1.3281423258963798,3.7769417417877635,0.10539020430858087,3.1636749492227203,3.7944588225156406,4.511425290980588,0.3505442614471648,1.7835638329445558,7.0,4.568847097251982,1.7977815465036617,3.417414043424512,2.1866130837744127,1.3516845443999461,2.2605062914911027,4.738243085202664,3.7977035911023687,0.4363413834559764,3.3936679914846257,4.128782266384182,4.282391213202372,0.2869986855019996,2.037461145796594,7.0,4.6161200712799495,1.9145301013547504,6.2188152644994155,2.2681137667607625,3.543745957628852,2.2008653507178964,2.8870075476371277,3.7041626338392977,0.28738077851424104,2.839963077724838,4.3204767881654,4.628334067305586,0.36357306999886596,1.83489075480439,7.0,6.127292486276655,1.9852401668637878,5.6019807976581335,1.9722892534473992,3.260579357508603,2.138388886362065,5.689117315107768,4.070400999282383,0.9931758177050934,3.1649524589618516
P27,stack,1,stack_s1_12.000,12.0,14.0,False,4.760404345574439,4.533080733237683,0.31227541815723586,1.8331139446118248,9.0,3.8360297237955403,1.8860756566849606,6.579615120779046,2.2384800864164793,5.348076236860791,2.159597964328067,5.4713882499613415,4.057348413245388,0.2835723677659085,3.1197442860550906,3.007025225974885,4.641005491920768,0.3063701014995996,1.894752529646737,9.0,1.6362533978433682,1.7444534052458387,1.9291020017226375,2.2046252479879227,1.3256040173158292,2.2338939217077756,2.9439235964600075,3.8630659516015977,0.2129164911054694,3.264773594414989,3.074510319247706,4.210280689596153,0.30420337607868125,1.9978642531241735,5.0,4.199830857471746,1.8993426807833775,2.0898444318873817,1.8247046264385043,0.792185056938898,2.22159828440568,2.4235114206570714,3.8829832742670716,0.24120179458977037,2.9813252254532583,2.92098982882088,4.37014267327449,0.2920421843186154,1.8917778188895802,7.0,2.5820191834027724,1.9368065509919945,2.2688173044125306,2.1916169811981216,1.3209191929847628,2.1497815840481165,2.2647518065691674,3.6848371975968157,0.1029623890836167,3.0878791224461413,2.887440404990367,3.8837178985110272,0.22930035926970524,2.3165268000633765,3.0,3.6693977935556483,1.6788471029184153,1.0813047427786973,2.3052720462421177,0.7279328571234867,2.108312284201411,1.5164093861034902,3.9397904752305224,0.061659563716479085,3.3852929485738237,4.338581718650097,4.252281913332082,0.3166343211147692,1.852196523555416,5.0,7.6388114451562625,1.9645458201854675,3.2872275386217558,1.8829707291430213,2.051315855798424,2.1219212192937,4.583847924977379,3.8863559735122246,0.3101356772492084,2.955894365493708,4.653695802620954,4.253420097462197,0.27211392938595375,2.000300203340612,7.0,5.935183747066528,1.7250462933425788,7.377649049327571,2.157029666322261,3.6821922942496244,2.180982330842294,4.433167988037419,3.8536805212855976,0.31041201876620805,2.960688484762586,3.83123443605196,4.602752550981268,0.3686297320451453,1.7314223234361485,9.0,2.3046954588019513,1.8201633042692222,4.5129499174568934,1.9679446562507292,2.37860560197501,2.123219476047187,4.29699118207578,3.970514283619603,0.5436197844680875,3.0931298009394634
P27,stack,1,stack_s1_13.000,13.0,15.0,False,7.100650260753616,3.941361584510667,0.22929779246023346,2.395103522616053,5.0,20.608815391239023,1.87935755532521,10.02954626178202,2.0894249866368866,6.784736190724542,1.9987482192843116,6.107711680137065,3.9762249824888345,0.4138484604812951,3.21050563420402,3.1863760283888505,4.495549228561035,0.29374964636087314,1.9645184186353413,7.0,2.755134268075736,1.9682733280982105,3.082205266783221,2.2951749887810333,1.912717654060596,2.2275141981802333,2.379963385701004,3.997007980273645,0.2711765978158751,3.005131560204675,3.4239210100121102,4.114553618428396,0.2821821824106496,2.1510747221585595,5.0,5.676015726291315,1.7869116016512958,2.5185285874795604,2.1916646847924115,1.5328950690071312,2.142704997424127,2.629625360597985,3.6273073454983202,0.3441783402775056,3.2368057023161727,2.8239275469336,4.288535571485288,0.28826958929858754,1.9890842033298928,6.0,3.357773922808239,1.8440465399241195,1.4782485608735074,2.1656017777297816,1.5043730918836857,2.135246046917323,2.1248268951151856,3.7304475138805637,0.16835560344812434,3.168529980875459,3.068128577761131,3.5022620987754234,0.243047543466521,2.2385271014140082,3.0,4.970101773637469,1.691356126580806,0.6800972690542579,2.175171133923793,0.6691032234616567,2.1201002946374206,1.6696983259463622,3.6873095716970137,0.05093207547384016,3.0772650456179593,4.7721874455801006,4.045980162709255,0.27253589124944466,2.1163885313476962,4.0,12.033461760301506,1.8706806912480383,4.156911319799633,1.9859384536555758,3.5025154794759508,2.1777247559118904,4.654540504806294,3.9364103486572897,0.40424872946527174,3.2449733384691912,5.4854405100006325,4.05275046678041,0.25606885145883546,2.2037199244428627,5.0,12.725986088894441,1.738742632384659,7.384105409703989,2.095551199987808,5.70768286265738,2.0733898316102084,5.06062122715184,3.9192632097592894,0.4814191290387301,3.180215525455819,4.59054500189729,4.464171586631022,0.3162463243373329,1.9918587188733177,7.0,6.697467161042193,1.690525009746789,4.562705961308045,2.172240029966421,2.5345012641414635,2.2217419874336013,5.52227754197944,3.9148762729956923,0.5763270757819697,3.3727542175039558
P27,stack,1,stack_s1_14.000,14.0,16.0,False,7.421803236890695,3.567646231752554,0.21286386133915838,2.570119282068885,3.0,26.865621114233765,1.6619795171988383,6.006163099543208,2.234490339202486,3.1798193769608885,2.0569667605950883,7.516177553957599,3.8236004265160584,0.54545545628084,3.209101782674425,2.7824010814300832,4.563745044965951,0.33182646951317524,1.7002433598879418,10.0,1.7661684311568195,1.6483655267806325,1.11033368470846,2.102896667007108,2.012213560809196,2.2320654616235127,2.8569787297396934,3.8550264980622067,0.1510154808200191,3.0997389534037136,3.273154516927125,4.23928889413146,0.27670610571766086,2.1891788191242356,7.0,4.085891383910237,1.9193649622449271,2.5932601375200655,2.246825351442086,1.9382956685131048,2.189561749447806,1.875124758611271,3.894292070548902,0.23884160665728701,3.2566725126787754,2.600339439426525,4.210972673674284,0.29189772908510697,2.0573332581487276,7.0,2.7224298909609357,1.6965121599201458,1.3381170773334568,2.2310874922136694,0.9053622808393866,2.1683136252425514,1.48630395503906,3.951239817955256,0.14713053143625204,3.098435143053464,2.7575058575478972,3.9953050919322766,0.2648771593163723,2.1176798308936617,4.0,3.86166951286955,1.8848949299249782,1.0154578730225317,2.2054572288743013,0.3512610118663282,2.1358382537461345,1.8682308323541998,3.8643894710047864,0.11050516837929647,2.905109371674865,4.335636053521076,4.123780840148064,0.2698546482205326,2.1672137378352123,5.0,6.695810261496263,1.6362969281511641,2.7640896954967373,2.1792632189367676,2.4704456674085753,2.167294782099638,3.2201348308620585,3.9890964438270897,0.3115528810252162,3.1075908028523007,4.892685042515655,4.124188696856512,0.26081723274127383,2.223546987926288,7.0,7.827319577638617,1.6961479872698346,5.237221462014357,2.0085830739746906,4.048950430025078,2.1095633997524876,4.081290620100209,3.883006596447848,0.3452048496030365,3.233290605458026,4.401569504416889,4.184661290142039,0.3209623133778766,1.9410274144051116,7.0,7.532895205277458,1.417622311120583,1.6299783917633213,1.8392931427378059,3.616096502462238,2.244371998859185,5.493486493284398,3.8798702271794707,0.5045712119863514,3.3242672860632045
P27,stack,1,stack_s1_15.000,15.0,17.0,False,5.100095580423141,4.528385843869539,0.28450723389838123,1.9645902329890188,9.0,3.92174032471701,1.8944420753587887,3.932364038699281,2.264241705246113,2.3934300106047157,2.1919805171882,7.561221273687204,3.4395498407127554,0.577652966906763,3.2101325208753697,2.753784530362528,4.4827200922563915,0.31788463240042836,1.866127026227644,8.0,2.5535306710070373,1.8635354517608682,0.7247527938824405,2.183960202443272,0.7619467660535711,2.2848871581418955,2.707871722378018,3.8738288880819924,0.16590952656372465,2.9614914891878446,2.9945486790134814,4.2381077245753715,0.2743481082288777,2.2222172183880726,6.0,2.614807551187605,1.9514096497952833,3.1259851212848844,2.2334743595177873,0.913090586012286,2.2117218642836014,1.3572243107382593,4.067316352484231,0.17740294214249303,3.314049971030565,2.2225009048994284,4.431415192312961,0.336244757566696,1.76930563686408,7.0,1.4673240654582669,1.6959349102925465,1.5241621431037735,2.1702603148939916,0.4905691735129257,2.2930317926013024,1.695623299709924,3.84847191631907,0.11405512614423591,3.2644910742037854,2.4652462035000493,4.044541792630479,0.2507242950513273,2.272135797502053,4.0,1.8754251051110902,1.6581983603510013,0.8496815655405505,2.2915355220145144,0.37615820333246114,2.2758835578718415,1.0370824403417995,3.857416376624999,0.08980738063794545,3.293217896099411,3.415959487606936,4.398647359785195,0.31337845044972557,1.903232926790614,7.0,3.332608698464939,1.7668558427794365,3.047963175556161,2.03909115027018,1.282133810681531,2.185270290552816,3.1398383058078427,3.723435293463026,0.3319642113440152,3.096390631406498,3.6713318361912513,4.493129711672532,0.2867106112561523,2.067079380491094,8.0,2.8086644011612556,1.944373467721903,3.001865647326322,2.2510954270840515,2.5921803642655634,2.2354369020581215,2.6819051029633028,3.9312935443506034,0.231949013790536,3.1911456880725155,3.440214502583408,4.872639739379596,0.37964672191850524,1.6902972954776472,11.0,1.6274031220995036,1.8847291855339416,2.4893834242322757,2.260155106400472,1.5897238499567474,2.2486431194142806,4.191411594451197,3.9251234742660444,0.522825734550167,3.210439682173457
P27,stack,1,stack_s1_16.000,16.0,18.0,False,3.911315585476437,4.620617248758577,0.3342043528950042,1.7332131012431917,8.0,2.7719813576810215,1.9088031758509165,3.2726598966351874,2.285664128991761,1.9707313226119174,2.1911868155053957,3.74436860937045,3.652701893440656,0.5441859509899013,3.0186939071424344,2.390952669729738,4.756736018158064,0.3729354425681537,1.7065069840945373,13.0,1.1937421838161781,1.9300250430261516,0.5979459844089435,2.017019191909883,0.3328114155607126,1.9214386249402957,2.0806938088295928,3.922318373801231,0.2114313642965808,3.119579362087927,2.6625777104330663,4.449407040313405,0.3194892739915517,1.8568101425617696,7.0,2.171009722887926,1.9919146265847805,1.4802611916460744,2.1683896230833835,0.5195363685081873,2.1301546792322554,1.777303058672007,3.9521934480070913,0.1649948565144155,3.2121128408048487,1.956742035662213,4.723136411189827,0.3676442713408573,1.7065535202478777,8.0,0.7624441155320465,1.723195215389599,0.9639573788819769,2.243046237611807,0.3122748539906799,2.2502072007387355,1.2095942250944285,4.045787077755791,0.15948965032893112,3.2636787194180634,1.9116675446612332,4.4507461191515665,0.31561257699503314,1.8402959856820984,6.0,1.2111127773331964,1.8910392845513357,0.4745305401265021,2.20914693494714,0.2862601543797075,2.1902510310790455,1.0862501274369203,3.963106155781685,0.0756843365292609,3.031617006476902,3.1143178021849827,4.688101196001484,0.365177085130056,1.6238699701608745,11.0,1.0361742074847353,1.8295871518995974,2.6409939993251577,2.082538625791816,0.6398742330687948,2.0609067922828506,3.462978896006708,3.9812722453203473,0.28114540971668384,3.2313453479486483,2.9189787232582587,4.690700671417885,0.35537714336978193,1.7914070613924495,9.0,1.899973446569146,1.8194360651540777,2.037297616370995,2.1984996064706888,1.2197261554720167,2.1513996686067323,2.436836411213561,4.0020815249504675,0.4566889466149622,3.2564489236343954,3.7031660616333983,4.733211052408124,0.3943508983940654,1.6595079455156267,11.0,3.424728002110753,1.7326727555818722,1.375673219191206,2.19523903969443,1.0414795170002522,2.1578728104928846,5.122553911517175,3.9183184656787406,0.43268687160551234,3.0476063561861078
P27,stack,1,stack_s1_17.000,17.0,19.0,False,7.483648366591686,4.289781481165398,0.19889657991681245,2.7640654826699773,6.0,7.346240772244258,1.8982018582335152,8.560973277741208,2.2793930118658827,2.6300400727049174,1.7833223877902864,4.973833172174917,3.975366376255598,0.43471720152666354,3.3178350904415423,2.313444550073204,4.95649217110588,0.4225781902827977,1.536067422997935,15.0,0.9585628931708801,1.9716536941721352,0.7132967893240849,2.0675817111620955,0.44851828201022037,2.2514998805644697,2.7473662911392305,4.067327037497741,0.29606136153012597,3.187785609280433,2.8788307858594044,4.288724174501881,0.31102909527485123,1.816836577825532,6.0,3.279211899341006,1.8485240668625023,1.3612651914230471,2.1732673618276075,0.6298660109139157,2.200553155520481,2.5863338896172032,3.738111155191055,0.19939860332903725,3.1324959309768907,2.2243784208991535,4.417463336784008,0.34455242802614855,1.7822064539442393,7.0,0.8510479466702262,1.486035865693497,1.40396711897531,2.1378214881071878,0.3983044666592289,2.2869594768682857,1.2681682019200635,3.764697522414679,0.11917858687358251,3.389247292173138,2.9806210637976136,4.477232330333254,0.24291645537594048,2.2833299788415435,7.0,0.9403414161578061,1.9224996237194034,1.0520967699695,2.062516506156587,0.5383406274797291,1.9003925801345751,1.124847045539252,3.9643084911369586,0.0860796208397575,3.147572256350624,3.693511973202786,4.501606225401306,0.3598087922326436,1.682960428756244,8.0,1.5428725917937327,1.6110221819151898,3.8922072072391787,2.2753748083600005,0.9410264758132961,1.9073700295643614,3.4548111654466593,3.87333665223482,0.31393530117985907,3.0102119188566174,3.851266821328796,4.383235425800362,0.3132736110345247,1.9168636161129227,7.0,3.9956090689298884,1.8041521381845653,2.7106327771895584,2.129919763620819,0.941419391883831,2.247428799252649,3.0019449959295375,3.886140907991705,0.41577891116367177,3.31902407443431,4.169111089030911,4.622864760132198,0.39237539412595307,1.768491754195159,14.0,4.488224138938897,1.762511145273559,1.2868907823300586,2.134930779869299,0.9017440348859344,2.0726128105078687,6.6862280106142356,3.6685715561037706,0.8496746130773548,3.379163829655553
P27,stack,1,stack_s1_18.000,18.0,20.0,False,9.009473500200116,3.250395950240899,0.16932095122487217,3.072662138590872,3.0,55.54506013162187,1.8193547566123849,14.60661909531363,2.0860994089377,4.324108826555555,1.899656846731019,7.111904348186598,3.9036098581812486,0.31116122359257053,3.278887641025224,3.3367781715994007,4.05470845137195,0.2764885626868533,2.225010972368402,4.0,4.309618233597386,1.712824115625383,2.290432034158842,2.298376395134561,0.9812351649926426,1.8435428324714678,2.358701019498102,3.99331826938773,0.23570498656444105,2.794720631872954,3.2136783125075725,4.372088582899361,0.2637935680451682,2.1036550991130816,7.0,2.9501391067860494,1.9537869665684116,1.5168044336791118,2.1300874722576713,1.4176182544932194,2.2617523893039473,2.21038932578592,3.84695653754967,0.12892577042832126,2.9925982763510324,2.1968215101821613,4.696196982332781,0.3338883359131281,1.723156275681189,10.0,0.38982091231041693,1.6570018161648798,1.294578726888485,2.271712145237461,1.1079346635206084,2.2620890189662393,1.82871110909373,3.927781090719165,0.12452836437934815,3.0385109892117805,3.601568245506078,3.2495353945026193,0.19721042509404174,2.7803883415224893,3.0,9.447771376500489,1.6660710802365601,1.2972392034923326,2.154166073060348,0.866737515136169,2.26400173118109,1.799519221356089,3.8292562207711742,0.10352501253192248,3.182226369896526,4.073399414783677,4.292685268994838,0.3188842532441087,1.9626592682757686,5.0,6.539250716512565,1.7093161613444348,2.7585678229040633,2.0979761287897687,1.373517546735695,2.191826791780887,5.24492612401374,4.07208552399409,0.4055243455752731,3.3415741246361224,4.7328895642285636,4.362135615122429,0.2573468008932133,2.2201653316400938,7.0,6.343038943494598,1.9433216632419896,4.577353416573036,2.2106232884136134,2.3842202546742834,2.077941694030099,4.4167860390739655,3.9496773510828422,0.3379284021576246,3.169401322325162,4.92201196270467,4.14042760751717,0.32229747515533896,2.178644662685195,4.0,11.027797170023485,1.7130795337258096,2.968542467366319,2.149461054014913,2.3182536555190776,2.0774174459446155,5.642936289913296,3.9679194946744607,1.1712239761488008,3.197216784810762
P27,stack,1,stack_s1_19.000,19.0,21.0,False,6.413197315212951,3.4555356100336665,0.19117068369446855,2.9373630342438175,2.0,14.077643676675551,1.4989351196208076,5.069213228708596,2.16535456020006,1.5259873880905857,2.2202921185727584,4.493919362961696,3.687926571525003,0.3376323280238946,3.2492114527024047,3.1250148932485455,3.9491364055286953,0.23602793382132484,2.505605119807189,4.0,3.6120062311615517,1.7757990700627992,2.3838674571440257,2.233549041254393,1.0476719409652142,1.9623931428958727,1.4212809513303784,3.7134135247652575,0.12652838498240163,3.286938350300882,2.9758452839290057,4.0718456944319135,0.2644945572603692,2.258065475362756,5.0,3.338582674793113,1.729906274769141,2.0784799457288274,2.1090964700369845,1.284502518974179,2.229689503439792,1.3871593308579913,3.81324949196277,0.18978532885043012,2.8436775331987953,1.8780101983557782,4.694157097286247,0.3655495869603105,1.649119370985768,10.0,0.36010213486028364,1.9842239775154478,1.0442961860157856,2.16742819277956,0.7825386199050165,2.2691777219765754,1.2187755121271775,3.7658019777375222,0.14138794239310523,3.2843042490806473,2.607574160916147,3.3364810823843896,0.20590218266154287,2.8430467251999563,2.0,3.061663141790761,1.5449617548240486,0.4409656796458082,1.7875274258792633,0.3891660830448854,2.2233196532771275,0.8437995497395328,3.973881828609684,0.05783274800995965,3.219209878940414,3.6277715128386196,4.32970732141825,0.29468240041555144,2.1315122196428704,8.0,3.303648816307388,1.485726874075612,1.8270284938676764,2.195487774991327,2.7445171378605657,2.2364870483432715,2.5917145818944745,3.932100825389785,0.3119984432366172,3.102079928429232,4.067004970598137,4.164147535693082,0.23977650008961177,2.52753104109187,5.0,5.039502771391318,1.810576730806727,4.715930897701393,2.1754465874341995,1.363498535732512,2.3099659106623007,2.6936453558738043,3.9568739763662757,0.36005027607186996,3.255254660309858,4.4262022188859955,4.233367664740911,0.2963467796724578,2.3286563997328917,4.0,6.54715796816126,1.7193423150345557,3.2736082759563763,2.263646996056493,1.3045247060188812,2.299545145607489,3.5785941494999487,4.028390429791017,0.8258376904078638,3.035364268373047
P27,stack,1,stack_s1_20.000,20.0,22.0,False,4.239667093921073,4.13896458647152,0.26957004503589405,2.219552126035273,5.0,7.391173512861425,1.9400534097757591,7.530245341630545,2.261682604141588,1.6245961940925686,1.9489870103866962,3.5558551789302446,3.8978205786696916,0.3403300727833974,3.2870377455415523,1.9290900810556655,4.791461579912713,0.36103751617520036,1.760427080287461,9.0,0.7604341783269758,1.9499827944955148,0.8047664162585154,2.2892151838133783,0.749014995237322,2.081649475196591,1.2577750414442177,4.04129654686603,0.1237005361498435,3.236847290067179,2.4614919764212977,4.260117335750129,0.2844729496938257,2.258529818978509,5.0,2.4558768252460306,1.828092698619553,1.1919720468917492,2.2758082186104946,0.706190518684432,2.0611132218467034,1.0291855894677555,4.175109123868544,0.1909057903726895,3.029589241907595,2.1796797062011786,4.635916244403543,0.3326214405788374,1.9232244912141978,6.0,1.217460520432804,1.9954661421787772,0.8393244375201574,2.127787860167783,0.43283303171973697,2.1794818301316625,1.1752532015330335,3.9391143612300845,0.18271791948338886,2.902080036199723,1.678044271191497,3.9081040142624843,0.26142633539486093,2.347267803544294,4.0,1.3990579570229735,1.7997328891924733,0.637749493709185,2.105206880025457,0.20828702210688776,2.257349089365574,0.5339679629371847,3.908802612459936,0.056287115307961086,2.935335750739158,3.5855446910596487,4.096702867767281,0.29582068582525317,2.13179933322367,4.0,6.1834023169484045,1.8877839567039356,2.2583109449629784,2.0652519035205286,1.2423037400053603,2.071321436928099,2.383156860618607,4.013356004293551,0.2863367139119036,3.2371855496759814,3.20296588673556,4.230948248908123,0.2811655481002845,2.2609559728336976,6.0,4.053529676705237,1.92865273765382,3.4063742623168607,2.2755671776151587,1.1844569114433725,2.225048631053943,1.745814479297984,3.9164146602708754,0.28785104916444104,3.175542161596034,2.9514387564033813,4.737029987076165,0.38929744370429026,1.775075321713099,8.0,2.03270998560338,1.9318337374569245,2.3662360957785693,2.2927548579927963,1.4758294224049877,1.9992431254683631,2.082808930816305,4.078366215476694,0.6166538324476472,3.11775238999383
P27,stack,1,stack_s1_21.000,21.0,23.0,False,4.59755749117897,3.989328210471868,0.2575798650009311,2.322415516996355,4.0,9.189664040650385,1.8610319038010577,4.824631887175254,2.0747614082350823,1.1576955556734534,2.2520517378359175,3.652418688635506,3.9941170863624764,0.39593130783529323,2.9779590715958792,2.1512167129244415,4.803235952440759,0.3828287928006795,1.6351687896348506,10.0,0.9203128821350083,1.8267351089756212,0.8806651951546038,2.1690447708181426,0.7404002971608706,2.250408949041604,1.457050818017947,4.0338696628611785,0.23065299048259932,3.178266285268683,2.5548853398912694,3.9235456336561314,0.2808484870315398,2.20236998040392,4.0,3.4382113191174137,1.9517553437579656,1.4905152960858234,1.933872436483325,0.38667931325869115,2.0655499985598116,1.3656626800506542,3.7612354448696044,0.14475581934139845,3.1700336606763493,2.3888911486440993,4.334901935393168,0.3012731163276226,2.0977299561548306,5.0,2.1333380215899758,1.9261505267919,1.2575002914896216,2.23481113084692,0.5794990233765357,2.2704468192093445,1.1068736714473886,3.9370984382059273,0.21572787318989303,3.130189232399887,1.7649791888922144,4.370346117363883,0.2972232916455642,2.097358689035522,6.0,0.9485372447445298,1.8189911830887384,0.5320946598937664,2.1633625497636224,0.32956324353745226,2.2815050401978434,0.6506107464793582,3.9113850220897537,0.10601311463736586,3.2581886219294796,3.920549352759616,4.096549161831083,0.2819202354689235,2.2708897438458293,4.0,8.181578972730598,1.8672847386193343,3.194826159110554,2.2466533601954874,1.5227726043706498,2.1018461731150957,3.3052573723845415,4.044465128180422,0.31349851656037914,3.309830413833511,3.3702669662007154,4.198150470134973,0.2970559626909453,2.1404236419345724,5.0,4.691114755249121,1.8059366083962922,2.0833340189271228,1.9505897645421884,0.9458685713682685,2.157363684444266,2.6064728894406426,3.8621617249914015,0.4664271296926748,3.0697747035370777,3.257669007776628,4.85085316933202,0.3802686876855618,1.7860277716571775,8.0,2.4889017645469655,1.9745408810497576,2.293234496452563,2.214605793261184,1.0481888247430902,2.239588068300865,3.0857861185630595,4.165449156131106,0.634869959206939,3.2366604782807964
P27,stack,1,stack_s1_22.000,22.0,24.0,False,5.073136436183365,3.8435259222271165,0.25185025327819693,2.449824188328309,4.0,12.373681558812152,1.7125282351288755,5.429582167022316,1.89531725985185,1.8734477508787606,2.0733527950247916,3.935884792344968,4.048711402498509,0.5905183351933045,3.028189235622196,2.379731112316116,4.827341141973791,0.3683826966266621,1.6624856944893145,11.0,1.0550533935224742,1.9145178656502075,0.9831104412554599,2.1276003939510977,0.9190172773320007,2.1270500704337922,2.060337582934089,4.056991483553461,0.2611278160043336,3.059323126983152,3.411757686619909,3.7915024927367726,0.2350778363091743,2.499176267144965,3.0,6.393294993018042,1.8353955244819762,1.3925496900583905,2.1373910421648934,1.0400886560212113,2.2774243127448903,1.8724553419281742,3.9341743805178253,0.2567047389102037,2.8063514981806352,2.519709180499665,3.937753665707146,0.2835050136755365,2.15924742772005,3.0,2.218451261996774,1.4710562537724534,0.8760666014596282,2.1342019002084442,0.5712784322533236,2.2289392688637966,1.0129894779790787,3.900386515602177,0.1714277183156567,3.1991298132472394,2.066984953691964,4.138055495140916,0.3045386735991081,1.9978923401917106,5.0,1.8384535803910942,1.790262762457596,1.033460826880797,1.965853938498206,0.1798953002883925,2.304947796779633,1.0748060887033544,3.9407942494182304,0.10993870775938792,3.1872554594860336,4.212542042870665,3.889398890351053,0.26980241098754343,2.2336411340117706,3.0,8.366288710200873,1.7322337734330122,2.0991498357716503,2.285145211098508,1.5875106387323727,2.3067287676471366,2.6583594799447727,4.022112933106976,0.332139321108554,3.0725476183470604,4.016470635523239,4.142272517604648,0.25662048992884445,2.38080971317119,5.0,5.959423491841928,1.7652447054690847,3.2877609407828436,2.2401580404498485,1.7472131019601125,2.147808767409474,2.426831354027269,4.039980312821999,0.4666922662555427,2.899072373143711,4.040834052853899,4.516296574713889,0.3265505989587824,1.982403955401473,6.0,5.134376436015209,1.9818627191245426,3.208751506622322,2.153476699955792,1.4416352204815719,2.0831574102224977,4.42378237313406,3.973356932289169,0.5092712839333611,3.047476184404753
P27,stack,1,stack_s1_23.000,23.0,25.0,False,5.2220892373650205,4.305372460092145,0.25682189983649145,2.362488055006253,6.0,7.026581568100267,1.8408840326941485,4.478886845246662,2.2358016141564274,5.041874912477373,2.157283850759606,3.329166213597135,4.057466270258811,0.6301404203837775,3.1430230319050287,2.4300944818299106,4.485914056298356,0.3563872646876201,1.65763984068675,11.0,1.4103790275049677,1.72587111943406,0.4630782784709569,2.2589008737261724,1.5481145063352746,2.0218988569647505,1.9284527836408065,3.8569505807732014,0.1427313742557773,2.983369263016849,3.5468706666045713,3.7837618695598825,0.21919890662251953,2.532648658444262,4.0,6.445726665962945,1.7651976491070254,2.3062930073596566,2.0891562529111085,1.6324045547971258,2.2205973054423107,1.7018183176545385,3.6737778204346463,0.131360544745176,2.8541038041088482,2.4546179132696575,4.1152943959112775,0.2840837410396404,2.1670490191887133,4.0,2.3472805464322244,1.859037334068655,0.9944976333318977,2.175282819445526,0.588527549239822,2.185953865153841,0.9737048534489323,3.958275403039125,0.11374728819656585,3.241453864747914,2.3826241266331873,4.409202573822356,0.2818965017918597,2.0779501978908965,5.0,1.3924600867740284,1.9502275993372868,0.6848224490536244,1.9459047177357778,0.35884082717712895,2.188697786754409,1.193927947528225,3.920909095558455,0.11467277193765751,3.2334585041348696,4.114333700750357,4.203270418491509,0.2717377183408747,2.0995027574005567,6.0,6.584495588292164,1.8782000135681174,3.8330814831962967,2.174246193532023,2.545902515758198,2.088549903902875,3.5498074872945122,3.8250582601904215,0.2741830442166526,2.4783189521628013,4.0592080644756,4.110777047777289,0.23795323958554598,2.362565737570508,6.0,5.238662240192044,1.8413510458560525,3.6824791201269065,2.26229171754459,3.6163920442855018,2.211491577881537,1.8679354297476702,3.6620756712923916,0.18021098787128478,3.0764985066151267,4.1066314833288855,4.3765742061163015,0.3134619545962025,2.009485998459319,6.0,6.984184546970649,1.82042755543247,2.565044192966746,2.255842386818792,2.3067044314026117,2.3096747428738915,4.711275308400508,3.8197753095944726,0.4739493090347749,3.0980335459069774
P27,stack,1,stack_s1_24.000,24.0,26.0,False,5.167714180835408,4.313835604646778,0.28589382666018315,1.9651616849424816,5.0,10.990103005646112,1.9643458224970567,4.914350481148136,2.1493749598307605,2.905296901039826,2.208397869396025,7.191661200309464,3.7716495386388433,0.7095445335262931,2.669833389653317,2.3707434938428937,4.874924907493856,0.37042587048416425,1.6168672255053396,12.0,0.8954067878891946,1.9517770687508027,0.8426522976357502,2.214173777199957,1.2824075684648415,2.2037639949771335,2.2993235818381743,4.035245221950545,0.2339729980188304,3.1399669254560636,2.899396843960643,4.32718518033038,0.29244435163359495,1.9540470287805647,6.0,2.8252874208809846,1.9086039469429208,2.0622900545193024,1.9704880922325247,0.9257526781408147,2.163677149753729,2.0535459384736527,3.9062181516625665,0.1583636925771711,3.085959094051834,2.130607996136869,4.478957788768928,0.32475765330199774,1.9144070346183268,8.0,1.6920005347306937,1.8966802524102073,1.1555149949875176,2.1864184887289437,0.680234402895151,2.1009033271395072,1.5362434705643278,3.8573280454501147,0.12345718838874811,3.1074961307113567,2.275570592203619,4.429444435432239,0.29446714996533324,1.986698908560916,7.0,1.4098900429322099,1.9137350425447726,1.1712445462137588,2.110566999946623,0.4864812530069446,1.8389837910045075,1.4623203649279686,3.7984806321135904,0.1447093520671414,3.141297982385092,3.900539086089732,4.447954227918851,0.3071072994334249,1.868755132283001,7.0,4.682983794368226,1.8342114653876727,4.313344202831999,2.02083306051917,1.4647793769586295,2.209905872446561,5.0970763580535206,3.9020463433046655,0.32005552867549497,2.9098475701707724,3.8535263575281453,4.4435608932517034,0.28857656269299237,1.9171948572834479,7.0,3.4437748203612863,1.9020708313592987,4.618346428437356,2.279832312518034,2.465309645596452,2.2163084842602547,3.8018597151197153,3.764314089580354,0.24778122932848187,2.8101632735991138,3.8546433955853487,4.71310451756075,0.35900070983632576,1.7444102791234248,10.0,3.0912587789017083,1.555624516776685,3.8906854018533785,2.203095268863652,2.7324463620606965,2.296176206242732,5.301903893330903,4.060380368566984,0.49116654251180963,3.393556343287511
P27,stack,1,stack_s1_25.000,25.0,27.0,False,4.683825963757623,4.458715947095924,0.3215292084862079,1.7305171057355448,7.0,5.249582646062254,1.9162087500241463,5.2154183614855505,2.171692654966257,1.0387959973330552,2.2584352812937047,7.4705553614024165,3.7255415578473454,0.2642071023085572,3.037763934469393,2.203102574910648,4.641529984131978,0.3747661154034874,1.6569528105988578,11.0,0.996735923289709,1.4636548180137743,1.1487520382478187,2.0371041754851946,0.6391324247460952,2.267406426282129,2.05836363689,3.841899135948462,0.20125890425073112,2.9973403122839906,2.5488186005339886,4.475802132517538,0.3397523590914741,1.8120858870637175,6.0,2.0302050055422187,1.9454945681646088,1.4710513663719758,1.970551515027595,1.0680962588600627,2.0607679604795885,1.7038295923362854,3.9253012178458406,0.21422425807677745,3.234693611519754,1.8768161146074107,4.64034373958719,0.35672066644690514,1.7692924750422085,8.0,0.8411553229630703,1.9260290515868588,0.7360858434745482,2.282368639775476,0.44239469564261513,2.059955060328079,1.0212722584415648,3.6453128879542764,0.17461544640151522,2.93819374734623,1.8414829631673413,4.2523169324172745,0.32725871732040035,1.7598767355370493,6.0,1.0785747761765672,1.7371855516600243,0.5042451984246886,2.274492812923215,0.1438499111187757,1.982325263200635,0.9938461741077402,3.7679044361706504,0.07887050828911267,3.0287444871757665,3.5300242031801115,4.688200927886732,0.3545870870543239,1.747091782340587,8.0,3.010737172032071,1.94431249049176,2.5160010441112717,2.207745446926819,1.0310697825939883,1.9278060615170993,4.312013104418374,3.9422924077495427,0.44934460710661145,2.9611807598197943,3.184611070379449,4.620953167279427,0.3403980107455764,1.7266063623413594,8.0,2.1203192008749365,1.9523890550561211,2.661567874195671,2.068912154801336,1.3836948811014838,2.1907168001238007,3.2222251834865014,3.946763769982584,0.22631199970777166,3.1880911104362375,3.431863126055189,4.918898147492038,0.40693687637707776,1.5903176982934746,13.0,1.312491050813989,1.9543789588978129,2.8877159864641446,2.2726206406685425,1.3933706421736594,2.1940359877388316,5.438794299034366,4.021613962890248,0.4610526241956008,3.0908971494843844
P27,stack,1,stack_s1_26.000,26.0,28.0,False,4.6210081460049315,4.175664186030256,0.32303895747472977,1.785745047697588,7.0,4.02746527244395,1.810854456064257,8.897372191129671,1.9720342771517876,0.7790716801392085,1.606191739167937,5.286787827465368,3.9901064387120986,0.3240540805851037,3.1447401509259287,1.9791807657690348,4.832988437578295,0.37617344627152344,1.7598259283336963,12.0,0.6848232356722157,1.9035415427812528,0.7627443405446032,2.0281751111738453,0.2940472595560579,2.1065977732986716,1.4709155597203774,3.847342646676442,0.24361158735325672,3.151634863430241,2.3251037923606934,4.563273188987994,0.32873603395645773,1.893585499964418,6.0,1.4092120011069438,1.8844831637162744,1.1614780171600438,2.1388007254742507,0.40131821926987415,2.229413500083162,1.3240624668529475,4.042279226915634,0.13809724752824534,3.1842534458093406,1.9189155314201918,4.522730044320533,0.38356980529793516,1.59626939219987,9.0,0.2183897230073059,1.8414716328901413,1.259370988284926,2.231014271157915,0.51601180482508,2.1618154789818016,1.1181706204852069,3.6705504824516217,0.11384316840588338,3.2734280681937027,1.8715644757646124,4.511641625767201,0.3232258203378766,1.725370662638296,7.0,0.6837262671409234,1.7791804379881397,0.8089235324924866,2.1841365595381657,0.28597452724955374,2.0436673316953424,0.9373985303511594,3.848128573457549,0.044866409260634336,3.2983232873275945,3.47559368360205,4.461767050680191,0.3924638808398049,1.5472327431091404,11.0,1.9295516900726368,1.8607484563229155,3.4323184870784362,2.0436893528843756,0.46411957756378447,2.1506388492611332,5.178563494891512,3.425122130418052,0.4811480669346834,3.264714880505466,2.919581286053478,4.7729887915917475,0.35374470261606694,1.80231315440857,9.0,1.0579253054560396,1.9692957430187625,2.1081517685849307,2.2395342312057736,1.0414567524862113,2.0610565467694104,2.140161311746337,4.0689692273664955,0.26912354730328397,3.2226896086509695,3.008688041303116,5.095119042191453,0.4427733960786209,1.5515051635398405,14.0,1.125715521552995,1.834632484963632,1.7259077330031356,2.1517883900359407,1.0454691332897499,2.2756824367045705,4.359039204038528,4.119759286756551,0.7226551097024765,3.20102477906793
P27,stack,1,stack_s1_27.000,27.0,29.0,False,5.41675361335173,4.526743174548417,0.27385502758618585,2.183011639183237,8.0,7.340125248587124,1.7199773709376176,4.087631305714443,2.2019000960220936,3.947567759108056,2.2714580156965627,6.2037239431271285,3.9406419457560307,0.6624463424112783,2.9941555446786454,2.0615925463378884,4.833726309342697,0.3983738577447539,1.6061876648597646,15.0,0.6323071977071496,1.7930416210255444,0.5429313489016195,1.9853035755849298,0.2515879748667554,2.1460325079681306,2.1801654981906524,3.8296122479894676,0.19713815335499446,3.334729744514351,3.361340625031278,4.018628070386734,0.2410151687286006,2.5222036787059596,4.0,4.669334738789847,1.584802973127025,1.5691474851271954,2.108856558914501,0.7412912420274969,2.2047785197021765,2.4159939198313136,3.8961182529442313,0.1490038266168171,3.2441138580004347,2.294495232934146,4.5596152239145935,0.3372833343350101,1.8606905232198303,8.0,1.3450909033476035,1.8387432983565721,1.5159458097707859,2.007298077674642,0.6703743048694575,2.26477436572959,1.6887825071091527,3.9288715485113737,0.22978840270742085,3.039251063956075,2.2646895166583585,4.531115763947908,0.31129405399269044,1.7665317860237915,8.0,1.370148856023215,1.7545555192369275,1.1707604142110861,2.148809946358402,0.4303869034393379,2.21648163890249,1.9008731554836868,3.9499561524345497,0.05665944220739594,3.1850284095587527,4.7681292152176,4.084640111452854,0.27527967119079305,2.1077109179405844,5.0,9.52774640512527,1.497859222469085,2.8806891175070106,2.0908941444582902,1.8376824064886281,2.2880821538825686,6.085076042140262,3.6706855096357303,0.36282324510633523,3.0746296677020255,3.9854143368373576,4.358799021801849,0.29731821828876465,2.0788253541599446,6.0,4.73163959455094,1.7150685986683887,3.562465365751167,1.9294478874241032,1.9375179892610213,2.203803387725863,4.129891282274559,3.8423321793956093,0.5040112890322362,3.0352825702923325,3.7505277661994643,4.94587345649967,0.38713699699316123,1.7273561819467598,12.0,2.3048857585581732,1.9324854665739681,1.8260655514778414,2.221883585340185,2.9050318645406055,2.275424379427209,5.9157922930567395,3.898338620041436,0.7966812414381297,3.3320969870711075
P27,stack,1,stack_s1_28.000,28.0,30.0,False,6.92753009488195,3.5224001236195623,0.2224265701994984,2.8650401306417845,4.0,33.466051043650815,1.9591466560790192,12.786352365783461,1.8778940829207391,3.41200449655924,2.1551621298196033,4.4529922860835205,3.98774484295121,1.0194602044491998,3.280313158369045,3.33545603866996,4.153161319634844,0.32566953636785945,2.0625111118312955,4.0,4.268304117047013,1.7369669289656502,1.1962825325688209,1.9470499828616703,0.5812974835226825,2.2352166562040043,3.101354782238835,3.872751013766603,0.46443558182934164,3.1213931529042225,3.8605609188217853,3.0315026080601433,0.2608256533783854,2.5066175855924535,3.0,11.9676277854718,1.4630058384410725,0.6454640782764082,2.241897002442938,0.5062877017798224,2.0205004555971113,2.153166338585985,4.038804225109719,0.41040288642900374,3.347390334829378,2.6931904203795,4.335651576258156,0.3190637862041931,2.1423983554299872,5.0,2.382655215316454,1.8381133876212599,2.147910243247367,1.995409319120394,0.5477728531393302,2.1431550759058817,1.4377670802281632,4.058718127446799,0.47897678339821287,3.0927631686443937,2.4922959810551455,4.30879999203254,0.30725772425780395,1.7908971405351397,7.0,1.1544492516194422,1.7529666472285148,3.0967182186778968,2.1780903330254375,0.7745943780919841,2.0827096021726206,2.0334826557632297,3.9470315696645444,0.047605593453923456,3.0434236039048863,5.074296181449719,3.802030236804064,0.2708866758706662,2.268024855046938,3.0,16.71103762981078,1.6073272934680196,2.4903788341890536,2.21439766082978,1.4945819148874633,2.245976147993179,7.224612926160828,3.8820228777925987,0.785999665210935,2.964012153835282,4.730540108345087,3.9594194894908195,0.2922233417096561,2.33603003540325,4.0,11.225778476171346,1.8537894516045919,5.178427651677854,2.119744532969,1.3177668498727897,1.8467199694110066,3.4729764694341343,3.9352903361446496,1.0924137596759937,3.195927720048564,4.969668274865502,4.6110441359976475,0.38514013344652287,1.8637080412749232,7.0,9.311848084866437,1.8807217274651111,2.194270941685528,2.103187868329503,1.7276512690422194,2.1998289556108177,7.294023604371737,3.9837416911092616,2.2823007822218604,3.277135967582476
P27,stack,1,stack_s1_29.000,29.0,31.0,False,8.507948333953555,3.4899124082106776,0.19992890880378605,3.0919491772064442,3.0,44.58588563941959,1.9221776619075586,12.970063506023191,1.9026153375216948,3.8129552268094598,2.265351881068886,6.914778994030769,4.034230586929554,0.8253913774337748,3.247914435405115,3.6347724505987395,3.9421902815277035,0.3039944010287112,2.2375596054051097,3.0,5.697637175879062,1.7248590946479343,1.6157700037978717,1.8973495323256762,0.6956488855696654,1.8313769512741271,3.039203677696969,3.8340805762855954,0.4068365811614395,3.0186765570347753,3.5814645466073673,4.294484312894606,0.292905068497374,2.2114176865830655,6.0,4.311813429440976,1.6518536762279474,1.0854972937551377,2.1909892401691335,1.217561041590214,2.198878634037052,2.857687651631097,3.884811378736882,0.32729652394685443,3.258002445665145,2.7112441737859276,4.618125131603167,0.32614949060153064,2.054343436596629,7.0,2.113772694240098,1.930484873353908,1.057214920629027,2.187173899271776,0.6403105568312292,2.2107512720709668,1.9332949394892347,4.016612018000268,0.42710179766380235,2.942445802345126,2.536843457164589,4.340938734148253,0.29822170807843906,1.927182645879223,6.0,1.4744397976217256,1.8577141915567519,2.0741779558721816,2.2025772312752605,0.7952883813747593,2.1680048205372926,1.2819220624753611,3.9343326877491966,0.10313137994344604,3.268934432105436,4.624081008654696,4.190214801257797,0.30895347072262974,2.0390918456890024,4.0,6.897999787059463,1.5513939125321865,1.1214042269295237,2.0288643823244406,1.735926947072062,2.268851324802647,6.046654593904999,3.914990261570892,1.014332523283086,2.7575700664208402,4.624173671903566,4.114222652933471,0.2963034453325318,2.3617726779614103,4.0,9.222626667851728,1.9310447055830309,4.328878727072964,2.0048133706089692,1.2517954008492298,2.0835758313873654,3.5410612772010377,4.05402700066758,0.7811623487707338,3.043394496336577,5.242115447862844,4.5793843154421365,0.3860780531423538,1.8598237743765378,9.0,8.658774908901158,1.7358273858795004,1.7637587078118857,2.298757621635707,2.7686635734253375,2.2498641636400114,8.985712940383662,3.949963892239099,1.3372916174149552,2.990309480494315
P27,stack,1,stack_s1_30.000,30.0,32.0,False,7.153712208598628,3.478398573072213,0.2169299420159222,2.7448886241869572,3.0,27.221927095653573,1.6669083487523106,6.32417905701395,2.210972660867433,3.7856801196910297,2.2978843762962438,4.827080500353473,4.069682333780666,0.7645135422298107,3.0458250749622113,2.621061503245415,4.605070315212592,0.33498804026857515,1.8545554759626834,10.0,1.4972980677941874,1.8159390321424493,0.9635634035901534,2.0233413971007126,1.2265525737974898,2.2096201669282896,1.79906053287361,3.6809181578663153,0.24340945514005102,3.387927292425563,3.3685963466185846,4.079467478560087,0.28920403307638215,2.028316222309279,6.0,4.844021933279032,1.5064367722087857,2.3442685141729434,2.0042639226787307,1.607568615313568,2.111622518556183,2.5308600901861196,3.84142699414421,0.2287462230875342,3.2452626237520774,2.7470707111830612,4.41916602155988,0.30637592172237865,2.007544276678597,6.0,2.193709072048538,1.7312364068005839,1.3205546217464637,2.122906258922178,0.4906711529017289,2.100278991597016,1.9048199576579277,3.8787025559331467,0.24121797927598207,3.2382404812571073,2.6040697189518007,4.290880668770212,0.27853600096466746,2.10371663346731,5.0,2.4534493776534125,1.8844567904176446,1.0488963181339936,2.3031147000821255,0.6341738093730684,2.119662472540974,1.4947250698409322,3.9728692446691016,0.14265980305390263,3.0379281199002746,4.484450827647539,4.035595828402607,0.2746680846693272,2.1928132682403128,5.0,7.714443065656628,1.588993990961182,5.12751210317833,2.1635867937602438,1.839776513499039,2.2215901782561778,3.861598976982173,3.8018850784411544,0.3929945382058821,3.0809825319530315,4.039416783246633,4.142809702208947,0.2863879565452681,2.158464832503165,5.0,7.108433342551479,1.7153658849003939,3.4885482914649053,2.260850414110925,2.2180304146656744,2.2436247654941206,2.965541529201385,3.8944621680251297,0.5152254244884398,3.2182053324061277,4.1387760289272775,4.772510662930137,0.3980962488862739,1.687939562462011,10.0,4.605440097699462,1.829013727136225,1.5972073496650843,2.2700636129879115,2.16486092447407,2.2456056202861725,5.506992818878062,3.960797147708014,0.8096030681560488,3.3402008104067673
P27,stack,1,stack_s1_31.000,31.0,33.0,False,4.632761326302783,4.437808817999512,0.29835226909590423,2.1481522273397915,7.0,4.648353951493765,1.9135429828112445,6.036424594303146,2.1208865572615023,1.6148896466654032,1.8092466672462466,3.8875640739402075,3.955697063266816,0.8316213767179405,3.307646355797564,2.380510206535949,4.735792378464426,0.361177123344941,1.7089770356784906,9.0,1.3484133150441209,1.9362936559090838,1.159564833983998,2.294293891957117,1.1304924041373863,2.179605747775412,1.8171189359535835,4.044213732126872,0.21728822128220723,2.8566456676330634,2.8578578555690672,4.590529786999975,0.3169021646567796,1.8777105751577712,7.0,1.6621753086735076,1.8903118001707189,1.8570997491309178,2.0742794355753498,0.5761991017376629,2.10617708005687,2.4261859529160024,3.738446746649192,0.2706291310173819,2.9876377985759675,3.131000483485831,4.1079894756520385,0.30335710507282665,1.9528707133325933,5.0,3.714199523748279,1.952990118849073,2.5162959583933366,1.8558260848473964,0.5415318214684819,1.9165354375391899,1.7035943707852172,4.016223792258416,0.214291494806085,3.287841108775699,2.921864818406899,3.995690126281888,0.25462043341672264,2.2784632950485535,3.0,2.69030866842409,1.6769831642956756,0.8021353853236569,2.3020008240381182,0.43138280979493415,2.243828382705611,1.3936806372800963,3.9190259429889296,0.13319129211635286,3.1380343014008645,3.79324798046737,4.3687356221539275,0.32412816158228563,1.7887642158627823,7.0,2.450668878419381,1.8264725057384759,5.689120950632117,2.1456338058597915,1.0660796397902454,2.24821891492059,3.800108474418134,3.984209983372164,0.18771478894593283,3.2577077671642027,3.311690739433703,4.574386657342494,0.32950594449922466,1.9622626995172756,7.0,2.5407576823044886,1.912373889519591,2.827000796529554,2.2008593599553774,1.5207607162030234,2.139615116761452,2.2423999660513143,3.7751659710773957,0.5315169430081287,3.1705611922847186,3.5739175570850295,4.875208551133977,0.41500713614030255,1.5717087538463181,15.0,1.5995836629022642,1.9651742324620394,1.9899758748715117,2.070061428113962,0.5840224711187696,2.1272019488792884,6.253573845259061,3.775852590754748,0.7419334378921362,3.1787658104396264
P27,stack,1,stack_s1_32.000,32.0,34.0,False,5.550264408686123,4.042359408446624,0.2626880474837979,2.406241415482575,4.0,13.350680142076019,1.8060111173666493,6.3069814130602,2.2950359765480437,2.69544553495124,1.9612071802364153,4.598450255747752,3.7869637531754163,0.9593054772654793,3.164533006910217,2.6325598821749496,4.602514932631773,0.34461943713047377,1.8152545737956383,9.0,1.71329101917774,1.6467808243350635,0.866550959994763,2.2769082565344267,0.8124466161653279,2.2093930678075044,2.3083046005233285,3.8996281088518847,0.27605508483680924,2.9548983799843986,3.1961953703279216,3.693981193026034,0.26458492108392967,2.2664801138314807,4.0,5.889865179504929,1.5545304786545031,1.5541395458571865,2.176191678746319,0.7279776562502608,2.0564060087652813,2.1912141954594726,3.4451965664685704,0.23083015078012104,3.305354097900677,2.87697400627807,4.196036297023522,0.3143259704456603,1.8762737098950604,6.0,3.135895968483484,1.6591133913713731,1.8634611793631746,1.8058414688463287,0.5316450890504855,2.2377418763106296,2.691377470713833,3.783556175670882,0.16065156864079116,3.1396462228637443,2.559569410883492,3.9156987572101074,0.2714056795865393,2.14515537535159,3.0,3.4474273846933876,1.7666571569618004,0.8082080248142548,2.217895463517519,0.648187121114183,2.2798090062233185,1.2968302265413998,3.8796491128205695,0.16958373316699274,3.0138996902145267,3.6816882956121586,4.210888501712069,0.3272081796670347,1.8298187327163968,7.0,5.356083579030004,1.566007743860613,3.071111697456333,2.112847409393859,0.9357117919663878,1.851497369466288,3.757076463341661,4.0338285531350975,0.46259907388154653,2.9150720650432067,3.6385010159417646,4.3443287961732295,0.3074698800761278,2.089341933688365,7.0,4.602157703992493,1.7931691620543089,2.559997816592415,2.276306024494815,1.5599543463046381,2.0371876322230644,2.9547953287338045,3.7432709954907186,0.46523959003192167,3.075770428024191,4.242050196145285,4.307991987278856,0.33959364781339685,1.885982086762472,8.0,6.776280826049237,1.563974565083599,1.8440251556089882,2.2635810127053766,0.9144950918992277,2.3164010888608244,6.21898678177163,3.5401756252641823,1.0836646074621128,3.1662585927852276
P27,stack,1,stack_s1_33.000,33.0,35.0,False,6.747358567295107,4.032372349412286,0.23138122509620968,2.5520384937475993,5.0,14.074803870332087,1.743626461743456,6.876849676305417,2.015040663773937,1.998311845291049,2.2319066162460595,6.42617616047011,3.896179821000357,0.6745580639609088,3.2759098259964925,2.6120376564072996,4.657645750483159,0.3425623782903727,1.827774788578294,8.0,1.6642973751176724,1.800560035554496,1.7446913547248744,2.3099387808613043,0.8048297350794192,2.2515994452864447,2.0841081388966707,3.9166696441466042,0.36570723208228584,2.9997789485036663,3.5068447822023314,4.02990460872479,0.24796562294131785,2.322186187899067,6.0,3.6371368255882026,1.7589511211021174,4.473797727080974,2.1306803771243765,1.308887377429151,2.1196307635633227,1.554900495563377,3.9411265577483015,0.28175271782725386,3.027038816827675,2.537958316316107,4.442895673532969,0.306721481008674,1.9274029873083391,6.0,2.0286145723656173,1.9175683693624768,1.412211582036712,2.137935371814332,0.6988781990740169,2.2689420951714796,1.8074726708589657,3.710858950983916,0.15113900639792024,3.1919117653218234,2.457478338523044,4.016224326248621,0.24300620285679184,2.301169203890882,4.0,2.530994495786133,1.7901693018948794,0.8793120892453533,1.9572570815812793,0.2676609207026887,2.3144123089473148,1.3655596776925847,3.8023767846887346,0.06953544216701375,3.0477769543450712,4.114011342470313,4.391610513163287,0.2888414438494407,2.0068634738884605,7.0,4.246414607140448,1.6722084970255968,3.311557004578196,2.2128721929253605,1.6846236333559195,2.2506764455852935,3.8883442935380566,3.8059635403672427,0.2720239578665626,3.2683450335048936,4.7390770471589985,4.260114488684528,0.25162109464426985,2.3377634387533472,6.0,7.048635633327771,1.9603297906315293,6.179788336447412,2.1915239776180346,2.817709967845497,2.2115851600297165,3.5941001497039324,3.814741701246743,0.5449571130254316,3.127299252134967,4.3513232198075205,4.448076927395353,0.33353551361205935,1.9887144606367901,6.0,6.20290838747557,1.8599879060784728,4.284847240498188,2.170371597900722,1.0341526959465421,2.151024097071324,4.338116166928814,3.8689870091276966,1.2309696149631797,3.0211015940080794
P27,stack,1,stack_s1_34.000,34.0,36.0,False,8.739814952999126,3.304568541601135,0.1785598761408157,3.0748494050746773,3.0,59.99820300684024,1.8262290329551907,17.73116059608239,1.9432552605315885,4.703612501911178,2.2575679785164007,7.293570704654799,3.9124052623686607,0.41700720707552774,3.149277706566622,2.9019497477098453,4.582356313418894,0.3331545543895997,1.8107545292805807,9.0,2.307376398646151,1.9318408837260632,1.7660149158584204,2.0287124757845714,2.253940178653305,2.159992193220692,2.8649040668875294,3.889363109882992,0.3685211056095822,3.134727012882194,3.773077748862425,4.07661097060191,0.24953959820155927,2.22910664772105,5.0,5.622920214017114,1.9349484952651503,5.588063291304435,2.1943174139974344,1.7666625139819927,2.20232399508501,2.502987006619567,3.771918162183345,0.20424576483188892,3.162629670895654,2.563588006188475,4.42033991519185,0.303649492356424,1.9849841944615314,6.0,2.5817975794007344,1.9346241305302452,1.8594452288670424,2.1439886229066856,0.5954881734157909,2.3065455919596807,2.208730764706157,3.919455614187921,0.15894410549335636,3.00759863825776,3.0809480438399053,3.2533532444979163,0.20361900542391387,2.765869235033477,3.0,7.3264677788344805,1.8052402210354275,1.402976613888264,1.6660389660735455,0.22993166857362177,2.205386983614947,1.4155461877591724,3.8421643903300047,0.06469163459283306,2.9343770019747946,4.4010121688103405,4.403591958281585,0.290164630934223,2.0087883360027368,6.0,6.620745049850755,1.9533954127450357,6.955728246487798,2.223651727885076,3.2795829732587936,2.17549677005263,5.350497182309497,3.940651036000371,0.36535990549308284,3.1176375448517337,5.510235480712754,3.9095347557635884,0.2255848077914723,2.6111846424047047,4.0,15.19914330924878,1.8250017991100678,9.05678812579015,2.1658667479444107,4.244979614852894,2.1343343938231896,4.564710978293337,3.8660177396263786,0.39778065514773964,3.3045896175988134,4.933237815679457,4.468138691031902,0.3362740151911683,1.9897906751255183,5.0,10.8569622416723,1.9348310551809405,5.544588662213725,2.205084475008594,2.935080631290707,2.293823555487137,6.6922997882176825,4.000037923231792,1.478152979623089,3.245373356277273
P27,stack,1,stack_s1_35.000,35.0,37.0,False,7.700805139158652,3.305572844034051,0.17497316265457785,2.940986679920652,3.0,27.658202656414858,1.6211518556814466,7.469206475467451,2.2772460162623114,3.2104232409567275,2.145733278149363,3.9675020372809944,3.7615271160760178,0.2951359095775601,3.18061978012856,2.8384121814809995,4.523119075362,0.3245226139780752,1.798473839164165,10.0,2.0284589021661183,1.9932681997256472,1.4935706105252484,2.15541691732237,2.578328734087781,2.210607169804174,2.7753505460396632,3.7227863871869067,0.26296285299941885,2.991099288965077,3.764263445251233,4.000492500241629,0.24142320356077296,2.2582917928271873,5.0,6.613488614194589,1.896827578155583,4.977791200073996,2.1924281759700843,2.1288909481171743,2.2217908459524365,2.3261035762081845,3.83501402323921,0.17781103961089192,2.9023625721361483,2.240186459925964,4.567154154328232,0.3194749298921882,2.007624564046124,7.0,1.2668827759828054,1.9286332199673855,1.286623260120525,2.16355473320386,0.5179310124789618,2.091888779635438,1.0678468896576925,3.9982984692956203,0.1905370853081411,3.3693645242168553,2.734563425145813,3.6165065851371936,0.24556940661211046,2.400668340302135,3.0,3.6701917679884355,1.8724021195753149,0.5729011354404155,1.703282541125811,0.19355399783396932,2.1771844970889753,1.1228127951376885,3.847623183475748,0.11382046505742689,2.8737165085890166,4.044600931286893,4.310389193999227,0.28679205752257303,2.0753837329001907,7.0,3.7437530452670784,1.7608713419947257,4.473079911689755,2.3101885513525975,2.004098093955275,2.1555566152224395,3.0417422104155403,3.919496525615918,0.20076437475522227,3.020578958999553,4.891252525514495,3.8384782411468152,0.2344185105172439,2.5026089953317014,4.0,10.405535501825048,1.6939323194305334,6.542248389079358,2.2595340330317937,2.6461987566659806,2.1035632566535027,3.1729782139485514,3.7046904037012114,0.348931277402064,3.3148979961257234,4.853138034312298,4.479728530152324,0.33579074778370577,1.9683525951752754,6.0,8.58088480584263,1.8554738422573598,4.264805147717443,2.2782265581249184,3.9760012942094285,2.3010572118834074,6.2702331161769775,3.8896345406372714,0.9427932361509702,3.229352611978724
P27,stack,1,stack_s1_36.000,36.0,38.0,False,4.5235973596450165,4.238860953289317,0.26897649605176654,2.051048568241318,6.0,6.284021856610082,1.8757018215618253,6.193429355698793,2.1925140281688256,1.7698359488624273,2.286092909655436,5.144668805427656,3.6641567384702802,0.22610942692718852,3.0942036103314794,2.577758292999169,4.508373719508954,0.3125670782857981,1.8805813199377406,9.0,1.8681890584093561,1.8259160085530823,1.2534076109650738,2.136855952268795,1.9150875354624992,2.2885175586961584,1.8886467513319538,3.766779033802477,0.17979991594210445,3.200845978677287,3.0820506068280857,3.8649324181107434,0.24199051976948324,2.370001761074033,5.0,4.779509945308158,1.792284216671158,3.068437003334227,2.076242936248383,1.0730483243072961,2.2707421230530254,1.540122421447747,3.928778563115231,0.1383292816899336,2.850631004939196,1.97626115635811,4.518072237011167,0.3412829243587299,1.9039060752247052,6.0,1.4991459371017224,1.950150891388256,1.0905022241877886,2.11962916095243,0.5278525444184816,2.173783714432215,1.0439267786594248,4.092813814004839,0.17413268523507858,3.2809603335217945,2.1179816271774157,4.230094636467684,0.28893125556698673,2.029883418128822,5.0,1.4150470314643209,1.8640911464761878,0.7580338475563297,2.2617842633594814,0.38423691574322116,2.296208832134774,0.942486122553688,3.6400057074361136,0.06093103842641412,3.0051018209725546,3.386363423033752,4.063627867988144,0.27916627029058644,2.2675410812336034,5.0,5.733980782433996,1.7711663820999397,3.2692459941211753,2.265948390798697,1.2890621584181032,2.1637516718228205,1.9484047358554417,4.115193076616242,0.4126669927662481,3.0412985265816865,3.4281651253212035,4.249715236196989,0.27018959526930436,2.254836277637498,6.0,2.7804827177574607,1.9745634601916187,4.736596172800274,2.0787199627374986,1.2530523395317392,2.2633007184011813,2.2092430409655197,3.831384826573033,0.2767418949012467,3.3370257291522862,3.9169811175740117,4.403553979406656,0.3461226996607704,2.000520360130948,6.0,7.031424100039626,1.779354615685167,2.4591150846063012,2.2743400993059995,1.4040017454765785,2.112102112891875,4.344708363838391,3.9935612307070754,0.9642690185987985,3.100726009290299
P27,stack,1,stack_s1_37.000,37.0,39.0,False,4.256267870110746,4.422673711189307,0.2868282584881126,2.0459685759098423,7.0,4.3303840758747105,1.760904800150595,2.434797091255275,2.218526854913139,1.3620859230584783,2.2113419629218716,4.313091542849036,3.8693170868399585,0.26570250549825025,3.1121286332469946,2.4280411159563515,4.384585069168972,0.3116987997200891,2.0457590314095544,5.0,1.8693158615009824,1.8510884075881977,0.7166146383587197,2.0978235269948815,0.5256316303903427,2.268260879262265,1.41623291779331,3.9893039535953814,0.11820349277694796,3.3213111564299336,2.6417355937388773,4.288817466791713,0.2751924046180737,2.172204418302924,6.0,2.0573425633915985,1.8601121472272393,1.9655984805874256,2.2413011456151617,0.6906496612481487,2.1438318586920078,1.4511573185163582,3.8357579932571095,0.10134621951322167,3.2533749953921594,1.9474707412885628,4.624742972658462,0.34294849331488725,1.8485241221144064,8.0,1.2506465960408448,1.8042583863302373,0.8547547357654206,2.1985242551684463,0.4419205657726273,2.216458583121178,1.352130752207559,3.9939069845657804,0.14305319971324304,3.0849982403935017,2.0542784122305893,3.9206087334257123,0.2746858690923188,2.058468074929127,3.0,1.9323290712781955,1.6588047143892926,0.41066359712510914,2.2168998193172023,0.5314814260042734,2.2431135195142065,0.9064352839088863,3.957764868641048,0.03805110859834866,3.19256986598505,3.157932772148022,4.60045208980002,0.31508679904936754,2.0114442596369995,8.0,2.231084269668867,1.8741689095068519,2.205114701545533,2.101555250723832,0.6955753556018199,2.136759387559403,3.073554690549554,3.8677878205535126,0.27822096588328127,3.162242070280045,3.758283010143263,3.8662102920517425,0.24889982199520005,2.4594011838428598,3.0,6.49365524054209,1.6987466789943366,1.7075391925920296,2.2418691399909085,1.1569705581665328,2.30620034738337,2.229178626493772,3.9456151963413353,0.2112325166397802,3.2903111644110834,3.3909702789647143,4.78173867382373,0.36623528206309586,1.9436873808420605,8.0,2.1393631291460475,1.8890619149172663,1.9256918167309425,2.27343212378183,0.8489403930964009,1.8189091542953597,2.574746223054749,4.073840849793413,0.6004334273227419,3.0308444673950814
P27,stack,1,stack_s1_38.000,38.0,40.0,False,4.422681355099914,4.4760750539897645,0.29121029659620873,1.9838519901737477,7.0,5.211355512984869,1.8755126166692424,4.4804479580724665,2.2322201235915298,2.313629306305701,2.178936860574203,4.894850117335269,3.9941995709327234,0.40699026516898745,2.9107062494923883,2.3872109982223813,4.120192455723193,0.2993180308316776,2.1773801928637804,4.0,2.801283300430546,1.988158424071618,1.1049312819369188,1.9580446303883465,0.44401749603288576,2.216790341571708,1.2029484052711534,3.952138298506823,0.1515753143312336,3.133807219775598,2.4961601796642423,4.540660648587385,0.3100738744838633,1.8919695580686327,7.0,1.5786513625748733,1.863438831218148,1.4630943289173013,2.286164065733593,0.9614991119557376,2.2911354481428,1.4598742682672223,4.01694051792676,0.14773914660078713,3.237517487278853,2.0086488700753167,4.563422630024324,0.33916168291868426,1.7724075048535626,9.0,1.1254920415565521,1.7417215913056838,0.8581091118750055,2.1971011128874247,0.6872925173171385,2.1303581249706127,1.3290274030366287,4.055973977168287,0.07874286579364997,3.2548638405868804,1.8201526291022136,4.621201519926125,0.3128054542174192,1.880035252877884,9.0,0.6267833352466794,1.9742939186337018,0.49033200891010364,2.023938261990018,0.36355605484374776,2.042684795521939,1.0538874688575735,3.913782862164427,0.04900828035727147,3.119350048569359,3.112197783860101,4.675501514642187,0.33438369067505963,1.7403087569009308,9.0,2.015922434493408,1.9097407083414337,2.1680822239731903,2.303366559871273,0.9253565956705411,2.1533786557099934,3.8276317509762827,3.7630729634526907,0.18457065918922266,3.2837845380552446,3.7148333957808424,3.9326773718652595,0.27988270508406354,2.127854510583633,3.0,6.5100894389266655,1.6195458858534695,1.7864286294381404,2.3049621088935215,1.491992553214411,2.2923041047721244,2.939762434028417,3.936939276792833,0.24289450787303185,3.1213249524515847,3.1755654441831602,4.800921965069686,0.38832172543681276,1.725676128002357,9.0,2.6478189134695476,1.9840077985655524,2.1672476930825866,2.235132630567112,1.5336718432356329,2.2601703286696635,3.277416351213736,3.9757686841818036,0.5133415830074234,3.2702588037515494
P27,stack,1,stack_s1_39.000,39.0,41.0,False,4.776221005698476,4.157334858570128,0.27723840054847704,2.091754363676507,5.0,10.87642722955372,1.976903846495555,5.722197312800738,2.095852943942004,2.464039230142968,2.198596469040005,5.568512611805669,3.8840510279191562,0.3655832625721852,3.150263559411102,2.331131671792141,4.2639435677799495,0.311506684651838,2.1329076962363542,5.0,2.3835848835409252,1.8942290927101435,1.2211593957344538,1.830186698495993,0.47498100568035545,2.1230520462732687,1.366490569806347,3.928009633246909,0.15716314365577494,3.310600209815225,2.7482190301974208,4.210994795964201,0.288863084971208,2.061666016450694,5.0,3.8739262042457314,1.9110465816844417,1.5036364475067754,2.268344574502205,0.9968801704839977,2.217063887768198,2.075253526041041,3.9327892927870267,0.11347231471713186,3.308055726640862,2.3362190304825172,4.484987359106615,0.32809308311856955,1.8453469301192789,8.0,1.6570070701721122,1.8382672634761816,1.2872433377202714,2.3184275270032337,0.9747846507732921,2.1803176570572864,1.6944765645662636,3.9751066315280377,0.09386717241513556,2.9899679460630257,1.8483890707393258,4.657649232526163,0.33555592200076906,1.6793169959757492,8.0,0.8898703879112387,1.958378889240664,0.7898425457105812,2.237128906093059,0.35155109561307835,2.2921313462768462,1.1991486756629044,3.9666881929907443,0.06183917494681955,3.212910130510175,3.461285046225908,4.522189030177312,0.3325816052625443,1.828192150702777,8.0,4.097295747125473,1.927171331998312,2.311507186929587,2.2134615589738353,1.5618488640498494,2.076534197156745,4.058329858436067,3.9049088229069002,0.40783204011009627,2.7444043402963785,4.13292429457357,3.671958212983283,0.24352779871192062,2.598488078751903,3.0,10.84975127986839,1.748265334205394,1.7230092491202371,2.2374631827217324,2.5410596703634223,2.281025504676673,2.7212230004106086,3.87863239689233,0.27990573990793177,3.3316908488986186,3.3287368810509506,4.678808034276428,0.3799681051867884,1.7070187490023194,8.0,3.295794476573451,1.9657413238062602,1.9909851762620345,2.2110111686005256,1.2501235319489001,2.078800502605911,3.830103750303983,3.8908307386754397,0.38964648268828583,3.117174935796176
P27,stack,1,stack_s1_40.000,40.0,42.0,False,5.727100526814862,4.445957814372786,0.23599878331958665,2.387590108544616,7.0,6.415314067624308,1.9806867494405789,4.210144794556721,2.152110561377607,1.8708396759153827,2.2398120424856858,6.184545556831872,3.7002188228589405,0.4689418612464298,2.804085537121131,2.552547652037564,4.175175604794756,0.3046588661995696,2.181880734746412,5.0,2.878526133702834,1.9045502200813922,1.7558635875844022,2.220985793258687,0.45330904834755914,2.2177100729656236,1.0803358261520408,4.07976346812958,0.2003453982972697,3.202839003187499,2.9188694091588907,4.163925047341718,0.28558501306831025,2.02272398437319,6.0,2.8299597079480687,1.8445376247354905,2.676500539109942,2.193625693090464,0.6618456847590822,1.9887607107773349,1.6350968628720337,3.93921561039423,0.08697998927958372,3.088383118308325,2.722292503948492,4.338142902469303,0.31256230199266155,1.946402371588401,6.0,2.7175954805676894,1.8878405771161164,1.3686263184638714,2.1965187555099375,0.9397953768465139,2.0443499117985806,2.105820209136265,3.8487570806272533,0.15058485238388372,3.125086537951246,1.976179004948974,4.570380092441501,0.3192465269034797,1.7424684377714583,8.0,0.6921759264158857,1.7128978822368544,1.0549787455486819,2.042931696130665,0.3233723323765648,2.124154210764486,1.352395901111194,3.9734535141602114,0.08138756276944417,3.0358518129871492,4.02801580787222,4.622642367865937,0.3258713282703339,1.7955479299790664,10.0,3.270748493589184,1.8643096498697092,2.4936362975182345,2.2262233761981243,2.489331381428536,2.110282743155662,4.935883100602113,3.7946903405721017,0.48522517005469007,2.6857997757693934,4.5120784933169515,3.912228145044111,0.24490299517325062,2.5365977317725403,4.0,6.064431279550904,1.8069176088808534,3.1113503064081827,2.2392378134525903,0.7172372332640696,2.1597726846604863,2.0338136621433325,4.070591759785793,0.20004291901301963,3.213729329858997,3.6924329946845607,4.52863813201289,0.34195505723800357,1.9124798846425066,7.0,4.133330808976939,1.8554686792595956,2.6876750906255884,2.2971989093525456,0.8942305800987418,2.1586538291489386,3.9080372023044276,3.8850743754072026,0.35260833013492643,3.070637338150685
P27,stack,1,stack_s1_41.000,41.0,43.0,False,7.160878616800065,3.547305594625834,0.2053385151658339,2.7575623378321046,3.0,31.0562618907659,1.8438878362511262,9.839182810483571,1.8647834569450636,2.228250541485695,2.204263626702397,6.624162759371495,3.9245777109489537,0.7227802348904854,2.7180502777381643,2.888015208152895,4.513398469144704,0.30552277564745134,1.9486090247304673,8.0,2.6685089916897784,1.877492801988106,1.7776327160420888,2.266852971284236,1.5089928593323658,2.319621649203507,2.2832076538415667,3.8906575648351165,0.180456171779709,3.206891767568939,3.0822246884589557,4.318309091539051,0.2918322237760388,1.9135938479480803,6.0,2.3022004639157556,1.9181742673559048,2.827519012202279,1.8420945255710588,0.9540394651882377,2.0208467930343206,2.828709330759407,3.917236956786932,0.07416517699533473,3.3619578560362937,2.646760392885707,4.339044058659754,0.3046848392932795,1.890376303289561,5.0,2.5024217001817153,1.869916947014775,1.3935335365830968,2.198731767336636,0.40965751180621046,2.2450425360714763,1.6982047925035397,3.9077860243577,0.205293860854357,3.0073570023395297,2.2126199360660634,4.3207409709752875,0.2800322449304052,2.002554778966354,6.0,1.9125216512075514,1.9754704502939153,1.2823189159869353,2.2384021207183316,0.6140697117568292,2.140420200833709,1.3659351074808235,3.694190125774015,0.10803758015233067,2.8681054676823994,4.246508546346281,4.194586150011929,0.2951404182934654,1.8264969231873258,6.0,5.946700585956025,1.6720757210908084,4.150161804391289,1.698566093043526,1.2186780732216178,2.101078772046298,5.5574206944455655,3.7029148693657024,0.2417919188255251,2.9606084822652217,4.1756877715919005,4.333484771892099,0.2824205447424632,2.0511708009975225,6.0,5.330940655424362,1.951264918522044,3.673470628515129,1.861115770049698,1.2287945017097133,2.14636249588262,4.717311767996353,3.8786070273767748,0.23509464918870018,2.860117458427166,4.489911972400059,4.220989704303202,0.3044481851843587,2.072909089296628,5.0,7.972979973536572,1.821478967579632,2.625723018541772,1.9582839337707059,0.990816832694619,2.3059012836240713,5.720010864743139,3.9207916085276993,0.3871437924072445,3.2197760823673427
P27,stack,1,stack_s1_42.000,42.0,44.0,False,6.649201861265927,3.9264408309686547,0.23869492006764273,2.4665074912556966,4.0,17.410817951828307,1.7500869256295992,8.709007814716953,1.8717766947021999,5.038450409350342,2.1303485052697075,5.391745105475848,4.093126495728999,0.7467521573723953,2.933177469412816,2.721665111105819,4.505456279549139,0.33890503513953396,1.7841785283880527,9.0,1.9869465813703346,1.691441766154373,1.5290545278562941,2.2412506251983437,1.5433176517571319,2.1421497967184995,2.0039594840430874,3.963991932572266,0.2360474899166603,2.742367210594785,3.166329578079855,4.259324082620563,0.2944376588022155,1.9861217021971003,6.0,3.708707230351734,1.734566874736518,1.6217029791311468,2.2636187443407016,1.370199736907892,2.2767650020227137,1.9994505546601797,3.8099087737292843,0.2311697878246392,2.88217264747926,2.9157847866028845,4.4869945780800045,0.2770860114592425,2.1380707922988607,7.0,1.5244265269546884,1.9836575773911918,1.6932961696383448,2.0734129292177546,0.7469082044311339,2.2118661523755927,1.4926421905947185,3.9622283974203283,0.15129640271285427,3.0620537621415083,2.332855436586255,4.222268634889789,0.2681918019710167,2.095803410635184,5.0,2.4094267126786297,1.9107005359057898,1.300794689237979,2.229306768724637,0.7101655790985049,2.3027504849509897,1.1753525806387122,4.04355365704921,0.07576428701015475,2.9868217222215376,3.7396236998065464,4.568260218867176,0.2935963794148581,1.9860198346066007,8.0,2.0139422430532434,1.8148550348737031,3.341214992818386,2.08091421972039,2.464678539348675,2.1940281494388714,3.043731095981995,4.065153500535043,0.2549690328548256,3.214688915639214,4.298180781818703,3.8622127731311715,0.26209523120162287,2.380600558067283,4.0,10.555247099639919,1.8763423873330385,4.517673589413542,2.1804982542377664,2.424681971856395,2.0458306226865006,2.3672941404365035,3.8836099335664724,0.40833097044791183,3.0704204223991436,4.421579948275108,4.616341874387482,0.329446395112532,1.9240775656916995,8.0,5.812661890016238,1.919965620773083,3.5585911141614552,2.3166975289619156,3.616364793497387,2.2970228343245793,4.471961548892011,3.934586013556566,0.8777904179340732,3.088769719353768
P27,stack,1,stack_s1_43.000,43.0,45.0,False,4.45950751988453,4.650983784713976,0.3232752449039088,1.8633633364568445,9.0,3.30387429961689,1.865843393398527,3.183442728571888,2.1996075196579516,3.7156078732567135,2.164604400794895,4.506879633480203,3.993957009347763,0.41921786648218523,3.184149167683335,2.7061686107513405,4.438824483484303,0.3200174696658283,1.9716607611526211,7.0,2.583985540574064,1.7554309826114702,1.4458151396979815,2.263863644422721,1.1974938579712797,2.2751417808167926,1.814752571866919,3.984785514667138,0.2007800874366532,3.2942798935349873,2.900046657865003,4.199289847159318,0.2797121526076719,2.104079553928039,5.0,3.4449193987157933,1.833729793302521,1.1499901795519232,2.1635296332958203,1.3670010300582263,2.2396496283193885,1.6996300742223707,3.88105517156008,0.15053797126940358,3.3196925960342925,2.815333829573062,4.2651127020136865,0.2769093780227659,2.2447815050490005,5.0,2.9405268224932417,1.987574919787432,2.184546024661976,2.147334875104892,0.5100579137795472,2.266813791032313,1.5014902630243097,4.110917384592174,0.22103845885727888,2.759031418756683,2.3446352419536125,3.836748178311673,0.26450798969719247,2.104973102840108,3.0,2.77650109393962,1.905674105326935,0.5953864113459416,1.8376525838329159,0.46326329753188217,2.096431356650674,0.9702149354597155,3.8315504666589337,0.04771496131924347,3.2536138088665307,3.0652006004517673,4.8111056805433225,0.3364164963376035,1.8247780069288713,9.0,1.4844447395700229,1.9419895663732407,1.9359915233281482,2.302431491038357,1.202510256740045,2.2429956299624605,2.678394948771137,4.026672691512952,0.28855228477385475,3.159269273242054,3.6352937246784305,4.078129715482225,0.28492505049117794,2.3004605307158084,4.0,5.497164252813887,1.7821482632330632,1.9974502127589686,2.2194167931418516,1.827032154960676,2.0740388347244116,1.7617098888933758,3.958838196522252,0.365495349236943,3.388631894267361,4.035379796353598,4.602587161000464,0.33446084804583454,1.8879635036584028,8.0,4.918983620524278,1.855656396144625,4.117476427253138,2.31157499209404,3.065672689612705,2.193588368408417,4.64945538878938,4.020528949022804,0.5601503324626117,3.0579365464748394
P27,stack,1,stack_s1_44.000,44.0,46.0,False,3.4004855389525868,4.679337801193749,0.35451684623990726,1.8487063637405678,7.0,2.5412687647571848,1.7928896001445078,2.53884432741266,2.124889820905904,0.7538775709179557,2.1742594455905433,3.1523352576580117,4.0157512602076,0.6480684555163622,3.143200131647649,2.495393764498902,4.739085512500109,0.3347202575215944,1.9403256319864386,9.0,1.3982363537910047,1.9568736351866023,1.3260119921583002,2.243879245345829,0.9044407974902747,2.237379757588091,1.9895810254266728,3.8828455387116785,0.2513518531409603,3.2629429906408083,2.684086192389381,4.153879477134367,0.26140580192534557,2.4522439959636446,5.0,2.499332923392865,1.8573211185170218,1.7552090316555273,2.3113681802275607,0.7650179131747443,2.1019706080257503,0.9542526985770288,3.9166954521557678,0.2258717736422893,2.9502844278547284,2.2269503382703455,4.178909820089171,0.32606053484367026,1.960148409284248,4.0,2.2961709241638486,1.8393405317862825,0.4264791719475288,2.013732425890601,0.6285911910402596,2.2811065339559415,1.355636806851612,3.8969376482671008,0.1388964468162304,3.086778657826953,2.5192914136450297,3.800808994894633,0.24814358826583943,2.3305457878203413,3.0,3.831336718368575,1.9307835202505108,0.9571048211856344,1.867296567755995,0.36021975629315617,2.277182224706281,1.3889130481036311,3.8847167332293298,0.08160325942713452,3.180575767663962,2.9940403211992637,4.685476640306585,0.3460293442992797,1.863033865672276,9.0,2.0774878907998,1.940910905656433,1.623478219662165,2.063007363219373,1.5446873251670814,2.2379349665903487,2.3724969301156995,3.9732627469353194,0.35826016274181305,3.0429314395605895,3.0717926312521806,4.371749574598421,0.30286521410677486,2.228797571750142,6.0,3.278346062793738,1.9585912902902833,2.386484155098178,2.2347673011027003,1.2157376042765873,2.132480456816225,1.6011560781391112,3.9522194246615223,0.4245121132856817,3.218414578621593,3.8258544821997047,4.678413700190818,0.3527235701458218,1.9695415254633546,7.0,3.5175212470100874,1.9485519102406235,3.6720554884286924,2.203590688709951,1.7723565771200742,2.264540258531536,3.023928446506163,4.055969147448278,0.7454006174949205,3.2910979672707654
P27,stack,1,stack_s1_45.000,45.0,47.0,False,3.59787847042139,4.630921091450941,0.3389480364135115,1.904278864186762,8.0,3.2734541037587195,1.9627780323606077,3.6092748818419214,2.2462629352201793,1.9645481274431114,2.229895116198284,3.1899691592054453,3.943733403669467,0.668192078861224,3.19078730904859,2.0305348595148116,4.664070593228865,0.37026268066946444,1.8452358244834925,8.0,0.8681415458332435,1.9446106666463459,1.351958954132014,2.145802292128848,0.5792559580407532,2.205004601196993,1.1970872685230474,3.7534651284623846,0.26789038544146165,3.167174454953315,2.5318798521490677,4.040603771611943,0.2915597900741444,2.266494605308754,4.0,3.2278569320478545,1.7593799375102437,1.1384117936302667,2.178979586812534,0.7235525163852636,2.131241374095072,1.130753909633026,3.942373149246746,0.2518132735769618,3.083340211666749,2.56278935600374,3.7783603577772036,0.28881924966656497,2.192714570586965,3.0,3.526019157650218,1.5993512676316401,0.5982714715530475,2.280594945246294,0.7714704115322627,2.099789038224461,1.1852260517755249,3.7526983518722323,0.161419430155625,3.1727107277532367,2.517759381784282,3.3996516596808024,0.23769379130587118,2.4807278878091026,3.0,4.045939996763004,1.6433802614030182,0.47682830911818047,2.1474731458257157,0.45307173869009326,2.2219874600853933,0.9539772848976347,3.8262431420018377,0.0988892970700111,3.2360213409600527,3.1375534179143836,4.289718029646048,0.3225659035228241,2.0569572457736043,5.0,4.267521654882163,1.9066972099427502,1.9886665872650964,2.212217159990698,1.4199075135223174,2.2314436843081116,1.8614006657888242,3.8887622775546102,0.3663250093019062,3.152229818321117,3.1469593174519304,4.5221347360530855,0.3337832990599373,1.9727626842648822,7.0,3.37376710512404,1.8375453479102026,2.371689599496874,2.211043018211742,1.324167989063737,2.301180110483108,2.6262170837682337,3.9020249792313764,0.4816272203061954,3.180820695096093,3.5075909806783434,4.589766668549998,0.36674681441131096,2.034066679193219,7.0,3.9662539927000466,1.8980807576074188,3.4797036237071817,2.169797951764733,2.0062757748815874,1.9773027220843964,2.7937838073446235,4.051006075699636,0.7763066857911572,3.363872128635083
P27,stack,1,stack_s1_46.000,46.0,48.0,False,4.3583301577288145,4.371225949336488,0.2882297660109897,2.0256625962104495,8.0,5.247206695926809,1.789220958754487,3.8765503231713825,2.154107215383431,3.848412876508502,2.2425088826982793,3.7902338385250642,3.8521188934706614,0.42522871922739663,3.2049461725180866,2.179284320517214,4.652071068739957,0.32976212208790756,1.9869539685333626,9.0,0.5503823992730302,1.8992162642200068,1.3951633618811097,2.1155765542073928,0.7043919059809546,2.230358996434276,1.1820303892409698,3.795247679005272,0.15921779743084075,3.2316824371604618,2.7343962850500327,4.397532488296314,0.2949807483475798,2.0611158994995566,7.0,1.9498164665383806,1.9304413843936001,1.9814331949559367,2.2247262014100544,1.1669773663227845,2.149821370599012,1.8487841943677135,3.5586244958009976,0.1653471466137252,3.1864540421383882,2.5363362615420337,4.074014595389644,0.2836343559107006,2.180755223104283,4.0,2.9306416959922448,1.7240107937437905,1.1788952900252037,2.0277395215805862,0.6467552304806472,2.170691565206234,1.3345172510383996,3.924969945512999,0.12002410881267075,3.3126542788923556,2.2691632632454746,3.8929819827317163,0.25239019863271617,2.2383018181554015,4.0,2.4064429736928576,1.6549558917116363,0.4138829437968302,2.2476171409497017,0.5444254734725041,2.2230177077312163,0.9920846208382275,3.8327011162998135,0.059666425440079,3.2594272475976895,3.644496076869546,4.234800362009161,0.26563418240350933,2.274764647451167,6.0,5.083149584941531,1.8657789867128658,3.5258995435148486,2.1650428361832095,1.3419282813441153,2.313083952440747,3.0068762581494983,3.671137374823542,0.28388689643671605,3.329608404457341,4.124900185156786,4.27539411841422,0.2761092875100808,2.1763442481199413,7.0,5.596051278572997,1.879816794344947,3.716348737771365,2.2734507797641306,2.6942178490537145,2.181268539039431,3.1334576606407287,3.7888529086128666,0.29117876001680293,3.224197642938651,3.736770726778642,4.322256161953697,0.32711103439770434,2.0796464337596334,5.0,5.820011327546274,1.804956619679508,1.8727565835381166,2.1542173864911778,1.5289601823420236,2.1597182024278427,3.9168535619678058,3.851479109413887,0.3550473805534238,3.2634339628586457
P27,stack,1,stack_s1_47.000,47.0,49.0,False,4.548951227855098,4.369894041703961,0.28753256654454773,2.078325597371925,7.0,4.885396017096687,1.8016777365195167,4.675338584301957,2.061011564950081,2.351458049534082,2.188054062762798,3.7391534960388304,4.030690015650013,0.46910740209178686,3.1211455003607282,2.59511640636952,4.324253495281897,0.30572682882261726,1.9553281416994999,6.0,1.5445330408672702,1.7425203457861604,2.3315196242511393,1.9395673426588556,0.7779536780324139,2.281872111056045,1.502779837113896,3.993216824606687,0.15100154319261008,3.118304063983271,3.1489919992738304,4.044919074842829,0.27560205977467445,2.0774681380859708,6.0,2.084896681724663,1.9252555646921703,3.9902098782918762,1.9608831841561833,0.9048694089284239,2.2506483888105824,1.562145107925054,3.754310338916315,0.19028589555125597,3.0090398795322124,2.3906570361414845,4.199732008865115,0.3040887570923105,2.005164006893807,5.0,2.5073880774667976,1.8268178489158977,1.307490893638787,2.019042557222459,0.4345369222661887,2.2433325068482795,1.4343533325417894,3.96507119166054,0.13853268131445817,3.137053882482844,2.0713308306966245,4.31015125306932,0.2948067767446772,1.9331406846210764,6.0,1.4055924292535855,1.9228464803038086,1.2381075839768223,2.077084920859481,0.4424792040689913,2.182140526159362,1.0276127456693016,3.9505605519468783,0.0831158770011977,2.8097097955614934,3.7851714309410354,4.134043624707828,0.2616534950206438,2.211384004845795,6.0,4.364208771326252,1.9651107975970286,5.8232894406872,2.119356105487483,1.0500272904555232,2.232133443248412,2.863886481352851,3.7733689205364565,0.26132089117992907,3.204883551190551,5.092756015699327,3.989738547975789,0.22689854936036216,2.3974483033291794,5.0,8.196034167640185,1.9190353362109869,7.506433851342756,2.1234707553934817,2.4530028021740664,2.2875866463533785,2.9789280258706436,3.6456080743359305,0.39314970100423485,3.098696625233408,3.880496670823545,4.63189024639804,0.3146759601381628,1.973091835014275,8.0,2.492533443911933,1.830222116895269,3.045818091612373,2.144214534239148,1.4824759378319585,2.176544246354298,3.341918428854946,3.9592807126985186,0.3857982605206395,3.3743367697040214
P27,stack,1,stack_s1_48.000,48.0,50.0,False,4.851105010943823,3.9546033872516246,0.273265628112246,2.225191359459139,5.0,11.72631098200938,1.7887336959936435,5.51647317922719,2.2217785387516966,4.030721171140971,2.263007552583516,3.5711071083238473,3.61821199952359,0.44029486088315123,3.0152734405704917,2.4732398857077484,4.699124128619968,0.31315636778700495,1.9138378287603977,9.0,0.9174677111640336,1.7567521930554173,0.8381230011304914,2.1910699905865165,0.681791167699999,1.9289089030269055,1.9641809257074536,3.948495087034947,0.15479132676812582,3.187744980038268,3.0025994314631324,4.275159783160744,0.28251115530017495,2.089617517947814,7.0,1.9211659941301034,1.8724485691344823,3.0902842144815548,2.1961730584582844,1.0060974207355657,1.9380148953384133,1.5271605260638084,4.053274776309666,0.15332540884225254,3.1781597372025097,2.285260404241029,4.5282108641784395,0.30269731809856343,1.990112780041352,8.0,0.5996617381387358,1.8377234808043157,1.708026917187527,2.2480746479613414,0.936734497963297,2.2056392647989247,1.1915858302049034,3.945976295622579,0.11683953678078537,3.2749273623270527,1.972616743602286,4.369099988387751,0.30167743889366627,1.9309408626425495,6.0,1.359068412511709,1.8452429941737514,0.8967871148552423,2.2525005037811594,0.5503095193122334,2.0866831268789294,0.9643468377698994,4.068575785764804,0.06590085392406615,2.832637168164206,3.335069404151289,4.503326536241141,0.3006042979278241,2.0705992478826794,7.0,2.252738826131907,1.9495031290298386,3.255173830796021,2.292733453180761,1.4732699432276737,2.1003279282789284,2.123554733187919,3.8341586310718174,0.34641240756251396,3.2252505681536503,4.837700003517998,4.125364952068035,0.23322210316382133,2.4007883303695907,6.0,5.256865059042037,1.8533036249998274,7.655048569681466,2.252771841305359,4.332876437993969,2.101932729592674,2.5977741382579858,3.7770670574343534,0.2880809749250569,3.1346085532887296,3.70874444717429,4.552650183584887,0.3508472763965268,1.8791290458135428,7.0,3.3743303651534324,1.9130971613620984,5.290973370502456,2.279947762811272,1.7097432497523593,1.8978164954825774,3.7068633226543954,4.0432076567017114,0.6819259603556497,3.256845722293284
P27,stack,1,stack_s1_49.000,49.0,51.0,False,5.145789618063951,4.081197878426785,0.2729232426805425,2.177459454962375,5.0,14.131355984337716,1.8588959850623117,7.861465828727596,2.1781098395684397,4.546988850460184,2.235548590854419,4.70069519399046,3.994465686366065,0.865674237284685,2.9783401093263184,2.178729062796438,4.642360294802629,0.35209127998259765,1.7920428700566493,8.0,1.0930088746901063,1.6981764881952404,0.7674523504941337,2.3014737066077275,0.6969398320713815,2.1919879396004456,1.3034245436004412,3.830021579927525,0.24780372776468124,2.98924186849873,2.5511429124135314,4.63075054901592,0.33924083966054275,1.7972516205988995,8.0,1.727152986841371,1.9505887930346848,2.071853626152357,2.3087299716709078,1.0316439424687738,2.071321217536378,2.087531668864908,4.087622522382606,0.2407420471083742,3.0854091252291354,1.9344074086422196,4.7197671365835765,0.38735229716904973,1.561140336941499,11.0,0.64697901300435,1.747879727315401,0.6342173264930586,2.09445421890974,0.6717918497444008,2.142417678025514,1.4476835951233513,3.806421228360941,0.13271019067366968,3.0559760567650724,2.1173926378409385,4.433985902321583,0.29586089740983734,2.0460875484885843,7.0,1.2817240134655263,1.795527964808916,0.8034364342549348,2.281055078257372,0.6142583815412749,2.1739523526976443,1.1019587222275975,3.829753740968538,0.1502628976836958,3.245333891846301,3.3060594238220937,4.494977876213908,0.3465987325687448,1.6998297544184242,7.0,4.082019906213857,1.957976154277062,2.75370632174846,2.298053235880858,1.4384246079572383,2.1681922592211493,4.041077503227601,3.687245277102674,0.41473723423881104,3.3429770473330493,3.6436639269817594,4.553997591303567,0.28910996796546873,2.1584654531060834,8.0,2.100492782947668,1.8184312085351382,3.146497290260662,2.220219541938932,2.1827693229395084,2.148898986951234,2.2558896803371296,3.8658384707632565,0.5463342507797089,3.018953120618157,3.783050926818755,4.661336035475747,0.3884138490665742,1.6765399849290001,8.0,4.762335157183695,1.8234423630696865,3.5647724446294524,2.3119079959806617,2.0966531206562546,2.219626581893272,4.643384685294335,3.9718855252006753,1.0223117552295264,3.074841385315984
P27,stack,1,stack_s1_50.000,50.0,52.0,False,4.639158334322764,4.509071778118625,0.31434491877964443,1.9123367411726635,7.0,4.535508624101752,1.8318017719479087,5.725908647783804,2.0745340728034005,2.1379525140939775,1.8772986653481825,5.2356410362116055,4.0857948761146226,0.6668063093521798,3.10113158862444,2.1912575067830002,4.630968312973855,0.3652664248503957,1.715178299244065,9.0,1.6171611852905754,1.867587095757656,0.6278089929231039,2.303599605776422,0.5059052904527166,2.0243864857585034,1.888964523434846,3.9537449731737664,0.19007019882254245,3.0864531210340695,2.4937797104854025,4.449429734199424,0.3460908103871687,1.7886985368739312,6.0,2.6430547621160434,1.8066462675439299,1.0052414429339176,2.3144011207794875,0.46090485913478624,2.0966598828817946,2.124657140019675,4.1090193911711435,0.2409448115741129,2.895063332645283,2.1048558139251767,4.7698289876908015,0.36620318246894307,1.6145346877734361,13.0,0.5171948313915231,1.7555394542981868,0.6189319979436867,1.754607771521521,0.4933978553259025,2.0675226033350547,1.748681575332517,3.868466868353053,0.12783168445784965,2.9670924930320157,2.090553696903724,4.192155777965449,0.3050908884049097,2.0926803355674943,4.0,1.7231140494095731,1.7815180878022812,0.48973359715194287,2.224684140669753,0.20502902189710773,2.067478200434042,1.1471624775107223,3.8328594531110274,0.17323331759060825,3.225106732462807,3.5373214744131434,4.654284865469162,0.3465815101707499,1.6745503180503285,11.0,2.4594383621077665,1.988483010888477,1.7156353383041738,2.1852452411074936,1.0066279263980766,1.9901994881380838,4.655047776603906,3.6544343399581067,0.43632427813721086,3.2378405742564516,3.1304795595999098,4.542914216426965,0.3388436053427456,1.8495386697037726,7.0,3.2283599886538874,1.8869592708375147,1.3434744830498064,2.1486518020800434,0.900656272431755,2.1433466759745627,2.9637838272807473,3.9831496385603633,0.3870888652480405,3.0192933788957106,3.876646392359978,4.838276982545854,0.36140366723907424,1.6825575050974273,11.0,2.7262014638830347,1.9484033866953587,2.4573663712457536,2.2190794729972523,1.9117555947515874,2.2338146462140642,5.6064498496467845,3.991113352808387,0.41305970913998025,3.263035213548048
P27,stack,1,stack_s1_51.000,51.0,53.0,False,4.039208609061943,4.43200791812402,0.3247222975419383,1.8959011242222226,6.0,3.5566708678049563,1.848790470580556,6.144090543630995,2.0816137853464824,1.8684919489027272,2.1324400728545188,3.8614187025490656,4.075762354360984,0.7590856714446282,2.8144352356474394,2.2318086580652823,4.5569049566615085,0.36185507877639606,1.6578695140106516,7.0,1.6246974272081234,1.859542208336065,0.8824846358986493,2.0934462972167727,0.5433194314585091,2.0735706202763104,1.7085584793821664,3.968254854580944,0.11281721423508316,3.364367471775599,2.489007610400227,4.192814477809427,0.30900902973908934,2.0915657558877423,5.0,2.945428594179986,1.9545667501163257,1.4358543487472482,2.0711110805466553,0.6973015169885072,2.2177460933958555,1.1412413765180824,4.0014663312236465,0.26852195498552445,2.9162592754550114,2.221574543354519,4.481148811318985,0.327089480001073,1.8356341446855942,7.0,1.7042096994970708,1.8592263040637387,1.2754389895783322,2.1279939003286765,0.8156670816846225,2.204859205634817,1.4960026655869512,4.0722328799692855,0.08555504382604678,3.137885342221101,1.8289778262859893,4.24393621151642,0.3153702899220277,1.9701813802064416,5.0,1.3331843276665498,1.9984618167698214,0.5981334904153794,1.6009943106611906,0.19553751171891331,2.2729608532794674,0.7871026103163271,4.047520602780221,0.12117033658070121,3.0767724129957004,3.723699097000743,4.356714021989002,0.3164704413077684,1.9370376754894558,7.0,5.229040763702759,1.915822682256612,3.1272966970662015,2.0904041583177624,2.301390951270774,1.9729704672991693,3.1636096945352987,3.853696683512567,0.6871230060696064,2.8774353343204946,4.499999902502568,3.8646358125508815,0.2377222823762164,2.4626373570061317,5.0,9.871304881965273,1.919258327049999,8.155159460853351,2.101393457245359,2.099971085144351,2.172481159494177,2.4713496820581136,3.95272797817229,0.2679736044149228,2.8871858968104767,3.8402080035437645,4.70756260764503,0.3602846353316317,1.662010923502513,9.0,3.798266759724018,1.9541906125941102,3.507329051722822,2.2838322796066577,2.16801816983682,2.240185760338036,5.519720036285919,3.9269878211988543,0.3696993175965023,3.284596190011421
P27,stack,1,stack_s1_52.000,52.0,54.0,False,4.328336974993577,4.3289569420831455,0.3269835027432308,1.835066219157033,6.0,7.570107215081571,1.621536508239902,3.782739289818968,2.036106281012605,2.23712773839228,2.244567574041863,5.770594321050349,3.9575222133830747,0.757107366865175,2.512621755555868,2.4429859071632847,4.478503309493239,0.3295443814185725,1.8242124125356727,10.0,1.78203179237099,1.9608338946949344,1.3840265854221918,2.0645444849503027,1.826113383254369,2.0566462199746507,1.7677205087555694,3.678623544576281,0.142826341589415,3.1588648450835124,2.235296317201579,4.3937431277432495,0.3451566152896696,1.9197536959658352,5.0,1.8908087084785872,1.929329940125305,1.2819215782750442,1.8835488967822038,0.6054547212843918,2.2671253830047067,1.1187172046044018,4.028820465656386,0.23475688751333107,3.200836574223017,2.3655953695218948,4.673272964472416,0.3169541600334099,1.825471813164455,11.0,1.3676681633702352,1.949778965292775,0.7302593706561518,2.2758354017201787,1.2957447039396768,2.2799805068782755,2.1206596119017465,3.800611757687878,0.1113407782717826,3.305518362624993,2.1183090197752463,4.550601744732927,0.3160351058027957,1.7808587662836335,7.0,1.2319528065680077,1.981899418458012,1.2141426414112861,2.027477570234544,0.5052983064416536,2.1293948413758765,1.5851443741531097,3.947963591004026,0.0984111487557773,3.056591043748888,3.789324510915025,4.351936662874327,0.3013514292940537,1.9749930365106279,5.0,5.739908686068789,1.9022317761276342,1.863337272199945,1.981387699933284,2.11043406863061,2.2927465928751025,3.7858643632858175,3.7845818123187662,0.3874245594736871,3.159010101247524,4.954150618193219,3.6728415522830358,0.21620684618836802,2.8416662263293637,4.0,16.236280888173706,1.9389959544321038,7.342311346828524,2.069576674539025,3.1692690493915476,2.2751276776860503,2.232264297821364,3.9531411332691544,0.48897563777552683,3.1328551327838223,3.7416868592278356,4.6829750650532285,0.37082520764090804,1.713508258857383,8.0,4.079522994792923,1.9956715019990479,3.825651346879633,2.140944780627602,1.852342508847479,2.1413741108983873,5.696361273162221,3.869572988314419,0.46839021727587543,3.351285305446417
P27,stack,1,stack_s1_53.000,53.0,55.0,False,4.856807126117898,4.361766136479077,0.31051446551295053,1.9491711152258289,6.0,6.923835574972591,1.623857860609159,4.496701604969396,2.2344248828245084,1.9999368314568884,2.2458517270480307,5.605874780566049,3.9497845130229834,0.5895266211138257,2.800024070473529,2.458196120294463,4.481840041239399,0.33060670251069013,1.8656895470438963,7.0,2.018544102542458,1.9801802962138075,1.0073377206970806,2.0548678439896833,1.3665821815278858,2.179748552610566,1.5095765055376122,4.017195287006471,0.09445526494134916,3.240723215365875,2.698282244230759,3.6634722250890803,0.289218772670482,2.294878401802273,4.0,5.106041570593848,1.7408435847770918,0.7990765218320811,1.9680627149702468,0.6781726375920036,2.253729370125348,1.2432813396037599,3.9261726275601423,0.20186305942499533,3.2537427187539274,2.4623812865207597,4.310498210439602,0.32454957518380934,1.856101449122868,8.0,2.68636038715102,1.7574501194465197,0.6088943700494761,2.1407654393888285,1.3586492296334685,2.2456138725486365,2.035853860572491,3.7672260581251122,0.14738248787555833,3.22426930237703,2.163878671474388,4.418660505090768,0.3066331204931269,1.911327003426761,6.0,1.1356441887161384,1.8166420411394582,1.2461397994167949,2.1303871146314406,0.3420384328712597,2.258793755177172,1.1743748018033098,4.027217637797204,0.09206025761164406,3.106520721316594,3.710335306618915,4.294439727449618,0.30473793776809827,1.9183181986932045,6.0,5.75594530395002,1.672650626498196,2.13288879590613,2.2314029271495284,2.2052220201690744,2.2674226117962277,3.623986471671612,3.957429762824443,0.21332538236819754,3.3685439309122645,3.8216690383290746,3.9672120783948426,0.2852434211696977,2.3225647063508545,3.0,6.19813934712398,1.6804995736310941,1.274942345736585,2.1938286834593916,2.4613352435086826,2.1176459665268084,2.20524406629657,3.9758428520376703,0.40935969959031043,3.25971066018318,3.6692060271219966,4.366332408101169,0.35156455508725637,1.9676720225695152,5.0,5.692656886049731,1.9822631347322401,2.198971982338929,2.0224653826145094,2.3825552093811657,2.277884479252567,2.7831959306311456,3.7629627338993,0.5570722858385238,3.293065814196601
P27,stack,1,stack_s1_54.000,54.0,56.0,False,4.999677695970418,4.125094441557811,0.2843387174979913,2.1759757507457347,5.0,9.758136897274818,1.9153349064738996,9.94727483028205,2.2271645806692715,1.8542366951151117,1.7670108218110834,4.792296133830637,3.843117900818995,0.8620453955057611,3.017285280915413,2.2940080206507125,4.712818851037854,0.3994773128126011,1.5036549497914322,15.0,0.814959122939819,1.933651532657601,0.5375658778476076,2.092759034251058,0.2276393937798482,2.0773563860658983,3.130273641953644,3.7728466796172744,0.24675603652801922,3.107774084218473,2.923098986028633,3.8178840708651705,0.26403374090651055,2.3953158601064413,4.0,5.430987325220354,1.8698784293197497,1.8656204357836137,2.1937718436563585,0.6456532107053775,2.239821155710756,1.4080740670404315,3.837659687562807,0.20742681997651613,3.270287671361478,2.1401415554307155,4.7242179773127715,0.35905250688169693,1.7285194370869248,11.0,0.9237996183715607,1.8187806571517935,0.38310850775910066,2.17150872066683,0.7175931254582367,2.2485707591451884,1.5910294402807772,3.876176064132476,0.15399838678977876,3.161127159110168,2.044770151423983,4.10947783893552,0.29554737552470195,2.016895841609924,5.0,2.094684828983623,1.9973373646713495,1.1883199438532763,2.013409520327984,0.21660404340074607,2.131246032991098,1.10714193000167,3.8107304545096055,0.11368482363183961,3.1291795404559712,3.3842284045194093,4.611025889758606,0.3388540803228451,1.822614266801786,8.0,3.6998297135456446,1.8563270847646756,2.4501711415763556,2.1546518468364977,1.5255879044499725,2.2648776726938307,3.724412011815006,3.9893144285530266,0.4566022455846552,3.07904369943248,2.800995063301056,4.7689364726444925,0.3707245554804683,1.7762840875060293,9.0,1.800579807131384,1.8340958155470444,1.9580646178476386,2.283763044344078,0.9640562313149722,2.300707772656152,2.5324546316558103,3.9361914894645293,0.4513354577752121,3.2535323713433946,3.587057608965418,4.515476742713919,0.36088186729416855,1.8660791876538778,6.0,4.951823896509148,1.838972234425821,1.6841117202983076,2.1860206903826356,0.9571017141934711,2.1325008075349823,4.099226763693413,4.043203256780227,0.7980090959438227,3.1955054605849553
P27,stack,1,stack_s1_55.000,55.0,57.0,False,5.863649388911807,3.7617349302542293,0.24081100696845048,2.3631378875502684,6.0,10.747740434573451,1.9109006179585628,15.56307930229667,1.855088671830523,1.1502883968664894,2.10024203599325,4.227854603865479,3.8866565057524882,0.5820201779894534,3.076152975318653,2.3610560033883328,4.862140752630829,0.3982319907733551,1.5166525630344745,13.0,0.884253284002869,1.9185122879088383,0.7359226647367373,2.239638387554342,0.560398129704071,2.2722407212022566,2.4365011441415874,3.9152927361853957,0.1858981552943071,3.0519770690789447,2.726694613045511,4.036598095375776,0.2821689138564996,2.1475914798424216,6.0,1.6762748873561972,1.9385044899771033,2.9082024616761983,1.807979589587135,0.36212204545226917,2.2665146646727026,1.2147418065418925,4.032612847270236,0.11669329206058049,3.2492856008510964,2.0895831706246835,4.52687673926637,0.33888518720394667,1.8252761859940057,7.0,1.3448936502871014,1.9275948462930919,0.9711504414554297,1.9992781707668095,0.836161951864279,2.284458688554975,1.133759591524361,3.940815672981104,0.15011750728920228,3.2156338701264247,1.975082528030058,4.1006135133281925,0.28376967978606665,1.9898712892577934,5.0,1.4684007958210588,1.9286201159897853,1.065465199172936,2.0298205804675966,0.12288627594686988,2.172511603886413,0.7853368862083787,3.921313290290418,0.07043845914740729,3.146703324201585,3.4603076792046665,4.273051835866879,0.30928785504212,1.964989358096278,6.0,3.0487980912756396,1.974191974879976,4.585442971833777,1.9690815642821626,0.9904148404908089,2.2680341122529204,2.536524678182863,3.9506831265406057,0.2816169435727563,3.1480066332776806,3.260034932849227,4.285510015796684,0.3090224561168795,2.0755175252577462,7.0,2.379997398843952,1.9449713910675581,4.3741242319384,1.8650847501784105,0.9412762799360542,2.2892987692760185,2.1847545058373252,3.956739165617782,0.34786531190968084,3.2174195911415193,3.6492157074585037,4.574510044121886,0.349173978442078,1.8551684765318708,7.0,2.8966048126906903,1.9589250383120935,3.4634564032775965,2.0213657200026316,0.9728697309926733,2.210259804861673,3.6182800206954147,3.965304112281454,0.45052843468979403,3.0736481977747334
P27,stack,1,stack_s1_56.000,56.0,58.0,False,8.101863076970382,3.1486774390363665,0.1687860662561595,3.26763632599772,4.0,43.18611673381919,1.941228831678312,32.2079756266132,1.869100526595957,1.8794547708218061,2.183027670743284,2.7297232652634973,4.0659095709913045,0.5834831386716427,3.021659839535234,2.3152691985685854,4.665690435176998,0.36255527610297755,1.7346635997662714,8.0,1.6845250492756245,1.8894919717524072,1.1606657852694342,2.3098681074295446,1.2461161138767363,2.244861195564375,1.5516551761488242,4.122734867262213,0.21774616403618535,3.1091850341971754,2.6333837779727345,3.7886824541988604,0.2655184752338866,2.289258941248434,6.0,1.1460466426234528,1.9136865328909312,4.569712880583891,1.9631929727392232,0.6867829475047849,2.1307749130913445,0.9405881854765272,3.865130109795108,0.1607816238647302,3.2148404457352475,2.402720494382883,4.082370308657638,0.2855627409658217,2.230524701586434,5.0,2.494162440564067,1.9404369180329009,2.1471774298370803,1.7988741886614865,0.6474651251057169,2.2691852427356043,1.066076967286443,4.027776626863555,0.14374635892972906,3.076830603662225,2.266831918069586,3.7269103655845983,0.23184100617316641,2.451723671607619,4.0,2.7586533422706423,1.9495133236575675,1.8974288313027823,1.8892098018104073,0.3170340454337915,2.119906841367344,0.662737313506232,3.907294961596122,0.08628342351544481,3.2728087122882132,3.632656913807217,3.8199015315646236,0.27495870734459316,2.1647090980415946,6.0,4.225949482755157,1.8853939965446838,7.916364358090125,1.9166033159610982,0.6413572459024413,2.2664362931592352,2.4244727901117944,4.065700570023928,0.25030507710360034,3.231118074926873,3.761838642374465,3.75307028205187,0.24835711986052134,2.542550222324053,6.0,5.428094145636327,1.9123553259627486,8.510678237642468,2.001606121306108,1.9815687062915681,2.1615649214922454,1.3657751367872004,4.028463649089588,0.34761400950006177,3.1250229001811207,4.208224831898378,4.091350224789877,0.2875859893106382,2.341113640619583,5.0,8.690679347594815,1.8999183464262588,6.636860381114904,2.0767378762594655,1.9394455524621161,2.2371234546073646,3.185464421181168,3.7975279550796817,0.9003934311934065,3.124290161691395
P27,stack,1,stack_s1_57.000,57.0,59.0,False,8.401811019093302,3.7281161046211833,0.16436662759819842,3.5536383052287235,4.0,16.643894203496792,1.9233972908425603,5.974319764675464,1.8065899725848045,2.7215492347417234,2.0506668334532097,3.6291112575465716,3.9710135251032654,0.7256257354984507,2.946320087433462,2.463467062192326,4.614587410714589,0.35175523590681007,1.8228310075177636,7.0,0.5635937983170171,1.9909403025629029,1.849023459009407,1.82354021420345,0.5399195752611448,2.176930653987016,1.2673443736502716,4.105845760388495,0.33688792212350377,3.184827569062839,2.6012681462804212,4.417938950125998,0.28218778564925145,2.1335541311075774,6.0,1.781409050011646,1.981618593244592,1.7050301593996167,2.196122447319808,0.7239666016328444,2.255401199345359,1.0440235333923507,3.8596509332026403,0.2545330006259104,3.0249317669327094,2.3938494131625343,4.477946903994522,0.27718917995093706,2.163083072362121,6.0,1.2582152543711722,1.8519387995296244,0.9216591881869574,2.242927189691985,0.5132037434537738,2.1868523943267815,0.8106666368012164,4.11763634529379,0.12894358249172483,3.2591682436794063,2.587236252408199,4.149202499944806,0.20631900108634918,2.768015639615458,5.0,1.0263442605770594,1.8993443066705868,0.8611031007734689,2.202470796800179,0.1630768073669812,1.9542310932566598,0.6649959683652138,3.5292694290115745,0.08659006315872643,3.2590105524409863,3.907610388671495,4.302284788026345,0.27451847781057725,2.2206654030107686,6.0,3.381076887490939,1.861295610497597,3.0655108738128827,1.5353413834732004,1.5669245063029098,2.0907557830951364,2.750506173498636,3.929245246081711,0.4422176509757906,3.0135758955208445,3.7970912638141847,4.719045296266964,0.2807463928804862,2.2503997152167377,7.0,2.117430792391867,1.9702028460520449,1.555096702068121,2.1621814957716756,0.8940811526066935,2.0476070815698635,2.131218013523611,3.9939890440741403,0.45477501642740564,3.026861794624696,4.204410566190042,4.50318824527557,0.32464565630341957,2.2175663404304933,6.0,4.841725791820173,1.9325589992266068,2.737873407761751,2.117186060480573,1.1380923833083252,2.2081535933993925,2.2552902177464955,4.019177667333157,1.5272360844991002,3.060553071384749
P27,stack,1,stack_s1_58.000,58.0,60.0,False,7.93768958185358,3.771532128201189,0.22239194514688246,2.7264473235983395,4.0,34.3213947367597,1.917470425978009,12.749977662831567,2.1578438601999177,8.348262521707742,2.193222009443685,6.458583152608121,3.950355828422337,0.803748133868562,3.354234610508946,2.8555920747243615,4.6175672092822495,0.3763578772944316,1.7027613311567058,8.0,2.1234661400150596,1.839593732641989,2.46429172206967,2.04784849499797,1.26805887220605,2.2739885252645884,2.9410711004432266,3.898604184425869,0.2739564410673132,3.3419111186773,7.3379773452182775,2.7198365746776485,0.14938385025505593,3.6195992798950347,3.0,43.919319973737764,1.6228266420844466,4.171278854766178,2.19034577885119,1.16490571549388,1.9871503555916994,4.291695257960584,3.7033807843905717,0.1616914977345446,3.1322643821574228,4.680897992632708,3.366498558101612,0.2224398537127282,2.598747982311611,3.0,13.029462460753729,1.5896855144777216,1.0797887647490745,2.1971864416867195,1.2728885799780467,2.2881329195775555,3.838827223517499,3.713361934276818,0.22338853009162163,3.3381815360822347,3.696361364520114,3.2052925493942275,0.20538289230747342,2.8052988091430477,3.0,9.901124884466995,1.583470362690693,1.5667602472543583,2.1101498730862427,0.8812631314761856,2.089684601330499,1.9025874274920558,3.4510522354692457,0.1590536489906022,3.2784444666998094,5.1522071270326215,4.3289696411818746,0.29294523599440475,1.9383821514820578,6.0,11.170607559018778,1.9454395719142412,4.565763892204862,2.0205676380063986,3.7221874551023046,2.3060954698624254,9.76029850009991,3.6031522736289596,0.4503250472584749,3.1596277919542817,6.621286165536214,3.5209942388139917,0.21190614389488577,2.8641889716538116,3.0,25.94626201391404,1.8789629861615822,8.318656233055865,1.9403632395150738,2.364881633124612,2.1483500139920055,5.34508382335572,3.770310376023729,0.3990324076562863,3.357703110707785,8.809126874176448,3.0261807406549,0.209528149670692,3.082793930696406,3.0,67.9946660593144,1.8000042000049001,9.94167500714801,1.9748340436541545,3.082261075443225,1.7573975507726243,6.978824124049276,3.88143975729074,0.8197556084335463,2.97657272840712
P27,stack,1,stack_s1_59.000,59.0,61.0,False,8.021584090758836,3.8109196520270543,0.2235022623616272,2.694218883879155,4.0,33.25720952476425,1.918790069695753,15.005792632245559,2.1929358766546376,8.856915559005637,2.1758098657947804,6.482278566772313,4.06507679647065,0.8127553650494832,3.4035470420532583,3.2366393041551778,4.303305189684196,0.3326503736433407,1.8869951831270921,5.0,4.720896714255719,1.8137629225775578,1.8003045874325285,2.2054836909371844,0.9024189596446672,2.2765476440515036,3.094198212386949,3.963333335968848,0.22203449439752332,3.0669611472380574,8.029632477468088,2.4352428633014696,0.14195511100319577,3.852339905636845,2.0,53.986106704767025,1.4599576038616144,3.7894384502880785,2.188060575415757,1.25333406915799,2.278288218723951,4.121954406182692,3.756296733780815,0.2649275417590134,2.9189341490037366,5.235724608472091,3.1261178848138496,0.21266673216136253,2.765177876445141,3.0,20.424836933721508,1.548940479617691,2.3377877738555126,2.244079279576043,1.5724546368869103,2.271873642163709,3.6554924412928136,3.8898757957349597,0.20400998962668765,3.3537212831442154,3.8314907543579566,3.354796285786555,0.2117956181453279,2.728878814338645,3.0,8.936432269562827,1.6047904734493639,1.8751706138265956,2.1961480485871294,1.1458648339899125,2.254007226754417,1.750650234718448,3.5977280398059204,0.1929445782884611,3.3458004737527873,5.6204550064537315,3.9663397214457734,0.27505839017496675,2.1185341327023366,4.0,18.911086825400936,1.755430977481521,3.1810056507914535,1.992580349876966,3.8109160925427266,2.224811939814837,10.289893478792854,3.7836555202849103,0.500127289071548,3.197633813610016,7.123234385856937,3.4626754557812434,0.21059307118673617,2.8995343558633837,3.0,30.00130668826378,1.7348301391210437,6.474923190798012,1.9179221282006347,3.8284207761298044,2.243777216343718,6.328650370046823,3.795099120212626,0.6205032801633147,3.258358808414867,9.503602229210676,3.123673086042328,0.19750380287375288,3.174527410617982,3.0,76.78838384741351,1.8038746214885253,13.463596940757391,2.205625349771736,3.5175266956300426,2.255312967911844,8.321100468789323,3.938161809437635,0.9594419715193169,2.9301943987651673
P27,stack,1,stack_s1_60.000,60.0,62.0,False,6.060834511630306,4.223527300212447,0.25781308434462635,2.303619742645815,6.0,12.443215125021002,1.9036427884782352,8.237850010121123,2.0987016911162693,5.244495668178502,2.0607201913296453,6.10687762893357,3.9470301081421364,0.7100812730155285,3.0672160547358676,2.8784027840878386,4.19481329717217,0.3126513894305345,2.121593853979752,5.0,3.855018403517717,1.738752824016319,1.9249832047610638,2.1332922374627468,0.4713636438729739,2.229207401836538,1.857625389501451,4.058467593340618,0.3653021448778889,3.2082458412101738,4.3665509774033815,3.7773429565266783,0.21534166149566486,2.661079129664888,3.0,7.0000708862078405,1.7258781860823325,2.7359136465840135,2.1637593438494127,1.0927732772364913,2.2880004257519064,2.2083847288617626,3.809693200065646,0.22471489585784976,2.8729706373254964,3.323984517340922,4.175791973937043,0.2842661163775841,2.2297096449714866,4.0,3.29567455791817,1.8205520428138764,1.3571535743703724,2.1695632422349025,0.36928501805431,2.054090147593156,2.2370486744335722,4.0513155406047865,0.22862541958670582,3.253705106552783,2.8091002962327907,3.8423673442691966,0.2464686927159303,2.395660943211537,4.0,3.4207944065644553,1.73359396037933,1.1875046090617238,2.223151616173464,0.5013621814849021,2.070227726474647,1.1811362725569923,3.922852921920984,0.1012390668145551,3.2879808393627963,4.722943350443427,4.106091777932112,0.28494763900874365,2.140230506595071,5.0,10.401269513215736,1.839378137146623,3.8782757996827137,1.984085874294706,1.6402769977430642,2.035768256092374,5.076801003997493,3.8267119159686107,0.5912221770953915,3.23596610480515,4.444234811461558,4.498273860081277,0.30016747721571757,2.0979464081980193,7.0,4.540291497289266,1.7682429829005568,3.9862176433149763,2.110001435387814,3.383697700675634,2.210274645281136,3.8985680080757965,3.965502549986619,0.6636249298174585,2.9915409773098967,5.039725914660674,4.405298965299542,0.30897318328438556,2.332636969342505,6.0,7.773698292382367,1.8985858469573587,5.971852561506603,2.1648207957407877,1.266488583105118,2.1709711609717295,4.580849588973812,3.968703718509229,1.345306903830263,2.9896090497207135
P27,stack,1,stack_s1_61.000,61.0,63.0,False,8.289551583666968,3.3936316708075656,0.20222358018168457,2.9285879678782494,4.0,43.47159823609494,1.9637170480415358,17.87925671638195,1.684626379380469,3.901919076272676,2.232407734816961,5.40383768067032,3.931568465314528,0.9320656226926906,3.0446031076845106,2.1649658936335663,4.685557297357626,0.39359958318658833,1.797995833647715,7.0,1.275963534266531,1.910797628548905,1.215835354378448,1.9745493160658079,0.3231635497642002,2.0179627396477753,1.2224919093091486,3.9628906227952116,0.5621454016280035,3.0342721496085145,3.3893337128879923,4.1228344430248285,0.27781393338726657,2.1046695514531977,5.0,4.5954734144342115,1.946126273230919,3.2899854124358843,2.042001943231756,0.7497694368460357,2.2125413795939566,2.592115036225742,3.7611146379649396,0.21087114620399341,2.9511544004930155,2.4889656723546545,4.557664109911573,0.3739463674399995,1.7634342905171376,7.0,2.1713054288112135,1.7469179562553219,0.7250745121840086,2.133425551061605,0.2730273662339641,2.287658224206739,2.0477818272585635,4.060025269684607,0.401559679889161,2.93290636466123,2.802751883449955,3.9555201582715465,0.2761486654098841,2.0149082652490815,4.0,3.702102909758195,1.9096255575799193,1.178145452073007,1.821764426410665,0.506833499366254,2.1401439049250417,1.6000811789498968,3.8080715197302193,0.13082293625407193,3.227282848654012,4.424983407288037,4.329090517009023,0.30700395518023166,1.9616699093777805,6.0,5.689330065159536,1.8612556864514613,6.687133113010511,2.095591896764737,1.2796742593028054,2.2403065428336735,5.687099006197612,3.819833062051466,0.4732662817262467,3.1421026932969216,4.7326744413300865,3.932612775734898,0.27363631351575013,2.3236267571584475,4.0,11.63829640385091,1.920159372329517,6.755825292830543,1.9442105726457293,1.615426376893352,2.2604136194261764,3.9927759431089016,4.042642036701271,0.46110925251548107,2.992996714187678,4.478880371267971,4.431464852686705,0.3690188136361076,1.9955618278998903,5.0,8.85970637139487,1.8743411704565553,3.138619060597923,1.8838521644310477,1.1285286911756605,2.286951278782257,5.125479805673138,4.030902365061082,1.7965158241010877,3.2562863715097636
P27,stack,1,stack_s1_62.000,62.0,64.0,False,8.678245842201113,3.4297960912436762,0.18367943861412026,3.1881137415472764,3.0,33.69231979211514,1.8887053585791882,8.57495824602521,1.6724096240932325,3.2226096150129013,2.192337436441743,5.30243371459315,3.878006810233044,0.7571718392671426,2.9214597660817017,2.5735225417597682,4.69546602043598,0.38513451332389104,1.641046484180293,8.0,1.8516125488306772,1.9736896330428624,1.1877633722637757,2.220548925529374,0.7073652754172668,2.305193897491113,2.077174583975191,4.031949772988771,0.254172744879261,2.966771210994027,3.505901898589034,4.059873681967368,0.2826568843298597,2.09880213449066,5.0,4.966015792563088,1.7443567406328628,2.154055046951812,2.195202418643057,1.335883118697038,2.073930440189478,2.1528667203414127,3.780941701056832,0.19401001734504852,2.8525315326952585,2.1976864685915083,4.261068672838591,0.3762704397438411,1.722914746179024,5.0,2.445317992236883,1.639906632742035,0.4846840079139798,2.2562551362771246,0.2791322576398402,2.2783875695170233,1.7125509969227157,4.111383014554607,0.21670075746373926,2.9878067846785528,2.883562978215167,4.054125927557687,0.2626864113961209,2.0390484512566602,5.0,3.7453084826062937,1.6804253904659463,1.120982816567517,2.1731259143592605,0.9673877639592083,1.7649375679657822,2.260618514321271,3.6798701590682557,0.12977007058188003,2.7844832205472416,4.118996950537656,4.40384733787825,0.2886811013363868,2.15347457553927,7.0,5.054306473626821,1.788515196712403,2.905991162645069,2.228331394932205,1.353637101497776,2.238355846511965,3.982526108969708,3.9450949430709823,0.30972171828657347,3.2854546103256594,5.058976005480837,3.889380721719001,0.2637021556619557,2.393383647770454,4.0,11.702800399172817,1.859098183226117,4.823428760944173,2.0839195715118013,2.143131131620832,1.9479261875221403,3.477503974325512,3.954905875992721,0.4303207538123375,3.151091601627911,4.958411113729637,4.19467896114237,0.35055789144169636,1.9214540297002276,4.0,9.611417583362098,1.7559588614149084,2.6393428163278068,2.1215978486764584,1.57755432757383,2.027209363849105,4.9675570874366155,3.72532098098228,0.9389264829811905,3.2513950502895304
P27,stack,1,stack_s1_63.000,63.0,65.0,False,5.4695913229596425,4.163793411097992,0.2726697250216132,2.2424740593978107,5.0,11.121578278422636,1.9519594842103787,7.448696815703697,2.133896209806115,1.9260374429819167,2.2904786363581873,5.361784288396528,3.601868412129835,0.8253174922302436,3.2128528839505477,3.018607954939551,4.642047612844737,0.33999270975978374,1.8320484381779365,12.0,2.1354040837249095,1.8673194132487332,0.9179199508856899,2.1244594325230723,0.6694751141361504,2.274049555152713,3.611730579825218,3.8990549194425155,0.26012287781769705,3.213073233389089,3.538165340370421,4.216220245972271,0.29415444394817625,1.925570287831785,6.0,4.547304506853162,1.8626415178104803,2.005975580933491,2.084451064239458,1.37323770461693,2.2252980705955037,3.212883488274151,3.5629555256157577,0.25338181649625235,3.1722250227521576,2.276225877386614,4.852457417548018,0.3773209994076144,1.5826340484509502,12.0,0.7912685470766833,1.9707311199251476,0.9341060060207149,2.282453677597352,0.5716959809559627,2.0805381245018704,2.178615352798924,4.019279027091957,0.13615730515429614,3.1740926347550658,2.346969889624914,4.280708891106219,0.28522408302043306,1.9591377082280468,7.0,1.7081506111479707,1.636771898939606,1.0327534704437358,2.1154290579473,0.6782915268978927,1.9649325753910714,1.4741313895059187,3.6568906506324885,0.1106126528597894,2.649793134069855,3.9145068093149877,4.440115159196351,0.3214386449568684,1.7581665081249895,7.0,3.7685944879365616,1.8026061067741002,2.8251745320166157,1.9409870303262484,2.0620593767894113,2.2797708149036455,3.998763831928904,3.821637445966173,0.2979808215134887,3.1394582259250794,4.231419240891852,4.2931014090035085,0.3042029175706335,2.051569178731284,5.0,6.065731337151556,1.9389730724282712,4.240505144740885,1.9762910657396984,1.2845787911616058,2.276604012224893,3.8343762034734112,3.6758248284690005,0.7340915616125068,3.01437802881562,4.114577098995204,4.766673936308007,0.3881750698030689,1.7267933615017872,13.0,3.983030965785087,1.7699819633371394,2.2092564287360177,2.200563725727228,1.967357542220745,2.2347365243155624,7.720445453208292,3.7483008221482237,0.8949252131325901,3.252290341569269
P27,stack,1,stack_s1_64.000,64.0,66.0,False,7.12290169989228,4.038652734663099,0.22018638110010333,2.632433510992611,5.0,16.44251771562617,1.8431462757837158,13.320963596456549,2.17296769345252,3.519496912597584,2.282286560456782,6.839490136370724,3.9213720582257707,0.6185128494116104,3.260627871403667,3.2325643261401122,4.446018917812387,0.30265979611894794,1.9946240121284824,7.0,3.0922580231775103,1.7860406818773165,2.0623095661603115,2.2648609629464866,1.5422946600492646,2.2699488010091553,3.5226395312429117,3.6855142454224814,0.20112184823816653,3.2650908591861825,3.441424407469117,4.238000407036525,0.27682157409753405,2.109366734722221,6.0,4.579941573544916,1.760244964851705,2.4665736006937857,2.192771034645244,1.3473196703773433,2.2714303982742665,2.7537190372641343,3.7788984912175922,0.21116105432897245,3.1144244822629217,2.6439137118015923,4.526838483525413,0.33443796664978476,1.72962999164597,10.0,1.2592554726494565,1.4673868603389992,1.0686486033836462,2.0865595863814494,1.657786928940658,2.181448747773194,2.560615592755958,3.8089765597847447,0.1687344616656371,3.0025498194536575,2.0679891736000418,4.711225908786603,0.34313040095598196,1.6757337046556249,10.0,0.5594639535767705,1.8023467704819467,1.1485412641378634,2.1722270825505956,0.6412717519663372,2.238836680064345,1.8603496377353694,3.8632372800968047,0.0957883145187991,3.2042363653977275,4.759725342622695,4.351038302562906,0.28747844478410056,1.9330914029370996,7.0,5.716940648448947,1.6100076267451044,2.9272854172385463,2.0438595847793413,2.3867197286281185,2.303669088025713,6.738907468069743,3.75605054671776,0.20955851879540002,3.1382528769841205,4.204368358298653,4.382593679398893,0.3003355749013163,2.0191853087502842,6.0,5.679056785080659,1.874794058841648,4.084713982931783,2.117618123652405,1.7194399265604599,2.3027629481793426,4.419603281012332,3.860870694479076,0.37528025600080006,3.0618457274056667,4.284235724885297,4.621030739830601,0.3457513526874365,1.9473659736295175,10.0,4.557896198054722,1.6976051298106156,2.2331728828211874,2.175692709240847,1.1662017134236347,2.1950532668144573,5.569545173896415,3.8804204758647964,0.6904054504554539,3.2961837446696536
P27,stack,1,stack_s1_65.000,65.0,67.0,False,7.455981944503231,3.6500884761754646,0.22375684013002065,2.643567876226811,3.0,32.73787713534942,1.719212699537535,12.545231128447547,2.0817183698176063,2.1407706934085144,2.276242932741212,8.894442838685352,3.932409987148108,0.837383101269959,3.395421548902595,3.3538796619062707,4.624142459029205,0.3363149200511743,1.7922629526297704,8.0,2.512496665130416,1.9420519512271606,1.7018142803883816,2.0822173840184126,0.6341055471299759,2.1739526364876927,3.6744384767202645,3.91428145233187,0.26829807318814997,3.268277430411477,3.248180102700925,4.030799561987456,0.28964977458280594,2.1576841496737145,4.0,5.3841226387609495,1.867547394532639,1.5326997955061743,2.2624196852702747,0.38481301776683724,1.946168296174777,2.5252136515235115,3.9301315061210618,0.21339806605700729,3.2810960885220526,2.56445085471306,4.119173435976911,0.3199840934124198,1.90275692036041,4.0,2.690434953331815,1.5565097120798748,0.5850523285290797,2.263701867569151,0.38085667060227957,2.2831674057044613,2.2183662136360573,3.827922661243675,0.15578360941398262,3.350558088545404,2.099603105698085,4.43290842151645,0.31534740343612694,1.8585278856012108,7.0,1.1990014291335016,1.8760170798069677,1.3662683830513742,2.0801600890054592,0.3682941528315837,2.028029952773773,1.5074403869328157,3.7683260247514516,0.12878422051598096,3.0879620740200817,4.436775472241391,3.5061226746913317,0.27155408879444265,2.2054741999471523,3.0,12.655168095119995,1.754147872907422,1.865299763297184,2.1584871470668614,0.45868104886143585,2.030460691498957,3.7049905478535465,3.8022437845046557,0.34920317908012277,3.2207993976506897,4.257228650770864,4.347849462321675,0.34041086741710835,1.8263981204357933,5.0,7.4828369565094075,1.8937443788057318,3.189114067238618,1.8752465958758069,0.606065194214522,2.243844656402903,6.3912405909259355,3.997380490370505,0.5720189103179666,3.3145294758726718,5.051006322500921,4.438047301189287,0.37188045950310195,1.8257682996654752,8.0,10.223704143130037,1.6845374118155283,2.3334486137293613,2.2263748734955318,1.2525851828754921,2.1056314289207854,9.07083281095329,3.837977168513217,1.60925998688895,3.3532126114836203
P27,stack,1,stack_s1_66.000,66.0,68.0,False,9.275848036132695,3.447711487562557,0.19705599798277865,3.060535298731787,3.0,45.883543966449466,1.917293028257478,18.579961241548318,1.752780694604276,2.2961004900708386,2.1555895206523936,8.553374959077635,3.8576108298965903,1.108908236788065,3.3605681487810815,3.780060932173486,4.141903034303572,0.3385007863204815,1.8818232535102746,4.0,5.609614638813898,1.6795114367526343,1.8601654122673046,1.9606547542814885,0.5385233392270057,2.1497827231525637,4.582798718428021,3.889890538933716,0.5202298375606278,3.2929714818424767,3.8067849244715446,4.4773550696979205,0.31633381440760355,1.904390083118558,7.0,3.488773625520526,1.7856423038057032,2.797309396085663,2.1849887235938605,0.7936957799992066,1.900721442241469,5.0457743622900395,3.825293947811675,0.3522030946655032,3.0684210796186995,2.4646163440680335,4.689164351944588,0.357674202651354,1.6886375888716105,12.0,1.0216107839525577,1.5973586919426754,0.7239413460702393,2.2105441187015216,0.409747451062611,2.000283111269384,2.254334475985623,3.971540664594121,0.14037971370534513,3.279384104937348,2.6740139923348756,3.589199601296149,0.2300749085399638,2.342948139192716,3.0,3.910686648856059,1.797831377073844,1.3727753043943547,1.6610322349209465,0.4798041761073426,2.189607787047181,1.1215854711136304,3.7000890751147497,0.06831992802358232,3.2092052371635837,4.412313284134214,4.1865796218851346,0.2937052671911958,2.0389629307473265,4.0,6.598224448228251,1.7916869764412477,2.3755011825419152,2.1995063187567307,1.0879962811181079,2.1234305630795576,4.594976951317444,3.9017242276992166,0.34665260291177546,3.256932575312387,5.547648285029742,4.371920688904836,0.3206395347395101,1.9852521032323465,5.0,10.955650091010845,1.8773081531813882,4.573600220985183,2.120829933857153,1.7678265740917305,2.1031493428628645,9.057397795729376,3.9131382842972537,1.0514710395623863,3.2108571669245634,6.096172956212992,4.5408133953123295,0.3626996653641341,1.9114469598101438,6.0,10.748979655011569,1.9029078738255594,7.084322359922687,2.056471758887692,1.9530188925587828,1.9549378062761251,10.419383203495698,3.847717855856811,2.1405680156727915,3.324324403864583
P27,stack,1,stack_s1_67.000,67.0,69.0,False,11.156423478326735,3.204113387971768,0.17270924993689823,3.299987074086478,3.0,65.55569955122007,1.794571567312512,9.987519004599783,1.9549690200536705,3.8408597886245044,2.29266670065682,10.63402156550042,3.9091695937388837,0.7000928636218131,2.8610636423203193,3.7550931951367432,4.235134108291037,0.33544151354816276,1.9023737894028863,5.0,5.195762561876951,1.6414068928989751,1.3697493088873434,2.086493242171966,0.9331923871760075,2.1014034900099556,4.255929222150439,4.002820555644721,0.4320197394808742,3.043472051231473,4.021630465888813,4.4834381667946435,0.31164156456888126,1.8821202240916932,7.0,3.955766052224282,1.7741033886242306,2.5589653707693065,2.2721715465163843,1.1012886178926382,2.080818943805535,4.756537477868873,3.8582893766588624,0.24234781324658256,3.218465745861775,3.3366125756721776,4.421228878745193,0.299395180909989,2.0297513424077915,7.0,3.9995750077042707,1.886669891111846,1.4745224015582865,2.041906885241458,1.2580370108708745,2.2199408578457303,3.1466724050916586,3.8470518174587967,0.22742451155473334,3.2187079688317843,2.9874708594036123,4.037965217357105,0.24667976424427185,2.2193082452367063,5.0,3.4273871475706024,1.7708390650359631,2.1852227259677774,1.8623181827359927,0.8285535961905798,2.1920213171621317,1.992612126175117,3.7550788640404753,0.08150070924587205,3.3979023334292444,5.4158404705450085,4.408189460047745,0.28299861929787073,2.044539544008314,8.0,6.1231066525178575,1.5308344339426978,4.693993161551108,2.198419993073509,2.0497987491260172,1.9934705904924557,7.986042266736005,3.755828216408547,0.587861641522498,3.0315230702579794,8.219276544877717,3.3377286728648423,0.2158173316672323,2.8662655088145725,3.0,40.26642108253167,1.8332551864855586,5.550203545912524,1.8233899329553283,2.334081027507205,2.1289314053424704,8.234846161974865,3.8925618833549764,0.6429750671343801,3.2001354653733705,6.162474971913695,4.747475307264952,0.38104455996284237,1.7073753788908563,14.0,7.31991319178259,1.8664400863674449,3.2830361908337613,2.2149106372250364,2.3052134816496492,2.2543884527345073,17.20225973760485,3.8726658433384373,1.253262125068509,3.385974087268443
P27,stack,1,stack_s1_68.000,68.0,70.0,False,10.130938737965344,3.0331410645106454,0.17720575239050831,3.390175190671916,2.0,80.89841347121148,1.7427930739059256,10.355318655552445,1.9720566519819305,3.7154839009569205,2.2145344631872352,9.352143960669936,3.896109141969075,1.1518613307984773,3.0928147176824634,3.1432277923983674,4.727613291685746,0.3634859385401307,1.7766862509791623,8.0,2.6843683610163636,1.8518787923076638,2.2990707818140566,2.1853144117070467,0.9251123198661351,2.2321493958789547,3.4708891276258917,4.017205406740145,0.5083688271861004,3.1541243471724116,3.5151598742178436,4.249890057756493,0.2951219376240704,2.1151348752076045,5.0,5.253061196957337,1.7629193147828779,2.8774884190721908,2.189495770845458,0.7874125410670003,2.19836645430195,3.5858487213668497,3.8596459037511215,0.41485063215511164,3.3005805449995336,3.422674916123025,3.9193208452783104,0.2810783602436715,2.3698539363039544,3.0,6.814402352087136,1.8832706591021593,1.8192541662399189,2.111101560206096,1.0164807283310904,2.275195041782989,2.0457667849713443,3.837966383956642,0.3856905342925321,3.3596771304496746,2.5435629849677306,4.131329806959189,0.2787548349708403,2.1375475207947736,5.0,2.8720351783106173,1.8429018571975238,1.9584363557278999,2.1162938652924383,0.7055045171615433,2.2672667201447987,1.3820941995608524,3.968555943607432,0.12245840062740004,3.139753165661693,5.482487963427456,3.576453541080131,0.24481754179220214,2.4055259362372485,3.0,13.745258536168528,1.3099158350318902,7.320748207372133,2.066115750305794,2.066255078360653,1.9979829776246167,5.144365768935807,3.3547982288509566,0.5558398167286124,3.046142306206602,8.326663188790059,3.1438927392825664,0.19462322397357348,3.2773449331890774,3.0,56.13113268892428,1.769854868155556,7.931735758643816,2.001245959874635,3.7866533362010006,2.1949702771880273,6.2990993847437915,3.8950354418039,0.9720584991122712,3.1685799407146944,4.942610782014259,4.944579946924438,0.45117460237142276,1.472569559346458,16.0,3.2083883169893443,1.8854731797158455,3.271047943401237,2.119141887049313,1.3401432412924934,2.1068191960980847,15.783637219872652,3.8888078454880453,2.0732027415205705,3.282441592935572
P27,stack,1,stack_s1_69.000,69.0,71.0,False,7.50437559892519,3.605152764059962,0.2281915868805195,2.9665918296840452,3.0,16.682155714287745,1.814810236861171,4.99268667074269,1.8336180628994319,0.8198437799415004,2.0710641601212103,4.442862657674932,3.85281608327054,1.3675000324904303,3.110391524803028,2.7268925121612795,4.766265349153311,0.4209687864658279,1.6514428139437805,8.0,1.6484654097902363,1.8179816033661553,1.915769446827234,2.1262578535953454,0.6608414457304694,2.2408509775843566,2.248106467809583,4.153261626847273,0.5641620491890099,2.903258003517619,3.1120178402074066,4.4779172282284145,0.3311110870990657,2.0400803947995314,7.0,1.6391475929507158,1.8320699487567398,2.998366283699523,2.196504368195614,0.6200513175468769,2.123731218208703,1.9886459911946675,3.748285295824531,0.4391292226202141,3.22289128241722,2.4691856865515778,4.667826821242936,0.3670015266669288,1.9178103865691347,8.0,1.27836312987152,1.9115093634350666,0.9985755074833863,2.1433409945823616,0.506434577557929,2.061443535041982,1.3831034722712277,3.9888066916753946,0.26961682946285354,3.4081358265442447,2.3095746372600465,4.125717135970341,0.29166311009403445,2.0402855070585093,5.0,1.5598051654836826,1.5096053194326489,0.6757358169798572,2.222122550567282,0.3278426001554219,2.123734009768443,1.2045522254387404,3.8445320456304883,0.0723104072229218,3.229575413547628,4.482992747304657,4.23483187278442,0.26975910221419985,2.303471458636075,6.0,4.517369013529811,1.668395888746319,4.189819701522806,2.157757868817433,0.8445988728202211,1.9643572696408647,3.4105184187256343,3.9139916832111012,0.5613373157500194,3.1459286218373097,5.68234290500078,4.295371747346404,0.29112615176428225,2.4037034569774667,5.0,7.179630887430026,1.8091439342912472,5.578213092368598,2.1738355469978385,2.316789306837047,2.200533692050323,3.9595675875583742,4.01661497456902,1.150395790437831,3.3497825041413734,4.592382096041859,5.046464858462074,0.4939679214582413,1.5097744475021493,13.0,3.8878021223957138,1.9938213278425005,3.9199992574897733,2.2574337773626403,1.1447917634081337,1.7141025742999882,7.017741399671468,4.071857801685105,3.0673315137180626,3.1028334937949253
P27,sisyphus,1,sisyphus_s1_0.000,0.0,2.0,True,1237.9704310303327,1.4725290905066115,0.18957507712837596,3.258046345816623,2.0,518043.14525478776,1.1142242849216049,1221.6869086172755,1.004852015464506,19.978079530849364,1.7833757980218197,12.333476892404335,3.9731192863081186,2.86009088691219,3.301542131748935,1282.524282519756,1.4685977024598313,0.19299957453265668,3.2185701583724544,2.0,549998.1688448612,1.114434118260927,1299.6212284369224,0.9990408315263539,19.010903236639617,1.8242856259020035,6.589043557867713,3.888588095866174,2.401451354769905,3.4361493736084645,708.8501982786951,1.4609648752587734,0.19677683937448692,3.1715512291921817,2.0,165957.51950441612,1.1144466245016063,408.60157018448433,0.9942628780092201,7.5421340761017746,1.816507678804231,3.8754769846052297,3.949898106618529,1.1364820424648223,3.224873171505489,476.588181041374,1.4431058026266501,0.20777198612291153,3.0540457172812996,2.0,73204.20054381197,1.1135676103523244,176.93188513012316,1.0459481574319198,3.6696900905024674,1.8759070445743555,2.8716730883947403,3.832859906304796,0.6174909551336394,3.319545828499246,2185.466378891541,1.4678970921071046,0.19344347153032557,3.2128603970431735,2.0,1595238.9915074036,1.1140780764937173,3765.568608360165,0.9994901572046258,54.66869718466204,1.8595926996316317,13.631602511912462,3.754212850725034,5.553968178391114,3.4415827305361355,739.3042412287391,1.4653057659470026,0.1954409912493516,3.1905176193905,2.0,181782.18393492207,1.1151873545152913,437.4908255026886,0.9985766386893731,8.658249753512276,1.7381493371433947,7.4574649753800495,3.861246014301047,1.3272444749566408,3.386690567437311,822.2063136480131,1.4721795033779133,0.19240001420499284,3.22976453197153,2.0,226226.0322161076,1.1138642240348668,541.6754573191733,0.9913528688062516,8.64938757160062,1.8681147163405896,5.85318914823944,3.9451860743884795,1.7636666589378664,3.3163429163654508,965.986580008808,1.4746459851229299,0.19023921740347996,3.2490233241079154,2.0,314090.78539843805,1.1159437764922944,729.7696414240266,1.0083341296338038,11.34506837312324,1.9605035618601248,8.839064530258788,3.8866793198591383,3.574121689076846,3.2908043161549796
P27,sisyphus,1,sisyphus_s1_1.000,1.0,3.0,True,192.86496331074252,1.173604670860059,0.03479955679832221,5.663750898499173,2.0,11534.929926671266,0.7689073646567757,29.227360244790287,1.9372935969600389,9.004931361351039,2.1122428528220665,9.941838275704606,3.725793533129631,1.4881739147892818,3.237831821484941,198.6592324440447,1.1123800509668857,0.03351843633430121,3.953436676575986,2.0,12373.559218237551,0.7477274793248481,5.311208026248241,1.503203025621752,1.776681422102322,2.0130204119311332,3.2771774044055797,3.6889753224490756,0.6044031859066367,3.3066053523087184,108.66593771248257,1.099201557600572,0.03528524897965544,6.859294490190918,2.0,3605.3474967099105,0.7367852445229425,4.295176902940216,1.9766363222857761,2.4176758441329116,2.1493567892713843,6.102560606785831,3.6876204219595374,0.6728677760780039,3.2283784234258963,72.71685171428773,1.0383173130924017,0.036921740406073274,8.455934779632138,2.0,1616.2967673836429,0.7387709720804045,2.1354320687860593,2.2330526606234526,1.5757209744547778,2.2694638407735805,6.395076139233536,3.4746514695617323,0.6402691675042367,2.8812938088866322,338.263661351158,1.1079532436200128,0.03309458172162241,1.51449427439295,2.0,35932.61197886544,0.7484038143665609,8.195793949075888,1.4357397804602767,0.5729201417833378,2.178379546682488,2.598724080674847,3.8317422220074393,0.18588339864904546,2.8759406117222683,114.13423152032604,1.1521043027847953,0.03853959181323341,8.740712000391449,2.0,3960.034852058735,0.7436723096997125,8.060118209852918,2.039033790024844,4.6430689675272685,2.15896668095298,17.860848327816992,3.9135522717398072,1.9713595824313574,3.113448351830613,127.66336477743127,1.163591678209449,0.03643638032130162,7.780096243403994,2.0,5185.60354661626,0.7609263857421706,7.919365048904698,2.0821378744341583,6.667677653165947,2.1309797639335413,10.148376454104413,3.8782924740879987,1.3335205546349662,3.067932427905008,150.74220575075583,1.1818519050065055,0.03743003271775281,9.112664816848904,2.0,7240.258750412548,0.7698665593359209,12.361841119304824,2.2030921170216864,6.194391400075025,2.102449207264447,18.009453841858786,3.6771023809271637,3.1840901948943645,3.2459702073222587
P27,sisyphus,1,sisyphus_s1_2.000,2.0,4.0,False,27.92545648970182,2.002032639798625,0.08073269183133626,6.714622339494341,2.0,230.57155898499045,1.0506932564886993,10.05487549010946,2.1897595160887584,4.732164700910949,2.159479217137947,11.376487537407924,3.715162796569473,0.7418300786424575,3.1747150165463394,24.19169821282763,1.588916840976709,0.06542795116786082,8.19998693076835,1.0,122.22469620952486,0.6689846463933531,1.9841445306506782,2.025477612135284,0.9771468272748651,2.290567858642511,3.9818190434885365,3.841323288248122,0.4393030705723911,3.0069256812053387,13.92263477545935,2.0995239937447465,0.10730041323157269,5.37590005694152,2.0,66.4794875004258,1.0222582967641223,4.142733092313485,2.2145147813618413,1.5303635464446201,2.026332455914468,4.514602332488537,3.767445648697345,0.42313417370430095,3.3210557096168425,9.387025811935326,2.392917667385866,0.13382716691547686,4.405215950637113,2.0,28.97821768681853,1.0496669198881015,1.2745578044386345,2.241076471389675,1.176987341622247,2.2410794370189753,4.399328857651832,3.9873983519485336,0.3260685100366885,3.072516462270298,41.20019734605421,1.4614204913826747,0.04013222144357076,7.739521663095144,2.0,453.3614558530431,0.8098957991498957,1.5331786403306495,2.26106107087421,0.5558696736816364,2.135695492145618,1.9178719570001999,4.064213546950589,0.07708841306989259,2.927720078871957,15.986035769950625,2.4422723262428168,0.13406217780567398,4.551248092805884,2.0,71.61559884608516,1.0277931585460085,4.878130966027809,2.196874137366441,4.279673109753247,2.125785102221261,11.575795680248609,4.018878430787627,0.606447712281279,3.148189783440163,15.3728553853296,2.7342551548325966,0.12489256360586323,4.651238492690711,2.0,31.533873078514926,0.8842005136823718,5.928613464125567,2.212689841875176,3.684278671443473,2.2270696439152036,9.182417623367877,3.731892209515,0.7341995537438686,3.111777175876454,18.981461387753964,2.5760897062375423,0.14535610584824904,4.557401309571742,2.0,69.70990888255159,0.9699007840618681,6.304150228477571,2.2647794293776076,2.7641884694407035,2.0471975653005825,13.454922181391769,3.922498049547199,1.6670319803104368,3.298217318585451
P27,sisyphus,1,sisyphus_s1_3.000,3.0,5.0,False,6.725759055472856,4.362038099664381,0.304800547570197,1.9512999671969289,8.0,9.966797150163723,1.338586084885641,5.974461166349474,2.2363069857384854,6.371951726869511,2.145623560274863,12.891218477993005,3.8096183571423636,0.8814036950205896,3.2676320199263547,4.47744386480371,4.465031208711485,0.27943066955365037,2.197670247117284,10.0,3.2838717937106368,1.6502009826917545,1.040824990143203,1.9873771938311204,2.7441786731711675,2.163483444252285,4.468133773068665,3.9225549957141763,0.40540815365985716,3.2184528510828647,3.8450221334059607,4.362678246785395,0.31618056543848433,1.9322490541035362,6.0,5.378506954732452,1.6499785582201876,2.24566124589537,2.258718693567704,1.7460070402869752,2.0611203491000034,4.665322673840934,3.9084168365315097,0.40883237550976914,3.1471543237090103,2.835600338776973,4.624284437434977,0.35167935071072565,1.7306880214686269,9.0,2.472274470622623,1.9876084080996073,1.3527047469103821,1.8054181391189261,0.7699083252466333,2.0497089051637967,3.474592855288483,3.856443344219484,0.3017243297763909,3.016899198752719,4.82696779597043,3.3557488120408503,0.16427038028415644,3.4408139696027904,2.0,3.824607492305459,1.1770655777207673,0.9089200627938792,2.2782221542747294,0.4672009936658408,2.2317394085415043,2.127060341609894,4.005407277642414,0.12138987466440573,2.7812969663700153,4.521811445051097,4.614590123342805,0.3366248006692548,1.8177173084818163,9.0,5.087038915663616,1.8672501119308853,2.6659929321595555,2.3087804538240952,3.366548924555711,2.0792256639517586,6.01849322482535,3.951277875678327,0.4084519681542058,2.932194766061323,4.816834318787084,4.616073906087799,0.3351087400273256,1.8538516113278143,8.0,5.439987200671457,1.6993651581093148,3.611827086219947,2.260973270965533,2.357874002575148,2.247027436100384,8.595418348816143,3.8866906112088633,0.6914198491983521,3.3933152182252613,5.959611194802064,4.785228677466748,0.389240223288795,1.8068420558477194,10.0,5.735546989798709,1.5167597056216398,4.194860907796102,2.251119735143585,4.245792510934704,2.2505541768729107,11.52146562914014,3.9298827530789064,1.6430277628085284,3.0764942318425934
P27,sisyphus,1,sisyphus_s1_4.000,4.0,6.0,False,10.349743318245054,3.03090085845781,0.17424476383921164,3.570615441728928,3.0,69.20644372266108,1.8346239505879471,14.502619952159433,1.7883050498445046,3.2196797231631,1.9292243789338615,6.139923035487264,4.107037905059555,1.0208982113947718,3.390600534416796,3.5767201122843644,4.02655661110734,0.3371677011427738,1.921690013409378,4.0,6.875326471387913,1.6065167440922052,0.7467858972072565,2.28713655683465,1.7142551719499965,2.103669434513383,3.5369053438356888,3.959651107543987,0.5010070584259045,3.1151660000578576,3.965095321495016,4.156577616243551,0.29489434523816305,2.154747466288586,4.0,5.955008496257037,1.6389561998341762,1.3364254571140892,2.1788438247143693,1.1685415358106008,2.2936408158865693,3.6556212904636953,4.08191448648046,0.47049849892476003,2.8407377069932815,2.564233314132829,4.759949462027949,0.4041581202286484,1.6160525722851156,11.0,1.2430828334933126,1.8902962578982456,1.758015930102615,1.746079138403829,0.5155322519527016,2.1455763797885,2.7452897297848304,4.096512185301774,0.4542479633707238,2.9438759455122305,3.015573079368015,3.9186822136316724,0.27648311829687,2.1447904955349175,5.0,3.2272547919447523,1.6223353025299931,3.441599859547896,1.9617750789352344,0.6739138213324616,2.1363923958690956,1.359957042458107,4.0909841235059785,0.2205192850673201,2.8305006355033027,5.248296250574508,4.448676583477732,0.3359053260689495,1.8314523947704076,7.0,11.882712342388384,1.9015850878737157,3.6228559465811645,2.04368476905457,2.066073204422507,2.1901342804297323,10.618596846957292,3.961410635269643,1.0061972642785533,2.895428613173657,6.240639565952897,3.6096445924118368,0.2614674992330528,2.5695116632973063,3.0,22.465024562379018,1.6012853686874893,4.331751770883078,1.9291423490212172,3.686740498039532,2.2987083288206733,5.3647609498380735,3.98543300060795,1.2868826685762835,3.1364847625414827,6.627009661087729,4.232332363596912,0.34819991794784194,2.043601147600113,5.0,17.066208968475255,1.5070863637189416,4.5888311557901,2.0070337174449238,3.8562762242125297,2.2061808216786782,10.404967346321675,3.9410963235907337,2.3684446675380815,3.1056721876752444
P27,sisyphus,1,sisyphus_s1_5.000,5.0,7.0,False,10.862516917128673,3.1411140191792533,0.18248323363721525,3.126400554692828,3.0,65.93917955269121,1.6142842963088961,14.72993215875994,1.8997355422125164,2.6993289074200133,2.1803872321438593,12.16187786722466,3.873637635173614,1.066920887615134,3.1180267519175957,3.746420785013862,3.941994710983373,0.31733501259900426,2.025118126968167,3.0,7.902916163077361,1.696166786799375,1.3795176472976471,2.188856682183633,0.8982151162169746,2.273993867172063,4.1145535912235,3.9033663636112776,0.37025116228945854,3.22921189683372,4.122505583052713,3.7341763670979313,0.27844007167085394,2.1989176974218796,3.0,8.345063233308897,1.5413367840544427,1.6630257214394835,2.0129442337695735,0.7846963361763686,2.2573413141849845,4.038234095165435,3.8952490664953436,0.38633543418492283,3.0984057903237017,2.85466797041691,4.792533922141688,0.37169056054350036,1.7184003031277346,9.0,1.3729112493741944,1.9172890540904186,2.1560090520148885,2.2092773115978916,1.1438053689832888,2.2664681086277736,2.729556430198359,4.034515686110634,0.3774625871243694,2.975726030897883,3.0580613384504787,4.147435273588235,0.2909268340299668,1.9307259454538945,6.0,2.836144810429319,1.5811828203927438,3.536449002080383,1.7878900677666558,0.7583331117415317,2.215024879854458,2.7108748515967793,3.875386111027857,0.1999654307423424,2.885669457177256,5.678457751853148,4.530397374942931,0.3204060846378248,1.925129090753515,6.0,10.492978610626533,1.8915085220090726,5.061086005921394,2.2616513848241837,2.50618622499408,2.1935174058899802,9.743847344265394,3.9728274086320092,1.1373704388940693,3.092314769558801,6.500274599887527,3.464863512549395,0.25297990527171393,2.6063425201779347,3.0,23.674526601217597,1.522832369274777,5.484909818322656,1.932532149725413,1.6464284443271568,2.2771659897334615,6.790977415758313,3.8875860294831632,1.1213682748364637,2.9328067691692814,6.685285599702559,4.063853521016649,0.3183884983904669,2.175060166414022,4.0,19.402159184624672,1.4463603863611245,6.821725432243396,2.24392179530788,3.587725738502189,2.0037121272784115,11.20550568970895,3.7432765495223466,1.808265979345168,3.2937368654881527
P27,sisyphus,1,sisyphus_s1_6.000,6.0,8.0,False,6.805142812168797,4.451945178118032,0.30290659299969797,1.836282628966316,6.0,13.244592326636917,1.8631503969206096,5.726939553830887,2.2888957241719106,4.359115026415065,2.316362715122187,11.523996681350681,3.829407973180126,0.9085151403935736,2.8267664172063163,2.972741608856106,4.636051544382564,0.38966559769167003,1.5234615454642282,18.0,1.192162228496973,1.91067411895631,0.6123756394520105,1.8608427730080346,0.38766026894265415,2.1733469335276485,4.861289179357622,3.6839862561015684,0.3189197770123369,3.031809218192215,3.44702445570946,4.103045805131249,0.30550024723880537,1.8861755059165968,4.0,5.802591011127747,1.920465425917567,1.5082718091032135,2.004878957935023,0.7026805343940039,2.298919525604086,3.368110998612802,3.8813600210537187,0.2511400804006269,3.0045629825163926,2.890964684727824,4.600418490094662,0.34397883501041204,1.748940670093771,9.0,2.5774788387371412,1.9609807403866837,1.1635145467627825,2.11456274069856,0.8936299386037594,2.244655582562517,2.943804773446317,3.855025137334615,0.2742452745737334,3.1884477152152493,2.1363392241714605,4.460669041157165,0.3805040529275586,1.4221427011499361,16.0,0.8729491978204027,1.8435839543126689,0.18718616774660884,2.18215927303451,0.44830436111035893,2.0324721979445033,3.012069192829781,3.557773554837523,0.12069306570149954,2.9807682194115332,4.541942892473669,4.385012674065235,0.3159329714977527,2.0251308690644336,6.0,6.893813987647571,1.7827540629046084,3.4263186896964735,2.2200522082713903,2.41688052025113,2.1693773238753105,5.022933410826586,3.710678043866345,0.8211680458254469,3.294102109988556,4.5434623692565745,4.166747079111782,0.30275612068948377,2.1146044274019506,4.0,8.656056426468158,1.911891461399334,2.697867628227772,2.167736190546594,1.2259307657335332,2.2350097258474624,3.750634499136786,3.9688608224978252,0.6703212232912321,3.236670814379786,4.639784935795989,4.638591023555398,0.3782700151882689,1.797785463666412,8.0,6.233178129056913,1.952661401706679,1.9547343396451116,1.8136259621655548,1.1257046935151094,2.1302230747220734,6.025830841920453,3.8221957329546887,1.1948088733395112,3.2873871409911497
P27,sisyphus,1,sisyphus_s1_7.000,7.0,9.0,False,11.114219256565578,3.61543781983091,0.2078282062221614,2.7068647927819707,4.0,59.090858146219844,1.945921331705547,20.10773527041004,1.8221138479220294,9.502104928001298,2.0326327978871506,11.465720135021499,3.8801722634546034,1.1119731612782546,2.663139419597133,3.649683102903592,4.567155913270639,0.34016256096542724,1.7521807126771676,10.0,2.3948124817864853,1.6151256117039328,1.9191974479001277,2.1684226269039013,1.298192602155026,2.1589685811631627,4.403685888331242,3.6554463043319236,0.2571063491009113,3.261249683216667,4.070642628799966,4.365136502579698,0.26131457918049916,2.2382435851644695,5.0,4.668502870119423,1.9437657004160875,1.7205411504563997,2.079064223968476,0.8262983619820841,2.0389059698122343,3.4920416266071745,3.988336094555381,0.30427747030347185,2.745826717134605,3.1631632441864554,4.572976576016281,0.38058551195080953,1.6977093766516214,8.0,3.445804538845743,1.8313344105794918,1.9465254703082664,2.111956132519106,1.1370475856465032,2.0791541590729095,3.7182225695684226,3.9184336306973537,0.40796461500631204,3.2417450459443105,3.0078964476345824,4.104263957513009,0.27357185233223696,1.9118549552649937,5.0,2.9747024758417897,1.7838925567445032,1.9276532071651025,1.5537119006040885,1.2029399865744606,2.198408934561319,2.3096793785546623,3.6740789886668654,0.07616037976686554,3.173306607865175,4.801428199685264,4.316174545612429,0.29659388530599057,2.1405750916727864,5.0,8.510516393602591,1.9715300753242047,3.7817796789969247,2.1400844531617955,2.615768535306027,2.2251927411473624,4.280768370567303,3.8802983661665453,0.8252449302793392,3.19376085332096,6.895030725536005,3.9014753298865283,0.22922666525387722,2.8107863930687156,4.0,16.87817135461316,1.9832402258906303,6.325863684438324,1.9237831688024918,2.5524984474786834,2.0222334865423455,4.706577552165386,3.851749000917142,0.7102554434295125,3.306945911654778,6.164050563518709,4.4524893100588905,0.29964274306301286,2.214175015794913,5.0,11.510140783200612,1.9586437890260107,6.341044769460565,2.1351856656492703,2.6221217342349767,2.188011327542571,7.084274934646609,3.946844343925049,1.2706244701690208,3.3099363575501446
P27,sisyphus,1,sisyphus_s1_8.000,8.0,10.0,False,12.599369768354817,3.3529068938477318,0.1765117491394168,3.1801739680535555,4.0,69.60188302919042,1.8959258108232522,46.8905019795444,1.8739785738183055,7.193513485967839,2.1654908501134744,6.533130824870751,4.015224994496389,1.8205365527901856,2.553084190827872,3.6320457293888255,4.504830791015967,0.31821571364306506,1.9955313415465115,6.0,4.408151342106474,1.9961878162070767,3.0596915030727514,2.071612869207139,1.6155932542833695,2.2864824271587847,3.225370929310502,4.054303727386894,0.42484268792914204,3.050602692790621,7.033189948233923,2.6852216456300906,0.15699399546072426,3.714531251356923,3.0,44.765552680640646,1.7712701314981811,5.54710594543301,1.7305365575526894,0.6005483066578057,2.1249253197598446,3.0174463920824075,3.9669165881078974,0.21095697997079865,2.9144550599906056,3.633463244643504,4.457919468706327,0.3287086186406195,1.9420077956783082,6.0,4.107894082882025,1.8642431011273017,3.03791028467608,2.1750842055948274,0.9947132017457054,2.261968964167023,2.8262194637501685,3.9449349291553757,0.5576340530858417,3.3048916695512376,4.037464300404697,3.32847842354748,0.20679606404291434,2.566695791278744,2.0,8.557564659799691,1.7010191280701454,1.4185094068607216,1.7890338533655035,1.1847626598194063,2.2277876616146344,1.8282690073240464,3.920916977368205,0.10402311157172829,3.008715429705767,4.545209116962109,4.408195740102571,0.2962587565514888,2.1128391027170403,6.0,5.327670287915539,1.944250439747051,3.8485780912655656,1.8002371332314548,0.9165787909235643,2.2201576442154125,4.5911798195002635,3.8813112625833397,0.6991230425359515,3.1712256421228684,7.552317060536854,3.597255482499982,0.22771456681899951,2.7849996088383384,4.0,31.353734411158236,1.907957627978755,17.786764666272322,2.0160040353270707,2.6557602828039313,2.2595097628377507,5.153625862313837,4.013092278600462,1.1676557665383502,3.1439942658115543,7.780536110355793,3.515133219665536,0.2383563751686494,2.822152721868631,3.0,33.43678598115229,1.8105102414384884,9.560268238743877,1.8234914775595747,3.015135884970709,2.2715406421650184,6.641536578464532,3.9242716118646177,1.4341913595729263,3.3184541237379297
P27,sisyphus,1,sisyphus_s1_9.000,9.0,11.0,False,9.550089497523578,3.3006218105363923,0.17783546638474051,3.1297210369079,3.0,51.12540295253195,1.9775253662225658,16.37374446774548,1.792424567699676,2.8240971632001526,2.075487439812611,5.604483926446424,3.9138818963427404,0.8361801380198938,2.965239510413114,3.089022567534767,4.435050034727,0.3445389201281435,1.7998763624999197,6.0,3.3874875412968946,1.9376977150372947,1.8746794784025291,1.9892722908145806,0.7823713666522596,2.270257667274843,2.6727000825804375,3.836463322165561,0.23243670547215095,3.049619512306589,6.730442645321624,2.790798080448067,0.1586799110394442,3.4768298946199367,2.0,22.96612820042799,1.6092759405818882,4.000139098134931,1.791504981732994,0.7850781460377481,2.2855012244134847,2.626422370096023,3.978943124011666,0.17318998236615085,3.02015214548804,3.4098665660661025,3.978151965535529,0.2811435720843392,2.0080618508466377,3.0,4.931779538821045,1.7633660731095053,0.7315017249185669,2.2692924161542947,0.4913331208596731,2.2848863568862186,2.391073386542636,4.0636598840762685,0.22202011490769552,3.1245690665839807,3.500014605749619,3.735476339874003,0.23068357160529115,2.349362612225243,3.0,4.316714268155191,1.7491857406513034,1.130612361041219,1.9780387087277571,0.8220268461103537,1.9371688216281369,1.8657320734419143,3.7707683290545106,0.06896748182169404,3.2030739099814474,4.868123385253315,3.8401619017004776,0.2908411532001357,2.0237576915584,4.0,13.164701093032807,1.8434537318862319,3.143485721228571,1.8719881465711312,0.9942167003405729,2.183662208090909,6.634267414816184,3.753097304730389,0.520424486072111,2.9800312268524394,5.721559451085206,3.7864195109985173,0.26143789636075754,2.224593218538642,3.0,17.126196464823067,1.8967307920090484,5.049690152863575,1.8972352440529063,1.6433820586718646,2.2670678988299726,5.519771414105776,3.8704019006330546,0.481788231888481,3.079241838850334,6.794091558812639,3.466733482074318,0.24619323643253424,2.6623756073019864,3.0,24.283324297477222,1.722580400681021,5.30431720436828,1.929949188095899,2.1787466187315188,2.245429391820535,6.182349356242233,3.840838651789758,0.9484846278411432,3.3926047648222335
P27,sisyphus,1,sisyphus_s1_10.000,10.0,12.0,False,6.935359057055776,3.853819127859683,0.2263806268655332,2.542325412084111,3.0,13.931919012883093,1.4948642508282637,4.190372937950998,2.126772371397414,4.043155634430406,2.143479358576863,7.509202211095201,3.9864699669602643,0.24001441252167632,2.9564457182991544,3.0900039089780242,4.640718593525706,0.33642540153724065,1.7688394509354406,13.0,2.025264372052262,1.8520461567727888,1.299286805383836,2.222350336071571,0.8783223814668377,2.2180067302663957,4.712209567151875,3.691340415375069,0.3146271236520261,2.730764723296728,3.128466902334321,4.435180667299051,0.29906139199118476,1.8559403142206001,8.0,1.969181095643516,1.909554609901,2.3592079574766034,1.8895879361386934,1.2295767393519674,1.9643785443252983,3.3134777312118486,3.7274463782596747,0.12756250371030534,2.894396990742923,2.9377259976556296,4.359882962401473,0.3260472889237433,1.780387483344779,7.0,3.8244733018624295,1.8561924756905919,1.076608170808336,2.117385535366868,0.7908777285065982,2.2784227539057316,3.6789907142279907,3.85075388416528,0.18792429909550493,3.108518910494128,2.5520570577274277,4.181463774259624,0.30639061025019837,1.7184317126462396,8.0,2.1169359816269937,1.8362145335239617,0.8187775633987114,2.2537689779064563,0.5759692523883777,2.1833104907287506,2.446187104346559,3.220270084675376,0.0739773026351939,3.0858334022514153,4.811767272534645,4.267950164564614,0.32032370910469027,1.8922370161191497,10.0,7.224573343087686,1.5881545576299132,1.5497712217694797,2.1101987800694,1.0341092776336969,2.0078771147630214,9.648885293160331,3.6950488151178793,0.6932694923793349,3.1466095744015683,4.5088010108362715,4.512989822150298,0.2925783466482302,1.9712216107622833,9.0,3.5698612378493646,1.865758315532946,3.303686935208365,2.1835669106014524,1.9630428905403037,2.2879101446026553,6.20791685446541,3.5287565626473625,0.3597465925186233,3.2968357522245078,4.6539528988554055,4.706608967294136,0.35399576347755146,1.7239618020436227,13.0,3.704922112894601,1.7326149866357974,3.0453930591711442,2.2540716611688336,2.550586309289188,2.236625807600005,11.254874148568355,3.769458466201328,0.6804964139454068,3.2208925630849925
P27,sisyphus,1,sisyphus_s1_11.000,11.0,13.0,False,5.026068874396033,4.309953142349535,0.3077809626847526,1.8911473639619538,6.0,5.3971276955000835,1.7428294512279021,8.973816431889267,2.1086594478292096,3.967611876071184,2.265828253281633,4.380652651303498,4.022351546056882,0.7615745007412722,3.011337859581257,2.519288142961634,4.475419147838604,0.34516612115667233,1.7784044934047332,9.0,1.9711114370833893,1.856364102045228,1.1039477613578834,2.157686572716759,0.8106036037324387,2.2171132958124353,2.1932537726277412,3.520395750763703,0.33555075295894826,2.720373562871121,2.492320988378763,4.2109296576815956,0.31883095572973275,1.8565926677358817,7.0,1.9246534395194086,1.8397985988307344,1.546923694485801,1.7736638876988513,1.7063398418355185,1.979842285528489,1.347082958596862,3.6963195275896914,0.16382529610242008,3.409239337539335,2.5869700076324316,4.183528608958885,0.3249731205225194,1.8196293918825905,5.0,3.2576723451651626,1.8012743930269466,0.9428835208284155,2.143074541492692,0.9759259492997003,2.107758672582788,1.689472594976332,3.906831801043923,0.14761908508619273,3.1008311261776744,2.3295400331453555,4.205910044423281,0.3073558757958576,1.8177053554173839,5.0,2.105109653466048,1.8703202483466872,1.196403957289458,2.278377360549894,0.5592954777511271,2.2098573657094094,1.0712025272398777,3.9347749007558415,0.10111285743740725,3.1919028038720985,3.4280457051346844,4.5583084424882925,0.3681535644478983,1.6847460889701897,7.0,3.660926111918037,1.8943327182235454,2.5477530828217505,2.1109810286751802,1.3977787169377063,2.082581685503164,3.290802287461968,3.9652117062358343,0.5553535259215289,3.0456493692839044,3.2055406298437963,4.500118561051061,0.3243440618691987,1.9711183545483266,8.0,2.2112661501256046,1.6223626310998878,3.2124201549491866,2.171240690733554,1.6710319085306087,2.277376617209343,2.3125612246282152,3.8898309767738057,0.5129738738151142,3.34495742564757,3.70184211899699,4.765565297266068,0.3943886118588077,1.575193292210493,12.0,1.645021372397842,1.7445843034763713,2.5182275839514547,2.122156008911693,3.911945503869629,2.114359519647074,5.67307852335893,3.8153400785692,0.9894105069950988,3.023873958374014
P27,sisyphus,1,sisyphus_s1_12.000,12.0,14.0,False,5.5927714250192775,4.149162953274904,0.2547357589630407,2.309146454805908,6.0,6.151694309304899,1.9168726179723243,14.16081972908704,2.264623924182226,4.039593547030058,2.0004470367444562,4.09749227437138,4.002269701839049,0.8619859299494261,3.1147993663502,2.427609837466604,4.794707612793724,0.37203191970899674,1.6544937143165455,11.0,0.5328419722135822,1.9847490365176712,1.4657440204403334,2.2398645401987536,1.047568040180603,2.2742161480101846,2.089280209754241,3.86869897180379,0.2358674481733745,3.14095784451391,2.502216551098111,4.391398548778864,0.3059307344270897,1.9833367283058287,7.0,1.4258154190644658,1.860071197823968,2.3198410704980943,2.131961406046572,1.117232225959504,2.2911094558043894,1.3651942964474542,3.851958006960668,0.2187275073698801,3.0315113451199225,2.1853064300643474,4.576805218409988,0.31440556867891284,1.7953147164351446,9.0,1.4468254888378818,1.9032388257831656,0.9368275887211209,2.2212536642309235,0.8053509469611522,2.294505292557014,1.7637682261804062,3.8235178143314807,0.08846720389722132,2.884981267270652,2.1933055920284437,4.53701535526888,0.3050473607662202,1.8385542132539452,8.0,0.5878053902999469,1.7520183361391832,1.2837897351658243,2.2581049629894183,0.6622784138893796,2.2169470804928313,0.9591984530357593,3.906271283547788,0.12961306426185065,3.099796553200079,3.4344456741194835,4.448452371021424,0.31341723378332176,1.8999465562975653,8.0,2.8012879505510435,1.8748236252504487,3.5509349218542545,2.2553945213735407,1.8419035672793098,2.208472906882852,3.751676646196318,3.4066460220503956,0.29533391742862813,3.2080981941993447,3.3683354116808317,4.458191951406735,0.32368188619728305,1.9746204337224504,8.0,1.515700166056054,1.7801361701901621,4.252979767623538,2.2598052237724024,2.1174970233424286,1.7235163374065754,2.5291676362751097,4.013464801294517,0.6774825580682363,3.093872173277015,3.917189809198129,4.70005763961051,0.35956096214582395,1.7900906076961987,9.0,2.3855784075075794,1.9196902881584874,5.058286347744679,2.2782915396855947,2.11169031910577,2.2108736977879886,5.387193782564674,3.828376944746317,0.6628475040136466,3.134199702820603
P27,sisyphus,1,sisyphus_s1_13.000,13.0,15.0,False,5.8503104606453835,3.7057119779398207,0.23426405426947416,2.4016610947894965,5.0,17.114301612230832,1.6109522164585377,12.424768578306747,2.301533468830375,4.583059983212361,1.866465766290822,3.418855956507669,3.988162624215732,0.388541866048514,3.3067697717751647,2.6243989967715007,4.633702557036571,0.3474602078687077,1.7119719572090362,8.0,1.706566954531636,1.7669213302772881,1.7987293781891611,2.17653526183135,1.265215592289525,2.1219249900818298,2.534211371465741,3.982768234909743,0.16088797362433127,3.2371428170637437,2.7561503516363133,4.267743029013975,0.27437403828513734,2.074503720235958,7.0,2.6011334616986894,1.9059922601460597,2.0622378645123116,2.2903525985626336,1.0930289593141573,2.151656457082769,1.434956567584718,3.7036540148102524,0.16249252827149607,3.2862846695053474,2.3917825620108832,4.638392716613258,0.3401522780792105,1.6819621128773783,8.0,1.096421155820673,1.7787657233074727,1.0647224541206628,2.2661550424602632,0.734226604177787,2.290252684977745,1.4044726857000545,4.010341475167022,0.12139847202762265,3.1314829765562213,2.441503962224485,3.8245027633389173,0.2582312250161026,2.0877498403561554,4.0,3.589399567701421,1.7321068891103009,1.0716173076050621,2.1797087619054736,0.5031100083070902,1.9462942249509096,1.5930980536076114,3.648464259422739,0.07755637165620288,3.1656690585748293,3.7540458703221375,4.637966439583732,0.3387582179694101,1.7882100956712144,8.0,2.990670268855845,1.8777703610775212,3.0020055391956757,2.3073942688119957,1.5970023460698335,2.0236643524432676,3.312963700128774,3.966064462417763,0.4885622750121844,3.317043790184448,3.8733360306294844,4.288909773502522,0.3070308291884951,1.9781011099271364,7.0,4.835739476801655,1.8752597403284779,4.452824263474551,2.275146293372965,3.4337222627616004,1.7166181749292142,2.807262161104358,4.035834653789443,0.5571254895095736,2.8428248139589964,4.345319861273718,4.531114662865807,0.33961875806829167,1.9706936807931694,7.0,4.888689221233802,1.79675165403027,5.735215484679838,2.157185528788014,1.880217701957422,2.1378672640527525,5.037365753244832,3.7607986698136107,0.7666286937113126,3.3734800157459923
P27,sisyphus,1,sisyphus_s1_14.000,14.0,16.0,False,5.397313831650155,3.9412928910062788,0.24907784520607543,2.361795874456572,4.0,13.089064649800399,1.798987175544289,6.70781253585655,2.18524784193436,3.244821979152416,1.987547550024455,4.302323988605942,3.661403831464445,0.40475454013894985,3.0267552527855646,2.2693070741547685,4.521879718871862,0.336617285577932,1.8796755134959109,7.0,1.8538887608978585,1.6649935964807203,0.7688214067281562,2.106793498673286,0.6084122646530908,2.1645108915505697,1.6741377191324054,3.9790763384610535,0.17776013974067031,3.256753876834954,3.0005430503368453,3.935276042811446,0.2532545057594488,2.371806690610905,4.0,4.627402605835146,1.8144078114049493,2.0350413876684987,2.2350593728401282,0.9873086629947418,2.1636532427536554,1.5115778218027147,3.7505508891989834,0.1328814294455155,3.112802971157718,2.318483148333332,4.628016328174951,0.35086838475233323,1.7341854244601285,9.0,1.2395041667804787,1.9046609563916397,1.1326376345446356,2.099398670465274,0.7814931253609945,1.983318711570763,1.9759623515839932,3.862638364172122,0.1569147112113819,3.1692952070502654,2.239629451271817,4.1659821615,0.26067045976242986,2.203722478197395,5.0,1.5275070688734538,1.7529893162837642,0.7644585010272326,2.1741409184664446,0.41772810670279104,2.0784551340170796,1.0392244321857822,3.671927453227326,0.06811959674070288,3.1961530386537294,3.586443651315944,4.56831119765102,0.3541549665354428,1.8847491313221592,8.0,3.938927999569138,1.7147929099159864,2.918313064225008,2.2746449289821893,1.8879878745909715,2.2430201605614433,3.315076859793683,3.994733542141288,0.5543290438674872,2.9548583221747484,3.9492245369872383,4.310549689988789,0.28611700281920943,2.204946681569323,6.0,5.344720106769479,1.8534223411362583,3.4996517653862442,2.2144182336972604,1.8018659745146364,2.0551029159127574,3.0319096113370283,3.7912306359474117,0.46653243807476336,3.281249157699702,3.968899445338923,4.622148501760061,0.3827553394117396,1.7749296190914843,7.0,5.81706464006099,1.7566764968069937,2.7170721303627103,2.3007452254811764,0.995313490848958,2.168604647289974,4.988195685094635,4.105410511409087,1.1034593047544974,3.186177468993968
P27,sisyphus,1,sisyphus_s1_15.000,15.0,17.0,False,4.819349837782137,4.31037524076011,0.2773918407358863,2.1772957795632872,7.0,3.407394767224203,1.6916391539306637,7.884682698898933,2.204395964234604,1.594527606529331,2.1051832458490285,4.328960353379984,4.014128236477163,0.3457125186023918,3.1893251423682973,2.4427271264006456,4.41634624772055,0.33329477384396883,1.9524747750040083,6.0,2.0859451821107715,1.9552076880481275,1.392776753834999,2.068158519636131,0.4804715721261106,2.1270087737028995,1.7082024534827003,3.7870790577849864,0.21497220383854,3.2481653288005,3.038186232133896,4.437988961123778,0.2892340650705307,2.1073359360608364,7.0,1.776790827282934,1.7690306465205246,2.7785934195534066,2.1059536904000336,0.7496918499024514,2.049450805154577,1.9561571234569874,4.012954456398292,0.2760910239536772,3.0767763685823093,2.041099287260315,4.6366665944376075,0.35539557306020275,1.7271503180385102,9.0,0.8946259920992159,1.923140974661147,0.8513138801364982,2.185905402566632,0.33350283790049284,2.1620704996459255,1.5075652377089244,3.790298082166667,0.11585122385373423,3.3750845269885144,1.9538133314998016,4.728847717361087,0.31158265182406136,1.9171332592054329,9.0,0.5100016640297887,1.856387630428093,0.6853970437261377,2.2741789766551848,0.44696781376567746,2.1664900607239317,1.0270877135446124,3.9837815532131162,0.08002824753773212,3.107056324316546,3.609227731837553,4.690696253795881,0.34717374810538126,1.8866850129724764,8.0,3.0986064552504926,1.9557511459240102,2.8642219984697164,2.314412986127015,1.7896494933741556,2.2153994604415135,3.8586364548556475,3.766218553456232,0.4971862843050012,3.096669097075356,4.661885887922192,3.885184345152178,0.25459676847011875,2.5218957328471276,5.0,7.641545730009017,1.7862753998475909,6.808082168573279,2.0631049550657123,0.9300955824399971,2.191731455271165,3.000013670209947,4.030932062952373,0.3713311373195587,3.1046042196241714,3.4758120849180054,4.886798916813574,0.44411573620508404,1.52119932096897,13.0,1.3284432106427397,1.9527946109738168,3.0547775832027604,2.1511726030576677,0.7121936036496609,1.882188330499121,5.233578878268504,3.98070602759779,0.7276250763489308,3.333299483944508
P27,sisyphus,1,sisyphus_s1_16.000,16.0,18.0,False,5.474047366727759,4.0314041153629905,0.2532589085896888,2.362499250410695,5.0,8.371579729108925,1.9261313566941158,9.951655994762659,2.2994220993612937,1.6280528281838218,1.3633452899272545,3.679659127851751,3.9518528069399066,0.7682849515694056,3.0987930205531558,2.5118737721442237,4.52947978520122,0.31632536111697296,2.0250351930444985,6.0,2.064465930251878,1.9274493657388898,0.8706304679763278,2.0406559803103717,0.5016943241887496,2.179822467997559,1.8037038076639624,3.920013935466149,0.22724217789148343,3.240208860321673,3.000753925027048,4.234052739329233,0.29666482133593897,2.048008681617203,6.0,2.1215055859379284,1.9214271802091756,3.4106234711387486,2.2734093938022575,0.9004551635304479,2.0391951440842004,1.3054678612324138,3.9970810630933395,0.280622870146516,3.1753277088132514,2.5313264133588085,3.9476369811961396,0.2876970741326196,2.145555726272171,5.0,2.8224583908790235,1.9483662369516446,1.7994123790933076,1.9208887189025596,0.3783658853688711,2.198560984765381,0.9259542944102032,3.967240552662886,0.16909793932669104,3.277319859689587,2.0940052928848347,4.478267205714209,0.31063417119154,1.8869089108060362,6.0,1.4094384296479188,1.9748744806575527,1.1365872823708887,2.295922795049091,0.7837612793656666,2.1465584333426633,0.9291553869824942,4.08256457847568,0.12333941584683414,3.1259773207909696,4.35723275086327,4.368856708276942,0.3035013784393232,2.0755445175433356,6.0,4.859262183110557,1.897273047595178,3.551640585251426,2.287562687628159,1.0375109229731483,1.7488602310376336,3.669061299425358,3.899733428356049,0.5279247437513623,3.2301746622062932,4.677023826984367,3.8343979837826674,0.24408422239077404,2.6112494318721486,4.0,8.119900284017971,1.7913294480952175,5.165294214566523,2.2160524913559487,1.1305520145797847,2.068826000638211,2.4932935164871424,4.063212540354608,0.45916366004711057,3.3087237504470637,3.497943937534512,4.7716283148442615,0.40540369994794584,1.7016153467476474,9.0,3.4108654849987863,1.8533669194456839,2.8549465689176903,2.1799234702789736,1.1008473657776465,1.8775938451382883,4.385890169023509,4.041419257521998,0.836189470886801,3.257846139289838
P27,sisyphus,1,sisyphus_s1_17.000,17.0,19.0,False,5.516343421889706,4.024457342051761,0.25804051030869374,2.2827720748483893,6.0,8.456684317510918,1.5982191530703544,8.493842092954553,2.241056498421277,3.415948277926073,2.217696386777617,3.8145784566643735,4.005530667105534,0.5694044348546838,2.884450576226874,2.168962641963814,4.5118338922169166,0.3501369689192899,1.8518860836065338,8.0,1.6526848506650602,1.788940595739687,0.7185614744570934,2.0002222376626606,0.5002072589186641,2.288492214638081,1.5776752866601478,3.944310218085406,0.1620777637073834,3.3339021240185596,2.8701503289707935,4.264876092322267,0.2970571823823683,2.0224643264545414,6.0,2.344508009988946,1.7824656426463366,2.125824947618208,2.216011196985104,1.0394932255510834,2.250091053803023,1.4192290042542768,4.005965653380687,0.1429969496787379,3.250594976946164,2.693805724471795,4.09911724407823,0.28082414333917627,2.1500855933210694,4.0,2.541269985980534,1.9794577139581557,0.692856944768305,1.7923146307818565,0.34341375355824255,2.2874080766047964,1.3697814506021526,4.0806320070356525,0.1030937592685095,2.998837960838345,2.154583417894533,4.261987116748638,0.3096624665303319,1.8516893359499265,6.0,2.0645944073542633,1.6688273145440593,0.6060121107238685,2.2297660053973245,0.45674424565093774,2.3137060953926474,1.5525142987100005,3.8197945272660103,0.09185392697067182,2.8188133576921226,4.4420999557104714,4.088899261207949,0.29283157329326376,2.092476417635382,5.0,6.176305423472647,1.861141511410709,4.217469510133217,2.2711899053944213,1.2593615680932957,1.9926811673333018,2.891337620884695,3.8333548270053392,0.3093353773259307,3.2711585408173103,3.600977230046354,4.282625768925873,0.2947529104337655,2.138632564243081,6.0,3.5093700153126517,1.703571345037504,2.1515628505956284,2.2655612522746047,1.232403337797492,2.254849451474361,2.535243979582224,3.8522622642907653,0.3253416283903456,3.167316206368854,3.598230352197926,4.54869620758571,0.37558768536195913,1.7902498327129013,7.0,4.381783973133382,1.8569665011294663,2.767656813220726,2.1652374537470154,1.3834539702601634,2.122660163127867,3.4489666495565263,4.039724349542764,0.5452492475743479,3.2330553207473005
P27,sisyphus,1,sisyphus_s1_18.000,18.0,20.0,False,4.746365011124074,4.20941409257419,0.28733257093128417,2.08769660994816,7.0,3.3525866910309814,1.6368163812875034,10.5544575696907,2.1519758030606893,4.138697206803895,2.222213933443186,4.255798340619731,3.8418420002912823,0.5636432038743792,3.163707606621795,2.3163204482790207,4.444213648726378,0.3431046368116802,1.9060458419838553,7.0,1.9109325831558603,1.8354491976619964,0.8548117183416943,2.0972175540720617,0.4549768996548177,2.0442078878533243,1.6854364913207927,3.848402920238839,0.2248668472397282,3.2614412061532927,2.767763895539913,4.502461610209969,0.3222799263103371,1.9118654830415793,6.0,2.281962449954883,1.9611349928024322,1.668310645921446,2.1895489869703013,0.532278948877879,2.111788889245387,1.9477880664019893,4.031222707289973,0.319686439901211,2.8982590577506677,2.331002823005767,4.514378127316048,0.32803346190459237,1.896052286384036,8.0,1.6440883282446022,1.8564222448079761,0.5983558781094003,2.1352940876284126,0.6209168289301215,2.18563566101445,1.664123530436147,4.021449662974956,0.1007810031488239,3.285327659835063,2.014253939812115,4.82099041425212,0.3221668622085672,1.8552092346608333,9.0,0.6750331144138324,1.9771462283422447,0.9278249407394558,2.306749558764375,0.6865289043074632,2.2311638252778336,1.2923286941228416,4.013843326477018,0.12187931587861185,3.3503786912428963,3.6207837155338662,4.548231618190595,0.3211207590178646,1.956857684797491,8.0,3.9208444295001756,1.9375972176828231,3.0176145393954306,2.2662926289718937,2.4960726430973903,2.2145224064227182,3.044001753480357,4.031693219373502,0.4931621640213893,3.1906052190004157,3.220011902647252,4.654057513095955,0.31940360845112864,1.9510046842850695,8.0,1.5223022229013528,1.9234851879608907,2.659225655881217,2.1604309000337603,1.1622073138429854,2.2045785163852893,2.5491371485913064,4.0603445664481,0.327178662921933,3.0785098912834212,3.5262161835696815,4.856806697802967,0.3986299483190136,1.6923364611988716,10.0,2.5587496327881203,1.9976110124784543,3.1613684702375924,2.189446735218373,0.9539883492198706,2.2254331023904217,4.786145532728262,3.9365606323032014,1.1131491607163702,2.9021762571149194
P27,sisyphus,1,sisyphus_s1_19.000,19.0,21.0,False,4.56889771807615,4.2955311702582355,0.28020616139328264,2.2202842324530603,7.0,3.7615117276478083,1.9407063798123234,7.631468967223419,2.2427629729046177,1.9831835361449834,2.013129312863253,2.879764734362546,4.042445127092814,0.5841549747461956,3.2416657848334074,2.2907822613116444,4.678840071495331,0.31369619115059777,2.0958221127393086,8.0,1.1484995553442139,1.9654461385407083,1.0391867749470949,2.2668496240069147,0.34071405138060784,1.9645476376397255,1.4754662386073008,3.904681569844266,0.18128051147632263,3.08366878646321,2.7068235712769817,4.4517617567046655,0.3198284009047722,1.9873121235793578,6.0,2.6486732444169703,1.84631031987674,1.392395902629732,2.205537244951971,0.8580154272328289,2.079110172870492,1.8363751417449838,3.753706608392431,0.3760434993262552,3.044948838828356,2.10670731698838,4.781232521883962,0.3665995509941456,1.7996993764160745,9.0,1.0771150768987874,1.9028871577768753,0.5638820369024444,2.2759281059783607,0.33564919284367056,2.196052580135301,1.4986151100836453,3.960295788762636,0.1792645933400228,3.336098570191938,2.024650406281322,4.3908620206608235,0.30967660943485026,1.9289669093776751,6.0,1.4948322546656274,1.8664760867317045,0.9914192668532513,1.9797087576499146,0.3671044249941903,2.2653049230602087,1.162639539556097,4.003635585027071,0.09325069723504381,3.3953489242831747,3.2129733739549504,4.261541379453189,0.3537625003999688,1.9383831124241615,5.0,4.462891671586561,1.6613192966048396,1.1083970929713576,2.1051835879592278,0.9163822128068161,1.9525251592828274,2.4968413878617834,4.00260027366791,0.4256431908762718,3.2364790369392615,3.189640076348534,4.380794980181627,0.30359088040749077,2.1688136381368097,6.0,3.3184578409185757,1.8271739759075731,2.8913542125672604,2.273073944857899,0.9169958151108142,2.062969424680457,2.067555243309529,3.9999768868549053,0.3766914138606219,3.299289833028215,3.6102878668114635,4.868970161431798,0.3988495344603961,1.744831530700864,9.0,3.520863987469488,1.8879402755734933,2.548060116339316,2.1167319237126967,0.9499307282748082,2.1870252898171443,5.33569620043297,4.120814473902994,0.8365149039963059,3.34561155705567
P27,sisyphus,1,sisyphus_s1_20.000,20.0,22.0,False,4.721378712137703,4.27882250194255,0.2865632985514789,2.1566643951261852,5.0,7.673861773242258,1.9055057207372594,4.491345969924302,2.1354433399731123,1.4711408171936324,2.192456324581054,4.232299881838022,3.8427736672741237,0.6205358427334927,2.826110473347491,2.1257753136505886,4.666197541066698,0.3734797772557262,1.8029683388437994,7.0,1.558306209827663,1.9337120742816334,1.0903649614201225,2.307100170385383,0.36061567852383647,2.046420083653586,1.329147533054316,4.076278571734516,0.25974760188230933,3.356187913855793,2.724695612643813,4.5393416541474,0.3109996349856878,1.9348652110668603,8.0,1.855745106660995,1.739596864224841,1.2436326650520635,2.28662519419129,0.825247183355486,2.136478150156678,2.053607621526699,3.8616312875142427,0.15906673217775294,3.315061518136731,2.1395367558501084,4.701679225873309,0.3825663716807009,1.6612126581945421,9.0,1.0242116634546754,1.6824209174990752,0.8604756758330502,2.0285732420579854,0.7047595456226153,2.263943096922593,1.5541464737612771,3.8543329861624733,0.23126392780173227,3.285293533085589,2.1653520193653177,4.131947675548591,0.2850086495644403,2.017571471594832,4.0,2.0478193972286975,1.9707264233518171,0.7952923674441373,1.9815001328602875,0.21084002649221534,2.184369861465704,1.1117466376100185,3.9958656549482416,0.09557636129432487,3.2152452105222573,3.5397294196711213,4.542007626832122,0.35308409604069013,1.8225708771028468,8.0,4.631040768582858,1.8171311526241256,1.5813510679619323,2.2447153383900416,1.3637252205907568,2.150759442413273,4.667798119224956,3.853941175308359,0.554656247532519,3.100954797259204,3.140374858085198,4.71287549448153,0.3384172892752611,1.9429400733204518,9.0,2.10943278922361,1.9497507210561427,1.9535115240729284,2.1833126102652973,1.5773511084791387,1.8384541815379447,2.649065749236746,4.00102808893834,0.43225289174159554,3.319650613163794,3.925217945300731,4.51726905171122,0.3806010498380301,1.8605923640427615,6.0,4.6705328531614185,1.6031130547296495,1.9152235779977596,2.250798124852659,0.6964295501127445,2.2584754501711397,5.029207437869065,4.027571706954232,0.6249435269606953,3.1014256847029102
P27,sisyphus,1,sisyphus_s1_21.000,21.0,23.0,False,4.919623608847714,3.974761839116415,0.27767020816079957,2.2467787706301903,5.0,12.936838943504583,1.9603927415265696,8.329644065921231,1.9422370755269909,1.6909147346042994,1.9785439401581044,4.729520701444766,3.896383000403939,0.6975873332241753,3.142190974826182,2.273024924037649,4.798111766647749,0.40561109878249163,1.6573332579496833,8.0,1.2944929841375754,1.940279849309898,0.896206441373453,2.29201354318519,0.294809205998455,1.962057018874298,1.6984537174657572,3.954832687431251,0.3332307548107764,2.9991386767872266,2.8108984471679466,4.235150564770685,0.2945554636919102,2.074356283018275,5.0,3.3336642538865715,1.985285604209952,2.1100411624935878,1.9947304315283032,0.7038283372726349,2.0049413751872325,1.8078852138781187,3.9762861886889063,0.22299246020933053,3.1759839201915177,2.470832253639408,4.508602697142703,0.3373958172838214,1.8262267252302085,9.0,1.7109447267859146,1.8230459008447515,0.765303533721641,2.07224717819915,0.38573710431831704,2.0903146831434776,2.79148877225682,3.727569340428868,0.20516320893278508,3.205319073490199,2.428576846596341,3.8902208025624043,0.26207886779469014,2.2712972495204884,4.0,3.3466162624935887,1.9041388091301237,1.0659527330847804,2.181945132093496,0.33893714287083004,2.1717820176298632,1.2111538761775384,3.7211928196699713,0.11733926922032845,2.909855930540575,3.406511096061532,4.674100368734012,0.3781729044952704,1.7181583391088309,7.0,4.142952014888024,1.9853730681312196,2.217609038341109,2.034368930635718,0.8252990536255721,2.1476810636968096,4.772766653434382,3.9917076732345964,0.6807179288122884,3.1170851006382008,4.434879900144953,3.5405331953775665,0.2539159022592147,2.595755664269091,3.0,11.044124453919938,1.7570687040770396,2.7868115151470647,2.1357687636970137,1.0726732488740678,2.0529036074590783,2.4187363005889497,3.909132802649959,0.5953310076267999,3.1806195156068564,3.9947683946883656,4.085174543645796,0.3764698455083628,1.9749256839638345,3.0,7.97935033573291,1.7395743910783945,1.548864874772077,1.610728883899541,0.6029588376684003,2.184780499834644,4.031441084612667,4.041685907275555,1.050050802766555,3.277546305338844
P27,sisyphus,1,sisyphus_s1_22.000,22.0,24.0,False,4.5591310208056175,4.649263049636647,0.3139861211915394,1.9664589935457804,7.0,3.409822591299494,1.9975951311855342,4.640948910433056,2.280845725345139,0.9584415180076076,1.9647821612255958,5.262090010950513,4.025565972423269,0.39319681338615603,3.302058392820639,2.3228574038318683,4.723117734277291,0.39292312227442194,1.760359605722251,10.0,1.6215844327957984,1.9445479626288078,0.7176904226224703,2.066056938597479,0.5441476384615104,2.019359311757124,1.6830472981077393,3.817887557097483,0.469439057757375,3.175093105215574,2.6645470026806835,4.402526731186417,0.30358401562996656,2.1381024097262533,6.0,1.2983325167524158,1.7655423650734439,2.349621004707214,2.10355939622663,0.6242422108624781,2.0704986929519986,1.3281840055914027,4.04763954487955,0.3059034850023917,2.949316111217161,2.289326744614526,4.664863210099719,0.3528314318635793,1.7848488971485923,7.0,1.2275122290001592,1.9503172559123696,0.7674127585394751,2.1611615183297137,0.4338436159967648,2.1234358214113795,1.3132242524802005,3.9379066754258196,0.1634232412202441,3.375696049400693,2.362308423276844,3.7717826242857764,0.2529152359580776,2.326840390292343,3.0,2.217270013119402,1.6755442376564111,0.6265611160771528,2.109038695166275,0.23365702827298915,2.25352670041671,0.9133647613435688,3.8487145461521894,0.068235550430494,3.017801021765944,3.113368183226244,4.610969963512789,0.3765298061633944,1.808957620330762,7.0,1.8211578931873627,1.8429621092539716,3.3466466123120013,2.006187559799186,1.0360306602558147,2.2334231595739276,2.7216774893584956,4.096787993374686,0.4237700838927675,3.389014725478609,4.640033042661339,3.427580100236549,0.24146684186791498,2.8082609969241847,2.0,9.532601491600804,1.500176349428811,2.367185982252351,2.266841466793357,1.0278681354282586,2.1283699711896897,2.409959183961681,4.0925680376298565,0.5369262369009654,2.9488724026321247,3.6852212873462604,4.997102821055423,0.43383420807792655,1.7637862528962127,12.0,2.7327270702349056,1.885468258053624,1.673874351951103,2.127995666772672,1.0245407931872816,2.2618187915442256,3.6875603086661854,3.9697097528030922,1.7409076932185439,3.3415388793124197
P27,sisyphus,1,sisyphus_s1_23.000,23.0,25.0,False,4.798725422476128,4.43890484638977,0.3160877832222856,1.8379184318152724,6.0,7.698482706367174,1.8533995955307785,3.3209292784403086,2.1982474522374362,2.5410146463010594,2.2472315918579424,6.164142705734315,3.91229410624496,0.560492913085372,3.2678246737897196,2.462405388906662,4.705505228605537,0.3557978967633342,1.890490341980977,11.0,1.1275826052329396,1.776309074066286,0.7343015575048811,2.2417810729866225,1.009267347291495,2.2446315661569063,1.8216070134377493,3.6369301268747156,0.3015579170332089,3.3606240091109587,2.832008981231718,4.158716076360335,0.29209282367315215,2.154610715232168,5.0,2.8085058237857137,1.8204734469769752,1.307403471018635,1.980234916791891,0.6412990072549924,2.2037892823335508,1.6325662544946344,3.7780773702205828,0.1799531313171152,3.2709685655979115,2.226612545751604,4.917482416929551,0.3714676168831615,1.7106136597644537,11.0,0.8849810387643195,1.910801652641902,0.8494986697642929,2.3097332450648405,0.9085488337498278,2.1270517350155425,1.7607258670207677,4.069097116867304,0.24008882995206784,3.391016440897028,2.3427136969715496,4.369447202469292,0.3119391151140877,1.7234969917322172,8.0,1.7687454494918682,1.667573185433297,0.8437388936922925,2.0007264320831353,0.73440370714203,2.0710336241553824,1.7981562883415376,3.728432837657875,0.09526926358874276,3.1352711043100716,3.4642632422597828,4.522281830165006,0.3220506579546734,2.0893362531209583,7.0,3.1365180174407357,1.8468287629285025,3.2017670361232096,2.2065118751051123,1.5536005075693917,2.208315920817925,2.706458882687641,3.8967732561123873,0.41485656880051347,3.1513352852204792,4.613676694322871,3.960146321176458,0.26682300517851315,2.4309852868227892,4.0,8.019978212984737,1.7086485686522355,3.1506640771765757,2.1013321220864256,1.2140660814107607,2.2113630431836,3.6200937294043363,3.773474488692687,0.444636114797701,3.2558720344885015,3.427403861088908,5.168777230723262,0.46277729974567333,1.5816545964734605,14.0,1.520093600792367,1.9031893676508165,1.4561895762630357,2.2833631012027693,1.095088727912342,2.26149246851733,4.062445979818197,4.002653006849888,1.2196846239061463,3.4099616867407176
P27,sisyphus,1,sisyphus_s1_24.000,24.0,26.0,False,6.546351263168936,3.329392114412625,0.21438907698520146,2.526897473718437,3.0,31.51865048766816,1.7896552844885585,8.801008677862981,2.174406742700737,3.177118324372409,2.2466463104189796,3.8145744802947057,3.8807964637279473,0.34263866551082495,3.324393528971808,2.86909852468382,4.637929551298509,0.32997090722727335,1.8830437909709068,8.0,2.189855959598904,1.9174751330603312,1.5710950879272039,2.3023769933069276,1.024343545994055,2.2275084028332373,2.1397803853208823,3.98056005480687,0.26062349182011474,2.949018325972506,2.893587493502286,3.9169865950448766,0.28783271004270555,2.101210383898683,4.0,4.497927273853136,1.7287362448101957,1.1449785828745476,2.2717023527345255,0.7549501655428192,2.2404257332988435,1.490487275343363,4.069411413276804,0.2257905816429662,3.2585517743056522,2.470994647558603,4.564769277021642,0.3489485336299738,1.7516761769571914,8.0,1.9419793664976717,1.7167972039461876,1.1568859389674764,2.293792313378021,0.8024706107725286,2.2101585914023234,1.707685565904438,3.978377279940442,0.2359355902609853,3.2477496278089992,2.5816595025742908,4.160135616582338,0.30098237098497604,1.8269397444544477,6.0,2.6003763122104107,1.8415284153882476,1.698642759624188,2.0338116591439697,0.9026813255028666,2.0805029995925373,1.2959106088690686,3.725366624129719,0.13905536399910384,3.166766633874994,3.6909250745535913,4.2974337201864,0.32554694565478054,2.0252029385703865,5.0,7.067751052892669,1.8908507254552884,2.7553012797557574,2.1784400029424007,1.9453338336264847,2.189596616834714,3.201446023000716,4.09409001257756,0.478057541864959,3.1511926863823296,5.262765795747533,3.787743150528277,0.25606467513220754,2.2961591439570395,4.0,14.381963773995725,1.6216216273670643,5.149651443355846,2.192083905148024,2.857930125492322,2.2324513287147507,3.886983430252933,3.8856018104672514,0.5300112662943579,3.034617987359426,4.337774339976599,4.632673670669118,0.40645629696801244,1.751996152608526,8.0,7.059154629088317,1.7433922165733173,2.0867993247947183,2.156589257567082,1.2601347722479392,1.9413957508643036,5.70024522793218,4.073784781404227,1.8977171748975759,3.2055746890184103
P27,sisyphus,1,sisyphus_s1_25.000,25.0,27.0,False,9.232389767868577,3.1934528486588376,0.17593199141364935,3.1236556772297224,3.0,67.48568665294296,1.8694426601678489,13.421020211598577,1.7738586833111611,3.5426029867519926,2.2416576991595814,8.29295411306224,3.829645121974643,0.518566459765424,3.352390885970381,6.844004334393203,3.238789697227034,0.16893703431751214,3.3400146400828987,3.0,37.06849901700931,1.914745674168371,10.295065376266491,1.8905779356652048,2.038101170468507,2.2636615181093647,3.677775854565401,3.861889372870291,0.2982795778119022,3.3852206031336576,6.802289456122346,3.29959481467528,0.17508739206806395,3.0701003468879837,4.0,35.164735784473585,1.9041781035422543,8.937939675065346,1.519543383033376,1.670896393459324,2.2058404302861465,5.843236787148431,3.754134891715403,0.2720365436454386,3.22895939522034,6.838493309891726,3.1464024729220874,0.16000499536508997,3.476212115839698,3.0,35.24694512412149,1.8853914082020324,7.149402340700803,1.7708031745980037,1.4881768706198142,2.0599171684036284,3.9605644856444324,3.746380571219597,0.32104816464402797,3.379026595619073,6.312928455194423,3.1256018571817683,0.14417883619433428,3.558538433938773,3.0,31.385199427139007,1.834631625053896,8.628180705808894,2.0893568082948946,1.3504434446979567,2.2246723273876365,2.630965464569839,3.924291179964694,0.11285424347035636,3.3605918297326225,6.7636353586720475,3.540554248972733,0.21362857627978107,2.88204687228484,3.0,29.836099316518858,1.8433380536120278,7.86165827030127,2.2113552055048413,3.2505569711664664,2.2832646091393904,4.438376929974941,4.01720185880328,0.7122331067351064,3.233653292617715,43.28316898001376,2.918105380839464,0.11403785479734023,4.14954841753251,3.0,1561.7918573443171,1.8933050946126675,358.70042771263695,1.8068270133738433,45.90447045167649,2.268608437868848,79.70226669429178,3.83111736323339,4.664470316631655,3.407922223495193,7.329979937774611,3.83218861488576,0.2802605369809229,2.513115680004724,3.0,31.5234134878295,1.776541314861616,9.935196749172876,2.268827147150986,2.0876565620206513,1.7947341417606757,8.757038023402961,4.013190863032709,2.1897338470899315,3.230427392478579
P27,sisyphus,1,sisyphus_s1_26.000,26.0,28.0,False,8.893588475433784,3.0368640529461066,0.18797908863921972,3.019113618118703,3.0,64.27883752952971,1.8858274002466244,9.646915520105601,1.2932504186130394,2.9577278360400925,2.1649038689817095,6.90262066686457,3.941120197144932,0.6209547089187881,3.1838932024279507,7.154044111170766,3.045872619690261,0.16172305450299146,3.5437119633779846,3.0,47.589883305271115,1.9199825692566328,10.231775498098472,1.8041708157234126,1.618883896932409,2.2679716422159837,3.639099039555905,3.9037250839817492,0.3436381364364048,3.2244922670327263,7.24936696118965,3.0074561278297693,0.1620578541335495,3.3893637797119567,3.0,48.796583768139996,1.9244017136278404,8.404227240085397,1.4785461924805685,1.6440009172767869,2.2357438708024846,4.406799327669807,3.8771784135214755,0.29130921983286756,3.3151818499869012,7.484674840168775,2.8270499779899048,0.1483129979114794,3.8013382904447393,3.0,52.60094651317968,1.8145539950261353,7.160823313967766,1.7212296945958316,1.177094558682206,2.054245306582548,4.29016920311089,3.840595989759935,0.20685179571236043,3.229680634762613,6.780977266701095,2.8983745341660474,0.13720628815729047,3.643120503303591,3.0,42.15234813812281,1.823470530454524,7.957105685710555,2.0527593545667226,1.0309469468330548,2.1232989167641714,2.7135507751944226,3.7486882565516746,0.12389352365705972,3.3320381813888007,6.915729470206205,3.2956469636235832,0.20669122764030132,3.0592270044843883,3.0,38.16599913048633,1.7543629404435181,7.286494049981258,2.1835889000619124,3.408983247397589,2.266459535851106,4.821840559339386,3.9687472638844623,0.751818888860663,2.9021387107385035,46.649873717435156,2.7038431649088817,0.10555792107655622,4.471899653453802,3.0,2187.7299965307566,1.8382546926815726,354.93066815066294,1.8052331230714775,44.44897111414178,2.2572998419329844,75.19168357089085,3.8461868133954127,4.539490410036237,3.413965236441867,7.121365823798973,3.332425063075737,0.2610409295819573,2.7540714311304675,3.0,36.88298896320847,1.706080295284016,8.522994360652934,2.0335793600626317,1.0924322648083085,2.084316244515941,5.920447935072486,3.784786733925214,1.910537952373808,3.2938098697704854
P27,sisyphus,1,sisyphus_s1_27.000,27.0,29.0,False,5.632754742595173,4.128678135662089,0.23772447536596342,2.534263958339653,6.0,7.96269373824377,1.8772588089146516,7.7529298532764805,2.2506845597582443,5.417377707925466,2.0720581992795997,3.5079583989866707,3.893207397152969,0.6203060721533765,3.256228401261259,3.4267096480762964,3.8791384087674476,0.27032478911063296,2.4079619301134727,3.0,3.8339780862310655,1.490402035640048,1.1044333465423672,2.045023157598784,0.8171675821225379,2.0432887628801555,2.1231218229746234,3.825185487636472,0.2992649060258223,3.244521896857634,3.600452301387915,3.2974154261509177,0.21750628290265328,2.9989158302945,2.0,5.305665621579818,1.2670697255951442,1.4519212556387366,1.9949240977848843,0.762063292283925,2.221258347059447,1.6262673038379063,3.810101057885728,0.25733435478719596,3.2847788723725024,3.6144889950135735,3.1245009492056233,0.22521623461653653,2.835037046940504,2.0,5.367779753079273,1.3818578837723465,0.9140588596409605,1.8654131125735633,0.4566202612920659,2.2929538042719093,1.8287505007508156,3.696112843208419,0.18734815484577827,3.319503830699298,3.233800502366056,3.3155758649731863,0.2031835461576278,2.8477267796668966,2.0,3.7710057698796895,1.262307984530866,1.1368726265549438,2.1746471013717894,0.673535187629041,2.1654765783193195,1.3911242573481317,3.7505551284798346,0.087018300210042,3.3063520188733246,3.709181104659467,4.520627483231031,0.3294279652984542,2.053429671715588,7.0,4.487576194989786,1.9701644599494967,2.1364887061601725,2.121942674082734,1.6759724438726105,2.2970650148209755,3.8771813371253834,3.7747350365124164,0.5527740319522243,3.225572773227286,17.215610492587526,1.1564242864664902,0.06934266433787897,9.013198727792362,2.0,115.53061370456622,0.8375600933388303,2.1541190963666716,2.2275415433671566,0.99630358103956,2.249870863502167,1.882738841725011,3.989779787206377,0.5679722744257256,3.2754812210906787,4.100195312051226,4.817280824554769,0.396898475503351,1.8060510473733407,15.0,2.34501067710735,1.8192111530818424,2.392306593211943,2.0947398030796203,1.3410409899674505,1.66906749158904,6.150099045754695,3.683576994892773,1.1605451446536723,3.41792599168693
P27,sisyphus,1,sisyphus_s1_28.000,28.0,30.0,False,4.518842182208164,4.223366531037533,0.2770419782114166,2.268322481901984,6.0,5.2324107703177685,1.8349228739329693,9.06960035664516,2.174133706516896,2.4359464022947335,2.2013202208751528,3.695683193313042,4.083842429387303,0.6488630799552588,3.201364373497847,2.6557805737381246,3.536234674722166,0.28658341870305537,2.2993197314922034,3.0,4.272083763458892,1.6019448620044048,0.44086983241590466,2.2079430670484617,0.4997681950651264,2.2915944663730627,1.28994754441633,3.8393342111956614,0.13190317117630915,3.320470207551544,2.7272984077537887,4.215198804498513,0.28255169483275605,2.257189178984249,5.0,2.6035086750654384,1.9939557919815147,1.7550174743495006,1.8910499638356593,0.7631902514580995,2.1292909307669894,1.3280482634242752,3.9934091366989484,0.16928978493719873,3.083757831620899,2.2027621238530677,4.467832416439445,0.34203761644317293,1.907558519497861,7.0,1.9733715871362627,1.8433367469352968,0.7951232375487249,2.202345238893676,0.711791844199559,2.276600210529855,1.3872048257019627,3.897545985397298,0.21612734316680673,3.050606444496008,1.7614024818602465,4.47875462578323,0.32403932735588553,1.9212810819968686,7.0,0.6674502230201795,1.934021805825221,1.1145371253379583,2.2638895305609994,0.6232471599731666,2.2655851487203336,0.6908427722343996,4.03506079263182,0.08412661874614104,3.144496413384852,3.3493011627597387,4.314267881721859,0.3417288864450567,1.9191238017490724,5.0,4.352072507342295,1.8132120713490614,3.184890351072667,1.9691289564151337,1.3624136208968118,2.1766397832556446,2.35668466106313,4.06930570592179,0.4751409757589133,3.2354852428981795,4.018013973175134,4.202226392718456,0.2565995774973461,2.6275460178117767,5.0,3.6529706622310236,1.7940534903029681,2.5862704951727693,2.1432718927422316,1.3723596986192654,2.1292223679885756,1.9003518613169261,3.9940148950428713,0.46833498720292693,3.2960930781702804,3.9546533322974073,4.28559964794083,0.3906049740948094,1.7238981312604191,5.0,6.386406232550943,1.706127318756465,1.4788261842517363,1.889491673164028,0.5352163915892308,2.188401289236345,5.823461137820737,3.8273997927230914,0.7833853865509599,3.331681190177694
P27,sisyphus,1,sisyphus_s1_29.000,29.0,31.0,False,4.291747391458823,4.053179344270932,0.29195809642033765,2.1547376723551532,5.0,6.999546703831036,1.9796038023678406,7.475709042054209,1.9259001001438814,1.7827362514327814,2.182919578873855,3.1344949564990094,3.855020679401726,0.44941317396217256,3.3743116193765883,2.6494148188307185,4.491937469500364,0.32097943058647715,1.9748988478240055,7.0,2.3923019673217896,1.8214779227222548,0.9511471184233914,2.2589687717160323,0.9856415484249927,2.0417192284189607,1.9346456551134574,3.945827794534713,0.2224440152310914,3.264988619819165,2.7559820893613436,4.014826229407103,0.2786680652246812,2.3015324068426803,4.0,3.682435741600675,1.9142102279679805,1.3364262855807119,2.2054200480158666,0.7612113161403377,2.0462333557740333,1.1200829951168405,3.886496283024965,0.23422723731642775,3.039542864829641,2.3442291278702005,4.81079089722725,0.34437955494140443,1.7801374859949526,11.0,0.7698642158398333,1.8722536663150797,0.8922500556855839,2.2567156276533065,0.7370106855826029,2.143800515538543,1.852687928185956,3.9366802367926295,0.14740561554867693,3.2192722766070516,1.6762736692580267,4.484439653898974,0.3291215679685116,1.849456656444219,8.0,0.8531524880456677,1.9280167564363642,0.7116480556376464,2.2984177706962683,0.646734814186989,2.307191293860802,0.8134863373861912,3.5760625844268357,0.09054401845775178,3.0145913340372847,3.9393480959692098,4.283984180497277,0.31249075561371764,2.0372979060961973,5.0,5.497188621963928,1.7381597131568522,3.4571214816107387,1.88699412252502,0.9647366679192729,1.970281414955509,4.300091135603565,3.9785912888593162,0.44545400640003374,3.0497468955979365,3.20150991032656,4.00506865133964,0.28827512631581975,2.3084205872307764,4.0,4.829265863373063,1.8037802459954246,1.9290679777014632,2.2030356121962646,1.1184809739611297,2.20928473487836,1.6032326522941676,3.9603726558811325,0.2812952968752664,3.2538090848424934,4.011633922613566,4.493178126086527,0.38391276215338577,1.7794067535705727,6.0,5.988745622215145,1.7408565292973566,2.073628302741845,2.2413380489665924,0.9199109210156484,2.2054389237181553,5.47573534370443,3.8586571555483618,0.9109685312191568,3.243623711070711
P27,sisyphus,1,sisyphus_s1_30.000,30.0,32.0,False,5.1974037508074336,3.9968656778585916,0.2725869343151954,2.1586709639719857,5.0,7.91192088320015,1.5957513328632125,5.2355971949623115,1.633395062817901,1.4139676541140118,2.0897568958216155,4.260104711677656,3.8259175809363586,0.6299821413092099,3.225765870080531,2.645183218467245,4.489604236288055,0.35558962604267025,1.8688163682911971,6.0,2.6449775014854744,1.8997885940520132,1.544515891786829,2.134935548631682,1.0410344362223045,1.967001288555181,1.6902927992944763,4.039920735256895,0.2938123703381067,3.2795824874235175,3.3550911842317035,3.6693669296838194,0.2582852899027209,2.3938384147609546,4.0,6.744622673378919,1.7926629132143646,3.55761688196082,2.061813817237167,0.9252127603788994,1.9289886546120611,1.2650270553193355,3.9779122794455586,0.32150644716122256,3.019280187393079,2.3848608507740083,4.278354221951985,0.32950743977037594,1.8713107923218202,6.0,2.1180128064096877,1.813041452319114,1.4676488516879256,2.026720847593493,0.875943417972586,1.9727088667334818,1.2708702820000382,4.0796325353140475,0.12636841231334978,2.9628444952528112,1.7993604563415342,4.555938228940187,0.31456630996043783,1.9231952834138932,7.0,0.8232741908645369,1.9109272475352455,0.6088521099429113,2.180599468942907,0.29684708065885174,2.1357436989631537,0.827382378685264,3.859327750873775,0.09248751675568648,3.1365121693473443,4.158952195325325,4.157855227929169,0.3166298788984455,2.008122470648185,5.0,8.326775576968844,1.8250955423177895,4.381739012876956,1.7982621662058504,2.449645645293754,2.17077693668094,4.554705225104227,3.9057958275669598,0.4012688874461903,3.318046873800787,4.1150879114550385,3.7512859551106694,0.2734540466651282,2.381640061975488,4.0,8.88218170156295,1.893329681531967,4.57713888413394,1.9625788557783985,1.3027645338954101,1.7133367800786912,1.7381431611856941,4.026640524377814,0.4051569850951725,3.058409699287202,4.124153457993209,4.656101307527631,0.3875089420522139,1.7592681483236396,8.0,5.104765077510159,1.9026476186607155,2.879740535166608,1.9611323200992286,1.486524157186694,2.0076882649503394,5.457099292997768,3.9329542394790784,1.0458758898059541,3.1777218478397806
P27,sisyphus,1,sisyphus_s1_31.000,31.0,33.0,False,8.302907424888998,3.2367183767765018,0.19299268923807733,3.0078568477510905,4.0,59.093659843936514,1.8967940986922307,22.517259813091275,1.9388527451397592,3.3828172456548384,1.5906254191922131,6.55414573104358,4.047548831140451,0.731668498431611,2.4832322159976683,2.780612620841981,4.692017832173303,0.35832979951272886,1.8736004912265682,7.0,1.928725504757276,1.9861041132978792,1.9077750304172203,2.239720695078756,0.7028211416540415,1.9870916906705935,2.063390286737656,3.9807542200533406,0.435250859371579,3.2412433043583215,3.6353428559573366,3.987581063170022,0.283009486000102,2.1331273481719655,4.0,7.752064791031268,1.9034323259118455,3.4841450401746297,2.058307795964965,1.5956201360677014,2.0463094434180036,2.9145946997860603,4.022621200858501,0.23397706286475994,3.140140116880388,2.6912779250701164,4.234950131093135,0.3157508065695092,2.022552997950478,4.0,4.102610182208915,1.870471521023152,1.1909392660913678,2.0684020811039563,0.7865025933020382,2.234751369619319,2.0704272318527193,4.038806680905512,0.30972253530469457,3.2102026128725742,2.248616437881821,4.04612170818615,0.2874818956427703,2.12032869668271,5.0,2.716551058161474,1.972011358045231,1.614766728685926,2.214138104080945,0.46780061792732797,1.9364183527749015,0.9853050892552716,3.9894700099477114,0.16482500698534344,2.556793255037281,4.6283416999497335,4.132142142164118,0.2893851508743702,2.238642856016577,4.0,12.086990244967273,1.926896832929356,4.611812714342841,2.0901084135904533,2.1224212416574284,2.2273348447344095,5.200446382221538,4.09405630236403,0.5429765973208305,3.316222497649843,5.499638397885162,3.580488985460571,0.2527517982173452,2.50163729869405,4.0,23.780864700859205,1.86992098342782,7.222279397270836,2.015426997218889,2.144799165145814,1.6686566679787804,4.843190774727635,4.090171172243011,0.6325776476851539,2.948894873937833,5.0150957637318605,4.234591459294889,0.346683062639096,1.9611655814975149,5.0,12.773216418130048,1.9355466437075117,5.672615851572545,1.9560832185594204,1.797939645585458,1.8245762298661705,6.883619624723901,3.9618712480441856,1.1251167019094348,3.2606093068444255
P27,sisyphus,1,sisyphus_s1_32.000,32.0,34.0,False,7.677434382861318,3.4492336592773714,0.19576119668209774,3.0101093277486632,3.0,18.79874818567052,1.520673475353191,5.240147863889771,1.9537372429253677,2.516105715670751,2.1241473553734904,4.240181247770225,3.9442147316257863,0.27614020462376887,3.1024609100701186,2.8143597651726093,4.433116041437944,0.3387814851945512,1.8650931449516561,6.0,2.484361251791157,1.7732395393105536,0.882888877065015,2.2568651301562235,1.059586958823671,2.204012058912646,1.7006245033073522,3.9093913835737637,0.29484043701418383,3.2538781759594375,3.1764760157652097,4.279892814356739,0.3061860419768865,1.9532904234061415,7.0,2.9578034218756115,1.7407215825736324,1.1453441483036113,2.217785563394567,1.1328752521817798,2.224361533619115,2.1563655388360954,3.65368762219383,0.16110697059313012,3.1053085036534274,2.4122951732158615,4.03739894428172,0.36298841658112513,1.7567605764626935,4.0,2.6993522638963094,1.7914859088709043,0.3156689978713282,2.0754935737974796,0.16757532246029505,2.2751298489466087,1.5308167086565738,3.9145292128463516,0.21485485324590192,3.100003768139634,2.215387516865659,3.924024867490685,0.2989593620345039,2.0266525686760453,3.0,2.230202621446314,1.8691170303584537,0.5629783263388177,1.9930121573718989,0.34570228857613794,2.1808191956426453,0.8602378099941391,3.9349632558565633,0.08322055669674988,3.2420815519882633,4.43171617023506,4.6141100604916545,0.3112031888703735,2.0905889742613897,7.0,4.483261024631011,1.8508828965486506,2.5446519614867826,2.2554948459630295,1.0732482369673648,2.1935386700764017,4.712380727817948,3.95851391383749,0.6348105674063479,3.3361082596537392,4.831984352579377,3.332617620081324,0.25797658115548366,2.382174980094168,3.0,12.515560154929183,1.6480994564800104,1.694633073521537,2.189075614222409,1.094149510389557,2.1670464766767896,2.3265592575853336,3.914701910477893,0.33374310635327753,3.023674448660221,4.903107334225835,4.716984830822879,0.35607997444930467,1.8914862243245272,10.0,4.434575749119543,1.7941528106782647,2.7487953140613834,2.0743711220998335,2.034659181490679,2.173719160141638,6.064767120599606,3.8865883167798976,0.9846659713658495,3.2743654173478185
P27,sisyphus,1,sisyphus_s1_33.000,33.0,35.0,False,4.612409278051655,4.574814025122637,0.3161128601491821,1.7826761595778506,8.0,4.234362657736861,1.900431428849546,7.22634404876485,2.2575653440835026,3.552554279402939,2.2307059454195035,6.68423813249638,3.8354287148219393,0.5082910886562837,3.323717250368897,2.543429688461457,4.640260634824302,0.3374187309137303,1.8655877248454285,8.0,2.0035864141887725,1.9830163249212391,1.0946838300535133,2.073707575815695,0.7436404926495696,2.240730805397962,2.150416458629049,4.044863241341184,0.24314790371837608,3.28938059930192,2.9638570373617354,4.3785272150365335,0.2871288358719823,1.9276275259229472,8.0,2.4151808180772276,1.6440953374664795,1.189826350235366,2.1999443063432977,1.4536059664191538,2.295391391001489,2.3060542265794903,3.752484943031523,0.11904975173505207,3.352230113670533,2.0517866602836956,4.664476559823645,0.36609883424598183,1.7608834353961313,8.0,1.219705360202818,1.879452306892552,0.7157862852959421,2.1662559245383477,0.23630062786111608,2.2486921812301044,1.6720439905747213,3.9639773494099595,0.1909573951011949,3.0611414486218798,2.179752611532509,4.19515086313836,0.28458370135907457,1.9861892074156968,5.0,1.8037728908658759,1.9915012614199896,1.045036016916653,2.1230053454119973,0.3119629935666067,1.9307287098204902,1.248968258388299,3.5901360145847327,0.06875776616613777,3.370615567675283,3.0886349632707297,4.838613022418838,0.3755201993638541,1.7187085137396343,10.0,1.6607090173357004,1.820583870123168,1.906685159183664,2.252897289492523,1.4157322227228955,2.183669316835225,3.1888360172134558,3.985977439933503,0.42561027731567996,3.137423604628492,3.323388896937455,4.4801974573581225,0.3036630271892658,1.984462175115574,8.0,2.9361578678122697,1.9894423596297786,3.0997828422433202,2.16383096548948,1.7939907889162456,1.9500678111397085,3.1042937996662414,3.8876256078226135,0.3287912340934431,3.1938408252068964,4.233016906649282,4.795053332557146,0.36239046223941107,1.8033304756710937,11.0,2.875435986503981,1.8873007321066546,4.209222177891306,2.060739400057221,2.5153732004890266,2.183778716597051,7.359465067734553,3.8750998819888203,0.8081267701280038,3.2928129677002853
P27,sisyphus,1,sisyphus_s1_34.000,34.0,36.0,False,5.220984406975557,4.087030428819443,0.27563495243515007,2.1965152662133223,4.0,10.27327589240508,1.8695237286359285,5.444200032386333,2.0609467995579376,3.1622966774175474,2.301927779002039,4.585371329012362,3.7982473682142546,0.6489497537123332,3.187378876736867,2.4865791621482236,4.524845132811587,0.3560587394065239,1.880511634925582,6.0,2.1210150594131516,1.9533338364601607,0.82582327103205,2.0999419160192145,0.6212224695180126,2.2240298748829157,1.5728336529934088,4.009454928774674,0.33841100080322806,3.251567555501636,2.6973682282245828,4.4863131631145166,0.3164513810646279,1.9020267265571142,7.0,2.1765860751542476,1.8955634673047737,2.113483961760949,2.1402060511807743,1.4578343734250443,2.1930591713701,1.9258273225965563,3.7180396983509647,0.29933025471079877,3.1701033411589914,2.609342507739055,4.0496855800564955,0.28686188991809575,2.246522037876374,4.0,3.056168415712779,1.8113161286203097,1.3447232389518367,2.2820094260238326,0.5888933804218703,1.8951494034665237,1.165387021881423,3.9685813767593467,0.17731166433296558,3.3479806372377556,2.2111635049620033,4.1418756060209345,0.2551052166612109,2.18139342582377,5.0,1.9139121352405226,1.897155705847202,0.9930798562599068,2.2412798917355325,0.6056473178631172,2.2470218168901277,0.8643051431166978,3.9703602279091155,0.03933306256720725,3.329950015242981,3.5425904217863193,4.225963670112336,0.33376635700722984,2.0286774041783366,5.0,5.808826219796385,1.9935502348037026,3.1306225777657786,1.8575890375122166,1.1259504027399472,2.1989503258657845,2.52426943872512,4.109548291615881,0.4442981179720802,3.2954287635955737,3.3304592413739034,4.229596871548693,0.314782544730593,2.0858974480567194,5.0,4.599628308400393,1.9332345795728072,2.6333696487012626,2.0822967064321682,1.3971060243546782,2.234723132712812,1.9421937420384,3.9382247564462913,0.46652323639574855,3.3327170195510907,4.009381769229977,4.704601166558722,0.3730854090046836,1.8541356592758453,8.0,4.478979487983773,1.8619447665492452,2.4306677166016897,2.28656357829232,1.80512987282173,2.1733365496721966,4.332567939920556,3.872591102310434,1.0064517703927285,3.2379162437452282
P27,sisyphus,1,sisyphus_s1_35.000,35.0,37.0,False,4.881929466294834,3.820207418150311,0.26838240357874094,2.258687817869872,3.0,8.471909411505456,1.5892836110608866,2.1964445139623345,2.1694751853792105,1.5688358508677924,2.176636562156045,3.801774520494187,3.9863552399071946,0.4332176757409511,3.1793243613038045,2.68530859560807,3.982114905127561,0.30873035293255546,2.153749299258794,4.0,4.211412685353358,1.9577872720333551,1.3573530441455708,1.9785896098299776,0.5685348172965803,2.2957118466601836,1.4201638058939363,3.939398056406063,0.19140669188102583,3.2665725991559866,2.423254593570775,4.924942223545079,0.36335369940596446,1.6791022476902495,15.0,0.7550853290172106,1.933213324729685,0.5064987246886888,2.054290096977644,0.49570109122742545,2.1995130962507603,1.9400114227957896,4.033742157038972,0.2066487520112941,2.986703487390743,2.904500480772117,4.392981574528192,0.2945328049471762,2.093251042537357,6.0,3.2004934286029765,1.7905625792238022,1.0717020919803155,2.257012388391356,0.8054470669978592,2.182770786927191,2.1932023671890875,4.0005411234023684,0.17841171541398382,3.282446046722751,1.7653390482105114,4.094013004081126,0.2818778898375355,2.1192994595528214,5.0,1.4428842430827877,1.80008395866228,0.6429588972208017,1.8656150708869157,0.5210046124757801,1.9764063262146305,0.5733068251858812,3.98811876265197,0.08647567876204451,2.9524660736320376,4.011162673914089,4.858813940190479,0.34316924940134885,1.8953302326021628,11.0,2.9055387205712644,1.8189436071823029,1.1719810487105482,2.304844217687941,1.5993759737492437,2.2080128372455325,4.95734345630881,4.015908139564903,0.594449048601117,3.150477389286356,3.0853157447697415,4.320573731515979,0.3513699864115881,1.7968013185372258,6.0,3.1300997489133886,1.5796720688197539,0.5750374874235298,1.9589558172335142,0.5399240403211749,2.1110265399559673,3.1362545908968267,4.078062858219703,0.21456722102295658,3.309315064552071,3.6062922454629516,4.771787934933263,0.42226687276695185,1.6106776467345978,14.0,3.214882268852235,1.9334061317713798,2.060177489809305,1.963844362677426,0.5550379242924157,1.9937129281676993,5.592507862608802,3.879219802205947,1.1464541501250503,3.0806043144949515
P27,sisyphus,1,sisyphus_s1_36.000,36.0,38.0,False,4.44643659645461,4.255970948517884,0.28110947374461465,2.048959245019935,5.0,6.757787189482231,1.9822941951399886,5.019009912416049,2.052245692308662,2.2321446281548294,2.129625307643712,4.3533968116542185,3.8201094450103716,0.3014877822613771,2.8504625664480723,2.5530909291062294,4.334610003361842,0.30514978559266165,2.194271284205169,5.0,2.3779093246483676,1.8488759763373919,1.2356386982508456,2.066535849697813,0.22155240664731074,2.1176432795443167,1.7161129343638277,3.913540834271318,0.23319004379409417,3.240056715041997,2.659818095049244,4.283140222651513,0.3390836787342665,1.7680866058178897,6.0,2.492834128979019,1.619367723129486,1.104914282609142,2.124965201210959,0.5931773765745514,2.2875561550367722,2.5600473667209624,3.7775288388505666,0.1485650882508554,2.965946229971004,2.64071083784801,4.297706892157971,0.2986038327942282,2.014629500551856,5.0,2.6026152671007208,1.7546935270386832,0.7549901400965159,2.1693593589714992,0.46877189030013644,2.2003831626361343,1.895724754451487,3.9202677992093107,0.15530240417934082,3.205471762732264,1.7433398454590385,4.026082349393306,0.29370041036278965,2.1060712382908457,4.0,1.7890719773255865,1.9475179376520177,0.537515943418678,1.8802766260687402,0.23685191905761283,2.2657152473784223,0.747571639010404,3.8863304580683806,0.09267820897789446,3.2048563800963614,3.834940846681782,4.559419889228021,0.3503504177258284,1.8052775212335708,6.0,4.975872857023768,1.9104341492054564,2.7175369093248705,2.171776216603805,1.587749684772196,2.2976486841524824,4.857098408424068,4.0208914683064645,0.36205303864904487,3.081782665558225,2.894311636006482,4.71304376756444,0.3705417647582573,1.6803720267293676,10.0,2.16322101066482,1.977737473327252,1.6312214151396305,2.038056426628998,0.6688330819938038,2.1638513767953764,3.5511499191865967,3.9641270514638967,0.2290004801267789,3.1723555931405483,3.621961807855029,4.727515291378728,0.42033087488141285,1.6039335563321877,15.0,2.3566654344274234,1.9093315321638809,2.3338544311160536,1.883897620754816,0.7400360435155893,2.0605711804110944,6.063055951400199,3.7577193260117,0.6539280739557097,3.306144112433586
P27,sisyphus,1,sisyphus_s1_37.000,37.0,39.0,False,4.3151506116919505,4.246834167953568,0.2946567485959633,1.9961647500274347,6.0,6.51385276037459,1.7928062269495295,4.457347513863829,1.9754315606550004,2.914100824455586,2.2717162689712516,4.214210671535044,3.8578345985108258,0.25884278688863793,3.2136984486193954,2.3075956089052636,4.714654519964789,0.351763489001299,1.9310113547326406,8.0,1.0494684121568554,1.9614694634510528,1.1350683444863685,2.2142019729216154,0.38056117082156576,1.7633878509050591,1.6368465374261778,3.991169427516275,0.16634487716482604,3.183807075586995,2.5124791750087283,4.427150255991196,0.34252728612039257,1.7990389127922204,7.0,1.5418472738082267,1.365772114558223,0.9862736424148136,2.2643732552229503,0.8337996665995457,2.290278956182999,1.747630236679266,4.051960902360512,0.13580211901480896,2.9134075201023717,2.4951255989399845,4.166924817707175,0.3030231078349566,2.075613561525899,4.0,2.7842739807387815,1.7415190992881373,1.0992776658687935,2.0398577736970793,0.35485341851450847,2.034114628229111,1.812596086297503,3.9551336364186604,0.14031359114470018,3.2252513866007897,2.078296556705159,4.336370704522554,0.27278383077120216,2.0923980719727377,5.0,1.5258147671576443,1.9387844120478959,0.734703015445006,2.174774945375582,0.38733632778596766,2.114400571119454,1.0197446420847203,3.9272420430607347,0.06873889114105916,3.0864621331203264,3.6839515683174042,4.536663988407861,0.3563712133024397,1.859335730757263,6.0,4.812959998554619,1.9488526573134393,3.1559144991710024,2.1626958482747107,1.2531115450751757,2.3051238330914128,3.814105587677986,4.032652075968842,0.5890517460325121,3.222492001135292,2.8573261281128763,4.775435572670415,0.3903097233483779,1.7179781165986585,8.0,1.639841225695033,1.9553021737055096,2.0870316632068096,2.2407309827496706,1.015178729003308,2.1677621514678846,2.537384494889125,4.051292575339115,0.3222466504739565,3.2531545119773555,3.497651711069262,4.885596413311583,0.42019967768296124,1.6146739307514317,13.0,1.5012247083715722,1.8213876892084926,1.3829323654863759,1.959078755017103,2.0430464974715736,2.216603396575434,4.757653556338734,3.940985600333775,0.583233071336835,2.9829184357434646
P27,sisyphus,1,sisyphus_s1_38.000,38.0,40.0,False,4.667296260865146,4.322020321420702,0.28160810625279126,2.1282446523542395,6.0,6.770615718817622,1.801367856956199,4.185588462157338,1.9188046942915769,3.515204959504383,2.200831529010683,4.526744731635627,3.9094107312436917,0.505035795588172,3.2881671619103643,2.527783985560208,4.33426574602209,0.33190206607309686,1.916620194943564,7.0,2.0105480810155436,1.6834878839114058,1.6692095603346742,1.9553123012868494,0.5312058480969483,1.952229793108041,1.7598530360497586,3.9025302732594733,0.20992361085903366,3.2026649219314733,2.4724018861627646,4.553541290779488,0.3331345548048057,1.77957795978827,7.0,1.513188896660722,1.956881224884099,2.2889890525542613,2.2344450347506295,0.5797604856795149,2.2473095297332484,2.0009702704091086,3.947826189702334,0.1472488448010894,3.066237009112212,2.793228500872749,4.554004594068887,0.3011712534241297,2.0798428513592575,8.0,1.759681457999042,1.8179233253478575,1.090776223625003,2.245142098342912,0.8671025674749984,2.1585840008434007,1.6666255608679676,3.905861659747923,0.17778525675191303,3.1928346924453597,2.214754806849684,3.9153191641530336,0.25192525465503396,2.295600817096755,3.0,2.613622898251742,1.6823013022723767,0.6173058381598743,2.3103001726910586,0.4384698382348773,2.250713338293229,1.1440403904807033,3.9574656224786313,0.0806394871196455,3.137122643210385,3.486958811379528,4.734962096183595,0.37562464852953636,1.8001055453914685,9.0,3.3108346579263537,1.8881736475608126,2.3688840985817747,2.259186031512561,1.4503925774171904,2.12255130917739,3.8324769637554796,3.9415773286670963,0.6183633804637947,3.228044970234218,2.9995797527134633,4.586239955362173,0.38206448139278987,1.7460803384415042,8.0,1.3952957808292306,1.9809735562853912,3.540447178180041,2.234526302982744,1.8344666972454946,1.9092140505396658,2.316577632180995,4.020154604611016,0.3273098495348166,3.335251288375644,3.7123148862803177,4.821340475930401,0.4332982092044006,1.579616645012725,14.0,2.2014689711566953,1.5782489896205838,2.3106010416404286,1.823011734937328,2.077182329157505,2.175184556233327,6.546419910335348,3.732874759330284,1.5694472631577263,3.157714029128596
P27,sisyphus,1,sisyphus_s1_39.000,39.0,41.0,False,5.04883692165616,4.356105097285621,0.28664426025148904,2.1970620367204097,6.0,9.095085296954908,1.9513373463004646,5.540552539700277,2.182624994155195,3.421991821546089,2.203672519510744,4.9129705329082105,3.953634930500611,0.8558312387833804,3.1587121190826215,2.7774992547396224,4.623237369934017,0.3126038446459874,2.090702485987668,7.0,2.1291508957921854,1.9471653030911182,1.6031923731925508,2.0878403380514494,0.8243420705446485,2.3010546395633518,2.020678603606088,3.9306377151767964,0.30563116513418753,3.196682824997863,3.043745093350702,3.9835285618158007,0.283735925654638,2.0440776010695756,4.0,5.016975047171567,1.8156269789171184,1.407918074181949,2.002277578737802,0.6879220795783677,2.163924512211893,2.154585095227676,4.007844446318897,0.18106529524424517,3.1942903102889844,2.9345344113024074,3.9490218382908053,0.28836005147179755,2.1955732914112533,4.0,4.891718315098368,1.9264699069432916,1.899240714326447,2.1930513276435546,0.9611614374451465,2.1690412134364787,1.380275094518455,3.990660251425069,0.15742815986864586,3.3169570579969365,2.199157470606921,4.314842382237843,0.2625731213793118,2.1558205396712693,6.0,1.595464989119193,1.9719635551512686,1.059954854064883,2.2529070332198904,0.6802616404613981,2.097683661835388,0.9504307370488421,3.9737936008071046,0.08850748436013368,3.2789896242213925,3.6356820804733316,4.557873466831718,0.3853695956094483,1.649585230798518,7.0,3.344543710531623,1.609285890063925,2.584957294168282,2.1778692164991114,1.6698945432008456,2.269685359761376,2.752770436376899,3.9507201038002573,0.6528596481309981,3.2401063230245093,3.452411073685435,4.490689864104756,0.3377179597691589,1.8755378639517661,8.0,3.419942832636533,1.944430235925331,3.051286506102463,2.1011439002984664,2.50541996368907,1.7398210411036563,2.9993400255558376,3.988111602916112,0.49483142738168906,3.1543795705819972,4.142562928483001,4.877686308498282,0.41980146569504523,1.7061439123271396,12.0,3.620446421053425,1.8208130704440944,2.676687485756599,1.7467180797757353,2.550622528682076,2.1762190936775343,5.736904508954707,3.8490567074354964,2.07064524973466,3.2144285384150364
P27,sisyphus,1,sisyphus_s1_40.000,40.0,42.0,False,5.467348090453496,4.267237940838028,0.26781321583724926,2.3242538288884416,5.0,9.617496673381517,1.8683303433851848,4.105799421932314,1.9483305115537157,2.2928222912035183,2.223766884671001,5.464009298233031,3.8537764643979444,0.9266956840853504,3.147924942485077,4.216362811811371,4.205893503949082,0.24610442769745228,2.5942200215598015,5.0,3.8807415104336784,1.7503904518850946,2.042901401999073,2.236283286242491,1.2494322749047597,2.3001920033738084,1.9121827145976193,3.952361076885928,0.3224599063381755,3.1343687715906188,4.999498952260017,3.880904447424232,0.19943755396413027,2.709280512160955,4.0,8.312765790502848,1.9453633612417098,3.1587391855196985,2.090826221393425,2.1757065868069274,2.2134598785669013,2.2518531040062397,3.9373194177046242,0.1271752014482286,3.3277785737747596,4.094770508802657,4.120914419605474,0.21632578335715175,2.7151658178472426,5.0,3.288332594310922,1.7073931202488122,2.3105072394178503,2.1609024458270563,1.8666285976572987,2.245365475249918,1.6045653538987639,3.8747227000294595,0.17336106707353507,3.2818331370495977,3.6532795520637715,4.251558647509875,0.2081745184128833,2.498711120665785,5.0,2.3496870079772467,1.9319344592356034,2.073907428109557,2.2748992068931,0.8663730925530273,2.1693300671171496,1.4714864854615541,3.893790074181517,0.05977719123643047,3.2709941411134094,5.386285404172302,4.408974397679457,0.2673394326708849,2.2149610794452395,7.0,7.015813703777107,1.7277343048144669,4.102608283898011,2.046882534039954,2.283720316038386,2.016199951760117,5.879649796867639,3.8873314944784476,0.6302980643736402,3.1402854115075924,24.49360694624156,3.969996079026223,0.15157103735916938,3.086178485402113,5.0,80.75193196461294,1.9715383436239593,77.79224303139516,2.255555638525618,29.327008468030712,2.19660531556684,22.096923273950786,3.8646359341333185,1.590825621609743,3.1976830237164338,5.116519696928529,4.521971533765775,0.32596236781847837,2.1175185224076345,6.0,6.076601763438421,1.7464017178857396,4.9822656006864054,1.6014810405096993,1.601324666605573,2.2203387176328637,5.614106795255604,4.050812230802502,1.332583124063762,3.325497089069688
P27,sisyphus,1,sisyphus_s1_41.000,41.0,43.0,False,6.223677540884606,3.4686695293941057,0.22487068409128835,2.7397495374310927,3.0,26.393980478998717,1.713617666838916,4.591922203044547,2.063996834367843,3.026830813054768,2.282396392029933,5.370276119719059,3.8429135414364777,0.5116051207836605,3.11121336159979,4.880488396998499,3.277481414999034,0.21779503333218067,2.916816932323425,3.0,16.56919578860667,1.6896733441699163,2.2953938885345657,2.256157233077625,1.1491707032446192,2.2255178247883007,2.679534670180101,3.9945540455763004,0.4833864362148564,3.2348506525575784,5.621796184750132,2.9399953139192045,0.1893108738085507,3.0696405114159164,2.0,21.286732358461947,1.372625555994957,3.3729294008180317,2.2656044106339412,1.8822453162063941,2.0123592619532236,3.427094251924417,3.5447394019569005,0.2748792524310268,3.239106529285087,4.4050949733071025,3.4461624502649606,0.20821970228206685,2.598332309870196,3.0,11.159260223615274,1.6149140506446307,3.0343112924616618,2.22084280329343,1.349588419813249,2.2307655858460658,2.7951069376910853,3.6064344808240536,0.13405201393401997,3.353666865317421,4.52364335018839,2.9580737773706742,0.17269024254110882,3.182595079288734,2.0,14.21427823345493,1.564607092065904,2.7206031986850445,2.178205544732419,0.9598346553064716,2.1498396974510166,1.6952558070492552,3.9369682695414223,0.1274191516830829,3.2100151723381884,5.970388869181372,3.597599953787365,0.23459325218055802,2.486042592741422,3.0,24.00034830622227,1.8125710212393442,5.252782881774355,2.2164032032895546,2.435400672392023,2.1872555058467706,6.189852916809059,3.6566557736458973,0.463273330275234,3.2607032460699235,30.331225930469298,2.722525990344728,0.12464238255097647,3.7423892202517353,2.0,734.1028191397772,1.6865602218738447,118.88134118875783,2.1780816962544503,36.378910501491696,2.190181466193613,29.4647811596282,3.8497092039646104,2.2626835121079725,3.2300948982877284,5.11850274199279,4.275157712819023,0.33705656887574204,2.0575134151616443,5.0,11.115604631139467,1.961286479203429,4.699927306251579,1.7053247624595984,1.3337103769754828,2.158128380735996,6.933073965643918,3.925613151521156,1.170828484952953,3.283589439192291
P27,sisyphus,1,sisyphus_s1_42.000,42.0,44.0,False,7.583495081081704,3.9582453573862084,0.21329394265923848,2.671666482880624,3.0,18.224043728746945,1.7422210601102441,5.30113621725943,2.222482128574809,3.8698805261049674,2.277569668963463,7.446635762264369,3.8120925222581348,0.6031013970927198,2.9095995074580983,3.8236984912952243,3.6622302337911923,0.26738856879843137,2.3623666014999074,2.0,4.581938617739857,1.3071947021910297,0.8511948637796422,1.8422806777641858,0.43725095186481544,1.9945408097389814,2.9686675369033195,3.8164525160727467,0.39498652598133493,2.9350992180938418,4.0535213659263585,3.6634266039853536,0.27448505880762447,2.213457242056715,3.0,5.465502687280334,1.266134773237887,0.961457966631676,2.2253104458896265,0.7413007563158838,2.13522657380489,3.68918028962882,3.5162906832184335,0.33236452544824785,3.318386193000921,3.1004630705645253,4.129691226650973,0.3020374034425192,1.8579278613538883,5.0,2.171793242859049,1.4992640821370757,0.41209377304999373,2.1905656327387684,0.295434431042334,2.194882626493296,2.819312906005031,3.7612463170790518,0.13728289479883984,3.001899931534233,3.7015577392426264,3.138505484242282,0.19113599348971896,2.92771736106487,2.0,6.828950246091463,1.5169904610777774,0.7409287550764029,2.078187184439079,0.48409397611058724,2.2809824585333747,1.5401062495167295,3.8618694581167254,0.11100259432090769,3.283528604283654,4.694979600294177,4.260426654602918,0.3327709016301625,1.7335733102148507,10.0,4.918621813041668,1.5361554083334796,0.6979422041652024,2.2040168985064605,0.9855951751468509,2.307546750076629,7.535377159841949,3.688433878630889,0.37110079755869585,3.255331505426804,18.10712719261417,1.7302253388810185,0.08681247666135107,6.463894360286855,2.0,119.69300483603364,0.8127820135804835,0.8217440980184454,2.005929456942583,1.2357610785104365,2.1336487536741933,7.382616099379548,3.637913684335417,0.5449840039898022,3.0505664658692657,5.08541737865811,4.400604957927303,0.36890299034555946,1.7953931591074364,12.0,7.824133689928988,1.608039887231152,0.8887308508517427,2.1120072861911927,1.6361212322060361,2.1238050570095353,10.671846135485916,3.6655787080395954,1.3720123520373069,3.3244584686907004
P27,sisyphus,1,sisyphus_s1_43.000,43.0,45.0,False,7.7936753781607395,3.1763308618745234,0.20249871216661386,2.7444241758090464,3.0,52.41576843081545,1.782314302162825,7.660351447605693,2.0221350010101604,5.0803438220576735,2.205252148689034,7.049562262809036,3.7905354833631297,0.5497698374769203,3.1083158181580717,2.8466142939843833,4.668298194517645,0.369288678321454,1.6490713171363889,13.0,1.920276154322288,1.725515781786394,1.1660023268807507,1.873847763645497,0.5521611553234131,2.13124887528882,3.962136793342968,4.003371867014941,0.2238204238298309,3.05556930331775,2.732536446029321,4.831879378203548,0.3799456188533038,1.5456545311073362,12.0,1.3958361849109824,1.9802473004862637,1.4007797048483295,2.3152405318039007,1.2043550330316923,2.2109524124019244,3.8081713535596466,3.836229230311724,0.24470158860410257,3.174217344356259,2.6577986390080555,4.532509817710735,0.3667664429369426,1.5421765174428106,13.0,1.7346372928481208,1.9291256152907563,0.6463929067227296,1.8532501164249482,0.8460668090469037,1.8747277997485128,4.329700128519721,3.564162004287395,0.18769585045402268,3.248994394556285,2.6053659978408668,3.9938505359264833,0.25755299591338315,2.0454236864987307,4.0,3.0490922470328,1.877237846414978,0.6515592550396735,1.8318740333888142,0.4980186401031355,2.052185179388206,1.7374017083483873,3.6940876981381203,0.07047228164940858,3.0820866433037426,4.123033317579792,4.689912945211514,0.37996542388071697,1.5335226788028469,13.0,4.05261866516468,1.9968345213955132,2.423494461217083,2.028002441810923,2.472910675096647,2.037106319290662,9.678627873758005,3.740697955335505,0.4616722950687959,3.3642633038215384,5.033498744149218,3.835755952487341,0.27090494071612925,2.17497150008118,3.0,9.91616811991879,1.4213794261260944,1.2725521737879744,2.119003488728602,1.896556603095318,2.1269420787450763,7.018086802344774,3.6517765775300357,0.29727427265055784,3.2288033889729477,5.112301076286027,4.251322279157497,0.3492996691110072,1.7658448855346374,8.0,11.900003577137822,1.612631799022559,2.229449805616161,2.226604609884502,1.4797756951537213,1.9636702378629654,11.6877420089394,3.806504479722789,0.9705853504737851,2.8818173752714156
P27,sisyphus,1,sisyphus_s1_44.000,44.0,46.0,False,5.399831036885053,3.850576444920947,0.2464998554231213,2.4591235376952696,4.0,14.915360772387332,1.8288608773929478,2.642232990853126,2.0806821227530796,3.5207032611733586,2.290073599463202,4.467807530917115,4.0200034043201605,0.4200996341030892,3.2160937664298204,2.1774819774937897,4.90309298281212,0.40239612037101063,1.578301202069773,15.0,0.5529678608494394,1.7309296094753308,0.6289956065576734,2.1462033336995305,0.7160400601405291,2.048947855452827,2.103745517098676,3.96174238529472,0.16336081724375667,3.077062702205157,2.3780558716163553,4.696717596854646,0.3564131943553366,1.6915020038995998,9.0,1.07911580002986,1.848452541641986,1.3358068520628061,2.2912404060199805,1.0757222338701022,2.27719070890728,1.7437229817393622,4.069517692019269,0.1085082460744593,3.2016608930240222,2.543144315652986,4.556076979399575,0.34190912343118923,1.7101249873587872,11.0,1.8924636102425505,1.8806241931542846,1.0880812285902175,2.2153846706299,0.8956385927859699,2.1546306666936403,2.888878096017288,3.6056229659351464,0.18613262816874745,3.160005965943073,2.0343145893001964,4.140413659353007,0.2937986362445307,1.977816185046743,5.0,1.847333892656582,1.6427908645714417,0.6442750831761963,2.22184588643844,0.3494826595861209,2.2814145419545726,1.0466125305048892,3.984883380155213,0.08337019809993938,2.939359842556102,3.514990157351143,4.616471137285124,0.35121969861246394,1.7841384478247944,7.0,2.9182384223238405,1.9050388779523555,3.1884789695927167,2.0262781442968967,1.049681049984837,2.2588979738556776,4.40629101201506,3.756070292090183,0.4847007997743571,3.1966761195055797,2.9323594597736204,4.825410387163147,0.39170217599596535,1.6483887333147866,12.0,1.368969159452148,1.8749764887818083,0.7825596639607828,2.260823565407399,1.4959927677573202,2.2394231073107145,3.110016129667525,3.9012572462095876,0.23256847138795733,2.833561935282905,3.931845278133989,4.833370057770343,0.3727943592378458,1.7339794809653934,11.0,2.9305932950792224,1.8721254086287207,1.640473868226989,2.2381047491945854,2.4239183280920735,2.19187922171415,5.654507249863411,3.983089470607414,0.4702671069349565,3.3346588485571376
P27,sisyphus,1,sisyphus_s1_45.000,45.0,47.0,False,4.3209696932039,4.399038598080649,0.3227865552683061,1.9224842834179552,6.0,5.870905490696616,1.8132134460522016,5.917496819393676,2.074403826628928,2.078184680545294,2.293323331311286,4.302960491150233,3.9829128136440466,0.6648913285352567,3.1523724565812836,2.1460622636358675,4.677349567898555,0.35675161205761224,1.8464588369479462,9.0,1.1439401541681042,1.9053718253887766,0.808953985535804,1.9993726847483795,0.5666025581490421,2.170562077051342,1.333572968591601,3.9427394969852814,0.17375903229487855,3.2771506763837386,2.495572323813628,4.659976546891549,0.33839764074477946,1.7940595196362064,10.0,1.0677688447435927,1.8804148166162689,1.3914176097477933,2.032304257322524,1.2859288363745356,2.04664216995289,1.8411254074242536,3.874006379801363,0.13820380522774967,3.242113550971132,2.168642621667622,4.577362429817869,0.3540293021211959,1.7952376011743265,10.0,1.5085678062412649,1.4848705540487332,0.5108881314993861,2.1857011705298777,0.5336569140822321,2.2754661636577174,1.7163260855138296,4.0899963063288105,0.1771994439439784,2.699163644081526,1.865897877382684,4.0645300700586615,0.312226168046242,1.9833454896440574,5.0,1.783230156723212,1.7172602722209538,0.8153414192198347,1.9875551453347398,0.16601706043968004,2.1809645345437323,0.9179432445628125,4.039375345988808,0.1138903477635226,2.850808598406243,3.088571601920437,4.563822958829344,0.3443758401180517,1.8986062544521494,6.0,2.6530263129546636,1.9649469824007104,2.2345726763448197,2.035116423305542,1.4903645325436738,2.170597394453266,2.255866902358218,3.8967644068567338,0.3989246609784499,3.226265655072556,2.9051159721329816,4.90559643676852,0.4149483197987589,1.5910585779066888,12.0,1.3754738881205308,1.9400850535234189,0.9931735649912943,2.0277228473895517,1.6314600238072678,2.1799357219943722,3.587542560119314,3.899453890632288,0.48199795249051214,3.1100087657978674,3.7858956211318846,4.726890351685092,0.4003602507932621,1.698019287895378,7.0,3.075428837078322,1.7764545082192815,2.4775914143249467,1.9831654392576528,1.110194636069879,2.218451410266452,3.2873211075431557,3.9664704691818056,0.7569512147671369,3.334803581628644
P27,sisyphus,1,sisyphus_s1_46.000,46.0,48.0,False,4.824054012685568,4.261103904675286,0.29341831319056627,2.0329446498383925,5.0,9.7662724523399,1.944032125444299,6.61956056362115,1.844182701091821,3.4756192193348046,2.1827144528709326,6.0025297858251205,3.827963716295422,0.5393487998883499,2.943817123128595,2.3423748100880784,4.733814002056011,0.35013330621147654,1.890958298043905,10.0,1.314165301950507,1.8942704146774976,0.732909908973703,2.1164653280186174,0.7055795603435221,2.2269439886697073,1.5929115992946032,3.970202340060006,0.2366611657740029,3.2692870047296028,2.867363412736417,3.9676658734067956,0.287071862416079,2.138410695995556,4.0,4.664700771750859,1.9106462368785926,1.0845587618853325,1.797612417541262,0.8577533543950151,2.1562064949885866,1.7080909949189373,3.952407853542873,0.19690567858387534,3.0326660761915947,1.8829940411601445,4.812224026392499,0.3833263083380961,1.7332646306658053,10.0,0.9312694600394456,1.7925694141461381,0.6139975192342471,2.1221953388347607,0.5507889085564017,2.2837576806672026,1.2341808572059996,4.118148763513425,0.20991776795985911,3.1614476781104925,1.8491383241897523,4.485011457727997,0.3261675925495342,1.8110255092416665,8.0,1.2105534882771356,1.9279123756189718,0.5091097408844217,1.800530141284006,0.42907623137473155,2.2278230037794193,1.1830840273198722,3.9605575730619926,0.07434420084569184,3.0841761184395735,4.1286166359855025,3.9466478558002174,0.2787370788088491,2.332273867266704,4.0,9.261728766116553,1.8458235403897907,2.0961431701526836,2.052962929691225,1.4322638947704658,2.194077872876888,3.3482453859521897,3.929098806656023,0.43297578781126794,3.279838267846432,2.9241437966113057,4.71413286975499,0.39287257491905553,1.6833666730254204,9.0,2.6664604601812263,1.9081624410892897,1.4853368382877818,2.144146060031892,1.1005857056860378,2.2262520339638594,2.84425825167318,3.9664994050770344,0.5009255386649569,3.3104677678562076,4.016331510127823,4.606554139745673,0.39166071749488357,1.7523642969112652,8.0,6.246653551350285,1.9407098547998995,2.2446867958535073,1.842916993157722,1.318778986168669,2.1086967345009815,6.830707788052382,3.950768193210295,1.1331212244756805,3.022581003813709
P27,sisyphus,1,sisyphus_s1_47.000,47.0,49.0,False,5.015897147863864,4.096558299396978,0.2915835110031994,1.9686819944051426,5.0,10.696663181655069,1.8814983951989184,4.250918687787349,2.2162112858677845,2.434106069780583,2.086563667744225,5.713012272789622,3.6888661148496,0.30062677611579885,3.0177595330948406,2.4595722680687997,4.479495839673176,0.3689811853449575,1.7586521577233076,7.0,2.013051813725452,1.7337014022432724,0.6951821959815792,2.2364012064836802,0.42430251294022825,2.2863706083654547,1.790430760455719,3.9208732570148928,0.18804577096695974,3.3791344119479945,3.3292859254291356,3.8556242224491784,0.2779436098646395,2.066879682756847,4.0,6.48184559724848,1.649860374121713,0.9481193616261855,2.279929840142347,0.7594464917878618,2.218530627206955,3.609980367859719,3.7657151191551432,0.1464300020897189,3.177347936327961,1.9833496304568676,4.709699868795694,0.36283852520343585,1.7632754009043814,12.0,1.0998783777354832,1.8889941954932734,0.2445018544160555,2.1358689385091307,0.3835768755820266,2.1267888603670095,1.540953273501634,3.937537516194852,0.2177386993877586,3.2418657619664804,2.0919656552730785,4.444716474051136,0.3207390280157973,1.775384608411359,6.0,1.4871183943489052,1.9193857997982389,0.5549884315168951,2.0570509958375114,0.3734947372465671,2.262908262887963,1.3382827419279837,3.9601119614417897,0.07599960280379574,3.0674008794485528,4.541759951733594,3.964347324268593,0.29498712002786104,2.2298515844572613,3.0,10.499074967911664,1.7395159130786593,2.568889885518027,2.089616886422124,1.4108930897580703,2.250620498706057,4.715961095713321,4.0266392966521565,0.6310404452261938,3.2603779117358287,3.2042530945493954,4.5329193434861,0.35301031081496376,1.7782747603886764,9.0,3.1059450753332625,1.8219728620945133,1.3603538009470222,2.192446220013958,0.8505432721689883,2.315001219971409,3.8627283157601964,3.7453565370887696,0.3160706011303431,3.279997746933465,3.9355177095088427,4.323823337513129,0.3841596519547611,1.7268881945096777,8.0,7.238305249629402,1.7039060738540832,0.9417988056255261,2.1650378696378385,0.8958364166170479,2.2941597203837634,7.024130952622028,3.8114880922455106,0.6494673456855489,3.2870130943182763
P27,sisyphus,1,sisyphus_s1_48.000,48.0,50.0,False,5.989901460057903,3.8000764083545495,0.26175295449888863,2.32853766352954,4.0,19.152148378099714,1.8576192499258477,4.85302513938554,2.124945254763155,2.113660885806939,2.1169191925734587,5.83559356733672,4.108498461013329,0.5355992267624531,3.0553323083688757,2.7484292263637715,4.573827443427485,0.3552935634752088,1.7781267042100075,9.0,1.4714665873654118,1.81388824947524,1.402157202513937,2.07663390074117,0.34048051052256034,2.1998229052367653,2.510400261449646,3.767845687547278,0.20249098492371664,3.198942148632403,3.0399814549980158,4.264178469903805,0.3188416261945695,1.8374993470502385,6.0,3.788114585450831,1.803854508330521,0.7417687264151833,2.1571009495880293,0.6550820769245249,1.9886900359151904,3.6384796824260004,3.8029631177557266,0.1447678327212666,3.2999404227084734,2.147263881565622,4.7403140719152885,0.3661907570689744,1.5998989639877355,9.0,0.7629390454573355,1.9482781366275175,1.1876183512777279,2.2095380840247407,0.42455781741965326,2.257113966433336,1.6999709059608812,3.948712428005507,0.11872827828465278,2.992530106736711,2.336131264211425,4.467541212604871,0.29585029033598775,1.9555343412049846,7.0,1.488820797164589,1.9393200193981088,0.7719116406498738,1.9996756959305213,0.28752622199825617,2.3079090921279253,1.5276128243448652,3.9526106917349813,0.07677018141858333,3.1172913987772146,3.9855999596470015,4.437993463455032,0.35166050690677353,1.8511293237416588,6.0,6.401363511035198,1.840895140996924,1.9226678760754587,2.2402666554440267,1.3792733913020674,2.3010759456271486,5.05452697705425,3.9690302480010464,0.5955822124051001,3.2802499881420264,4.577477672756344,4.391293001348866,0.28620406281544924,2.0765847893729283,5.0,5.7097662631641874,1.9447354812320945,1.8486429801387034,2.065385876073561,1.077793281553081,2.2358138005990877,5.069154021174281,3.928631930285299,0.2866890979676687,3.2178579440367994,3.699746052290666,4.78756551263895,0.4047959178055051,1.6871929760727853,13.0,3.6590402343568345,1.9467045815507888,1.6645860959502463,2.219404185439983,0.6670974577560009,2.150018182360236,5.637258261758138,3.9138437174260923,0.7528090477466506,3.1883648215903557
P27,sisyphus,1,sisyphus_s1_49.000,49.0,51.0,False,5.927249586900813,3.7848652307178665,0.26398486119088915,2.478739132357301,3.0,15.706968961999559,1.6817490569410805,2.584455308891164,2.2444968385729,2.0018006478283237,2.2676958349680993,5.144014906847703,3.9600170532743637,1.024791410930896,2.5657344893321783,2.5340056031671745,4.362276854493392,0.35897860874437654,1.8291277509864001,6.0,2.5575752018540134,1.7575353926541009,0.9775223405513451,2.010454317488899,0.5159756543091936,2.1745714056595538,2.118056194960633,3.7596406194129486,0.254841804837202,3.2425686630040165,2.425063188879321,4.5613944974806095,0.3614275812659323,1.748900853743285,7.0,2.148476097055379,1.8590449011602876,0.7494107560930916,2.2827437110570856,0.5256641758196869,2.1890406598907917,2.077710858436302,3.957488830236833,0.2508982065525776,2.953777423186173,2.1448994170319207,4.64226575740886,0.3731477434819004,1.6092620086275444,12.0,1.043522311060492,1.7688736006609105,0.5113071473853936,2.160113548901042,0.4457248798041503,2.0557539260390816,2.0171303835488494,3.862446222744082,0.15600975320973268,2.480097840086868,2.130479715447745,4.03789644294327,0.2983475323084609,2.055230622321721,4.0,2.2895009061651406,1.7455791924769224,0.758554484149114,2.168808057272306,0.18488710779508402,2.0111012326965145,1.2358789414814477,3.9694559699453684,0.12208187778553246,2.895229794469752,3.3929392679772583,4.54923986936149,0.3693987619504547,1.7659769828081733,8.0,4.195802699977972,1.7529110671527346,0.8761382893206783,2.29880025797553,1.3516674448030364,2.288280326303501,3.5577126399624177,4.016440756950254,0.6089518330811923,3.164952001656535,5.137748731713388,3.4070258891424117,0.23973398512186356,2.6319857236306246,3.0,17.306521954077372,1.6909435139514335,2.40928938186419,2.2551598895908485,1.6768586216134627,2.2823531783338096,3.5765174209559487,3.851089680865196,0.38367983538108863,3.0539038369741145,3.668669868721575,4.279529067874296,0.37235996522436937,1.9551153548845126,4.0,5.605024164141654,1.7339914361985573,1.3465505326981375,1.9866277346090395,0.6612454976573621,2.278527974817725,3.372453792640727,4.007965318294926,1.0064348225507864,3.0128899143109
P27,sisyphus,1,sisyphus_s1_50.000,50.0,52.0,False,4.792609673497136,3.749360755121677,0.29530394428798684,2.1788890003091232,3.0,11.882738252690565,1.6183587413063316,3.8108347524095523,2.2602661874898375,2.0978257715379414,1.9897497137092919,4.071759604184587,3.9074328075191236,0.6075449731743913,2.9359624052149287,2.2462736538127723,4.8220175408768196,0.3709961868266996,1.7511815295830124,10.0,0.9993433319264355,1.9294103855894882,1.0143698661984215,2.2884591111080668,0.9070429697532236,2.300441106387797,1.4043998118193401,3.981105247909816,0.24428799450629898,3.254387005495628,2.589305754072909,4.45925266465636,0.3257086438427805,1.891440101816311,7.0,1.709487227189299,1.7832565677840815,2.47419313374866,2.1230680993996347,1.1803383154969485,2.2746154077448906,1.8027626302109108,3.931006230100776,0.20086359398636877,3.0824704341917246,2.4178264837806163,4.335690728986176,0.32689645900303105,1.8172829879545178,6.0,2.036314705936711,1.8324965746960253,0.7785087203862563,2.1856198013708847,0.465409336561917,2.0676940963505936,1.7967220922314073,3.8443921706754383,0.10439408116621636,3.0369137479468566,2.0214319834801002,4.008721459475593,0.3033782344545033,2.080068498856009,4.0,1.5780972739588108,1.6947327590996613,0.5240865683188742,2.3013947227699294,0.18529528845784252,2.0407431497270254,0.8177117252264955,4.026422546682414,0.13362552083443172,3.074648478262515,3.155769277018973,4.752044699947191,0.3480665916222481,1.8491572371346612,9.0,1.7718819231428466,1.9556002669352495,2.1793975169131485,2.2707281035922904,2.278372888238014,2.2119560709407704,2.666261571076641,4.002493284037177,0.39288545652134405,3.1534952668779277,4.807642534572748,3.14302182044879,0.21746925195378516,3.0224477269376306,2.0,16.99134377851954,1.5813404334197056,2.2951979675529843,2.229246798022028,1.568332642702885,2.1931164422411507,2.559145294414926,3.9012877894782623,0.3159734578345133,3.2164478456074423,3.6128520350103046,4.789475002795107,0.3624732690436486,1.8564103709851183,9.0,2.242995577500369,1.7730998470932275,2.68696759864696,2.268445508397056,1.5453923988339207,2.004911081292595,4.349691665965747,3.9588369181800127,0.6502769801741904,2.9809105378321434
P27,sisyphus,1,sisyphus_s1_51.000,51.0,53.0,False,4.940929752798048,4.3298546138116825,0.2687284948731831,2.2046944643380977,6.0,5.657154699371352,1.960726979418523,8.02978779418962,2.179444362403763,2.6882530222087224,2.2559022389239445,4.493274718208433,4.003402227597207,0.4389176362625448,3.1387886330682515,3.0216201116330073,4.281081723240583,0.27662553707500165,2.20351727159571,5.0,2.9866502718992125,1.7114616812562227,1.2164749144511475,2.318525232493211,0.7607990726102911,2.2594849358211935,2.06915949857191,3.8456944184577977,0.20625252841407712,3.2336263645851937,3.0347062614630276,4.245607472694501,0.26820677600381737,2.1857428140972943,7.0,0.9070725702930869,1.9073090782792068,3.7533380170383084,2.1818082426236947,1.3061488179961032,2.2345907965921157,1.5745677716627229,3.91511103717787,0.1310824373971654,2.9361233561202504,3.0062412684826327,4.575874999180742,0.26399265104289116,2.234473700023417,7.0,1.8554206443131582,1.9827137447123475,1.9272332966402888,2.217473586958893,0.9287808501276023,2.1849637875271775,2.056262529805809,3.976220334204338,0.1324946333874196,3.3535550293522816,2.4111737739608508,3.967387890809953,0.25471959375578673,2.3399922328189504,4.0,2.2993241065402428,1.7813140438032338,1.0581148888851315,2.096973223929778,0.48590158893331026,1.982809990765852,0.8438121601358702,3.9887550741916935,0.10899800357262471,3.0717363078788122,4.070630575747939,4.067015513438574,0.25611520806128507,2.6345639836037793,5.0,5.217718790298127,1.675679854144819,2.8568785309339155,2.2822428610124144,1.844535923707051,2.138040256058652,1.7184712049136779,3.969537725146344,0.6103279177330744,3.072733527834102,11.821898962853272,3.706451970212631,0.14727747599533514,3.5513234328160626,4.0,30.880440638594504,1.9641407521153482,23.012470083112678,2.056997656399954,4.423079338347192,2.2605190402428743,6.273684265940318,3.892635487671234,0.5706541703009645,3.186788543061925,3.7829499530272335,4.821489538945612,0.36082434811046904,1.831033430987365,9.0,2.9198488419186432,1.9369758121560545,3.6671740802688015,2.3017070074574977,2.404689781996986,2.192484975982204,4.756087719414462,3.923974856697704,0.8129426042046625,3.027090301348332
P27,sisyphus,1,sisyphus_s1_52.000,52.0,54.0,False,5.193655300999029,3.870911734724839,0.26201214457450267,2.2977806363836164,5.0,11.135355206235044,1.8183930658416048,8.345448432452487,2.0672872056290656,1.1264173902665096,2.250332893429915,4.039440115586301,4.053662422140709,0.39886701429936433,3.1184048265812265,3.1694032854621943,3.5443556815582595,0.25503405166178217,2.4905634805961903,3.0,5.691048736269153,1.5557021213762088,1.254664168377971,2.1922869126728086,0.4175492613382462,2.238183060180876,1.8219442210823216,3.9336809216402706,0.20650656192751554,3.1726857836619122,3.2765188584199834,3.8223856020589007,0.2566617855774226,2.33427881874316,4.0,6.047333381999913,1.9427318531689397,3.132383171496205,2.130533528432389,0.4266546044648098,2.209305943508977,1.7650950194912922,3.9240346200375242,0.2326801141478674,3.044061183934736,3.000653325922623,3.741019232785928,0.2605237530318807,2.337799231068415,3.0,5.111964639547976,1.8881834432267777,1.2201229247269287,1.9621230098775226,0.5363505837672403,2.304458264245386,1.4151878005699756,3.907406167606461,0.14458679805757008,3.270864049931358,2.684753849837715,3.6467506821233364,0.2212331258531349,2.5940327647386576,3.0,3.5830091449178,1.637813323221852,0.9381426911185857,2.248103740645417,0.5597542036288379,2.048326419276657,0.9543273695669334,3.9067164659527163,0.08322569874090083,3.1236804289177997,4.345524021960959,3.3544183947462805,0.2595513759285853,2.589237669496074,3.0,11.39153759603434,1.5041463630050464,1.4861970534558233,2.3050055419982796,0.7189965521446555,2.1658245102280604,2.906971471223262,3.7756797214821955,0.6294978888367049,3.082823746227876,14.508690290106538,2.5550670885204734,0.12047108515418077,4.352369730340368,2.0,169.44902620606572,1.6481835714658923,25.820883659904744,1.9310161446135454,3.5540859961633195,2.247874423984463,6.239895336295585,3.9892574893740544,0.6053076506212948,3.1371670183891758,4.023114261926028,4.840267133976723,0.38000648273685633,1.8321045552043003,9.0,4.098690845812517,1.941133234440809,2.600229030415438,2.242414370406025,1.9343229190934286,2.0877427746061867,4.982505972687812,3.9824053939335875,1.3522391650906926,3.1384222238569257
P27,sisyphus,1,sisyphus_s1_53.000,53.0,55.0,False,6.728911080599011,3.4404171335296225,0.1972575742845321,3.052710749933642,3.0,25.145091745868804,1.804807530851201,11.294819630250695,1.9143199963681998,1.235535171374107,2.257845422687103,4.582867402989137,3.8988548960395484,0.43776916109853076,3.058607799377429,2.774434753876795,4.491813485419297,0.29151364911460903,2.113003125128492,8.0,2.105826920572623,1.8703011990006515,1.1787051935059405,2.2538208987201265,1.3356954668657686,2.219733959910263,2.058940657907809,3.6504022261395472,0.2073107305924446,3.060258929568655,3.257345202870611,3.8615260921930776,0.2493087489395809,2.474720563380352,4.0,5.079828267900452,1.9480430612590744,1.3064140785638312,1.9529122245455612,0.5526137777038206,2.1334555669563264,1.7827920615416768,3.8409951924987324,0.15761728744419118,3.118686422849267,2.466831542347979,4.393604106846428,0.2884734194992866,2.2014875250609927,5.0,2.009955627762354,1.9134371945438797,1.1317293117388945,2.2772207679822034,0.4410100575582543,2.1534817862791225,1.4540613766986208,4.016445789102509,0.13332267565797876,3.028898123055323,2.5332842067164507,3.8975205573404446,0.24489304033498266,2.4082282863259223,4.0,2.631662091895506,1.8413995830869838,1.8107654892319496,2.1274205954864938,0.36750443377358,2.27234252498964,0.9232910676209791,3.9877195384551953,0.11089346484658584,3.158806562263887,4.4612072611023805,4.066896165562086,0.2663814204104395,2.4125549455898767,4.0,8.60739077095225,1.8404190528391655,2.9902648171624406,2.2840148619978953,1.761653660868628,2.258825494003597,3.391967271848748,3.7923412284195233,0.34327328213407415,3.269076766117912,9.316713756426271,2.3106949028685437,0.109957177698524,5.813956484942607,2.0,29.773260602875162,1.170506807211355,2.036337177504131,1.8778993783088629,0.954925163455375,2.282225890085135,2.4514812910512243,4.033161307146073,0.3318663007686467,3.1189377632411843,4.520172873715849,4.245072568121669,0.3345989277612997,2.061031591177193,4.0,8.519195855670198,1.678458016901005,1.9043063948805015,2.1638605114846157,1.9819138466359365,2.0882116013161958,5.863798552903001,3.833265871662394,0.744576351932934,3.2658273275621035
P27,sisyphus,1,sisyphus_s1_54.000,54.0,56.0,False,9.773092343873685,3.282727884266755,0.1597817262330458,3.2573433758080985,3.0,61.37894484553439,1.8431900974220703,22.927117073460316,2.1634740593956874,4.687976455879631,2.1433276068660287,6.629941689452566,3.4167683105978535,0.5711138018257718,3.16724893852511,3.241098416577693,4.18737096207156,0.27534707494028476,2.109716351228523,6.0,3.8534003721071435,1.8313998887023892,2.8584277701732113,2.029299862365593,1.570438866977761,2.2604264676947676,2.5069035176899406,3.4883635089215703,0.18807693544843662,3.3633841473318857,3.2267443280653723,4.254243575955283,0.27166602382111427,2.1032679691099943,6.0,3.920506757168712,1.8726482869727157,1.963841831853227,2.238929968774683,1.7971346710257927,2.248746585626579,2.401709206267965,3.7266509652390702,0.13821477864662982,3.1900868105528466,2.404983516490337,4.603267682269447,0.3211258797413712,1.981441019412797,8.0,1.5135796760433542,1.83079164848979,1.5111591584358535,2.298275251731182,0.63445036063125,2.1201645751388565,1.838831970789168,3.8916077344942144,0.14549264321314206,3.216702004725391,2.5548059500838027,4.182604550782224,0.259411282058566,2.3079809516960537,5.0,2.520540796079736,1.9826447378557133,2.2323090960721244,2.0822987448266357,0.3731162286535292,2.1990715934688914,1.2960492842519464,4.02401648918978,0.17320730843539023,3.2310755371187754,5.046184944604348,4.180100236128733,0.2753795172883559,2.219762287356285,5.0,11.871356620905239,1.7907746712249686,4.1460541178175,2.161810308410227,2.63392016571916,2.2434380403891003,7.471082220791263,3.7676520086335814,0.6369769571048827,3.1611141996276246,4.602446817955342,4.057399752074978,0.24855451569818177,2.498722039563013,5.0,9.263640222385234,1.920677558045995,4.956038252033437,2.1719377004276916,2.233842616543115,2.2298434731788,3.3314135771994122,3.8126269625667093,0.4337215737983308,3.284142504497327,5.697710555881669,3.934729413982094,0.27583889517666654,2.3118674099479515,3.0,15.457789723642765,1.6326795833692844,3.0056087268358507,1.9679412418433841,2.278064507889699,2.0698270945077413,8.134947782357294,3.712623226188581,0.8123054162022945,3.240715823201567
P27,sisyphus,1,sisyphus_s1_55.000,55.0,57.0,False,8.995724645773116,3.287154512244254,0.17084640398232115,3.0513526640171293,3.0,56.621289349316484,1.8824805964794507,16.311384052353468,2.138684277897052,4.173819639904787,2.0796459458004986,6.1758839468955715,3.438094035403662,0.5656116081801775,3.048820677498235,2.9992129193335493,4.29502131228243,0.2887174693138469,2.155404699240221,6.0,2.970624527726763,1.6532191138882633,2.063640970692167,1.8827927537902984,1.1270341722935573,2.240990722305451,2.1173243838626026,3.916357738201881,0.295944846192236,2.952443270868774,3.159910895727697,4.22308053904462,0.28078145046644293,2.033079780359822,6.0,4.0723339216561625,1.7513548192198019,1.5530655928957011,2.288891751451636,1.801465237478465,2.2404565031717003,2.2090375522795087,3.872215517275583,0.17314559326919263,3.083674630987944,2.2602524692760957,4.570579002126009,0.3537601437567743,1.8008479154893025,8.0,1.3033036980555155,1.8497983125663755,1.612028894677937,2.220897012603465,0.550699506182031,2.113180180109016,1.7155344100431584,3.7563252146379353,0.2552009932855723,3.0243175498051538,2.3956149457655207,3.797939608401526,0.24609550721209345,2.437324790574772,3.0,3.637804905365205,1.9049860922761654,0.9491020066320096,1.928728579232936,0.3647645778526918,2.2942849595405534,1.1914797538978559,3.768483196747755,0.12944226702061412,3.306966249033229,4.416992421160628,4.479465943485825,0.3115805849929489,1.9481589386248912,7.0,6.90815860784156,1.8675404387480707,3.665567479594497,2.248433049899023,2.3953104239475134,2.2497183573147517,7.104622618134667,3.6727127847433936,0.8478991955571996,3.187800984424853,4.4781990284990405,3.9959066854626486,0.2652419026890326,2.3387738536418397,4.0,10.00373933944479,1.8219148336507573,4.635472028618436,2.1918119635542874,2.1829616167284973,2.225349497689547,3.0716088392205134,3.9086151238832327,0.5223878388820392,3.1010429940099185,5.833028517504266,3.70519872927335,0.25090808232683376,2.4804179759671303,3.0,20.719825231795483,1.795545051473684,4.051577481135758,2.1240127182255555,1.730018672952164,2.307267941361848,6.0215342179107525,3.829116022357274,0.8778889487526134,2.9953662967395576
P27,sisyphus,1,sisyphus_s1_56.000,56.0,58.0,False,5.797304901289406,3.3459136950863644,0.22078114243908437,2.762561649398225,3.0,20.906293702657123,1.5658569557010622,4.9287359193740015,2.139714174587696,2.0964283932251333,2.2226390103838014,3.8747107052934853,3.9933103816255473,0.6850568911037156,2.906204796923996,2.167952667251954,4.579837974755339,0.368206705844422,1.8664593052210536,8.0,1.7298393678037223,1.8129697612314273,0.46640753657154865,2.1825852490565762,0.644809117154737,2.27967600047213,1.131660152472295,4.099809456702545,0.3515275122025261,3.068476366921317,3.3457204970754364,3.9785109362176496,0.25144622895635177,2.4307166548004653,4.0,5.074671115384957,1.933100668337171,1.912764780045476,2.090131804374514,0.9104269160330914,1.9963469467050374,1.6914901561845188,3.9465879070606533,0.23551984343006946,3.0606790654659912,2.280759697023335,4.337291789415548,0.34112091388987315,1.9762024616873306,6.0,2.2348305050197412,1.7488220242039763,0.4121897515364812,2.0536456199967623,0.4889688753664819,2.239411648675659,1.7138259156453266,3.992376283046852,0.26720132350630277,2.718577138456898,2.1140442827652057,4.087326535438068,0.25178813365756125,2.3516893298372903,4.0,1.7162802921046347,1.8439278284789733,0.4425209210859021,2.140188962381166,0.36610678339773267,2.2165833414120186,0.7966183158485862,3.9112194110351326,0.09013819757591443,3.1414725230067884,4.030093119668799,4.528016836780046,0.36377236273642,1.820429771425841,8.0,6.3574057898832645,1.9487996063432824,1.645662698520156,1.9807652917759433,1.4700874922391867,2.172229659373445,6.151199800741203,3.832539267147466,0.8096910528634289,3.169236477224021,3.6417820831316736,4.328409882263335,0.3088643158150846,2.186272365833125,5.0,4.994643281174603,1.8216109525145503,2.3556959436251312,2.2001587560135882,1.7571057898839424,2.202404701614669,2.506727930606713,3.991271686121328,0.6744067179395914,3.006585796311861,4.672500261566408,3.292548086066398,0.2534587807514561,2.629780127171101,3.0,14.582730064444887,1.4952899641901414,3.0394299978612085,2.25326640020688,1.0740483249736825,2.2852926130591555,2.537342868523682,4.00928755843989,0.6910143099674394,2.9599636124655384
P27,sisyphus,1,sisyphus_s1_57.000,57.0,59.0,False,6.011056701288649,4.464699882146097,0.370588015984234,1.9871128766791242,8.0,10.18369323362397,1.426526568702301,3.9507357194907717,2.188226866950143,5.826881784736826,2.278972793105114,7.854565562523125,3.9424596867896287,3.7152359611144337,2.925041066663595,3.7547069975511294,5.001457520222008,0.4619961410389397,1.570649780657183,15.0,0.9329845159224253,1.9707102918618231,1.3529651675313514,2.114661714458927,2.4054765149311015,2.192983227764173,6.510733582999346,3.724474969551441,2.0159988825298907,3.18124316642767,4.599189438051636,4.022370324007928,0.2767089946421119,2.378364998939461,4.0,10.180363706160843,1.8392422231405516,2.559009569891662,1.6352626532838923,2.8728152486431027,2.2624195200203268,4.606169840271725,3.669997930202428,0.8593133536902923,2.9798635001413345,4.005129344969835,4.956002863314865,0.3457021123646838,1.998584410330497,12.0,2.1725545953823593,1.8143170021644863,1.2210315781940153,2.196896246799775,1.5846460218776282,2.1816324427054425,3.5656380086662653,3.9584869670357863,1.1737444534820738,2.9366566242180556,2.4926044099334166,4.165133368780516,0.32193645586949027,1.9978591512326405,4.0,2.93179320280553,1.7781185497919043,0.6405709554428373,2.2278436318982098,0.36768863323255163,2.236424591627688,1.6017626424778122,3.788108168179207,0.2700211291440953,3.324557717822709,4.994791738064064,4.920338247669201,0.4419568611066973,1.6931583193318414,12.0,6.106817142977185,1.8753524986304093,2.5247824147433953,2.276600586403178,2.8603962217769263,2.2194233989103274,7.850593826219327,3.903757138600564,3.448826501375478,2.787372551186377,5.680861454366158,4.826194977889461,0.42679345197668234,1.735881028709417,13.0,6.847046298241955,1.7700996909173616,2.6798877824004967,1.8842482728447247,3.0659500218635847,2.29582871176117,11.044699874519395,3.769103921587234,4.623880195598683,2.992181864382146,4.8862571784285835,4.481865853424414,0.3716294017552158,1.8047150042596691,9.0,8.4565239244939,1.8471720694616125,2.4636784541408034,2.095114142954072,4.141065106476969,2.1392277883091753,9.83763176928827,3.435450064625511,1.6640206960470187,3.0118810238021108
P27,sisyphus,1,sisyphus_s1_58.000,58.0,60.0,False,6.24590688406681,4.832997371263699,0.39705729326023453,1.8123969792747014,10.0,8.043748575492339,1.7433201847213287,5.17320865524653,2.197920364249827,5.750083651457294,2.2414734557196097,10.566070043223212,3.886509686439997,3.8374158947698125,3.02680739912749,4.932471397231109,4.81259213748693,0.4191185793744209,1.647884833161982,12.0,3.9444385933312347,1.9212391099038117,2.7473274582590554,2.0689898996000453,3.544087642003224,2.28772206175503,7.843762792359975,3.5794866350626804,1.699882598006561,3.100067651030939,5.348522648168316,3.802301832184812,0.26860861667047786,2.4233660268052315,3.0,14.541736146636058,1.6518512001615966,2.7159294323101886,2.0656977428768277,3.1494643565773655,2.2990530430613214,5.757133957691728,3.5956670179702,1.09146885216777,3.1287882849476976,4.975161917080308,3.8356702510524583,0.31302244802534573,2.2654070759666385,3.0,15.659184033314443,1.676790159445519,2.5855922092870545,2.282379883679528,2.957552109245035,2.225296536667762,4.469868004092688,3.6677597062825926,1.3776172178448987,3.204914624678092,3.311999942642009,3.774152096226489,0.28679935452812866,2.1499733715145473,4.0,6.819725447800934,1.9218292339043435,1.215086143015134,1.563651094264493,0.4417600770359247,2.130400440539052,2.7015915219155358,3.759963309476003,0.31936910861283396,3.209098141055829,5.916089372698158,4.391067678034062,0.39448434294964496,1.9094515363775468,4.0,17.466493292548314,1.8754563297620137,3.903787305614973,2.042492678291306,2.5526739116670956,2.2847870246793653,8.890302554124368,4.091810613602794,3.867212180667273,2.9977148850101663,15.659074543177116,2.677054272213016,0.19245036542006214,3.5590347717654174,3.0,191.2042255703772,1.6391324945975894,7.906993912594142,1.6850525408685857,8.328905923840857,2.2791013117551135,14.807081341074333,3.5387274151780552,4.792427861845846,3.12800147908614,5.367203476321585,4.48291954641976,0.37966017612646114,1.8326182357999021,9.0,10.067735598681919,1.7625494419451888,3.6993350291510865,2.0368968181477576,4.499914660811415,1.9810532018645548,11.566834189029663,3.5649678556713362,1.7025555027410433,3.0668304111975
P27,sisyphus,1,sisyphus_s1_59.000,59.0,61.0,False,10.77619784240728,3.0285028897840336,0.18385186230930123,3.344214694267421,2.0,63.58705992950133,1.440746375431712,19.129009630804774,2.0642757874928086,4.592920925723253,2.2513757463119037,8.18305792789167,3.881776969721636,1.1038824254719724,3.035551489420878,8.87376018517792,2.9682684347789166,0.18461534794594825,3.49541001609276,2.0,45.75089195362997,1.4681726315966808,7.901199263520822,2.1432258351313087,1.851163204281456,2.0985992918113254,7.643403990912347,3.842987029347047,1.0066677115758684,3.1238269768326994,8.477628823300101,2.8121011326646803,0.1456355347018625,4.241582421271829,2.0,44.27576397706465,1.6267177081321853,6.998465627823402,2.106435961334239,2.0662037422371586,2.2554219757067706,3.2228626522814894,3.785912060665217,0.6558707976089726,2.9829601932532666,8.226568391539793,2.5860158361260934,0.15465692458335223,4.380713544334525,2.0,52.4027441648629,1.5932960888019048,6.019662845348822,2.073274377233312,1.2555434997341883,2.0960039647616315,2.544349441571678,4.05670208861262,0.8789950721728149,3.242952856260979,7.192554733936396,2.84808257948017,0.13057289270466177,3.9084744711673434,2.0,38.228661092462694,1.735034205357066,5.947543875690202,2.160459370993734,1.9225052508496625,2.016343792335682,2.4762161709772292,3.5711651643653908,0.22763469381650467,3.02627002653393,8.743660565714677,3.5585461059917316,0.2297281514385569,2.8883432140966043,3.0,42.576878260698905,1.7077176571879455,10.196930176570225,2.115371433200086,8.19298323326423,2.273569703870902,7.864244843893168,3.95821356323885,1.3454040594831445,3.2282409936278165,51.671322562324434,2.316587110993064,0.07768859137468546,5.627020318827103,2.0,2071.319499002765,1.549073920115927,259.46447981157877,2.172193099513301,44.816708119572475,1.8287921525298325,24.140332512233822,3.265972384400696,3.5554404048245947,3.1360870412110278,8.04752225151126,3.4564801926216044,0.24070340537856758,3.0326807074349813,3.0,42.17688775339684,1.7861768424908107,10.04958897916222,1.8679727628544676,3.7327904769119105,2.266258410059543,6.919101703500026,3.8163162723885447,1.9109936343890808,3.3251890030532625
P27,sisyphus,1,sisyphus_s1_60.000,60.0,62.0,False,12.192772745204579,2.92446325983127,0.14350912471455274,3.929791725581565,2.0,85.95740123334839,1.6685706816951527,22.286134351935885,2.090508941400905,3.830977025834623,1.9150475252162125,5.693421922532896,4.0080849351745105,0.8889842812584201,3.237427694611868,8.44825654988003,2.227522075457212,0.14709927545443438,4.436312578653609,2.0,40.92143440483916,1.2761570068660535,2.1092844438379776,1.66320767870274,0.6131853596730198,2.2424003716450875,2.252913351699537,3.961953988991686,0.6981877788859212,3.232645047705794,8.252901619999916,2.4818924857110654,0.12469051148351697,4.7734542842511205,2.0,36.345551433207,1.392615527985939,4.612674828220775,2.0687000362204997,1.2175748898820147,2.200591550552541,1.7796855788683172,3.8313505929550384,0.3351665321815381,3.2742207349249624,7.7330654097488996,2.385788958152016,0.14381513905178328,4.261267663823232,2.0,35.45862664941867,1.3497017165664598,2.030383067803434,1.796621988390651,0.6078619770093678,2.1849033865029135,2.680969259644972,4.054868254894804,0.47900567202136174,3.1553203509433727,7.193534832972145,2.3244871364796285,0.12332017301788066,4.171456507194061,2.0,30.054279169913965,1.3759151533780511,1.2332322560929243,2.2160232788662357,0.8105407998570306,2.28295732921187,1.625686727328181,3.927533668721164,0.12794027860758928,3.2706962802877384,8.45217631983606,3.1232232356037732,0.21210698323480595,2.8822399254880566,2.0,32.91288436314041,1.4836393172595848,6.077953411707599,1.9843410260578107,1.9952798734351627,2.3072878501893954,5.453921529353414,4.043309832322929,0.9924344336786667,3.2060852555999784,50.67528851403417,1.6676489051344985,0.07104892038344603,5.430716774557644,2.0,1585.0444768637028,1.1947682219240707,17.425481036916615,1.57724876096595,2.120684479648286,2.158544046720753,2.9519110580160937,4.089649911052719,0.9147339927183338,3.238407425348358,8.402755782434125,3.230411718411324,0.21561868316532457,3.27961108264926,3.0,33.7205921524921,1.6966274196112971,7.518339914518899,1.9869907646341294,1.805849356002039,2.0674892619783063,3.6405419571957696,3.91131021246045,1.4161193871232376,3.367216616674382
P27,sisyphus,1,sisyphus_s1_61.000,61.0,63.0,False,9.62716685827557,3.3080894478092513,0.1759300548743767,3.121654439697627,4.0,39.99440674678941,1.858478926960601,21.46536240722921,1.9446500158665903,3.250569653054819,2.025500482878104,4.5486256218113414,4.01141202728228,0.42513481746542625,3.322484023242754,3.222381969927509,4.2302841870650925,0.2993057460567505,2.0408536239933373,4.0,3.322832359964742,1.8869016269993553,0.950027888546128,1.8861344473061372,0.5359003774452489,2.179467479623871,2.3847874653121375,4.0034115220363065,0.13531952720278792,3.2492217051868115,4.1087420438263145,3.6434217441073184,0.24631910888611933,2.3819212347323155,3.0,6.888585030337481,1.6845331906652736,1.4031013810716468,1.979451794482359,1.1275245289081661,2.2899028637466623,2.084866902480243,3.931170172667851,0.15619634423237494,3.2876262012060993,2.7855887754363744,4.418407448403132,0.3466008830049734,1.832362933343817,5.0,2.542658255544836,1.892884205118108,0.8515493749769779,2.1246213499564304,0.4768285534384533,2.298702761708437,2.0420008438922594,4.014645322961625,0.2029411885678654,3.2032537074375975,3.346559350584516,4.116413069374842,0.22203455393239946,2.5145356115857362,4.0,3.0667984940675694,1.881902313469113,1.2178680619291276,2.2389462872675976,0.5302626923085106,2.267353906368215,1.4955841251296338,3.967131586415747,0.1173980499588778,3.164903835556384,5.193813690472179,4.423299227409322,0.3019814880055792,2.0422289930917836,6.0,7.9019900381742945,1.7767902489122982,3.09753645674417,2.01997991559619,1.9380955660261683,2.268455429674583,6.546883870731139,3.95797399486351,0.5503703244226095,3.344745608476313,12.199477270046307,2.1814186991391304,0.10746382560974004,5.708855130062197,2.0,48.787005347025584,1.1302537257484833,3.462039308911895,1.8464789383660547,1.63949478878048,2.1772203346248618,2.915032662130164,3.981802921263707,0.37982496609502325,3.358681480548811,5.8932954389797345,4.264309579803996,0.2974752154779478,2.1040310899528643,5.0,9.701789333258333,1.8234803674517464,5.018673707929109,1.8726711013328776,1.9364123073371955,2.256001015518945,5.79805063759664,3.96852953171383,0.6891300468384318,3.2537348714114764
P27,sisyphus,1,sisyphus_s1_62.000,62.0,64.0,False,8.237716956620044,3.6968313634798617,0.20745530830161563,2.7528893741901874,3.0,38.48875037824355,1.8829619944715716,13.175271702570107,2.1731647865624972,4.837107084186107,2.066462127430787,8.480076079993744,3.88267843653353,0.8554956469383511,3.2838532273981804,3.1016011768211156,4.334010005114214,0.3314839993620974,1.8772424677570345,6.0,4.149805825551342,1.6096539651608814,1.3522882706972388,2.2726894871913634,1.290708036715955,2.264775670698084,3.0678680160658702,3.95884681836631,0.2941455264648191,2.839548662623783,3.7180308683366023,4.116053017901092,0.28413413976646423,2.1006551579416035,4.0,6.380808841739427,1.9517186488930287,1.8622075153766535,1.883422719368102,1.8706838297852062,2.1730493740984924,2.941055480336736,3.916165727633912,0.32514897192188286,3.225037405288397,2.7168659588341764,4.749431336265147,0.37660350320407937,1.6907609722392987,12.0,1.65464294367789,1.9344759131434452,0.7572923294264928,1.8661749980108313,0.4201517060498621,2.2583381542268017,2.716484440567344,3.925912984578201,0.3404747585903984,3.304507470759416,2.412567618836701,4.075719884630903,0.2842289379997559,1.918502437123807,5.0,2.8894709081067846,1.730409702593474,0.814819348318627,2.143679185268623,0.48288078677447166,2.1987818982076317,2.1001439491800085,3.608915932295016,0.06071239173057801,3.1611904617393227,4.677741311160556,4.557461261327187,0.3199831168630498,1.9632587100316434,7.0,7.123161852881934,1.9662006777326626,3.6008474198988347,2.0871792824025386,2.901209282684688,2.2496642888656604,5.8055028875741135,3.978179427101522,0.706562905934815,3.099468115818901,5.431616760442802,3.731694698515078,0.25403936525744286,2.4527613689768284,3.0,15.164982116054292,1.7741214131770051,3.018910352130932,2.266049724850204,2.108613412120448,2.056720492236255,4.52087760757441,4.006650586356585,0.4080338864424731,3.3117786451201576,5.795492587197275,4.086057798227392,0.300540842553246,1.9763332766556967,4.0,14.854249966670327,1.7341178232874301,3.182438728360891,2.084282574340833,3.5127444701483737,2.252789598203626,9.998177938028412,3.7120867625183913,0.6914751524347466,2.9275401631144704
P27,sisyphus,1,sisyphus_s1_63.000,63.0,65.0,False,6.676525531520173,4.083615109421768,0.23865895802526127,2.2704346170393555,4.0,14.776367668650211,1.7805260989293497,7.065320215686901,2.305498641331196,4.1946471169161645,2.041506770171164,8.38723302946953,3.76331303383367,0.4330318723924477,3.3968236594669547,2.9550372382827432,4.752876490199062,0.3433101342029917,1.7935202137514477,11.0,2.0051079626421,1.9004066696771424,0.7320978590827802,2.2255338459237626,0.7411929963601416,2.2373952109778323,2.6860276477737606,4.014355298145237,0.2840580985606488,2.9970881598647914,3.4037521670882813,4.239631193008757,0.2745935503705778,2.163123599715828,5.0,3.73624543359916,1.8486113424470065,1.8613405205508795,1.8370090744727652,1.388991595243581,2.211780352417712,2.4110339872692697,4.036797306091765,0.25663772374067106,3.2007226264616455,2.6682232323660644,4.818392979209468,0.40284210235529166,1.6242205525804094,13.0,1.4582203015807824,1.8543909108385874,0.9913373741011557,1.7994442737920284,1.1240609776475128,2.1597925369167688,3.460953153052321,3.8827547388568946,0.3905394740539143,3.1434737097377887,2.4612247466563915,4.425418611383992,0.33795467477873503,1.5378633643635433,14.0,1.1254007123946141,1.783681660558943,0.4970018401958804,2.2136322419887535,0.8947926764524965,2.11863772925548,2.975324030535793,3.4151680950866217,0.0803882805177396,3.2159268823146427,4.086914989876048,4.553188735092644,0.3309746438809129,1.9491387931580162,8.0,3.4939530736839526,1.6624217696664756,3.7426040950312807,1.983897292242322,2.415878275370092,2.152555353765675,4.3535434424837005,3.8424568194760202,0.7751891399514204,3.0665840871652454,4.369914911410921,4.402772254293346,0.2960658296372787,2.0599645326985643,7.0,5.50683436018743,1.7096088587688243,2.9159050753373212,2.2346841669055704,2.845035986500094,2.250656311309106,5.4027943556565665,3.795686828083444,0.43580739458829176,3.3447155796612975,4.949398998815665,4.069637630974279,0.2795649620720081,2.206138392308348,4.0,8.529791542926507,1.775060388650297,3.224155768460165,2.241061873002805,1.4476306441442428,1.975558328801634,5.003918360719584,3.9170997780335552,0.396794673720961,2.989669015031075
P27,sisyphus,1,sisyphus_s1_64.000,64.0,66.0,False,5.728160739303049,4.235202634609904,0.2690007334659112,2.0413476609578054,8.0,8.854338112243335,1.7458254425483313,3.3160536765472894,2.0142558399960837,4.037145837536129,1.8973042566186262,8.288433243272411,3.822042111832729,0.41263834813325395,3.209254392706035,2.5996937504799877,4.510737304854199,0.3435111874102658,1.8211017708355823,11.0,1.6081747559305468,1.9128826458914647,0.7247306600530222,2.2167369712833094,1.4071115766229993,2.1071780179388764,1.9961681050015252,3.541012954245285,0.15602013360600794,3.207618216508876,3.107976066636893,4.542249283272995,0.2886959227671174,2.0114621302779763,9.0,1.8087839123730411,1.7909580833153942,1.1705851083741898,2.083170189113202,0.9919915472492751,2.235332894919868,2.4837943092593857,3.8623446012354536,0.21447131570290556,3.2588222031296827,2.570412431460327,4.788017426186737,0.38503854996444326,1.6388055702210584,14.0,0.8782584280298438,1.65196822610779,0.5381149940533977,2.1486414819154467,0.7982243217735977,2.304448396148224,2.616341384799104,3.6902911268445338,0.2603618313702833,3.1711357862182967,2.8529723411614714,4.122587930711336,0.2754956459021035,1.9065174563277199,7.0,3.2037469364806004,1.7523313472813484,0.7403573490817288,2.035313608260296,0.9402379157511983,2.008436690121079,2.833514941154786,3.505309410511576,0.11728299773302303,3.2605892851540155,3.864287250309076,4.813681805750465,0.3656513848104286,1.7866882116887752,11.0,1.803611592308148,1.74821994234764,2.36088393106539,2.077698724960012,1.7410522270639737,1.9965928723631376,4.619029186186728,3.925652450219416,0.5193618146643163,3.1948009953220797,4.4466508151094954,4.324121755693904,0.26997789117977233,2.239406849840626,6.0,4.769109645832105,1.7805840890376232,1.9354366357060373,2.15295548632521,1.8993927329999165,2.2631754775434745,4.091222633511774,3.8302028347071846,0.3638875610798757,3.236005713733925,4.0166595451549565,4.297715829088763,0.2974675857425403,2.220054700943669,7.0,4.933436418848398,1.6739317350485705,1.536325275848729,2.1368927479452076,1.7264858361825737,2.19672314093222,3.762628221399097,3.9031355973754547,0.5669484440881528,2.905496583425225
P27,sisyphus,1,sisyphus_s1_65.000,65.0,67.0,False,5.3820041188321985,4.2731673632837,0.289574982752681,2.0127505559167553,6.0,7.683745244339914,1.8969836684943537,7.058791884055362,2.0556996072490636,2.7013676396885273,2.091431272964124,6.055344508772029,3.828578633552067,0.4538111483036159,3.207529924951465,2.1392621416306556,4.9667370842816965,0.3794248066421013,1.812617774661866,10.0,0.8147076629196778,1.991109024648005,1.0331281105104482,2.3098613630326854,0.6776752550621912,2.2553878390870574,1.629584991993274,3.9824555339476646,0.28105179884603476,3.343719004895707,2.9769219690750646,4.406645736099091,0.3062723213902198,1.858024887511831,7.0,2.186608895474874,1.9731896969937237,3.6300351864172358,2.289885141450063,0.9581998273553318,1.9478326572829392,2.867948586265312,3.6915885352352293,0.17391335651906842,3.065585916641384,2.5811308154281396,4.740905298804501,0.34675731022026535,1.7932519578930841,9.0,1.4298273490707918,1.916462052859162,1.4135342284718937,2.230879141915388,1.1200403886134422,2.193815092181575,2.2322415039770807,3.8915897707523777,0.22970554853318376,3.344764714988234,2.7161733253590272,3.7810738785629203,0.23028834600994094,2.6090000001858527,3.0,2.343348712390641,1.8345919899217042,0.6944282083229187,1.8437829806528252,0.15713948887962367,2.001173622255209,1.0721750031177688,3.9080954718901593,0.0712569499114791,2.9471343562165546,3.9620839929532585,4.663833008074711,0.35716985451928507,1.7670850870829924,8.0,2.2412301609231573,1.8415938137183485,4.925275078437213,2.2447241463678163,2.0144932543009584,2.130619991619724,4.452052347935832,3.909700582695773,0.4630967620315583,3.2027010610943534,4.6533373683204555,4.403519264134032,0.27671367285220744,2.208659793472827,7.0,5.131871539102285,1.8679820915105967,5.798889593203333,2.2996140641704863,3.4807744545965384,2.167688711802553,4.3036343867225515,3.786140508264176,0.4065818570264082,3.3117653162930973,3.9598424364682403,4.607644227775584,0.35726543482932055,1.898414196802176,7.0,5.590591188688314,1.908872806243433,2.912607303475095,2.233290552446539,1.0054679234421338,2.162691972903411,5.856812697526428,3.8837685085768485,1.04026643233564,3.1574773957844164
P27,sisyphus,1,sisyphus_s1_66.000,66.0,68.0,False,6.008209066186074,4.243508036935143,0.2654628630536311,2.214177883540911,4.0,14.23079872982938,1.845684693066039,3.7272059946072105,2.246426568160787,3.2818132729440848,2.305244475844004,9.35377556942633,3.792928518569397,0.8480693406881293,3.185405508990607,3.8862779923110824,4.533280502515927,0.25218870135176624,2.4646725836579018,6.0,2.194785762689864,1.7615299192143192,2.3438041826856044,1.99755981076235,0.8095948084030395,2.2991037551796243,2.3309863173549785,4.043378217555567,0.26790112961790324,3.4198795486299205,4.099605844961861,4.533899013246326,0.2609886898537472,2.1057528042157982,7.0,3.0803926190590616,1.9278179085591276,3.325131816330345,2.205897818064436,1.3267555705968788,2.287335937183882,3.8106490804996946,3.8562468733544097,0.24555104158355318,3.094466002443052,3.9950669078303975,4.356864551542962,0.26163990528114567,2.3697863900689704,5.0,4.127777847615125,1.9930158752722313,1.9298527001001782,1.940298877198834,1.297777624842296,2.3085803609016176,2.624461703239691,3.64849960245492,0.47814111339312276,3.1884494934320022,3.49567158123863,4.098821638372957,0.22035847065979286,2.3738800320678415,5.0,3.5563606044505325,1.8650198569404361,1.9549269926854298,2.1658066723027005,0.9357494215234916,2.005878259779651,1.925304785385335,3.7969625815588905,0.08800773834422632,3.193573648016962,5.354193029183539,4.197894657539159,0.26109184099703214,2.3453660205230844,5.0,11.2298678811662,1.7382784003669949,5.080769618969849,2.2377870113027707,3.0785535980494307,2.254824947037546,5.072620271522077,3.8550213645112197,0.5840369367825156,3.274409466791128,5.7482233247362995,3.837738831369887,0.25706599135285607,2.5012395786217443,3.0,11.308486505437587,1.4674664284952985,2.8945794471809485,2.1757998334655304,2.4519678553212194,2.052223432171844,5.639972950747674,3.826112672036966,0.8782062469142651,3.13661480910682,21.426677167211754,3.5864206272883403,0.14563661263097202,2.84229933464481,5.0,94.05574715086559,1.6675188327309178,71.58239566465917,2.1273442770480324,22.44807317467568,2.096012930264407,15.703099912153608,3.5590321109852274,1.1243211076409636,3.0640169734964147
P27,sisyphus,1,sisyphus_s1_67.000,67.0,69.0,False,8.020436704729715,3.448354410747866,0.18320652052269698,3.0765899705235835,3.0,38.15493167929131,1.9596582018816824,10.992995665382221,1.8388354012773709,4.823117445376529,2.190495753679825,5.257629409288567,3.6836265990739845,0.4201556556205772,3.3549496005978137,7.2234737516662175,3.0825522470854567,0.15125640003053048,3.7679542584315175,3.0,30.882132910331745,1.801044593705767,9.564947889894464,1.8279628012090852,1.373834532909385,2.2627113553149,2.9080281502684193,3.7322308376398974,0.2505122447886839,3.2509833762582883,7.115077124844077,3.240924532568173,0.15973909390752483,3.207036679837119,3.0,33.303909264276555,1.920369828689151,8.41145680457287,1.9575916114575702,2.242835662805344,2.2593864498792695,3.2965970703144736,3.721185608962874,0.22907184029828032,2.9398711461268063,7.112354296692805,3.2010311635252573,0.16502702319579535,3.633761203216523,3.0,33.45531038948198,1.8468471431448912,8.371201113384915,1.9834264661909664,1.4066760759313135,2.255778727687529,3.443698550356406,3.9987564124385653,0.45223197230105294,3.2103970830781567,5.873024264115445,3.183516611990012,0.14155868782495828,3.4650213309192677,3.0,22.508853310767698,1.8275492766991022,6.342801592139046,2.066943836192775,1.8564001088153304,2.161860167511705,1.9349918387122167,3.8020257214795476,0.11967616845395458,3.0735371872421715,7.277203687702569,3.3642208643573452,0.19829734675051086,3.2103683046423432,3.0,32.98595443242658,1.8242773958361602,9.65435887893232,2.1980355538192518,2.384827264016392,1.9702426821821,3.9470469088960467,3.9025277422889793,0.8154323635676087,3.2870677764149336,30.33726768399658,2.983327354130452,0.1010901106713125,4.1084155070089325,3.0,619.1266075443209,1.912689284961016,233.2878652699521,1.8683955545143367,29.031331661254928,2.078660569335165,17.801025913499245,3.627040255324116,0.8063164533888605,3.0689033631543583,25.807608779139418,2.9066361206333258,0.12466860831228647,3.3914380031977953,3.0,527.4480609026089,1.8671549438756938,115.14840161134924,2.050692198480296,31.851540659066067,2.1605886115202484,18.06281502126483,3.6279999400655782,1.3291589273437865,2.9730949260355355
P27,sisyphus,1,sisyphus_s1_68.000,68.0,70.0,False,8.276109150827129,3.025725415100214,0.16279218526899678,3.54558775221288,2.0,44.191136175270955,1.6952148767387232,7.895552547221754,1.8466906508515804,4.129529679534426,2.1694538322307624,4.56644972859911,3.7930460279787597,0.41286140624255085,3.20929951845456,6.682187093179667,2.699490200100422,0.1395484329112767,4.426701141330341,2.0,35.742014881415315,1.5447381789606798,6.475439325938544,1.943056564141627,1.705343992909094,2.226871911228654,1.7516033869746885,3.8575931720246257,0.24477211369429328,3.1620260632798525,6.6779591512165375,2.930922723030083,0.1438214187910957,3.823356304288113,2.0,32.53719693014397,1.75311593851578,6.296270494164992,1.9257541298047864,1.3702323430658456,2.1970543016872996,2.4526732668363938,3.8685630057381206,0.2536755753429081,3.120467806157059,6.604095334423433,2.8648476876561544,0.15891288252050634,3.983775306590636,2.0,34.39879464294321,1.624076349899097,7.070163797157222,2.038215655651218,1.029186113783584,2.290332362351932,2.508903745939395,3.9813287635476686,0.28536719339054895,3.31703622160456,5.42853740294356,2.8652195642001836,0.12808621177943255,4.088655902352884,2.0,22.62563660831995,1.6974356635984782,5.105665346566329,1.970396529575543,1.1444942823862334,2.2845221704687666,1.1101604338399087,3.7576517147886146,0.09360705758754201,2.878360424470815,6.6328677482149185,3.165315555153123,0.23082772797710713,2.984523609208046,2.0,31.68944253805568,1.6578359925164368,5.374727945557222,1.6289080993261134,1.63257819741662,2.2903086225812688,5.591963368976708,3.9826957848414843,0.8621049520603262,3.158714179793635,33.34546774736768,2.657471582111344,0.09178099286819709,4.4409058007989195,2.0,1081.2916199727322,1.7603166276964504,231.74031770969552,1.8518647579529262,28.057665835686485,2.1023252919723108,18.245695064980023,3.6408019307571697,0.8154100204632588,3.294928158726007,14.817549219949383,2.4954973051153346,0.11348491685225255,5.77536047266157,2.0,64.23703852471846,1.241277299662402,6.957557802774667,2.0275508302922454,1.9786629231034638,2.2248101262987303,5.9289864590694785,4.053003322916443,1.3490508788654365,3.2298067169517584
P27,sisyphus,1,sisyphus_s1_69.000,69.0,71.0,False,6.433191528211354,3.7034280270102347,0.21965159219011648,2.78179959769731,4.0,18.25264669436095,1.7464847856212051,9.571391631016933,2.0125088594687095,3.496346489234575,2.135924173540856,4.6148425792534065,4.068411727338379,0.7477300192526438,3.382272256862117,2.878165451435219,3.9427603673541425,0.2936377983933147,2.346289332260482,3.0,3.06147841335381,1.6047377212558662,0.5626249161732058,2.041193490724985,0.6459572715041504,2.1981895856023574,1.6580923386140742,3.997471611178919,0.24882495494112905,3.223609895804727,3.6768385038131735,3.9734680586645905,0.24610941646861453,2.5961123273356392,5.0,4.0644440910384345,1.9315285759248488,2.657222401228078,1.6382782847919792,0.8792010153163673,2.0701411681412,1.5512183326198263,4.151113178393345,0.282282689661642,3.2713408358091804,2.9909191409054565,4.4346087391437505,0.28066449939545446,2.4865514227215346,5.0,2.1298145744055255,1.8907426920679495,0.86583406548838,2.147164038542692,0.41617956978391696,2.1903215689473763,1.2174948687320797,4.055139966425831,0.3337286742750355,3.2883996245791565,2.3801565784523455,3.594411260747378,0.2139387014009333,2.6871797545844838,3.0,2.6550544340333064,1.6674205954211618,0.8834486981808296,2.163152591660578,0.5343839238579119,2.230621674801341,0.6331667390820752,3.871018261870392,0.0669123642122133,3.1204543210880376,4.480670466969184,4.647257402069929,0.3620383255455539,1.9050016176555404,9.0,5.399375272139613,1.7737752766653252,1.4659747047355367,2.0272285691298304,1.8558756463444808,2.268363881639151,5.931538574351448,4.033652243292642,1.3821478325432275,3.253557923588295,14.89630356457059,1.7375711944040213,0.10399159869627816,6.061851629953898,2.0,89.30269686658173,0.9790143024628281,2.9346508722442755,2.1614132076787502,1.9739967226499693,2.176247697775858,4.789420380997734,4.014829934184815,1.0358131627748401,3.254674568308822,4.818844439673928,3.7942463800333166,0.2701655866523477,2.5498961050964497,3.0,7.8484576234856345,1.6865315666286214,2.7003890254424805,1.684780177732706,0.9667579949776052,1.9445794378062127,3.274057967751943,3.9451418959025637,0.8748858664921008,3.1842870027009056
P27,sisyphus,1,sisyphus_s1_70.000,70.0,72.0,False,5.976446192283438,3.9412595160950885,0.24491503950704,2.5401851006906933,6.0,4.60645250731541,1.8796959664886828,12.559160842760594,2.143781014245245,2.252359086145922,2.0411041435801667,2.7069759487072558,3.936965401104163,0.6371757447130704,3.3031317188068225,2.5164895593982552,4.644943099172754,0.37727206280349274,1.7935413959111728,7.0,1.9238086344197436,1.920585493070281,1.6258729237682092,2.2337232250133057,0.9083587027251899,1.9818103411813457,1.870517624975761,4.136078849698227,0.2754121498965197,3.0876562055289134,3.3243768178246866,3.7975006896241768,0.30252891647582336,2.0885238733069458,6.0,3.449624010766807,1.6421555130737178,6.203419747970069,1.8533148392262122,0.7125350770021657,2.1127752143914615,1.807332330047172,4.112686513772189,0.32053811027684836,3.2122009973339085,2.447237063229127,4.666775796927507,0.37730629705142193,1.7734470133614963,9.0,1.7840966528322781,1.750905766310487,0.7640440314705933,2.256395274591381,1.0578253253282524,2.0774677088495,1.5766986063232904,4.1547811275603515,0.3531125481388929,3.1886681278557436,1.7760644901410518,4.247130117090262,0.298929770856437,2.103470331259905,5.0,1.1509784768089202,1.8632753646446079,0.7504397527305314,2.1682400239687767,0.192701484493707,2.3026222022057965,0.6625960673632644,3.922647650544303,0.07969811365132341,3.1016594545924265,4.383150253527328,4.7557012292440834,0.38319109553409064,1.7573232310646154,9.0,4.332363291713878,1.9957709848581917,2.8448092581604207,2.1074909671974207,3.7581619341583883,2.167156966116377,4.49923390547892,3.964923442534731,1.3108401380605696,3.3404099154136286,5.3728372914816065,4.3155726217020165,0.2986547808502858,2.1078782047615716,6.0,10.5709843171208,1.96066708465014,7.649736451494447,2.2435287798961205,3.320897529166142,2.1102315027778635,5.859452912203273,4.079365474207314,0.6128595927540832,3.266405585356046,4.173255416506714,4.216616386138271,0.32426624444331265,2.1326293190768193,6.0,4.875968343069646,1.918610351509352,6.551941565643829,2.078360974497025,0.6402687390772765,2.2658820737109364,2.9290914658816383,4.1289269007026,0.7307508191457923,3.161247003540731
P27,sisyphus,1,sisyphus_s1_71.000,71.0,73.0,False,7.429853632917297,3.138501805662751,0.18469707117199127,3.3054079829929175,3.0,34.71014787558475,1.633142309848852,7.908891712222834,2.156755582165401,2.3653141970228044,2.023694384069704,3.076400922471442,3.9156899643487786,1.0561890025818337,3.0248122814969647,2.989606116526189,4.322558032798113,0.3133643474030731,2.0921338711198074,6.0,3.2829481724697978,1.6832349964324447,1.0559939554079005,2.182660912268142,0.986682175917079,2.013279704668638,2.096670280482444,4.02447788444741,0.31589793256780635,3.0722937317517873,3.2009067393367494,4.611150901285089,0.29723802562571505,2.128691018724718,7.0,2.4326811755800715,1.921150413033935,1.1792535384224592,2.1694028980628928,0.728697971921682,1.990934041080172,2.678095095028852,3.889927599706104,0.3270096766788579,3.1750587825393577,2.6254909829321926,4.529860822286614,0.36770709179831507,1.8276895543887184,6.0,2.5775054280971266,1.8503571458252763,0.6925178888028793,2.1118969055833614,0.584684973757058,2.1325043882991923,2.2381486798823547,4.06118152820883,0.32705746169718236,3.2674981969925403,2.1642267175254366,4.409536940680067,0.29469781723481075,2.037481014125835,6.0,1.2648858171192408,1.9328253985178754,0.914189625798975,1.9964552346700484,0.1427784346532257,1.831303011651563,1.1863760771666294,3.988125514395783,0.13133759979588222,3.212880586696819,4.73205853032579,4.619699478585351,0.38043252065148986,1.8176147823846658,10.0,8.384700462035022,1.7620519785766922,1.1247226035911455,2.1736197353481788,2.856852750929435,2.225932774596995,8.535033652801,3.9881753265462767,1.3719653069078181,3.292617012919148,5.189734630642121,4.094033218683682,0.2919587598883655,2.1767049453940404,4.0,11.815562466874521,1.6763095725997197,1.9846119489186387,2.228296525793896,2.921694812070063,1.897647314736575,5.809112746479109,4.15294308564976,0.7043511177007515,3.050275775508827,4.825661414749188,4.1372015113293585,0.31896671648184033,2.2054239724807747,3.0,8.774304916383445,1.668241752221916,1.4119282344825432,2.2086038289940313,1.0511445378668525,2.2606766270704393,4.278533714940568,3.979481960439524,1.2700361220089154,3.2182214037444576
P27,sisyphus,1,sisyphus_s1_72.000,72.0,74.0,False,7.27350401948536,3.9879098495873113,0.23501102527425818,2.455000418229005,5.0,16.303203230756836,1.7965631818012142,11.81495853986106,2.199015304496376,3.0811683801549226,2.121513643094414,6.199116955034514,3.6813972053638575,0.7452251749208773,2.913000816146803,3.328349403293049,4.240404719535276,0.2630141989847921,2.3104792268723426,5.0,3.9771130934115515,1.9611444240694111,2.792493561089228,2.187152556504374,1.1700748703578785,2.1898926208649256,1.9813721387540304,3.838062637269909,0.19358362547075522,3.200607990033567,3.2522079954034413,4.521543406852365,0.3202576082281465,1.9213261747753276,7.0,2.071996204627679,1.9365100741522165,2.889541682942828,2.276467998041235,1.4531635895217168,2.1586284588808415,2.0644109986169257,3.839221601939321,0.3158249135434116,3.147739523195937,2.75056259088944,4.394460033419662,0.354921324933063,1.8805885171674137,5.0,3.0221890059528285,1.9184448240188345,1.127656782114269,2.2445778612115537,0.707179136526543,2.1436700924519783,1.5986741564621685,3.8736394825977554,0.41974415267867604,3.130093565325069,2.228211621766698,4.211231009425795,0.29743730308870076,1.9293331492659103,5.0,2.1285722825522204,1.9191225686924624,0.7049705949456779,1.9379783845410592,0.7285580176008881,2.144809350231946,1.169521670280572,3.9747693647416438,0.05864759100942609,2.864317039317731,4.499732226708703,4.804449308250865,0.39389064817386193,1.7646673016413021,9.0,3.931304682833596,1.94907693943017,3.5005624190132365,2.22778683703391,2.682675159408015,2.1820525848619776,6.084575046547408,3.753875179786758,1.034404050389371,3.1383671854902855,5.313273871164308,4.331026447571002,0.28297249372797767,2.3015224996392982,6.0,5.9328243926927495,1.9358094929390441,7.509118031249945,2.1509730425739546,3.6792843731081657,2.09456024892634,3.098925477540949,3.873968198559517,0.8563663251770959,3.2612984939231557,4.814940274775542,4.525911750186255,0.33266971777056314,1.9801473102463694,7.0,5.925126697955205,1.9294096894925816,5.855768682259199,2.278971263109019,2.1460610380906133,2.17966776579407,4.409958863635166,3.736889820560081,1.0923515198552936,3.15243750239627
P27,sisyphus,1,sisyphus_s1_73.000,73.0,75.0,False,12.130753623222102,4.738132281904399,0.2606312144677258,2.167100975670643,12.0,4.190223048054333,1.7531776717469487,5.203499922087448,2.225441015921054,5.723421469568792,2.289796323619198,14.527185574840356,3.724120761814009,1.0563949044208862,3.2074743594634723,11.90653673666715,4.231295590494071,0.22887952194312577,2.4262095471546683,5.0,4.641136591957384,1.8916558347032237,2.1963591383395675,2.0834950898241966,0.9896002826437358,2.255654005207265,3.804922559819451,3.722832171086396,0.18525490705722672,3.1388702166571756,11.267512615877848,4.793847274786332,0.2430334785419135,2.2430210263614003,13.0,1.4121174531881566,1.8908506402625926,2.0799624265281134,2.2040250126262926,1.8264902965214551,2.1522705923775947,5.6386035051002485,3.7919736571764906,0.3300467650027823,3.233811513731409,11.267524744188835,4.509117684910503,0.23423253211817532,2.308889049321931,8.0,3.8493448724629546,1.9059627734467195,1.554734537956091,2.1584435861224662,1.7276164814413657,2.2302764135359268,3.4363181319527567,3.7622384984840234,0.4136737677432943,3.215488922825908,11.443903712819022,4.366198325222341,0.22700033309610987,2.340119159942788,9.0,1.8965343036081896,1.6736875701405711,0.5593850167687906,2.0536796580970726,1.590130072231958,2.300355550729043,2.4909560238305932,3.7628682650748404,0.14566172940652383,2.894585780931202,12.335917924570046,4.744839935223672,0.2588176300508156,2.283527418833177,9.0,5.907675187043453,1.8818721029515455,3.854952209962794,2.2748148983100673,3.5823192883885975,2.229232340497657,6.976979013011186,3.8579874246563666,1.3051169229986512,3.266748090384601,77.15681440561919,2.883611259349618,0.22493986697030904,2.3880238070558146,2.0,14.604200256635831,1.325255219457501,4.983522166987232,2.1643617999412372,3.019534396303234,2.006250678177156,10.32051773024402,3.5829295280745312,0.9876258448132486,3.335513972430773,11.31906929810066,4.855833736150967,0.23870923665545415,2.3270373168805984,11.0,3.2196005666109295,1.9503616311367318,2.7763360847287615,1.9116744926522107,2.4948905126482694,2.138600512741444,7.2188341537401595,3.9901653634457963,0.7286572024971902,3.224866510270427
P27,sisyphus,1,sisyphus_s1_74.000,74.0,76.0,False,25.414884610408265,3.317774531486458,0.1419385384343694,3.5338023479271867,3.0,501.24406416507003,1.9350105295762294,152.55084175668046,2.0530977971746824,41.87897278722336,2.281982153101361,47.140297156271345,3.8213868986301507,3.7032764585901083,3.201070518078288,25.391246218081758,3.334447347567407,0.13614786291361453,3.502622825310159,3.0,509.10011993405294,1.9317252993108007,169.32380491425317,2.08700619610358,46.849465844810716,2.265724016951422,46.816080788112856,3.8832697255530975,2.3979595458644676,3.315191873997903,24.71393296587076,3.331383579154647,0.13522983400056907,3.460627644667266,3.0,481.4421288312053,1.9298192674449988,158.25453090075408,2.0904359801706787,47.395004258542016,2.2663887821509645,43.227122770123245,3.805599576479394,2.4591241781509563,3.1918160632715997,25.106284967395972,3.3108251559523993,0.13050736513274647,3.4823734257739827,3.0,496.8939111790821,1.9281974146688854,164.03038940807724,2.0815172751755378,51.391508384340106,2.25925149888035,41.78333935450141,3.7134529474373505,2.080414095606271,3.1723967446044607,26.11822612240548,3.234874397450794,0.12630813847146025,3.529165601434318,3.0,559.2210483190655,1.9108677477804896,167.57473678705205,2.08347177778452,47.91909145028072,2.2321381488613157,42.48063647063428,3.847249147867589,1.9721813013932414,3.160055851598861,26.27578277892201,3.4066194772318825,0.14830361066393005,3.605438832000681,3.0,513.7847211299132,1.9151105950129628,215.948536726568,2.173483150602103,52.69010050214271,2.1914677887728287,47.2819697735945,3.874455103628774,5.47564191297828,3.3195537624256994,178.10486331514903,3.26971843722274,0.12522130176757953,3.574953628369393,3.0,25417.357587513117,1.9225513848449405,8243.921318673589,2.0897196809198064,2232.4284154332045,2.2461263295407177,1979.4222187215946,3.8097025721633213,108.03398870969195,3.2474836358149766,27.000717762319304,3.165465004596968,0.12719900351409855,3.8809828691686508,3.0,593.9271020169559,1.9111109183802644,168.67305768608153,2.017576427732168,39.73595728167054,2.2620175009683083,41.44828176305289,3.7095405130767483,2.986393779020228,3.1019779567772874
P27,sisyphus,1,sisyphus_s1_75.000,75.0,77.0,False,23.37004224310708,1.9622798748521952,0.10169386368757752,4.819006184318913,2.0,199.54040090790298,1.106186557901843,11.040219595483897,1.9730817039680717,2.4891061800330325,1.9929527498081372,6.188154386258383,3.8847365974280677,1.2033668057303357,3.164328632176034,23.088335443537993,1.6627338910625828,0.09379861017477176,4.466532933094315,2.0,203.25335350596976,0.971219763511738,2.5629281853632726,1.9474880680242284,0.9506422347468351,2.2115345653177743,3.3013265639727503,3.954397419653684,0.6599654493449785,2.9071265761710237,22.701144774468425,1.7074678334496973,0.09240297971689496,4.44048456835423,2.0,193.88031648128793,1.0169428297934415,2.4886560714564965,1.512610369628863,1.2651291133152291,1.9735811185104146,3.650417330753607,3.5057143750796724,0.7280030266626409,3.221595365490145,23.0656964244306,1.6861790175801359,0.0929477904004668,4.422399199255549,2.0,202.77805457597242,0.9721948941841186,2.563163092858936,2.027529613499928,1.7406544113608384,2.0960844359104476,3.4638336504413894,3.8177966901336178,0.6140610707030068,3.3340984725826655,23.93556525309691,1.5837334722359029,0.0801527149597266,3.532962323408225,2.0,237.8883793098085,1.0267885905993628,0.9673613537906995,2.303515041809451,0.4900098596759703,2.177084858919229,0.9935778741421396,3.957846506108888,0.15582154345495136,3.1652786553257997,24.10253924795325,1.9693996562883502,0.11847730389252481,4.822097162604198,2.0,216.6542189700925,1.0245774481453374,3.431918477437799,2.2623648018008478,4.067591354360622,2.1196743323682807,11.156204264013454,3.921254069465843,1.9735571064748758,3.362940471551477,163.54166133448282,1.5079930547409273,0.07706478078884443,3.2463484089547325,2.0,10421.837930735564,0.982675434974061,38.82091790465771,0.8306462470011213,5.5754347337210355,2.1478783332928706,11.081359952336747,3.8089155024395853,2.2694075147127393,3.137614175175982,25.29193999474759,1.7817244669606513,0.10555024046432465,4.998566613497822,2.0,255.54775521295198,0.9861367175724256,2.4564174500867026,2.2230196415490813,0.9489845243162918,2.220736728462653,9.402836645468058,3.816328078227337,1.7752033118749126,3.108100324331603
P27,sisyphus,1,sisyphus_s1_76.000,76.0,78.0,False,6.558146204096422,4.15340987255245,0.2558634905137566,2.57321287826659,5.0,9.532083931664513,1.7116068329441796,7.0366832699410615,2.1761566679028874,2.8423004418891287,2.2523743670456127,4.932680859537601,4.035873151592768,0.9558700868100217,3.089623015413506,5.792389800846463,3.2149266853430456,0.20287485163804403,3.3299698345894906,2.0,7.097640737537579,0.9857983415327991,1.5202631283353132,2.0665961755188818,1.6315183239053395,2.0727724569031323,2.5240284982283603,3.9079777169124603,0.5585634633451053,2.7976678648846356,5.91667255242923,3.349473954144166,0.206387137096875,3.151383371777458,2.0,11.130739696252952,1.2649723165005353,2.225751415523852,2.2298629139403925,2.075064975341339,2.24810912325761,3.386273512678314,3.833565376750492,0.508317136624056,2.854009657234751,5.665281747644901,3.4650394677040453,0.21684330636677165,3.125956244710271,2.0,9.101264517770797,1.2920118831096474,2.4448950412087935,2.293593803607909,1.6757667130630634,2.1999360598577806,2.7861627646718006,3.8248741875097934,0.5457187235838825,3.076679211166058,5.073673432518228,2.4259820934494787,0.12316301896075346,4.72909872921526,2.0,9.009664127341248,1.0908979275074309,0.5688501243026587,2.292111894687258,0.6777154508086491,2.149456411338177,0.9026120317057231,4.013810187983943,0.10630816623267028,2.997038906129337,7.0743237906203085,4.0870005719952145,0.3036358701654805,2.335199688813852,3.0,11.360725364090671,1.3077106284769795,2.7245105942766665,2.1720255271686346,3.6273805588695764,2.1094740320853322,7.941373537153799,3.872444626776171,2.1373533474102744,3.1242950961006266,33.85423910530946,1.652834561854093,0.06879422917002194,8.746269072513947,2.0,328.92542577856045,0.773493695877725,6.852303563926628,2.0913558518764073,5.648697625785298,2.086734083431545,7.51056983272133,3.8308875238211155,1.6150911705026063,3.039039112909047,6.304312354348615,3.7632359680739955,0.28345368831352347,2.5262570117796903,2.0,11.188747995681844,1.3723244455625907,1.7803789156569243,2.207927839010563,1.8637323672068264,2.2145046926407987,5.169832910167952,4.093767664649661,1.2914473589110858,3.0077160514273293
P27,sisyphus,1,sisyphus_s1_77.000,77.0,79.0,False,5.116688011943697,4.398513983544565,0.30149325921796677,2.081043251086773,7.0,4.775073373983133,1.655190867177768,8.198091304987328,2.1812820839261775,4.398954538281555,2.240341780339017,5.180607736199437,3.8776789491507313,0.7414924666421838,2.95848324142641,3.304369760901776,3.927052489771388,0.28660932048843535,2.308430530583215,3.0,4.235424780540835,1.5664873155235333,0.7333188790983102,1.7380259010733905,1.519508640714846,2.117654466249265,2.253506161683666,4.019563880654185,0.28190776529452305,3.2687191559083275,3.7716812020390065,4.21543529815362,0.2739713566992371,2.3739887228275007,4.0,4.790433105250477,1.8186058107511642,1.9904975423852749,2.3008100586727966,0.9223094751321785,2.236386293617836,2.4014439454307905,4.01484953108537,0.32351978414820665,3.217054709786071,2.6910498583071862,4.449093258699806,0.34686965896201133,1.9667060742285578,5.0,3.0095625897119733,1.983065211667744,1.3555045304166438,2.0493894631464804,0.7477373947051302,2.1122175871605253,1.7764113946806743,4.011102507032634,0.3880108061359339,3.3180691073014876,2.565090390900117,3.6858829672021427,0.22160803666603027,2.7239392975115906,3.0,3.539693910002584,1.8046136691358932,0.8965991558731914,1.995259820219651,0.7777767819780057,2.251552817674131,0.9942785314579036,3.9035555835833122,0.057328617373937914,3.1058144341203033,4.743293674574008,4.591960537830501,0.3788849033959186,1.8688878533828799,6.0,7.8611542080195855,1.8690385417192716,4.194645692900937,2.183853115097689,3.758446590607739,2.237892505566709,5.839370237569428,3.9369758771516636,1.3579659403507394,3.223353235226195,9.64367088759784,2.7624353344355663,0.1806180430769648,3.7144210169541063,2.0,38.32427064077762,1.1392695367902428,4.718484752871495,2.130419797240657,3.284472364580319,2.0223385318501172,7.192592577159888,3.9874877899420387,1.0978884109408305,3.274877744754195,3.7497174417544676,4.548563042514246,0.3935440661247448,1.82957767550507,8.0,4.392644772483907,1.6877690466688737,1.5597189865250605,2.2968816257328344,1.5416169231112624,2.2221198788736323,3.414906796607052,3.943215571724197,0.7937352108158122,3.330223213589646
P27,sisyphus,1,sisyphus_s1_78.000,78.0,80.0,False,5.687880011274096,4.304274626259945,0.2651294709226897,2.239716462405506,6.0,10.017773569583156,1.9407088761650635,10.00556852001333,2.1423535001926304,4.06663154753424,2.058101441901097,6.9053655755368,3.8105956709029947,0.7796858210747258,3.001150517887777,2.52411142203944,4.53854490707903,0.34768131329817026,1.8828854292239543,6.0,1.7540726742315977,1.8781005445785335,0.6951194261823774,2.0948809497283203,0.30662965433444533,2.2262954781814988,2.0947331042028416,3.9830392370410626,0.2256920471823579,3.179436165719266,3.4711212893167667,4.353689992127774,0.2692654385321131,2.2442185623970574,5.0,3.916502663132254,1.9577744562166377,2.844010590265459,2.1537578599511047,0.9578070425534528,1.990619919991254,3.039242445056709,3.972873982325551,0.2048540690380186,3.296881187243761,2.4386326992289558,4.735271068146696,0.37390285240386495,1.84068218105757,8.0,1.578338644971247,1.93480687689692,1.3026297545029941,2.1543277244062455,0.5445089188920572,1.998366800541478,1.7718334118968349,4.121357571187731,0.38053849060782424,3.150268819676016,2.437108559796081,3.686733534041481,0.23454788516524205,2.5387575573536396,3.0,2.4215157016340783,1.6701899928507624,0.6950205116981972,2.1249536706256555,0.18793374262768794,2.0813885198733475,1.0142340585651872,3.816088180185016,0.0878389343704392,3.193727170911909,4.269383844640665,4.750338210620345,0.3859482772918567,1.791325429523813,9.0,4.038063853907987,1.948959483227887,4.450447022489044,2.052012549531236,1.7831537857071114,1.7217390428651562,5.86147806009808,4.105266218123155,1.1902382571546513,3.136891651729199,7.288561249927028,3.3769220230334898,0.2096298119511292,3.0905004557211897,2.0,23.315769514502122,1.5094729824794269,5.242757207777187,2.063835742426504,2.718428600138589,2.283060984750422,6.885347592269159,3.91955248775521,0.8777631621762212,2.9131126027899583,3.5158102688793043,4.943889173574876,0.4289416707610307,1.619002209713743,11.0,2.6699526077831406,1.9457269779703776,2.6197639186828976,2.1057451061060664,1.5772006534485565,2.2762022099116246,4.783156361544724,4.107045466656956,1.069912022523764,3.0787459067431207
P27,sisyphus,1,sisyphus_s1_79.000,79.0,81.0,False,5.900540057546463,3.914423126000636,0.24907676774591445,2.38231936768009,4.0,13.798289723515158,1.797221459089439,5.700654230413953,2.23898991904036,2.8133417905668088,1.966746324326925,4.592035278864798,3.7246937611023982,0.6351262556108982,3.1178316040775935,2.4246507266045367,4.734377015582451,0.38413080760537194,1.6406897004526568,11.0,1.1536956782936278,1.751384557361277,1.2624130043326152,2.2062997149309638,1.7176692754315246,2.314435133377353,2.573814042119481,3.853172692038836,0.2831539945683963,3.1752632677823267,2.9902113800531382,4.626859498228226,0.3158931739986022,1.8611399941014966,8.0,1.9569410768457254,1.9422297461926052,1.8060966167831416,2.2445694633312803,0.8447388549665558,2.147664668959129,2.6971062025769004,3.8685829877087756,0.1940173849889634,3.143437414790945,2.247821090066655,4.798790975043671,0.39344643033582793,1.7737875534128749,9.0,1.2057961113149471,1.797495503982478,0.8627932636573291,2.248904083497068,0.361855012004359,2.053194992587282,1.72103565572528,4.094509618375476,0.44038455275455046,2.846471827017869,2.2097243642082183,4.170357485299303,0.28279491460701955,2.0760492614163537,5.0,1.8167985906708402,1.6872647060439718,0.7982670281657718,2.1232923767156784,0.5825330051761004,2.2639786256599788,1.119616205173234,3.8394694747820175,0.11522321820980437,3.338032756879068,4.201509098145785,4.6523521464260496,0.3926401356516244,1.7509579482995492,9.0,4.3549172773515785,1.8833566373471338,2.607603466344459,1.9458835449869443,1.6423825145004887,1.4470833457936785,5.433061515158891,3.8971176183279272,0.969715429224013,3.2300061208711393,4.186859872045568,4.569037429648467,0.3281755962448069,1.9498740590327108,8.0,3.9972163229112,1.64784598240244,1.6191037560203172,2.2794017537472238,1.644024917699209,2.3013918498281365,5.216211197641407,3.8480088630108247,0.6930516809607546,3.3214110091629028,3.515617214763327,4.964259784874995,0.43081938907066986,1.581017200785649,14.0,1.968361574520633,1.835546841177236,0.854266333049738,2.100270802536025,1.2550847910833394,2.159116973991248,4.9459785620415095,3.9950522786373788,0.8380864840789409,3.147287390504451
P27,sisyphus,1,sisyphus_s1_80.000,80.0,82.0,False,5.634603260929658,3.983013337405706,0.24922970841728137,2.4518293480211906,6.0,12.298940005527681,1.750291837175495,11.39384946443798,2.227215051170117,2.9772800185809585,2.007034045356766,4.54490414909424,3.9727836967590537,0.8000830676181623,3.0235449319466916,2.630684677521792,4.670029650864533,0.36838104346875084,1.7126029969308763,11.0,1.8666404257689342,1.791244026163,0.5900290396368643,2.028430882641517,1.6586646770974194,2.3082669136974165,2.6469786464891842,3.788895362323401,0.37228135473328844,3.1510650009828756,3.014371122615687,4.4633499691460585,0.3057955509355495,2.0385873416462315,8.0,3.0608779743887347,1.876284102066261,2.0786834550377513,2.260572072369375,1.2709680440479065,2.102498729430704,2.3631362820880204,3.7538426048002114,0.3637895156873576,3.1716607148660114,2.2308138476357255,4.727776631349209,0.3800064314564465,1.848490428169766,8.0,1.3856276613524194,1.8861892054797944,1.8236375743422362,2.2600003841917595,0.658294895124831,2.2047421946633037,1.4843459446970197,4.056651928479579,0.457286278560353,3.252603537494079,2.3454784349114566,4.1176781498337425,0.26048240459372907,2.2369060125115823,5.0,1.9438379647150832,1.8754006541674815,1.0584049818119508,2.206742497863374,0.5813939800443156,2.1572528781440523,0.847675461646239,3.9076686088988404,0.0932462582749389,3.295482516370723,4.524951899134801,4.898037928831892,0.37760070332027185,1.7303213033442808,12.0,3.2980343237764456,1.9216724437425472,4.305669679013522,2.303798884751481,1.790554543389371,2.0994854638362175,7.767955352405391,3.9198981079158557,1.3644666001484023,3.2278707111773786,4.599793351191492,4.031629496477867,0.29831318720875455,2.239593048870173,4.0,10.749459985766014,1.6228211584979368,3.8398911299797227,2.192338899154795,2.027551410891378,2.1943692067747014,4.571801544902737,3.806145217770045,0.955678638034554,3.259388954668447,3.658782816146878,4.881909478891123,0.4175926028447246,1.6573488726434487,13.0,3.8338141935892747,1.8197456399082232,1.6899665831733648,2.2195731156263196,0.9790004918956401,2.1335227570900392,5.991943630082938,4.024882439825806,1.000500269938475,3.2017293508227116
P27,sisyphus,1,sisyphus_s1_81.000,81.0,83.0,False,7.590171128482129,3.8900861770925657,0.1957006708766978,3.058180993150244,3.0,13.163656754118325,1.6882451680058919,4.970421713995584,2.220166109168507,1.8373676286599494,2.210391391115804,4.808983525908541,3.979287624248976,0.6855841576562034,2.747294934476486,3.027585733788261,4.323574111687822,0.300514852727699,2.185583698241758,5.0,2.9447276341244284,1.8164434713881148,0.6418600768451735,1.962450091208284,0.5678939204807218,2.051108153982091,2.3557071232484352,3.801331208419412,0.45112564166338187,3.012942527438122,3.3716254926811136,4.165585027816613,0.2682989416466585,2.3583145515111488,4.0,4.914923979887645,1.946239391493762,2.003509764667626,1.994415659105501,0.8659079662591823,2.2391043965083535,2.230968776950418,3.986555480278387,0.3669973863873113,2.9998777123937974,2.711785798497606,4.666546150693693,0.3447478432173332,1.994877805654084,10.0,1.8741434962639683,1.6940401221343624,0.42620355864121706,2.1622808570960457,0.6491348591292929,2.2547733593306054,1.9450171320186973,3.9958571875555737,0.49105371031223505,3.279302224826686,3.0781775656393027,3.0311967665150856,0.1927008915909729,2.9419436368896226,2.0,5.359756293811912,1.3555452807772674,0.5281880074637235,2.171630173155402,0.6155597948127509,2.2634766874769228,1.3292120526701807,3.701397618808122,0.08560059070630528,3.003312764214152,5.4034914854902985,4.507242348815357,0.32008791201849207,2.0816945938868843,5.0,8.925514941502055,1.9618281223855356,5.243741712109083,2.111439446547574,1.787689845101415,2.2862408867532937,6.8258919882508895,3.9854333650942126,1.2502274120300427,3.2602274671297358,12.227831697980157,2.123892389140783,0.1155017912201596,5.692223833078082,2.0,60.962390023984945,1.146141890813041,2.1665007831739396,1.9374406037735667,1.6885599208187976,2.2286871314480243,3.6558307452871786,4.020355857354599,1.1697517255174938,3.3311791172815703,4.002822653706109,4.658707336151922,0.3832297040896566,1.8281923577870418,8.0,4.383637100798869,1.9068635005445251,1.3525873393865608,1.7198538699046193,0.7209237880011247,2.2607827973324683,4.434984330668098,4.0586796226111845,1.1418886948955183,3.139559265084938
P27,sisyphus,1,sisyphus_s1_82.000,82.0,84.0,False,9.598542605856283,3.213222543801961,0.18251444042169748,3.22048836053377,4.0,63.47012040034398,1.8846408471761626,20.494828855843647,1.9279700031228413,3.225919889355148,1.987585563912711,5.0328551555906476,3.987496035693594,0.9546880342820826,3.19247759231981,6.450456827912575,3.951717361860861,0.18961906088953528,2.8797730144453766,4.0,11.165107494073162,1.8854182548862348,4.695358602951527,2.172266387998275,2.915995081650137,2.273578934740496,3.9087961491216827,3.6468182506868114,0.2800821772652638,3.135268825058724,6.940610225761998,3.8051320463641947,0.17976493099657062,2.966421682432468,4.0,13.34242658778107,1.9440745931871004,8.112518634273622,2.134776730975577,2.266171826069848,2.3024704149263107,3.1418523037605857,3.798457246124,0.2733901895304798,3.111816363407554,6.482765574748858,3.7233749253621364,0.19998314837449943,3.114135823613009,4.0,10.297194632485365,1.7662686511092203,6.652978622424919,1.9376113747902446,1.4968856400733754,2.1950242264832793,3.011199230471675,3.8481440317027094,0.5506705437330073,3.2090350710020985,7.669648361973849,3.0756537244910076,0.13149043609694655,3.3300492936453643,2.0,20.734940653133002,1.606061141962095,7.84992483777323,2.1415858294530423,2.130816011899708,2.144898927628509,1.9890840515422772,3.598616972006446,0.12531330957133097,3.1866979338853723,7.645872650036053,3.8586951108548786,0.25452299535563644,2.7570960368337314,3.0,25.077927209279373,1.7498984077823767,7.037130404159865,2.2006922424941617,4.072505650622432,1.8405071712452028,6.21282123259614,4.111254104657699,1.5452670422958295,3.387624241108248,41.12255098864203,3.362779258421022,0.12563493965698244,3.178324655582801,3.0,454.0753059987512,1.8362218161926769,235.4990035921668,2.1690737912534868,63.24100607872309,2.25565953677092,43.39584498066795,3.4528143950103383,2.5735922521160397,3.2875844210581198,7.6407804530452275,3.5747903282748665,0.22654322463455315,3.0145822693811293,3.0,23.46918709482273,1.8570166837543147,7.892017548949547,1.6737292964540895,1.5447218789938817,2.263793960280385,5.37171866886595,4.077763248084405,1.2952912354071742,3.18856599748588
P27,sisyphus,1,sisyphus_s1_83.000,83.0,85.0,False,10.374476882268807,3.7535539140938985,0.23289961276731777,2.8518396861546518,4.0,51.91471020072353,1.9058773631612342,21.913035741137364,1.7381741001173892,7.38370393999927,2.131767468593633,11.159902449915934,4.02204294869966,2.8064233990930383,3.25189778017476,7.88496391468592,3.519099353127027,0.23409715855761237,2.820563362170847,3.0,40.26043837132959,1.765406367024053,8.71141776712912,2.0336619787957213,4.296947880432829,2.313637488152605,7.3942588637817765,3.8631670088437224,2.0012161292162136,3.2351985787327258,8.038771795842749,3.299060956343218,0.19744148782850968,3.0863181256008163,3.0,43.12087766201028,1.7033518264798044,10.252580471860808,2.119581338022241,2.960891163432853,2.230219992576716,6.1956709751776256,3.9114521923879013,1.0396686789128047,3.1310141841754846,7.953316896564118,3.2635733673606206,0.20034722054891516,3.216510790128757,3.0,42.761500313252725,1.7207794026246546,9.670900833008183,1.8252689853004647,2.4674017370391117,2.266677810502055,7.11261852031801,3.9298263544315697,0.9064577145273085,3.2615428410750313,8.145786718062135,2.9041072725488837,0.13145405908188307,3.5758827245873213,2.0,45.87247164869783,1.6522392052158184,9.973616856906693,2.1986925962457793,3.1079782082598797,2.127284476327897,2.666542338644383,3.84693684702301,0.14289540746994125,3.26558825125944,8.283887547530902,3.7108416114982257,0.2591515511912619,2.7190431839561042,3.0,37.916235791122105,1.7154491597132224,9.215291602321003,2.249211632011572,5.772416276943503,2.1258606318417046,8.787845518826323,4.037626500835487,1.5809996832141975,3.0828082520531512,46.86411918075253,2.790914238225591,0.11858802516360896,3.82783707970597,3.0,1691.7897201395415,1.743349480599386,332.4834753689491,2.091263091516017,80.37595389853092,2.262682553102996,57.71838061479905,3.6556319650940843,6.276491327550525,3.2124978247391027,14.504773637084938,4.196963121050472,0.24349084565530088,2.737670778608838,5.0,72.3332327152639,1.9889853192940006,46.38149252729896,2.0922633229826313,10.408682835756432,2.2830014928745825,32.90129983509607,4.010061460022184,6.323216993919877,3.0669444065647196
P27,sisyphus,1,sisyphus_s1_84.000,84.0,86.0,False,9.65368972401441,3.9075532239513415,0.261084767874983,2.508575681841867,4.0,45.211002298499324,1.9307457971480921,15.142429064213108,1.6154028191052907,6.007379633924767,2.2190079887250813,15.760155815259418,4.131135836139826,2.4492040978854033,3.096605598512342,5.571477982183237,4.169956393411284,0.30658878371399884,2.3056576676493705,4.0,11.573256448021475,1.8056411424193552,2.9635664122176606,1.7588144936421313,0.9789612050301297,2.0953760145391964,6.965771783113331,4.039077316101669,1.7535497173556627,2.995513028176421,5.91786585127452,3.704931970665946,0.24174856099030365,2.7058644205128437,3.0,11.445297436221932,1.5029116373847942,2.4580908250999225,2.2497727661443476,0.807623766986376,2.1689519169951783,6.121186297815223,3.9020455251717836,0.6697701327824463,3.0104002821318354,6.300518123030228,3.6194906503956674,0.23118089090279872,2.8347896547766687,3.0,18.304523501437142,1.6699287364470348,3.8224554547945737,1.8294340806031881,1.4775324234957696,2.2845894739066614,6.942358772562934,3.9655229833696986,0.6240609649810323,2.9837724727137953,4.371870847706361,3.7133247218551046,0.20870160862576206,2.775845020964305,3.0,6.732323725648987,1.528750070963103,2.376213895923008,2.0891665840603033,0.7496963928043977,2.2808802791172424,3.077358454016817,3.847237407448379,0.22846334012093786,3.117204780361706,6.222088840504674,4.411888134896526,0.31549308676893445,2.131445659038285,7.0,9.445505647411515,1.4889819639467883,6.175805216145536,2.2475859968819005,3.5644733655353256,2.1459057562523824,10.831478196708753,3.905483104721208,0.8126275961139402,3.1546681663636433,25.51200249428031,2.1085874268167464,0.09968230174943636,6.853710043001459,2.0,210.31306164487756,0.9902545080413983,14.502641557664452,2.1505435165486535,3.393121443892905,2.1864365432530195,13.509130847791203,4.061716924939394,2.308922507641269,3.048050205442391,19.819214950159864,3.381038670885034,0.20197204191078988,3.2250598774783947,3.0,252.17994522074804,1.7984708597804924,59.33996908140892,2.1476295200818596,18.10342579825941,2.277638064752785,37.93233398990211,4.026192022744944,7.4006866076903135,3.0225585098283085
P27,sisyphus,1,sisyphus_s1_85.000,85.0,87.0,False,29.064940489430562,2.547850870749205,0.12983531249516467,4.0680018755362255,3.0,726.8298406520439,1.6032077099251116,59.29433473679327,2.0743322551821537,23.941289072171873,2.238685559553315,42.47710931201554,3.7870066773199285,3.4645147771867704,2.7717620789963684,25.59178454960392,2.641182356470998,0.13220096127568173,3.9954440986333464,3.0,589.3540568563071,1.6744350170036422,55.69626059790525,2.03336797365818,21.731663193207332,2.249806364925073,33.922347928307595,3.814496279490334,3.090209127548132,2.891185278285248,25.866943775708176,2.637526594473142,0.13161902415023907,4.003380078459979,3.0,593.5979820645056,1.685689392726768,59.31307730718896,1.9598330709857923,20.74213570741055,2.2502454769067937,35.44329485246094,3.7510400031490696,3.0322052872645866,2.8505199310704685,26.04069996264778,2.634643816046706,0.1302038735432788,3.90543563673232,3.0,609.8963375359874,1.6887831604031345,60.53593019592232,1.9976037718244417,24.26591752093951,2.2956051529513877,33.603822750459045,3.741463350507014,2.219158803289359,2.716374796464683,24.31820669498037,2.7034348345405483,0.13036181200383112,3.9695042983957145,3.0,536.7843795828883,1.7200257156654026,61.199157438038554,1.9955235496664612,22.72637570466388,2.230749801740973,29.249637710540462,3.7226996721376118,2.8215246184765954,2.7452803456976462,25.139113722200108,2.7610975792440127,0.14512015733704062,3.7316147158643607,3.0,587.7623375421176,1.7133178690692559,59.814099884103186,2.048939313077262,29.661942187957187,2.21992397288708,37.919819139761074,3.7326175725420425,3.8085869668643313,3.0966879581411324,179.07847253194385,2.5827984556035584,0.12113957584636209,4.159039148110533,3.0,29544.122954992465,1.6791710814260707,2694.860549002828,2.018458818960598,1097.9110465990384,2.250757833442871,1368.1594559547996,3.6445534711876486,120.67168274995731,2.7736279694142865,30.5702239109787,2.6040009401112463,0.12661260639875174,4.449098317195063,2.0,796.9801900136301,1.6848023252254503,67.16393019751887,2.0501474330512344,24.85552555891274,2.188367618446285,32.05718796371869,3.6411097981343623,4.128571437283564,2.9794044676485067
P27,sisyphus,1,sisyphus_s1_86.000,86.0,88.0,False,29.553993380189155,1.98129584537117,0.12084649396533717,4.361801896677599,2.0,756.5066861372937,1.3900297052057513,7.906258812807403,2.1681673039396907,11.215094387012414,2.2121562927908047,24.663881708110086,3.835203052007641,2.2810810820070397,2.7399311732804676,26.36340995355973,2.197895630690633,0.12772729063661875,4.133927561959033,2.0,580.7143452889927,1.5232188392717017,17.594751439859177,1.9441019093613428,9.454737986178394,2.2512536138031196,21.50062367814668,3.7768845603225607,2.218746481035197,2.7749456700230946,26.27823931244784,2.190234467115926,0.1280437753936327,4.129600535103085,2.0,574.1967620249089,1.5382210115467363,18.295706460671482,1.916890395892219,9.411540406665374,2.244719472837252,20.25427694884797,3.694121153338405,2.1041590000751724,2.7810029125815654,26.36892574400874,2.2209932306607327,0.12642100593997221,4.000784468448469,2.0,587.0015180876378,1.5770082483312042,19.395030051372096,1.7452628162771513,9.674160695182827,2.1668895190422384,22.238051784319357,3.778015514515418,1.5750831143305757,2.7391944535898514,24.806545341261124,2.2702585455932027,0.1260458637267972,4.090396426569476,2.0,513.7602429146615,1.6116694024450187,25.237203996230853,1.764214806044211,9.269737143457547,2.3133525079276365,15.107325312433096,3.656948322087921,1.7059222649101495,2.6377462937495184,25.578297881100585,2.368655668954507,0.1394848879120111,3.8445570323830274,2.0,552.7559882344214,1.6212990209482703,26.716841211353884,1.7543431015424669,11.205365599040025,2.179239012171518,23.404240760149086,3.644531021043749,2.4968138219016347,2.854790323631887,183.39042256275744,2.1367782139858242,0.11838741428787344,4.2470629644489675,2.0,29056.317171901293,1.5390172425888422,831.9607459131536,1.8167723406255192,440.1603005466434,2.2547336891031744,807.2956114611985,3.6045648560511876,76.59112364319894,2.6550758136186645,27.217673387409942,2.2739201694932647,0.12234500336160133,4.6283518884221095,2.0,669.1074800697107,1.5950508304897368,29.316765298300815,1.7269607857089,8.74802593389968,2.223869114568952,19.613045243814984,3.6249245748972365,2.9844706293105183,3.111399601667656
P27,sisyphus,1,sisyphus_s1_87.000,87.0,89.0,False,8.18923218746188,2.883846752766275,0.15882535664563452,3.858986591369111,2.0,19.11800243162274,1.0843571213674308,2.4000884960830904,2.293030506148474,1.6029182852172847,2.0518316010267226,6.170199580589794,3.742168595763361,0.5679783540811696,3.203951899345907,6.553833532486862,1.9898605708770707,0.1529501374742297,4.403969071634123,2.0,15.926050879924345,0.9573189172193918,0.6337345265990981,2.0319875918645263,0.4339023287057855,2.1122874429329794,2.1544916363236744,3.9478859260808514,0.45164355979654686,2.9515083539742295,5.914907088077922,2.50167648110935,0.14005838788411393,4.351866492343607,2.0,12.786306275569869,1.076798307193536,1.7205904882129541,2.296289878073352,1.1780452212698018,2.275391522891509,1.9005139419363808,3.769385934457602,0.2509908131333702,3.1229931842112246,5.655263904265022,2.7629191632721866,0.17647900125765623,3.401907746215075,2.0,10.611533256749954,1.2224395172921745,0.536339742250249,1.7210480356728697,0.9362296102440606,2.2483570160236983,3.138137135021652,3.9856215991943555,0.2152795686238505,3.3255884090520915,5.298570839337652,2.2141464594531035,0.129379717029281,4.433930991978441,2.0,9.043270103881241,1.0531980900291258,0.6523252209595722,2.2781061225084045,0.29012296758617045,2.25731342458329,1.5586437599427203,3.9403224901766754,0.1006243449173023,2.8455448465303967,6.100407749228254,3.2988282535572386,0.2325869122555688,2.7511179704686364,2.0,11.776276173228581,1.0742616195516874,0.9737038161117859,2.197496205423806,1.6858664854304133,2.11601433658538,6.008740763097011,3.831311809452646,0.6832115133652906,3.1488520908716957,37.549502399895445,0.8827520971572621,0.044089932761863064,9.996297131941553,2.0,498.73737202024677,0.7830883146261146,1.3045233441544504,2.029644149619369,1.0885201624380882,2.28741537249452,3.6798057116932488,3.948533574452788,0.5198618303034331,2.9880362728735115,6.091618985656581,3.9610140140597974,0.2735181199063664,2.5822567044143665,3.0,8.585208264337705,1.2989287330363417,2.401891646567113,2.2403853405400596,1.348736486865933,2.1104598658057534,6.615048817199645,3.7766285068196153,1.2701932123327455,3.246363605665131
P27,sisyphus,1,sisyphus_s1_88.000,88.0,90.0,False,4.664038841994583,4.286262005386201,0.2643681069894443,2.1290221788269994,6.0,7.0019626441373255,1.9040183351993165,3.351360991049904,2.1209694959612597,2.082534256060086,2.243837460537556,5.946220800854247,3.6272824736787825,0.253782842364469,3.2464836286213736,2.5845494396743756,4.488479739707281,0.3335735082455729,2.0678793820344237,6.0,1.9776545279279882,1.860592756399658,1.8420024577214424,1.9467266713589582,0.5528169954076549,2.1459133477624115,1.4818493326830084,4.112558273893552,0.33974236823739723,3.0533877747761777,3.084844590497001,3.9541034585465478,0.24903338995557217,2.359304333569893,4.0,4.669020843679462,1.956301759904652,2.104691114268836,2.149984325397012,1.221418539851188,2.258784468920209,1.385701770286962,3.881263933110104,0.13065351575673328,3.254861025734039,2.6547172570082207,4.577131621988805,0.3779491723179268,1.60132164496336,11.0,1.6020200996306877,1.9555188998655364,0.49695574437255396,1.994207255453825,1.0620732256297427,2.2434376971340013,1.9905300991056731,3.787184975860184,0.1511327014498513,3.338195574924703,2.119699370632376,4.185088751726916,0.2987657998463954,1.9683099228463097,4.0,1.7297530594977146,1.8977351215660232,0.38361751183628423,1.6978161824339126,0.41571003168156095,2.2240870961351042,1.1320459990133283,4.036985805669735,0.0903770272017407,2.8761650741440263,3.4021142659034744,4.8155006944805665,0.3971393994449603,1.6754715936036815,11.0,3.048437856780377,1.8974625781688192,1.1887200591108054,2.2057717592218857,1.8653542147192863,2.245082669891933,4.357817348198242,3.9100884980334567,0.7371968956290382,3.1842829758095132,7.267596288293837,2.784045600673291,0.1591840935720931,3.9088496827912165,2.0,21.510802007557988,1.4231136177128692,4.274227432564679,2.0399624041880418,1.7137324407371084,2.1631582587034286,3.4924407729102165,3.7185646852760073,0.39474327922542435,3.059346052402897,3.8778161792013632,4.905516998698489,0.39860206265738746,1.7931309345093094,9.0,3.3963848810652033,1.9152068615539855,3.02475975161264,2.0929336164801287,1.8970153042549696,2.229688457406485,4.408587185443327,4.096456175461305,1.0721110211134894,3.379454114224918
P27,sisyphus,1,sisyphus_s1_89.000,89.0,91.0,False,4.236125485585347,4.353925502110435,0.2861946821796637,2.2575071720553224,6.0,5.269449722729362,1.8747384329758185,3.868232554220776,1.9093487617874167,1.6923037896729634,2.230388543107905,3.625282306189068,3.875953863943473,0.5146047128704627,3.188009885687987,2.974474019652788,4.145569454510987,0.2859165481539135,2.4301340401967573,5.0,3.346218815373191,1.9639324769108146,1.9075427826607823,1.8585150151050316,0.5464194275586293,1.9800504435989068,1.4465968323960672,4.11048876509256,0.26986380131179954,3.3281372329966783,3.2753235024682903,3.9175611614220562,0.252732104569914,2.56197895167053,4.0,3.538272748772931,1.9500617930863722,1.461105016244785,1.5723750763257147,0.5547067210704799,2.284644796350877,1.3293389509148084,3.9943532947292972,0.18381445670063012,3.4242624099215884,2.4678848623904526,4.63519515775788,0.34639858674980223,1.9303986969708153,10.0,1.4881954080233677,1.6769467095654904,0.49373706736410117,2.187046687819321,0.6831048270415534,2.2639271341891662,1.8272480894814507,4.009495055038753,0.25395718248792004,3.177119308589478,2.362182338274807,3.8511327922070873,0.24097649079358482,2.5053269921249264,4.0,2.1717013912851475,1.8792539581768273,0.5883591774434959,1.653071421334255,0.4131254820945933,2.057545342942135,0.8390267695974305,4.008967834484766,0.07565214380010205,3.1254891659238675,3.6037097560240503,4.552829305473333,0.3693792216114509,1.8477366247989062,7.0,4.803394553755311,1.8307091486665947,1.5626822058193068,2.28801697555223,1.577346898283278,2.135562770409877,4.192271298096867,3.9996324244609904,0.5113930251475972,3.2681290044040905,7.988992792155589,2.8354002710318023,0.15938562034513984,4.110760503815669,2.0,25.262623614850785,1.6042419230651443,4.463267557715558,1.7240924940329643,1.0496332766207441,1.9285210122676488,3.3725829860573997,4.109632374307208,0.4197360236787292,3.33893907471259,3.9689978571858515,4.598675960459937,0.406902068080893,1.8319050616020562,6.0,5.199254289585372,1.9174480897020207,3.2469609393242624,1.6437136267824308,1.336231948544521,2.1963827777708755,4.535945045707731,4.012483916018944,0.9543902385456356,3.4063134275659595
P27,sisyphus,1,sisyphus_s1_90.000,90.0,92.0,False,4.399334074906747,4.317427723936683,0.33632818124920844,1.9021591515470657,6.0,8.72110065664223,1.87972419244746,5.2198933765984155,2.086042716860607,2.8096838460095013,1.939207161411072,5.738692973061708,3.8352494345638957,0.6801133291546378,3.2146759792598925,2.942149575612277,4.364319893979769,0.3222764311545842,2.1322352137061555,5.0,3.670353311829321,1.902939074775635,1.5853725952268676,2.202575807736644,0.6973568343297349,2.0255168051270838,2.1403717312626833,4.069670648199966,0.3194322951011099,3.371222239640512,3.459485390697165,4.133058270182532,0.2749739922087159,2.2327384047840337,4.0,5.3873822944414655,1.869749644461813,1.7635956782272457,2.059924030587605,1.0877354165763529,2.3057755374426816,2.879152463320285,3.906180699693831,0.2843003378936244,3.4244979899000176,2.8501961287371533,4.2649177847015665,0.3228326319352677,1.9903434477592923,5.0,2.918327659631564,1.861954646851767,1.7606338435241968,2.073574616952611,0.5514940163751954,2.255075098683447,1.6539388647802453,4.019667633784149,0.2812467084433169,3.2849527302885435,2.6861467254924594,3.7563824170512556,0.25312952475753564,2.245231680336391,3.0,3.731101470268524,1.724240799954701,1.2186837429508988,1.9030609279736868,0.7836465684477919,2.246290720338922,1.4200866836322728,3.877700853957717,0.08733103392430921,3.256680055140775,4.076158511186725,4.617080768247669,0.340843550413169,1.9388289985842453,10.0,4.629965455007303,1.9149813768683472,2.184688855454204,1.977165354795385,2.3784469739110854,2.150655785067241,5.810377025588717,3.826701471595671,0.5591023519213411,3.374692858121093,8.661661167812655,2.6737519070412903,0.16934578054863206,3.843108779779048,2.0,52.65487087048146,1.4607352314721305,6.676829323499458,2.180124943893554,2.081131789253192,2.2221329307482875,5.0712899894830175,4.017764417540594,0.6932971263246382,3.39663434804595,4.106405260045873,4.836867444141023,0.42526446493649966,1.687863585332198,9.0,5.278009886250064,1.9248660322011752,3.4348530535432538,2.0336281105990124,1.5752420903930129,2.2700956152732434,6.5511058166038945,4.0271184114814575,1.296123894441392,3.3663832263690563
P27,sisyphus,1,sisyphus_s1_91.000,91.0,93.0,False,6.3973652840594815,4.566840105565729,0.2722377300962651,2.233668677668195,8.0,4.183599763544166,1.8330974448961261,10.330737764986614,2.269310918733347,4.498629867960407,2.0905062336232323,7.436342713243796,3.894010345764089,1.1416514770783157,3.245796893403596,2.9533732675886037,4.706939037988449,0.34104418894577193,1.9532199528249332,9.0,2.308534885035572,1.7769523644221632,1.813474867820903,2.2649489967139225,1.8944889064554382,2.2795748074782,2.4274430097686466,3.983741536865695,0.41654361445527044,3.275799814692743,3.6054011646650315,4.339795424202766,0.27432734204067194,2.1259210850746,6.0,3.7471664869598196,1.89679061641159,4.260318503186083,2.102090406665454,1.4251029362974563,2.2517482238205475,3.316373737726909,3.7962572978038467,0.22620067634624969,3.143567399350055,3.1167177187064206,4.405605910121596,0.32050551687383055,1.863074143305934,6.0,2.8603784575886637,1.9774718251157988,3.166202077673345,2.0425725675225492,1.1899240079020519,2.099163698018164,2.778803646632045,3.8110303259057074,0.22117273947466073,3.212021148786096,2.5310621106364777,4.395687290480349,0.27778477629587356,2.0594792580569665,6.0,1.9713946234375919,1.9296117105918678,1.6120946341469082,1.9997116789575093,1.0130820021669413,2.2582819320629803,1.7489834838646459,3.820467556099548,0.08014686019773253,3.172091482771063,4.806996196136043,4.627406230135527,0.3195122904944266,1.885184542668646,9.0,4.4001910538878235,1.9331080509514922,5.606185830963309,2.174926502895339,2.9727110572462703,2.2527464198975133,8.202431837962086,3.715432648761291,0.499477586760654,3.3103672700489017,6.483912459504735,4.181646113713682,0.22478696193879502,2.7834170585497526,5.0,11.218716546366732,1.8016844138567705,7.816578188739389,2.260198932403352,3.0821830570799564,2.1078253093858446,5.4345385130379285,3.9721153996713214,0.7184391787171975,3.2111071905514557,5.0368839571388575,4.756852869093417,0.3828725810668301,1.855366906729967,9.0,4.067104822818946,1.6369408404355115,7.797196643838873,2.165330849206452,3.382255468125952,2.2697423070365303,7.693270379710782,3.902885739691923,1.6596934209319076,3.2386963328027094
P27,sisyphus,1,sisyphus_s1_92.000,92.0,94.0,False,8.042546355469282,3.2869049872859835,0.19963766528220223,3.1601081698681703,3.0,50.959426081012026,1.963426071108564,17.05120955371645,1.9334998952412354,3.113356439035507,2.1516742998635396,4.495376901058868,3.7745308686512975,1.188550846966893,3.176993313207448,2.9659051549552204,4.410737241919426,0.3563167366182303,1.9636125916205003,8.0,3.5926917118635915,1.5302510624648011,0.9033953295371409,2.1730746461250314,1.970529423100614,2.279570974349281,2.154348943061346,4.1296259770570165,0.628836670875933,3.018006328071832,3.1824790312876607,4.20174054640625,0.28723162570876287,2.177978021088163,5.0,3.8128674727742426,1.9291732902112217,3.74842378153876,2.0884102602113295,0.9569087055179336,2.149678459406762,1.9680154886377983,3.8182626925719254,0.36158503095773264,3.0760680431711656,2.7676366873715392,4.4938065297389125,0.3540264909799827,1.8482766374635655,6.0,2.820570828525728,1.9812568271674689,1.853364995930158,2.039275989422805,1.0309970191948774,2.2979197293449625,2.093745571676426,3.8460550533020665,0.3822392476214949,3.1520152167657383,2.187739622358875,4.11188742898499,0.29027089765431713,2.120417618896221,5.0,2.181266777928725,1.945010354753422,1.295475452418514,2.0826366965704195,0.41122003121164874,2.279530149213773,0.9884523037814316,3.8631809141003264,0.13644852986382097,3.139134527423976,4.945952661839232,4.196042794206444,0.3122497600002131,2.055353784362069,5.0,10.65802703511306,1.9168176473633978,6.170005921934224,2.128539775396029,2.751837964641091,2.150708147114997,5.181266390096989,3.778043719267733,0.7672409463729896,3.256435629670373,5.184503918921675,3.833874551946944,0.27228463977723677,2.462415919659141,4.0,15.70770109735331,1.8824283365719119,5.682558670755956,2.1316257583680254,2.291582212360892,2.0298314041060586,3.6870825880110254,3.9672652114620175,1.034269866110317,3.1073150673065952,5.383967961403003,4.572134624571022,0.3879059959546821,1.9325263417187521,6.0,13.898091503818527,1.93407388032713,6.928569600471639,1.9917118080748786,3.6090529391787243,2.2377045270296536,7.508625667283187,3.9774638822107153,3.891694706540586,3.2185602331812793
P27,sisyphus,1,sisyphus_s1_93.000,93.0,95.0,False,6.565258315384303,3.7453662885362964,0.2087408360712379,3.129467716131623,3.0,12.922161145175016,1.7432388683930544,5.470456823687421,2.1036179514194373,1.4926250497745206,2.0518396407812554,3.5619904903666013,4.058341929387928,0.8334882815628702,3.2301348238551353,2.666111617763049,4.893289481503975,0.40484643365107975,1.7642625773083267,11.0,1.285233657237563,1.733482081543693,0.9811262766400506,2.2762905741846318,1.5922573113879102,2.2175736536368955,2.131033738528322,3.99681471841034,0.6783472246286906,2.912721114585245,2.295029122238936,4.60589528793725,0.35064497624406316,1.8849852797637876,7.0,0.9148249255004388,1.8795739736479817,1.7291056564320444,2.1164195189060955,0.4770657211232135,2.1233456401770594,1.4045041918175025,3.856332234293207,0.3217508399812679,2.881762163386743,2.240281626996991,5.044782927977453,0.4060351486709026,1.749356230336844,12.0,0.5396700613401366,1.826855972834552,0.7595603038316061,2.1934845419564257,0.9276323770554971,2.2450189954963244,1.4241300014311187,4.068401175330969,0.563233173253571,3.0681807681546327,2.032452608777077,4.091438328755719,0.29237559592231865,2.079912945375095,4.0,1.6856756856931117,1.6805492466268501,0.6974664432169146,2.2737814967609484,0.39578779055949215,2.1388201114375733,0.8460443293154107,4.0190609440110885,0.08721148801864702,2.750868425709873,3.853048261631028,4.781211505220775,0.3605567309435653,1.940500220898675,9.0,2.810713181278942,1.8987503659206693,1.4157031598290009,2.0709681715594574,2.0873985311139807,2.26500073201457,3.1587039508419705,3.999989019075261,0.8596416164841876,3.2593440753000578,4.299059893616342,4.264645216121692,0.32898052592766414,2.1799144939689548,4.0,6.737499489925146,1.6404890094464215,2.032952796370541,2.1494738972590497,1.6821095305588971,2.1851010396000645,3.411737559072294,4.009954644154953,1.3972289173910706,3.335526970938443,4.400576768293416,4.952992864818622,0.4495769384923183,1.6901413669360665,15.0,2.7941636620865764,1.9727257276898804,2.2081342049468273,1.9246952358837395,1.1741575045037287,1.6883226225855406,4.889064767454291,3.8610930332667897,3.0499123153816092,2.7890649146788684
P27,sisyphus,1,sisyphus_s1_94.000,94.0,96.0,False,5.120895036329738,4.1336580348713765,0.2894882641493773,2.16125478563486,5.0,10.453692760746874,1.9319480216514022,8.453583753090506,2.2131888386565537,3.5767806724465525,2.1017437346815897,4.505962605254327,4.072164826685406,0.37207293292112203,3.063787282871246,2.6886872563321202,4.692585590106531,0.3869988611996077,1.7895634704989172,11.0,1.3015410245296841,1.723500235381003,1.2057392529536535,2.204868976683307,2.0319536485043797,2.0429932534097905,1.9534465558417349,3.7834945552131845,0.48842095749781916,3.1242063509700397,2.5546274833536255,4.449177779816653,0.3029740254143231,2.038267278681479,7.0,1.0615458311357502,1.7981266384189007,2.082535246858286,2.048197445519903,0.881809960259832,2.200186763839249,1.4355797456341912,3.9917239367130124,0.1456724678177311,3.228952262416169,2.03813272736641,4.883600847996855,0.42222595477318187,1.6044862248367082,12.0,0.7985200655820897,1.8729334423778212,0.8941038384994238,2.2721692657876313,0.48537281061588133,2.233939265835915,1.8054269566600896,3.799457014208499,0.3560485571889809,3.130374464206849,2.242447098358419,3.9876487111675756,0.2961138966912521,1.954827227812064,4.0,1.8014176495433316,1.53872202102206,1.139178752433812,2.24979021573034,0.270692235324149,2.152611151017054,1.0134502368331848,3.9704862495949715,0.12363681427050728,2.855155623538334,3.3357205563126695,4.786357410830159,0.3855411178333746,1.7716385077662422,10.0,2.6220843446228566,1.8675335018242143,1.3565689279482984,1.9717090543457925,1.1964485218122918,2.262240074290955,3.091184713757487,4.016829723699541,0.5906422151404672,3.1463146230430348,3.8595112423447957,4.72011104617967,0.3553348046382153,1.9319610146278494,8.0,3.7153423513254538,1.8330938004948527,2.6971976126342456,2.282104526681916,2.3521897317927456,2.1802734443925633,3.6493960025389596,4.017316324639521,0.8059706352209753,3.3106221365507693,3.5921181903313815,5.083313501145654,0.469671546714446,1.6530849060480164,12.0,2.1963633768215622,1.8334824482293208,2.35133462576724,2.1518332539157923,1.482216696335049,2.2386145108026096,4.484924060322022,3.9936570012485886,1.338640634259679,3.331442159237267
P27,sisyphus,1,sisyphus_s1_95.000,95.0,97.0,False,6.0718159524619155,3.9611352964978375,0.25591537768144557,2.325730192996057,4.0,14.519477614945348,1.7007584341845325,7.273354575540085,2.2084035153849473,2.193826268171012,2.1509231611880315,7.2021674731348835,4.081150014636895,0.4852491610358409,3.1778866687056486,3.0974958086225017,4.412764087833959,0.32470890220240994,2.045813856867432,6.0,3.427993708609291,1.7983345323209714,1.1145387070320123,1.8977429844868297,1.6392696793510808,2.0678455090074026,2.5201017408003183,3.9729062010814498,0.3007075545089016,3.3467228015864605,3.1339576261079984,4.2363623479613235,0.26335886524184077,2.157949485521366,6.0,2.1197858757300314,1.9052719033829555,3.673134893252538,2.0940629157458224,1.268512823135533,2.2325413638503413,1.4888052035183084,3.978320721852129,0.17690450110943765,3.0980284197528585,2.613658100250633,4.821945716553532,0.3429209030030654,1.9033370391652928,10.0,1.5483972676442865,1.888871465914765,0.7982895653555584,2.2240744696345676,1.1554196645058012,2.265710601600558,2.3450061872730665,4.049342332632496,0.3235775826378733,3.296587352045142,2.1462080254312133,4.242971793611218,0.3141916007644984,1.8851625983453164,5.0,1.9755616365746738,1.723931153769928,0.8535127124513309,2.2181608103277455,0.23279014671033055,2.308292521518659,1.561864001216257,3.975557556697018,0.10865322444051083,2.9928109448326112,4.270118437970334,4.507615852772498,0.3134715307483184,2.076929029700659,6.0,5.278806312647987,1.9116909097223538,3.50639837510836,2.088003626754803,2.1309717795875778,2.1045060868192653,4.441582965499825,4.034583372330076,0.6125800539091026,3.2278434524010646,4.544812561411947,4.5980765362633615,0.3090116269191934,2.0860676936252585,7.0,5.45261232869734,1.9196273545429574,4.966003846946285,2.3072354035776965,2.687808931664613,2.15295959159973,4.929869584963122,4.014297903830469,0.7218488468675802,3.1730269055243183,4.292656465174035,4.545095612477212,0.3675939383896067,2.0870094662910943,6.0,6.307691837164032,1.8531395450169446,2.1938819710997155,2.269557448551391,2.1204508101550377,2.2655356929857198,3.6036800974645757,3.9568763446495296,1.1402134165548339,3.160030043733669
P27,sisyphus,1,sisyphus_s1_96.000,96.0,98.0,False,5.3428506481484765,4.137061357586446,0.27568485083568783,2.137596846580118,6.0,6.747606248627246,1.8072692071695353,10.676974523020139,1.8270970079412723,2.285645348243885,2.174138444889847,5.257541274304341,3.9669611489103653,0.48095875858123766,3.231654312970146,2.8294136148557705,4.404952701014375,0.3360686684940611,2.0623612044652044,5.0,3.483758045898254,1.9077768626948926,1.4153870587804012,2.1274548278127634,1.0526368781734043,2.040534512986379,1.9677355482308803,4.026310574218511,0.29512196732275386,3.285362848701544,3.141552645476937,4.115454456761864,0.26788280255126434,2.239395216728705,6.0,4.061682327604934,1.8302839700164655,2.8874470174982476,2.1892165495034543,1.5327644116968722,2.2555927302890018,1.6785137289329952,3.8996308177854124,0.14053367611933418,3.2251957404083536,2.727897370316766,4.567086972337653,0.32942343172158844,2.0191914956930423,7.0,1.9851329998201552,1.8937272080010557,1.6231465605697224,1.9605756251933542,1.1722269587281073,2.1985405518024854,1.8624364800187285,4.074126030191883,0.24678334563430987,3.2448074383804446,1.8041055209011392,4.215741483443605,0.31717584856616016,1.9945848691375885,5.0,1.16789272080291,1.93975324135534,0.7761067911453003,2.0070844303502375,0.14703492469498936,2.2075724439022557,0.6174231353552858,3.933243896065953,0.10959558367564409,3.3463360837807934,4.223805315115107,4.551074716543451,0.3375933906048478,1.9188133081917755,6.0,4.1516303389174976,1.9668468469585698,5.636887472387066,2.0034837787805024,1.4783638303213777,2.211461227815464,4.414040241146735,4.039940742076138,0.8714258654259787,3.357836461117034,4.509720212199599,4.274868524090827,0.3176590775867976,2.079205331700336,7.0,5.704945417256185,1.9114370656443405,8.282984207248472,2.1213137097293635,2.7804066511402983,2.209651266165999,3.6464799673617607,4.050953071728723,0.6518228914043426,3.365505192662681,4.4040977980609615,4.22964512695805,0.3548773312587056,2.0511670287777477,4.0,10.570226859074184,1.7008612981803268,2.744586346029779,2.2176849954891122,2.104962218004271,2.200582745670662,5.4238463502705345,4.028858026194628,0.988887590041293,3.063099573870697
P27,sisyphus,1,sisyphus_s1_97.000,97.0,99.0,False,6.150751598076528,4.342264846396966,0.24612530475323105,2.346780010332767,7.0,3.40248154368857,1.7257202074906401,8.351093824225671,2.000024971618993,3.260900175450883,2.2059686165612784,4.939884283113676,4.009547774144959,0.49615356790487875,3.2494842996562716,2.8808465099309553,4.607031730284931,0.3314157696271703,2.0865280103997836,7.0,2.1519145407882476,1.989748456079742,1.1649580120166387,2.060613739756923,0.7324107911564873,2.0797041602026547,1.7679336756143198,4.0039476064550925,0.3077702838363945,3.307711320676235,2.8901833285349854,4.511294649137329,0.3188904832226204,1.9905932196501686,7.0,2.2766338478011208,1.7888417009303437,1.8176745572600317,2.1470150796824385,0.9992447825882996,2.2930901455311914,1.816557709640743,4.087313359034978,0.26365655273277094,3.1151753098473627,2.4552134104043506,4.257915658808892,0.3473162950258887,2.0039890776023457,4.0,2.5981872379692237,1.8654272050402763,0.6856895113331938,1.7590196876404436,0.29790668121230085,2.1038249709706762,1.3515268282660295,4.092795683782148,0.2633335219603621,3.3461383839206573,2.284704700047435,4.256993304416654,0.27505921307604425,2.12875353586597,6.0,1.2183138591098917,1.804291621313374,1.5535302382845044,2.1301788804870725,0.5035029865320704,2.2048423585021317,0.8010669607206078,4.005694790758158,0.11853006985924695,3.0793169337666355,3.778145041648767,4.874764600890154,0.3844690510342824,1.687387553742015,11.0,3.100754395666888,1.9132782490014733,1.8876429556907346,2.201800336562923,1.2856284155781703,2.098853303012376,5.0434269476901825,3.9698218258477724,0.8099879607457767,3.3040818175544877,4.289891283689389,4.386679846852591,0.30512291749742404,2.159880920368395,7.0,1.5763647488017891,1.8142166195780018,5.949860160422576,2.0679048145182586,1.9948130170931289,2.177397343991503,2.944846882945422,4.117077829431888,0.5740156375787636,3.2829899084399106,4.55484264800754,4.881746069735947,0.40158508240861607,1.8036274635728837,11.0,4.536928440124735,1.9787999718098452,2.1911568443529728,2.1137529355987827,1.4625848076929562,2.205264566176928,6.177461107183341,3.917644013138579,1.2752441257176756,3.3422858161432347
P27,sisyphus,1,sisyphus_s1_98.000,98.0,100.0,False,7.555391065728161,3.5548913278392735,0.20006663329905447,2.896608655651494,4.0,32.44369152671928,1.9175338028988664,21.863277359068277,2.1173047937411913,6.20493998802726,1.948186139125876,3.3447709389413114,3.938962039440317,0.7425325546947146,3.235935095208861,3.155766721658962,4.1636378326924905,0.31265149227493194,2.1033279365225694,5.0,4.187440323159668,1.8890246687876278,1.9409873636960508,2.1882275825792328,0.9494540754796531,2.1305020845140596,2.0559933121495426,3.969296066181656,0.2433749707435333,3.1784891831119975,2.902201124868438,4.312115899089302,0.3360603598571474,1.8644629892400588,8.0,1.5658962358752064,1.8332595605767343,3.4998370142331368,1.9972734751677654,1.3333651720520119,2.1227451249799976,1.5804519621743156,3.953392234674289,0.36214564473089067,3.228513897434597,2.2912863823673586,4.431230049345203,0.3563480386930143,1.980486343066797,6.0,1.9335732900863878,1.8259995961534068,1.1684356873496218,2.2319690518903177,0.35514293461309954,2.189593973566186,1.1713545871211706,3.8911012310758655,0.2860506739785985,3.249695719725146,2.328646375962275,4.084231981948873,0.2769214377410197,2.081083547599605,6.0,1.6291810713910377,1.919838841433515,2.446330651647492,2.06575878643258,0.8814954240714985,2.041544518519043,0.8447173179068406,3.855857986570249,0.1437147497524872,3.256028177854661,4.265928013201942,4.335608329045987,0.3374070433169598,1.8964018417227746,4.0,8.890479490163193,1.8895127546970207,2.607796985667914,2.150879865613577,1.2832084727538124,2.2602318755269657,5.3163810895752155,4.017025138441484,0.9733555072785631,3.2245301086915035,4.074250577265684,4.19919383414587,0.3137329161773783,2.1125573405882414,7.0,3.383568824886879,1.8998510758520846,7.653020917081079,2.225811123831984,2.6123589080263443,1.8536172093577798,2.624324243388304,3.9396170621322106,0.5967071925116035,3.254514193903605,4.856515315916401,4.736461807650601,0.40227951817240054,1.7649258475717615,8.0,6.628243522947429,1.9802148086102815,4.900902531333983,2.2698668737799292,2.660900248412083,2.0360571811962673,6.36730912742815,3.9646233707238063,1.4965841986185588,3.2489663172560603
P27,sisyphus,1,sisyphus_s1_99.000,99.0,101.0,False,10.02211458082271,3.5976033407268737,0.18650365714055153,2.7110897127970235,5.0,31.56043375270292,1.8147091506473605,26.349048901392134,2.054719142654486,4.804498255742059,1.7756247215102061,6.167621989418084,3.9050072226426558,0.5402454717488389,3.098433983487587,3.5818472527518344,4.494347115408796,0.3335690336545622,1.860681841652914,7.0,3.327568667032772,1.5946314583211296,1.4139607456125582,2.0283948231699247,0.991554041635981,2.222678849870851,3.704557880435973,3.896429819069516,0.44668442721188323,3.264510114658256,3.437191237529017,4.545641119445998,0.29530363087221195,1.9767285068784772,8.0,2.588621664487423,1.9388336314077872,2.741868131175028,2.2642919265777426,1.8533737556330645,2.156071880461917,2.9855494689615303,3.8612456622679674,0.2065644414708671,3.1629982779054373,2.694353171634139,4.656085950305704,0.3746730086273782,1.6605430683215288,15.0,1.2656884018943897,1.84760648863886,1.0972956503002995,2.244579089847395,0.3622226968243934,1.8722302634348966,3.737811078741896,3.73120692303725,0.25657670620101664,3.2662012418192314,2.7317282282164794,4.359708341317242,0.28347646867673704,1.8161982318635221,6.0,2.035058873087758,1.9092488163952268,1.7642121468356922,1.9723876260301534,0.6169453589480767,2.1887207371781283,2.1325563885060173,3.7283891333170165,0.07871443315751796,3.2519115260613756,5.8334069857802895,4.08941724441436,0.2638038883683692,2.2426256465835435,5.0,11.303202086115206,1.7341594307019472,6.351789778285474,2.1763150236018367,1.534260644544967,2.002187770917965,6.573295411376272,3.7134165728652375,0.6286147976040076,3.109503436984451,5.644532621061695,4.433674589712618,0.28137939209536283,2.199639050215465,7.0,5.978041035274433,1.900064609748972,6.32160970881433,2.312872295026157,2.9873089443324097,1.888270240827011,5.256377959111065,3.9464939373268675,0.41541323846439443,3.110937094411462,5.421056364093439,4.827281878979913,0.37434595528906617,1.7884921736947321,11.0,6.045532022007517,1.8797042929196506,3.730570059731161,2.2666968064521793,2.0179477087439435,2.167898963209665,11.154785300832444,3.9062709961880104,1.5558273771376503,3.231427743465508
P27,sisyphus,1,sisyphus_s1_100.000,100.0,102.0,False,12.313515939723215,3.4098334722255292,0.19733121940430914,2.93361309443722,3.0,110.12663301442562,1.7888545526369088,27.24376642205132,2.2194825797655873,13.46824077679307,2.0672561666872604,17.667039405672224,3.5930914219254437,2.3870583253200452,3.307667111755737,4.044642554767174,4.59742655951653,0.36112169146957646,1.7447961435742712,12.0,4.5281647939288785,1.8401489215990412,1.6692682201881996,1.9757462107935064,2.368162830131749,2.0611887323315923,7.97380741193356,3.5401359601183233,0.9745919131244117,3.225828976784605,3.7922237092939945,4.737965168504683,0.35825100096989343,1.7923385828223937,11.0,3.159942764049887,1.898357788850491,2.4485396002957316,2.2238472744299016,3.0692150777864335,2.2231905514509536,6.524585491815658,3.5664470887584834,0.9582296953037275,3.2262324261728903,3.2720447336163674,4.939470722809822,0.42034469179397155,1.595774448515219,14.0,1.8811511936492524,1.9475037689949621,1.1867231184274347,2.2600696990694065,1.3322959401158196,2.277236894040799,5.008816151457916,3.793988683758097,1.0231928621919975,3.1957171406067877,3.3711367983118357,4.232719568388887,0.2739100451234422,1.912898637391833,5.0,5.312146439461467,1.907894395439522,1.4894356341822093,2.0098412853334557,1.236154832513105,2.253387876114856,4.4705957029394,3.641076024354912,0.10743925530181321,3.28047487336879,6.623986051131193,4.518277136458902,0.3334558883726737,1.9394700329510375,8.0,16.811207954024468,1.7356886576340134,6.5313702891670555,2.292341755124387,4.962054049446398,2.260161166529654,16.454392495513865,3.8030193286200564,2.0353440365792137,3.2789747819679094,7.258573005348128,4.339756204080311,0.32063031015632437,2.0935586375190627,8.0,22.2683335283907,1.6841334358164377,6.431075656793237,2.1692898034393417,7.837425967762034,2.1049947232882626,15.015755479554258,3.7240264193463672,3.0616497306399104,3.2718469295577832,8.519653979766424,4.302337055674624,0.31241735919333896,2.1335862391948743,5.0,36.58726948760623,1.831874939208748,12.962441713760914,2.136251133980271,7.519210057565248,2.275990997956423,23.757952147369704,3.6731478293108344,3.900757167004069,3.168538986330796
P27,sisyphus,1,sisyphus_s1_101.000,101.0,103.0,False,11.774253944112292,3.5566529414874917,0.19545100488887954,3.0818015579167297,3.0,81.02917113797265,1.8352854669883394,29.152206350051973,2.212827142464257,8.488153632944412,2.1826371991014093,14.051611615322717,3.897505927891492,1.8161748331726213,3.186620075362951,4.537786195329979,4.354737967159356,0.3206786401043241,1.9327490818077178,6.0,8.033859430560355,1.8399718618546368,3.0384869743121845,2.084797568727052,2.272273908139476,2.080806441459174,5.481842149262569,3.8900694154925333,0.6045012158758667,3.0447279978307558,4.307828668911738,4.511700944714454,0.3308263700034174,1.91959210877151,8.0,6.348777601060457,1.750225739179538,2.3814606705124577,2.272898672513068,2.0741690734402267,2.2356608204769772,6.215593203326079,3.724449256725487,0.8597012190219775,3.023669048096909,3.983442917060119,4.478302537000734,0.34908792747623035,1.9063245104301119,6.0,5.229067801829666,1.7167930271911114,1.5516010246632468,2.1467876311926832,1.145302388512913,2.2792215653192613,3.8432438423310877,4.018344448225863,1.005903812809625,3.18995875497161,3.74242555661588,3.8861757909447525,0.24056424680577676,2.269225853401544,4.0,5.706504106524663,1.935596188159513,1.292690081391648,1.954674772552992,0.7276008175852251,2.262303277588955,2.4131848494711554,3.721637989455368,0.11270762172056313,3.097004280037729,6.31498695933789,4.28467712057025,0.3364788063044976,1.9731852801507126,5.0,16.727229036902163,1.8576891563029045,5.035814764518894,2.070505360310677,2.3303116142541564,2.2191731696662584,11.51291930162015,3.8693857718182887,1.4422890663290824,3.126503471095041,12.964628351413976,3.4091508398518586,0.20027600064657244,3.024591429954858,4.0,106.78243502777329,1.7012719874734077,32.87290828998731,2.1669494285127593,11.064997415876018,2.135811232087275,14.620049141405481,3.863389378538195,2.557987981267114,3.1099437128965874,13.83236751365754,3.7839043695264682,0.23827799313348205,2.5399870303387546,3.0,61.93700042433652,1.761089865103144,17.3411905181274,2.0992911448032903,6.808143405630411,2.2944923718284835,19.339908798317968,3.823950953941429,3.6383175488595842,3.1221321242554785
P27,sisyphus,1,sisyphus_s1_102.000,102.0,104.0,False,8.832880772193878,3.6823378878935284,0.20472025120395368,2.6445666931623526,3.0,35.055901724566255,1.744401530376919,14.223335667959262,2.2768725294634633,4.4535297189187855,2.180530821780955,9.26259382444541,3.8712528614361363,0.4680099039053416,3.1788851736040606,3.987707556714907,3.914727385168111,0.2826010164750796,2.1438606422803144,4.0,8.725509724452364,1.840696315528537,3.8725729143179004,1.7798521985484193,1.1125668668483133,2.2426387105060743,3.5039953658681244,3.7661083025142856,0.3686099593567869,3.2255704507532537,3.967646476674548,3.9027398038451078,0.25986789234345065,2.2018334797499497,4.0,8.011926686384541,1.824913719538606,3.9772085888433257,2.2643467135574307,0.7866240023587245,1.593474461434697,2.912969940045285,3.928790755204828,0.2640117212222835,3.232543215494396,3.85544409826826,4.078669056160753,0.2769542748402825,2.1790348521466565,4.0,8.044400411363663,1.820345790829394,2.7408093458852667,2.2104130803477,1.2351956730749047,2.289519938358617,3.5869280094504705,3.9630772615716663,0.3351357456766609,3.075307489334714,3.8418998527736687,3.417660432418188,0.1961944062880347,2.7434011129934732,3.0,8.569004637162934,1.7593323542692518,1.2005542630729455,2.0690352918490142,1.0153834155596162,2.213020933115346,2.0167627456945407,3.7581058134182936,0.13632340825905334,2.910669736080798,5.61540048434547,3.6762359758154157,0.23329703650283945,2.636737487768798,3.0,16.350611107710904,1.959008279989857,5.176509454373526,1.8194731486132902,0.5589721101889971,2.2361868519842973,4.5926682921812,3.9946610261825586,0.36095441642206555,3.2833511284052332,13.369638639395577,3.0164578684618784,0.14113103754927878,3.4482136438480286,3.0,110.40029244604199,1.8933240928672703,22.066134532191377,2.077657294114409,6.29540284277353,2.0229352897877053,4.819546850721081,3.739649049902627,0.62558511446006,3.1705526333059058,15.716737133524063,3.5526284000728037,0.171869580863422,3.263476997269916,4.0,168.5607767783731,1.9819858732377478,82.66541654829545,2.1341644208188932,19.634141015248986,2.2708029004382206,20.4492794186301,3.5424947934823883,2.51544073831285,3.3832729292047827
P27,sisyphus,1,sisyphus_s1_103.000,103.0,105.0,False,7.779535431480365,3.9634057157043316,0.20860770974202666,2.8131905683106675,4.0,16.64929283049556,1.7556568007021893,5.850574296466321,2.172577372041636,3.2610596766440785,2.185728398391726,7.0761637256869365,3.9026236509174357,0.5499669859899263,2.926245186001774,4.57627587544105,4.119529614394445,0.21761199698813616,2.781473415985943,5.0,4.515326320329522,1.754028245522636,2.194550139083804,2.160524777290364,1.3973076003605944,2.162734763674976,2.0005993832410396,3.9037851536776205,0.1728006918578,3.247665343414902,5.670358966143891,3.6276879726860054,0.1627187517047135,3.4950911809838554,4.0,6.86053789359829,1.6015062073213109,3.237862538349749,1.9791221947440736,0.7075931526261325,2.0687097484993413,1.6610721924895084,3.8650963241868848,0.20830808372592205,3.115339605781265,5.211605394475384,3.4765757150239462,0.17477476513028814,3.4292646649119014,4.0,9.434450022076717,1.7145114739674385,2.5380969328999416,2.0884303125384425,0.5808800593592989,2.0970317866431594,1.9486585230391111,3.8675398357031328,0.24307184240725818,3.1901517748193085,4.795533881550084,3.601775548759379,0.15490173540262608,3.245642072259508,3.0,4.529763769963848,1.5110896765072408,2.575547442527852,2.079409463224351,1.2783484365598738,1.7677341496595227,1.001595872339934,3.870314789474324,0.062057746623998,2.953641433212847,5.577990664673084,3.362905849462977,0.23365117783293235,2.828652999683588,3.0,15.725617880504608,1.6167003009456395,3.528712802037562,2.2648928504093044,2.3853865938670933,2.0058160757340286,2.2417847581022246,3.903547655427616,0.4117348185404239,3.1913115146880022,29.66155652327382,3.092438111052016,0.11919922548873962,3.7883948483465146,3.0,205.4836079765755,1.4943471155902615,67.580340554166,1.817251473128606,17.60326182178357,1.6695277407612896,21.543963103287204,3.603081230387281,1.7530257505954563,3.1802555988335817,11.297129567608375,2.5449656545430135,0.1326162659705781,5.050073725967447,2.0,30.05452968171178,1.113906674904196,1.8644913111292591,2.1010217102793654,1.6495437249945586,2.211248236530679,4.022944142704814,4.054639712851122,0.8915667346155486,3.253076984762918
P27,sisyphus,1,sisyphus_s1_104.000,104.0,106.0,False,7.972931469786107,3.476506444015628,0.23272266415429801,2.6228017811027935,3.0,38.06776109590334,1.7568725149320221,8.393241974891373,1.8794047420259035,3.5385407281955827,2.2386556706373875,8.585654409481796,3.7993650991802337,1.3517967423460584,2.9582208479032435,5.665059764554081,3.385339797312654,0.21961624799676038,2.809396395818668,3.0,21.673298787531998,1.7256406076643278,4.3925344060496085,2.141266733687668,2.3748613472870845,2.245265685359534,3.650383979130282,3.990742748616833,0.4720486335558297,3.1487523373604756,7.015207947677377,3.0113633547312415,0.18364299513181917,3.260758080056258,3.0,36.61795026927359,1.7090759278569183,5.8584415136865955,2.12883010243257,1.613772523568827,2.080672838349911,4.1172398210792345,3.9886066451300684,0.42582978772470587,3.2838856045824376,5.899913885622025,2.892469817638589,0.1904989284454626,3.3641760914132606,3.0,30.203688567738386,1.7809120439762287,3.616478217172464,1.9305033374997271,1.4813124788707455,2.169680996462485,2.5011705160159625,3.527477543678679,0.5111889098259053,3.304629446731792,5.242767351035529,2.9980379165422053,0.1491542091408508,3.438861499771013,3.0,22.933571216036754,1.8813796296357195,4.830602523600117,2.0765022299220823,1.6451875256281066,1.9703173988980023,1.338648956978043,3.921292989086269,0.11543629409274016,3.2469266872334615,6.530332256420702,4.080418159032422,0.3473537117613962,2.11101275606306,4.0,23.17224164885255,1.7496578960893794,4.880892583707167,2.0955492907571407,3.915615153103869,2.2932111349031823,8.572628752063427,3.8804504951675454,2.8817977292354446,3.282568306105701,34.880701658182,2.49308091655085,0.11381308491145993,4.221571655758702,3.0,1165.7018043269964,1.7382265107759343,152.0232647191698,1.9318494436388969,27.69567578457957,2.100808462560084,35.94660461991781,3.7180758232983147,3.306217011590045,3.222575658359374,6.242061402953403,3.7979182121779944,0.3038750375148622,2.218841139922905,4.0,26.074739980628234,1.8351906203410302,3.751421934259682,1.8718068634537377,1.667912821190618,2.2627003877499625,9.472960695449457,3.996891123825272,1.5351398362635598,3.2717636304897457
P27,sisyphus,1,sisyphus_s1_105.000,105.0,107.0,False,5.844043179708093,4.720963896720946,0.3362373205319807,1.9284967195264207,10.0,3.668472470586965,1.7707692604643426,6.113133274990901,2.0787990605650757,5.145518442245737,2.1147788432452197,7.36983811686669,3.8891042520224723,1.3815193845370062,3.162644304632978,4.2064576996533765,4.020459066106834,0.30117762366884965,2.2158619079531565,3.0,5.638908073737175,1.2353992161361502,1.1049613720043805,2.190930226110666,1.2419167227189374,2.300689648213276,4.225896579912162,4.097390636275977,0.610920147661114,2.966683207743728,5.13128160696734,4.053533243856625,0.25648652882329304,2.5241806907964137,5.0,9.05541670252549,1.8089295817527378,5.461697873623275,2.2960107358479225,1.9175100208440523,2.0560731294356827,3.426776369814151,4.017606497028432,0.584643123884367,3.14686038627551,3.7789414373051944,3.9569684049245457,0.29680088254458453,2.335373252627352,3.0,4.859062607518991,1.3813805538523463,1.3082088920699253,2.167138859429558,1.343615852684207,2.1626338322152248,2.695799301388499,3.846078251263927,0.6644166370423811,3.330229727793122,3.7583536439855334,3.045952709705749,0.1714726632409111,3.461183199158686,2.0,5.060714104179151,1.2289253930585258,1.6305920818092872,2.2844046136903575,0.9011068265529594,2.196811055823257,0.8540610257812121,3.7664428907688676,0.1437871284966839,3.3367281745786226,5.449081013297465,4.843264879481901,0.43990943375403985,1.7334666822024185,10.0,7.412938924401169,1.604242804239421,4.32206161882339,2.234102942709708,3.572657906391326,2.1924390582370576,7.5155962715181195,4.0153540200770745,3.5403803751410337,3.4005730193124,19.8841154142396,1.9349861526286822,0.11946515451044659,5.2997045256549065,2.0,165.90237807224625,0.9960724657836646,6.14639036347795,2.2303529443641903,5.505886614720887,2.1702376770956406,10.760508869188603,3.9634670757986625,2.079445077746111,3.1773244136835226,6.025494644525337,4.377826002941335,0.3573772147612987,1.9409150671536382,5.0,13.318114532196873,1.564529358034828,3.52190169965552,2.266582061152189,2.4637781285108717,2.1354891782016936,11.343000335190208,4.007626710044585,2.4831188371680573,3.1745087035406625
P27,sisyphus,1,sisyphus_s1_106.000,106.0,108.0,False,4.968820238093897,4.723587947091729,0.34708487517229836,1.9016552394254467,8.0,5.663161469925894,1.7852121085595773,4.307123621393581,2.142360517105502,3.543361198765494,2.187588342811901,6.247165922908385,4.017716309530789,1.274938352962779,2.945760839136222,2.9073768798684108,4.85645101367347,0.39757356601022426,1.7104945633996944,10.0,1.2229479350550472,1.6833370950010043,2.017538555177386,2.222418160525388,1.2066025573668273,2.2626976231030347,2.3667212339606527,4.091398102848737,0.6278289450358133,2.967865069568976,3.4261966792313183,4.3676545748447895,0.32409394448754086,2.0401198376984424,7.0,3.508103778446831,1.7135817676984757,3.579594902181596,2.184957753049017,2.282580145087315,2.194909022075444,2.218844660028444,3.9270937058212425,0.5233738100262089,3.0374156784792494,3.2052599749566384,4.461151645827329,0.3234125134472137,2.0759442896929428,7.0,3.117343906221289,1.8779519625591181,4.440221408361023,2.2580226003432644,1.2951496959728623,2.0877869081526157,2.750036251196583,3.9658058080430374,0.5411835283203815,3.2236951383502364,2.1764570032442236,4.148647333377401,0.2592299840712076,2.342362843940949,5.0,1.512906286071568,1.7766353172833862,0.8922731068960105,2.2813830600343263,0.5505204160740449,2.012859420681184,0.7136046591906308,3.8925972110840292,0.10838119168797974,3.293963863113523,3.7571916402333865,5.090291703479905,0.47672636735736645,1.592156519469504,15.0,1.7666913499554404,1.979846382908724,1.8813907971420922,2.200556652774592,2.450889673088466,2.2062482584945062,5.644277232137018,3.772732454746364,1.8391879175481696,3.241895266558563,5.753504274933887,4.507179887435832,0.31670590504235846,2.2411098509403495,7.0,5.920730189288228,1.4027987362757546,3.5534096025322177,2.312353691961198,3.434491584121173,2.196227761285527,5.464212811254258,3.9716915304144864,1.5981148633717261,3.16897998581857,4.8731605624179615,4.997644270941328,0.4352618081507351,1.6820915605119502,14.0,3.9067560896015037,1.5466811375092417,2.2884896039318536,2.1722130784520326,1.6371519366442682,2.111028416461199,7.352607891753472,4.112437182200432,2.9235313843726365,2.9681845871603776
P27,sisyphus,1,sisyphus_s1_107.000,107.0,109.0,False,6.252692029683023,4.127959510007566,0.27218912549723445,2.2911845170221112,4.0,15.95040750042467,1.90792943521012,9.003822884391477,2.221984405349168,4.6330941139650905,2.0889951369807855,6.582155297265308,3.965631341377538,0.9363785900015383,2.9126483559234146,2.9811782302911594,4.713689739909806,0.3786337449180859,1.8271418932623888,9.0,2.7562408766490023,1.8648103765603374,1.7598767411379415,2.2170716710826226,1.53048971855535,2.2084998539157223,3.0204114078749704,3.9334278433270784,0.5059708381585735,3.270230338204593,3.298931582112055,4.368884499313196,0.3142948267901964,1.9910478189674006,7.0,2.747805168525895,1.7249119818316712,3.214122556537622,2.2366523126598574,2.1650810636013422,1.9860176806034544,1.8514089303020624,4.03999315058499,0.37673839378591106,3.2426258118731788,3.8922751406550318,4.138245114713243,0.27222871431424916,2.2951346885645343,5.0,7.017207655993194,1.90460979695894,5.444865020916586,2.147580504833743,1.8031639048980175,2.1151057600860703,3.2462147952560807,3.7973600900685702,0.4169423482367932,3.0612902623836504,1.6900901346555484,4.59519495891272,0.33342001563600204,1.8379973378326735,7.0,0.8378024445941415,1.842905738593562,0.5364784938657057,2.3075135175950607,0.27363603193213215,2.165664830854239,0.9858826471437704,3.874033690665423,0.10195570262016848,3.057552193916063,4.382668460986237,4.696598142350239,0.37459071286275386,1.8883405564700975,8.0,7.050587978684698,1.925287009518036,3.3916219415617626,2.2149442900880323,2.450339291510367,2.2653649944486562,6.327176404604848,3.9692053062980195,1.0758865837647158,3.2669918294334073,4.2784165690603295,4.801094594527151,0.382563582497571,1.81586513926811,9.0,3.3209808865834916,1.9008400540761685,3.80792505049182,2.1303927175558846,3.8395534424417948,2.1180479053532943,5.020948489897317,3.9653581416563575,1.0715055432377032,3.3183786948334166,4.423990593056688,4.991161017277954,0.46981875061745415,1.5609403614571509,12.0,4.216080693867601,1.7799747095154033,2.1151684041155074,2.18531806512196,2.9351575506526513,2.278906223477778,7.0232230902008554,3.9706825800389067,2.3053811932077966,3.204059275790713
P27,sisyphus,1,sisyphus_s1_108.000,108.0,110.0,False,6.2029266320799135,4.3461811084391275,0.2809344672103829,2.1784918514846354,6.0,11.081788109235696,1.742600025089301,6.9688955112856235,2.3004910198305097,4.8452264458998675,2.2339193558059813,8.177128043475884,4.022868732999161,0.745064768447399,3.0690880071418034,2.8885641705441865,4.6663068793079185,0.3782027323198743,1.8217943626122617,10.0,2.7038900728711592,1.8773563452930229,0.798386035384789,2.1452879811852594,1.245608860669164,2.2738425847596813,2.855342738717864,3.9689033471228816,0.42051678342116305,3.2654254424990494,3.002406049749102,4.613750213285099,0.3385219597313096,1.8009195906896558,9.0,1.5560404552124452,1.8003413682924365,1.3637715642521187,2.1655620372672493,1.8148958918553992,2.2409528392463725,2.4086272571131024,3.860727692219286,0.2935569512703992,2.823912532203921,3.185269133750087,4.289955847523301,0.3011228417464691,2.160881016934325,5.0,3.928073233853901,1.8942408005949938,1.7317762132796948,2.080662396353687,1.1718909463595912,2.209751304062569,2.2408925879462394,3.8050170020637037,0.19674674968167885,3.369037204265393,2.20151254423295,4.171588901498521,0.27422615276477635,2.1034428792868507,5.0,1.9842029929342675,1.7670978113481859,0.7784708757588789,2.2738812273767537,0.31961418176225764,2.19104667736627,1.19390858555523,3.7710672006932797,0.09866289085506216,3.149850457331959,4.22340438782021,4.616641408149976,0.37468928069998775,1.8931029724947905,8.0,5.156033714966544,1.9151614270963535,2.964289636718088,2.205559403462876,2.4004656749946465,2.219358529310191,4.1765725927580934,3.852375812789458,0.9194245084526532,3.052883512255812,4.523806914718369,4.60208416025843,0.3573003824248152,1.8973367405019546,9.0,5.63073405627194,1.7722344689994787,1.8927002533360788,2.0672728926005446,3.145472940103009,2.289136312980963,5.621253134123607,3.9933560007272124,0.9179557812739821,3.221155001343773,4.350136168255461,4.8860244934616075,0.46503730876917093,1.5526595804508092,13.0,3.2676137221195325,1.4820529732677374,1.5566716466271338,2.036395304344768,2.8493117029373063,2.198461893975062,7.427584068936208,4.006950060215774,1.4965092436059435,3.2474183574061404
P27,sisyphus,1,sisyphus_s1_109.000,109.0,111.0,False,9.55794599329142,3.866238856311447,0.2100349620717602,2.561649126031755,6.0,29.911929892590372,1.9029762014565181,41.04278181061068,2.173166998298476,6.50490103209252,2.099770166755073,11.650786540171529,3.5229510488760067,0.7904191100642678,2.6981326863776403,3.8939094058505948,3.8890525806649054,0.28238038994385817,2.268419691510355,3.0,6.826658131748417,1.6696554023057282,1.0218465135465151,1.792901732011061,2.078026744017394,2.207044781144756,2.894550010470557,3.92094250932701,0.4089268858908117,3.1282684499164124,3.6737295359128224,4.454746793324941,0.30908643929537766,1.9727933856336535,8.0,3.2257177794174483,1.6269929154086882,3.0820865892809506,2.242165834419261,2.1931982779886,2.1702232445441014,3.686359894975362,3.700446250763197,0.5569363900562789,2.6403893609747873,3.239799929758264,4.448120591101218,0.30102226388272335,2.184506505031764,6.0,2.661887977943338,1.8368300125990866,1.9845327176445204,2.016096680153946,1.28195447456664,2.310829276372642,2.0819510960870997,3.87068139140568,0.38506558101036187,3.131814957108501,4.462876142317856,4.246200397886621,0.2080982566148637,2.391980119695395,7.0,4.061974428668452,1.875217133681867,1.970644895356652,2.207005124912068,2.1544699140970733,2.165334830114854,3.6268145156923963,3.239740792986381,0.1739085157812134,3.1692088091451485,4.379316164914678,4.618034059096077,0.392894135607951,1.7514003626898045,8.0,5.321123756626589,1.7090856834741683,6.469946490983062,2.287919592348701,2.0324850047915746,2.0461305307516766,5.033782966276132,4.008764251818057,1.605385941821612,3.0852108381752608,10.49387997117904,2.932838907109729,0.16704250273635843,3.778262949530078,2.0,62.57181320913018,1.4978467533462392,13.021703441588826,2.1005533256111844,4.547628386056017,2.2757076408351944,6.22854658935911,4.004205073748372,1.0184673109150064,2.934224442555717,5.390836191556055,4.764794566840273,0.37545505514732186,1.817516843703981,9.0,6.288269818790925,1.9272519770932304,7.584104923656552,2.279452978158023,4.368276004451295,2.146619934839173,9.19376425232761,3.863609124304847,1.7165775856151784,3.120318354763781
P27,sisyphus,1,sisyphus_s1_110.000,110.0,112.0,False,11.761859289344718,3.4925317498844173,0.1811333392463033,2.9161009857954423,4.0,66.0893529139288,1.922770851088278,30.943485522726927,1.8855916441675933,4.235833262185867,2.1462573304958616,12.29863307615178,3.5266640685613795,0.751956747142308,3.2112628008656756,5.064618452328093,4.008985271212596,0.27314245962784706,2.15627359981981,4.0,7.27343275175469,1.7495854698139874,2.942543237290747,2.0698388587406673,2.618871111129577,2.172061409947405,2.6925768667007213,3.876993763936875,0.4541823042086151,3.1939719838615854,5.08329750649707,4.19285208045676,0.26994971354519154,2.208395383602852,4.0,6.183715273137144,1.732809085445151,2.1732442456112118,2.1885751038779966,1.6728981730097492,2.2069725874450783,3.9826358319645365,3.7051434951194606,0.3870583684866219,3.097474209875838,4.43495105815822,4.055812789323801,0.27769666285917893,2.2841477296793586,4.0,7.462788673583951,1.9454612733176724,1.7305497575949769,1.617243618429351,1.0861942163951617,2.1048127991584513,3.355457236021697,4.047239415354727,0.4596910881988386,3.198262565475299,5.7351932938184484,3.3315595214194937,0.18640256789700302,2.6513731456057568,3.0,20.996610683310056,1.8456145285265608,5.263191868374447,2.09233821298552,2.6851605637364564,2.17355312777404,3.3011516237851866,3.345484616861422,0.12264997252433807,3.293813046183212,5.249589531666007,4.76352796822641,0.3849368662918861,1.7460502236850046,12.0,7.085851524457587,1.8539974240049126,4.601099628969645,2.201357689929715,2.4067458408263294,2.240559797607802,11.413244085645362,3.866311138775562,1.6488900650528358,3.199202534757384,19.485085383426703,2.752925204488246,0.19776587518302144,2.323314668689298,2.0,70.9472695087387,1.3861039896583067,9.230241026559648,2.1000495485336828,4.571441591106847,2.23932859838991,6.041349486285649,4.018746221299276,1.0489587015706954,3.127305022257129,6.003264595262938,4.388937844814991,0.3407633486473391,1.9682508714603835,6.0,13.695632211732999,1.9359460528918202,6.787576542555096,2.0723846672176394,3.3603622262024673,2.1310998978164766,9.11504862778675,3.761687249407927,1.247442690474545,3.1626725514820526
P27,sisyphus,1,sisyphus_s1_111.000,111.0,113.0,False,12.246990375850205,3.1110972921867615,0.16053208613933548,3.534038136414243,3.0,118.4850232178674,1.8807236829178138,29.642332345124736,2.027200116067381,7.697557859668533,1.9108297140145756,8.796700860311436,3.9469713928312196,0.8491206863260367,3.2016287852245577,9.08951409757819,3.0576901876360205,0.18447681014051917,3.1809882652180748,3.0,71.82650839531416,1.7702367150292486,8.090608849639572,1.9426706808895302,5.5079178847141845,1.9894497650515595,8.600412762944925,3.779236772459802,0.9134586582816402,3.13375736208547,8.932790907192937,3.0804779873755948,0.16769916586843006,3.38660772682518,3.0,69.77840088422953,1.7637451174146186,9.444864584179115,2.162200948926497,5.172742438725983,1.8476499684217087,7.5484422632747625,3.8505165906362113,0.4703070968651761,3.2961282083298604,7.887982285999984,3.3364080322719256,0.19701123339390178,3.192758733608275,3.0,45.75904878627355,1.9026226407355764,9.59612176851917,1.9950585903709326,4.336639519628247,1.7705192568865105,5.499239380518718,4.033153936915616,0.6794957875853993,3.215781419167177,8.310130150130854,3.0070302700038107,0.1499507246755118,3.6641271354059826,3.0,51.89591027269131,1.7776599681654297,9.241790091111373,2.194733901737254,3.259049203471823,1.5633261724066763,4.489791702366818,3.8706664738850463,0.32550130107550396,3.3336299999872083,9.643023302444055,3.5301419809486485,0.24354355360578747,2.71009578510239,3.0,60.38205850441966,1.6941334876230276,12.936877198730954,2.2629796304656162,4.7913831580474415,2.1541223997442502,15.133267036095388,3.7699093996223003,2.141342559244112,3.39379457138317,54.952757887296386,2.877915606370653,0.12994198603607066,3.75272746018201,3.0,2623.27763362674,1.8226567711904662,394.13598297288115,1.9809180703321791,176.30970605372104,1.685621527397173,160.3856610671755,3.5997154795358415,9.24226797251998,3.2701198717812856,8.29748016054607,3.80164038972566,0.26969872906919606,2.5821947294057015,3.0,40.83153013723344,1.8671426948138778,11.755594574185334,2.1786945689151875,3.3451888066387965,1.8528111883276799,10.821861506316623,4.049929700122595,2.521945638379056,3.1746590001339903
P27,sisyphus,1,sisyphus_s1_112.000,112.0,114.0,False,10.79218882265488,2.5981781465256404,0.15697307256358997,3.6708543631533868,2.0,52.785495926444646,1.3231514668300512,6.767336695055384,2.0043995211134478,2.12612426383114,2.080628541276524,6.200655504357078,3.832035020522828,0.4149457989269936,3.265410706962902,8.549218811251924,2.3665423986465615,0.16982841978036445,3.655240592132418,2.0,38.31994690687234,1.4514160040828734,1.233317213034567,2.11496247197457,0.7870334647103187,2.086506600755859,2.6725971503353048,4.058166598570741,0.41124702078317604,3.255681852174314,8.360993173917693,2.4790414977852184,0.1476655343664915,3.8845707350659393,2.0,33.89668154289628,1.479923250371875,1.9259551218628612,2.109640436485575,0.9207165401025352,2.188110441292656,2.6359096396037454,3.883181584940629,0.23957019842795965,3.3079031262627243,7.357659451891295,2.9368340653151317,0.19193691753109493,3.3347547987105424,2.0,19.836089041132446,1.5273850841968686,1.362256810034097,2.1230044390504386,0.5302904292418699,2.1002824495619423,3.7231028013169865,3.99665493416846,0.390811500067368,3.38147941318429,7.530219583427299,2.17208847363452,0.14402748100621574,3.9846535074227805,2.0,27.395890838865476,1.4896525058465313,1.6054511471593143,2.0104676271759367,0.3380420345178914,2.194375993722408,0.7918008803985835,3.8266051545265096,0.12521876899315607,3.337760748990764,9.186984606626467,3.113073910253545,0.21876376495427624,3.0225438479871642,3.0,32.409506961648816,1.4848268384941248,4.789748061935564,1.9539112281348623,1.0755071565755607,2.079504593069994,6.85771804141933,4.044740983886548,1.3235992379910384,3.265523914739297,53.427874215314624,1.787641062416087,0.11734719705123581,4.337581357024956,2.0,1269.6326163124418,1.394028073843061,27.9380938895154,1.8605489045799526,7.804024642888354,2.194483470008824,9.046564807569078,3.872563945598022,1.3180439461207087,3.2594303932011153,8.213506766507154,3.817669789742098,0.2631300612043344,2.770993289240687,3.0,19.95819972614883,1.6187904529975947,4.6688209069235205,2.13140113894633,1.3796805415878282,2.1981062090645205,7.191617140776635,4.040287994114717,1.537509603109222,3.248460028260844
P27,sisyphus,1,sisyphus_s1_113.000,113.0,115.0,False,6.192073756221589,4.029655851875326,0.28169004679579246,2.5785355440142252,4.0,13.591369032641287,1.847170260163579,8.331260783183117,2.116800076019707,1.6940396838179832,2.24924702537385,4.378748242042174,4.0238717105306385,1.412076274302713,3.1597379547694646,3.9280636457528098,4.263328307664698,0.40707893770632386,1.9852151218371552,4.0,5.922369786965392,1.6885581643762828,1.5089732295742007,1.9487488868982894,0.684467359990306,2.2860474661551162,3.6764463582883744,4.0776211351253355,1.5024687097493716,3.1241732979102483,4.698277656120614,3.493570337966713,0.2475083115764107,3.019084275022175,3.0,12.683428614387974,1.834708572260609,2.791615268628896,1.9900143066091391,0.5377784679748177,2.2523446748560434,2.387828719686767,4.0824705186381305,0.546865190079674,2.867847770104162,3.878260036401617,3.8953477273977533,0.3995579401780338,1.9077754809110432,3.0,8.09111086861402,1.6692477348045598,1.4622969654431475,2.1760419444999224,0.3552190938954933,2.04857947047374,3.337701298188763,3.8865571044481912,1.1026929815126996,3.330239070556198,3.9040944431207,2.593014752663081,0.14757958020888307,4.476882935390982,2.0,13.450220873386488,1.6160038469659461,1.4174786406851514,2.0321791579666693,0.3851211944328212,2.022030668461186,0.5997019905194062,3.979540248103247,0.15339308293044282,3.1140322750307665,4.815336490044961,3.6689238288313684,0.3399362554072679,2.1289144968719835,3.0,12.272253014579102,1.4455975202190448,1.9137224466346536,2.179909261928902,1.3720073226170648,2.286849455532158,4.7334996689913424,3.635191828567519,1.2944871449813942,3.0564709454658567,21.90882350912621,2.3382509763945256,0.1254907005344127,5.793342740265759,2.0,415.26713027625607,1.5769730150182002,30.4388632348661,1.7038135897818059,3.911388684732291,2.2975440530194544,11.266091659197345,3.817527314494555,3.763469158834803,3.2691401113905263,6.1549494219107475,4.25379424754315,0.49786513354817186,1.65205449920362,4.0,15.709341814191449,1.409168659695484,2.0667811157761053,2.207953804059632,1.7379221987008993,2.1530117081846925,10.499174687513795,3.988498292525848,3.7522205761692637,3.0140127575805327
P27,sisyphus,1,sisyphus_s1_114.000,114.0,116.0,False,5.5066406974230295,4.803473402710051,0.39733111703439244,1.9091667554091765,8.0,7.48083958313018,1.9499568621791799,6.85167113649289,2.1637198949834646,1.8370365688010508,2.1664108154459796,7.761986245110734,3.861717032576726,3.6478593890177686,3.2864730109578306,4.2913409335864525,4.548475893760876,0.48437288864603795,1.667969502286637,8.0,4.235591658764242,1.4107756417080102,1.3097882666100238,1.9844065103002824,0.7718377313389014,2.2218556144697073,4.746952886243994,3.9867417371773852,2.6401315874798383,3.2084580758253667,4.581876500482245,3.570925597243473,0.30390628769099753,2.5281419120382456,3.0,11.970945437683381,1.605363297758765,2.7195686660120466,2.131527153778605,0.4552948547465917,2.250277249769548,2.488002790053132,3.990625696174924,1.4413762880434575,3.3539485621263605,4.013455353575775,4.791738312973107,0.47118293225449887,1.695768956809938,10.0,4.574057075669131,1.7744883996629282,1.2070717664337367,2.146439866055073,0.6522073969631457,2.131575365241058,4.427944838905532,3.997141536953921,2.3978693931910815,3.2985459965767756,3.5709974079065576,2.931963031259564,0.17812032970399141,3.647516705287572,2.0,5.685605598402079,1.425762893332796,0.7615342673713852,2.187812692255516,0.2746044523818634,1.7762313974515238,0.7964305787678173,3.9720181037885154,0.19831236353176102,3.2552585995035646,4.934957934776464,4.318001432554119,0.35861140451955376,2.0721300843984394,6.0,7.886989590947924,1.4911179119989955,3.9784025602906796,2.2204152100203576,1.9966993376763242,2.2260215547165076,5.697897139190681,3.8882469742642845,1.710431199703198,3.264719729216707,19.341395255993813,2.283816624433705,0.1685157310289973,4.609680828828815,2.0,185.81510185243334,1.1506270546266912,3.230032691557846,2.2470824051976868,2.8351323356474505,2.2162656649696717,13.797631761385613,3.9649314703341356,6.658591853303358,3.3185483807411496,6.425765211265485,5.228799976251249,0.577072002347342,1.4024490356814026,22.0,5.6182725510143285,1.8208371881830043,2.789146198777718,2.11424567242397,1.8909033713302295,2.2491529841826816,16.77137335790184,3.9816444290291884,9.363236840290106,3.292666719182951
P27,sisyphus,1,sisyphus_s1_115.000,115.0,117.0,False,7.712374903664642,5.000773839296519,0.4124991019455328,1.9078954616405384,10.0,10.171822606398464,1.885100246972172,9.644333170240714,2.2653821182536777,6.5669922741940425,2.2442911432179042,10.10717355853992,3.994397073386073,8.777803114236566,3.263791394740078,4.687332115215162,4.9378020314078315,0.5132497352280199,1.565951596886153,13.0,7.1913677158253195,1.9445093596155454,2.458232550180125,2.013273572935786,0.9356546266474266,2.0853985865836533,6.3138505123393545,4.086761868231396,4.6857031554344335,3.2888578273792204,4.243345702355136,4.5523037868115495,0.36948207651113746,2.0655219789907857,6.0,4.923621519674915,1.7973154228642108,3.2105056417213422,2.208558183944587,1.5254032073231296,2.2859026253766106,2.5029092690597534,3.809039966137114,1.7451086343005349,3.2355354244889445,3.7571672471691446,5.168022886086121,0.49881288721152806,1.5872033246752828,13.0,2.7798045455001006,1.977917742624511,2.3241375082840787,2.2092408980115597,1.8961924818151747,2.1965554812304697,4.816969560315216,4.135188050346787,2.3538423803479804,3.280247508927897,3.894707720290926,2.955289731627506,0.2101503998203839,3.119419027836194,3.0,11.978823437166207,1.6598376770491514,0.5809873701396122,1.8099930753531668,0.2831011359826864,2.1731933328112927,1.7574248149260905,3.929717852354106,0.3078439738918352,3.382080135641999,5.226402807476206,4.831826839286518,0.4132373411225359,1.8405677940200453,8.0,6.9743014920542405,1.9097650359935279,5.3065927664099775,2.265730624320187,2.376049046351779,2.091707475099127,6.448086561059635,3.9408042679187165,2.916950350405378,3.3159818444476157,8.02159020793146,4.206750712298154,0.3957675652083228,1.9859847197711649,4.0,30.97630752442035,1.7181326096838898,7.406493552701129,2.279456005785181,6.393107116881988,2.2010168744647745,10.678142008146214,4.012133870177876,7.3947823698416535,3.272835769171365,16.870956557325094,2.939207226639494,0.24563612840423887,3.23220067590377,3.0,210.61085935938928,1.696575526023205,14.176366579788086,1.7998943901236517,6.258277370998796,2.1786141175311196,17.45365284891968,4.043414532413813,9.353826889876128,3.181847648860969
P27,sisyphus,1,sisyphus_s1_116.000,116.0,118.0,False,7.819066713808673,4.588443764588903,0.4039152221538804,1.9075578450718813,7.0,18.918383334521252,1.8323755624615874,12.024235885084206,2.25079402111302,10.357973486652783,2.281583456949802,9.514914616029861,3.891883148715716,6.042364001444358,3.0229964388315627,5.482948160117804,4.872849288538186,0.49058002407683743,1.5963487948722976,10.0,9.799789350540982,1.935708741542375,4.247835119653825,1.9749745836259,2.1805142214043305,2.219745294781408,9.87424559463534,3.9722659298939544,4.964562846881564,2.9588114326469306,4.600351664430404,4.364818077005216,0.3440341449827192,2.0506005712430606,6.0,8.803237805396193,1.6414642766134209,3.4997869183290162,2.2530560992278037,3.0660909181612963,2.2343821351557884,4.976955903232004,3.9563138018112594,1.263901404847908,3.1145184594795485,4.654750549416707,5.06717085414535,0.46271989134546065,1.5887840173893746,12.0,3.7523580653576984,1.9002439195212357,2.1662893384416195,2.246938780106061,5.230184276716529,2.1975518066396695,7.324978525899217,4.022144300368576,2.8989317521102755,3.2817373507861634,4.402277869053565,2.7575598344577568,0.21007617150833197,3.0484849572496335,2.0,15.09519457030173,1.507958782021611,0.9572162497831291,2.076341686491781,0.5794075759584569,2.1469989385347406,1.9259081385736727,3.538404766546492,0.23566390510674817,3.2372520493016976,6.198388478813296,4.500271700292227,0.38548129700914885,1.8858084288513643,6.0,14.204520595383052,1.7651282425454409,6.221926321939559,2.304891367329073,4.869589934656666,2.266454387349401,8.614012385807774,4.02920223715113,2.674238722359709,3.3114235130636427,8.601547155214915,4.543911307648594,0.42465886608120607,1.7487356610918177,9.0,23.247067073216936,1.50502349146785,7.997616418081928,2.1269395991879927,13.163917513527121,2.15498919233295,16.976186149632554,3.901078000923509,10.292575415210155,2.8864655846065936,18.17608083879643,2.6638911693089886,0.22300303649132647,3.5265001899237243,2.0,301.5350150417891,1.6051856127867783,14.412037911865205,1.836258835842894,8.078592220677361,2.1849205937864618,20.970452533950386,3.9305264135160023,12.292401531002692,3.010604600518151
P27,sisyphus,1,sisyphus_s1_117.000,117.0,119.0,False,7.133017189414814,4.812437875810268,0.33811151591805827,1.9990291148740438,10.0,10.146001422497747,1.9026842174621035,6.579307706732062,2.2880604145527115,8.278366862783656,2.2890964080059577,14.935119269118378,3.903216551423201,2.4715535459430304,3.14116204821251,5.931223520657599,4.979266565315449,0.47585824573541446,1.6204170133766356,14.0,8.211548315412847,1.8967070849291565,4.009015691525347,2.0123910697923653,2.231046196629241,2.148146916823661,12.192168855900084,3.940356490083013,4.761676727887312,3.1755071968923634,4.00773169654819,4.748757979171278,0.36777142611831537,1.7743511395312244,11.0,3.507553419472184,1.9087521179596,2.9549170791873642,2.228681835543823,2.645758144469417,2.0153722018494413,5.960650042366119,3.858459914598229,0.7463054442767927,3.243389955457038,5.697197686876316,4.843160586397433,0.4312429015125107,1.7807200829867058,10.0,10.399215623385185,1.8629152880451207,2.890284883242498,2.2659309027037535,4.416888655189887,2.0950717157932535,9.266690067032387,4.112947894792852,3.4202966902401233,3.2601691238613326,3.4430353768045685,4.125605604011916,0.2639156701418551,2.235074498651739,5.0,3.8727175782843606,1.7113704701075951,1.525433109151035,2.182944085508542,1.327916868498206,2.1124961939861175,2.824759836891175,3.7536682021638454,0.24539099616381804,2.8903500450688675,6.420870847652149,4.926135966348375,0.41836440792866486,1.757037595111537,11.0,10.194536904837069,1.8800001067087,3.5038730621895704,2.2215737071923596,5.328824154516908,2.2335388407969194,13.169468878988841,4.127033028743679,2.912753925461712,3.3103227483708833,9.68449132553694,4.653456520817134,0.4177852485554239,1.7641694788513202,11.0,30.570274396657517,1.8077283889675069,5.6600402277528605,2.135071048294007,10.743647940533801,1.8870263343449227,28.976854186272092,3.868855174204167,7.940869688063661,3.301696935426855,9.349120841848459,4.851896597279537,0.4084007875944857,1.8943427650908824,14.0,10.946855122050597,1.1631019183837297,4.229567766602077,2.201774759686919,6.845316492459505,2.1610136287517516,25.345717407096984,3.8966543645628793,9.359556033487522,3.1445141666636434
P27,sisyphus,1,sisyphus_s1_118.000,118.0,120.0,False,7.596195481421059,4.3075625070653105,0.32036043194769254,2.1779543554238563,5.0,25.245645742430398,1.8187735552295679,12.380173989231544,2.1575591863551993,3.586358748325627,2.206877934526033,14.722243728122493,4.042424025708904,2.917405768104686,3.239239051484406,5.619506306907545,4.796138987006221,0.48145042181892383,1.6316372714696714,11.0,10.50947765501782,1.9148452764578985,3.1069631550625285,1.8827676266193085,2.094404149275049,2.247570448163981,10.128274878687877,3.9724806845272074,4.822795168286947,3.1789423638816356,3.7856827804107316,4.532221786480626,0.3729226939074998,1.9248246217724923,7.0,5.71851022541495,1.8500791649340287,1.7450410646296866,2.1803317190652045,0.8364169311485676,2.210193239652023,4.271733324090507,3.926062130173985,1.0792780592212292,3.3342982084840282,5.224020067140212,4.578309522428629,0.41684984965779626,1.9294767167515365,5.0,10.381801332109891,1.8744361160125327,1.4933385696479815,1.8595600808120083,1.2048433361285973,2.2806049965972726,7.220328989097455,4.021366289770661,3.2932377015576053,3.238746847924695,3.122462702445882,4.473487487910441,0.28614420844595023,1.9987548976984288,8.0,2.5365090575480838,1.8299421262015385,1.8499073730127678,1.922702332542998,1.4373058036889197,2.281163646133442,3.066991462433667,3.865882018017292,0.22047305425475727,2.8434545404315075,5.9932355276351625,4.614395521458881,0.43102923159704776,1.7702401266720231,7.0,15.104924491940745,1.8152169545783268,2.391534014533013,2.119304124365891,2.4100897964620747,2.272969579412781,12.519944619719702,4.083496424237799,3.7283901630775493,3.3411343092234715,10.126791755034228,4.27982532395376,0.3555249431502219,2.168801322362655,4.0,40.70380032594077,1.9108345234521555,7.289462461869484,1.8016699784061467,3.7172885658658292,2.2681478299639997,23.58638073720345,3.7523454755750576,7.187515698897827,3.0447367199645985,7.277430147959881,5.1722044973432455,0.5672674952749575,1.407960821695286,18.0,11.42009312976161,1.9230906522251028,5.065979780589885,2.1128282570296033,2.7972604488643618,2.262923840997043,23.244612053153784,3.985254994743743,13.53022103830922,3.2833133095833373
P27,sisyphus,1,sisyphus_s1_119.000,119.0,121.0,False,7.006342254493256,4.568183591750241,0.31423126716893146,2.1586121395559803,7.0,12.827002327100068,1.8717332572394527,9.980056325601897,2.3103076694502787,4.6328542918018805,2.0291138548946477,9.886051688377469,4.0122691340160985,2.276691528568814,3.2140235035002633,4.381813744806525,4.949238997764704,0.47405018893105416,1.6126140403604323,12.0,5.60891869202208,1.9512752117448389,2.153539123531374,2.1146636898996083,2.509219535337804,2.2549884542871093,6.371585074692187,4.066517570310785,2.713707773760735,2.923479028405049,3.740539745150681,4.445901580540523,0.33986167135147777,2.074171097765935,7.0,4.84570594906492,1.7046836395292537,2.413266206257974,2.105476067069599,1.3816892817494622,2.180125801239389,3.0099310020677743,3.9609719861327153,0.9358013175205242,3.0137345879460793,3.6709724758340863,4.632747495231429,0.42784043073618505,1.7654200877881578,7.0,4.395074485522224,1.8309996579249335,0.887952166540527,2.157488692100034,0.9376139107143742,2.296958886574445,3.344263428762513,3.9892404928451124,0.8821247438952471,3.280986251559708,2.4503420265221605,4.265391310682959,0.3109192921587483,1.8754527575429227,8.0,1.8842673202780946,1.4107253109822655,0.5670400486882119,2.2259929453094838,0.6384717596506126,2.1936537783046717,2.28867867307678,3.9471595621337134,0.15839644011926265,3.299505567425311,5.924068286119082,3.899410430446081,0.31731041224576295,2.18306402540554,3.0,20.882599158885444,1.7346732325425438,3.1599334155465684,2.2440284573642977,2.5374313235317665,2.1816431775444975,8.024114808043473,3.8550565758558966,1.2024023869430935,3.2984201190096964,8.946085137727867,3.283781170368788,0.28856532254934975,2.6728587841457827,2.0,33.69317128161693,1.3237351540656348,5.2915739427742325,2.2631981137446937,3.0905876398449985,2.119511410488147,8.013340196614779,4.023783360523053,2.775298602936824,3.121942864979377,6.581667919955789,5.045016726843028,0.5211569991403049,1.523853988467876,13.0,10.616544728407419,1.909798578996719,6.3867463340600485,2.174164489154509,3.2070453360809434,2.229725313240345,13.474076323775202,4.0354337369211395,7.320452091429511,3.2184625420799726
P27,sisyphus,1,sisyphus_s1_120.000,120.0,122.0,False,6.524889419008295,4.1170114305647365,0.30864855673168917,2.0439890277517105,5.0,18.24232731070773,1.8322909882006275,19.014667916238277,2.1667669398678813,5.433950636160415,2.070345529337611,8.938877685344655,3.9727974040914638,1.1106487687343376,3.119210890819424,3.8540465112661932,4.773947717719366,0.42852327946286006,1.6123615905025281,10.0,3.8685866222384826,1.9555856096725432,1.493648314493576,2.04331418665225,1.349468559008814,2.244809749348348,4.701784184994258,4.023800371106703,0.7151384233995359,3.2442199201591806,3.724518525841247,4.336425385832826,0.3299648770833329,1.9799253704075785,6.0,6.289623643995835,1.838533409238324,3.8993177468191407,2.245790551894215,1.4874469442198348,2.3148849612784597,3.483253550697802,4.020725253927543,0.503663032780684,3.0934444264613643,3.479563880663384,4.980045991931677,0.4247257267621685,1.6953098932271713,10.0,2.581012461062197,1.9528484677108786,1.825081955302282,2.278854445798253,1.5942859885410225,2.2645610357674744,4.094051744777101,4.09046982892448,0.7849136831022683,3.111461258124492,2.5919555787975126,4.385855313573485,0.30979319085957513,1.8879871152134398,6.0,2.223568625969761,1.9135053106442204,0.867303251413371,2.221703273059423,0.6644883715335035,2.150155687547826,2.0194175662128284,3.6887216339683997,0.16499897218735649,2.974500667627944,5.802356649732681,3.955312679243453,0.2837530485159971,2.3299874656191792,4.0,20.145149924950005,1.8939961156389893,6.406039808657259,2.2102808307377617,3.553054761645,2.1520417023044813,5.35856631074068,4.0651403202108805,0.8456107231269372,3.1874337251756604,7.119186016617254,4.4528482502897955,0.31999531975346207,2.262293583265693,5.0,14.015684887157201,1.8402140272629013,7.900400019848103,2.2475472217661596,3.6509321131305086,2.290657936849526,8.981833276563947,4.117939150314175,1.9936647121808284,3.2262854987552227,6.17761663082691,4.8795231259936775,0.4733322365321679,1.5265842158214267,9.0,10.129364612547514,1.9812976192190268,7.142370409616996,2.2854594782800195,4.929839280040099,2.3057546900104384,12.014719150460794,4.035427175713129,2.727072634053203,3.3953614926358835
P27,sisyphus,1,sisyphus_s1_121.000,121.0,123.0,False,6.683028755637468,4.329264240541134,0.30838400568695684,2.178699261641591,5.0,18.53623897179014,1.8971279266885461,6.664620633461318,2.147747660121951,5.091322996602784,2.2310680751595604,9.672125852214513,4.05794838218737,1.3754014675916062,3.32050175806021,4.905061910349176,5.138283621216912,0.5171045896624034,1.4096705496076447,18.0,2.6982326906521203,1.9439625533651241,1.3682053514335974,2.1620751514391956,3.6944805330244344,2.1879619135371318,11.128606119374698,4.01639214862848,3.9672948755698076,2.795002449143698,3.6308385948576527,4.423530433042274,0.34152247486743764,1.9803371822209257,6.0,5.907657705085151,1.8434632307189371,2.810732080958106,2.261425956259054,1.5584614327118957,2.2517857841823443,3.6711669265489246,4.007118218132832,0.624231931037424,3.0800878716498152,4.28950546097076,5.102884592736486,0.4505627755983841,1.6381397231409298,14.0,2.605595088796858,1.9601225791211383,2.1558747159571876,2.136172415154061,2.0529724172495483,2.222963238352147,6.001988602059407,4.015302638878321,2.222442499636599,3.058521110557896,3.1369292941374844,4.411832515454675,0.27801198134717237,2.0435924675026897,7.0,2.697658707732826,1.8308360420812764,1.2680169303222018,2.1990434206406992,1.424303630141832,2.2436632399140497,2.6475494577172314,3.764243202261775,0.19181653628124548,3.1045517937764116,5.749749087971341,4.927228393634321,0.41310632155070487,1.7423259812225909,12.0,7.202066212815613,1.8667507515909452,3.851108188753704,2.0408471868991214,2.9096786375445234,2.2309795371613506,11.387872171024474,4.030270524175386,2.762946535934061,2.9672525555929057,6.1212533147623,4.894593657762215,0.4419435030739871,1.7135225025448428,10.0,10.336651380943186,1.9775144939046734,5.524309131922054,2.243728743485616,4.837552419219011,2.2924391244276543,9.373358070504546,4.033120617333578,4.438581591124786,2.831172595863494,6.525279108835419,5.198057316017047,0.5284892521426455,1.4126384557663243,19.0,4.436567222331566,1.6501399463558144,3.8455748953958637,2.197716877508873,6.507949729532993,2.306348492005379,20.21607487620998,4.092578154445633,6.680596505462341,3.0144999181394545
P27,sisyphus,1,sisyphus_s1_122.000,122.0,124.0,False,6.4118284812505095,4.558971434900507,0.3271319197846098,2.045196692613733,7.0,14.419750021379198,1.9824061942521294,8.294393503882704,2.1651402118798706,5.541262266861269,2.2532844709505224,10.123397575770193,3.9096342878646775,1.7042738856384676,3.414679503017713,5.537369801269327,5.158730770931411,0.5272092231782931,1.4489268981046408,18.0,5.482007243015888,1.6907561586442588,2.0400674376860897,2.2040264387159243,3.6004824324352303,2.25854101830475,15.021154591566605,4.067763337314445,6.145283206531699,3.1199661148820192,3.4346493489110776,4.748770011384809,0.36274677547051265,1.8733393320545413,9.0,3.2553669574883592,1.9096738025536806,1.6256283400102483,2.252738099180694,1.394647643152585,2.2280308376886166,3.8715068255862923,3.9447308911069574,0.6498854550675247,3.1996049427025617,4.416187531045112,4.9497401717172185,0.4760796241876925,1.5939180025383097,14.0,5.931968388135686,1.9616251815388666,1.42533910159371,1.8069843412069975,1.9657038453668283,2.1560421847066515,8.786454566784103,4.024637941924722,2.831030423684492,3.2093674539889583,2.829116436323436,4.4197622814429005,0.28088360881847374,2.0175280801593205,7.0,2.583197286785632,1.998110425435298,1.8255294050283477,2.178174414551976,1.3879119563002236,2.2045193584936467,2.0771428012758846,3.825547683245309,0.17871727012127023,3.030555427373418,6.064820461809922,4.847032992947079,0.4741493362997891,1.561276124591938,15.0,12.49354063595456,1.6008800933994092,4.985420620768022,1.7918897098057338,2.0325846543569384,2.2583240956420076,17.159830423270634,4.157817885527574,5.398107528388922,3.256884022233859,6.348358055281798,4.798069324467618,0.4610875081515422,1.6750379984695958,10.0,11.547839651202453,1.6830764513032181,3.763772843975952,2.1933384872371455,4.418212321306081,2.2543953369360636,13.612266764535681,4.077275649937525,4.639186423537382,3.2335403509964262,6.758825931411414,5.220122385562961,0.5395570558315472,1.4081910117662892,18.0,6.28967707621498,1.7875000184216605,4.102936400830407,2.141678128479297,5.57896359317281,2.181020792189369,21.70441478097195,4.020655140515019,7.902312968933525,3.14916957679332
P27,sisyphus,1,sisyphus_s1_123.000,123.0,125.0,False,6.458748544566455,4.668676169906409,0.29908415788930864,2.1449683505191555,9.0,7.860435984282748,1.9287295988771094,6.855743781714654,2.2788869752062215,6.333111234279889,2.238046318123399,10.089425019419014,3.8118920651137005,1.1553723041229242,3.111135030252193,4.853016034290839,4.950023584876343,0.4961302850070647,1.5238950658080344,15.0,6.005482842119278,1.8132237069425592,1.9278131320703562,2.299023998472149,1.3930714456763051,2.2240678152198035,8.821776455216728,3.9703470564502132,3.24081861372824,3.0668981552206,3.3253610450197995,4.771666082855621,0.34456988433380037,1.905467159767073,9.0,2.3166220418773493,1.9498458762848818,2.289348845464911,2.237348816911496,1.7161555934641695,2.239468157494432,3.268370812528985,3.843065129693714,0.593413347683488,3.1540914451236706,3.940198312197771,5.061174478136431,0.47370239589226987,1.5996591571715297,11.0,3.630327193837707,1.9200289882247947,2.0394955889821587,2.2350540011030082,2.0698917254715563,2.124025464695504,5.459216704331764,4.093104851277499,1.8711471427779474,3.1739092803202906,2.397009195350369,4.605059508117379,0.314789278240144,1.8151061027068618,10.0,1.216893562571883,1.8347463621883808,0.9051926937071155,2.271250678912173,0.5439650700783607,2.1812571468657582,2.0833668648370285,3.749843449780373,0.125256215501849,3.2276383458899405,5.015530427517986,5.080494164901069,0.46549136305253175,1.592780350900454,14.0,2.9254567663793054,1.7709065811008866,4.823238574912592,2.0255935773850156,1.99372191653661,2.1297372294879433,8.900811666660271,4.066528924824087,2.97273524093866,3.3194029155403286,5.959272068184934,4.971676929053853,0.45562754934390176,1.663232967715868,10.0,6.661484542505698,1.677938974171346,5.097768402961936,2.2845092505345503,4.6716786756505435,2.2509369298729918,10.801444250982838,4.095440002490496,3.6484955864636754,3.2908935157915464,5.937098072028212,5.226856353246937,0.5031371238609477,1.4954928056501449,17.0,4.329030568790273,1.9416118701586118,3.336669691766862,2.239088447256756,4.300343238693342,2.2214423637078644,13.185022631240129,3.964133035686662,5.013700726259006,3.2604039694681273
P27,sisyphus,1,sisyphus_s1_124.000,124.0,126.0,False,8.01892877531612,3.5829115084490764,0.2283325648028858,2.6825938806521687,4.0,43.150178509585956,1.7488014431794492,18.642945727084722,2.249811201071597,4.66077214465793,2.111729315230056,7.367425006264906,3.941212215479722,0.8333974104003211,3.2324436078670407,3.912606694560125,5.122880405878993,0.4830318765484663,1.534186888409285,16.0,2.6989062693309203,1.9337591952792816,0.9164926828512377,1.9921942856640709,0.7429986036862459,1.937500601054418,6.762345301288373,4.0914650769308905,1.8859014534184941,3.256732791365097,3.21817947285304,4.413285562686238,0.316130509549284,2.0258637479474078,6.0,4.038776708091116,1.8039690336418743,2.1849872204446217,2.240537810592947,1.5430616137785567,2.1303753133018133,2.5222935798948662,3.9765068181542094,0.34019329841415713,3.202403536152022,3.6609742233722042,4.990516207346184,0.43087517656367624,1.7039399085209634,11.0,2.875081315505019,1.7380277897752756,1.615506106531849,2.0962612056571652,1.4978168569642585,1.9569528854301688,4.3435069125355685,4.153770689133998,1.360956813524451,3.1730993510988497,2.7068774592883624,3.851146431371213,0.2673198135952472,2.1766980752092695,5.0,3.2765546081486914,1.50892271936452,2.027567215526357,2.131516869638144,0.40251728805153614,2.247456116098337,1.4778359308831859,3.6218939199255997,0.14704201197203526,3.2822448443275376,5.069476566138549,4.2368440647740515,0.36723124117123385,1.9223132989005953,5.0,13.042727282258102,1.6683310023719966,4.254357896647374,2.17499910801273,2.4830489611317645,1.714290518088012,6.7212610390140535,3.8492204904817076,1.6819117584812384,3.009107444093102,5.360164669075604,4.893989022335669,0.4215796602388135,1.8078087506769933,9.0,8.674423346536008,1.8516024405104488,4.50790324416617,2.265455246718093,3.7161921675562786,2.0956167273133097,8.083671576793403,4.097976504452678,2.959634728636321,3.177528296754377,5.123507239061205,4.746374584032148,0.45365102024289194,1.6568012271105197,10.0,9.872470187164298,1.6952800294934383,3.1036336090033054,2.2852198883271932,1.7972064655781628,2.0999395401280343,9.331049499977977,4.001412047257478,3.4077721256981675,3.1694605676177052
P27,sisyphus,1,sisyphus_s1_125.000,125.0,127.0,False,7.470944772905571,4.404748108182911,0.2565428187762113,2.4329096921613464,6.0,10.348658805941954,1.840966507896749,8.399380957332074,2.102845222019489,2.411538190857989,2.21235019306087,7.538927306275805,4.086554438064248,0.7757647006111266,3.2207516482540335,3.755519705846464,4.54908620814318,0.4463881059342304,1.670229338190427,6.0,5.05532428981993,1.9309558001087126,2.486225239840003,1.7789848475079761,0.7166290196651186,2.004608635213643,4.189558010764176,3.9579774886026304,0.8750910464337232,3.277279572770351,3.465381234597875,4.496237508863656,0.3282368876015737,1.9784086617254653,6.0,3.706530452067307,1.790405572712244,2.189420199846316,2.2586584393407225,1.0556729492836785,2.1759213464578138,2.6553721852795684,4.033896188030257,0.38946197948169037,2.9645855311928333,3.5419846697008497,5.008694978670654,0.40706523703113207,1.7180891754275236,16.0,1.3603156512885914,1.9342737726183152,1.08774212515438,2.1733375461428266,0.5314460392605792,2.233743654966615,4.789139542604646,3.9172915736506617,0.7288143331573493,3.242104105990783,2.8810326786779132,4.178639743091076,0.25027819854128897,2.3350724274072587,5.0,2.2357545317033507,1.7664901588564392,1.8665265889064329,1.8547387135262827,0.6962447614261666,2.210261801618135,1.4391786275245053,3.853734650272825,0.1450803080821474,3.2732331432910837,5.178142214491127,4.792421827670435,0.34542780839319265,1.9127519650395919,12.0,4.2814350547083375,1.907562582274521,1.91824618202951,2.262194674744559,1.2226753570903983,2.115188159126635,7.288282412224518,3.8347832961179265,0.737125181149194,3.313965846763524,4.9394033920558496,4.748571715168656,0.4180639792737105,1.8672660047300593,7.0,7.605598776455274,1.8620799092699118,3.900182352218099,2.3062039440070725,1.8385440955027679,2.1154076420434182,6.022223228782673,4.043617122582598,1.9264259760302544,3.213388105544586,5.4493524559601365,5.093377169915518,0.4636433916762868,1.6078319441835702,16.0,5.871900149938918,1.9317193083285302,3.9127571785353363,2.075846821316995,1.8080960041337208,2.2264710904861875,11.66779555250588,4.066417379577813,2.699373294582774,3.283526358552127
P27,sisyphus,1,sisyphus_s1_126.000,126.0,128.0,False,6.773700437021317,4.657000028617987,0.3617486684388179,1.8478998068923072,8.0,9.699552646405081,1.966115990266593,17.313467417826732,2.30779870435204,6.013061870709299,2.0432406924134736,12.907169143647522,4.139826547415529,2.150816733739257,2.9113685877172273,4.83814042762983,5.071489860164719,0.5534714467435247,1.4316149249742562,19.0,3.9477252988147518,1.9257937913209042,2.3468955231497013,2.266026660799456,2.0049564007781577,2.152224741043392,8.111509718072872,3.915130336944736,3.6336417079853427,2.809991348925184,3.79656780716361,4.683150597683147,0.364323239368245,1.8280459023152484,8.0,4.14862009280215,1.8335842477078286,3.679555891841492,2.2053277423917153,2.0831319620294133,2.2593829604136,5.3643848322682235,3.7747569579350686,0.8426306262408404,3.1449873995536133,4.814980665062215,4.9317368078178845,0.4669885747564204,1.5759085762818759,11.0,5.324622067865011,1.9325593410909125,5.042816197720704,2.0830499069288746,1.9711965752945038,2.2514303175338486,9.561726921951127,4.018225645910064,1.7736901844387762,3.238492926456815,3.251770144137826,3.8763641326434928,0.2517993504696303,2.34344495942505,4.0,4.6796542200373334,1.7163471812904516,2.4242372274644945,2.1268444943887137,0.8456438483902792,2.288388006840945,1.7942116133862551,3.916397844577967,0.1276587352848066,3.2142118304313088,5.351769591712507,4.619839073961475,0.4116608357384308,1.7935326784941588,8.0,8.728038392528152,1.707065831610107,4.938145933483072,2.2860395045832305,2.724272312396639,2.146456087902901,10.962295484179515,3.7662589078580386,1.3524993315298561,3.272016822749957,6.538910046348527,4.968324376479511,0.45543813658007204,1.6984855896493753,9.0,6.89921315889399,1.8872641102141778,12.677126548564932,2.285730599804952,5.594693112950091,2.1989710274935894,12.863713090723442,4.098433331885264,4.337157878319017,3.151537428573059,6.62267466264949,5.234314748693488,0.548045696940531,1.410071392868446,17.0,3.874007170557627,1.994753295890532,6.687098623806237,2.2189297484013517,6.917653453529548,2.2004553274245384,20.652817250204624,4.124236458332568,6.529355618222466,3.263842056343504
P27,shape_sorter_interaction,1,shape_sorter_interaction_s1_0.000,0.0,2.0,True,1377.7970281770772,1.4658186763615069,0.19466989568902074,3.1872406994805726,2.0,624736.8489253949,1.1194862996961557,1565.2777524847058,0.997008271357605,26.47655453867591,1.9095553892044985,13.853150979722441,3.6422856194554623,3.1586327772700975,3.3602438896340248,1302.518314190247,1.460060765154861,0.1980110266733061,3.1505672021336855,2.0,553568.5368231352,1.1175641883673848,1371.4880198556398,1.018599861346028,22.830602557413307,1.974668234657296,8.694254125865095,3.62432588208102,2.695158531128683,3.4194422121336423,751.1089254078472,1.4537069712184045,0.20184654560752918,3.1058445571406286,2.0,182100.92790618615,1.1205648651678894,461.91204034354365,1.0327026854219377,9.262562008908143,2.0317134928865324,5.036636148898159,3.896281264352007,1.0693114344682701,3.2590929857050903,404.6023376740049,1.4256819757542576,0.2157862210877457,2.9644548571796294,2.0,51026.723001696075,1.1190774504805887,135.55924671400376,1.060141366374896,3.5914951046825037,2.2202404239060227,4.194005290607731,3.5763177924846867,0.41421614138368834,3.3199559645435723,2330.9211823749565,1.4595626009957883,0.19822162338127444,3.1483364725801497,2.0,1774675.6731594119,1.1176247005516924,4361.449012914276,1.0106028290130666,63.30297881841911,1.8589561695065167,15.990759248869145,3.7169792854061185,6.7099518929266155,3.4508758977670975,788.4053005938241,1.4574274920099293,0.20044820199987237,3.1277500972201757,2.0,201642.68315752732,1.1190353014688152,516.9146018305835,1.006348758082334,9.12587953795859,2.0985282212827454,6.66683490158661,4.011764971384999,1.2835896642232012,3.3465112125272185,717.3864570376911,1.463584671257902,0.1969958386866488,3.1689847691514776,2.0,169255.1883232418,1.1143929888094184,410.02097370985837,1.0443837124155355,9.680308859485958,1.9833559719077354,6.7959524159500875,3.753537268845316,1.6161569325147551,3.3608004478141495,1177.0801523863797,1.464724619493865,0.1954285482810935,3.179732596689657,2.0,455508.3565641729,1.1166699531092552,1118.765525465421,1.023008285593379,23.27155860697318,2.108359834959832,14.410323186249611,3.8661833709809463,3.8756221461127063,3.3654557705355113
P27,shape_sorter_interaction,1,shape_sorter_interaction_s1_1.000,1.0,3.0,True,209.11785020569886,1.0984073948598423,0.03424703829303476,5.088167273741562,2.0,13420.213885410167,0.7425262082352277,10.604313423147001,2.208240647691106,7.613197994687072,1.9851941414124443,11.061396969082486,3.9104767094494686,1.0340982430095194,3.088783348317703,197.6692226068881,1.0595410491876065,0.033267692930047825,4.465665479672729,2.0,12242.699970351237,0.7439214996249194,5.155385790316045,1.2884339890709662,2.927236692449446,2.085266031072588,5.30135320994736,3.876890138068968,0.6155936491012387,3.141940633470231,112.80397685690208,1.040719116561814,0.034431324385702684,6.32021809991645,2.0,3911.4732697770482,0.7351413762795841,3.2811097971408483,2.216374792805834,3.831965043474786,2.1942890524877248,5.7159980425402885,3.8871586270533465,0.477120481059963,3.2275682468744065,60.09691383379109,0.9735243395000035,0.03652420230668355,8.685307405452134,2.0,1125.6965099447716,0.7371929011362136,4.959473333453605,2.223449171743308,3.514656354066826,2.2917663926062795,4.396977464952667,3.661700901802309,0.40974379252251036,3.119636157695697,353.04261339510373,1.0556296164256316,0.0326833444718518,1.33287511109494,2.0,38881.955932329205,0.7435720777398117,6.82201084766293,1.2741670608458218,0.9255037148548879,2.1659449601790786,1.385152280940295,3.9311549159050934,0.096829107731178,3.3330051650675534,119.15462700238643,1.0567973733622815,0.034323907766204385,5.859910163563963,2.0,4333.576671316787,0.7326667953347863,3.443650482634793,2.1606895961512094,3.130529371799738,2.24259199785628,6.010651890453362,3.8767247819579924,0.5529862867342639,3.0422832758553415,110.16657213352988,1.1323680960953366,0.0378736288299228,8.751703110006185,2.0,3887.502450537968,0.7619108050969544,5.2451919741568,2.103039831021975,7.302907737439181,2.145301430345662,11.906598105128156,3.8886123944705906,1.683462756848808,3.294909552009155,179.3804369774982,1.1027190241185827,0.03663009520634584,8.500817219560737,2.0,9999.67598494315,0.7451169760962012,6.0819890032683785,1.923180391426903,11.58782468842864,2.1717737519377738,21.341623596788903,4.054209890521913,2.6424435433742897,3.2074658624477554
P27,shape_sorter_interaction,1,shape_sorter_interaction_s1_2.000,2.0,4.0,False,24.826841167149595,1.8151357346036752,0.08264170188314979,6.84311820779905,2.0,166.71006058713763,0.8239155383967174,3.0789838401714107,2.1570729279701024,4.126945363983612,2.1605846410756517,8.257504111364417,3.908607774757926,1.1711942625355978,2.970392008540118,22.46862699472334,1.6843910472133279,0.06547370905230618,8.473784800824571,2.0,123.62439456558954,0.8015485046418177,2.2712752926675788,2.2111626298601386,1.3092986062108634,2.1088740744178427,4.308955227446222,4.023071286397445,0.37157063568041815,2.885219049319221,14.054880017433371,2.070780513366184,0.0934439776396452,6.3458847366986495,2.0,48.35395447345566,0.9508365653872197,2.6933824410840534,2.1694310630852103,1.1825446798220436,2.0746430308703867,3.396494763403867,3.971609466045631,0.639479760042955,3.147668746168934,7.3652833052483295,3.4544248430665623,0.15611929551007736,3.844996339571053,3.0,12.808200473100968,1.5218342815735784,5.005263642122262,2.0950537687294846,2.2259731438380728,2.2928360681430746,3.1729884819632166,3.862583369413772,0.47835191397246796,3.011871871025014,41.54976727899371,1.4302084449923576,0.040837845582508484,7.128911499355689,2.0,461.0980163855374,0.7736970063196157,1.3690754342504963,2.0331876467381167,0.8005858176783118,1.9780783686327656,2.2234869603247813,3.967433173218713,0.1535195964726229,3.2543840384901412,14.35659825316398,2.2291226706045046,0.09815872167254035,5.382453113478455,2.0,45.74551814444771,0.8748881317796526,3.6467193131409603,2.107023042638654,3.8612822176670303,2.269263376161518,4.700158489823376,3.644742051807881,0.3846609959860358,3.3237880485082947,14.096934779925647,2.5142214824982556,0.12989693992242904,4.957187512231167,2.0,50.894886816975166,1.1446622159080242,2.6411883273781367,1.9314351048240774,3.3959430163833764,2.3108537042501927,6.638272158119616,3.872820617539602,1.2544208774787178,3.0631868387179386,21.61006067825515,2.2956451633873627,0.12162245867895695,5.6108431701000665,2.0,120.11674931688243,0.9568482259910531,6.056303469436778,2.1649790831049587,4.588440690535675,2.3099086015842696,14.88892488466263,3.965923536461364,2.2058525511787788,3.1693491742003363
P27,shape_sorter_interaction,1,shape_sorter_interaction_s1_3.000,3.0,5.0,False,6.583950208308467,4.622543307638469,0.27187440381543754,2.2211949380436358,9.0,5.797970380195679,1.8930406288582922,5.290738709538003,2.1287867971580763,4.720349635648171,2.178394183383747,7.20965371531887,3.8242480502108376,1.0661313610904877,3.005137899849943,3.5084042442262966,4.4225674104813955,0.3075323945461694,2.220566293281668,6.0,2.7917842597208535,1.5900232053652616,2.223623883006251,2.3187067738885485,1.441531201849463,2.166769809275219,2.4010045281373946,4.021452851710542,0.37566493865496203,3.259552081971972,3.9434430048845623,4.598802627252371,0.2950172294581791,2.1496322644828894,7.0,3.3274560281639465,1.9084889052112777,3.467498635723744,2.30304967309048,2.0508847141650404,2.218079313506059,3.0095046025479095,3.851501955336995,0.6498122741970369,3.1184241767252616,3.0981221649817625,4.745307569141254,0.37615542992340656,1.6437808413729067,11.0,1.8618349967364716,1.924294412242784,2.276175660707276,2.0531892472432443,2.0143240797266486,1.9385781607933301,3.932050343242712,3.8368853320694916,0.47563391067967975,3.1996751459232518,5.108609336090244,3.35564599031613,0.1761551173971416,3.113947421482451,2.0,3.923807336396847,0.9327407771951417,1.1945634230559574,2.3098065620258645,1.0518124748433515,2.300849196271255,2.4183264712808143,3.8194510404712383,0.13761164307213078,3.294512834061126,4.6865989605839795,4.6410717906376355,0.30986297269526364,1.814293014498283,10.0,2.919676835416917,1.8283158220847244,4.676965217657569,2.260223172552566,4.118108375694612,2.2716236875892513,6.175837113684842,3.7209451804753364,0.3786390898302664,3.285593516798219,5.671628592343639,4.374029870234598,0.2900093327563932,2.234335803574749,7.0,9.962279971991116,1.7420463552760652,4.702559538086164,2.137862910961638,4.437829664016658,2.300315101447176,6.2000563333096705,3.854503576371511,1.2271876245296784,3.2355517359182855,5.658965975108165,4.885971416501554,0.4071473272454375,1.7358322668020296,11.0,4.953884837771503,1.7487882056273882,6.312330844504235,2.201526052573432,3.3466930035171165,2.239166707908692,11.637367757203382,3.6846177408155496,2.4071190028610583,3.137472005258465
P27,shape_sorter_interaction,1,shape_sorter_interaction_s1_4.000,4.0,6.0,False,10.720499633621339,3.2018860110361897,0.1946629145659835,2.895172388930278,3.0,96.90989357809937,1.8172848980894907,17.822360361619126,1.7058664014790121,5.114652878282987,2.168466179257626,16.07267099896328,3.9133180541747565,0.9847691339261083,2.962845643971928,4.562420519520517,4.102365883322267,0.2914288034648094,2.159324199509814,4.0,10.619234933577216,1.8747523533727615,2.126510091336554,1.9065336989996564,1.7178440417636036,2.2349795820493266,5.288739177115691,4.003091137156898,0.47287863530412577,3.1768849079084323,4.794240314503103,3.9786149364411827,0.27781250877904035,2.0770711235103745,4.0,13.593832675032559,1.7400542662054077,2.955575768831288,1.8875837220074503,2.243300185159649,2.2323708541522103,6.49054115764949,4.003285020087642,0.4005209376416514,3.3341684092583908,3.4685714691592184,4.712436044182811,0.35154171960397496,1.6275459551857363,11.0,1.6318227133839265,1.8879225040458165,1.5140670526076212,1.985275055147694,1.9128897057149719,1.902450128643965,3.778842515655954,3.9173476225387747,0.3066621896636546,3.225197935495463,2.916919156973066,4.406255746062006,0.28722066660525125,1.8524436485133813,7.0,3.049629340603468,1.9096628022029876,2.049609972575828,2.2894019831596792,1.7199771731505562,2.189232236650233,2.563973140351716,3.8102826624523765,0.10132651650818339,3.139490211177096,5.584805945774017,4.240530553386288,0.3024198991412996,1.9332241200708504,5.0,16.8307613904189,1.790336607926887,3.400531730143446,2.092114590015562,3.2973211009321544,2.253187653975234,11.418609248825403,4.0077073453726975,0.7068035459640521,3.2861077864618804,6.582505479136434,3.8849192876027976,0.2799882146275736,2.2208578879486676,4.0,26.508150292612513,1.8730528763219714,6.526492104589891,1.8645414792857375,3.4406214564189987,2.2645356977404605,9.747352900775338,3.9446774383214347,0.99575959639499,3.2127453102333776,7.974095117106784,4.034194832244139,0.3145808757500265,2.066745514319358,4.0,37.27088827222482,1.7332012732291462,6.675122216443089,1.6899014746080367,4.704193691351426,2.2996343157784596,21.22723021500381,3.9556580976117752,1.8238259146503226,3.293814941148501
P27,shape_sorter_interaction,1,shape_sorter_interaction_s1_5.000,5.0,7.0,False,13.742127706324819,3.2078330097475725,0.16900325458428725,3.2606618521469906,3.0,119.1665315057953,1.8785692920342936,20.798802124474847,1.889580210149866,7.714873335620888,2.090296314898536,14.969885860381156,3.9964633252419186,0.9369711306222809,2.882533259717278,5.215012211711534,4.067242726347677,0.29231581133054557,2.162888309088601,4.0,14.473653237947037,1.895751420952461,2.868931380175413,1.975723678540507,3.9919480563963834,2.033676460283279,6.552888683425811,3.954182298663746,0.5622710927793177,3.218280481682916,4.927372952009523,4.091627518312882,0.2995702219753236,1.9465040253714152,5.0,12.717398693639328,1.6087992120490313,2.9463584201509843,2.236074594739759,3.065514331071561,2.1935958320099593,7.550383589177247,3.879728187482379,0.4130177084546525,3.1759355111704943,3.8846181863668834,4.434188603017433,0.3183789244386185,1.743313163420013,10.0,2.88692920241784,1.782666890204704,2.082449954856669,1.9862190188286981,4.542422420533063,2.0507462839692194,4.118705077109072,3.955100041779032,0.2309712385375153,3.043312807282687,3.3029159700422617,4.02767436207115,0.2532673859855382,2.1613908678364937,4.0,4.249245191119106,1.9229028382287203,1.5697725895615129,2.1997731004255026,1.1357550911697585,1.9087255475045322,1.688530961570222,3.9614108562428108,0.09334306574225397,2.8084214972549164,6.838099317545863,3.986246973657813,0.2693402700124664,2.215941208077661,4.0,21.18092155920278,1.761271830457269,3.6988293926976183,2.2021747079329197,2.352611005309917,2.2991581649421544,10.501189472666052,3.9199900188578023,0.8832673659502742,3.0597354040207825,7.35085054298155,3.8588328854621303,0.2627520252837486,2.4823471357834133,3.0,28.64007211812097,1.83393849592522,5.679082022890535,2.09881714157815,2.8479969961153633,2.313719041099332,10.253616487187966,3.89385683306726,1.0824649216215811,3.209633824380442,8.927415943687382,4.109941513756436,0.3218907925790093,2.035683302835275,4.0,44.66006325819332,1.8603200879663484,6.86865013567453,1.7535186543567463,7.7217839668914205,2.269200209391378,24.706650756331197,3.958237664827305,1.7160020742416957,3.2957256679908773
P27,shape_sorter_interaction,1,shape_sorter_interaction_s1_6.000,6.0,8.0,False,11.783520848787933,3.0740173234585564,0.17826710254348896,3.1697922121488435,3.0,110.61163052992684,1.8234073106767246,12.478144396201259,1.6954427719408434,9.552274529172415,2.12983777350478,10.659151622795129,3.8824810693099416,1.2608148170370008,3.106263224018846,3.9958101226185856,4.573717469675155,0.36419490476346594,1.8252151303228024,8.0,4.287800544385795,1.726628093929968,2.6466253661047827,2.2207805801299294,2.1273490945143823,2.23965616882821,4.977387228838131,3.6384084472859173,0.8757617658869223,3.102750588570387,3.8346659651726007,4.609707532229329,0.3413809763109623,1.783780478613516,8.0,4.136550703035845,1.8619597282538658,2.9226074312428034,2.161373669178219,2.482901892407029,2.2442750089038266,3.9366043739262877,3.9831737951323447,0.6444940929758429,3.1436586484445836,3.6754182077505204,4.345690784359702,0.33579560422599775,1.733135101520615,7.0,5.36824402754236,1.8031074679897032,1.475363006401981,2.2185691586026706,1.0128444738665603,2.255815919546983,4.800710284260652,3.7823535540963182,0.3083723330834547,3.0932506746063555,3.42824485854604,3.5259195949225846,0.23173725877218587,2.374485182219473,3.0,9.143757374285864,1.784120854616223,1.39419181891551,2.208218757672756,1.0075061877139935,2.2974412655317065,2.1696954141662728,3.7892742043941174,0.12038758005370406,3.1586295909494946,6.392016321206051,3.746760775959888,0.2536147834310848,2.3646450731454283,3.0,27.940385949632592,1.856194015430383,5.098390996172699,2.084877068267095,4.4893386612924315,2.194063271734791,7.4282062265024456,4.02512862037244,0.7324173656374253,2.8819732764762676,6.340761964921884,3.7470446487658338,0.27797555766815857,2.4371671373888826,3.0,26.611095061067353,1.7864894665989763,6.120422988317548,2.1260297176738194,3.436028833949,2.2086049516119903,6.246434574568319,3.9198577461160165,1.6940861451998055,3.17565835716098,6.3277504254135515,4.852768818937592,0.4066027387018342,1.732805621697756,12.0,10.835053278863864,1.9725350723877826,3.8935367765853925,1.9267716578590475,5.717024641865091,2.1253212005275497,16.73813740932456,3.882466305874386,3.604524913972257,2.9713969262483952
P27,shape_sorter_interaction,1,shape_sorter_interaction_s1_7.000,7.0,9.0,False,8.395580043815174,3.839534187894209,0.2065152201973588,2.886790997739299,3.0,22.54246066401276,1.6438666088183038,5.066452851424295,2.2635514726557835,9.728027357765766,2.172045442613591,6.649605589399118,3.952340548387668,0.6026968797147186,3.0462374160706163,3.446495785393405,4.9497452158339845,0.4036746775198922,1.6885278559526578,12.0,2.3715315131964476,1.9271685133184109,1.8589556022916336,2.276879597788177,2.4808524235602984,2.261752439815789,5.350368105459329,3.989464886270328,0.5874193288719904,3.3803884469432477,2.9247508397507893,4.509735897343346,0.33356701187665927,1.8856264377196932,7.0,1.7828385203507673,1.983597065285836,2.482368617074807,2.046482488672895,1.6382148716292897,2.236106018654029,2.0569623159652184,3.7782128914592303,0.24895350408310601,3.1551136519254457,2.885719147327025,4.849838854104416,0.36739978136147083,1.7230612365278686,10.0,1.4952492189813988,1.9657845047948084,1.8975145200243646,2.16775898657394,1.13953519728609,2.217173917313032,2.722973683948393,4.075507509464855,0.38129895999984953,3.155714157767075,2.9832469169869094,4.28988508222691,0.22463554039228092,2.4514794192641247,5.0,2.4637743729428077,1.9560234571773667,1.0373357535983394,2.1756066466461803,0.9534026457544544,2.228610853217377,1.5511421723206027,3.8405061468288606,0.08392830141036782,3.146632560858288,4.7992858609960125,4.37811126604753,0.26946234926043444,2.284870286068782,6.0,7.366984049087222,1.9147208094020574,3.492104163909799,2.223196350258503,3.3073976454308527,2.062776471176543,4.552018436584511,3.749929138154795,0.6749967061744621,2.8384000359960453,4.343447803380641,4.56152033060304,0.31965351705229217,2.1477470741797564,7.0,3.9915599937400827,1.8271566899364893,4.36427957722284,2.2182885227275624,3.9740296535410793,2.2042619266472645,3.4331823022439085,4.047247375200703,0.888039226311562,3.2992083672900216,4.554797718600789,4.686661587367195,0.42007279814159226,1.7740782575209892,9.0,6.164513103936439,1.6766505635917484,2.8302202459200116,2.2595940053653245,3.9539165012840463,2.118036981454453,4.920142723774875,4.12346163796875,1.359273723620434,3.3118349846917687
P27,shape_sorter_interaction,1,shape_sorter_interaction_s1_8.000,8.0,10.0,False,6.065074273368961,3.7472572951843395,0.24371081733908234,2.4054436409007147,4.0,19.342724337620638,1.7263103262337238,6.013646273510959,2.0901482406784058,3.0860631203173123,2.129981210103056,5.017620522297195,4.097363274988215,0.574769550979986,3.1439148433953825,2.926912198581479,4.893371181145556,0.40602496271037686,1.727887846876781,9.0,1.4544530915678098,1.9336985408402962,1.6205896810083775,2.2753577005504755,0.6834435497683462,2.2286543926851654,2.1104833160484366,4.058917942924012,0.46755134006481636,3.1311722303813427,2.2816988801036544,4.772457975017207,0.3761139653849041,1.7434152048442242,9.0,0.8104866346951135,1.9873512333908616,1.2051135000581576,2.1104964063472895,0.5550078341742648,1.7734912450554625,1.5642777417902187,4.01958865362989,0.26761570338025287,3.162213623704817,2.386860845306062,4.543531241191202,0.352562380764624,1.7912515733724883,7.0,1.4985757205626822,1.7667441605136736,1.517712549309267,2.211371519402908,0.5677016223132567,2.2730774885444465,1.6020235594339514,4.076275374580445,0.16950228856838212,3.1294480686717265,2.14308663897558,4.036620387442202,0.2806869443968468,2.032809402265779,5.0,2.2086887673956808,1.7951324171778407,0.6613307135649859,1.5553955705204894,0.7139750943917904,1.8402062898559586,1.159736716376567,3.8646674940658947,0.09720901373787588,3.224133051039536,3.771821007579537,4.39366899873864,0.3045359259964931,2.0007663538857177,6.0,3.8086114186736664,1.8396964219572447,3.188908648143351,2.163132180607898,0.724005920431787,2.0609400292077193,2.6067235982547774,4.128523908147146,0.4609276099647543,2.8553696074008723,3.0759589031592145,4.6173696964089475,0.35753929330303064,1.8351610507852434,10.0,1.1518193236828198,1.821760096769008,1.524697781862655,2.195782972497648,2.0882348824432237,1.6969671791076986,2.3940885279145885,3.929754877358018,0.3497326049609438,3.237712204698571,3.674517166365506,4.9591198814297694,0.4210371197751893,1.6892581991792255,14.0,2.4007746488025696,1.682508796419202,1.4574915206610213,2.2557327642736644,0.8964182576894626,2.2149644923687166,4.889735861652843,4.099630150068909,0.83557103827339,3.239995364166391
P27,shape_sorter_interaction,1,shape_sorter_interaction_s1_9.000,9.0,11.0,False,5.057156701754572,4.30045662961984,0.26062044786674454,2.259151344733508,6.0,9.54164101379266,1.9943601542584228,5.1598420923168185,1.9426154418233172,3.288769288637809,2.269755276746766,5.919121850059717,3.8467618736393776,0.5151986872999681,3.041445156719956,2.5556557050653486,4.809675614987626,0.3992739976703453,1.7501518220776286,9.0,1.1172930856700385,1.7116397744351763,2.1035161111145912,2.275174253376031,0.7294190660182264,2.118591218274949,2.5570060616588055,4.121445411349011,0.3191401938319456,2.957440321650486,2.6462474455591805,4.469481150417633,0.3040419395007888,2.0289252497531534,7.0,2.361765246845178,1.9775885334258954,1.9661304564815774,2.2568553883267994,0.7567094258685318,1.9927049897966376,1.856138425682098,3.985062628907638,0.23804613988082324,3.119533908216384,1.9538822443293469,4.859806767463425,0.37516444592660514,1.6951622590605886,10.0,0.7366202665814627,1.9765507876463955,0.6421834783652259,2.282469154568428,0.3775212736280616,2.1074780884601223,1.3182015103657903,3.882854608385046,0.19940023021945236,3.0612827581183493,2.012763896197194,4.318661593169507,0.3011965520925228,1.9649152944296073,5.0,1.6963300048649101,1.8626264339687184,0.4888636729532923,2.044131677991595,0.5915898072979368,2.0496357596652293,1.3379831712370491,4.018523673596457,0.08206858544978543,3.1702711615420838,3.411078485431823,4.407786654220244,0.332378269611894,1.9023969201747148,7.0,4.086916689173121,1.7664620231497858,2.560753269832949,2.026152697834933,2.418868043293125,2.196461751388565,2.937716015618138,3.9592056623426486,0.39341567536890587,3.0502607436618905,3.3193915514535823,4.42001088439729,0.3100061693804831,1.9720453100703086,8.0,3.44711605671961,1.8423056274804162,3.522286505938996,2.14215959061937,1.8189376556071353,2.0977828736239266,3.1375112746941993,3.9824524944023323,0.2658885287751649,3.1193793029864887,3.486922759136754,4.998768733408254,0.41367647509507405,1.6623306786104193,12.0,2.1967967648400926,1.969753090136104,2.3670543011942677,2.270964830531484,1.3965286360733002,2.2150738462234005,4.952136540199105,4.020389335525865,0.9487229851955636,3.2709503313215618
P27,shape_sorter_interaction,1,shape_sorter_interaction_s1_10.000,10.0,12.0,False,5.593540158837502,3.9615499055667596,0.2681502189794062,2.1673410696373407,4.0,15.331766449551914,1.7983235215675824,3.2258795620194363,2.154666618293302,3.476938880350537,2.26494516966428,6.514478034508767,3.8089163009713256,0.5420799356402497,2.8714493153952945,2.9096222778507457,4.745121766568722,0.37309116920966795,1.8797188442153072,8.0,1.4108505912052767,1.7612855350558516,2.0642931361518486,2.1411445786435963,0.7999184952798174,2.181775230586387,2.1316573300165187,4.150294430626301,0.29036945111371326,3.145999822264864,3.2093162688472963,4.342298513071734,0.27194217017105765,2.034501073273559,6.0,3.216956975165764,1.8352160080279971,2.0224556453924345,2.2025052985290867,0.9411202261747301,2.2078776375861344,2.308802131164895,3.8681983333052754,0.17378179719801812,2.6786859691422866,2.1035599812819568,4.818254563497352,0.37087087881852715,1.682819471274946,14.0,0.7233120027651962,1.7424832466337445,0.5625557384662199,2.1272912597453475,0.27708093301896264,2.06685764421714,1.7987932392477464,3.870015610323843,0.2077000589518506,3.2036119525182323,2.130786027929742,4.453776266309686,0.328959205092122,1.7236334368828463,8.0,1.5335915066306214,1.8749689640830705,0.5653442837062034,2.073889342670603,0.3343129561216469,2.1885346932186382,1.8555100038060217,3.850964641510649,0.09282093760375772,2.9519959753071263,3.555159943569969,4.619414084828657,0.3267676684707319,1.9162787970025779,7.0,2.8471519806511383,1.9531167184198646,2.2742449364365727,2.038994342630623,1.0519494487117944,2.1449139255876344,2.99709252987339,3.9644207567887904,0.3868042469005383,3.230021898695824,4.388055908061103,4.21624026235058,0.2799900416019286,2.052632406431037,6.0,6.304343096143046,1.678419155856537,2.911192839927802,2.2022754809785567,1.5708374351593384,2.155644045210017,3.506765533723034,3.973299246679638,0.3547005229015307,2.81788788204339,4.0298195400251755,4.618716201241437,0.3842861637849272,1.7880733176901134,9.0,5.800508283607552,1.775344079654316,1.5076043566194435,2.1275206827640023,1.746527952515207,2.282303319773952,5.497790253002088,3.910533635836933,1.2034496352859476,3.2629931488792843
P27,shape_sorter_interaction,1,shape_sorter_interaction_s1_11.000,11.0,13.0,False,5.487110523556104,4.0955432961659115,0.2836801679594808,2.1395875380871607,5.0,13.552836915368797,1.7658913535982579,5.007139808836207,2.1717150339359312,4.053877351337722,2.0232252433356854,4.9863356888020585,4.080693658897848,0.9085691617275313,3.110823871875785,2.9988481680522683,4.779962356526839,0.36238967608534006,1.922178546789002,8.0,2.0592883881964505,1.9016415241338536,2.961318247539986,2.269837171328505,1.0216759721070383,2.1651535813230742,3.178104343054946,4.095484891660403,0.3838886861409116,3.1899082049271916,3.492393329743824,4.200160645607333,0.2801851048564722,2.0624806529524227,5.0,5.305807516910669,1.9792615993926421,2.601488925420478,2.1519023270539615,1.2864376608345234,2.3032261011650403,2.6364108670218895,3.7804026404495317,0.30549263242916996,2.816240813332879,2.488798791009879,4.3294265709391455,0.32922103172625966,1.8728280479758583,5.0,2.6886985652282083,1.8547715281940527,0.7484482617339661,2.1725474245826653,0.9552198492455805,2.12716623705002,1.549053922751623,3.9738503187061864,0.20796210931179332,3.274698675299952,2.2751632529757475,4.485261427452379,0.31948836638953865,1.7727274137999347,8.0,1.5718525848044278,1.9714183300340764,0.8197083357192494,2.0099166667805886,0.4533443250656368,2.1014985565596254,1.7767060031346968,3.822306900515351,0.09437463766357701,3.1861788767160304,3.8961924716383085,4.152780106933932,0.31124316603434876,1.9740623904224184,5.0,6.975536954524873,1.966804977140126,3.6188933582450273,2.2395372414166097,1.3682685484115982,1.8543923764124002,3.149217277432585,4.0171443199245696,0.3231373314341098,3.303743425981471,4.650780716939448,4.198729734563356,0.2789317422319823,2.14519491286723,7.0,8.478241940697915,1.8808049311245276,5.148877048645707,2.1650619007856737,3.8154275440251855,2.1012095953423584,3.7085418984074408,3.9078543101433474,0.5373588217288682,2.858114025234696,4.144502412404464,4.728141856194893,0.38909721122429725,1.721302689571663,8.0,5.748167151231511,1.8869319565775253,2.528567144536086,2.177743057145462,1.8356903759419483,2.212794452401765,5.435811596267331,3.9958220050675624,1.246192197045191,3.1905200412043224
P27,shape_sorter_interaction,1,shape_sorter_interaction_s1_12.000,12.0,14.0,False,4.9603578905845405,4.282088373719139,0.29032477872269036,2.1722591145923413,6.0,9.453470948458419,1.8618095464249902,6.326179361181473,1.973561068440183,4.340665607240476,2.1374628466436776,5.080728121523637,3.856179415487505,0.9438752115484974,3.0600786539402045,2.918007968349812,4.693477038455535,0.3710080904102153,1.8341248461929733,7.0,2.720385364516003,1.8730207984840486,1.910320386355628,2.286647201752056,0.8243849298165464,2.1821967135635356,2.8426286828371192,4.008391616469304,0.5062967044997285,3.2124773547358925,3.450614504709522,4.239930051608205,0.26880324698298874,2.19252418999335,5.0,3.9770656226552026,1.9942351434951473,3.5284796238349494,1.939501567707945,0.9320693090143661,2.196466821597929,2.5979606715188512,3.8896576741343187,0.3224525579746097,3.03024666835307,2.474466684406093,4.161138810745433,0.3065480914310104,2.0336430856527343,5.0,2.954388884014212,1.7313563987997624,0.7441470309814031,2.1386426303977393,1.0583046070699664,2.1053228935058232,1.5591621165930738,3.917823131968589,0.15929046528664295,2.923692211367266,2.231635300099492,4.3819055153302084,0.2994347007629588,1.8765092390695646,7.0,1.7806978446363306,1.9675402907063193,1.156878084780217,2.142972568566424,0.8163558480202626,2.194060514335081,1.3457226394787625,3.755348926905989,0.11571191766407816,3.0597623415349036,3.7505433159711528,4.161945938011038,0.3003397719892739,2.1505819357539955,5.0,5.811219788811453,1.9565240851281087,3.16489537774825,1.9789855972584263,1.074002076306141,2.089876390297705,2.5959442844105594,3.9612607467932146,0.450540827065698,3.0684690137149913,4.552409078723168,4.343591218251356,0.282430250578957,2.163339300339844,6.0,7.750231836525359,1.9698997133316158,6.3949110812907985,2.178938981307255,3.6132173343542036,2.2699117271085942,4.694473131356345,3.8112012562074233,0.5184449811128912,3.2143952946559353,4.159418060587602,4.889166190307634,0.40098159113027426,1.6451791720896871,12.0,4.363080799780095,1.9582409326755976,3.022463407156644,2.1071761201573365,1.9573983423329508,2.253372565397057,7.950042581873905,3.9098238135239294,1.2244286185533013,3.3121200135197086
P27,shape_sorter_interaction,1,shape_sorter_interaction_s1_13.000,13.0,15.0,False,5.239628647650502,4.224232317735826,0.28767006112862925,2.028052194997101,7.0,8.15865050964137,1.563749720738034,7.098061791656896,2.2533116762386234,4.876576128138964,2.0577169228677294,4.886539729739177,3.845980836310143,0.9293116967017304,3.111559512182461,2.805615841931694,4.72138407333933,0.37659582137243963,1.7610808950554213,8.0,1.9665631065916396,1.987081660596599,1.3972751010459745,2.105004558283808,0.47196362697324207,2.212887710023102,2.743126169404771,3.823625222220739,0.36934092747270564,3.329687439152569,3.2702302323838452,4.421191519922862,0.29028668769398586,2.0056137318908234,6.0,2.2371570711917013,1.9747939083708643,3.1634303849776293,2.106838000755803,1.230516415250729,2.2403372951173126,2.0238047538585384,3.9842782356489304,0.2098300048031915,3.2823611584374754,2.4513671472752523,4.509899090183547,0.33872288538745327,1.8327871422040853,8.0,1.8106982213137606,1.8652874454663415,0.8211526832688765,2.226687750512282,1.055696040714399,2.0095075248765686,1.4896404661393563,3.894980017039374,0.22783001039923245,3.080740196394537,1.9092801886960984,4.478214549748965,0.3360390204345813,1.593769393999605,10.0,0.7931771829380938,1.8708930933576817,0.6304139625162599,2.2290976238684514,0.3598787332190479,2.1505282046588725,1.4423893210474672,3.3051154686295696,0.0857438731183112,3.0444863862530815,3.703286156759132,4.381628285491491,0.3046549004182189,2.110383218689324,6.0,4.67556364915641,1.9734181824902266,2.9634703648810197,2.2816478223621757,2.4820715816819687,1.7610660846621113,2.7916590237834056,3.887478069156022,0.5015155016989662,3.311386974387562,4.655459200681535,4.514505213002428,0.29967596394897017,1.9603887867505536,8.0,5.023829300249386,1.8396231772201161,4.611530967599373,2.2345211851600904,3.751491259449317,2.2119630157811265,4.8176620448045915,3.856464165748243,0.5040256592567616,3.3539548823046204,4.520637767006223,4.871057162929413,0.39672285207568253,1.7154093939388955,13.0,3.444637486571193,1.6105189695811362,3.133444776869802,1.8159917899038571,1.5711788093895689,1.989765421981895,7.053832823482989,3.9319976032837904,1.6808720700008113,3.371813384826795
P27,shape_sorter_interaction,1,shape_sorter_interaction_s1_14.000,14.0,16.0,False,5.126079396588055,4.363949096689124,0.2892174576692648,2.026446307624366,7.0,9.487017561464667,1.845148488052011,4.441818582299694,2.241752614905564,4.950322810716362,2.164543925189891,7.128351615004106,3.754338390299071,0.5886191499594692,3.1967351971412437,2.553949933511096,4.847800645810178,0.39756749474847347,1.691706312234884,11.0,1.1654421888113498,1.9426571295795576,1.2802849005727879,2.1830536433784746,1.3985753182500824,2.214612414129406,2.2473738520261946,3.8541255328771653,0.47662269917213385,3.225533406330937,3.705594062059599,3.9213888868872333,0.26521996053640473,2.2692753848261393,3.0,6.619352677736799,1.6364757400482877,0.9696889057013487,2.167671769802756,1.8520607966423133,2.297398356026028,2.879118323660655,3.787791309317902,0.29960677501043453,2.9546169618974254,2.39589760882428,4.448500099430881,0.32824503096958646,1.9419416898911168,7.0,1.7368201908959526,1.7488364172323831,1.1869348366127532,2.213425523929824,0.9953981905890413,2.114436759584009,1.465300983000081,3.944570694255605,0.16752750817269044,3.0752141980286,1.7704608079356092,4.584486687219434,0.36031919251458555,1.5892816639342326,10.0,0.9517362299245243,1.7970812654463624,0.46815982105578313,2.270292577136777,0.4957730875327399,2.301720295115674,1.3819100976795473,3.737900624701493,0.06379816071908448,3.1555466688608234,3.7307468480003796,4.44106807397391,0.3223811765062843,2.0010951550329144,8.0,4.104172382430778,1.900380773749894,1.6673077315718354,2.1730743793137526,2.0242340738261766,1.8024848663669033,3.633985616162205,3.893554848596492,0.36236524052485203,3.196697136305069,4.2655286192019135,4.44490801847788,0.3168411425983765,2.0147983080132756,9.0,6.311921591755187,1.786290409569521,2.541935629602378,2.2706029490610913,4.993976865267765,2.254324675666464,4.989928502794934,3.7635966393887617,0.745924423254515,3.2357031961098737,4.68055575695073,4.496409085164551,0.39912603874173413,1.7675103014219173,6.0,8.261758798403548,1.724102871873321,2.0621626993531663,2.0541211384221896,2.0712407703996467,2.2265114177979406,6.996164727923192,3.9662905000853224,1.396602791313682,3.0963343222081523
P27,shape_sorter_interaction,1,shape_sorter_interaction_s1_15.000,15.0,17.0,False,5.8005357813529095,3.8105450285573634,0.25293635466370384,2.4225204629037864,4.0,16.278080976471525,1.8993378069456304,6.77902914162838,1.8310230942674337,1.8248915676863142,2.2205578958665173,4.401175272447498,3.9099147265051157,0.9961360138776517,2.816563298352996,2.715053081386885,4.562588755196666,0.35070699127900484,1.9817535430863202,7.0,1.9590470838292602,1.7438156567422711,1.2160294208025564,2.090954691385279,0.9574217834802503,2.2759266099996998,1.3297669861466208,3.9043667301127805,0.5889860035241957,3.14868953755301,4.278856161737504,3.327562324861838,0.22780937426897035,2.7772150260511306,3.0,12.23474042391651,1.59125140799656,1.9479668728310948,2.055166161818823,1.1092848550497314,2.272203552447322,2.2183600367313234,3.9792830173275067,0.4905217180287822,2.9140111660490438,2.4854363028307116,4.499853070963558,0.2936953349183379,2.114332938692754,7.0,1.2239017974356892,1.650478166008477,0.6225817808815653,2.23984070327781,0.33548568229424597,2.0770865308660884,1.528808625364196,4.074682328887032,0.13731567901928396,3.059140499964874,2.0932392864632923,3.9019166898799775,0.29797204065306554,1.9656948887893795,4.0,2.4493998401889456,1.7871323607519334,0.5422996397435913,2.2492475448047244,0.3043249041764016,2.2696802056983603,0.8493786855582216,4.05738873607956,0.09374632026285523,3.312224996193683,4.120074123722737,4.066166718810485,0.2911973591562387,2.198897101497465,4.0,7.2206064073906076,1.7249789384561482,1.9365447725873564,2.2804538104579146,0.7922935551638035,1.9950885164958392,3.864290216614603,4.074947768162922,0.5294677357580808,2.7805259808629676,4.68562751061727,4.165456071780917,0.27765454206341306,2.3514492455592033,4.0,8.031594806547965,1.7708332835208735,3.408583417475536,2.2237056149433045,2.0773507726978253,2.2357151069130667,2.956615487195042,3.9879321733872013,0.8671080806183384,2.8627331704787036,4.690495292547568,4.44964288285224,0.3753779069159002,1.9524202992652626,5.0,8.549719532014096,1.8312550007120632,3.6076750172618883,1.6692714844180498,1.4588208099420878,2.2796849998836923,5.479120450231502,4.086093828756673,2.1290474419193424,3.01601453094721
P27,shape_sorter_interaction,1,shape_sorter_interaction_s1_16.000,16.0,18.0,False,6.838351891940172,3.8124477197694526,0.22408763290366146,2.4749258355428094,5.0,19.721731609252604,1.7912826038978023,19.475276479919426,2.1522070422106028,5.943816407497615,2.2150646794263134,5.468133795352256,3.4633111101384535,0.5409854673625732,2.9315450099391436,3.0355542536706213,4.495549011556528,0.3187675144485897,2.035763946137093,7.0,2.708923385125424,1.8369831088587514,2.9944468178690036,2.28250853354183,1.4230353892248546,2.233625295994617,2.1003909998257826,4.034821070700054,0.3895351363509501,3.256011090201758,3.563547619235043,4.111040349758338,0.26561843169986105,2.32987942214479,6.0,4.0299795842989745,1.8646543204391208,4.390675596469798,2.2857216550747603,2.0870404331337036,2.2023243568317836,1.603039528469635,3.516586067615104,0.3236564107807411,3.3135467549124367,2.5990042595339053,4.3164190611461315,0.31689353539985327,1.8215389611774286,8.0,1.951622830184574,1.7502193939464723,1.3816390186920824,2.2806611030760093,1.679113425797405,2.3179115346212367,1.6891860979569273,3.591144029138998,0.11644259639873583,3.0463713736616604,2.849320543530431,3.8419933689443924,0.22969141887871447,2.3005214028432635,4.0,3.9949740362846042,1.9181395326332256,1.706338703136248,2.088940395630868,0.7684340705442598,2.1852176819102693,1.32243314719253,3.571875379429634,0.05997053920298315,3.294049108389856,4.295377802448336,4.353218513447862,0.3003884636141203,1.9781271857923075,8.0,3.9684861393912327,1.8601771562384533,5.597436555882134,2.275625221301359,4.022254388769599,2.204027483613528,3.5709498056699363,3.6944556462321523,0.3332054225415852,3.135588925601413,4.465885020012501,4.1950549120787395,0.29060409255824543,2.155272647629391,7.0,4.71926704927338,1.9007378338542609,9.046809891742647,2.293722113389441,5.211493241763726,2.2461608939229953,2.9782386842648134,3.6694230835724264,0.5001281518327682,3.186656609948887,4.800890996623901,4.618221786894581,0.39305463479078484,1.7811268004949323,7.0,6.013710382508376,1.8842904373086942,6.961447126187387,2.1387675283821186,1.9013584976027154,2.2330018684572406,5.889099787454039,4.006689627902646,1.5586588956648475,3.149194624160029
P27,shape_sorter_interaction,1,shape_sorter_interaction_s1_17.000,17.0,19.0,False,8.358877376682754,3.8016632563764716,0.19708554335473946,2.7170907710120793,4.0,32.618531977392756,1.9519526829960356,19.948474687291025,2.095325229106956,6.355894282010681,2.2395793929588486,7.703430487451185,3.9455124193175193,0.377320684277685,3.2762543425148554,3.1574272631029427,4.19472476089516,0.29593925257701276,2.1281933403343762,4.0,3.787493189952996,1.688798987323564,1.135159362649008,2.264970691601996,0.7890521392164647,2.250857521708796,2.365739157713994,3.954065730024739,0.18625419604527096,3.342308711863578,3.031696937120173,4.316842679494183,0.30803547962237143,1.963685742241702,7.0,2.8420415563741503,1.5848746263638605,1.1774624304131758,2.188520895769796,1.7899061165787216,2.288946744838379,2.0011913435233746,4.0007695493370665,0.19722251909451677,3.154817827364659,2.692972780078664,4.444913510148364,0.30973028621807247,1.9050111318282112,9.0,1.9790240729176354,1.6754388932066329,1.040747660969775,1.97571910270903,1.743319997208753,2.2407212493693445,1.9168295328647271,3.974462611153823,0.2550563585548506,3.108185277983476,2.752888911394086,4.189766598349517,0.23690567206226895,2.336098602299098,6.0,2.311765055623225,1.9365101404947138,1.473856872455954,2.0614689151966945,1.1494941941167292,2.246685386742014,1.2599532494441967,3.564865309541934,0.0945359931909291,3.058901941687207,4.957978259485138,4.274550234076677,0.2768654717744057,2.0580233671351125,8.0,7.524143263430236,1.8903723035322098,4.37184938841447,2.139178442497567,5.443831891453344,2.077511629079637,4.101308605209356,3.910219733678976,0.5531175421634804,2.9597453096625124,4.463839226998878,4.450592925861144,0.2864610850436356,2.1860255958524712,7.0,5.943932200169191,1.9618671904934006,4.934285213661378,2.287145248260151,4.86457744468935,2.274735262379897,3.770835499934864,3.9385927552093656,0.5742653563811614,3.254026073576165,5.4178329672000825,4.601987603135506,0.37113545278428356,1.805995591159191,7.0,8.799228055927399,1.809822868964142,4.146330650069847,2.1752550328015756,2.068502322881438,1.9772826897645843,10.610125152932927,4.09215145322657,1.0439985016121676,3.003580753557249
P27,shape_sorter_interaction,1,shape_sorter_interaction_s1_18.000,18.0,20.0,False,7.529978400907583,3.4670427853792587,0.2037157137840531,2.8146134906884144,3.0,30.911234284387334,1.8807028313755483,8.043190173061415,2.1431714897237195,5.041064173600062,2.2228682441012193,4.349171756808786,3.9621657371428234,0.5217100100799701,3.119524977541163,2.723564673505873,3.889590297915594,0.2983352161734395,2.2294503325595105,3.0,2.8073758767712533,1.4386737613720821,1.0560180221081699,2.2310485183511375,0.6900701576750106,2.112298574765007,1.3461162160696676,3.798523371275186,0.17839519906772555,3.228653994509493,3.114932242619247,4.215288617897824,0.3039634168069564,2.002775451115733,5.0,3.098115438307311,1.7490053007577078,0.6252812238508295,2.1184188122302077,1.5353687059739425,2.2068183226557,1.882789797464828,3.9981858572016225,0.1569998418960907,3.020841059958875,2.5385241483868324,4.037875086487223,0.301403318872807,2.1141781155670714,5.0,2.5805965919355485,1.6124439129560306,0.8892974980359228,1.817245963837739,1.3483754180119414,2.0454961128588036,1.1869581506755478,4.06700982288568,0.14059909544622448,2.9806298156209645,2.1977531041103866,3.7320718864524287,0.24869552627292024,2.5081962319161275,3.0,2.134155786865646,1.4932878169213175,0.921346900206207,2.302002935691207,0.8878618248230675,2.271511625983639,0.6264988867738525,3.864487481502379,0.08758363122695768,3.294323833393623,4.611152002767091,3.9967349779651427,0.2674294289495756,2.177429650706778,6.0,8.809038070525135,1.7259216892467775,2.7211206293907226,1.8385372248376548,5.305508042140857,2.1760394960877454,3.8331062588959655,3.685423412477303,0.2950282076948128,3.030228409972317,4.17042381255482,4.019806415110859,0.28653754542631776,2.2471388511063703,4.0,6.25573065711157,1.7696939266163962,2.7173410183061386,2.238803476480731,2.6779670423080106,2.0961617232045193,1.9765712692109059,4.021693797693634,0.376258323601963,3.240256819825054,4.933149827764913,4.256015963956315,0.3561383116844124,1.958651345358265,4.0,8.78355567438962,1.8127950304310028,3.1721466616614142,2.1911188716491576,1.5326441110934779,2.019409753442476,4.802072154294654,4.0501039444360485,0.9632405051360969,3.1499025051655463
P27,shape_sorter_interaction,1,shape_sorter_interaction_s1_19.000,19.0,21.0,False,5.022525738124223,4.324356966790856,0.27027874746234976,2.1328027643079324,8.0,3.5855109792839785,1.8743568081987865,7.400229589681808,2.23938201304233,5.5316413547086905,2.1561016655372933,3.4781043465049786,3.621903217286153,0.4739904776311289,2.9859038569828957,2.245701962661013,4.586905091323556,0.3456464534649618,1.9524296368210041,9.0,0.9170199160936767,1.5835445545290163,1.3551702209195993,2.002979322169552,0.8204005075259982,2.126002432764336,1.3873309034211145,3.7404163785850773,0.2382840534634037,3.341677986971991,2.855659423928737,4.189227494551883,0.2940729678266732,2.0314123899830543,4.0,3.182365376814764,1.7994003654992632,1.250895011273065,2.196158894065872,0.8200637071269887,2.1927174763974326,1.8900865309054045,3.890364535859792,0.1743172305686639,3.2002018563183463,2.1661562366807354,4.380576737839281,0.3304890196735598,1.8894257584528305,7.0,1.7120569590322088,1.8415423619235032,0.8440066706113414,2.280399914917498,0.863404622951304,2.1780376725249657,1.325767236879704,3.583995060224687,0.13944867539302583,3.162465421660954,2.158948802585853,3.8919710879944476,0.24696324837949862,2.5103517655385756,3.0,1.2682288473885472,1.371926152910005,0.40496004782000555,2.245751068302306,0.39949665407814994,2.233395847833836,0.8281219403339203,3.8458000349394,0.07640841664994806,3.2176150470594975,3.225171720580333,4.560626101315867,0.3201175666381065,1.980664270185225,7.0,3.1513325221806188,1.9473745930959885,1.875544897511575,2.256278196948062,1.537434594442248,2.213737590420297,2.4594913765656656,3.9990799864937467,0.22454666581874644,3.3035451895673464,3.1973009955927836,4.7105463194574355,0.34734971954122446,1.9568368255526196,8.0,2.241574952826806,1.978955251354812,2.4850246216687295,2.252631965348982,1.869412579905319,2.2527286020648987,2.417004786548403,3.8366816685479392,0.4783014385197221,3.3855298176974005,3.9280738197357246,4.680519865079913,0.38547534608645223,1.7939132202160804,9.0,3.3399917370678645,1.8720961792021311,3.4757225182995586,1.9739144790082404,2.7481803201165507,2.209439791467898,4.1217757430925195,3.6891502404324146,0.8907674935004011,3.33760963515642
P27,shape_sorter_interaction,1,shape_sorter_interaction_s1_20.000,20.0,22.0,False,5.8191119870871,3.986609648888611,0.24894847202558854,2.319001035734222,5.0,16.06208399230481,1.8221967770790157,10.472938766693304,2.2934277471061932,3.9933712463828126,2.168756711829513,5.004478958587076,4.020963903220063,0.38270105602798726,3.0271318735083175,2.339714895122424,4.8010793152838325,0.3449494045274704,1.8991786164210194,10.0,0.9139687197978921,1.879793437815048,1.2058064996421407,2.236555663891037,1.006987722191747,2.2923007752523623,1.725467334240664,3.958783053015387,0.17439846592280572,3.316326190889049,3.0667898377143743,4.223786120564642,0.2794957685814234,2.1341605996501767,5.0,3.526854073894447,1.9414190239897258,1.6481074617075313,1.9841597701505618,1.1785812136717526,2.0960140605095914,2.072076205952561,3.682754661091783,0.1806350325263283,3.320866331696869,2.2730923008371264,4.214907611759893,0.32308147993599207,1.8581718373113925,5.0,1.6426916681663184,1.6591567281180486,0.4401718436623647,2.0357882066051696,0.4766547939761999,2.1881446904059167,1.226003540415937,3.8106168212681677,0.098660956738673,3.191511531467979,2.167321893659596,3.945689751075011,0.28711108076233777,1.9929242212359808,4.0,2.5907958076140405,1.913619865316927,0.45736183460296825,1.8093676909481242,0.26380894310494374,2.251873710001516,1.2631453245590893,3.8195337108085767,0.09216049594427056,3.210105397562177,3.8529953016088503,4.356657706606851,0.2865869421132425,2.1761290329511214,6.0,4.796212703917649,1.8980647351255977,2.522969498546448,2.2313692169080337,1.4406408726327284,2.2021850156373746,2.830959861247045,3.9878337496139977,0.3326276496110993,3.2393124512801603,3.6725321606983528,4.338605971146997,0.3090252813977252,2.170683420825126,5.0,4.8958935422211205,1.938159477945764,3.0547370784011325,2.1346948494359927,1.3109179145277965,2.2498752931233774,2.7082471546447264,3.785997659168833,0.3380345558151852,3.323838703683444,4.001101192523564,4.769044136353372,0.37694330708745294,1.8020053479271911,9.0,3.152608937286493,1.8579159992532919,3.8148280215343804,2.111668330158607,2.1663158547594015,2.1960398762806834,4.5733773877112895,3.9333065701764838,0.7747573618060503,3.27841337945392
P27,shape_sorter_interaction,1,shape_sorter_interaction_s1_21.000,21.0,23.0,False,5.911798306704353,3.933833098721139,0.24685981033229265,2.393500678983809,4.0,12.678607748209497,1.7572705635896952,4.984419525073752,2.294182713329031,1.291404365908812,2.106956528476869,4.237087794579265,3.961555350582927,0.5872560076003551,3.1746761033259205,2.3171672507269907,4.779326044148621,0.37030287226299824,1.7581808711798717,10.0,0.9514717179467216,1.7337662629176704,1.0205030280616392,2.2403429912374873,1.0570649037334752,2.289414577013388,1.8552731765528934,3.987733863326138,0.263339839045797,3.229308458445584,3.343546346941803,4.137733965638235,0.27447373763325267,2.09814072620996,5.0,4.87996147398984,1.7832232300009847,2.3430087363049776,2.269677120515031,1.3309886539619609,2.1174822183939566,2.274320547917886,3.8214022102675504,0.2348679910308906,3.299687711100783,2.473044238082373,4.213780806772312,0.29209899028033165,2.079952209927676,6.0,2.708311815537402,1.7964901507579059,1.2361907386818853,2.271176338155113,0.8698496093216577,2.1869141924049025,1.473904139441456,3.791039614293082,0.13607326132067887,3.3421132223919776,2.0177259806196055,3.7063407089196034,0.2839734678145463,2.0207466546492427,3.0,1.8797454528668094,1.6874777814495556,0.42290381433361074,2.1023972588976925,0.20288485716963792,2.2071999945917042,0.6502193259342792,4.008239832427499,0.05503178365776081,2.9577018236853103,4.713913867114082,3.732058845462994,0.2503624751167695,2.4651122518718402,4.0,11.32049977502956,1.7638435127391974,3.0424125145337277,2.215331066565737,1.6398428212744212,2.2906783872243777,2.5364775180090953,4.023503819878415,0.5298348796598082,3.16135571252917,3.820190842016779,4.454343343318733,0.302924873499603,2.1695160534275337,6.0,4.74433397301451,1.8765581381544854,3.3964518965374797,2.314619291451975,1.4289892158224324,2.1339461312877566,3.0570981015121212,3.9138874983175014,0.5963333915529974,3.271941260927686,3.836362428792258,4.847547142534812,0.3911539286706625,1.81237785461065,9.0,3.9878442211691225,1.8759195633622396,2.818239048512052,2.2742905804494766,1.6359031084994156,2.1988872531979404,5.374781008272601,4.019767329332134,1.0239362258413167,3.1661219339039492
P27,shape_sorter_interaction,1,shape_sorter_interaction_s1_22.000,22.0,24.0,False,5.077965566070702,4.082200357735384,0.2889790440149752,2.111868931200218,5.0,12.170597245248667,1.7800454479771557,9.383506221129046,2.2356785989878794,4.203388621485187,2.0379722044799395,4.984091538003189,3.852641718318849,0.5498702775249991,3.2488360400214766,2.4673467651469982,4.611890251852956,0.3910228459639773,1.6595139319745587,14.0,1.408580295544546,1.4241004143885738,0.29952983840856134,2.2382518002096035,0.4441449964302471,2.2374246693708852,2.8378787666816025,3.84181610280472,0.36915120424766673,3.2163732200843267,3.301569972475671,4.027430857730495,0.2684270526656284,2.1129479454887052,5.0,5.155119071468752,1.7298768340985,1.6486410963596208,2.173629470002735,1.3913622687563958,2.2513829003047707,2.3945912981195834,3.8483811520887294,0.13189761117800225,3.0096645122643144,2.5969606440874817,4.037561164394246,0.27692554314466006,2.131813164990106,4.0,3.4346238768566835,1.719138592034196,1.2084411917836668,2.2533880707903258,0.8715301266292215,2.279761575057295,1.281027001364698,4.027183784371448,0.14206401817521777,3.2994403626057474,1.9321706013660656,4.3683323735937,0.32074758368062584,1.8478491032756441,6.0,1.1437038140891351,1.6786923587530893,0.6819566406602998,2.1670257873891474,0.2317912348350477,2.230930940070377,1.2286903494900643,3.8109915170424205,0.07794759525379788,3.2084640845989973,4.498425402880401,3.6593226421575626,0.24958800305007459,2.433685832139145,4.0,14.29807436097177,1.7242943830044961,3.6858051388750006,2.2106102450150624,2.234736999275907,2.2734900655751833,3.1027415603314474,3.951619631641889,0.47106346783343944,3.2052982955029226,3.5367144764296006,4.382761818484145,0.3283373643169457,1.9701522516056538,7.0,5.111896569187966,1.9078686421278919,2.905337009841376,2.103928950830432,2.107340800398868,1.886873653751211,3.2911440784189936,3.9074070250540385,0.439710118560529,3.0838840511570518,4.20863682592698,4.783136184182689,0.39185676519512136,1.7844240727409382,9.0,5.042365163821865,1.9069736289511494,1.9945442336208874,2.217910106125545,1.3885568204963554,2.2193717705269975,5.457028774962175,3.9707341754827556,1.2873507786898393,3.2426101900202235
P27,shape_sorter_interaction,1,shape_sorter_interaction_s1_23.000,23.0,25.0,False,5.55714066175052,4.156732387408944,0.2823993017686387,2.1285351532407395,5.0,14.760491208515923,1.9512919545693657,7.82595072049258,1.9725159426460883,3.3144528250206022,2.2123367076619256,7.14714133178538,3.8377005552533743,0.7413624874561834,3.11324535930024,2.8015392879279797,4.597353522517074,0.36269802349288033,1.6952676139564793,11.0,2.5660385539761705,1.8400259795187806,0.6063761102013097,2.1026709337704963,0.8675386426336488,2.068222947649689,3.304701728879996,3.811684075860208,0.3001435811903178,3.310569008813217,3.413444164285149,3.9173172405676118,0.2695593213169108,2.1821849869064462,4.0,5.890739537178263,1.793603906355981,1.42820678523664,2.1199731146231917,0.9657302058675659,2.2307859168519295,2.37043009829934,3.7754390479285607,0.15489550679708408,3.213913555821764,2.534888526867714,4.349142702078951,0.2923413524380658,1.9698229815085737,6.0,1.805990764853893,1.755262173478627,1.140545043053162,2.1236508922202475,0.33278642416988125,2.2346243856128845,1.4003779401098677,3.9012674251222097,0.13095771580141682,3.119085165951393,2.403441767379727,4.299493148693402,0.31070346596356574,1.797506928233399,7.0,2.24131325333968,1.678581688796834,1.1735110974042229,2.0169209464799605,0.6913299106397662,2.156602222233871,2.3471096849232387,3.64087148345845,0.1090656199770189,3.0527683776672463,3.792000204676971,4.405201790487479,0.30037809648608793,1.9956135604506593,6.0,4.912865653438665,1.8699839755137497,2.2705354825840462,2.1654838864454717,1.5113991655282688,2.130417600457207,3.5627400829223386,3.8920761881322417,0.3348545856217385,3.1357459376647348,3.9728298639207136,4.009533605176161,0.2873202513475849,2.2301250004835316,4.0,7.528585739283779,1.8000525356696215,1.8729776652370274,1.8582976241666667,0.9723518056274647,2.1123509869089987,3.447487365548772,4.049155780090435,0.32301904397025,3.251182563335534,4.6235876320155755,4.288374947563631,0.3639302549371138,1.916121667679817,4.0,11.079275233322587,1.7658327632772441,1.7573876248850568,1.880071181522816,1.2193530412821463,2.1527253905539987,7.281224854396163,4.060177151659684,1.0754301733372946,3.3570312627804366
P27,shape_sorter_interaction,1,shape_sorter_interaction_s1_24.000,24.0,26.0,False,5.600806779494882,4.3529532076563555,0.2841226653509899,2.072369288553472,7.0,10.06838668569802,1.8885055168418567,7.278287135490182,2.2187847874175364,4.100105398656506,2.241104757518517,8.184661520456162,3.675649506429422,0.42416213511196654,3.198973930820377,2.9459678454377705,4.5382141197064145,0.33529481869636324,1.8225792275937898,9.0,3.2442063222023583,1.818931903612071,1.5773458136937957,2.2457996005231906,1.4574360180776145,2.240197168364585,3.6830599482530144,3.770012294195766,0.2087595602561065,3.1852102472697776,3.2933059980617125,4.284022354993806,0.28241979721204913,2.105582869868859,6.0,4.225732374689867,1.8100484236235814,1.4534469026380754,2.158719485279986,1.3877181697299665,2.235314610831185,2.994785792086883,3.711328702251939,0.17673017590168638,3.2299211955249962,2.527674290157016,4.406684965115892,0.32369811980090507,1.7326974964546362,9.0,2.5157013389700804,1.8004406425164752,0.8594487738674764,2.1407868904379903,0.6017590528924576,2.2497679795420495,2.9085763353761105,3.6849102279356103,0.18083214146251236,2.9844834084656706,2.361179159034727,4.27828664693888,0.29476790725836893,1.8733383744140326,6.0,1.999343844425488,1.8371606512180418,0.6941299147535741,2.1909750133367836,0.5476109596918514,2.0552232460919764,1.8799011816481144,3.6027633329060764,0.09117962301116403,2.9333654170104073,3.8669900965872994,4.632203217055143,0.3394347005284385,1.7601025709225693,10.0,3.3744722185587497,1.8717561259431577,2.8560257520842685,2.109765191987639,2.0946638072550137,2.265158585155479,5.558664803162776,3.771027465268005,0.4354581929000075,3.2044550804134513,4.160073696024399,4.137824520061945,0.3005292958728442,2.0992488636536346,5.0,9.648090304388147,1.6684204998649517,3.105807944316873,2.2861815228237643,1.8980423540967375,2.2970088860035793,5.234925750276157,3.9048229878878282,0.33819755201580654,3.1518943400570723,4.561589827951795,4.776438004542802,0.36396130649951863,1.8956745847367031,11.0,5.118522137757608,1.7431035201522989,3.0238786711196726,2.2647550650365313,1.6989624040147624,2.1165325848889287,7.395292770796094,3.9462749999497997,0.7916644423676805,3.14409714052467
P27,shape_sorter_interaction,1,shape_sorter_interaction_s1_25.000,25.0,27.0,False,4.87407273981519,4.389259480806653,0.32150408477600595,1.979518338358701,7.0,4.158685325628299,1.8837843558926823,10.503825093097072,2.2254954562253464,3.2798325779926802,2.016406753066409,5.006509628877084,4.092300904478468,0.8887377977187071,3.073930963142686,3.0557446061645694,4.188899002520653,0.30884806124993447,2.091663980138318,4.0,3.522103719864937,1.8450127220392003,0.9700186471023067,2.0532124283832562,1.2159950521475673,2.1356162389954294,1.93228395220831,3.77597264108289,0.2642884004180515,3.215716789273177,2.9549848383414465,4.352717993532793,0.3051193139578358,1.9875717489495797,7.0,3.486462681763988,1.76357879985047,1.8998260101361941,2.27114840852647,1.8146297394634803,2.1725780486205424,1.9925877293870953,3.9920237329765746,0.2378730376501655,3.31051900994013,2.3973129772543014,4.5906279820639915,0.32633226778150914,1.8058933410937765,9.0,0.9053684236002739,1.878259407603214,1.173346001418813,1.8901466328037224,0.7312747460353587,1.5628421377063422,1.7358543094894299,3.8871557989006136,0.20259346294219652,3.1024064427624984,1.7881233117375757,4.305225807920357,0.32628141899762164,1.8018901674576222,6.0,1.0682336075581802,1.6320255494404745,0.8758469137223075,2.220757626646582,0.25601217121070025,2.1551124438221505,0.9970241603454633,4.055951569844381,0.05566621568887362,2.9432195808413057,3.877189245219785,4.479913266524127,0.3316737888876957,1.8504137625604928,8.0,3.4051838733600506,1.9432726627678172,4.004049777454853,2.024616123544413,2.582373643940719,1.8553017093796769,3.71377793944181,3.839617388367435,0.5072648672195496,3.2282650297770155,3.9143419886355826,4.689694297492905,0.3413442544931495,1.896534771937134,8.0,4.396790521740124,1.8771444278147154,3.5606820546848406,2.234863242163233,2.69649011451916,2.1630622555208747,4.455390716404067,4.0939447569264225,0.6159822799135112,3.036794254124664,4.5562461279769995,4.815314642995749,0.3856835027553118,1.7679479757197465,9.0,4.493496377092995,1.9695712683595386,4.979623906139921,2.2226843450783,3.570534321324043,2.160971959791448,6.489725348683905,3.99209747109433,0.9699516070331986,3.227497516678594
P27,shape_sorter_interaction,1,shape_sorter_interaction_s1_26.000,26.0,28.0,False,5.017478897268813,4.1458207859775715,0.287499275296215,2.1928965770070232,7.0,3.695096699920368,1.971463243578646,11.43035894094272,2.242665044528983,3.711829745442052,1.915515617285569,2.7877932272124344,3.920024150716756,1.136581201594993,2.9266257128386894,2.7187420843856542,4.266362625674378,0.3184332365070928,2.1260885979261834,4.0,2.677572066536838,1.6810954768286372,0.889271839923996,2.2253119129531655,1.1291737373777053,2.208600489766773,1.4415372851987402,4.109356915182086,0.3599489128832884,3.037275729787059,2.636042530235705,4.389730100722953,0.31792678365988486,2.008362635081773,7.0,2.3496394578856052,1.6947390194142753,1.011433048992458,2.2233692860118484,0.8602358994842383,2.2747979835768493,1.3564178688804576,3.979433840902211,0.256080335906068,3.008400782171792,2.1555024716266997,4.6291911313620995,0.3268140661077771,2.054336502623303,7.0,0.870636882928398,1.9926182385614744,1.0220976957904289,2.0484305358143047,0.29657938724962474,2.1675730106470636,1.0742271172221811,3.9305738783596618,0.18508017627515597,3.3011646089916753,2.3001894688209803,3.883532393799564,0.24645576717139375,2.3273822460188605,4.0,2.4272093481457246,1.754061609715731,1.34523685909175,2.144581428169164,0.23421913026646482,2.1019126970874336,0.9017084681009248,3.9491464762647293,0.08677148324353696,3.1288911358940172,3.8689263258133715,4.273109199802226,0.28678383773942157,2.2528080644569166,5.0,5.137708484277877,1.9411938562898061,3.3281715418072757,2.2535228410575754,1.1235534520500075,2.1337772007963043,2.29139341458925,4.112871117097025,0.4429233101722656,3.2795868847048477,3.557254572454716,4.565432991187885,0.3551713703075916,1.897348569368547,8.0,3.7346380955408156,1.9189271036797808,3.069050743018208,2.290605316505345,2.542324917670773,2.1860923894909954,2.3457236860111403,3.998136407031657,0.8081937230544358,2.957968898162734,4.174162325291724,4.740944097330769,0.3803768411055524,1.8215707181690335,8.0,3.5334921607258027,1.81349717647211,4.255251229576268,2.1881093224968335,2.5158192772162393,2.2198908275342104,4.522448233471548,3.9300825129490136,0.9344159322438887,2.896597234061456
P27,shape_sorter_interaction,1,shape_sorter_interaction_s1_27.000,27.0,29.0,False,5.860996723537184,4.1817307800599295,0.33356279831753766,2.015908603979218,6.0,8.572162176676605,1.932896088376656,8.94662855226748,2.0664793322693655,2.286176451095812,2.1607903018152506,4.064845129233068,4.090537229852472,0.6731604328300753,3.0408334722760095,3.686757516654272,4.092771236396579,0.3454863087933983,2.0608625142098123,4.0,3.521926683325032,1.7869221769229042,1.8358542325033358,2.1142342803785055,0.6548680165993273,2.2810157197427876,1.7692205572942086,3.811793794427553,0.3625891886840282,3.238694456504351,3.843815521331649,4.213949365173264,0.3666665176836267,1.868330283316245,6.0,3.963593684687571,1.6680616494219305,2.4130154796449816,2.0749678452466322,0.5580361710944851,2.0605030915728717,2.161262638529934,4.054221447376158,0.36727509750871395,3.163636405702075,2.9014609424954667,4.405656849832915,0.41350432568272355,1.8255650160882475,5.0,2.4830110191985835,1.9458967376435248,0.9294429925055774,1.9026814356684927,0.3075198305650122,1.8741796277512017,1.9257203136384529,3.706382648814311,0.3447965650098653,3.276278334013143,3.0102994977040503,3.8663876137293616,0.2408445575316913,2.162249296322439,4.0,3.0215084739117204,1.7745621787292858,1.932525586432134,2.0080026485174622,0.42500573097939776,2.2574098508202116,1.0924114830318583,3.895243732640779,0.08501944896743557,3.2509350703401063,5.766291737098342,4.099496004472312,0.35309555040295426,1.808968074205388,5.0,9.501573059836087,1.795760853710469,5.286576920664665,1.7241033009530378,1.5532626581586018,2.2251246336341963,5.438317039642585,3.8633944686744917,0.5793030238228758,2.5858019028153874,6.7255191350782955,4.64505929353998,0.35796405266475945,2.122059190191022,7.0,5.052338022070146,1.7969123371838855,3.1995998360133844,2.1166698902352774,1.75510765587819,2.0948382212258565,3.779058894023135,3.9867542847875863,1.1112788552631712,3.2766433956449488,6.582792568585247,4.689022804849483,0.38743190512197373,1.7978962431268088,8.0,6.598989285857097,1.8160540505106235,4.695820691967922,2.232256573372684,1.4850288472959507,1.8373078523756912,7.818029422116449,3.990800542197364,1.4914763625668024,3.207972232928879
P27,shape_sorter_interaction,1,shape_sorter_interaction_s1_28.000,28.0,30.0,False,7.274864588818909,3.9652269372628997,0.2886401208449453,2.3116737371737903,4.0,20.96187664327401,1.7465664980512758,8.803586910827825,2.046323905090591,4.884917237253803,1.9332162249586655,7.984089725605732,4.01258655903006,1.6698489493065432,3.2670949711065447,6.060249934894662,2.9903508928217355,0.23285674829824096,2.93260156935788,2.0,24.6589928813825,1.3546784686983337,3.1650270113164405,2.1767504876269643,1.5699529656372304,2.267839729145181,4.31435360936406,3.7526429441506113,0.9020946476434253,3.336767002222029,5.081725600573014,3.9165716402703974,0.2882483790479355,2.3437009350183566,3.0,13.893153179694757,1.7199424478980385,2.9509306917593747,2.101314162170147,1.714944598537097,2.259971077011376,4.592812662023968,4.010201816218128,0.881114188444938,3.3394582457772226,3.7506658161576465,4.054612113900295,0.3296006620947792,2.2566124303426722,3.0,6.643181954390315,1.7557592186018551,1.867470127755598,2.1508142596700575,0.6516743890132184,2.1476418195844516,2.6975610707403677,4.011083267148059,0.6151059007437483,3.279165878184428,3.1086703112991882,4.051159340577425,0.24766045172015336,2.112491100930605,6.0,3.7386310881889733,1.917388685613341,3.6553105726207096,2.117936168971016,1.7213763772930206,2.1344625808392648,1.6185577065855161,3.666951891239333,0.1134962178169773,3.0721457552113844,6.588823699178288,4.432282974272576,0.3197495622857671,1.9680363299360102,6.0,15.624980759497127,1.995589530282544,9.238401516568192,1.9453835374720998,5.874651240928532,2.045181311363934,11.490190769688466,4.017114778940825,1.0152357232821854,2.6135144359555955,9.041293527963399,3.6458969682256894,0.2769247095731459,2.7069505864658554,3.0,45.93447593715683,1.76483950420515,16.17359673494348,1.9907233237801403,4.872865638908841,2.2215714129514232,9.227160135951017,3.9878989521094352,2.75765821279559,3.3487823699882555,8.095433900762485,4.204743300477337,0.34831996499784584,1.9974222597717854,4.0,33.12690324524163,1.8685780213716354,10.131675578766238,2.1991969324793903,2.535008005829276,1.946406501357928,16.611742131887535,3.856946216399516,4.0271778566646,3.35173978988062
P27,shape_sorter_interaction,1,shape_sorter_interaction_s1_29.000,29.0,31.0,False,7.899633883639592,3.6558734495657847,0.24276246944895397,2.5578090007255634,3.0,24.5741831738464,1.6466424933241341,8.221564451209872,2.2531818363988023,4.503786624683351,2.1736339207659743,6.595300133915233,4.102054629945213,1.0672461287820012,2.880381738868393,5.953570687301212,2.9178865502782836,0.19690543484945677,3.247471822652688,2.0,16.34248120694049,1.2364644926613584,1.8651010765451357,2.1910236803258343,1.1265872048646655,2.2517883179382574,3.111363643021776,3.831296840157556,0.4459639106128619,3.16166057883435,4.383348100931758,3.4033013188373755,0.23371712940671285,2.7867626837403674,3.0,9.667137870157486,1.791382370624416,1.8364173770560257,2.1122135950144343,0.9008470028314006,2.2270170884763107,1.5009321799989757,4.010231215031179,0.2941252664417697,3.0420784962208915,3.5814740651218364,3.893546259472739,0.2613642164969098,2.551723871449889,3.0,3.238156462883489,1.44955167995548,1.1601972882662528,2.1856097167055117,0.45843555803762226,2.203791850064308,1.9335609076474083,4.097120498347197,0.19563920691046238,3.399718814760427,3.392459055621657,3.8655362762430285,0.22332591073171956,2.486428756819193,3.0,3.72975668818966,1.721616235319975,1.174901639900852,2.213343791292668,0.7013695185240933,2.0866991936461927,1.3805941167020441,3.918532451444062,0.17130366285475798,3.0781626771370716,5.249736451893509,4.02688240137531,0.2766986225861535,2.312593165469448,4.0,9.775241166185475,1.9961102305739868,4.493364081074839,1.745904396720552,0.8967622226278463,2.1189868837731187,4.164628953765992,4.05804544796403,0.41145097436949035,3.341352388112306,8.468265218662255,2.937643545091588,0.19683198286993495,3.395716062775361,2.0,38.71836782801374,1.595439465353931,6.490036751261392,2.221420845609842,3.703403120142793,2.073930480390777,3.5878978012645004,4.05043154524263,0.6601988186663036,3.192029709634809,6.713475884437392,4.070601462201242,0.3194396160997298,2.252652276114202,3.0,15.098469941200406,1.6682817128661136,3.1600846616557554,2.0721532214943714,2.5955498819776808,2.1386043208375565,6.951037482060087,4.076062991341624,1.9928239391764615,3.298666860282085
P27,shape_sorter_interaction,1,shape_sorter_interaction_s1_30.000,30.0,32.0,False,9.267116181366548,3.425675938937373,0.214047532994005,2.9025592155678126,3.0,53.69556955797741,1.859332632116508,18.761886216641468,1.7744743608414069,5.5201163592269165,2.0377540346264276,7.815183902891675,4.038233423573812,1.7189988636729792,3.143860703676127,4.139214887920333,4.016184765716368,0.27435571539879544,2.4102563448864394,4.0,7.802970211720625,1.7169735063197664,3.6072263972322105,1.8480261026614784,0.5906185108032003,1.949999606807357,3.3880146530209982,3.901304374314533,0.7221868799555982,3.2380730892414267,3.610913504096147,4.5619221762112545,0.3203933102878635,2.090417580936122,6.0,4.19634284463723,1.98072062696745,1.9542477263177112,2.0836190244858157,1.0906571107248453,2.1385078113259293,2.9946693071548087,4.1533973791797445,0.6685443135222322,3.114062118023336,3.3120285808832786,4.214943718345238,0.32436931078251385,2.06991374796973,5.0,4.637350069092535,1.7229880448592954,1.9465288497083348,1.9847476247560492,1.4357962404962739,2.213517078364384,2.913052800912871,3.861879085035965,0.4122581136297002,3.2748261078806062,3.4357466240346333,3.3432286660821964,0.21681156213202993,2.611248133095351,3.0,8.639006536097131,1.7378427949308848,2.6289009064253506,2.174609254961587,0.8453841522219955,2.2476279435598085,1.1955292340056771,3.8896679347499927,0.12819348112908613,2.9972556436253264,5.299624376118846,4.900196718262661,0.38352510705430676,1.7529381248005818,11.0,4.695448999200036,1.930428297398352,4.345785600301758,2.245708383155365,5.103088625494142,2.175660198125958,10.356873964817975,3.98609323804945,1.605662711000077,3.1079703140449064,7.461036971183105,3.384824541092602,0.22803036380762892,3.022904330544605,3.0,35.40557578810319,1.7564160643663986,5.638849196024888,2.0009444468844464,4.613639748609339,1.9633688793266404,5.881632976466646,4.087989652227382,1.6865044009275962,3.276107554520631,6.326279379147308,3.666424226318792,0.29981519490297975,2.454914404117412,4.0,26.244343283017482,1.827749997228006,6.6290101409880275,1.8707383492466403,1.0201892398382997,1.9230398664809232,5.824647558375292,4.069200571461752,2.044875920647448,3.262454473243055
P27,shape_sorter_interaction,1,shape_sorter_interaction_s1_31.000,31.0,33.0,False,8.007153023780768,3.2117669403709783,0.20327687407155431,3.003729761019004,3.0,44.31812099192565,1.6638664230225189,8.213447176990448,2.0484886174024957,4.030589919806169,2.1356896465711026,6.229828273130499,4.095615326889136,0.7141236471496077,3.1079599618767486,3.5444559800472093,4.162770207935823,0.3197513194371899,1.978355463763677,4.0,5.581253207044527,1.561812564336776,1.2569554624294823,2.129666105529487,0.7205001296969863,2.2987120253806075,4.0915667422918025,4.011919320235472,0.40430006495439946,3.1061362088196343,3.2562541922752475,4.239365170816361,0.320017524689475,2.0412427877085433,5.0,5.417154361439722,1.89268565084949,2.127381836014546,1.8452876676440448,1.3044871177235604,2.2573756376997,3.039011952168314,4.003617334582943,0.35090233162498596,3.0732690429380294,3.146247283569875,4.540547364894262,0.3243811517315503,1.998971649386691,8.0,2.022721037154197,1.5961599165499574,1.6388148742310928,2.282786631858064,1.5242708618712435,2.2726653817113136,2.5358965722847793,3.926160019737992,0.2534412465046967,3.2378744138091657,2.591161144714584,4.444684341962092,0.2497778960239982,2.3229359974348616,7.0,1.2789017339393576,1.807400608761057,1.4045735113730775,2.204274584735835,0.5611934932050768,2.1851886440449144,1.342464778573224,3.7093945895736917,0.12549675443860353,3.2605621667839224,5.388493860336997,4.691797410941359,0.3938420918693124,1.655778191160713,11.0,8.433961488204151,1.7038510698042635,3.6811976305250793,2.2558697072604676,6.302653301391738,2.246628299537677,12.551063197013704,3.8134040757843417,1.442252533749335,3.028375835204698,5.653369990692425,3.4819680653786755,0.25444964931221997,2.6208548219889143,3.0,20.756722070454746,1.6253457713802766,3.432141439446246,2.1566341896014234,3.74134511584755,2.074044693069069,4.3632416144122725,4.160680922910891,0.6515669139440212,3.0513527643493434,5.67557255633434,3.5621259160952023,0.29965576616194595,2.3009050394066546,3.0,23.309210065279196,1.7230491087217286,1.8502796218228128,1.6293714460720443,1.2007400287402965,2.06228607904983,6.925052357265677,4.1782515117460335,0.9450859583144806,3.27311285356877
P27,shape_sorter_interaction,1,shape_sorter_interaction_s1_32.000,32.0,34.0,False,5.241667677790977,4.486799229959969,0.33547939510330793,1.813903964013686,8.0,7.989787311556395,1.7602720415858106,3.9419225025176803,2.2731520998356114,3.784988110357014,1.9836792843312385,8.665285436166599,3.995441524239369,0.5601661175017425,3.165659745464878,3.3709343670768264,4.579671198052364,0.3792496535969371,1.524891307517371,7.0,2.462231726380467,1.834197569424219,1.836496347717819,2.313135207379567,1.0009880605161865,2.1982848453571364,2.920681455347455,3.881961585990378,0.27443740547689793,3.260601969527239,2.904377089900272,4.188130229500336,0.3104937351749903,1.994693027412282,4.0,4.329162650566277,1.945480858340125,1.5328933831060298,2.0943129650108037,0.8581692503393015,2.268527334087533,2.034002522434494,3.9859878598365435,0.22986349825275476,3.266933173632921,2.8100149798639182,4.5705771341557,0.35814318354043645,1.653992745103535,9.0,2.4054120610571523,1.892905042863835,1.2554779227848358,2.1782577968224954,1.2233325733911897,2.2728387271054333,2.719919227879174,3.8066432758330557,0.1989119192910757,3.271965783423553,2.3047529701697087,4.174432513435905,0.2885070450986117,1.9917818478555271,5.0,1.8831616455437203,1.8955286485875076,0.5774865586521587,1.9809263045735888,0.6458641669236567,2.1033142738510087,1.1643833329676219,3.758891505881635,0.10739998648626041,3.2759221030695596,4.373952339630449,4.614034095402844,0.38440775512291886,1.6068587897136173,7.0,5.36229370949283,1.8370642338316294,2.890152145777619,2.1069251848159842,1.817792495378776,2.1302139121545176,5.738910457842534,3.946861593879779,0.7045113812123039,3.2502232740217054,4.242795925239644,4.365613277373373,0.302845535844306,1.9095013464938588,8.0,5.924332465641734,1.9924676047201257,4.545492708859305,2.0505531997363793,4.179794552313466,1.9173724894348392,4.939498193040815,3.892583376302373,0.2868205463753437,3.31177503802619,4.278276861389915,4.956569639263913,0.41209606917951114,1.6387472398573708,11.0,4.3085009179322,1.9100228594866846,2.161211751549083,2.266103027676315,2.291800403013948,2.2854105300037526,7.093199523648051,4.11867099519045,1.3398754131176789,3.156460249300667
P27,shape_sorter_interaction,1,shape_sorter_interaction_s1_33.000,33.0,35.0,False,5.872174369337664,4.601732748020619,0.3058562924928908,1.934684095191253,8.0,9.399017124135504,1.8977850792992,7.557740623570423,2.2553644940918143,4.475749610147346,1.9117905875386088,11.143316730434996,4.099904679670586,0.7365986028589843,3.2114384623505514,3.217636518042768,4.563982169500135,0.38022153042318485,1.5130503930198755,15.0,2.4027848209237384,1.918654823642712,1.788614167206375,2.2661834415481654,0.700632843926253,2.0551337902714257,6.567138462711697,3.5350393085195364,0.2867297152161499,3.3612679417845737,3.142254370474881,4.446257995334405,0.30699060909620923,1.9555782292217456,6.0,3.4736675811086695,1.9571028126351224,1.7961362951823314,2.1199053190131782,1.1980007144441533,2.153106903126423,2.688239545850579,3.9667229429514137,0.24817032714315448,3.175461056460109,2.642930310727286,4.706030180782799,0.38950406291565715,1.4799019497807453,15.0,1.5778757116500057,1.9956175634367106,0.6958640857644321,2.0290138043766555,0.7674604646544341,2.2934190347025165,4.735518920985494,3.7920245169204523,0.20820374915482948,3.1879570597868123,2.221950533362256,4.147164370894786,0.28971008488501454,1.980763207197026,5.0,1.8788090737805303,1.7005200363900213,0.6522735641617741,2.152349656020106,0.676466142000495,1.7197868713612117,1.362483316367981,3.7402670926569437,0.13098972540060252,3.1384747016529575,4.098566060624493,4.689126395985163,0.35946728764386177,1.7148982405813895,11.0,4.568647865614159,1.8170160429198503,1.8667831105822716,2.2037025794032497,1.6388214673611123,2.2396421851131914,7.654459807781787,3.903961882871883,0.6838828131379926,2.95536301242942,4.241830266742508,4.544560417025175,0.3151398276493673,1.7718399921676546,9.0,3.214544869792178,1.950004494774007,5.316597658818599,2.1043374145398923,4.045264826441914,1.9206048865337806,6.214064008829005,3.882912992653634,0.3301952507598688,3.3313685825322383,3.980066188862447,4.965843140434044,0.42830528391597883,1.605122882684762,12.0,2.5885733477909865,1.9779749891038696,3.459743318704767,2.2793340852803476,2.0549126693957116,2.2922670868758392,6.36775450555073,3.9135171269236637,1.2247079384645365,3.1974511607805285
P27,shape_sorter_interaction,1,shape_sorter_interaction_s1_34.000,34.0,36.0,False,4.92899114269816,4.290751921152801,0.3028079665308646,1.9624270885090094,4.0,10.540788507762699,1.9651671784791578,3.5930033912480677,2.0354248035919347,1.7473724982530556,2.268015813149137,6.367931769681592,4.029213916945779,0.48197528799242145,3.0244365420618378,2.6152216890264417,4.677508940791221,0.37238497105781143,1.6518204626648911,11.0,0.9632824095444735,1.6910256013851046,1.3852887240732772,2.219066123929286,0.9830092986832591,2.06921770260867,2.5976453460760394,3.781800402449043,0.18229453459523465,3.236762106919171,2.8796502856369544,4.399817844495412,0.30929227459616593,1.932645761752476,7.0,2.285254143967187,1.752256635700294,1.2456280203462438,2.305910374391003,0.9109516363425997,2.075382517204514,1.6363473598938887,3.9694163732678795,0.19580925111338,3.194048417174341,2.317522618632833,4.752035999975943,0.3654178298535888,1.5680532603315385,13.0,1.0090066404991889,1.697028101430129,0.45496844932322456,2.226845030757198,0.918492296482543,2.277628841690711,2.576806529138891,3.888479604073689,0.19933725066098124,3.178845883932167,1.8063817643063544,4.209367105165472,0.31360062630506064,1.924306108868623,4.0,1.370205301754884,1.7741676438142417,0.3517630167337261,2.1077932676872457,0.409148882093723,2.245601757341093,0.9005569477114312,4.038648692314296,0.08408328428709923,2.8875053414520635,3.503403267173167,4.848516098753509,0.3871850722216835,1.6180629320209523,13.0,2.0049547389318034,1.848198051134746,1.7898900517849936,2.2383642565244046,1.1133486403626391,1.9866643161104016,4.656830433785711,3.8535023055109745,0.543847676752307,3.2908999965274948,3.597116693013404,4.658323825644888,0.34012344911745984,1.7665789327124395,9.0,2.111014030521239,1.8731360645172408,3.124808887371627,2.2118256369530416,1.8079159942389926,2.106119787913611,3.854142192853058,3.908650280448077,0.32425224115999784,3.3355050503692585,3.3166321657106264,4.980769919482021,0.4578864020488901,1.517603363424695,16.0,2.084171241954965,1.9599554724154693,1.3395915630119788,2.0090574187804737,0.5966273067690845,2.1599833922214016,5.168233763976873,3.9660763065396596,1.125154707532261,3.114968303614014
P27,shape_sorter_interaction,1,shape_sorter_interaction_s1_35.000,35.0,37.0,False,4.509981190626275,4.569301068306088,0.3191161715674254,1.97129494972012,8.0,2.8869984333324914,1.8672595264883216,5.564531151847498,2.183999297148981,3.5902573531974316,1.9427801276690833,4.1040867395206835,4.060237855937127,0.7714096654950156,2.9524261978032302,2.400096990445118,4.754727937635903,0.38629958903508194,1.6256991481818457,11.0,0.748628508814984,1.8740940551693062,1.4298527281238131,2.2462635020976456,0.962462996910601,2.189135309898185,2.186322538951111,3.7482849115921875,0.284481425740369,3.201471735488808,2.8412462293081058,4.552121875284638,0.32325334037875963,1.900746523538411,7.0,2.2977695843811876,1.879687289023055,1.7728801604161246,2.240985262287851,0.8644449270417872,2.210558771623022,2.246719711371612,3.9510719096376374,0.25344404877431437,2.903435956690909,2.3508596612280988,4.138051723970298,0.3072305067967673,1.899355620108233,5.0,2.7682757828582925,1.6811634572435028,0.8320880202903495,2.3023751318523056,0.8977736968348519,2.2289794077022504,1.309099311334659,3.9342105295306005,0.10273453964652635,3.2104287050238534,1.854318764645218,4.824473845252767,0.3555545794147257,1.6875951479575124,11.0,0.6939777094324815,1.8651025753767456,0.4002347994194779,2.31039147403091,0.5911016645278988,2.2059070514328183,1.1369136787848682,4.066978059693389,0.1269527981184601,3.092242545674665,3.7274933615117063,4.479071562496917,0.35615826136350026,1.7353458299445907,7.0,4.377290013066735,1.7528687289505132,3.6462717514055916,2.2053931274021914,1.5666517771698694,2.1592701584863705,4.481809038087255,3.837910760645503,0.45938044418719015,3.1284041607880892,3.603726794822197,4.532285377751766,0.32363484899883255,1.9536790205714094,8.0,2.5960220520532244,1.9388068707167714,4.264867237377268,2.2985660781570383,2.1659699156444905,2.04571519270958,2.887121726678671,4.047435134926588,0.4291545592365664,3.278153781930462,3.5107583990712534,4.926582148313501,0.4248185830471794,1.6299052560155758,13.0,2.0479329332541343,1.8683290783969384,1.7247738445148757,2.0218382603252527,0.6693504554735605,2.1571322278561103,4.1110356345979815,3.997143876070819,0.901141185685183,2.942921308121573
P27,shape_sorter_interaction,1,shape_sorter_interaction_s1_36.000,36.0,38.0,False,5.876810975108363,4.399144532019865,0.2682523909685731,2.3269418671584,6.0,5.447244272328995,1.9238916108783664,7.351228320477175,2.2186402813495105,2.322216778917822,1.9905491170902823,4.39575475437799,3.9708841185792605,0.6659325809044411,3.0761267018946623,2.387601354281434,4.870991253042021,0.39897079854080303,1.703243830768424,9.0,0.8487253066482571,1.8260170682267067,1.285557984759686,2.301812270821872,0.6156189370613975,2.1246335961432017,1.4725514993266258,4.10269092121237,0.412573590482679,3.2477863361737294,3.201289739513701,4.253156517912049,0.3063479304645967,2.0572044654674073,6.0,3.613081719403496,1.9124838204812924,3.612358268474962,2.2453281102232014,0.8762869973832776,1.9934141625494979,1.9800346105468223,4.0202276332376226,0.3014384940033077,3.095706335758007,2.5777897200541315,4.094338114525446,0.2964231337622563,2.1654336593363976,4.0,3.5153952581589847,1.7391029428043818,1.3995230419085627,2.1858540899868775,0.647908297012058,2.2534835655947543,1.2729833517736404,4.054958722082372,0.2450684311670601,3.0478517038858635,2.0040226846296525,4.431655400635023,0.34234482110499975,1.7667647018047785,8.0,1.2912682660377524,1.6277057006308036,0.5980505240408049,1.9805744705465587,0.4616562878953275,2.2460373374051885,1.290802790008172,3.740658563359367,0.13159263127422985,3.05590693386928,4.409138520530361,4.2687903302297325,0.29572501117399624,2.13683113212557,6.0,7.756791128523606,1.810034019170587,4.627597001560558,2.2537883708394393,1.9266798044349223,1.872050644303003,4.44896705844631,3.870746833225683,0.5926211752308357,3.2625432491748962,4.175643531961078,4.547516992161403,0.3126363530509931,2.068347459219203,7.0,3.239006125105012,1.9218730354947167,5.130578285198176,2.277992657158805,1.9787667897287073,2.2100904547359996,3.39222611835328,4.062941303988677,0.47035609149747637,3.1420191972649847,4.112177742855157,4.907857718608717,0.38906993429382175,1.79460051230372,9.0,3.0028444161018637,1.93139589146398,3.7097224063051324,2.1883171048050833,1.2965203739584878,2.297043454913916,4.71306840210377,4.071173917573175,1.076934142923405,3.175126810029248
P27,shape_sorter_interaction,1,shape_sorter_interaction_s1_37.000,37.0,39.0,False,7.817926432597423,3.3387625543148105,0.20348436950629448,2.9481538331844583,3.0,48.32361783832648,1.9566122082726058,15.40820473813363,2.0207752803854895,2.5160181114910305,1.5579989938828718,6.442408850234183,4.030629086404622,0.7204729767927615,3.010570933362345,2.759520690322373,4.685067325627101,0.3649971988991896,1.8404943257400739,9.0,2.329914338061056,1.8725836113966812,1.5161200729115083,2.059209106470509,1.3048128160533634,2.2173240220496586,2.5947380928962556,3.9273515296454775,0.5705350716175003,3.2567093166628798,3.1328136540128413,4.100439496691521,0.29129988526542955,2.1888002004061344,5.0,5.1541968633044055,1.8120794110466036,2.749040333268115,2.2212469426931785,1.0112611967296612,1.838194852288401,2.0969802756343805,3.9914100067161633,0.30492142448350507,3.2360005670270207,2.8450936681218213,4.450832171599459,0.30384712466597197,2.001843941065032,6.0,2.255052276494746,1.7669499122231567,1.0807856109483776,2.025898753092827,0.7688127669867791,1.9810663172605736,2.321492419264313,3.8776615237335057,0.23667422929093626,2.94752487937663,2.1948808896025103,4.537606292766818,0.31610230207194506,1.8099364647838645,7.0,1.4709827196612015,1.950140649919522,1.0261947183611257,2.1595393989588008,0.4699921435616341,2.1574404764151245,1.6392915034189237,3.8662723776134142,0.1270039364569826,3.1904511526976527,4.452262129462568,3.8966147711490238,0.27753506441317555,2.2975205443540223,4.0,11.166758318058942,1.8719881370816247,4.6443056154083875,2.2420223818323306,1.4700936944589553,1.768282451933691,3.5391812156598452,3.8956106304923677,0.48976480376008197,3.249975444651143,5.621775789027351,3.521028018518838,0.24636517175016825,2.6056871513057303,3.0,21.069110772340096,1.6222666666189305,4.566008782994753,2.263771648956241,2.1914551868354,1.9218599647883297,4.788292047612139,3.9350278935918195,0.696173998568244,3.2546728897523236,4.607113434699055,4.268424276445105,0.33655294228198795,2.1057895774311346,5.0,9.849102464503622,1.9047586542396755,5.20343590500236,2.1749955147119655,2.238314775814704,1.941097376484471,4.184980697841987,3.988670949150711,1.2728837384280405,3.2296543847658383
P27,shape_sorter_interaction,1,shape_sorter_interaction_s1_38.000,38.0,40.0,False,6.872612032288735,3.2960015641036264,0.20484872202678636,2.8981469973745533,2.0,15.25589201687811,1.2742848951364856,2.5768380338920807,2.1225682911808814,1.1611799987932339,2.2446066230478845,5.282849749600869,4.06170593793197,0.501488623941438,3.275089996224309,2.7557286998023023,4.4002943218583965,0.36237973189832096,1.7391858808454397,6.0,2.9550497652263514,1.9010858733530194,1.0043948660595354,2.126231342625544,0.6103969443756151,2.018808802306294,2.249599955610889,3.806785473887873,0.31635106116095035,3.2845880324699293,2.7588799306367666,4.314178842845063,0.33049085338718176,1.9060166761415305,6.0,3.202510403795749,1.7696301960310237,1.1129077144030886,2.2280214230517723,0.6931359352648612,2.0162734893552208,2.323705365910645,3.7580973405298836,0.24336622955134246,3.2609420529810245,2.771591789665381,4.282970017053229,0.3159200358779976,1.8853507719320441,5.0,2.8202537251492683,1.7506701778123444,0.9025602969731868,2.206594429719731,0.7738125462436702,2.181644820904787,2.1867662471505285,3.8466140541406078,0.14531605783348414,3.2561987471467204,2.0607948940365453,4.675789172761857,0.33108861574226073,1.6892321903807843,10.0,0.55794125317489,1.9220245748185816,0.6643030055488118,2.0229116168631434,0.5792852612805395,2.107086951549771,1.243952985865706,3.864566127532206,0.06624247257828798,3.03849489309086,3.9625642870026687,4.122759225924776,0.29391250832937116,2.214959171847093,4.0,5.116246805604815,1.8056675489182719,1.861290446935217,2.0966203615348253,0.6665460505620975,2.075949490235332,2.8885600258258846,3.9427390991587945,0.2908441723478909,3.102335269941645,5.168950820965704,3.4499326637500496,0.26449910768043977,2.4065951653215323,3.0,11.346433844097323,1.4154137054223175,1.3828134879850127,2.2585804300287498,1.457994427410929,2.2031944737038947,3.6828712473736087,3.826084728614278,0.5724536680612267,3.2739161558212024,4.167809110373236,4.3210505571183235,0.3688277092997538,1.8829176366635096,5.0,6.01259010182895,1.541800861746569,1.8160520748940139,2.0957595858825666,0.9540242578820661,2.022392554008464,4.5545050778293215,4.001172188083153,1.000333300405005,3.249093328069034
P27,shape_sorter_interaction,1,shape_sorter_interaction_s1_39.000,39.0,41.0,False,3.938879568738142,4.5232134985572205,0.33439289581529563,1.9018675216593544,7.0,4.954008318444569,1.9965927365046139,3.3275518207822534,2.14376822632753,2.3039537001364443,1.8820093846637407,4.188628487341748,4.043564946412756,0.46865436037810054,2.9383650631165192,2.4686545586033604,4.738593825062446,0.3623156666193769,1.7431691442873192,9.0,1.3178412314856809,1.970541597104344,0.9027454238462318,2.294465819619054,0.5613278022984779,2.2576315194007917,1.9954988361523593,3.837700125317303,0.18317582802251048,2.9854030756241854,2.371515146210458,4.651646788934486,0.3646383123893648,1.786311010641805,8.0,1.4512143679320106,1.8615188375119982,1.3771706058174484,2.2512810279662596,0.6835928081124765,2.1653286331176176,1.6616716535531413,3.830716690489605,0.284560239564581,3.207155478569716,2.46882723465427,4.597494450109461,0.34934466023410904,1.84816511964078,7.0,1.4407107919048234,1.6383115532853854,0.8675718358961937,1.9869564347366326,0.6294511785243467,2.2640833185716107,1.7762356523779586,3.9898965390171783,0.24616528273332255,3.258379072691452,1.607409713610578,4.746846215518064,0.3369228677564918,1.7406154927170145,9.0,0.5119465992846579,1.9598908781889235,0.5530211585505693,2.2105557274989542,0.3168987735321368,2.068748415100937,0.8341150233495352,4.096385266224365,0.05983348753202579,2.9464874234501965,3.6989004093518756,4.364546699364104,0.3410415085068304,1.9801892167651145,5.0,5.7462643628118935,1.8353286258250987,2.0817402363065654,2.212034920391944,0.8174635701567308,1.9280698217731134,4.246838946635546,3.8566839430058306,0.5646028288878299,3.1608177041783017,2.924971510644755,5.057259023917463,0.4147457164147233,1.6064842010501468,12.0,1.1585238738866885,1.9775325188378914,1.281724796001729,2.2217820699756663,1.4724017057809413,2.2081734277020315,3.268460137615484,4.118213314041906,0.5960691516034954,3.0632967856512345,3.4712605464155106,5.076595246549355,0.4622987230386274,1.5789961683897802,14.0,2.0071872625671654,1.8359520139685408,1.3290902329522987,2.2735957766859682,1.3915960436306833,2.187616882701655,5.070600320079401,3.9725674867577676,1.317264966139482,3.2482090102349788
P27,shape_sorter_interaction,1,shape_sorter_interaction_s1_40.000,40.0,42.0,False,4.718026325932898,4.21174418747729,0.29101849789900575,2.138969551864684,6.0,8.4782759883288,1.9819010075843178,7.217184054462144,2.2536777072923586,3.816605387700215,1.8162661480940672,3.9254621729866486,3.9464976108356917,0.5067888154150295,3.1296968098877525,2.7039483259893053,4.558115124204122,0.35315041903248534,1.8235543236631397,9.0,2.0239625602013662,1.6544454938452844,1.2322983693260168,2.2131399450833866,1.604119872600846,2.0805662338837667,2.175699879802665,3.91533494805947,0.30786773742878565,3.293029234454187,2.7151225617821613,4.3596268549277255,0.31178250998437934,1.9962209856460413,6.0,2.298125307061225,1.898758348222469,2.321645595327515,1.9137014452004153,0.9563537859462279,2.2942730885273637,2.073552172791904,3.9169273364516237,0.2082392404273809,2.891678417454476,2.5699762544896108,4.561523271586331,0.3556843570225379,1.7934232021153493,9.0,2.138640616608809,1.777388129487519,0.9472629854159302,1.9083439894926844,0.7549799789644918,2.2616897075223688,2.2703787753262255,4.068586078919937,0.24157215788370773,3.0085139129472993,1.8914622533980385,4.318790827421649,0.31183417083782095,1.9449893991082672,7.0,0.9664737266924083,1.7499331306056851,1.561983720660513,2.230885937370429,0.6180573922871166,2.10629904030861,0.7690443522799537,4.122229662984166,0.12522146113995025,2.79759266909405,3.8768491053227354,4.517266392449947,0.3279718038059686,2.046817236631349,6.0,4.749066284553087,1.954295764952045,3.26807688954295,2.0709185932394805,1.4238903131372176,2.1007442444168443,3.941123158616418,3.92731588742484,0.5568202753761637,3.052451883760494,3.3936318925965674,4.794455302130214,0.39688652007484543,1.6406856811003045,9.0,2.563292896236256,1.9006717652435992,3.4573192919201947,2.213984527969808,1.870650629667018,2.2149287653871017,4.743176133619981,4.111613393155786,0.48559196578975183,2.9745294771486224,4.253601330679027,4.709065586222881,0.4276369080320295,1.6905011335046223,12.0,5.960567127539453,1.7232243678693253,1.3015401207323016,2.1455037452702896,2.2098076789153756,2.245257329356855,7.6924885438888015,3.8259912023921845,2.016586320588011,3.224929162563465
P27,shape_sorter_interaction,1,shape_sorter_interaction_s1_41.000,41.0,43.0,False,9.34008396884881,3.2815492047543535,0.17984281665608118,3.103332558045134,3.0,63.52831281246473,1.867494554373557,20.036840521298377,2.1160218595618754,4.393989865162233,2.2493275089939697,7.346030969101941,3.7446781857986093,0.7264568956059229,3.250287509481375,2.7545912366982352,4.779524999458854,0.3798573109990324,1.6336254675656188,11.0,1.264928399725139,1.9882775906801173,1.3620537499285637,2.2482450805850442,0.956952289415692,2.160211038340739,3.168199816474893,3.730506381250154,0.27156686664880414,3.178208314550802,3.345291970671054,4.33549745075384,0.2948367820531365,2.0322107380770738,6.0,3.3753603987713374,1.9451862142776113,2.7220893282723733,1.9418818650810576,1.2388634547315613,2.2785033239152215,2.601582781069011,3.9014387041537333,0.19076069696359405,3.3143935011413523,2.7050345271220038,4.462117766152696,0.32520147617539347,1.9225458369801296,7.0,2.6481388258547747,1.9114633992971402,1.3778371015915254,2.1972945247452382,1.0478840898057125,2.284092594219135,1.9035572565666599,3.948635456571223,0.22028733952189755,3.203290559680242,2.6916201791828764,3.9834382199965903,0.26739153425348755,2.305282594233249,4.0,3.8573401879461664,1.851704008311982,1.6910808522448346,2.222004092795963,0.8713060317432239,2.09192329918916,1.1847339542269888,4.134485138802325,0.2107144530260852,2.711111339337188,4.746807420833073,4.059590964711041,0.25491831114348873,2.43225184965957,5.0,11.098308622450844,1.9436336689768732,5.598608979897598,2.148316570390875,2.5719543516914602,2.2930628708444996,4.053046989107076,3.873669394874356,0.3091753832663003,3.257410906103598,4.891857628463466,4.257972669589275,0.3149642086121994,2.024802405017271,5.0,9.691025567799226,1.8270954699336808,6.022785867988449,2.2416003548626358,1.7290070440809049,2.1959337564009056,5.892349959591863,3.979417173461953,0.7143500481747376,3.193965237998339,5.735257308437516,4.584467352326026,0.37281778742211,1.7675959619449448,9.0,9.79016495715047,1.657729328601511,3.8802532064869064,2.296033875763329,3.083053780237115,2.1719387823693346,12.198901121880091,3.7971498999776716,1.7835722935826817,3.2291787210317677
P27,shape_sorter_interaction,1,shape_sorter_interaction_s1_42.000,42.0,44.0,False,9.613514072502754,3.015759177446772,0.1742796228181286,3.265618948288075,3.0,38.791876252364446,1.613143697337401,6.063841877203927,1.8858275191533493,2.787635498075657,2.2678867423897953,5.073318437711871,3.6105336620244652,0.8771512322255123,3.083214418769004,2.6145609840562334,4.836804345166093,0.3692455321847883,1.7413472339087837,9.0,1.4232916476910882,1.9823834231219475,1.6367432271650455,2.3079460354233756,0.9173397120160021,2.225215516241714,2.2867840455704056,4.049550345825945,0.318784786388917,3.1883136327718407,3.2713494173207476,3.8922166863419903,0.2937293253893895,2.131432246362679,4.0,5.442339519393238,1.7935213632706715,2.1237507397985946,1.846603111545632,0.7935150874865522,2.233660866635038,1.7462711944289744,3.9836295057605176,0.2968705165245705,3.047226069409018,2.427973026637318,4.396917923606062,0.34490554083184805,1.9198951379011968,6.0,2.1256845629047385,1.7821014869685672,1.2148770641002868,2.238831327480681,0.7294636880037828,2.154499399593814,1.2230708990300685,4.075810376258874,0.31799979436965503,3.118989244875575,2.788087923501091,3.759459151956782,0.24280277529151087,2.4935119825756034,3.0,3.3113508419531517,1.5578972806242701,1.1536352142221658,2.2608150136946246,0.41889809999193756,2.016616351520598,1.076322863299259,3.9460762629807897,0.156985300279867,3.113957534334259,4.758359685451412,3.9575198155713793,0.25885497203956037,2.4460686189979395,4.0,9.941812819517533,1.907293968973941,4.1865495724593,1.9673146239657369,1.4880895629802549,2.2709563250802223,3.420589499558405,3.8349114053118973,0.4589921247270584,3.3768652857640133,4.5576896116446255,3.904066972660164,0.2960986333398529,2.1996288972311375,3.0,7.916854131086145,1.4193200208637762,1.891111140575794,2.2281965758172197,1.2104243260038436,2.2393573500111508,3.906716997179878,3.924745088822949,0.7729318778523057,3.1845345516016246,5.330196357730981,4.741306879921604,0.38018811694229776,1.8134392563370076,10.0,6.198660300057286,1.6730906825188157,2.5719983141942473,2.2496670698360908,2.731169349182281,2.1725773554956427,7.164694923627104,3.88931481091858,2.211425267315416,3.3513742370954365
P27,shape_sorter_interaction,1,shape_sorter_interaction_s1_43.000,43.0,45.0,False,5.9694512585250346,3.9794722205320685,0.25683536518561517,2.350931370559128,5.0,11.667159009244898,1.6523416126923833,5.1221060233386755,1.9264982558002024,1.1161387609346125,1.8510787111124003,5.937123728248627,3.6700669722464574,0.8241214341833132,3.2543267571549044,2.886185717218753,4.59006301927719,0.35006478224890486,1.8112887884932716,8.0,2.136508235027305,1.8006413662600917,1.5297948153268988,2.2576791635342643,0.9542510852933939,2.2151986404310655,1.991194563340073,3.911499219351274,0.319529451965147,3.291120923663283,2.8754763903878398,4.395194660581705,0.30924409450917384,2.00881924842838,6.0,2.781996964011957,1.7843473882079133,1.05658401084719,2.2503496512513057,0.6422901508163582,2.2177170672049704,1.9441466268612269,3.9329511637861962,0.22261009774264637,3.162587816924598,1.99818955737688,4.853647219561016,0.40620370287044355,1.6613223394315237,12.0,1.0211671174604744,1.6801430524069387,0.41028017852155824,2.2538387114266145,0.41366992158539284,2.2738417395135713,1.4404866256106112,4.050105108240787,0.29495420029089825,3.196894957045152,2.1591138879595584,4.2601974129922375,0.2774536854548808,2.125765125677854,5.0,1.7510330320250573,1.9365028775114328,0.7999600750101248,2.1225858903470423,0.3825019693062402,2.0826059424585246,1.1517098103001322,3.8723251016390883,0.0787094265082507,3.165475488441066,3.7476755109286852,4.518022095855389,0.2964162154707443,2.2028090457912914,6.0,3.489235645879328,1.8825713611570838,1.8828408488994512,1.8036242635092572,0.8634531660774392,1.7922082393854133,3.1990915956874986,3.956065130029811,0.3610325348772616,3.260143813784105,3.3526628682323314,4.6001245714213645,0.34829127756256095,1.8809894628659667,7.0,3.224190354372098,1.9084345458427225,1.2838348088277467,2.087308963705244,0.551885011648573,1.934011455515148,2.804929459308777,4.082239421813592,0.49177783450771934,3.3032095283188987,4.0288758582165585,4.975830363318608,0.44630353582767945,1.6181801925559363,13.0,2.6201960218631957,1.7317867803602058,2.6592256138352117,2.1219949120288777,1.120628820170967,2.167801037533072,5.308113168735544,3.95248011855757,1.2373777719530998,3.227204749750358
P27,shape_sorter_interaction,1,shape_sorter_interaction_s1_44.000,44.0,46.0,False,5.493376555425819,4.065613287599076,0.26634998016459477,2.2420981543204896,5.0,14.554021373472033,1.7558513491065715,7.754612964911523,2.263347225273278,3.708264698788023,2.218714921701746,6.078408335524241,3.702396721683942,0.5688954888354574,3.310024051691467,2.825195529525331,4.708091083994808,0.3466256051740806,1.7229191895618208,11.0,2.0350009742451736,1.9386103466129627,1.1047389948324247,2.2189683458377303,1.3690835904902812,2.2350661158410743,3.4495605867248518,3.7882760851828894,0.20965166312472192,3.130370283337157,2.734006957416915,4.3030083467992695,0.3088120501698416,1.9473204512930018,7.0,3.268823692188971,1.7896865644859226,1.8828578822682915,2.137071925280086,0.9922398937840294,2.2161373842893624,2.1111293081580813,3.939435550415352,0.1726790570534919,3.31985012782112,1.9785262084806363,4.972401495612895,0.38766650451406887,1.6867436155851385,12.0,0.5326537445738398,1.981370866859396,0.5732654817376563,2.2734082292771567,0.6391388165449773,2.1437293236572303,1.3674524876615173,4.00407036716371,0.25855561702598034,3.200943346552776,2.0075209928371134,4.417750196565825,0.2957041465889272,1.9306344016648,6.0,1.5166706865337638,1.984239773295013,0.9252154858801279,2.0569174251729248,0.3740747582953382,2.2557884549675333,1.360872787130894,3.7806104734459867,0.09234994740251967,3.0065236804819526,3.4329349919491823,4.537379046191501,0.3191223517187022,1.947737118756181,8.0,3.7241540228509358,1.7985391876173191,3.1925694790061216,2.1642993758075484,2.181756557827139,2.217402164962633,3.1107015083843774,3.9051610789239266,0.5212387956568887,3.224866936472492,3.6555640218205028,4.264726108994774,0.31700849910660456,2.0312025196913117,6.0,6.0938950588509275,1.881381328718176,2.7612104105876654,2.095682178064656,1.7526400550541876,2.2339702041336063,3.1068489573569376,3.99400370834879,0.39395625010181395,3.3378771743868616,4.02970991603152,4.957329154851127,0.4081060142943508,1.694873122123763,12.0,4.166193822919583,1.9191155778344777,1.8637396679504472,2.255844382538939,1.7136376146753443,2.233426532775328,6.966229615710084,4.0675091418613745,1.0100407038417576,3.3237994666258457
P27,shape_sorter_interaction,1,shape_sorter_interaction_s1_45.000,45.0,47.0,False,7.895235190037635,3.5100170662408523,0.19397226214422134,3.129222385164021,4.0,34.783476973927314,1.984645797517263,17.09817494426888,1.9531577887385645,3.8258577017654933,2.0503530677160944,4.3253139908365235,3.9933612250808266,0.5299479665949188,3.336844823212751,2.6588360556496924,4.64317722947473,0.3325461537085812,1.8793243968365159,11.0,1.1187536269943985,1.776619340515492,1.2415884509231383,1.9565609409047502,0.5080550657459695,2.068263121639968,2.5373521607199696,3.8210704684753174,0.10869646460578748,3.2070733191381358,3.8401588066835735,3.9595364333301815,0.25209486944778053,2.3353984886575847,4.0,6.313948830595572,1.8374013609167708,3.4004199155400405,2.156755255939577,0.9593877737650002,2.252163328282077,2.656367233766793,3.810763681387041,0.11553815243760124,3.282382473489185,3.020553363007241,4.420951723455858,0.3007157276903193,2.0540104934324854,6.0,2.1845620994351123,1.8051235635270269,1.4454992466721057,1.939446052884933,0.7712174092579622,2.18378765098236,2.233700041042106,3.8041277196617442,0.12791862107296573,3.2048931932450855,2.6734115559276384,3.7910817766448,0.23619025035082916,2.4461839993742363,4.0,3.8679383261805214,1.9546322218925807,1.7200295635831666,2.0722130980455677,0.5381623658079793,2.0571553485693492,1.0084635783939524,3.481941627306946,0.15279591152054425,3.1364099774677774,5.219668436621317,4.247786229711824,0.2698026425112753,2.117803414641952,6.0,9.1890178893994,1.8719591468023635,7.0533287554338715,2.166069646337013,2.909687739891616,1.9676286724881058,6.053105022384935,3.970789469862237,0.43764502739624933,3.2581718450695702,5.506012480412668,4.224191642997037,0.24590766903120087,2.719727356363825,5.0,7.306893070890636,1.8881055987784185,4.348816169836792,2.130353558401505,1.3713787650810436,2.241672335400483,3.971173726172913,3.9376178210352006,0.33970968056686374,3.337119431036969,5.063644636525827,4.782745443111971,0.3686471292247025,1.8403817950773125,11.0,4.796553320112638,1.931297212065441,2.9655173750156165,1.911546916622747,2.8561422017971436,2.0456560808218534,8.031653031963668,4.040949003064329,0.6925066060930182,3.252021060301334
P27,shape_sorter_interaction,1,shape_sorter_interaction_s1_46.000,46.0,48.0,False,8.308025876839382,3.4719894411473176,0.19276528407382496,3.163317205781417,3.0,39.44364672820731,1.95253599831813,15.395365062398652,1.8365324220656105,4.575165757818028,2.0946137411960266,5.058822414639281,3.875488121565383,1.11151215969747,3.30818159744763,3.591565805465453,3.9947840569787054,0.2687902395545502,2.472757862238558,5.0,6.3582011044841344,1.9786715763666738,4.481749193182363,1.815467651477861,1.1037958358316824,2.2628061712669747,2.3377921686725984,4.030853369431354,0.41814293975180833,3.147295754162577,4.275583151661282,3.963569953653728,0.2370766452739423,2.5351996603966827,4.0,7.489280708724475,1.8599758944659512,3.144035864658805,1.9527945111041416,1.2235473055971544,2.1942307063199715,3.0546450130825353,3.922895176951571,0.3794558424144043,3.2518035953875812,3.300712907547487,4.058290705785984,0.2876360018591118,2.2325034354959703,4.0,5.1857206008920675,1.8014556071211907,1.294778699932342,2.0545908751963946,1.0160888871218263,2.2370429046160343,2.8949143172558682,3.788040998385391,0.3074945913139364,3.2185245848134705,2.8369632105553837,3.7421523275238844,0.2281635267391809,2.5275585425396354,4.0,4.484430633912336,1.8628240072014572,2.305346190989399,2.2264594844754795,0.7982238613917398,2.3058978633334397,1.0506585687490695,3.5168724142557233,0.10627486409439309,3.2870995101487273,5.333394174267496,4.067249040492258,0.2586299836511134,2.1327142690411396,5.0,10.194630900891402,1.9154283624045423,6.169116877831064,1.9470235669133347,2.219977977544964,1.9499488969104388,5.311470470863304,3.957190864763693,0.3393218430751534,3.256613294639199,7.575381115591432,3.2146088099389716,0.20389108966073716,3.2959521025645078,3.0,38.51303205194408,1.6744469055605353,5.949973676921966,2.1965116849449804,2.9279411683786645,2.180757678635327,5.832772236649254,3.8136340772817476,1.2532260368436732,3.2512426408274644,5.7800080761793575,4.789904793983268,0.36842257865749,1.8713500806379717,9.0,7.8599829393268905,1.9517072691358441,8.924027121473571,2.066170038006826,5.723378520868337,2.1102592501793325,10.439408810114983,4.093786582488052,2.5164199180535145,3.2367854135792964
P27,shape_sorter_interaction,1,shape_sorter_interaction_s1_47.000,47.0,49.0,False,6.544921819680208,3.789465458699085,0.24184074828730645,2.547056450309534,3.0,17.788483576351524,1.653786187209154,7.650542851892664,2.218822260469439,3.409885511873381,2.3034462385498826,4.038942847033862,3.894912953868293,1.1485537166428255,3.2737742015385054,3.5478118929292486,4.125343736778157,0.3008979057675162,2.211263109644644,5.0,4.712437624981321,1.9181529776135338,4.458548930146552,1.88996505263496,0.7182996102009487,2.1969377302751183,2.3627626134570066,4.071334786358917,0.43370413249927475,3.2768172510724307,3.821881983463058,3.91516697256585,0.24384328410702388,2.6260607878329196,3.0,7.363141363535125,1.8270816712851117,2.9507799529892735,2.2899953785721228,1.1737332921571955,2.1013835014644706,2.1846442521855503,3.8238085832563247,0.37889644615242407,3.361320330062361,2.6667739723557835,4.6384079437480406,0.3484116248221678,1.9527362755786433,8.0,2.080906078541647,1.8826082024549498,0.9653444725127751,2.277075273030726,0.5299166656178289,2.1556605264018835,2.1463672295096448,3.920954479290401,0.41718809214704927,3.359444993431133,2.3478626592917724,4.359791080067649,0.28258838032194894,1.9457211463951902,6.0,1.8280753089285176,1.9452407093998618,1.181824627442675,2.2022166144826434,0.49370558120533203,2.287203482372342,1.70046544936519,3.607529160611261,0.07897163273648919,3.1952242793462875,4.518716973193595,4.324542178576188,0.2937996706161254,2.0352659390006136,6.0,8.765838720892155,1.8990351097492353,4.11434388340063,2.271483061084416,1.9171282429219212,2.1690451831985382,6.4544141964508,3.7221410671544723,0.4810751805652142,3.344034117696854,6.68899590673558,3.631580937351213,0.22905673315472885,2.989637145930459,3.0,19.843582344278836,1.7146146813020657,6.023623436730045,2.2601269975554463,2.5089514371851203,2.2212443371926085,3.7224798434418176,3.9446754155215302,1.4145789937519346,3.251809678842048,5.489695637411313,4.801397937851717,0.41391657620542044,1.6967346495780944,9.0,7.961881487847794,1.930702797097038,8.459288453355608,2.262076186154007,3.590003617100219,2.2283036973268358,10.523239622476805,3.784657901341128,3.0720692683970174,3.2649468267884787
P27,shape_sorter_interaction,1,shape_sorter_interaction_s1_48.000,48.0,50.0,False,11.327454653142267,3.4539811581532884,0.18260822243085661,3.1456329843119257,3.0,78.49308157760615,1.8809295514832183,33.897900599980375,2.035198231515545,7.272594679009672,2.2009188698146813,11.233559992766144,3.914969211777546,0.9610973325789199,3.3173481058293195,3.59002521122806,4.691472093581923,0.3662597472720193,1.7512255727887918,9.0,4.068695979520442,1.9485649516491323,2.3348372590747366,2.123343281568631,1.179382103054684,2.1730910051887515,5.623856407643423,3.9679169197284447,0.5013289057443253,3.347922439431025,4.00345902620476,4.125948418024174,0.2883084408445302,2.2525008028007596,4.0,7.29895119664935,1.8191259937781978,3.168209484363057,2.298442323774136,1.1018573799160567,2.1593437891166714,3.2606597761233425,3.902740995151923,0.4588336705007978,3.3551106327399247,2.6277995836939794,4.817859584280167,0.3935098148825623,1.7136218722396757,9.0,1.4899449525097794,1.8295192565907215,1.5060909428717486,2.260092356387253,0.6417844107900619,2.1751549682424125,2.0703022591225118,3.967727574216861,0.3955382670487506,3.309275298001192,3.234492646528317,4.087639402606097,0.25175420687169464,2.1169223770332484,6.0,3.2555104887801667,1.764632770112604,2.9760720376269063,1.9257000348860147,1.7598487326363237,2.138918206126494,1.8450538812612869,3.741799713207039,0.1441056232628032,3.073034407059664,5.870171105803352,4.161768911946256,0.3007635481571275,2.11351333138927,5.0,12.865223263232798,1.8889188124083658,10.554457976848155,2.0606849379475434,2.0613181853926625,2.3002461439440083,6.79880882000949,3.9884901492317884,0.7710907859459873,3.2183363392982733,6.956247094226524,3.767730122847877,0.25827683456153494,2.6369866476146235,3.0,26.759071768481128,1.8691244927750146,8.381473492839543,2.071720723877554,3.0958439432917997,2.0713899712946704,6.571958085103903,3.7998088832585553,1.3857018820334963,3.3337279210503366,6.687142160340838,4.480121920597508,0.37475658572849313,1.8229287386258934,7.0,17.206179347145365,1.6958324419534654,9.344727828086823,2.2955508230498776,5.160929621094665,2.1915236264843134,11.302723081207068,4.093263437367892,2.451431459648407,3.2819888287537085
P27,shape_sorter_interaction,1,shape_sorter_interaction_s1_49.000,49.0,51.0,False,11.955205902257221,3.2288379100163325,0.19732184881408935,2.8728875119877975,3.0,60.41042105587428,1.5472329265759752,14.694506055696344,2.194478652239425,4.03935503560652,1.9387169994323408,13.866993341294094,3.9246647789100275,0.6063153523468081,3.372097200472179,4.346692741813647,4.505917624155117,0.3575483853582421,1.654285537359272,12.0,4.009454988804026,1.6986151458981,2.24208748074335,2.233474987306845,4.083195447608324,1.9810747270851476,6.977444895931061,3.4946023556522126,0.5508896569954884,3.1361082801648994,4.269621500773193,4.233726792014561,0.3146354471300043,1.945224235450529,6.0,6.640861770979522,1.4927853315069393,2.517310395718838,2.16562074996314,1.613499108406768,2.053128152181146,5.401679005839137,3.986575283928348,0.4842600102059296,3.1519442981069923,3.4291050904461144,4.737907238119235,0.3751275912486606,1.6546819097256165,9.0,2.4874303988380184,1.9176308479565192,1.5953888489506962,2.1261263532141936,1.4370875883808507,2.225264345414492,3.524472065259893,3.898431344067995,0.4196147317700165,3.277151546887194,3.433189307928844,4.355917497545099,0.27137941986567593,1.9109636721532053,6.0,3.016233437263948,1.982628756091695,1.9767460937137997,2.081636016046155,1.2410439738274228,2.139741429341499,2.2929057901383696,3.8647195250323088,0.18226622526241412,2.967479933723881,5.9310176118587545,4.508582572681406,0.3338257880946068,1.8983751116681022,7.0,8.999826421741215,1.774038054935769,6.963633391579538,2.232393658507065,1.7768747096958153,2.1589025622642435,9.886562366789883,3.979362888981165,1.1817626449899152,3.3164776245717738,7.579733388454326,3.6387076598470536,0.2583839044927267,2.470359487248146,3.0,26.177716504854605,1.4743348859793737,6.569777541611353,2.148771199757152,5.513806550027924,2.2559706810735993,7.467600449882832,3.8328750890653622,1.432083502050353,3.301621432976245,6.874099933416191,4.471921154555163,0.3382576532739991,1.9149788352716564,7.0,15.23229428097413,1.8180487181005667,6.387555389940872,2.3041250968738427,4.52773942420384,2.211979857345744,13.136468621779056,3.958523363100107,1.1693019777180114,2.898331823013548
P27,shape_sorter_interaction,1,shape_sorter_interaction_s1_50.000,50.0,52.0,False,8.188436459870758,4.121730445288076,0.26396797584444065,2.175409276484187,5.0,28.502303535773446,1.8897312228931353,19.076578010397697,2.2332748067525774,8.22409886300536,1.534065611882067,14.10651715862667,3.976231700621783,1.046425497854056,2.872401300295248,4.0871343748824005,4.609958798928083,0.359953863207354,1.5320383483599933,12.0,2.2004028428461857,1.8345227553191816,3.1602181996165233,2.156937363872898,4.912648479541835,2.0464041135901363,9.094164306097584,3.7648484482713807,0.29764742580332715,2.963941324441975,4.08369638885555,4.610519047997191,0.3279825108728577,1.7957922931446915,8.0,5.062540357669993,1.9264979324030285,4.540931720177493,2.292106008519373,3.285651699913237,2.2480994186629135,5.871559429412882,3.8491169317889105,0.5629687063075083,2.9641861888592262,3.6475662903550607,4.505550065137774,0.3506629404666081,1.6613377310591992,9.0,3.753092432837441,1.7912388090439901,1.7922283308054052,2.1347657593114584,1.684516242049068,2.270200134873226,5.705685525744578,3.6747122858777566,0.2716714360734167,3.268986151568627,3.0387697443821184,4.399696259933136,0.3030483449167777,1.7546869606082092,8.0,2.735307966133793,1.579002867648085,1.7544425294333235,2.2183394686354494,1.4983525376141882,2.1478445973905123,3.4030052482754187,3.77924842459441,0.12570238391253452,3.0992374232652877,4.861813785577609,4.7486892725405925,0.35870206429076545,1.7114210821929514,9.0,4.142758444558865,1.8481424267677713,6.206414381086734,2.2858111440775097,4.556614484345141,2.1022613031291932,8.893675299639428,3.997266302942937,0.8086036598867143,2.972676136320757,6.306269040472293,4.383197097117926,0.268683002795079,2.2454502971640813,8.0,9.230316716641191,1.8430315025794615,9.975555135435945,2.0694786057832952,6.285631140645413,2.1226913322861036,8.114537527687975,3.804514395281035,0.7945442326425853,3.0784082537109745,5.595933662504874,4.8023022311346075,0.37984117799210537,1.654317828315583,10.0,6.030864666772198,1.9682274055655946,8.519723296383182,2.161333253004428,3.904476565097982,2.1945485531585764,14.53364847324419,4.044591107109877,0.7295970615678858,3.1119843604216935
P27,shape_sorter_interaction,1,shape_sorter_interaction_s1_51.000,51.0,53.0,False,6.772802663897324,3.8851417876353946,0.2528193400320303,2.323205380102249,3.0,15.698573431849777,1.7375658779722583,5.961336322586664,2.14001100648891,2.3775938141872697,2.0245305466348573,7.728181063685031,3.9396552367489734,0.4913399992068205,2.983398651585434,3.576452794047115,4.399927259932108,0.3285701053650715,1.7977658574235793,5.0,3.9750865290879625,1.9710665369042137,2.0496493653340733,2.022811522758423,1.1223863840549004,2.177576803124121,2.917176830955208,3.8711023179935875,0.2805842894353089,3.229708137125929,3.619376825874949,4.652948881016077,0.3183229755704207,1.9315023566900718,8.0,2.9104296360095816,1.975434096290313,2.1755362119734825,2.274373963406767,0.8136763935000906,2.092565298336736,3.52831687393512,3.845645782660137,0.3508008573247935,3.106464443835511,2.8076595501357975,4.502823500505923,0.34856017565553804,1.7353886088828026,8.0,2.4669262544189228,1.9789574905120992,1.001661809594952,1.7535331700657717,0.9632625846806979,2.177556255715005,2.5952902834899043,3.9147243090952606,0.19152629240172955,3.2429159939598016,2.853375293916528,3.818142511731392,0.26847867289881205,2.0602324031411983,3.0,4.2066344356037355,1.5962865446318064,0.704741780629665,2.29621043981825,0.579629527780006,2.268409490192797,2.1687917870966347,3.836838948124613,0.1100614310664629,2.9724815301864274,3.8795836855348487,4.803674120892851,0.3645151806796229,1.7651247137637247,10.0,2.1952481249695266,1.954638427516848,3.4641741503204657,2.1795260864203527,2.066653255829355,2.1630707567084015,5.25105909373585,3.9871394408750658,0.52413146758933,3.165507531210488,7.677187289670276,2.910464250742717,0.19078146757650657,3.268604626945309,2.0,36.807189709059315,1.4637636365728428,2.6672950817261256,2.058104386235917,2.431767629963837,2.106948368587037,5.817161539423464,3.7776474177720236,0.5474270457158844,3.3058238436953267,4.966352029971724,4.606493486211467,0.3814015790741867,1.7100113545629638,7.0,7.524906805006252,1.9517362736056014,3.1259046082222284,2.1286504022327195,1.3131720170207146,2.2644984215895176,8.51923867570133,3.9387459199438823,0.7166659255942627,3.0060845304620774
P27,shape_sorter_interaction,1,shape_sorter_interaction_s1_52.000,52.0,54.0,False,4.886337529499425,4.475340874656407,0.2945764038690918,2.0381994512698625,7.0,6.677471051234814,1.9396839992009265,7.319957020752736,2.1791098924143943,3.1450713637603283,2.2653879784877953,5.599300405548834,3.888238614583104,0.673077068066446,3.080600844992248,3.074233150207076,4.7568231363921445,0.36294198547809264,1.737929116654009,12.0,1.3056060222505916,1.839356927215844,1.3841040992913114,1.9956494212756573,1.1347388151721445,2.19194119082639,3.646831787006293,3.7858293198381734,0.27245040272264803,3.334086544483907,3.059531148299102,4.476920491631728,0.3101120973222387,2.011509656115133,5.0,3.5349110087539204,1.9549597518883455,1.37900695550299,2.063309123751651,0.8756734937042961,2.2193911304407465,2.8402383949314274,4.0255704699383665,0.22747547625543668,3.179259412047627,2.410948614047549,4.732172671687232,0.37513208367785394,1.6398049725149195,14.0,1.3110651610302861,1.9108854329883107,0.5942117112878142,2.2217795455993117,0.48328543443377703,2.1945999323593677,3.0371857156796644,3.840266311608488,0.18094732382225273,3.3981609397348027,2.410166170982006,4.415767217841016,0.28583016568957315,1.8282698573118032,8.0,1.224504543531502,1.7640010436190268,0.7886099743015933,2.248893554568852,0.3051556643235418,2.205131078460389,1.8472724477735607,3.7082674255951744,0.04248198848131538,3.299708840564371,3.3531552802993554,4.548783671761705,0.37645454677447193,1.778436169387391,9.0,4.086092586661659,1.7195854812329263,1.1727824538847393,2.0117735601137654,0.9681392303000138,2.2172238392345753,4.415827967730791,4.046301485291935,0.4297774341388353,3.038791116747101,6.912185038968307,2.8981596287232225,0.1925368941753707,3.288348789269112,2.0,15.570146012607651,0.9121588815153873,1.9191461450269036,2.1276755327483543,1.856467527736652,2.0437785504195705,5.7430846317622715,3.6571913228290907,0.4056975151770862,3.3427297246991263,4.492559499411596,4.613853515635166,0.39203536353284996,1.6973087780537233,8.0,8.066121776538967,1.7914904843364963,3.357216349648729,1.9871397597756157,1.8252438576484153,2.3052173320380653,8.144596910807783,3.9578644266350143,1.3451142041004256,3.187335757685256
P27,shape_sorter_interaction,1,shape_sorter_interaction_s1_53.000,53.0,55.0,False,4.30541758138949,4.793251794817729,0.34967667515049894,1.719639039522156,10.0,2.1568981871155226,1.974490346715331,4.952835616442054,2.186096943308853,3.095000212310718,2.278768253166848,6.466455098131434,3.909111782875878,0.7641053686903918,3.027923211972702,3.21256554958932,4.549195514072834,0.3931236448857899,1.5034749204977602,13.0,1.0119648278639275,1.8816134193962792,0.6818822874144259,2.2988048494134836,2.9899726666702513,1.7669100524844468,5.995907934369978,3.6340023063602898,0.44141888220543424,3.289568681972812,2.515705051059165,4.7336455552722985,0.359747332908193,1.7134731456311236,10.0,1.535703884311313,1.8678852694086365,0.9970977683148269,2.086048896984349,0.7169621689755672,2.284318128617673,2.463396068142904,3.951770405734354,0.2596088552512211,3.1123152790176007,2.598381746368357,4.716178559559075,0.3774032128160577,1.5966119609948937,14.0,0.8247204197493635,1.7637568782347492,0.40175351780309704,2.2093019114644203,1.1199831170957504,1.9163375007813728,3.4820457005253407,3.7455297143293027,0.20485696659035,3.238575635034686,2.1262898328412363,4.443708673103412,0.3180575248181681,1.7111430570180108,8.0,1.4586006055279856,1.97719655511151,0.833964879464668,2.1904025611887192,0.3060813665540444,2.22386979809124,2.1703781472991612,3.5566104091110233,0.08168497628660279,3.1381259539157873,3.4467003596838817,4.884251428416377,0.384378895457408,1.748536600641623,10.0,2.7184711468662606,1.937980953453346,1.4057195384048211,2.0549956710433883,1.488724014528877,2.236801047886039,4.1907632585940675,4.136517247050928,0.4365035744947413,3.3516266369278416,3.655672023838823,4.87021908097518,0.36717753102985595,1.763813149014075,13.0,1.5198566127930546,1.261827147837764,1.2594689000932675,2.1961055778668284,1.4795280839881373,2.22821374630734,5.790761985233876,4.0427346265022,0.6502268109776753,3.3295068936680012,3.9817326184073063,5.1824596557615425,0.46737785729429854,1.4636522362444033,17.0,1.6271113788745601,1.994917830857911,1.6055242208384244,2.2296505627838528,1.4221855525001046,2.219081356993802,7.708174391311561,4.124580851821496,1.375802518644558,3.167574523300694
P27,shape_sorter_interaction,1,shape_sorter_interaction_s1_54.000,54.0,56.0,False,4.382584610708998,4.830196416267505,0.36517208281275315,1.7414097170896736,9.0,2.873749725786057,1.9283377490087439,4.9737094560174135,2.228929524426072,3.441422372568834,2.2172709686550656,5.4199771018514395,4.126796965035597,1.2683967069023607,3.0441849239232686,3.259546794019514,4.5018672483769615,0.3815034272826705,1.579747811900718,12.0,2.129213287687349,1.8712568744044407,0.9062637068674253,2.277027966582691,2.619734675973476,1.7516694497184693,3.9879867097010657,3.4845310822607707,0.40326159445765397,3.210559358425081,2.6389766476970977,4.846059342258867,0.35258751242709074,1.7656467728705936,11.0,1.0533617998774636,1.8096604143143813,0.7708272520934523,2.1527324565702344,1.1607130438133844,2.2800433762378236,2.312296213677121,4.059402820965458,0.2358350037797381,2.900921608333139,2.5104367351200265,4.6286078228024286,0.38353504642017755,1.5861725933331792,12.0,1.497105552355085,1.890043787602294,0.5032461831243222,2.112313503057206,1.3291894515287102,1.9417521720076476,2.742215852929007,3.7041034396949075,0.23623956335222612,3.1067997369066354,1.86225668896574,4.585262699371499,0.3529018636874301,1.6245895071826522,11.0,0.9137210560140548,1.6798707207255335,0.24518305202868296,2.1258724059361116,0.35235084696982943,2.2186953434329704,1.5560146830788262,3.9284075385686936,0.09268021813344349,3.132942422097693,3.4393260681965816,4.927975223421656,0.41193767848809604,1.65887692423825,13.0,2.543563762902541,1.8273002450827032,1.3960240111672517,2.106192969293926,1.429967643113879,2.202539798095777,4.799641363715788,4.030587163105846,0.8510946425113313,3.1944268996563836,3.1622687565352208,5.000621064904899,0.451617647628131,1.4502797606148239,14.0,0.48477714904531155,1.87984639766328,1.801164292918604,2.229458455380201,1.9964361914639,2.1487387883197044,5.2209656610766135,4.137261364336873,0.6141344661228293,3.24471686335417,3.6010498929620804,5.121214234665509,0.5020222769252874,1.4369133493539645,16.0,1.810731475172211,1.8571547298507314,2.2097223473692456,2.2093032337705614,0.9679135177917606,2.210864785523862,6.080966720008735,4.101164544055252,1.478143305912866,3.082352607668516
P27,shape_sorter_interaction,1,shape_sorter_interaction_s1_55.000,55.0,57.0,False,5.196586814158784,4.402860175247574,0.30946815633663294,2.126184850074929,6.0,7.997089799559112,1.882444509879422,6.803353202468395,2.1275377016632744,3.0678287839370846,2.1437233450256796,4.56985397474524,4.125399064704547,1.010395915528545,3.1781509628137052,2.6966319229850146,4.71936248294066,0.4005160654841466,1.6407648185827166,11.0,1.7821428936200427,1.778885448300847,1.2695701530796581,2.277700183386958,1.3979339914672173,2.1018617626584017,2.7878606558032564,3.788642677874664,0.3012787926393961,3.1381816872633315,3.085061787460631,4.158956559112735,0.30795965852412305,2.0799201859321363,6.0,3.3024601015058073,1.4555604746246575,2.9712973026212075,1.9945844880999746,1.1757442127891589,2.170189353937353,1.9426106974856245,4.068169461332223,0.2646386577466893,3.1091784049167166,3.795768911754204,4.0175039377528,0.25827042551638363,2.21940823985484,5.0,6.9116975120562,1.8487739404148558,5.12860663912113,2.168018086808427,2.1737350042717685,2.248328342720738,2.7174330014139305,3.5278728255473624,0.21875875206357207,3.243952345828588,2.11123991621147,4.554801781082219,0.3283933052860876,1.668501112539302,9.0,0.8881801503615482,1.9003798452992076,0.5490096509266561,1.9491289190599261,0.4760959131712875,2.1247505226404177,1.2904931946503533,3.8475028452801214,0.056865962008628666,3.363907152746084,3.455248395358752,4.7750727848081995,0.4160026265702841,1.6892752958793709,10.0,3.537592659544401,1.8030611521436914,1.5118656274710551,1.866809917872953,1.614861878586982,2.1737306193951382,3.7097217191757164,4.056936920641982,1.3618528651374608,3.0616994744433796,4.012720443459964,4.721656889225326,0.3565990943073259,1.952993036059005,9.0,4.250610293847491,1.709413462057737,2.0599572416359786,2.103395072173955,2.291870518873041,2.039101658479955,4.782800575107034,4.019934289416394,0.6849737340098349,3.1727342877557727,4.065731009958405,5.068034698341603,0.48027223551426507,1.521071464200243,17.0,2.806619874222445,1.6897653595823918,1.9108082003144362,2.19734666685711,1.3670186237361506,2.056616971389161,6.431390459853341,4.007762393718305,1.5870268740654534,3.22115664695023
P27,shape_sorter_interaction,1,shape_sorter_interaction_s1_56.000,56.0,58.0,False,5.137231306163919,4.414110836704444,0.2994342086271366,2.0974839741988363,6.0,7.716318395517586,1.77615933413923,6.538760006549142,2.1787721790159984,2.9065010678176177,2.082624287754706,6.450290018724995,3.980598457851421,0.5977796158010097,3.3712577746708985,3.056927288359509,4.4843445044229915,0.3328522058250543,1.972968751611261,11.0,2.6034386198094626,1.7589581075695082,1.14066385825056,2.2000196825950176,2.1486249572880634,2.0980953135445652,2.6672610492750572,3.4720201920584803,0.3452184889717788,3.194204225871558,3.1917658649989815,4.442949533239978,0.2773738701088557,2.2554237026417527,6.0,2.9203986077662774,1.9582101203945093,1.8739833548627365,2.156750900509644,0.7758509678707942,2.15613974443081,2.0055821873699804,4.081382159854159,0.19213843963081226,3.3850434705622225,3.993555264510098,4.125484633008393,0.2620589446210846,2.348630706272736,9.0,3.2497570102576656,1.7391212005978902,0.8156561575456522,2.1602382381788083,2.5245697445623003,1.9358703537462876,2.362543436533722,3.051750199699316,0.3287236045517622,3.35029689359869,1.9817299811058295,4.405680173214833,0.30973589325754125,1.8414434985415287,8.0,1.290810728836457,1.8828604720142375,0.7754008095304114,1.8991893134604645,0.39557524943467576,2.242619053697144,1.5015277000986829,3.7664761491276293,0.07026554666823641,2.947592582249763,3.5420903509205766,4.847985686525529,0.411630061940408,1.7139394291094376,11.0,3.3377475612623946,1.997146912160925,1.8906872805884518,1.848813364877341,1.7692367103087228,2.218764572087378,4.663649378234114,3.9688648215285007,1.261241088780443,3.082542081055182,4.607856120438335,4.138711207536534,0.3044419426641521,2.3481953316792104,4.0,10.175788969779282,1.831876786417165,3.3077534992984776,2.1324281800592964,2.8744313272393898,2.0305084379456497,3.9798584049071546,3.907447752347502,0.8182912369802396,3.316860535009952,4.222304849680057,4.911780083548998,0.4464101394650907,1.6554529503788957,9.0,4.548530700111986,1.8979199818668242,3.7961644029189183,2.247724100579797,1.9177223976286877,1.9120466472107864,6.453961241082868,3.9814671817939726,1.6835607025193897,3.259721996983046
P27,shape_sorter_interaction,1,shape_sorter_interaction_s1_57.000,57.0,59.0,False,6.36845699580781,3.7671934697463425,0.23857737259191272,2.3733100889735965,5.0,10.195120194665154,1.619172226315908,15.90498701102897,2.02211024069201,2.5424979032467534,1.9776579770036051,4.348248117443831,3.9840797855950254,0.4818903647449879,3.192546918412168,3.073512117744687,4.323833820998016,0.34228590625815586,1.8804699447657898,6.0,3.8905453562888437,1.767723041697408,0.6970764182023887,1.9890390287622375,1.3633852767087404,2.1448010063479472,2.7447768117702807,3.843163551111544,0.31933346344956187,3.234826633437799,3.078539245555984,4.029156702469644,0.2915813506489942,2.0671871919844143,4.0,4.7971477225992984,1.9806760662635567,1.9832274804305943,2.00099753767129,0.8955849575137713,2.157671638958501,1.7595431156354386,4.02167522082423,0.20986164307735686,3.1441228087178215,2.7057831893331263,4.443157519062745,0.36213035047301495,1.7790960366901363,10.0,2.00489415032456,1.8016091437693713,0.7793460165725962,2.2283100201286583,1.6433350230148156,2.0126887828526776,1.906222942851509,3.5516212009739236,0.2806355217150721,3.3270045953462155,1.9696622886435844,4.388568326873802,0.2945023611061067,1.961317425421426,7.0,1.015079769831245,1.7686664264829255,0.6595819694344821,2.296566332691758,0.5000896939548444,2.2213349767059634,0.8708913380253683,3.764195168364123,0.07374180288075735,3.066762097316955,4.053038198845191,4.5394352725027085,0.35540167508268444,1.9462240258177366,6.0,4.804236567188121,1.8139964886733875,4.591590605582944,2.035897028466564,1.6849834226228595,2.225299423522855,3.7396259680908233,4.105627460573683,0.9666058634563749,3.149323804503562,4.790919302031792,4.180359966496455,0.31192725301691687,2.1622820862299794,5.0,7.270010472489635,1.9300667926738235,4.691752283680797,2.0248098010206714,1.925924606013711,1.8881551739232485,3.343717945302514,3.9691237944742745,0.7188810811975694,3.128060857245097,4.174316690366264,4.759147185341847,0.4169216318200976,1.7509624840823954,7.0,4.709822252009701,1.8942277960911387,3.718461860578087,1.9310051751409414,0.8687977213715184,2.197436586470478,5.6460765902285255,4.116845902303179,1.539336659378318,3.1339561528710576
P27,shape_sorter_interaction,1,shape_sorter_interaction_s1_58.000,58.0,60.0,False,7.143370918424059,3.540715305163803,0.20671600283868422,2.709438632768731,4.0,28.466138426924445,1.913346963905775,15.03998747719498,1.8276067270016043,3.316093087058042,2.0216707864930137,5.473810359653929,3.819770230857545,0.35234723040428156,3.189250426042711,2.7730774071578166,4.733125182124092,0.37817275278323853,1.7832149355727327,9.0,2.006951495790905,1.7775749640614582,1.313842748066126,2.137984046448592,1.0298174286615573,2.213904936558347,2.411303018812862,3.9634982778396792,0.42985682371271833,3.2804755703027633,3.5997055955592687,3.866395252557956,0.2620755154569281,2.2929810690357453,4.0,6.663271323811166,1.9316675440220397,2.645090762836257,2.1021670770185485,0.8170132722938386,2.0453718489132657,1.9846977629584814,3.9106205453980905,0.2732646911926113,3.1038026577649753,2.673387113615386,4.533903356552189,0.33674663162604224,1.7964835245982411,9.0,2.2062418154936987,1.95792211405524,0.836283849296702,1.9744079318225733,1.5895744880629001,2.2254237805386614,2.0063402961639083,3.9169203284392387,0.21310881052937264,3.094546047877701,2.0545235326458786,4.67036675310308,0.3197146096904817,1.739931171984837,10.0,0.5127613810160481,1.6611969085350495,0.8271425253981715,2.2227660269893175,0.6460324751216316,2.230638177664751,1.438236082184361,3.855306356393815,0.08454264298999148,2.914801425171941,4.534522677847043,4.278479906538835,0.31062156523190887,2.1835033474706833,5.0,6.411565722082785,1.9044895475375245,5.530453267873845,1.943572320781113,1.7753341583060922,2.0552583231081263,3.2777490924706676,3.9858114183913345,0.8902206291730852,3.161420371405279,5.2458858663157715,3.994641546375992,0.2807977184846073,2.363843169045779,4.0,13.262431716539318,1.8799601736176255,5.296115269361437,2.032798033842637,3.2498454511090884,1.8706426640457396,4.180098291158998,3.958584422998609,0.8979568979666158,3.047146335039386,4.965902289105013,4.303311674108315,0.3979828154187088,1.818334494760842,4.0,10.9124812925815,1.8006511056015908,3.690105451597044,2.1652819064356104,0.8763506439838373,2.094674614512409,6.0920661602774295,3.9463074324913805,1.4636410111619251,3.2085481110194243
P27,shape_sorter_interaction,1,shape_sorter_interaction_s1_59.000,59.0,61.0,False,7.686520349115635,3.7660968648881994,0.2097063700517904,2.8395822181943045,4.0,22.407234334254692,1.9206794918574244,9.720948369965726,1.7017497421427588,2.7350607609449247,2.140638403627478,6.63320999588444,3.816967543771656,0.5598012706246589,3.2809107067691636,3.1212471092458083,4.702308164002511,0.3550550032715161,1.8291569036108866,10.0,1.8783398103638158,1.7035348413731015,1.0031630473602429,2.131529554233552,2.0095330307698926,2.2609337874961306,2.412418193255099,3.9065733563617977,0.43276543187056943,3.218207461006616,3.7078332818821815,4.124888515495104,0.2619856347543544,2.322822890941072,4.0,5.088608199571566,1.9470065265626406,2.0786602572162485,2.1266041691089663,0.9184511211020256,2.1963457847166747,2.2152186823591338,3.9816164462289936,0.26603503264827566,3.0562345315813193,2.9084446570145004,4.500842005118327,0.31264974624051156,1.9100999788540562,8.0,2.062419424772558,1.780890746282608,1.5442773178403002,2.2349165273580627,1.6143051832161583,2.2533852847980387,1.7897034413932478,3.9418135194475283,0.18692797249310578,3.1074788581595283,2.310254703717152,4.3155248021815,0.30958791678906883,1.7262882894006215,6.0,1.2542983027394223,1.8715709221420647,1.4638640923426107,2.0133407321183014,0.3441786190676537,2.2557744832862805,1.4503281250848779,3.8042819422607077,0.039417195499074575,3.0805177211869124,4.7656017747440105,4.156980089848112,0.2855340902769961,2.188071543123645,4.0,10.012354123479733,1.903377904982175,4.020617914015377,2.124602058561965,1.1364481145807177,2.238273171230098,5.346837974788129,3.9491117353264205,0.48530702706100615,3.0998332234358275,4.889280768011646,4.439878875223338,0.27842386824027243,2.388202229425486,7.0,5.409837191767927,1.8670216075993138,3.553698948823153,2.2642409500999325,3.1074053877045613,2.0681309261630667,3.160885925783415,3.8814934671103996,0.7278335011094049,3.2797343367929694,5.76717605395113,4.842393571890248,0.3591731457327461,1.8855079297164568,9.0,7.431973795702751,1.9734753740549014,4.324675042012394,2.264601148044962,4.105507494151686,2.2917639861799746,9.330210257029053,3.9543727736500465,1.4928967903377792,3.0444962979396752
P27,shape_sorter_interaction,1,shape_sorter_interaction_s1_60.000,60.0,62.0,False,9.230626262289672,3.4119187318932815,0.1882693002093533,3.087974826243284,3.0,48.06216805633059,1.9764484175300492,14.427296304622145,1.5968558376860271,5.042443620089156,2.280830560550983,7.107655796208034,3.8623790962711335,0.715679117665274,3.1927936755580846,3.37796415297277,4.816281188242048,0.3559337357522383,1.713922280767857,12.0,1.5581275464383801,1.9131835303902434,1.1753783677523024,2.2089692308400086,1.4147496501959176,2.129207949543405,3.579453916954969,3.827091370036905,0.28500998489856627,3.232593682548217,3.8451830825559297,3.9903802966598816,0.3186837851937438,1.8719341503018874,3.0,6.907514844515141,1.8449080729656377,1.6986899111426088,2.237774529998701,0.7266996897870758,2.251104170517105,3.04307196882768,3.849771278824236,0.32718348696832766,3.1990067807430935,2.904478270264544,4.637408144357718,0.3482352577128157,1.652409611909718,9.0,1.9271592644540017,1.706395776858516,1.372898098043858,2.2532853477539603,1.3212963282278793,2.2541091590518163,2.6737701451121767,3.938939715457019,0.19619849825176236,3.160590235884274,2.7088289248298305,4.052866446278859,0.2499477933134246,2.133226249005891,5.0,2.528605185180612,1.9815694516928108,1.096650664570914,1.7005602586026867,0.6508702107530426,2.1959758767257727,1.439138270491448,3.6500476830050888,0.06014689543500383,3.2886633598707524,5.119080625636563,4.462624422432119,0.31818103140735304,1.8168077506768554,8.0,8.52866417270435,1.8910052471141896,2.429833192171822,2.232623514739899,3.239542471407282,2.137423970663446,8.252984353586072,3.892775220661248,0.5237747819273938,3.206983119062072,4.832613259510195,4.512154379909076,0.31668539158109243,1.9859496792059104,6.0,6.799205662135664,1.9373112088692566,4.200236439839289,2.253014100702938,1.7757853890647364,2.173957105147272,4.540166129054944,3.9872519251223815,0.7859282218508759,3.32192889041892,6.667120805722937,4.511953866428878,0.3513404618814829,1.8188360529801597,6.0,13.437895207032534,1.8810304188159042,4.225092937261214,2.1783634651726174,4.314345065881816,2.0013794140209944,10.503130048516034,4.0021262596474285,1.1253700003242926,3.2501406074510775
P27,shape_sorter_interaction,1,shape_sorter_interaction_s1_61.000,61.0,63.0,False,8.171183358956338,3.103847893279216,0.19501102021123629,3.174170702231559,3.0,47.59285221591848,1.629827524537724,9.01642153309617,1.9477351976661508,5.3812998489419215,2.290478474649791,5.655613233058368,3.9651105727071396,0.6110104222794714,3.1336330122578455,2.998214651567173,4.475252578586791,0.3527997130209843,1.8208252073988371,8.0,3.351099115003872,1.8880477388336974,1.472672778116071,1.9707492116197085,1.241603009114308,2.0762450364042446,3.675845754155263,3.695091267913877,0.2768612406301746,2.946100091734869,3.6627693189464536,4.3736509246182464,0.3181829970998247,1.9117688465410057,7.0,5.213587062754688,1.6814168520321504,2.116689685792915,2.2993950658913085,1.8383615357300265,2.25112664127724,4.0897453067081075,3.878977563309468,0.288179132950185,3.2928164388136225,2.549220990075941,4.552517324332277,0.3710665038179906,1.6699441848785879,9.0,2.309879046050258,1.9079055978100419,0.6351398184977516,2.166052210239227,0.5821228952282305,2.2726309691533304,2.4342454821425106,3.8754473468814035,0.25513919945187774,3.2178974180308373,2.5804319737401102,3.593553818829839,0.2386214880850871,2.392814478774157,3.0,3.1274056709203863,1.6035298180165456,0.6306115067910905,1.9095269664980017,0.624857753750739,2.157846809580439,1.0435316910045256,3.9168841953708453,0.0680013041245907,3.3008934894480646,4.489387442573484,4.545641027769402,0.33976525472655233,1.7518502727661112,10.0,6.419718047712137,1.8424123540158839,2.6108874369513884,2.278529900891634,2.9376286860143574,2.1091066827898493,8.075902635113913,3.9023678158452118,0.41600183885380004,3.1863455328152037,4.514276623825412,4.380031711524418,0.3360106842819793,1.9330082147140315,6.0,8.69853451377896,1.6804722415470055,4.06507592257358,2.2951000975585836,2.824539276033866,2.176724311711599,5.6132433306140745,4.076965202985252,0.6804539092870655,3.243332133617299,5.885500344494434,4.529492586791648,0.37464043600612346,1.840324075105911,10.0,13.919989934661963,1.6144285393073996,4.004285543017618,2.2975496772463453,5.1903104934083935,2.1804994456524986,13.886172420444248,3.919602793650678,1.2437492838592217,3.197513800382949
P27,shape_sorter_interaction,1,shape_sorter_interaction_s1_62.000,62.0,64.0,False,5.631236552634403,3.9618975470670135,0.24859775289697522,2.6590315439345753,4.0,10.032736155892017,1.8253220395621865,2.4648870565091103,2.2793769954995144,1.9234755034101498,2.2533637157928337,3.1241364964288905,4.09600992696684,0.7609357865351727,3.191781009331512,2.739488894931716,4.4806482447009985,0.3370470249615243,1.9530370315085168,6.0,2.6623137202742604,1.8346426078334792,1.1545448690296234,2.2979544302668096,0.6961292438844338,2.1733231560522848,1.830446246464903,3.9275330378046993,0.31016218179119787,3.123403754348843,2.859442488436363,4.265260797633022,0.2815828338035355,2.2606020320532036,6.0,2.646194588870063,1.766347844767206,1.6242113149132476,2.265633525624519,1.2028563197284798,2.287616684726384,1.1928084128875578,3.883665025743777,0.2514076993502814,3.1110690574742104,2.219158166153832,4.687174370373555,0.37616782862561643,1.7866568520641295,11.0,1.3401197702324672,1.7905742859728484,0.4217994414393109,1.47260231384106,0.47392645237857944,2.0669332108278615,1.4102290320282589,4.073008072515931,0.32722945428537287,3.304002602174301,2.199558136584747,3.9204568116680254,0.25859492920930094,2.3641585332875334,3.0,1.808790935578678,1.7571546839706693,0.296322580685811,1.9922880112130767,0.3503144598425209,2.2494517751146192,0.9034862811411476,3.9224074548046186,0.09175958243238208,3.0796034479184917,3.275722003486434,4.672445573032834,0.3374522972134405,1.8769074368698448,7.0,2.829067463685523,1.9275908119737748,1.8853175627149115,2.209115033197118,0.8659514308584382,2.272756600035014,3.276608012976127,4.017512837982907,0.32494895135649665,3.2268093281755896,3.4947474687679017,4.5513142032805325,0.3757115879402647,1.8768446971549804,8.0,4.60398418653873,1.7563748757597215,1.2609884514575471,2.1779585747249133,1.5070529695172743,2.2648564376596276,3.3273481633509534,4.12800082612666,0.793257772820267,3.074744957595686,4.163111412976401,4.885773416936099,0.39545428137861044,1.842322063705114,10.0,3.347235543014409,1.8578024070743635,2.666442089381589,2.2681617900881506,3.1167958150997364,2.303046717396303,4.85839233030942,3.985136566432193,1.02035290322982,3.290415944036613
P27,shape_sorter_interaction,1,shape_sorter_interaction_s1_63.000,63.0,65.0,False,4.668660960666663,4.223807674513352,0.29676515881972976,2.0247762411305583,5.0,10.487706064026959,1.8199426527053308,6.298590433833289,2.113747318237404,2.2144946252166484,2.275412506815312,5.612454614207399,4.089976249471845,0.6192073416781816,3.048042691204835,2.6365473261699712,4.622456478608826,0.34962166973904363,1.7994094898580733,10.0,1.8508212985967596,1.8709885240324784,0.8528188653383877,2.1290122110301697,1.5260986508724903,1.9472587897737033,2.1396048237316476,3.9988961785029864,0.18738876492547854,3.0876115027957898,2.9190708592445036,3.93379075429161,0.2592951556528426,2.3136975487926357,4.0,4.147393151800341,1.7313301977333435,1.5496848141946569,1.9789330097078353,0.7998954685038041,2.204232391012889,1.5915911369568554,3.796661316084994,0.16222029543366567,3.0770388283016916,2.3421349775324516,4.408373914617526,0.35760030715651425,1.8382882968557357,8.0,1.7026685806321282,1.876489105949446,0.626731688030764,2.0182380280764556,0.853497591637604,1.961623880612835,1.559560009663941,3.358850790726152,0.23766786115479632,3.188048163017171,2.1066404598601416,4.011858564315945,0.2766986987199431,2.0833752351931834,4.0,2.0425062397260607,1.7899820565396367,0.7774791190540332,2.1963655156157165,0.30065530758648695,2.115795961167087,0.9454121774561185,3.7946637582142086,0.09746948690770452,3.0614391941150094,3.452787882231634,4.031890183073618,0.31432960529962234,2.0174154282679275,4.0,5.266737187109149,1.8228239755836786,2.1437194268289894,2.084400074153984,0.48956988104265026,1.8594988321999144,2.49530920980736,3.8981655578720904,0.24604631596505025,3.3610033617247135,3.441030631774497,4.4825313391405555,0.3394222237762074,2.006935387047017,6.0,3.822288912130209,1.9528753292259982,2.889607012832949,2.0867839976460085,1.0575982572997125,2.2095906373749923,2.5298776612347367,4.0320146513534265,0.5086108950865077,3.022871052170635,3.911789232078658,4.814575258714932,0.4067680797391928,1.6692228839029981,11.0,4.73578395110532,1.6392182728962386,1.990784399064025,2.144168702598228,2.3451055382924797,2.1885862655892545,6.849410681157904,4.156021347052204,0.8759450399940355,3.2547073566664513
P27,shape_sorter_interaction,1,shape_sorter_interaction_s1_64.000,64.0,66.0,False,4.819002912448485,4.147669464560091,0.29448831247217755,1.962719856879098,4.0,9.598012981043455,1.8152056706234714,3.1393050818738444,2.137382323983585,2.674721764400365,2.0988526516838557,4.959686036815092,3.964287260588132,0.3313767426638389,3.02666651708477,2.3149758072401414,4.674796268296721,0.3673794263017034,1.7142159495666613,8.0,1.6333545665668328,1.846957671316823,1.1049772307526067,2.126902829488643,0.4376450162916762,2.300784089502183,2.176329737311253,4.033712924930236,0.18738952505550324,2.8838191570418235,2.8805176632931375,4.159134322661835,0.27419862562753006,2.1240299678981924,6.0,2.818990582068073,1.5717582815874298,1.6021933384527376,2.3169494475906403,1.4023943508286179,2.2853910227315386,1.6684321202448462,3.8101685627070556,0.15334502708447886,3.1596728893609,2.5049251338872836,4.153641388577352,0.32902141274984326,1.902405398863119,4.0,2.3587940576111843,1.7277668254764862,0.4650859652720841,1.7650252225796863,0.5845986025941516,1.812158030186674,1.8673403684314518,3.7985825809714044,0.20516595521898986,3.1943599672059206,1.9718715548836305,4.373804266506027,0.3126647912859014,1.758493741136975,8.0,1.3652342957166497,1.943264607422633,0.5137840280984542,2.123253068586463,0.39219565713008714,2.13622005973132,1.4535944829160978,3.5895768382051805,0.07430155289712999,3.2141916350480506,3.656728383104998,3.9461956358397194,0.303648241510179,2.0523040755110906,3.0,5.49240235271106,1.7116869710051974,1.0093261467283687,2.0686095578970654,1.3806815671858534,2.2071108881993045,2.3100709789669054,3.987167691412373,0.32941447370098176,3.307335989587251,3.250320012954641,4.329770272670739,0.30563276843126186,2.0150874426318506,6.0,2.8162299439822873,1.621320736529389,1.0821766316878243,2.3128830109126572,0.8530424135242385,2.2539063150196177,2.520412490670015,4.033534188274775,0.22148620778396366,2.9462155087237702,3.7341833703521434,4.91975627484869,0.42895957944497065,1.5111968510171254,13.0,2.475417819029426,1.8332177339961229,2.1012963126802227,2.2388151680301225,1.8834844925705916,2.2963105082021444,6.58118293524197,3.9405658216715627,0.6712279910302213,3.3333157452136954
P27,shape_sorter_interaction,1,shape_sorter_interaction_s1_65.000,65.0,67.0,False,5.186239443007496,4.026495266501485,0.24485523780548737,2.384587951479318,5.0,11.329091516921007,1.7659967519672537,6.241760636582201,2.296232011099783,3.5109725032517645,2.1913472133732883,3.880932472671137,4.020889801567191,0.392515424203168,3.09734129879001,2.0699444474625044,4.456876867496508,0.34771697241284694,1.8694790938391959,6.0,1.7306491571735243,1.8207193172607217,0.3777379916863208,2.182848658080005,0.5167260771166078,2.272884467566427,1.542465231914237,4.018293019895685,0.12314967234873524,3.1854158437036055,3.1140279290180954,4.279265069764723,0.25246433262308937,2.252331448995298,6.0,2.5193671794236465,1.6568045137753171,1.5501710597965155,1.9855461837990132,0.9533080841373729,2.034368066226692,1.7725171460183775,3.912469800680615,0.13271824206756483,3.2375307463241447,2.3708834195976776,4.50215816316009,0.31289775159383243,1.9511651059026915,7.0,1.5744410579632457,1.9249448417179629,0.7666692219527802,1.8741183273075583,0.5107886964154852,2.2190434201430023,1.635682778428096,3.7869226139929717,0.19265529864115116,3.03096480936518,1.8588380128476278,4.499255049350488,0.307490859269309,1.825843155148952,7.0,0.7787092471302142,1.9046840931924005,0.7444976827343017,2.1368092139747086,0.4176935927983466,2.2592402694787115,0.8080790051546881,3.844222571057692,0.06457736120838949,3.065638872317898,3.692990217706237,4.4932682834537,0.31686660748547923,1.8720988508337963,7.0,4.026173974158199,1.9126586502362926,2.804964580089718,2.112016611375907,0.9796626952421841,2.226348043689657,4.324127734698876,3.813345626788414,0.3668892446411216,3.2503195793688966,3.1837624888941574,4.309988295919334,0.2752114480265488,2.130404507216553,6.0,3.1993644159993235,1.8286048231419434,2.211824094245448,2.1294518519498404,1.0413874066578392,2.270402105382598,2.158768758805226,3.9657455540127526,0.12272562322485583,3.205266660968973,3.842450771668142,4.855463247944637,0.38743439630817994,1.6855713627025597,13.0,2.9255703079401387,1.874545900688386,1.7369931794125155,1.9592799593146188,2.12635665730268,2.2392868524858955,6.3674080348443916,3.9164641654057357,0.7801036960788686,3.2664024017727162
P27,shape_sorter_interaction,1,shape_sorter_interaction_s1_66.000,66.0,68.0,False,6.703559457438831,3.6911587554759104,0.21793271999381758,2.4484453007984976,4.0,24.86356301326447,1.8287681975289511,8.130511704477483,2.229187439299796,5.466570427095701,2.0891533057054272,4.327144301464888,3.912932200627412,0.426695323202204,3.2066388296433797,3.509589723565013,3.840373597095596,0.23394436881057754,2.8290215833131156,4.0,5.4195649431419,1.9145529655301843,1.3647999342659713,1.8207345693104946,0.681203366831084,2.285357238148871,1.673539002343234,3.9834246876331685,0.19635298375669843,3.1009037830893385,3.4342331938123496,3.9783984838542876,0.2507034815810526,2.2912336699732623,4.0,6.0110322888223156,1.6855509836515696,2.347325199278526,2.199270363461895,1.1223528506418063,2.297331005973785,2.324038574894618,3.9430141406597023,0.1177820221538176,3.2481226435573864,2.6899357566798328,4.008794856474404,0.2796745551126089,2.2567143927000672,4.0,3.063866484391398,1.9598474533786976,1.565104467456631,1.839545037821046,0.379674214284572,2.2582789927724836,1.2648296445935165,3.8294344664300493,0.16541490135200104,3.3320521662932543,2.5118414237293223,3.8558811025106703,0.2342076086267954,2.311375305354574,4.0,2.8547523352777713,1.842692787654375,1.1849835824546986,1.8171771510950783,0.5486053512612588,2.272883658165635,1.0731106649497775,3.6797089113949975,0.051833259609435606,3.186170897286861,4.49804233967348,4.020154820434867,0.286324085480333,2.153049288704985,4.0,11.27301297086316,1.8725283522616467,4.228263135183546,2.0162822278688846,1.50349156019208,2.1004747579940926,4.447630990415868,3.960431452276535,0.3950034493659638,2.9039973186243957,5.059951911817106,3.8070513673158737,0.2238860893565424,2.703432998527875,3.0,9.13532030743248,1.6548762037136577,3.0441143031816935,2.1955779998545792,2.2816074890834903,2.1894713481340418,2.586956945682775,3.958606072201685,0.31077358100466174,3.2145653540246877,5.0700472036549336,4.798940402491567,0.3657055735381426,1.7697167216980485,11.0,3.6932346007415555,1.8376844487289388,5.69264287080051,2.211470158659909,2.8502627641246407,2.2040134031997267,10.693944562041654,3.7886038669250937,0.7910419008460583,3.385450514197472
P27,shape_sorter_interaction,1,shape_sorter_interaction_s1_67.000,67.0,69.0,False,7.050535556095108,3.7780062461246677,0.2175342565476683,2.6270388670612985,4.0,30.542540096034045,1.893964088009259,11.486671893333268,2.3010329642751666,4.434236497126038,2.0548249787597177,7.233051857976658,3.61916368883426,0.8542819293679398,3.1901126360924774,4.27548321230293,3.3183658750040457,0.23566128313648,2.8883443881552058,3.0,12.420996227463718,1.6863283257510444,1.6135779622282747,2.169645689039409,0.7636046090259904,2.2433355035451465,2.4420678022627484,4.0499662046798415,0.31103603468183055,3.131805259356482,3.414396090807906,4.14453344550635,0.25306478942257293,2.526854535288414,4.0,3.7969842612512847,1.749180854232972,1.9942766642335903,2.222606271685815,1.0723697676670836,2.257760164837119,1.9544440711952396,3.9450822824797824,0.24382515358057427,3.268684954360996,3.233523549475783,3.9109488257916105,0.27402090168206167,2.3970247465176984,4.0,4.531110252029789,1.647494219532764,2.0046911899395523,2.041369171712532,0.8114746823069975,2.1274078303254886,2.0676807486998863,4.025822997801787,0.23047172006475344,3.187018117816689,2.97804511299465,3.5597903886070235,0.20478871013466127,2.655992886930637,4.0,5.350014835342624,1.8926611247332323,1.5806452607067862,2.163385608757137,0.7374420233473524,2.1133763191494923,1.026393691403223,3.5146205569459092,0.06583197060671607,2.977297872384866,4.890236694655057,4.037770587360606,0.2791928896535739,2.4112882473539066,4.0,12.841808785104185,1.8658255312083312,4.959713341187318,1.9695383205005321,1.720850231898146,2.190025280257078,4.311294528904238,4.055272409194198,0.8701479962089365,3.225366065477335,6.51825843478604,3.18384147643478,0.2081527396359456,3.120125357921328,2.0,26.491840756541364,1.3837997442081347,4.85886965384096,2.1407667331233116,4.056950748662601,2.1864614476344304,4.194960190416857,3.9880078464088986,0.39712248508579434,3.1494629864187416,5.539629404817741,4.623449956808376,0.36675451336854115,1.8491123703987367,9.0,8.017066858011203,1.5825733405662745,5.870066622856973,2.1701790176495854,2.7741713665022747,2.1582565869712313,13.088588435044638,3.888562911513708,1.4626042524254217,3.0737146787830794
P27,shape_sorter_interaction,1,shape_sorter_interaction_s1_68.000,68.0,70.0,False,9.135812988144906,4.2188091276602,0.21017196430691784,2.809041829213896,5.0,9.149991583686063,1.6494585275844367,6.6035927592966654,2.1271615671639856,1.6746284356116188,2.0321088376665477,8.568735820752318,3.887095621231825,0.7051385064417969,3.183824007701829,3.4708734083981394,4.416887910929507,0.33026477363171286,2.0662421724735354,7.0,2.595957276822467,1.3664607195706266,0.8775224461846207,2.2996784801592707,0.6212397227909976,2.2691219341058275,3.0732320847985006,4.055553012763509,0.47620246568300745,3.0838864806479416,3.5224538052766214,4.1104033225443,0.28679385172531685,2.2395249858316286,4.0,4.950456787571001,1.9570655651557598,2.1418821982369005,2.120056576969027,0.520496178834813,1.9929023986892407,2.403999702336167,3.818579161243474,0.2978876295780848,3.184977822675994,3.0214394736070918,4.182623221698746,0.3406078946391026,1.965737970669483,4.0,3.3568393220274904,1.7566227972619832,1.3787722335707073,2.1837075940368567,0.46273430370073126,2.269860958701503,1.8128444688628416,4.06130476563493,0.3606131194422042,3.253882320258539,2.6406730706589143,3.6192678844014528,0.25357405954046314,2.210901845091518,3.0,4.005040917494243,1.7759910090194315,0.8883390821089052,2.228834710840961,0.3793456126823655,2.0254074739597385,1.2598139150805803,3.8050062343935735,0.07545352759425171,3.1486080217213397,5.18663567006963,4.3311988925351645,0.30203857697996006,2.1964736629085158,5.0,5.713819311144604,1.8976813744109375,3.999051653834835,2.1265645176932257,0.753810319868134,2.2616091394738955,3.158320007670209,4.067226335481677,0.5447369701900732,3.312765321267357,6.582734632813175,3.6901233710376524,0.25482502815461194,2.750042914068813,3.0,13.18264665917917,1.5487874915538533,3.78400542101516,2.0915027820240644,1.3259325257284322,1.999953240304749,5.454657310366679,3.989078735620023,0.7719258613395177,3.3101209104870604,5.296241485818535,4.878783489279642,0.39668937105005414,1.8167179740983703,11.0,3.620733720566479,1.5612433550650942,4.481947495292678,2.1941175258610857,1.3628945361482558,2.28267335868712,8.787947341216004,3.9507674372345463,1.7245393775184308,3.1903332245258316
P27,shape_sorter_interaction,1,shape_sorter_interaction_s1_69.000,69.0,71.0,False,12.328852873969318,3.051318949055271,0.19616253396382144,2.9876700406274237,3.0,126.28128083658628,1.7572305552048575,21.61371147485054,2.1026747406938395,2.8134003899130477,2.1229209635681783,16.382355092884247,3.895579085016499,1.6581673867817044,2.962599029021492,4.15830486013739,4.077965849895658,0.3316970772496097,2.087443713696544,4.0,10.200122935126183,1.7263183614081348,3.408572673713503,2.2997404526809007,1.0227260529621862,2.1064750107290493,4.7036430582307895,4.135596671729973,0.5913998769072064,3.2699658512342786,5.079074596729814,3.95824506439897,0.2560174015909342,2.425415131912228,4.0,13.801716534501516,1.7601594086190286,7.43336556845567,2.2682809946360445,1.9315319502368906,2.098194143475765,4.879481387951309,3.9917466810816506,0.6546705075237472,3.3581172214250974,3.430711523241227,4.695762187571836,0.3698000124008385,1.77323175540432,10.0,3.2087550175722725,1.6712332412609916,2.1749271269475856,2.0738913644564247,1.2460400919605146,2.1082506817702242,4.98388478841173,3.9454054394667626,0.5526096827119579,3.2410534928968815,2.372192181257285,4.424660408331182,0.3439514874870838,1.684912931350288,7.0,1.9971512194629943,1.9493243418421846,1.387938597351282,2.183934491535613,0.4814793991739476,1.6251506397702187,2.0631110146035816,3.901613578473601,0.1213444101202584,3.092144700902722,7.659711722602,3.8777315133327908,0.264757277617022,2.42945235215866,3.0,35.70513181398616,1.7983493548094038,10.722175627836748,2.223653409727963,2.9185345929474558,1.9916033901611634,14.391158165827893,3.9387735534943182,1.6210171594693479,2.9608020384366105,7.763124112641232,3.6805639400889927,0.26625437627868365,2.6387103802716827,3.0,38.325277401202094,1.727994141135897,10.930932653333217,2.2330667182650736,2.6394631896129392,2.230891010232659,9.802715142645917,4.059598129252033,1.5958348272533955,3.316097049807927,6.586986757040915,4.326085499738614,0.36607504018561254,1.93166834283619,5.0,19.508499546655635,1.6560265697416732,8.21933841338094,2.2408496492696983,2.6932949480769155,2.113464481269795,12.599922186400768,4.017999908949786,2.357868025699578,2.9621737654270097
P27,shape_sorter_interaction,1,shape_sorter_interaction_s1_70.000,70.0,72.0,False,10.563591914751782,3.644219649322102,0.21446516611460253,2.6824305776379758,3.0,34.09056738102713,1.3788169530482257,12.203371417443208,2.085291437572559,5.315704030829258,2.1966570870679645,17.21605779005213,3.7274915410063016,1.1718606555565967,2.923670521367585,4.313977462730097,4.429661052592842,0.3068758682738137,2.2227958514704715,6.0,5.394545114864276,1.777801740396912,4.0533171135077755,2.2563136895968645,2.358764052784702,2.2568059187960814,3.8987493367772545,3.982131751940136,0.6648023362548552,3.1701727449657007,5.4098423510325455,3.9200575969963816,0.2392050821743246,2.470773594833838,4.0,9.701617865978882,1.665503008554458,3.9068475290439397,2.2478736550643155,3.7216639242842557,2.1777176343440807,3.6938540105755435,3.824914549613812,0.47927723387843507,3.039814224971783,3.8379986160219426,4.630167941619886,0.3661947863569524,1.663450241637847,11.0,4.21688064646038,1.7319194531606645,2.1627635962747984,2.199029085733814,3.2964324461503987,2.296381169365471,6.646896212087846,3.7663590586031885,0.4732280308400289,3.1195695242632677,2.475828136291137,4.621513075050125,0.33171687065984173,1.773287665403368,10.0,1.500097077364664,1.8780036499052903,0.7830706929695961,2.211853191311025,0.2946552320304541,2.2607533893115677,2.475413631833011,3.933427873416309,0.10861452818024496,2.8872603165290944,7.350216637433852,4.242853300843554,0.27668287249631557,2.3935454144313133,5.0,13.179921479119937,1.792944337502857,6.837399869314476,2.1330256426948804,4.531013692638242,2.2335686251748568,7.049070440752629,3.945157460670617,1.5763206377590202,3.2001295741844897,7.263276501192176,4.062838280969533,0.2641998940938276,2.5196834823833827,5.0,15.170912967702758,1.595289931162401,8.540330266171438,2.18231846068767,5.357301684787973,2.2291816089499794,7.092608892968121,3.920031045165894,1.4211701338276848,3.138857214832675,6.939020152018016,4.541769623637591,0.3386550145269292,2.0699353665130116,7.0,13.817096176644352,1.7200039034425418,7.327076125338621,2.3186019143882417,6.678393936188967,2.301942254587847,12.11794151694655,4.027068264229875,1.8239563074834568,3.308944018933393
P27,shape_sorter_interaction,1,shape_sorter_interaction_s1_71.000,71.0,73.0,False,6.517608377751058,4.109549093028867,0.28149297733318573,1.9511017256799768,6.0,13.119131617052602,1.5906962496420718,12.655618594030042,2.191917054692391,5.052662977977816,2.1807409716815327,10.69651062922958,3.504302362744336,0.6195038470696939,3.1152937752045173,3.3808387393644845,4.437089803879382,0.34903864105056737,1.6789373007829955,11.0,1.5618286461317457,1.8959335969261883,1.9033842432855819,2.1476063383179267,3.7633346394648126,1.8850488553491391,3.456924480568267,3.7628959926633625,0.2558212517989205,3.1041557818125622,4.079780413049999,4.257112013106354,0.28279887124173814,1.9832706606477841,6.0,5.875099482880046,1.909225295305794,4.158819842624839,2.2038845161239347,2.530485565670786,2.2304340953042296,3.685839124445519,3.8492669024353043,0.22389346367027865,3.163879402735548,3.2477881486267655,4.901275252064066,0.38989255667180395,1.4823835832925376,12.0,1.5326527278728408,1.9951460825135108,1.4708463854687732,2.295417308674536,1.8000886876897848,2.299067081822022,4.550412035194541,3.9807862199966895,0.35660447902278636,3.1573258733936225,2.312872177608439,4.323073276561851,0.2943230161397965,1.9630386652204121,6.0,1.2951923070736928,1.6994587180002887,1.0683780823884053,2.164256361038292,0.3888161053637328,2.242379891142652,1.1743268211835736,3.977036528177398,0.09980243254727546,3.100337240799611,4.610106606754377,4.660146309812467,0.36647786811763605,1.7915594122090361,8.0,6.703923437846617,1.9804484728440879,6.71414777725811,2.236752798232064,3.3251345879479204,2.1328982526826796,8.305988815798983,3.966606422867409,0.9545276569882741,3.245468945540693,7.61063375869975,3.16706494968309,0.21021689700170865,2.9167457166832005,2.0,35.64976462626133,1.5952600486473079,5.942878388469216,2.1643328206106025,4.892127002371364,2.173192454367838,5.425849326981271,3.8270643613000326,0.7342094709468565,3.216331033575873,5.653520705672308,4.612718554204764,0.3676956012691407,1.8929438205062052,6.0,7.507043381646511,1.9038491931961659,6.429148275010323,2.068807295930849,2.1126489919222884,2.274189918171379,7.688055386817919,3.9880706898593665,1.462795559108203,3.2515189710571217
P27,shape_sorter_interaction,1,shape_sorter_interaction_s1_72.000,72.0,74.0,False,6.7088261304331684,4.198251174600175,0.26226329398654596,2.096656104285938,6.0,17.26907069021658,1.961521931820309,11.821791265748907,2.285406920988259,7.923264801211335,2.1161170040535078,8.23921838218625,3.8614684885618566,0.548983341012817,3.1176230591307235,3.648999478054636,4.185453054968015,0.34097975326710495,1.6378683158931189,11.0,2.4283726281187583,1.895943576451228,1.6296795585672614,2.192071427097807,5.872488907232991,1.8346328762141941,3.866813072784301,3.3820432248015835,0.3690008371432799,3.295491738499639,3.8511179748220465,4.506492209717089,0.28613846378219693,1.9734909513017054,7.0,3.854796099601008,1.9487382986654775,3.488288685029466,2.3033707651157473,2.4719125055380795,2.245304199094847,3.389019749994656,3.9142521421345022,0.26031348041794644,2.9648203938214177,2.662129157280749,4.83438928387472,0.3959119960525191,1.579014814192962,12.0,1.1114061092991543,1.8426056854164836,1.1530254835970966,2.24086649552455,1.51283228918973,2.2399075728973314,2.939839180685201,3.8079930646825355,0.3950136152393084,3.319405995021012,2.6976252396010696,3.6046679655691065,0.2319201170293503,2.447856273122089,3.0,3.5043452358023686,1.6176876853446065,0.8855538598420469,2.127408943882747,0.8844428771505204,2.2474287798714516,1.1740147148037932,3.9238929267086666,0.08024900184821711,3.2053557409137565,4.572261870967599,4.43331614964847,0.3340669688639993,1.8780571197160565,7.0,7.075002458177979,1.8994413379219448,3.787955935299524,2.3089700117847225,2.4449835354513825,2.2206515131376827,5.54363421079174,3.6306448339268607,0.6330264336110614,3.261488784979224,8.527651087807312,2.906507231430935,0.1830610049359849,3.3252674492222374,2.0,51.265121274222636,1.4472921175737186,7.054073384980296,2.0870491374730706,5.829786958109265,2.1204459121895263,6.471731144955498,3.8578072029540174,0.8621045208013695,3.3178533981729665,4.856400269088197,4.660749743633719,0.38549884517800437,1.82377314271104,7.0,7.251249461640345,1.8714785869708077,5.671617305914545,2.197424980186314,3.5322636877658375,2.0800403581392732,5.877844352076769,4.06275536568945,1.3721964455239677,3.3255206045821146
P27,shape_sorter_interaction,1,shape_sorter_interaction_s1_73.000,73.0,75.0,False,7.593297662130852,4.311461706378783,0.26476824792392717,2.1748877738124084,7.0,12.844068054905545,1.9830388930623366,11.154155182224876,2.2096213222902934,9.13786428462621,2.057788952363041,7.373313608791471,3.949887525960259,0.8552829541576925,3.1054637769783913,3.5872906762234265,4.055846660062187,0.37695005594344627,1.6929121497704647,12.0,1.619478168128736,1.9068282242989325,1.1026318905728032,2.1589404643120416,6.249872767530211,1.6657759910124668,3.5124595278929562,3.234262789465694,0.565666286846973,3.294665606075387,4.303683346885395,3.9565130238749524,0.25874655478258757,2.1997545468281863,4.0,9.299036050694625,1.837654160481921,3.1797508979302793,2.289521544114176,2.351000980322671,2.207035902092504,2.984784394905387,3.96235720684641,0.2283261191736717,3.1895140565696756,2.7944496021941494,4.558329465170194,0.41062949277248395,1.601298159401875,12.0,0.5780667076155849,1.7689603225871904,1.1094161835393281,1.909817272470494,2.6477051354785655,2.150193462441,2.714156236790498,3.462401782581577,0.4083910579731703,3.218099680402857,2.644881107070625,3.7723180784160406,0.25521338247941666,2.4029362147405617,3.0,2.5869550231756158,1.4981204646497948,0.9902841541411584,2.174005703569358,0.6195123763241127,2.1036894207604484,0.9792882055628916,3.9653435154727132,0.11918247900293374,2.9779495228274517,5.058520918190752,4.61115612900512,0.34576910833548036,1.8139163334520063,8.0,4.547969989542201,1.9571740166972453,5.11459049075448,2.265976621609941,3.942349745754182,2.2821995373404222,4.788101035851775,3.757436231517175,0.6113018557099139,3.2451524780299996,5.941783663495273,4.392215255883406,0.2696281720618257,2.42341155550391,8.0,6.0968148008269765,1.823723098152639,5.4591138090917015,1.9829631107090044,5.270386332075656,2.1151589123609043,5.353145203271923,3.7881074249714786,0.8951406315171481,3.2877035950268243,4.6040940195100815,4.687819439429192,0.41108068318471663,1.766207575774399,8.0,6.924473401954198,1.8372387658369123,3.925719812097512,2.1651965626719427,2.3267571091266883,1.8953296034581728,6.301406738916592,4.084400313682171,1.400538159201089,3.055603889301954
P27,shape_sorter_interaction,1,shape_sorter_interaction_s1_74.000,74.0,76.0,False,6.901825890451625,4.0139471686022805,0.2653767189587584,2.3496269526417244,4.0,23.228268090306152,1.9914501331240189,8.364395578931568,1.9240271347060303,6.080968375780368,2.2207897343277305,6.7180560904909745,4.079841809296705,1.2481089176358884,3.254239444190045,3.4173688888182827,4.380667261740074,0.37609923411831264,1.7713251039079674,11.0,1.4118419398235438,1.7242063220235224,0.8041392007291266,2.1825913062266284,4.251668270779234,1.742429913486652,2.5280706252420804,3.8682393585813752,0.6777015968838324,3.1849223009827496,3.853079898438907,4.1385778463867595,0.2722853437256545,2.1964937696238325,5.0,6.633676567265123,1.7285225372511488,3.135931950569646,2.2202608380513613,1.751727814362226,2.247944065337943,3.2324211008508565,3.851472162704623,0.3140277322809103,3.197012099901812,2.9981711830736772,4.644609079869336,0.37693562524445773,1.72922454437283,12.0,2.2955073423806063,1.8501990293741268,0.8485313650076969,2.282607177621568,1.943451652320871,1.961972964299476,3.0441497997312617,3.575300468481979,0.43210557118089593,3.2268536773664254,2.0650447165002257,4.237749024318801,0.297519052079749,2.143347439038718,5.0,1.7678920527157276,1.9761360690119765,1.1930860911380776,2.0771268208117846,0.1717890666385799,2.1069422416974053,1.1798522754535579,3.94109505337529,0.08784728707179458,2.9741149207536512,4.579781267550535,4.776514374899637,0.37064680966602864,1.717145452882879,11.0,6.0867378332776765,1.9177291338064326,3.189992581055086,2.037814867185132,3.393792921178825,2.087574776763325,8.810867834094744,4.009461578417749,0.7401117739915926,3.1549213333152144,4.27038192976096,4.619852340551168,0.34233947618405836,2.016414247967967,9.0,4.578123225125633,1.9534339087051755,3.087912737537131,2.21195810667747,3.791174267567238,2.230365296479252,4.220017670530853,3.832260893532684,0.6378028554958063,3.191883348027158,4.7868326614885905,4.452434300582992,0.3976118970697908,1.8188381996416785,6.0,8.73232533534309,1.608062284909449,2.8996141020635906,2.0708355704805723,2.04435881390389,2.300238317698017,7.340532791432316,3.879544947742357,2.189914643220741,3.2549265676510672
P27,shape_sorter_interaction,1,shape_sorter_interaction_s1_75.000,75.0,77.0,False,5.458665582991703,4.139481608503894,0.26204276907384755,2.3978989916398294,5.0,9.868394424369457,1.7557542737549456,5.546501629969855,2.2651540375008112,5.170734081996486,2.199131753721572,3.852829658514169,3.73817405782208,1.0386037909174346,3.1432679746424643,3.2204759324105097,4.478291146466291,0.3307580632329612,1.9045389589006114,9.0,2.932787581762678,1.7454228697238539,1.5404906109146939,2.2812521322460944,2.1872659567666055,2.005134906849168,3.1123515005365836,3.5213999451164675,0.48341485910072546,3.1845623565150536,2.9690145450781666,4.087608141899567,0.2932518768591868,2.162353885915988,5.0,3.4003562901398188,1.8210828639760974,1.8676843839327824,2.2999583684165543,1.0173475765697482,2.0400761703572456,0.9499275756854537,4.034271820429672,0.27499967053463176,3.074842009854936,2.7943450200004913,4.698332672175787,0.3365092310705429,1.9608675880828752,10.0,1.338033044964193,1.801656050107995,1.163768783500168,2.217645298626227,1.709537264165284,2.129226556621558,1.9095892892102386,3.8801922380139264,0.2857755386578331,3.2664105547514137,2.073973970735922,3.8356041564264354,0.27401085091563987,2.1473495529649105,3.0,2.053490705447619,1.7384509889183999,0.563777744516111,2.2499625945007904,0.29265060705252754,1.903672121326864,0.7932409662309495,3.8638505715899787,0.09492117979194657,2.914187215020384,3.5058579456114973,4.8056520140154895,0.36569241223871735,1.8730241723010088,9.0,1.8442267793757399,1.6534907553987943,2.2204448650995134,2.2553661799888656,1.329929828777438,2.2302724132253067,3.8091786573737383,3.9601656649961714,0.5086955831193043,3.2985249660395635,4.443172634557037,4.081532960275029,0.3002135509324093,2.2141681840508305,4.0,9.569560800522417,1.8467381573174946,2.8708942105919624,2.147272727363536,3.262699848601145,2.240787956295058,3.1942127647217697,3.9312638400978783,0.5342268536697511,3.32588640584553,4.694781258629116,4.565396260751471,0.39942680995584284,1.8025883379878063,7.0,6.782329780433005,1.6749614927019676,2.201553431952614,2.293387192996294,1.7958199571962932,2.308300584669395,5.743404801639061,3.950420463439908,1.7671894154013925,3.2095995438127827
P27,shape_sorter_interaction,1,shape_sorter_interaction_s1_76.000,76.0,78.0,False,5.267563135653534,4.407306341415864,0.29010744434481417,2.0535429107362595,6.0,9.11302591294381,1.973015752395089,7.854085276350638,2.2795000521731645,3.9324447439892483,2.130870039131864,6.074287721972847,3.993271240694748,0.6143247199768551,3.033947051883348,3.024583257459621,4.696424903010759,0.37876406053208356,1.6106052079902906,12.0,1.2705119214552925,1.9765450320263858,0.9724298091805031,2.242428687738734,2.1541808775011724,2.022002933203192,3.1062405645926447,3.7418453697383933,0.3710708464262473,2.9433909072543125,3.021688348458312,3.863732781729512,0.26972957196678443,2.3320929758107836,4.0,5.520759713155573,1.9425895015013643,1.7328885126982847,1.9583788634670483,0.811026082889628,1.8688599723876445,1.5574777228930203,4.08722821862438,0.19269210602755696,3.1202347227622145,2.780232439379146,4.649333235854801,0.3559113608076649,1.80400430237828,8.0,1.947672404119695,1.8820028866161649,1.6529136677692708,2.2994600116618087,1.4049639270462608,2.1598371183925282,2.2430162634210067,3.782366780767247,0.3641763162195149,3.2363054151988497,2.2773859241822505,4.442447105766688,0.28641749393371746,2.080148119981197,7.0,1.1301396572614708,1.8845360944036575,0.6487631896926344,2.0881319412415102,0.5558584779852991,2.176509321149514,1.013859953511837,3.8071686314126993,0.13594366645698114,2.932027900462317,3.6077636242981623,4.809054391465924,0.3710515109272061,1.8512866844124332,9.0,2.7105583717702677,1.9882422617154558,3.5224851215193147,2.292120803782562,2.2321433976787146,1.937742528658994,4.595150384650625,3.972284273146759,0.7182999382433808,3.1085675130200037,4.165656402427033,4.297496583643919,0.33684126137238496,1.9642425225217792,5.0,8.700915161588146,1.9011799858859897,3.184862370624034,2.229819873516144,2.6208229266773517,2.019486971325495,4.555402407042806,3.9176873777534222,0.6157622971757658,3.372000959295232,4.473246438176253,4.75477182546391,0.43791073995444946,1.6232742261829207,16.0,5.205666963433757,1.979017566033142,2.700966963706472,2.227173916210698,1.0632248129689743,2.182934966478782,8.599921972878317,3.604970368793369,1.5484573980108371,3.0672109109732375
P27,shape_sorter_interaction,1,shape_sorter_interaction_s1_77.000,77.0,79.0,False,5.763112557574424,3.8767356420104186,0.2805144891298756,2.185059208928341,5.0,14.102941706821294,1.9191971929897782,10.530428397033923,2.168939178214973,2.0112523812394456,1.6563838387500291,4.230812797192817,3.9242762952136307,0.5848502696356979,3.1579598193362157,2.94438685150948,4.584459649157961,0.40539438729108,1.5770507118733141,12.0,2.2206381973981055,1.677116336776346,0.7406013385995169,2.255589094140194,1.5380657802636208,1.9302776552260155,3.079965891001588,3.678780134487536,0.5581152782083729,3.096218101260927,3.186483900232819,3.797072606547654,0.2535460314764045,2.4535822215843335,4.0,5.748506823300004,1.9288270108247776,2.1430987555363963,2.1730298900386886,1.0570816002601042,2.1522681457197166,1.2916365044267129,3.814441064588704,0.16957440914608232,2.9642677255329315,2.8182360281454786,4.680499929601606,0.3606697232747908,1.665433312589328,12.0,0.7795274127424338,1.9786957280225896,1.3887385112512023,2.2401312512266216,1.9420936515378093,2.058046820556805,2.500696170677841,3.6130873437877815,0.2745596086834168,3.2218245730582,2.5787019969523697,3.5568851598382762,0.25994847873475013,2.281024823446981,3.0,4.534579907218823,1.64229263399971,0.709803013990623,2.2099957776782655,0.7293293680839597,2.238431129440017,0.9473205186872673,3.9777159219822233,0.15272080789096953,3.051664207278208,3.7141586799766224,4.638467657311101,0.37172037402061225,1.8429668030094797,8.0,3.523364951177448,1.9213228410251668,3.786083022934937,2.272127349410552,1.8342139741497079,2.2173361530989277,4.0333024460884666,3.862000977831582,0.586789502219908,3.2717652062792983,3.9971505072835276,4.4794607322660625,0.342114285667311,1.9690765161183268,6.0,5.510342337853135,1.9204170111490066,4.648900251864529,2.2730722333140547,1.3740057817857934,2.084364091978989,4.022532570079748,4.024273774331763,0.6497623326086273,3.248121747851695,4.819131090434968,4.492109437184882,0.41161598579149183,1.7796154519025744,6.0,8.444108543968209,1.8951512139859,4.090592049852165,2.2807713157265246,1.4199688006205804,2.089818703747287,6.499024970485111,3.7063754322595845,1.1155628350418718,3.397239984907964
P27,shape_sorter_interaction,1,shape_sorter_interaction_s1_78.000,78.0,80.0,False,5.527937464135472,4.476199654283513,0.311137645653807,1.9461963173680108,8.0,10.153051615786008,1.6943086428582987,3.587969433450076,2.175061686962443,2.1725019780233845,1.907007566736418,10.398109784280704,4.014188063799625,0.6101282328088519,3.220210718424291,2.5624571145218344,4.9018963495103005,0.43079869891173983,1.59473545861499,12.0,0.9173550918271232,1.9024182362322115,0.6832742840800076,2.12527329812935,1.7050757666785183,2.0919192617935813,2.548220343906139,3.8773395629261214,0.6598354684194983,3.0386279518592794,3.2354142482836212,4.589352503409569,0.30047288697496116,2.1148513801224635,8.0,2.2864883595432297,1.8667661600736616,1.7424947181442034,2.1686575659511385,0.9850693916062812,2.134364543743364,2.7230913336743345,3.7734212466600843,0.2994307232821224,3.2378716093348014,3.2535368254192143,4.592039470157851,0.35254846930786454,1.5700933392447172,12.0,0.9589994519229402,1.874217195117142,1.4799433328456812,1.8606442958448872,3.2088250703399988,2.166108593760482,5.570094111166014,3.666883401761959,0.30109889400967027,3.340625221595273,2.600313337758456,4.033966613293709,0.2835349717431986,1.9401637224179589,4.0,2.893866548734138,1.701284701988779,0.5297402784023443,2.1850901537522844,0.3132860781369328,1.9028374996384954,2.264847807737018,3.59920333335267,0.08645354297757761,2.926907940623073,3.6036586598037115,4.940231771292772,0.39385782476121084,1.7399883648143324,11.0,2.012243478320165,1.8686843150906494,2.2515271153868106,2.1423244259594947,2.460703817080163,2.2767650299711613,5.022956659082031,4.025488326074239,0.9556096886026089,3.254614768127669,3.884114160016948,4.986797008486936,0.380689314726076,1.8559112354650016,11.0,2.3362330688259534,1.9491370775614059,1.676942142889875,2.088871701633871,2.1480597566573767,2.207722701053111,4.47852515840906,3.990308084088403,0.9683677687900533,3.2322169566862247,4.377664712404788,5.16512904007088,0.44875185254640926,1.6419427652704903,16.0,2.210468255009421,1.8539059380715455,1.7652451529940916,2.2046457397045653,1.5314693735956741,2.197554297206027,6.633748254965623,4.05429578485988,1.6522382230071992,3.239217530566849
P27,shape_sorter_interaction,1,shape_sorter_interaction_s1_79.000,79.0,81.0,False,7.310060005970398,3.7368466956410122,0.23787964985020985,2.3845155349319826,5.0,24.238906009311645,1.661441453386717,16.557235446858403,2.1592890137139746,5.885829427827563,2.1302937262940445,5.5013974283161735,3.7433586511275787,0.405539831335638,3.0296655841880957,2.8654450931081636,4.750898009194835,0.3516998549980446,1.8806861252864968,9.0,1.9622744067593363,1.8958731939811917,1.0718136427291338,2.2985544414124344,0.879511695213629,1.9836976378812752,2.0821928978923427,4.003355182430144,0.45160626817627514,2.915087066356677,3.722763764455152,3.963480616588746,0.28155558115113977,2.1996482753563393,5.0,6.146972939678401,1.8179420640730926,3.5315249171590084,2.065215191389193,1.2767167402783162,1.9641068354981348,2.5322564845177444,3.5170098321220795,0.2593223825144747,3.0870540310741648,3.493073420459554,4.48945362051707,0.34652032519296133,1.600471380890918,12.0,1.71295171029764,1.9725881780894632,1.5610138966697151,2.146974330564771,3.528776009864768,2.070966642743822,3.792595158443505,3.5011503733263667,0.23693125574795604,3.3455038965319437,2.485652523888197,4.2019913297477425,0.2774732304619097,1.986486520001358,6.0,1.7174218146687776,1.6412213643974847,1.3973868440979658,2.313865174203685,0.6951804788711503,2.1568836871153225,1.2360865813068203,3.86060960993642,0.0846741555253812,2.9370848022040237,4.608693628720628,3.9692322703648952,0.3004741587596464,2.215880894338025,4.0,10.03120985874511,1.6676262531652986,3.3824857969154585,2.1247759378780855,2.474229080688714,2.2517035493864155,3.005720524806039,3.755534947871026,0.8489325525360243,3.271249227242479,5.043081301071865,4.2472136250131065,0.30689302660469625,2.15434010980177,7.0,7.773194464795048,1.7101422782553168,8.387502520562808,2.287191614768852,4.790157368254683,2.2687844302513382,4.899528328760377,3.385535046976929,0.659620043037533,3.1078119233378847,4.480512737812065,4.782084796860736,0.42271086539966074,1.7401641171301343,12.0,5.566282915035878,1.5712984498712304,2.7084270439252234,2.1195687603487716,1.3810935161235025,2.0969008329287844,6.559493570023624,3.9171165208825105,1.8457792816459575,3.1608732585214887
P27,shape_sorter_interaction,1,shape_sorter_interaction_s1_80.000,80.0,82.0,False,7.0528231061135465,3.7955589951779554,0.23107119773660664,2.433186551134483,5.0,21.263955156868096,1.6737605255667138,14.896738478037955,2.2359562151171235,5.601999654002783,2.129738419135636,5.810171607579631,3.7626887112079404,0.4565675973864805,3.0996825539759807,2.8689808654227216,4.644227806596838,0.3257689317179632,1.949292240518022,11.0,1.680202048060182,1.8964863173020161,0.9701119639149858,2.085717115609837,1.6644999532522666,2.048198180916673,2.346235442344718,3.6037781220641696,0.27866745612507954,3.2713711732391153,3.5169812426921396,4.058189339577798,0.267040114976642,2.2773624626733087,5.0,4.751730147087342,1.9560475315300863,2.9955474954599173,1.6773033558547041,1.032447376084995,2.16909775050478,2.294465116692703,3.7134619310535397,0.2653712889466217,3.0866023173263333,2.927181953111153,4.272748502960972,0.3619557795865958,1.6106817524626138,12.0,1.2715056472533264,1.7244926874259816,0.9754871266128228,1.716808874303051,3.0257396588955645,1.8875660903993838,2.7062297828172577,3.2505862289194605,0.28912656370305795,3.3787576932759675,2.1981634776325953,3.7755289905594887,0.26359212362949164,2.2193772279849524,3.0,1.7988788607415542,1.4438510655992527,0.6988826547931333,2.228585590744549,0.3749563935381931,2.1516227913983696,0.6806381556388051,3.963365089596268,0.08443868746419203,3.089248213167912,4.44497209191984,3.8990915671799775,0.29207647254674685,2.2788872739250157,4.0,10.693453236814154,1.7003936400170296,4.194263628640105,1.8118399281091675,1.6212352429942047,2.305008567251035,3.5181882054129536,3.979317404104447,0.8661123833050994,3.0688400869921737,4.871309132820423,4.319749759575474,0.2947534241678704,2.1678345486721455,6.0,6.228712179321153,1.6891762929517724,5.703234224395854,2.118434926713195,3.257339108966824,2.2687075112221518,3.8536662314402177,3.716958846621823,0.6893043107373746,3.335855408827704,4.546673752934874,4.594738425570808,0.3778795485296077,1.9370172810162396,6.0,7.173727031757015,1.904869723305456,3.4456172236284885,1.9106133300849735,2.019681871272244,2.2065793010815984,6.166605564679396,3.8537491555595267,1.1312115469856407,3.275150188709423
P27,shape_sorter_interaction,1,shape_sorter_interaction_s1_81.000,81.0,83.0,False,5.8551151329261915,4.308341193461235,0.25372362312542074,2.287157205763032,7.0,6.670411638663384,1.6573527550171645,7.436957109948576,2.279192631664434,3.6986000193290773,1.9822558964459784,5.369934921418507,3.9152040894925637,0.5362744952783216,3.0061978321937204,2.470279740593515,4.635301905320384,0.37341022225529696,1.7278917268208953,11.0,1.228666309479569,1.8132985235659973,0.5739280073894453,1.9565646521430753,1.503630367583876,2.099522764616574,1.7098235568662516,3.831088534306375,0.29867319372894924,3.2173980498782675,2.553614297268301,4.407055864002282,0.33449958244344047,1.8953243274406222,6.0,1.5117662757085544,1.8885029603385992,2.283901963403077,1.879235834152196,0.4848357088681423,2.2216208376332203,1.664285468390012,3.984795011296178,0.29019727410976487,3.0964915061437854,2.5115337384385863,4.6629533933226135,0.3624341113986488,1.618803082973013,11.0,1.4096345873567415,1.9454244759752457,0.7068934131156621,2.1718885992097032,1.5840869809757439,2.2443283989539284,2.645631166588655,3.695146081725143,0.16553547740321656,3.376452035345278,2.033040302755323,4.60542689414886,0.3079778836184506,1.876595908742406,12.0,0.8200657437651669,1.9071470840188482,0.258258711589046,2.0479258564929212,0.3952209578478555,2.247150739182274,1.4333985217082186,3.689168494472762,0.10066742584303653,3.0694641056083736,3.199165111194271,4.817261445711823,0.3756807452035468,1.7654730540291335,10.0,0.9990051727532692,1.8723782170586647,2.1715537278743104,2.2883847054265516,1.1216031830210664,1.9372783199237296,2.856723578211274,3.902619156930293,0.458585913787889,3.1228096994166825,3.234397415321453,4.769550442589198,0.37231031084388505,1.8468116444979024,8.0,1.4718744530898686,1.6723601832262498,2.528267621173542,2.1682221123157093,0.6193630124325076,2.1096966809223305,2.752463600169687,3.9955687680747083,0.6523084365988133,3.3275622713007755,3.851868774634405,4.944953757526766,0.4037345199437498,1.7209829929830884,11.0,1.97423752193522,1.8678975882600612,2.3551991901702354,2.1422362032982396,1.5728958277208447,2.29914420708819,4.373471007255918,3.936378171585023,0.8610420064573812,3.2822882125156636
P27,shape_sorter_interaction,1,shape_sorter_interaction_s1_82.000,82.0,84.0,False,6.336690214630304,3.6943304325216557,0.22394363525893676,2.6612798515875746,4.0,21.15509774009188,1.9363983268767098,9.23652143437688,2.065442012062069,2.701334065041568,2.002732213577878,4.281267060969676,3.9866032769283297,0.5858699369959796,3.1035294068825223,2.488001289264948,4.727729309151823,0.35282664974339706,1.8230797509559071,11.0,0.9386623257714698,1.99742252942823,0.6944301233289212,2.161022018813239,1.5213225085338087,2.216429907974861,1.5957995429002323,3.7784000048960382,0.2584737512868879,3.202543939249882,2.445218271903881,4.273700166847756,0.329512516386057,1.8923348452489566,6.0,1.4421824273560406,1.6549060331692511,2.3682074248579346,2.0118655231337796,0.5669716332272726,2.245258342441369,1.2042078289309104,4.039324763655067,0.24926509261599863,3.05786589127377,2.2513290420000613,4.503017907983499,0.3401118032600075,1.8336324776394444,8.0,1.6913717013118672,1.8497503017565393,0.8944576198918663,2.172542438646877,0.8915768428991366,2.2759681682051474,1.275886603775187,3.728426091161301,0.21250933334404512,3.2576778007190956,2.0431004001529036,4.290637021879443,0.30431315048328117,1.9220392013310268,5.0,1.5164202325045983,1.9629408491982419,0.8088816701895142,1.5857124288987765,0.28952141124597086,2.203253108197444,1.2619108828449976,3.8791338263296313,0.09342454710200086,3.0890661902248384,3.6024801440057312,4.383808875840169,0.2862955126405089,2.233141163223924,6.0,3.4786233141948033,1.843641111364032,3.5573213999007502,2.1980151275533792,1.339230735221713,2.2396326390561945,2.273010238761778,4.029567442018035,0.33347951685224725,3.2994172787706013,3.507978497757611,4.561763050168397,0.33697157079761325,1.9706769625299831,7.0,2.7812452040421025,1.7897052819361352,3.5108724923301557,2.1667206642438064,1.7496574466272299,2.09660190686041,2.6459956701398224,4.127574243193621,0.5895915900524218,3.19774428226359,3.7435839978092833,4.654905924797098,0.3945034888802929,1.7732304852191354,9.0,3.1483934305670167,1.6921899655936152,3.1538638297466717,2.1221926376919944,2.4530266769053606,2.2817978344251397,3.385432042519234,3.9543086098177835,0.9308664512333081,3.2510243795550102
P27,shape_sorter_interaction,1,shape_sorter_interaction_s1_83.000,83.0,85.0,False,5.711871429565746,4.310126666096223,0.2876136425851261,2.096868099470422,6.0,12.92499226221597,1.8422363729674198,7.224223014201,2.242420069128817,4.582380115067355,2.3095718919777766,8.037788060872861,3.9169889570185417,0.5318170822332559,3.114354643844525,2.639721019268962,4.576610124161676,0.33207227392229866,1.9266881616506695,7.0,2.261173313342079,1.9631334411983186,1.3940295445114952,2.1542946483243735,1.3627167629065875,2.298742507504167,1.7976762299561748,3.9500157198825705,0.3046815278308172,3.132468040588948,2.7520564219164005,4.510188734984386,0.32110345276512064,1.8086945068655031,9.0,2.5025588740273124,1.9294652387544668,1.5233392650373845,2.2678115016101676,1.3865367946561817,2.2819852641736516,3.18045473380497,3.556843326327148,0.18489743355139565,3.075715870234052,2.2202739626131,4.8101014401497935,0.384944598212067,1.639304715957031,12.0,0.7090261194254325,1.8051945297123342,1.1944414189376493,2.2021473978432002,0.9308363822582746,2.2924957843606304,2.266645081375545,3.8111293367396644,0.2598434920487106,3.0633167985351224,2.005560962765763,4.469124777643497,0.31220375754418794,1.8825880122925893,7.0,0.8487172072228739,1.930604103740663,0.8986033020891255,1.8885408157508303,0.5479165323906227,2.041215622770734,1.011185002729674,3.7676197108108247,0.08105399180448254,3.239723208747644,3.975487305135003,4.257820275059671,0.28450739636199746,2.169137536186076,6.0,7.218913692597543,1.9226665213846268,3.75698237229173,2.2413063961530852,3.271861422827096,2.286062952098551,3.823844337058473,3.4971961606270776,0.5495828869531513,3.0459964791977074,3.741162521765302,4.4826555707956235,0.3522036712990111,1.8660365693438474,7.0,4.044077877885375,1.6994138232488185,3.1015935031145077,2.058666201994158,1.505024361929539,2.160098655406852,3.9231323655643404,3.9252349051095603,0.7004144743250619,2.982525679505849,4.424728656769314,4.620331871347332,0.36458518132888623,1.8536363634222899,10.0,6.517651858181795,1.7949351955963322,2.4135118733734098,2.2527394808259134,3.626110091857648,2.2666590104614635,7.150639301208921,3.878626674191598,0.7769536661439342,3.106938532513781
P27,shape_sorter_interaction,1,shape_sorter_interaction_s1_84.000,84.0,86.0,False,5.958649367629882,4.1159775692742135,0.2686717535087653,2.2439333834595856,5.0,15.245209826631308,1.7217838995167816,6.625353131973617,2.2059340117189605,3.4630561734634675,2.285290072386424,6.654725184074323,3.952123478137606,0.7836424118537753,2.7755836050229843,2.877820185669575,4.591166890467575,0.32895756605043075,1.9273873154968735,7.0,1.8253089133382443,1.798104190726586,1.7017625913873544,2.1409441553908626,0.8688240654918241,2.2188317027780924,2.575685267051217,3.7783210642927254,0.28408511179149776,3.0540514549880866,3.1495394799222414,4.366486851482921,0.2864625264976584,2.091307390514664,5.0,3.814094047668594,1.8937553606624222,1.7851129404148705,2.2693591418313415,0.9578428770154181,2.279027000332781,2.6247404022107688,3.9264732274332053,0.21888926594122762,3.0486869032946804,2.4259576636088513,4.681021321487183,0.3525805063541053,1.7672695318055822,9.0,1.5728172027387926,1.7882622883659394,1.2428115510963909,2.1856401882473895,1.098915198993975,2.073098164326716,2.0291051034375176,3.9526978751616326,0.22204438423014738,3.102429196030727,1.977892452495587,4.536619060467562,0.3227813547785099,1.8546668012057819,7.0,1.3905433850909052,1.6472934839739029,0.934517787210847,2.249205358214274,0.4839571170544147,2.2267623664677467,1.2789494412187468,4.006888685868336,0.14673934808021488,3.1340726042536287,3.883840600083866,4.5176529221032915,0.3019370823277235,1.9761178267711255,7.0,3.8928777102012084,1.9357973860854507,2.6000441562086127,2.228120383379473,1.5841492310392902,1.9242355647742688,4.0495025947878345,3.7466906503381527,0.38550608941441644,3.0388166506504755,4.125130284531096,4.306727006279821,0.3043552505822561,2.148598359155646,5.0,7.119933667153388,1.751525718190305,2.6082608226009616,2.289547817946098,1.3186006553402616,2.005858448425945,4.477770549328861,3.997687903129739,0.6611513852882929,3.005646375960524,4.49007496016681,4.658501846729817,0.35901757559905034,1.8440862006354468,9.0,6.409632187423147,1.8805131399455495,2.310608725049385,2.2127151170931514,2.4447296494777113,2.266882957703985,7.41440825101737,3.915233810093435,0.6638236238760621,2.913805963624552
P27,shape_sorter_interaction,1,shape_sorter_interaction_s1_85.000,85.0,87.0,False,5.243141354173177,4.401995641706485,0.28716136095460565,2.231527820248584,5.0,8.339546350960164,1.9044440937684137,4.23621894296188,2.1788373750989356,1.5487268635906313,2.2804384660158514,5.132781607593152,4.050819389913974,0.9366530112119871,2.8481568681574956,2.7485214548457773,4.668601437834176,0.35402490936067627,1.874197567265512,10.0,2.255936557840527,1.8417485562013312,0.7324085281961897,1.9220845045236465,0.8210895636027901,2.1344630005879526,2.9482582641543744,3.9103851469728315,0.4435350325747504,3.1164312917370296,3.138553832239193,4.361824137699796,0.2789958545757875,2.2805267535349456,5.0,3.0824939455914757,1.7837150978111604,1.2418511639589194,2.243566620647794,0.7808990912107691,2.1899813294606596,1.845412939534053,4.0874411185691,0.2723236700266259,3.096198049065997,2.2653481195554854,4.619033843691182,0.3258802012406776,1.9953788819153924,7.0,1.2034629428166603,1.9141720844008523,1.0147048158184648,2.1583105125724376,0.6958632378547032,2.099972480550058,1.1804796988513855,3.9308447616653095,0.1493682847748475,3.249993226420057,2.101679422327191,4.796557648640499,0.2858362733247863,2.1174522231877213,9.0,0.5364698761522594,1.9635510440623918,0.4992441555053542,2.213193847882232,0.36608317941410207,2.2837913971367905,0.8940085566149565,3.9445150839040055,0.1089540408952647,3.2429730116881172,3.3619898103632577,4.697222258350169,0.3331208625665207,1.8575316605868992,8.0,1.9419914956964621,1.8970750835768506,2.9297163658103687,2.1390042744673012,0.7190018978911038,2.296208171465021,3.6446745537822705,3.946241954620661,0.3253831051158337,3.1408208983445025,3.807880953806817,4.4233729762845835,0.3260834729199441,2.076701242837542,6.0,5.212051467461196,1.6024614588395905,1.318095545254899,2.2256340749981804,1.573416453495307,2.2790835730900287,3.889199494724209,3.956864569071402,0.809715871481602,3.1382287715468986,3.869729311525188,4.894537981734443,0.4239822060788703,1.7258031950142156,14.0,4.001686414796046,1.7383823503323772,0.8208680981465641,2.240764439864734,1.6414676668901453,2.271505040261596,6.830029421990155,3.9381827482670757,1.3944670531688281,3.1781289397581363
P27,shape_sorter_interaction,1,shape_sorter_interaction_s1_86.000,86.0,88.0,False,6.750779668662564,3.6659842222119656,0.24474887924738162,2.3816543622189945,4.0,27.746280806212955,1.8305256408952846,11.352487566180212,1.6542432313951478,3.394924825538798,2.2263528464641364,7.15203850110612,3.8957959555043185,0.6924698577630554,2.912941211019375,3.130177400725882,4.13063176587018,0.2988917032033456,2.1766941180004715,5.0,3.724224457707328,1.6117395187535055,1.5493875386580764,2.064025064452044,0.6385622354333771,2.270224756639741,1.948867427464711,3.9870056931785776,0.24793904188864221,3.2138312498268107,3.563758911489195,4.217184455773478,0.2888868616607897,2.022826987089925,6.0,3.454510413325446,1.7378094959716093,4.1855071220103035,1.9858704531290632,1.2882146258836298,1.9143379034256016,3.1072419795275255,3.501332639107836,0.28830745276494524,3.1182953071241175,3.937299431424254,4.4176075215089226,0.2703974890110136,2.2528304196525877,6.0,4.406988023226962,1.8088358636874688,2.8270129234213988,2.193829852671846,1.1485023681369464,2.1861007670033126,4.480814383707632,3.7704253795174036,0.35076247703617824,3.0338130410830773,2.644316428019575,3.960511417391543,0.25018719466028067,2.2493080639343597,5.0,3.2707621171325982,1.9604370869640906,2.191288674075015,1.907563961101535,0.44384958491930376,1.9748271085774234,1.5951632085139353,3.5573534468829444,0.09178242661729374,3.3142606858103516,4.707375947432969,4.418801388879035,0.3389067415510077,1.7629796311969583,7.0,7.991846006292853,1.754793733515986,4.2099794415132035,1.8524849682815272,1.34755618014709,2.0926112005849773,8.312052658707877,4.044122709873037,0.5668511421407827,2.938305406820972,6.1495525364023,4.038671115409531,0.23196832169804496,2.745997532211178,5.0,12.049767522902586,1.8664678394056866,7.601751788778189,2.0873598519449352,1.9640301179509059,2.2717214087285655,4.881442172475813,3.777286665162268,0.6547785741350722,3.2268285531102316,5.282816810787701,4.3488837558514355,0.3760235033583496,1.7940810976816153,12.0,6.89139890727817,1.609151673142643,3.383524707230494,2.024069839333908,4.085684940999387,1.5584770874770686,10.674916330289111,3.040770262019067,1.6303450600636846,3.228884021693773
P27,shape_sorter_interaction,1,shape_sorter_interaction_s1_87.000,87.0,89.0,False,6.526295352407885,3.7752860184139583,0.24393801917958383,2.379899207190425,4.0,23.268355173077154,1.7429578193915933,12.335028642529073,1.6711020807998052,4.804233145819329,2.307904987126434,6.9606742734563944,3.8402867738912465,0.5091606091714272,3.389625941941496,3.3084182001533375,4.007457974077641,0.2753352197927357,2.3680805912894116,4.0,5.8367069572512715,1.8123323286442252,2.418686725270179,2.207710260743079,0.6657101863580989,2.266366008673887,2.160255286252384,3.8316845472556817,0.3417619646694179,3.3160687168726746,3.719791312728699,4.502004536064344,0.2924989272487095,1.9582448882250196,9.0,2.7819682591768364,1.8052353261652412,3.4068567169224764,2.1665908784288272,2.9049692891720995,2.289641554385757,3.5902215281961944,3.575538563786615,0.29699177417099515,3.2981944968472208,5.705062335659321,3.8147875524615427,0.24027666954353516,2.2731620346450376,3.0,9.810958118485049,1.7542186044242507,1.8360321522610876,1.9669294668937332,0.9330827034423153,2.109381211437587,4.4969888471525925,3.7927771918736073,0.3546891377472607,3.108906550419728,3.0345568540112637,3.8867543600833567,0.23143163286976826,2.4454887336188604,5.0,4.343406186682423,1.9793123085818838,2.846432190835422,1.9000773653079823,0.5978696122831724,2.03347460860473,1.7251145684968823,3.5514106173381057,0.09850177592216372,3.3374310311992414,5.120439091884554,4.37605179985406,0.3194264416817935,1.872819034130511,5.0,11.103442530198242,1.9764472203530645,4.098714866411953,1.77956589417073,2.6012793570243455,2.2856458027687188,8.038913116479169,4.0484304592948055,0.5713047389941416,2.926595551705993,6.752548487710459,3.6749937781548208,0.22222263399976924,2.746742873790857,3.0,25.80073380259928,1.865090793032974,10.007825985665454,2.1651559419378685,2.4830924028686847,2.0686030596496137,5.709057718437384,3.815377670198088,0.7428927044448616,3.0502507132393935,5.8102209160731695,4.533646139337005,0.3593554807468379,1.914208583350823,12.0,9.301816161736966,1.8501100718766992,4.2196080635243085,2.1017247178521203,5.292168737933352,1.9016764648323212,12.778080059322011,3.2468745184466385,2.1434368412367686,3.2060345975377396
P27,shape_sorter_interaction,1,shape_sorter_interaction_s1_88.000,88.0,90.0,False,11.11631159385792,2.837131163100068,0.1796755127207362,3.4379311049692087,3.0,101.92666542234042,1.5890835259440792,7.199153682147086,2.306597144429332,5.1944925007430465,2.0926234687870955,12.058985296682996,3.885138825501487,1.4343683890352839,3.3191088332847962,4.177505397346475,4.074328274302437,0.30955763496622146,1.9900231586306965,4.0,8.409156197425128,1.680786597120136,1.6377897464720408,2.2433877826500983,1.690279105688212,2.083473153153388,5.974125240799422,3.5417200736310415,0.49929612644558363,3.250975004136702,4.977929919400158,3.5725319737431085,0.24777275965288395,2.440516791363885,3.0,16.847285434925805,1.6485923878461046,2.4419293008690275,2.089602856944742,1.889386908333275,1.739004777957757,5.23365951285298,3.9625520372207377,0.5288373819783075,3.3262462485972257,8.17418049781721,3.414797109492119,0.1666383887850248,3.3017967466955636,3.0,50.601351747208696,1.857591244832904,17.271022821423003,2.2575080829779814,6.250984854204019,2.2345231183402166,5.504537870213141,3.6109558480150277,0.4945752627276485,3.3695914698538743,3.164152643638118,3.966748424921114,0.21179747663472623,2.577235852461751,5.0,3.516953967302573,1.928641965431312,2.749126725226667,2.2162346044960337,0.6770723294023774,1.8455351238524935,1.4915334229850503,3.6615688610090764,0.06626728154479795,3.2451113264310747,6.970373454255085,3.8154218392111403,0.25743938258651294,2.5002036836531913,3.0,28.13739630062429,1.6434614987975642,3.834999449322912,2.161015009837023,3.6851160633347204,2.2074916847301553,10.013037340609314,3.807184370185208,1.7492303683674286,3.2305341769861378,7.595567768934833,3.8117221749138066,0.23333512727549258,2.6770611662389503,4.0,34.28383626312243,1.7931993018261738,9.359562915919303,2.2024572513126035,6.928808635841534,2.1463428414267947,8.819661479844147,3.7656284698939406,1.3712784133493563,3.3557686690828263,5.759280000787116,4.765432435227644,0.4033012248229387,1.8265230174122864,8.0,11.55566133811157,1.9573153255786468,6.244656095153131,2.197610809505451,3.2993984147321864,2.1962452228180522,11.929269865354502,4.030007935676371,3.070520210261734,3.2083990984984707
P27,shape_sorter_interaction,1,shape_sorter_interaction_s1_89.000,89.0,91.0,False,12.112439418247542,2.712109016863676,0.17789958435044945,3.377378986100356,2.0,132.08177012102823,1.5372208009515935,9.804912037996084,2.1965250972190726,3.257591502450072,2.047624023372986,13.84651123435447,3.9828739938712117,1.2187620684865916,3.2366970147117144,4.320210654617753,4.059477123055373,0.317254639564665,1.882478739875272,4.0,8.698806616045974,1.8357652420547579,2.4518421051859667,2.008261741350668,1.6189067591979707,1.6309115006101702,6.003424584093134,3.6965123780174536,0.2990321429050619,3.262981136698526,4.848278129439175,3.331705740735724,0.2485755340086622,2.4927980834460968,3.0,17.86127427281051,1.6312726017530754,1.9042992966023011,2.0262797305920612,1.2470475559415048,1.7749982404618496,4.5427503275286805,4.014072788867775,0.5218608078430709,3.307790611170398,7.054178751213828,2.637201790877895,0.1540120874366867,4.105537902549147,2.0,18.22519626207137,1.0825913152435518,1.138311577638188,2.275565858596189,1.1105650549304353,2.288938127058909,3.4403736267678138,3.795770543505199,0.39493154490063326,3.312250498275725,2.796412963102166,3.9647899089319534,0.237363373767972,2.3344567309772826,4.0,3.190869556452214,1.8437566147506605,2.1433457708425463,2.294433224428009,0.681620672800762,2.063060848758151,1.2807994001715126,3.691135870350496,0.08648084598849044,3.133140897288485,6.965058043502832,3.529320411268861,0.27280432914169117,2.4160135788911346,3.0,34.55635465367031,1.594200027220548,2.1269688614740843,2.2836481818539474,2.2561416655928763,2.288873429415191,11.243918180328881,3.8598123672961617,1.686049998595443,3.174825790040044,7.702261642958527,3.3485249438528317,0.23432446725260261,2.739387915685676,3.0,45.455869839924816,1.6714811215445025,4.607722958643821,2.0548434865725547,4.201966275420262,1.9649942162896699,9.396834461960736,3.8344239175060757,1.3092852269818218,3.326838901012385,5.514109216419652,4.41490437825328,0.3891572016766051,1.8386600812578424,6.0,12.110000197677266,1.677300798251751,5.184972219874471,2.2896463326059813,2.8251847337049494,2.0375564833330344,9.779326149771055,4.0890076186924835,1.1607038377069254,3.2304112745430364
P27,shape_sorter_interaction,1,shape_sorter_interaction_s1_90.000,90.0,92.0,False,6.598331192930958,4.245491926434474,0.2513200347166905,2.4015161179792264,5.0,10.159515775910192,1.8644387169811028,8.405210019796652,2.2279638386001004,4.761704005445599,2.1329630338800993,5.384503525953331,4.138587903493296,0.6895679907577156,2.952377555737009,2.9792998358290084,4.538464152533828,0.34365420059174767,1.761050790996896,8.0,2.348048873507861,1.836003236441741,1.7560210141178532,2.0472317357372085,1.1478090454528733,2.0007575749433704,2.8555621716473136,3.9038341143966835,0.1697475826443854,3.1938578763443863,2.9229172398222034,4.665671560532362,0.3064584308983522,2.0573859776592975,8.0,1.8421566289798574,1.8752850544375272,1.3523232101175475,2.2702842855506193,1.0077773516048625,2.2284651956504886,1.794973686327673,4.016413954564751,0.28484646717170115,3.2888369548615612,2.51821424168888,4.602471986261595,0.33383430706733114,1.8855848256329972,8.0,1.2230483940565708,1.9501505912064656,1.5773933265202098,2.27548713354863,1.2015934522835228,2.1153242421122553,1.421742005398589,4.109780440896151,0.1749088213355224,3.199335202852089,2.534363192110538,3.7005816283325683,0.24810197647138257,2.409733167719513,3.0,4.249587888131205,1.7282552776447777,0.6886395960177496,2.2013072845150505,0.8700316102086462,2.2092510811668022,1.0129423947367642,3.916375835298992,0.12265786498546746,3.3203274312833018,4.32874600062698,4.443582225921691,0.33280540929390806,1.9678441639250206,6.0,5.710433989850019,1.8126629716855154,2.515304301623373,2.2459717007192714,1.9530356125409747,2.219959866613857,4.503149058575668,4.065914164489703,0.4328547916352278,3.2585336471569875,4.6194719458504325,4.452845165709139,0.28960945995531484,2.249444747114163,8.0,4.048811663829014,1.8660514763022804,2.7329214531099915,2.123820405173378,3.0894134288400514,2.1341864957029975,3.416355173816773,3.7997300340497935,0.6103119737051325,3.2221845125411352,4.04726392175548,4.949485204575099,0.38315872061690054,1.773112234950819,10.0,2.1110467735437197,1.7057898218902297,2.402344085495253,2.128560227759018,2.006169083134501,2.064065446072313,4.985984647335475,4.087741277199011,0.7164395841456855,3.1681337373330565
P27,shape_sorter_interaction,1,shape_sorter_interaction_s1_91.000,91.0,93.0,False,5.524682491171858,4.466130621871813,0.2840744136519883,2.120584410249362,7.0,7.052771854282295,1.8092656897059607,7.4124635989588725,2.0938590835909174,5.174712044189983,2.23726494714187,5.774190927374303,4.120081242622645,0.960021396626321,2.9862266734629497,2.674144679060675,4.685978041210832,0.379027325909509,1.548290156434375,12.0,1.6749253101457424,1.9831776998897581,1.0762221283678293,2.075966682826169,0.9016557812094593,2.165029192699472,3.5117082499414174,3.800429645610649,0.13887141281968074,3.4168138123706555,3.3544119906322365,4.358510666929474,0.2876229461703843,2.018378911484303,8.0,3.877310955061034,1.8496933423956479,1.298839075954806,2.185098158459819,2.5752506786159586,2.217425203568343,2.440100574830822,3.924571255229516,0.2866477624177582,2.8735075536926105,2.6764910279494964,4.699122406669624,0.32821055374905606,1.7629264818115853,11.0,1.3080222154320273,1.8734793350994035,1.158697505066663,2.2727703654949707,1.5607008424574,2.2495523860571565,2.527715722320937,3.812865518512825,0.1738681975030843,3.1588509317991416,2.360912996500697,4.0862846210754045,0.2733077917302527,2.160784142900191,4.0,2.340578906142539,1.724644708504012,0.663587820969905,2.0979354441175935,0.3932800840265297,2.284072070076201,1.3578708253968121,3.897929001062184,0.15521056010399764,3.105979971741368,4.658937638392658,4.587340144635398,0.3291641782064968,1.7761262301907041,11.0,5.047486840603609,1.8562429236461961,1.7783682880681317,2.2028391482710563,3.2859151194798564,2.146984830206541,7.61458942651152,3.8176616160997154,0.5249407853357149,3.314738778313746,4.066240225440885,4.556335814971848,0.30001626051477975,1.9499660984911509,10.0,2.901795220463011,1.9269898689458347,3.2913684699673738,2.2526835030836034,4.863603349801684,2.2880256049228596,4.189691573166399,3.7678992425212674,0.3753366204175701,2.9219372048770462,3.73975695673392,4.948540216695727,0.3778131937404953,1.7235546270005366,12.0,2.3934773050728824,1.9926715980820269,1.643713593914447,2.209471129807976,1.9538775395149603,2.205391297305278,5.602255929130012,4.083374553746377,0.4612471456667295,2.9582058980659474
P27,shape_sorter_interaction,1,shape_sorter_interaction_s1_92.000,92.0,94.0,False,6.4876351382727435,3.9538121501673564,0.2562046787681895,2.2522217599823606,5.0,17.758357889139486,1.9576544696820855,13.751180698532364,1.828438862120727,3.702473291901135,2.251141086274714,6.294349079759995,4.087439473325019,0.8866503565866851,3.028891151216889,2.9272446536122314,4.789651724586808,0.3852620680631585,1.615895517857627,14.0,2.0255088477008574,1.8873620516126013,0.7406382982598885,2.257010866012013,0.756591839943416,2.2300606295157026,4.438683488116347,3.9180123106114473,0.25273227696991135,3.236890228442305,4.55389743451577,3.803725492888126,0.2422989119260329,2.323592317768982,5.0,8.179120346313933,1.8148071152866365,7.487629247194583,1.7017455202272769,2.228184698823011,2.1902583771592004,2.6833735385373108,3.959542219260154,0.3669990627704948,2.9732567441180953,3.100846059755365,4.565747510192005,0.33863172438744943,1.6954677061701529,10.0,1.7471514258875473,1.9839774503655503,2.8654899147117154,2.0056891663551344,1.399931770590409,2.086633074289611,3.911024417440132,3.649070369352116,0.28009396986233964,3.260454154523624,2.6759561492830377,3.805713012529879,0.2664379212412567,2.04157952523047,3.0,3.101686441789773,1.6713632780455268,0.5941402774779471,2.215227040642934,0.3793415918017894,2.203275037264355,1.6023383048589166,3.608869207550294,0.12659876766799358,3.1447348377535103,5.071473945245466,4.178606453115017,0.30853779844210094,1.8798435124911073,6.0,7.796929644907076,1.9548983407659821,10.57903434206505,1.9250550293509423,2.560356820389527,2.022325228432949,6.101926826220692,3.8673080566357556,0.3577920510499756,3.3103431481656,4.457052176763655,4.30488459989147,0.3072317146977018,1.8939528270112904,7.0,4.419131529558701,1.7153071535009563,5.863934441119947,2.0812886703694278,4.023361527261436,2.2265375730672505,4.080083131861701,3.5773317373628006,0.5245657882035041,3.0473985316327803,4.260990955113153,4.787668470782045,0.3937913698378105,1.6825620870696065,10.0,3.49430399847679,1.9129810653679638,4.326443051390854,1.9216650105090793,2.1700207916338723,2.255603420580333,6.064106175686221,4.040582961345225,1.0243674126628641,3.182102315181382
P27,shape_sorter_interaction,1,shape_sorter_interaction_s1_93.000,93.0,95.0,False,9.646708168833374,3.5412500867010963,0.20290300965222002,2.976282130708473,3.0,49.887870079661504,1.9095063020224035,14.474841815391013,1.7589336999115281,3.1094694167616534,2.0626029512666175,13.124433481176105,3.650327664396547,0.9946247999826331,3.192094268382713,3.260249215340317,4.71899719951809,0.3735851902440161,1.8153145384870069,10.0,2.376742549733973,1.9142222186514775,2.6683791748225687,2.2018630081699726,1.0198395599190706,2.2803911034407522,4.4858690849853815,3.671211161771455,0.5031034865942374,3.2643665716116814,4.899469188082796,4.0147476490829295,0.2465576858153046,2.536001941614339,5.0,10.393348391984555,1.9161752521379827,7.045719963331919,2.1304676454544005,1.0655266397353564,2.125251167709254,4.432301761890222,3.780933269084404,0.36244855848861235,3.233443111733109,5.2117186004127225,3.7482961570574544,0.26071768575812065,2.267873956771266,3.0,15.069964569717603,1.5508736070219353,2.8955778131683627,2.1030665984008476,1.4697154663962695,1.976229191287063,7.109897201260207,3.8559710064507535,0.33425721563579647,3.2782716582077387,3.3295605681407254,3.998185507744327,0.23872690301000343,2.1745879532016303,5.0,6.024713418697537,1.970547702393619,3.060020716890154,2.190344475714472,1.4539615012871592,2.2331847444898383,2.3831452601734604,3.769891547445259,0.08389142323452221,2.907381695514285,5.8561921652138045,4.563588594702137,0.3548819606831527,1.8449521847678596,6.0,9.54300152109043,1.7796577255654693,6.592565369255279,2.0695450618666724,1.757768292436186,2.2168412543350473,11.104257447802889,4.144463983624994,0.8151626739772031,2.931441618411131,6.8161889201782175,4.233202517956431,0.2898369073441853,2.279241701523921,5.0,16.25808605737331,1.5344678667304459,8.521938805812486,2.306425302208378,3.8710838555291964,2.1825844428724106,12.422538935809692,3.7674271734716203,1.3022089374248316,3.243206459803112,5.50456831586048,4.79551432029238,0.3949697328686552,1.802691512354257,11.0,6.049348497178087,1.8712816106264603,6.453431349653188,2.233578797193901,3.454457893708887,1.9101639575262614,11.313665379290663,3.694994628130937,1.8907176646911346,3.2616602766625262
P27,shape_sorter_interaction,1,shape_sorter_interaction_s1_94.000,94.0,96.0,False,9.218490208699974,3.300810230601326,0.21052701280692357,2.9430806457951997,3.0,45.16931699064661,1.8614665184295012,10.141318259378274,1.541112233461886,2.6694256656765223,2.2877082868455436,8.424147446559942,3.8696941135614393,1.3058455145254184,3.193521880794269,3.20587831998074,4.669975818078141,0.38038975969899813,1.8675631963442156,10.0,2.9571824378871234,1.991889681921709,1.2129521304194768,1.9700262595363818,0.43028264705978436,1.977480355723084,3.607697786146781,3.7044945517614947,0.7398905100867312,3.1589054520632573,4.431650447276489,3.668373213250481,0.24558676944348892,2.6602068586566627,3.0,9.751583657350423,1.7723764859738682,2.2085518221972498,2.0953876989732527,1.049957278502146,2.1643219622236445,2.9255635118722787,3.901424205502452,0.3298407090334077,3.144020554528455,5.321664822824695,3.019153545015195,0.23878957560932737,2.6337085236419924,2.0,19.321350407524747,1.3771368431327797,1.2469953759922463,2.2513732313780945,1.1234021734446202,1.9019582892572653,4.294729921140038,3.9618352089111624,0.37715495584476666,3.2758587478996835,2.897578324787796,3.8952022640839754,0.25702431709485435,2.255084084878096,4.0,4.553939855621163,1.9733671734463538,2.609385339324894,2.029793602373435,0.6595251653848853,2.1268630941950892,1.4620476109427802,3.8923954875137703,0.090406221925577,3.0552066384696426,5.670189890351383,4.209911357811049,0.36490440320100664,1.8263107794535633,4.0,10.46830324236101,1.457784324505049,1.5090958321850043,2.0126156672838564,1.6323720072671417,2.009327037430945,10.354051539750467,4.176545251106547,0.930503635406372,3.0678915711456205,8.103690125551093,3.409958523964149,0.25264657866441304,2.6687972521617658,2.0,38.57382070055069,1.4633175115772492,5.684637869487746,2.223944468747883,3.6333360208507495,2.0956572593727065,11.083783601790223,3.885545152975003,1.7495660347122142,3.1742387092287325,5.572994102716044,4.746606531349776,0.3952351753918689,1.8688690340952896,10.0,6.141428942639241,1.6997933207894302,4.447579978552797,2.1909138500678957,3.03696738609014,1.941695663238554,9.257746201564307,3.744633110396848,2.331168876099827,3.180126979215639
P27,shape_sorter_alone,1,shape_sorter_alone_s1_0.000,0.0,2.0,True,1257.5158149648682,1.4794140784672936,0.18674702500106752,3.2997564257461294,2.0,540591.3949280714,1.113430905525224,1274.2314874081517,0.9901794982679707,21.419855067174243,1.8866035940553592,13.925235229924528,3.898034748127304,2.1695128267160313,3.3852726229114403,1161.347478548469,1.474908364637335,0.189277737255311,3.2692844016065714,2.0,458129.6519691847,1.1120844154635212,1051.9023057515938,1.0057098389593873,16.169486036991533,1.8982622676385095,8.310820576170816,3.7428198388653793,1.7799738782911483,3.35926968525134,639.6146643705476,1.4690250907995712,0.19324059818872114,3.2173497859694673,2.0,137169.15040668123,1.1132992511047484,324.3988627479536,0.9963295012568929,6.273688430190276,2.120710636099863,5.4464441113190665,3.895517058697284,0.7551224762569081,3.309043424434692,299.9811235379427,1.4438260246496768,0.20978370661328566,3.034002143891261,2.0,28931.766674801886,1.1098427112762737,67.6469257175373,1.1331347291007854,3.1668588053686153,2.1926488715821697,3.838431054926682,3.7526953423536202,0.46517244154260873,3.190703991270506,2109.9060830957296,1.4740139900826752,0.18994918992576756,3.262543283130768,2.0,1511474.764895242,1.1115722887710648,3466.756947849799,0.996609198214044,49.489929166541145,1.8239312954700373,13.08973971782549,3.73248946454805,4.9666352743594215,3.4457356618418484,754.0024607047305,1.4718404932008822,0.1921527547567185,3.237499847448063,2.0,191838.27041311923,1.1111038688690043,443.2170054529934,1.0059187894393042,8.74905114810087,1.9588213652477577,14.940221889343823,3.4483463687722007,1.9893819339980705,3.1349459844355483,714.5304872947877,1.4750534361201246,0.18943709748554172,3.273609272800658,2.0,174249.49302774764,1.1095301333153644,393.39321695640155,1.0262796484350822,8.372865108820095,2.0261516696805493,8.515445674822587,3.932918609128205,1.1425860088073572,3.2621641666251127,1118.2511350367872,1.4785755854054285,0.18702926057492633,3.3000223940074354,2.0,427788.0392411429,1.1112382935568026,968.1090977830221,1.00479593115939,19.70747906589169,1.9696275825044731,23.753275724033738,3.7556785044315704,3.0133797773529922,3.2254821670014735
P27,shape_sorter_alone,1,shape_sorter_alone_s1_1.000,1.0,3.0,True,197.68666338982484,1.2070883816719502,0.034502462566282664,4.249512335603291,2.0,12446.706599181467,0.7851012616495473,11.494441430139274,2.044197513037846,5.049462972518814,2.2324929905944195,7.926675504724517,3.956070964983127,0.7885330687544465,2.956430606217779,182.97983553635692,1.149461693557146,0.03383723654079346,3.4242535236393254,2.0,10463.681156862272,0.741939200816547,3.5139783038199055,1.6481869140118603,2.2157946275659888,2.2444359470944724,5.40189168344375,3.668201853499094,0.30670748510171897,3.379936627692777,99.57236025682597,1.1529611318473791,0.03507292089221869,5.634893643093032,2.0,3163.0868661669583,0.7691616931318924,3.790334613369473,2.270197990168037,1.8902300793584863,2.2758066899593326,4.261678488412689,3.9118796253208856,0.34222825702154297,2.963593665909198,46.383836144104244,1.1083214572178746,0.039679540192175906,9.89531297162287,2.0,696.3208570980365,0.7655604140021753,1.6517862068792075,2.2972319386181725,1.7542821958266217,2.2516596355130547,3.531232315209025,3.820454612447611,0.5849214778205339,3.1254088776402256,331.66397374020517,1.1468480674892216,0.033339117555843144,1.3610948161539849,2.0,34533.99346520511,0.752769708924842,6.852796569393083,1.1971404520034028,1.2377621811080741,2.1779443412895323,1.9899361518056018,3.724199399519899,0.1551084077444509,3.120716093308094,118.84277048500913,1.1751239228004113,0.035600543098650295,7.0568676825563035,2.0,4507.78595570427,0.7635677172511901,8.607378813174495,2.246008967320766,3.562861162141877,2.160214693400345,6.611301429837022,3.8448830782445382,1.3585781592018544,3.011043845068227,112.76894461654916,1.1606892422900719,0.03652510226875091,6.8978458038497985,2.0,4018.399132729613,0.7454652581485536,10.727709722410447,2.0218132645461746,3.583499099896146,2.238700107019089,7.46076081788807,3.942441668660826,1.2897838334219873,3.0977048403487024,178.47128795031608,1.1824852693521157,0.03593725926513295,7.091048134580813,2.0,9726.114426770615,0.7374981661852441,7.00662510435197,1.747107633806416,4.425523250328074,2.2133710541525593,13.734302109205581,4.063660759027237,2.4849811500414205,3.143345250037869
P27,shape_sorter_alone,1,shape_sorter_alone_s1_2.000,2.0,4.0,False,27.2187049810493,2.0463704960441182,0.07860087165502554,6.520052722559863,2.0,182.4175237510332,0.9220434144971938,7.8904317610062655,2.238859330843416,8.503380301354794,2.2456482964646574,12.500811072159085,3.7789265301827983,0.8395368763582798,3.1762542169055354,22.21810209827131,1.8269773574867554,0.06715660091474439,7.789492036447904,2.0,121.96556942975961,0.830493847822331,1.3589605691122988,2.166523880282955,4.629058544668062,1.8426494899156305,6.402872320140937,3.510383053275049,0.46366073993112034,2.957461324361041,13.206358332254341,2.2944311831917568,0.10283824412833165,5.002491688337307,2.0,52.76890675784354,1.1362713154088926,1.5210072705762512,1.9819959566054048,1.5939885358233927,2.270982249745977,6.798239721419378,3.602859473483787,0.2409521057005552,3.19625131476061,6.49376406194057,3.674315708219431,0.20941770511556437,2.7958113865240506,3.0,9.698556952438084,1.2508618764476587,0.9350840404555731,1.9956924087100056,2.7293329806555975,2.3055765964578296,6.790893177367647,3.692597525241057,0.2824849216516564,3.1554369384824845,41.046696766575195,1.4430111249826627,0.03882966417909353,7.204561452232789,2.0,410.60170845437614,0.7453539758671138,1.157287597900426,2.2704352604666123,0.8209739082113771,2.2402256612464777,2.4809192701281644,3.789567112803365,0.10566454639976282,3.3967532014750086,16.014012589312497,2.45395178145129,0.11831477856260547,4.756332370069771,2.0,60.745525533163054,0.9644290251019331,3.248912239115242,2.1847183389198044,5.593767419229865,2.3161299459237368,9.88901241027148,3.738839263084472,0.7295525773398208,3.2822188450956125,11.817478051595883,2.8629178667372113,0.1525067913681001,3.974170987287112,2.0,27.659121724925622,1.0335865664656598,3.2759142073536367,2.097179898856599,3.011840868004787,2.0332415828983397,8.704301135597527,3.58593660678508,0.6520649318636142,3.0003891596196275,23.56002797355183,2.0018906933885314,0.09271932139793224,6.813136695051614,2.0,133.31959111474094,0.8643071023634255,5.001249501331743,2.10102769789891,3.231553381761588,2.1962482885046026,11.755800586866537,3.6321584393576147,1.3929599273418038,2.973622797651003
P27,shape_sorter_alone,1,shape_sorter_alone_s1_3.000,3.0,5.0,False,7.594965706612365,4.2335765933181175,0.25799105043794407,2.127147345129441,6.0,14.135268612526797,1.7060779466935627,8.933808440908443,2.221098092274456,5.789060741279439,1.8567505942030538,10.492804915646873,3.816819188238812,0.7656921943980092,3.0392447616080314,4.492017890692413,4.246576829848902,0.26846146511672764,2.166895751831907,5.0,4.476148084981607,1.6985812753766563,2.4084308362916413,2.05263679458541,2.3172868020266066,2.278236693176673,3.7529691866425443,3.7402064364960936,0.3338928906325004,3.1190893705384166,4.309635222048744,4.281827907773513,0.2971240476933795,1.8318767039231434,5.0,5.100482076130722,1.8872330089293845,2.514436078629118,2.17253118849794,1.0272730294409183,2.1455159579835237,4.738098859284506,3.629654948158294,0.3340643448421192,2.5137558388110706,3.7197698581402614,4.504219770654353,0.3409274472205363,1.639472939289985,10.0,3.4588783372459346,1.6704287426286282,1.436323275940183,2.103996939706585,2.097753790775784,2.2554099167396826,4.412482248554163,3.753036737882385,0.37003505810103365,2.8297034764514697,5.259893290833243,2.8645305186450893,0.15599746121797972,3.6203020052214896,2.0,6.6384797822693615,1.062159778950276,0.8751793847968367,2.2597870494914947,0.6141312499734887,2.1858903377429275,1.834335534969481,3.9707312674607502,0.09463320567536289,3.240543463881889,5.7409584048637345,4.608759563309132,0.3339816900618131,1.7698507005608797,10.0,6.064983005866145,1.8309053983708514,5.31223900966205,2.1494030901066172,3.002647391670803,2.1995538015085407,11.385491884500164,3.6488976698992808,1.0130851005341408,2.6297709788468775,4.836839331642055,4.4895402631557895,0.32292323576277615,1.885002561233459,8.0,6.213414273457479,1.9482826087403138,4.339650232284889,2.2090368759284855,2.424452994890543,2.0243889956571377,6.459866925732834,3.56803038049738,0.8902453754199019,3.1051802205410204,5.483142763873509,4.4431659054862935,0.3338639533971789,1.9352629134945472,8.0,6.469233913440527,1.7324578324876192,4.600944157161184,2.20789782778077,2.023598096542113,1.9218322642358385,10.312663388765992,3.5216347992126456,0.9611227834078309,3.0484856065168904
P27,shape_sorter_alone,1,shape_sorter_alone_s1_4.000,4.0,6.0,False,6.400520745291337,4.1142410517176895,0.2725673341897442,2.053201402205878,6.0,13.933869079226735,1.9890880854878499,18.125891588446667,2.1235498149979226,3.4931531311079724,2.084033257414047,9.810155656209465,3.7289570032127055,0.5536684544591932,3.1649503090188658,3.296450953393093,4.588313122976905,0.3177523643096717,1.8412160384029734,10.0,2.3017129143875312,1.773751043482115,1.0820090347070896,1.879879203273846,0.8631423292079352,2.2386716470513734,3.271746918377879,3.8845946911439087,0.2587110835174155,3.277178425204651,3.3892296715051384,4.341495907752916,0.3230841145630718,1.7547238426466532,7.0,2.1469966257874256,1.892311711689036,4.2948689408244025,2.0199668268893607,1.7095233881900251,2.0937411859724975,2.979396315377488,3.8747807008489152,0.25529187714827367,3.08205464171273,3.220787148053681,4.578653627248837,0.3397261035102891,1.701841933929939,10.0,1.886278785323265,1.965987361459698,1.4015178427213086,2.184646660906093,2.38554923209343,2.232058271801849,2.696558258987689,3.747730787565211,0.22089901437860077,3.2424295804797287,2.826348222315932,4.21361077466122,0.3109652370473387,1.7560023703999112,6.0,2.6444482590561393,1.5798774414148313,2.276629386212837,1.7620351702618284,0.6452455489903812,2.233055677924669,2.456865179599986,3.9501911482235945,0.10948636278521542,3.0187054152532515,5.051088826521775,4.486430459042198,0.3522829727573029,1.7425058015937425,8.0,6.975315101521797,1.7756561281273424,5.591171104840762,1.8557795918613884,2.9751106586149016,2.2713222022244173,9.338398677279137,3.7414901890451633,0.7206802153415083,3.3434531783498973,4.292802961168516,4.43624569986348,0.3137952364691704,1.9549220334875992,7.0,4.821900397943161,1.9116150169867498,5.168378758168587,2.0782581015622026,3.435555382391562,1.9758191651883088,4.567386360353359,3.9046503010160234,0.5917588733534239,3.0734026004467614,4.291732521617081,4.66260695300345,0.358444775004845,1.9288212521059929,7.0,3.272434191619428,1.94094158884609,5.296194457699604,2.1992217904861,1.049540101599591,2.0263291197080076,4.957650113282499,3.915781177196417,0.8374108550579287,3.2851035685555057
P27,shape_sorter_alone,1,shape_sorter_alone_s1_5.000,5.0,7.0,False,8.587587285083522,3.664381548067175,0.21668815891189877,2.6075415068613466,4.0,38.725339092969406,1.934560297510143,18.725718203919005,2.056267677837478,3.8191171208487287,1.9989016678974107,8.263614322507335,4.088531822858411,0.7815937587762217,3.1118254383510386,3.0157212853555455,4.651490218416483,0.3516140006304316,1.7193548516479176,8.0,2.4170730437925165,1.9738496473345035,1.237884623392887,2.0084224144436584,0.5020433752186761,2.1664640178113324,3.5205730181612784,3.951342198792004,0.27765361839305014,3.2481425824378602,3.548370689024667,4.205253343153739,0.31940175774598484,1.8690550063617397,6.0,3.0102428217524837,1.5414926916404335,3.6722977021780214,1.8955175597575808,0.5639087277146273,2.0657730850005445,3.434824921359395,3.837718708676364,0.36374388051726375,3.220447086447662,2.6865349598773434,4.791387851620812,0.3730555956773608,1.6700581711690468,13.0,1.6647105390038526,1.935095526439877,0.6704099140254316,2.1518041458039745,0.7062705261352566,2.2105410589667955,2.922247464555454,3.8774308774328574,0.41672395882048563,2.5476441761351114,3.075222260608786,4.19100487474053,0.28248851519076423,1.8278359653914522,5.0,3.6958726713258443,1.9321016799226087,2.7574279769855607,2.0432080100529832,0.76189540503662,2.2114608895043486,2.6156442141822387,3.82538860044623,0.06574120726481397,3.0057231192954372,4.7281514821696335,4.2831137899205505,0.32762114158920147,1.9938556203166096,4.0,8.211523301730299,1.73153628506503,1.8901550021779683,2.0469973903853194,0.8341291465871362,2.242850657546528,5.406354047918523,4.001498367110993,1.250368981141018,3.0310179702090934,4.325277880990111,4.3009458365309765,0.30219186232801426,2.0632270139221505,5.0,5.123057366680101,1.753919871282755,3.0744508940948423,2.175342863265201,1.0565328333296347,2.0011022315914953,3.9894815835534754,4.008842639749325,0.3517724977241302,3.308359892558599,4.418108153237422,4.512620841837762,0.36120315235622497,1.8533438910617237,6.0,5.179300623187089,1.977327971478203,5.109510486724364,1.9326423707224425,0.6689249134441098,2.149769201693193,5.474213776457668,3.9448938608329756,1.1189032647989468,3.2363411226247525
P27,shape_sorter_alone,1,shape_sorter_alone_s1_6.000,6.0,8.0,False,8.276957395769351,3.2663791463608476,0.20076287241480423,2.9134116927969718,3.0,41.874288835925924,1.7625742601703327,9.73443208532409,1.7204127714680673,3.008879032050607,1.868654199365204,7.755418083385213,3.947451027709701,0.6957573756471435,3.0788407175732075,3.0006713939005736,4.575032319281248,0.34726370391193473,1.8217540195701498,6.0,3.3315940915219646,1.980496705857084,1.4960284077786137,1.8288558896353289,0.7554958694581217,2.2309409743616038,3.4231783352428007,3.99643126636579,0.3297044092270869,3.3260257456590274,3.7958375704171363,3.738675484141846,0.28026463172810634,2.290662672690179,3.0,7.511598735994072,1.7319515004680563,1.5684238886211606,2.0570703692090477,0.6333857432050879,2.1011481017253706,3.037841906734409,3.8181462393247667,0.3124336384807819,3.2887761404039577,2.5670127620502527,4.812459153791223,0.3860874393360442,1.6620380357229647,11.0,1.7277783362536638,1.9356326060406095,0.7484854134241669,2.1880038690637207,0.6200279683122247,2.1056448754205532,2.709360823977198,3.996878441010031,0.29179305688558854,3.05673676467529,2.5337443183066806,4.2811031112740245,0.28904169994438383,1.835243597872215,7.0,2.309006485428736,1.644664786353018,1.4388760904557096,2.2145202963075796,0.6924399149962267,2.2215882570559162,2.0337602069533682,3.8777377109834656,0.07241489018471012,3.0981818521788975,5.095831109350551,3.729163324015808,0.2865126526761871,2.3272246900653926,3.0,14.065994288288987,1.670757513775858,2.4788180107491424,1.9372493113141358,1.238411833968328,2.2198454776690446,5.069818250850753,4.0047441099419165,0.7856077825257586,3.087939857645095,4.6799491552056685,3.8871831869230404,0.2717908027824824,2.3849761008318633,4.0,10.21505299012691,1.699169515845775,4.265471461133499,2.160048690039301,1.8709866813659308,1.741072363860923,3.952454633865043,3.9785407057778635,0.44657435723726974,3.308724887791756,4.755445414707349,4.62999445348353,0.3614553581428224,1.9426077429648856,6.0,6.93456341105369,1.8948615601684429,3.910186729950822,1.8925373762180635,2.0065505099317527,2.271421023954157,7.337931286548575,3.94896386495686,1.22788808589275,3.3017797128164132
P27,shape_sorter_alone,1,shape_sorter_alone_s1_7.000,7.0,9.0,False,6.192289241085911,3.775249643028464,0.24754481776195494,2.4030215804357744,4.0,18.496569032953367,1.865463614709295,6.996745603177972,1.9815493661525985,3.1903918721681634,2.285088724299579,4.804370940055292,3.8031601555615278,0.6451113764716819,3.114568509866934,2.744642319220709,4.560861102925337,0.3602984141267496,1.7755568291338806,11.0,2.4489376699258516,1.7372283221684186,0.7409614971428921,2.0871265373845516,1.1348218975664255,2.20548354944094,2.9851361201731645,3.769943046283677,0.3444716289138007,3.222094569498098,3.7749825799321903,3.9027604936848204,0.27211169682360353,2.2971737557431426,4.0,7.0118904988741155,1.8990627080555962,1.875636990066987,1.902713989551628,0.9837752825606011,2.2477256364507494,2.3231658730700206,3.946213614740961,0.3778841676819303,3.194371455497846,2.8589767665164803,4.730485298526221,0.3764420563961485,1.6244304534056555,8.0,1.8248541356382566,1.9525569007582115,2.4484349451949843,2.280833641416687,0.6598531859550771,1.8964741865692527,3.4115520948393283,3.937329654585693,0.366045164917841,3.126909559051048,2.429192634011103,3.8355948015680825,0.2960561044328827,1.9080070218557823,4.0,3.6628794639866156,1.8248690519678143,0.7833666396586667,1.9947557019874111,0.2872420112325974,2.19840427481307,1.5896800326205223,3.7997766774145205,0.08651689086487277,3.2939532886966236,4.705654284759535,4.348001535535508,0.3234910413631599,1.9582675374792216,6.0,8.037164505945977,1.9573158584177777,6.345419470944725,2.010461529745641,2.4270949408646176,1.976932428379265,5.545863368799408,3.84001074949756,0.6617995979605609,3.354409861899168,4.098295003306743,4.522075171521915,0.32688755330155245,2.003646904953503,7.0,4.701625208879436,1.9817557096207825,4.410157850271937,2.285074800428504,2.7049500286482937,1.7752705446964971,3.9779423670806224,3.9750414155764706,0.653023722434394,3.3566308753903464,4.538275535783053,4.222268290844466,0.377421037460753,1.9478273402523507,4.0,8.291655082130365,1.7399071875102277,3.2713626020748996,1.9649909168700617,1.9005339724303627,1.9632761171547521,4.1847171932882015,3.9243720729777336,1.2484135003954482,3.0344399702243576
P27,shape_sorter_alone,1,shape_sorter_alone_s1_8.000,8.0,10.0,False,5.62756795200713,4.1502026842631174,0.2813188674607566,2.0966154817869844,4.0,14.79145186769992,1.8607395307064027,5.510927842349332,2.215498432218409,3.5575726619391674,2.2934339234079686,7.301561752143089,3.7433117022542888,0.7972501928125174,3.041663602491085,2.6470711758697756,4.656224440934573,0.3797961536892751,1.6275190403384172,11.0,2.14753197864061,1.8566635880294706,0.635123577854882,1.564917016460937,0.6340926982643266,2.2510496041816186,2.6927782313783855,4.029696005149799,0.3238663490603813,3.18431813957363,3.2466948088812693,4.4728180821277626,0.3114282912128023,1.9531021744474428,7.0,3.133962732207566,1.9088188241474284,2.277304188275793,2.178407129396517,1.3874361191355473,2.1107972577741636,2.7450288165952763,3.832355824610665,0.32177989946109853,2.716821350434741,2.711507779560351,4.715993898478728,0.362059425291038,1.65517724593378,10.0,1.43466280719416,1.8779833951393892,1.649299555860119,2.284917159594924,1.3852473597474726,2.169812722286739,2.509857466962716,3.8555760253437676,0.25007576324391445,3.1602793492701586,2.7424608588682027,4.057747996504139,0.29402584060860326,1.8920495243971576,4.0,3.8217802260290528,1.8976383527481233,0.9806793643617449,1.8370400682394983,0.5001771618523885,2.1736024440359976,2.324825265217381,3.6588116977514655,0.11553060883142419,3.1267128273163207,4.174520166417336,4.575224474806473,0.36985096228392256,1.7362739860283474,9.0,2.7757662903519718,1.7670864980706074,5.778270914439661,2.2460305098802764,3.8827255492493067,2.0554071050411524,5.2227959166344595,3.8661463165968155,0.6306743304030069,3.2925674477388887,3.7550292959030003,4.6353915654580415,0.35656732567141736,1.7755860518673396,8.0,3.649604398139286,1.9222040348817173,3.5157220715973376,2.2545702824870046,1.9492305579342406,1.9786342303221407,4.4234763929336065,3.915400169664071,0.6338022251627315,3.2529622381221723,4.120776909737866,4.736749896928852,0.4267564310233236,1.6099187298420956,13.0,4.617258225358437,1.5947040734354432,1.0602033367989743,2.120783609973035,1.2708482946916018,2.0486651975289236,7.124744111000418,4.129667771740632,0.997247951412909,3.1109222741790705
P27,shape_sorter_alone,1,shape_sorter_alone_s1_9.000,9.0,11.0,False,5.281808948573354,4.481459186854258,0.31567395432920986,1.8376374451474837,9.0,6.039224776439012,1.7520338839728418,4.6899291739168,1.6231636869194763,3.798532017595738,2.234734728687436,7.220392337443076,3.8310459766445466,0.7000714099540607,3.2451330316370806,3.4128510796796308,4.796169915924317,0.36375247564288576,1.5449229658348973,13.0,1.0093354403687262,1.9494045159473332,1.9183755988462217,2.2989357575521794,1.7169893598921808,2.02622673562556,4.3315959316032,3.734853948516429,0.49381207949674255,3.1883705569202996,3.44993327315985,4.464893465214737,0.33137904666547063,1.6855202171344923,9.0,3.072097725050692,1.8769700208479323,2.5804401001426718,2.1971606567579376,1.3675446167089422,2.134382645939366,4.334050403944439,3.4061349182282092,0.35338244794975066,2.9307234598152285,2.6713175579879045,4.687999127379615,0.39942523904137733,1.4598852400727542,12.0,1.0600930254045307,1.824871167176131,0.8701426366956853,2.2264380705655,1.7965371031861874,2.2034208978747256,3.651335345232766,3.6954519616474553,0.2379594949839189,2.7675055156741672,2.874784274683341,4.544807408340928,0.3301815001660763,1.6000405516312235,11.0,1.3163734393887432,1.9256458635991762,1.5551731987804966,2.161634120726588,1.5699167702012458,2.0395652995758033,3.2530516586172276,3.616566927004942,0.11265402881705651,3.0159891146967626,4.464186610178692,4.73443136856852,0.3825770658031142,1.5954370524455543,10.0,2.683446869373741,1.7439190565415614,4.447685565808344,2.2925416803265843,3.962543410818493,2.0713753346138764,7.4693171347807885,3.8375097573592782,0.6840709301291908,3.322446611291321,4.04331190633011,4.516765003466666,0.3415554360943902,1.6535964825183653,9.0,2.9252223912196476,1.9015542843068642,3.4486701576796355,2.128319335079768,1.633856096351674,1.972938484202909,5.750974217063021,3.4877173846872616,0.3954478462568479,3.3919442178643484,4.3054294410646365,5.082725270208615,0.45545076791143785,1.439566210899984,17.0,1.4560614640768785,1.9388491341624148,1.977026061410706,2.25763228495201,1.2592039512423718,2.257209694454652,9.882748760446232,4.008540955583771,1.4262288158085268,3.334283887871105
P27,shape_sorter_alone,1,shape_sorter_alone_s1_10.000,10.0,12.0,False,11.686651716029237,3.4702577872371383,0.21239135566821507,2.928942088695856,4.0,74.00334932881118,1.9379904613749532,42.74138801136057,1.6739574546410987,5.676125950829821,2.275641713246549,13.333885295193307,3.9149251753243863,2.0163963778411813,3.1447046795144056,4.369509810765739,4.999714263069193,0.38082143482210973,1.7478915941358206,12.0,2.198899568456141,1.9275323839682172,2.472040140862901,2.2997687725405602,3.0707996024175177,2.276826837407138,6.617432106102825,3.8727717463228615,1.4868386417181165,2.9768181087838697,5.183007086245317,4.495268864421546,0.33059308887069716,1.9340488051632871,7.0,8.414710543903988,1.903835860310937,4.634471926465249,1.8505012017550233,2.730431521474821,2.180240994551532,8.67453043794968,3.8369076942053675,1.0811190287938661,2.9279811759464693,3.5051842846903227,4.757648912606365,0.40672461932089116,1.6039479561860719,11.0,2.5917220133431944,1.731407255303024,1.6198737086984814,2.178148175633939,1.4003114898019178,2.2380657845911025,5.0317496145371114,3.8974427063818196,0.44102382124154915,2.8621608254333064,3.540424371434359,4.2615306061289635,0.276401004842094,1.877338597516987,7.0,2.6917670289505837,1.9420654597323532,4.920563501485911,2.1640202380727214,2.041830492529533,2.0248244088428367,3.0931730339297507,3.658636285781949,0.13318628672562702,3.104033410357663,6.076225149343975,4.561364475133049,0.3720909506752069,1.8584332706332372,7.0,10.395626759856603,1.9436075129080765,7.586615664544819,1.6281396480461243,3.242890796524097,2.2134540268619562,12.527634718869919,3.964670144808617,1.032723543284223,3.1357267545752965,7.976366050438728,4.501394404467242,0.33051958423189814,2.0891230738352067,6.0,15.143190996318218,1.8682011828280856,12.461940892362597,1.8772753933061328,5.179021629544013,2.1661785263415245,15.72936665797901,3.780318903787201,2.631484068767863,3.0008875295161124,7.370391191091,4.556640886974235,0.37944398824635234,1.8643799541177932,7.0,20.481226456555326,1.956603169902575,11.120510348937746,1.960314045911597,4.926893403568595,1.9186522684579708,14.981101257345447,4.032830741885298,5.273841283317615,2.957784555713733
P27,shape_sorter_alone,1,shape_sorter_alone_s1_11.000,11.0,13.0,False,15.867285852204342,3.3760872890247393,0.22484922611137967,2.878723819760875,3.0,178.97664671795786,1.7162268811679584,33.692920526904196,1.872101116537358,4.770112186451536,2.0180021062070415,45.34367163284307,3.955678702371034,4.614258609456273,3.3937883641661575,7.056059429111522,3.938745243224643,0.3204414371990716,2.1735959302476187,3.0,32.5650275795693,1.6219272695128768,3.281607147789114,2.244757751237731,3.4093428634352145,2.180924973206751,15.665972865457148,4.062469209954947,2.8089594763340906,3.3246337567344466,7.16231587024271,4.138461764331221,0.33402669594228424,2.020630387787919,4.0,26.524041259809486,1.6390959022872353,3.7518268018755236,1.8771803822111544,1.9431203410523974,2.265124977106237,20.541980160189187,3.973866962679087,2.509089409982707,3.3580275985227153,4.729623633028913,4.7033083046788295,0.3901261884959283,1.7739531724579796,12.0,7.970514016010785,1.7320023465926417,2.454617112644369,2.0298269397620587,1.9123770160296762,2.2686346578674366,11.390868279413354,3.965220508291939,1.5402117153298838,3.3682687477782656,3.843337154820083,3.955412715620671,0.23780080417503296,2.3257995846820836,5.0,6.028757328470842,1.9594329172876521,6.977343520127556,2.092009571636959,1.6244921745445586,1.9725990517862833,2.6732446296415855,3.6203532130853673,0.15217933173548923,3.3136216209523557,10.096558309221061,3.7386572927179196,0.28388778328897685,2.4425964286586153,3.0,63.16385191907465,1.7197567889551848,6.663946438123313,1.686402544275891,3.3701397150256063,2.167034300392296,29.31366891702464,4.001855394472039,2.025913660818947,3.3874851162672477,13.238442459071122,4.3981148820434415,0.3401306552064542,2.0112500981780776,5.0,87.63725411444265,1.7855181613403617,25.833313376882256,1.9479289930607069,12.030885427626828,2.290931186633599,74.33596667842008,3.9387578554504654,9.647221625468383,3.3642941030450677,11.709726643201462,4.007002062869482,0.3463893342918751,2.119919701404207,3.0,79.50525883432992,1.6640347099069084,10.511905940540903,1.8367911472165015,7.3490176484184175,2.2129364918760444,40.29624369165734,4.0254517280021425,9.954354808488286,3.321692923484275
P27,shape_sorter_alone,1,shape_sorter_alone_s1_12.000,12.0,14.0,False,12.023484602533243,2.7736395446536912,0.2468438358983342,2.613484457673827,2.0,52.38301168358393,1.3386979192895465,7.984469819989157,2.11623501058917,2.9122374615609443,2.203718127596063,5.999485310228617,3.699700702910617,1.095595312136947,3.280965387536656,6.6899591854895135,2.7956712972195406,0.2876610452259776,2.3645897619639773,2.0,20.596432393929998,1.4265210939093618,1.016171793173921,2.1666602795743284,0.9900657936470941,2.272326532950084,2.6130872944063226,3.938254829649888,0.4501431870421138,3.32987391950227,6.061595951128968,3.2766423621415774,0.32532983367487023,2.0397155240387383,3.0,15.616251624202828,1.7749112425916849,2.5054417239772246,1.9238934369890115,1.1561954406157675,1.886700704470001,2.678169081826509,3.8348794448178913,0.43661290695827354,3.1469272975555334,4.045880487059883,4.116839320012735,0.3868467043678791,1.758606306454718,3.0,4.6127546649976345,1.6855783583015578,0.7390346391449993,2.0720571626956996,0.964892439290243,2.1542463329222765,1.9297704027079778,3.9700366187522906,0.6363939549487924,3.335824652706803,2.8876658703457294,4.037913826960365,0.26558087449663975,2.238544621042195,4.0,2.289182718835935,1.9632838696054444,0.7269198300457376,1.6566069196827358,0.2478864003200988,1.9779718650651814,1.0938395874484599,3.939432093819344,0.09954323320447574,3.228836756168516,9.107486643912006,3.1118906649056113,0.25925896804161547,2.4953344999491174,2.0,31.249777440176874,1.6227495914330783,3.7653586351003177,2.042216828378731,2.618569889225931,2.076131827621422,4.560415501442934,3.8974818188973166,0.9473177925793523,3.261448052203358,11.673754200584678,2.9670476694596455,0.3296910974463617,2.0245524593866953,2.0,48.17341044188311,1.4353362660645144,6.407551832645505,2.0777971781650413,2.723621378021236,2.0986010125075043,6.406262595676441,3.798592399813181,1.3526932272698158,3.2676213497164053,10.120823580244549,3.0743560410784303,0.34101889455602896,2.1582862592183605,2.0,38.48887014562997,1.364084645844299,2.7178964965111403,2.241721565086203,2.9672456886789305,2.1043437082553806,7.4319706918987665,4.0152033528354405,2.013410948359052,3.2829375655311606
P27,shape_sorter_alone,1,shape_sorter_alone_s1_13.000,13.0,15.0,False,5.7963563616814735,4.197629353562991,0.25158652634262,2.4884971113391154,5.0,7.99438009660149,1.680884938037653,5.088335806264357,2.10767547211916,2.839836669077475,2.233180315572972,4.848775069857849,4.014435234209158,0.6221550664507087,3.380213494461674,3.0756862418504145,4.113285285317958,0.28488627807014455,2.3383810551782007,4.0,3.6552858477713626,1.6229672241809814,1.0627487085202858,2.029266862550166,0.831673140207985,2.284590823850599,2.2847021936300376,3.5604848908900357,0.300772633671247,3.0447934155208007,2.8561020727846618,4.2658736646151585,0.3137367446609036,1.9874397415101321,6.0,3.4779280641921253,1.7627236942546465,1.2041406310153884,2.143541796733897,1.0992639770154138,1.8950607993509663,2.3782624090087885,3.7868087983442287,0.21197034954442429,3.2587790294790255,2.4894868860247783,4.62312095902732,0.3457278191113606,1.8978423669143072,7.0,1.735117476301567,1.9771434015167832,1.903810528730847,2.177705940431796,0.4091375249093954,2.215944357025081,1.9368401949819163,3.9488019057514796,0.38645768603279146,3.136870606605802,1.9697360208215935,4.496830530966781,0.3167724756864035,1.8341032426815118,9.0,0.9057105974475385,1.859014295258357,0.5913156523205452,2.063960074337249,0.5865090182049535,2.2103129060250177,0.9056972125682861,3.901855388109714,0.06631608405567821,3.2435612633324853,4.072742247082242,4.759985909984443,0.38427792390880544,1.773862291427293,10.0,3.3192565057210377,1.8481338424677123,1.3223281929457298,2.1528140810118805,2.1007912362515766,1.9877253245999995,5.6741722635128395,3.9736199064942888,0.7847337753198667,3.2361344364104894,5.069990952193825,3.850959090642272,0.23136080419581906,2.8039558996021676,3.0,10.968782603759994,1.7803023835938911,1.8146018113725295,2.2268833753186144,2.3695815036890875,2.0969284524599425,3.54151744213852,3.6792942140360774,0.41530671264364083,3.3571198978424266,3.8266667433147137,4.589975516625355,0.3539918966264947,2.0077578059244434,6.0,4.162803560276364,1.9281627672070303,3.4090139282077083,2.2136542762449802,1.4323227367132871,2.2095617962984866,3.1699594999944596,4.0670903484153245,0.57414844064821,3.3493836252833566
P27,shape_sorter_alone,1,shape_sorter_alone_s1_14.000,14.0,16.0,False,6.085773905385411,4.016471186298579,0.27949556296906014,2.233985341646476,4.0,19.20931918853595,1.9805004748444666,9.029924897630996,1.7610638262751037,2.94065215440822,2.274765305268903,8.14559865821968,3.9391783630024184,0.9217846968063906,3.077436119369217,2.961772963943807,4.303450570359242,0.3031349482509529,2.191215334498963,5.0,3.599677225017127,1.677767334922215,1.2297778458536746,2.191727698795464,1.202147963728828,2.1687817543062717,2.20793777916324,3.709004050476042,0.4895253330617266,3.260825191783081,2.9220747255190007,4.226597030176843,0.31772344797060237,2.0319545397746506,5.0,3.997180440547127,1.9615099854862132,2.1946221447414778,1.9588715688830307,1.1426934121608512,2.2019930193650925,1.91671063147398,3.9604321784904934,0.3441299043429091,3.0847500736546065,2.8135915377047223,4.786081410216722,0.345901410724576,1.796441658765442,10.0,1.533532794786368,1.9887218087974912,1.1584361954703235,2.206614665189433,1.1931355474174576,2.1387318121263172,3.2167876339936563,3.8872854850268266,0.24747173678905976,3.0587771929839676,2.3941303942788132,4.184922797019885,0.25848828965128334,2.2028162282147776,5.0,2.633854179689002,1.8139060010724435,1.035699306352057,2.1567882224432124,0.8293579968670997,2.2403893038165945,1.3339818336868283,3.9930405455077724,0.08879882343164118,3.254400722838162,4.529682801241342,4.567799695158446,0.39035307872171593,1.7706098060003044,6.0,8.246690310787207,1.9565418139432598,2.695411829076322,2.08010192884501,2.829591393032829,2.2539465099384715,6.275888285427498,3.9637077473533044,1.254040043743077,3.0326413130185843,4.446161853376516,4.539292149739043,0.30845104286187663,2.0914030189196207,8.0,5.695173603330133,1.9093883903711548,2.4805007595284643,2.171907311469732,3.036804445560912,2.267148524815895,4.9455461142121795,3.8543203802852686,0.7803092600240178,3.1496062950734642,4.365386691446447,4.616837684097753,0.35727628130741906,1.8718922076960218,8.0,5.14227553531819,1.8982639063125337,6.815046395162091,2.2301248737733808,2.562855696774382,2.117282548996573,6.960229342456674,3.760565781798115,1.2298178620270659,2.88357767577747
P27,shape_sorter_alone,1,shape_sorter_alone_s1_15.000,15.0,17.0,False,5.3500120088845255,4.486586582926783,0.32063877840633365,1.919753416182186,6.0,5.678386199779975,1.8329341048042036,8.848839997013311,1.9542658518836546,2.1598135697103493,2.1381203107271998,8.748996948827397,3.969777326428504,0.8673659895609109,3.020610856170054,2.890661803861771,4.658384643655226,0.3428893523453747,1.919133264055469,9.0,1.8226480050134493,1.9000897721357575,1.658067967637759,2.225755104831905,0.8652729047139163,1.9988503961771968,2.4758743365679288,3.68403254968917,0.48456423197990667,3.01785704354732,3.2589785297719467,4.248314219876723,0.29344870322663735,2.133704240815178,5.0,4.796277221653993,1.9759144078636202,3.3718609087509472,2.1800374334796473,1.2675613688798089,2.1794972863084183,2.415859655568837,3.893259554473897,0.31604883796137057,3.1222250737005197,2.710700864308067,4.798898172087383,0.35572034771979094,1.7597548700210415,11.0,1.54973836842233,1.921662735073287,1.0169808130822608,2.2971584696443124,0.733176584090949,2.2890036727262433,2.9031829746506363,3.8444493758868092,0.2649705124312383,3.3034973899472404,2.364454455381246,4.2390244139806565,0.2853573078013771,2.04308537729821,5.0,2.215869572763948,1.755723158560889,0.9313951237741747,2.084775871980185,0.8301812997881057,2.273149338365491,1.2350350724935115,3.9863284993245447,0.09703401361912273,3.2375573163759905,5.048477347077978,4.7680435631491225,0.3647952380127931,1.7982268328586883,9.0,5.930048255744282,1.9280256618451797,5.400852970692091,2.294605971397827,3.3000010404810842,2.284148827137871,8.526763433159694,3.8430341865727904,1.014973991414226,3.252936925046338,4.079581839803694,4.496876865634815,0.3333839329983589,2.0244049430375775,6.0,5.116369816651649,1.9763594363158217,4.39132770723656,2.1405264004350983,2.045159255806639,2.146812681419592,3.92458756581426,3.934208165534469,0.7043614395103395,3.1048329578056673,4.545799365480336,4.882798101203164,0.3733568504674841,1.7731481314343733,11.0,4.314113443069578,1.8202667747849584,2.2099433356717513,2.23681134823551,2.382169313296904,2.3047395843274425,6.299011676677101,4.032204329754909,1.3753500509323728,3.032053365127096
P27,shape_sorter_alone,1,shape_sorter_alone_s1_16.000,16.0,18.0,False,7.450450252406723,3.7729684238806422,0.26321831564837966,2.2741557366835,5.0,29.88701821895952,1.7495844463733667,23.882403645517577,1.8685989724001875,3.431319139729923,2.2420324842677037,11.52859126551266,3.799233911883772,0.9918301576313564,3.290286178111713,2.6467047052915054,4.872800708300018,0.4068055261694371,1.5703161981687483,11.0,1.4602404374884395,1.9112377050185023,1.0754334704681114,2.1709485923798346,0.6590763859259712,2.131763847680456,2.5744268460237496,4.024328956597966,0.3218410178495821,3.1093889507849823,4.0127014213503855,4.147396858829396,0.2887077179383002,2.164539818252286,5.0,5.467868170532309,1.9529659171353946,5.7462092107976535,1.9873197007113477,1.0767075436678137,2.117107692132838,3.2120019429954247,3.784776629955681,0.43947274516003415,3.0520124493142498,2.8691988710691616,4.538997697680218,0.3520372157145635,1.8778953922629429,7.0,2.691448437656751,1.9334398388137475,2.336741596849399,2.286991355945118,0.9231376007489618,2.194820665454794,1.9952116025479032,3.8859131260047035,0.39887985538191295,3.13716353632982,2.224015370395596,4.63190637227424,0.3404998879614353,1.7570601603967353,8.0,1.2264420153360633,1.957486696349832,1.1523478094561652,2.1494183945853025,0.7192491666152486,2.1126355112814763,1.63015415868541,3.990108080419448,0.11473510000890108,3.1841256783907994,5.940798025531706,4.505676117512218,0.3478268492394988,1.8309675103835645,7.0,7.502420240639179,1.9566355186874014,14.104480178390611,2.202636398150049,3.125466611876145,2.290696900402277,9.384081494123947,3.822569046668527,1.4638841588177174,3.1418326272070365,5.376291053099237,3.708256919130254,0.31110125763188184,2.2242035563388507,4.0,16.724016556995547,1.831731999120799,5.064427498578043,2.1781254541351096,1.564598281514832,2.273066068519232,3.1410118350139977,4.025803944537278,0.8989848873831126,3.0604428006694504,5.597901819653772,4.225969043509663,0.36088411785986096,1.7474331863831312,5.0,13.2528837138929,1.6556223884457566,8.532473833343838,1.60715654726938,3.6378626244456025,2.2227512886995027,8.850959969725029,4.1204616673419165,0.9763878927393337,3.0055852607022886
P27,shape_sorter_alone,1,shape_sorter_alone_s1_17.000,17.0,19.0,False,9.909050858473654,4.18855208908858,0.29856953536667835,2.198041652179804,5.0,43.41509784171942,1.913544771493921,32.39610321525071,1.911743135121097,10.673300872993973,2.2383076380096183,19.99437457377452,4.058428390014507,3.3940981189516455,3.0691165149910806,5.140711436231577,4.811493313939521,0.37814573790431544,1.7660798005912735,12.0,2.4265485122469035,1.828197404671525,5.942394897668609,2.0330854859611835,3.733288668255911,2.1627467099825837,10.299833285592333,3.8656150504163613,1.1805383558739733,3.2132789543459856,5.743255356847149,4.566350694337866,0.3488502387125979,1.89962284454161,7.0,10.215920754850522,1.9586613351368003,10.106872156981895,2.123470745195553,4.956199857231053,2.1702699582085354,9.727945729202876,3.931023131868283,1.6290730453347542,3.08401521088512,4.153059937047897,4.855082661617829,0.40053821560529307,1.6382653258848887,11.0,3.931666967942053,1.8752675771822482,2.6472594596199395,2.2699388471828064,2.6731973370479505,2.201582015404802,6.5507827778476315,3.966338003017583,1.1440397799334587,2.998620954671139,2.9001438079347666,4.502081337027843,0.314752551346622,1.9060005339259114,8.0,1.982126769883274,1.5307934305973727,2.669034856695294,2.0761432861256592,1.5481992833739746,2.168273301115153,2.792507992437673,3.9391336507468533,0.2506218666130609,3.197003246710302,7.149405634599016,4.836260379702451,0.38661950073002116,1.7913146415840868,8.0,12.414000263867393,1.9138106739814975,15.745501093923522,2.273460659938312,6.943839230739648,2.2163235459236708,16.823281509340205,4.126750278368289,4.110953866971861,2.938560977463752,10.014346408979923,4.720904126992563,0.37723587337093645,1.7915025360162948,10.0,31.09112524342727,1.8648476029328624,14.01865553276022,2.230718440061569,16.77081937371301,2.1808154896410263,35.84332292930325,4.009071928529891,5.811688648147551,3.2337245403353845,8.821023831332528,4.861127724085321,0.4411671944942639,1.581915517675849,13.0,13.28029719909723,1.5451208722939187,19.458122057140198,2.076156803330933,10.598656192065445,2.020375190061718,42.938921614174475,3.8701992162496324,5.889326071224641,3.182514985640664
P27,shape_sorter_alone,1,shape_sorter_alone_s1_18.000,18.0,20.0,False,8.919294225100028,4.369871335107459,0.3251736849171676,2.047759470887737,5.0,28.53402199185192,1.987680973722706,18.55736118549988,2.0314459397742235,9.428567374745024,2.1798460302336884,15.133826017772261,4.003448850554915,2.958017658773068,3.1700794597128223,5.832840051074726,4.609237321469186,0.3644813528232637,1.8528437380613119,7.0,11.120027125882956,1.9429437683735635,7.131587785757405,2.121600661362584,4.387836377274413,2.2113508560025448,9.12461935940116,3.930018186042551,1.5850049441440532,3.053059682025202,5.547672454719422,4.715837014390918,0.3612078892843403,1.8712555634607684,8.0,6.725366412795539,1.9203586299656838,5.738469588256141,2.2223924784403084,3.8644365649673356,2.1836712348522718,7.254029987987476,4.035082836871205,1.5337392515253245,3.186960675240467,4.413665245903807,4.72859106719989,0.3797618737325001,1.7776419012541678,8.0,5.298227502447833,1.879584139304204,2.7148719047569774,2.3206624911326434,2.011391871014722,2.248891168877627,5.238565609823364,4.048575358973762,0.9664055958461655,3.0351798521193327,3.234994774320723,4.26753590348669,0.2786513719923601,2.0935379192086856,6.0,2.997108740377123,1.796472345715698,3.143001867691367,2.0412729297125822,1.575298664663758,2.2103704323872027,1.990264555069401,3.943439003902332,0.2191450041033226,3.0780963300420296,6.5148542334267665,4.7451637320540625,0.4014428585944954,1.7531785941325695,9.0,10.465603807209376,1.8198266860506545,7.035438480882243,2.2187507997513123,6.66454097521984,2.2688084317986363,11.722654949897995,4.008842248468942,3.5331018518257147,2.7891987081538367,10.213274073598004,4.722866765501269,0.3836477657330678,1.7567945984759443,8.0,28.635748794534297,1.978515257867505,15.798829131697014,2.1951933005981785,15.546140008321855,2.2464007293245545,26.57470371897402,4.058147433925521,5.409508900706027,3.015998591403763,8.906199638762324,5.004516799858051,0.46560135939115144,1.5406467317812247,13.0,11.757122357392834,1.936557868488415,18.321879501423826,2.126186634776886,8.965607378666338,2.0272776880717904,36.41349690313104,3.886997078797563,7.406954363004687,3.3613152571672074
P27,shape_sorter_alone,1,shape_sorter_alone_s1_19.000,19.0,21.0,False,6.346522923115861,3.976085265803096,0.27880626352059806,2.202205428242886,4.0,15.127190377019392,1.6151705448455098,9.27903574192931,2.1368079475770383,3.573464098800047,2.2874915082765654,6.090978301680321,3.8166762875156817,0.8912322564420763,3.3186070837281045,4.313243205944793,4.190408569871722,0.30715981554443783,2.1807393624545317,4.0,6.771403628776839,1.6807334880840026,1.9296595266319643,2.2293286720765177,2.0842716522723386,2.0191719165366204,3.4451315760468084,3.7617104182239487,0.7805267338392524,3.199931278080001,3.7773239322166066,3.8921346586586547,0.2824179113038092,2.2922105883813844,4.0,5.31296594976002,1.6509104202668876,2.705049027839576,1.936739932507615,1.1189616196395067,2.158876329888299,1.8705872417158858,3.7645837961608493,0.42740663760573866,3.3226292846909744,3.2743871428431794,4.2661217542406735,0.3348035839277546,2.1533872692285336,5.0,4.812118553551553,1.8860964959564588,2.0193976278497647,2.1796239854013875,0.6983408812465695,2.251839059607372,2.27133160964896,3.897345338375911,0.43957432362966575,3.322506513680302,2.581323326204108,4.331495499925412,0.26636588830791225,2.258323108651006,7.0,1.7190771972357914,1.7599859255778472,1.7410057129937533,2.2822049939047337,1.0157153318211187,2.2305420234252424,1.1871434656630016,3.7739699856341185,0.11618039038513706,3.2745756398448305,4.626758988769466,4.432646680620202,0.359403270664478,1.9039161936000315,6.0,5.342948912562367,1.5373228946356754,3.2959399608887443,2.3017836278107517,1.6302910128139203,2.0624283600533246,4.855806356627704,4.068023657028066,0.8983557994087202,3.292063043890094,6.381348488678905,4.079527269100782,0.3091048288756479,2.1702097697155764,4.0,16.32076171143721,1.5960429607485471,6.546281746501188,2.210214279684476,4.490288700139867,2.200592147437007,8.003535502299462,3.661618450518407,1.2356851695710669,3.248504037643457,5.954886529033339,4.642905749749306,0.4142949681299066,1.7114287330499989,6.0,7.299802612226133,1.9013580252397992,7.85086780765623,1.985496717330968,2.0021704588581586,2.2449713169225727,6.268044501168599,4.050966446581645,2.869890404003936,3.3186122773878495
P27,shape_sorter_alone,1,shape_sorter_alone_s1_20.000,20.0,22.0,False,5.766549060566355,4.371292734800441,0.2736482007530985,2.0587260556409577,7.0,7.002536442219933,1.7546030921419054,8.910614949231679,1.9744551176515133,3.6700520586367125,2.1966990243935633,7.378015997563963,3.7896935928795674,0.5793392317038131,3.274257413798306,3.303693724917772,4.043192758569603,0.2747519623473074,2.39085338175039,4.0,4.8753484915935275,1.8312370003252245,1.6072875698693303,1.9010944392861935,0.9247346760208162,2.212467736714708,2.370591121071296,3.8436277580752423,0.2881066535490873,3.2765055784959713,3.213286805569967,4.394937590620652,0.3024926202466323,1.9881675929001412,6.0,3.899732725668876,1.8553374682876702,1.71309806631598,2.196637578298147,1.3329906251799435,2.2739083317610693,2.5093052659680573,3.9180596067958033,0.36364756005963755,3.162519064599475,2.5946118595093113,4.926922139734967,0.39533162689917967,1.693539470786396,11.0,1.4906038988912254,1.8938084067000456,1.0796319790841389,2.183853371690529,0.3567671250945893,2.278603437598495,2.208246948015128,4.1164845471923766,0.4117337909370875,3.3050902588728417,2.1219594954357976,4.479969641465037,0.29825072139666814,1.9314441549654002,9.0,0.7239688332777032,1.8767629413971876,1.1765946133307315,2.2814657342015248,0.8642128638747516,2.0809615503672454,1.3650383631621519,3.472382046027761,0.10063890616717522,3.2420514570724333,4.049543683050902,4.795389165599397,0.3784934607687198,1.7506966185883184,12.0,2.9192173759371007,1.7492440667710571,2.671294162043677,2.068279100036044,0.9215055463507851,2.282377089017509,5.7511167997678125,3.823120294650699,1.1030577271843294,3.1423046088282183,4.812775819278173,4.246045019813407,0.2826438203624911,2.1976025513768844,5.0,9.15225558233112,1.8956896274836157,3.3981010238989384,2.0895899776137083,2.551887802275127,2.237000715547254,5.283505499068367,3.5845162657829843,0.6767705964295198,3.2389920843013207,4.688745468109659,4.704956222576666,0.3580060616381733,1.9271033796051795,7.0,5.536882750467794,1.9187758054251762,4.552036454222304,2.1209573744445636,2.7752355622010993,2.130621265862894,6.099422667724205,3.7879997973773754,1.5327864011168761,3.2424333621003916
P27,shape_sorter_alone,1,shape_sorter_alone_s1_21.000,21.0,23.0,False,6.683622367915816,4.048945155079299,0.2618587883181544,2.1359985660240963,6.0,18.607068341428544,1.5401945293527541,10.69508346125472,2.182340909919441,4.877378347180656,2.0522214540080226,9.256281168445085,3.76396916257107,0.6257140751966102,3.341857743846576,2.9822060789483036,4.831622971741113,0.3588334826480478,1.8396673822122074,10.0,1.1528774390781549,1.969053398904651,2.0706941532041245,2.2467177937701948,1.3299343576399205,2.253156330294545,2.6818269638706425,3.838706483010191,0.40539198716244057,3.2233772162710297,3.3710353259698613,4.753477444342714,0.35852006294395844,1.741826180932537,10.0,2.3136871666578855,1.7724929252918753,2.4089337834667806,2.2136010008662095,1.9671817362477388,2.1670968288810113,4.049867021350502,3.9351622434183287,0.49577076434856127,3.107154864445723,3.0127622168437997,4.69514750480743,0.3628438267311647,1.779220294624612,10.0,1.896246437948366,1.7431539373723406,1.6841600847069156,2.3076345950603843,0.693333087530613,2.1867946134033884,3.7634684153343434,3.749507978016687,0.4133590198136556,3.2589518523431766,2.2176075187191677,4.270821311995655,0.29655079052898586,1.8883178814105863,8.0,1.1593049720948643,1.8944917246857789,1.7210098227083206,2.2007516027156075,1.1339742909410708,1.97973110086037,1.243262723838694,3.4278346444295296,0.0891668947884545,2.742977598188309,5.177153217298677,4.650079348535859,0.3428863438405591,1.9241274973990252,8.0,6.786839542733574,1.8076212311315785,5.245734095569023,2.184606170952155,2.722586189582791,2.1126861912014463,7.134029792353945,3.8579601126488203,1.4628923512948881,3.1007350166334975,4.842978086366191,4.598904396560036,0.35400617125402534,1.7896142986363794,9.0,4.766880151883769,1.6599156619779856,4.648182811336065,2.1342012339068046,3.600792417915253,2.09023273646044,7.548623384698561,3.716816108463821,0.7332750839353276,3.119545398203269,5.037295921239877,4.8504289140173045,0.3730052974245854,1.8073740687744897,9.0,4.98904634634376,1.903888619209849,6.067258595601883,2.2559624800128995,3.4491808458971347,2.215053828110691,8.247831504212105,3.9723186288047434,1.3946031250496922,3.2138217337713173
P27,shape_sorter_alone,1,shape_sorter_alone_s1_22.000,22.0,24.0,False,6.407866317971609,4.0229058046789765,0.2731370371760715,2.230718436304868,4.0,20.0681100935682,1.7673808107329088,6.210999569289195,2.1294830798174824,3.7018456305668392,2.163539603459373,8.847419169459826,3.8034573463282335,0.762969783010491,3.220707630974651,3.117367111785934,4.343057577879998,0.35489338694511335,1.860336672174916,6.0,4.1473748670475,1.7181016085593646,1.8343014611079012,2.220150944890854,0.40755617129528426,2.0269774806892285,3.2089545155066435,3.9142753470813254,0.39609582366967583,3.3126942948557514,3.25253920649686,4.726760305984729,0.3581771239887203,1.8168173050590208,9.0,1.7948413810845865,1.7201439627733208,2.3960378426438216,2.22783700726516,0.8986756659267562,1.7115826513765102,3.7719020042341658,3.7723715888860636,0.5845391996633963,3.213787409812716,3.2401177059520845,4.697157203781921,0.3465186713926766,1.9479287893834172,7.0,2.950677989619302,1.923987046966347,1.9627479578877454,2.267039159074202,0.9177094313835067,2.1278123843011394,3.0641496960629047,3.9285539386682,0.6503090894380448,3.238448627677484,2.010658914008793,4.680888452620833,0.31515026376871996,1.9918367152432934,9.0,0.7745546290727405,1.9965283613670386,0.7222634070019354,2.176608775897086,0.49889475378896164,2.1742920078463697,1.0687941384749648,3.876805804863347,0.07935795947903593,3.2703358573507275,5.514384207985095,4.722060275244809,0.34604299685171314,1.9881197125583956,8.0,8.744915922025141,1.8575547971743842,5.6556249223094825,2.2666226728517644,3.131058783817564,2.157208483461602,9.117031324615123,3.828863258429564,2.1269542670995234,3.215200079630005,5.0498923138784315,4.533376196717619,0.3640471544428479,1.8639558161767795,8.0,7.621501490911665,1.4580573201368603,4.159913973038506,2.0085962582116452,2.3518541814295038,1.9660672810226538,7.878580833199074,3.9809976588671145,1.416350967361069,2.99968228983787,5.223732943666042,4.4660851111819655,0.38635429260119447,1.8035887446738879,7.0,9.51480393097637,1.6790687375967515,4.239300154740268,2.2597032638061476,1.224976183958347,1.8476481811217385,8.983929327663082,3.7529093099577455,1.6576811934793325,3.395933735091048
P27,shape_sorter_alone,1,shape_sorter_alone_s1_23.000,23.0,25.0,False,5.415397995102216,4.414835852037591,0.3113164304465209,2.0269730201729654,6.0,9.992418950132386,1.9715825146102295,7.784298166198046,2.188240407232249,2.910336637337193,1.98357645233587,7.002744703193857,4.012230808836124,0.8037022051375282,3.422919723408543,3.1748163287237126,4.521483041825076,0.3453074282866942,1.9201564199441912,8.0,2.7281369960090576,1.7856046971182107,0.7214349118843862,2.1545982126752206,0.34483790081466825,2.116575525440683,3.13564553186472,3.9642004832660827,0.4852525947216549,3.106743122274065,2.7677582214621554,4.542799932656502,0.37470267520906025,1.7395829979453605,9.0,2.2723251188471236,1.763016096796402,1.1173631245102196,2.1896520210279844,0.915619775528875,2.1586956867828095,2.780227387718596,3.614768812190515,0.2557231745543488,3.338277372201722,2.7381661522198835,4.798145984019762,0.37971619742705237,1.8124061902917625,9.0,1.911944209177617,1.928744284130792,1.2424196903397187,2.2692402939520147,0.7632628106960776,2.0552517422067256,2.4887492479904547,3.9573755105432644,0.39912737433936174,3.2622753235524193,2.233372917754678,4.167713858258535,0.2634606680332348,2.412711610715575,5.0,1.922293808696525,1.9216462354346138,1.0898454785624638,2.3076656415237955,0.5623050847284505,1.9508510665893795,0.7302844068370097,4.004924216198815,0.09051498516054113,3.140847564732443,4.327904128279841,4.2794695776828755,0.37334167882328406,1.9295186635022987,5.0,7.712421114047844,1.728872722743125,2.653721849383601,2.029489385899214,2.195737084188679,2.0502139320259216,4.027643937178847,3.9133537271661742,0.8089329922314742,3.427425995253598,4.520552097133094,4.440548134037088,0.36918444950655604,1.9330313643645307,7.0,5.886425909809033,1.5859401769934576,3.804004870680909,2.02192632453529,2.043556129529315,2.023827068920282,5.11878330508076,3.884113897146969,1.0561355514868092,3.1370806049669855,5.0077663176920515,4.843193641253071,0.3880739979258862,1.8020790401917548,9.0,4.701137769880351,1.9330592597522613,3.91674818556152,2.1211906330939487,2.215902501201027,2.1232014004767565,7.427477610765609,3.8843441879352736,1.5511749535989887,3.268320470577689
P27,shape_sorter_alone,1,shape_sorter_alone_s1_24.000,24.0,26.0,False,5.137865584569188,4.214978002729396,0.29668032677278006,2.0705988981868835,5.0,6.832360539682252,1.7869518793709671,7.5477842603818655,1.8019901018510365,2.6290079940334437,2.0426039014702244,4.528123007456781,3.913908704198945,0.8152156493762159,3.2765038232799473,2.999246679484266,3.973355760756889,0.37218609537539266,1.8560071525199555,3.0,4.924880599417887,1.5977891348695301,0.5019127998864952,2.0906121669010114,0.510760819535123,2.264270369777488,2.404774581907383,4.065956728575658,0.5140310584098143,2.959664722719999,2.706098139606811,4.777896018577581,0.3723745172065605,1.6649776785261705,10.0,0.896591948400884,1.5794492696065405,1.0225131583799578,2.234857949988167,1.2601217459058334,2.1031804623287287,1.9209130656715057,3.9418494168187572,0.26606929684929215,3.2956888954686905,2.4656795290672164,4.689764387359613,0.3887527792092272,1.7339603458483388,8.0,1.3779269774786826,1.7831465798024793,1.6156812047067253,2.2079332367600326,0.7968029045895363,2.0556528235211387,1.50901904424624,4.084796177066173,0.31967490378103147,3.1949755569152,2.476283816957881,3.4102005054886178,0.22576873137650058,2.7557514079211285,4.0,3.691741868498191,1.7906798386196945,2.1373946447060908,1.9034054218197334,0.18154716036081964,2.27975703362885,0.5557653643678916,4.052715987794198,0.07464220835332315,2.9343135755053438,4.182051332634081,4.2712681240776185,0.33828214284356783,2.0095597027002876,5.0,6.542586985446817,1.687839540584365,1.911052811361809,2.27726769658781,2.370110436886599,2.1698262398773,3.498478266371133,3.9038385201712185,0.6005453772003709,3.313719182479049,4.123184104885218,4.850631492365081,0.37748282458896526,1.8669849670838297,9.0,3.889389418743842,1.8849786556927643,2.6082914931776857,2.2596724515768383,1.6836071070514214,2.240022654688267,4.360700782627517,4.0022313427280265,0.9154343495026179,3.325573747145166,4.723591806879645,4.731292420225279,0.37632990262115523,1.883827232110436,7.0,5.576279251174867,1.9660475396850055,5.4571499542497675,2.220910770067889,1.681599589731496,1.8472352196243804,5.608319238000007,3.915995497231625,1.5678948146233178,3.1638927182737104
P27,shape_sorter_alone,1,shape_sorter_alone_s1_25.000,25.0,27.0,False,10.332018919773034,3.237155699244845,0.22641546163488954,2.9524348041838553,3.0,78.75370015343188,1.8423856440918287,15.175816625919435,1.723530479693201,4.25740261353724,2.2526283608176576,9.50093620198671,3.9053349590858266,3.3809212116173506,2.9906122710346996,3.556090689673971,4.685562382071047,0.3981595490373721,1.8025943035566547,10.0,3.667064878046282,1.7681983558509058,0.9613882805803428,2.276729252019083,1.8681494345673635,2.2508944122960597,2.854942004798948,3.933211240567533,1.0192680448037086,3.1454180580129085,4.118717897929398,4.378815236548246,0.3534864809092995,1.9743901437996902,6.0,7.217297251791603,1.7817557865407667,2.2625656598048183,2.2375847190718363,1.8367062353855677,2.0858817962000984,3.5104395016059304,4.019015673635916,1.3821388509535073,3.128762793524547,3.680407650208444,4.78021786335477,0.38952607470558853,1.736588830024175,9.0,3.4618564789088695,1.8766416827986878,3.4670289318429206,2.2563169613535234,1.893555048535436,1.8924188700525224,4.9140413169384916,3.8698926109616982,1.2350470041784547,3.327509620912243,3.052857714171733,4.133419835769744,0.23848206831377847,2.5604497234881927,5.0,2.9277526224818873,1.8412226987015174,2.167902804338655,2.0787370741951556,0.7010440978513768,2.2023753000663104,1.5936344221566612,3.896914916132966,0.14784554935704886,3.112648019369251,6.278371050086878,4.451307627211751,0.3689305280351722,1.8655955787853937,7.0,17.00496139062707,1.7797802965127132,6.619398624953499,2.2553927076277938,2.8243301164318306,1.9997347694442957,12.936131386966856,3.8013537223586913,2.847063261048617,3.176994419009386,8.942450255947293,3.8718186434331696,0.3140060063660027,2.2474436951854626,4.0,47.63248883622836,1.7629954248514705,7.3178688183572165,2.0311109509312466,5.0440412513406585,2.248717520092038,15.344270424006881,3.8418307426013976,4.858861956378055,3.12447793389683,6.136856608718468,4.686905297450849,0.3562118644242854,2.053150601094937,7.0,10.750817679127618,1.9504260501350197,8.633977718539853,2.2325496447448336,2.9678651011699984,2.304717444877226,8.289641901534436,3.8928299719837196,3.1612835676329754,3.2823052483637403
P27,shape_sorter_alone,1,shape_sorter_alone_s1_26.000,26.0,28.0,False,11.741373359616277,3.2716613396852936,0.24653379516636698,2.7119575611757027,3.0,120.45749351047165,1.819758797896565,12.376844325822649,1.764699205564183,6.5493634430981285,2.251290301628807,19.80945049044235,4.050689249217381,4.252488535386979,3.180656558592521,4.105459210215517,4.857233244963531,0.4108529143689145,1.6744362806808206,12.0,4.491735858805641,1.8709066441384186,1.4960319403187146,2.1641317999361123,3.2625426294212487,2.067810997969947,7.881177258887006,3.902481888244739,1.465277260831756,3.051311726844118,4.9531265599094905,4.447027256524862,0.358549131764837,1.9128448447983968,5.0,12.354117926252627,1.9287643203561111,4.3613111997393625,2.083016977657949,2.577354181495479,2.232950416242419,7.282445288914289,4.042044213672098,1.7708287625695178,3.3079153463692483,4.3052018614474665,4.914097612741388,0.4192059124976105,1.612078982941555,12.0,5.3221845060726265,1.95581596976056,3.266653087987258,2.16070822883585,1.838882243291633,2.214476174974612,8.310381465978505,4.013545548273988,1.594968925746525,3.366184117999404,3.410024048058292,3.645042529081081,0.26213108318676304,2.351599153060761,3.0,6.8222870965895925,1.538579138934122,1.658398931441562,2.17656419105244,0.8918720931351234,2.184576031334115,2.808549752438461,3.832212765930192,0.16133521656072747,3.121120494067896,6.868666370763651,4.488871260787464,0.38288789128538586,1.8437931186759717,6.0,22.48515247929504,1.85992554963043,7.469840451165376,2.2272188969100704,3.464449429770287,1.930569039825914,15.216299867718183,4.006605369222268,3.6313035508715785,3.303015568508467,10.600851196648096,3.979412930347412,0.33811600936385616,2.0345379702328774,3.0,75.46191167983537,1.77135113903834,8.727545928789544,2.043512802844033,7.407124410931109,2.254034007529068,33.23194074470562,3.956447789148529,7.074856964458663,3.274757104121663,6.530599720471346,4.656136766723777,0.39948023883860656,1.7563465977196084,8.0,16.088433354334203,1.7622821736474592,5.694888953474523,2.1959072134295123,4.667788380705789,2.175195617759554,17.185949524250653,3.9953147080934364,3.5689085640940013,3.2029982607831236
P27,shape_sorter_alone,1,shape_sorter_alone_s1_27.000,27.0,29.0,False,9.398275699136072,4.267008276859426,0.2757395496866448,2.2809004130639576,5.0,21.509246057594847,1.8696987239123757,14.418152321574489,2.157956357044508,6.507347948711779,2.2344778950101127,13.453480706418357,3.8220977922021993,1.7218904485544788,3.0613358049633344,4.20094932153054,4.7980878805129,0.3786974851728404,1.6736249055626728,10.0,3.0369399546329685,1.8825754532353352,4.037786193250628,2.1917519886424928,1.2272004183730774,2.281423449101401,6.1984883997334554,3.939926234601943,0.6852193602484385,3.221796418460828,5.048915870031217,4.64635385712759,0.33333826963221047,1.8208787474521089,9.0,3.7229285324377104,1.836373400215454,5.367180205262406,2.1631209307709027,2.637998087301274,2.215692190046179,7.025381473575949,3.8540342311781557,0.6032838051542037,3.3193203081352176,4.46920186068737,4.572666344209787,0.3553202595181102,1.8149464640459156,9.0,4.458835164971907,1.835825937969841,2.831670774999646,1.9981618842766384,1.6139798926161244,2.1907679265842828,6.375387885288398,3.7288686081663687,0.5690219055170165,3.3265531272575366,3.2599307828076416,4.143943322498077,0.2714402743472818,2.171534017587761,5.0,2.964613622278377,1.49343824851309,1.2836208362418176,2.0369173860707264,0.48559952475124973,2.0449853074972366,2.815690554342313,3.9156049022114994,0.17568953800200313,3.2746551552001044,6.630313114687215,4.514960882368561,0.32620945209830604,2.005466917824901,7.0,9.57540492828814,1.9121528974401372,10.172233810028231,2.132077767453884,5.667397084627729,2.184281208961462,10.533805194561863,3.8000569806027014,1.2734469870925818,3.406190528782094,8.044800872980753,4.658122262608706,0.36662159607798267,1.7724590571770182,7.0,9.64463430115706,1.7842740742907635,10.588228334672532,2.112710916023198,5.182610616042184,2.2159253798303746,13.533379926171806,3.9685165233378554,1.8554191207288264,3.1464661355517296,6.223826488101267,4.985251365630925,0.4330547671075159,1.5854198007663445,16.0,3.0999874577618263,1.8148101353170427,5.190040277596241,2.15944071257216,2.44905152112712,2.161992970717874,17.231175956181428,3.931564083324203,2.4422803584063466,3.167864029904483
P27,shape_sorter_alone,1,shape_sorter_alone_s1_28.000,28.0,30.0,False,7.766452119690143,4.202492671095179,0.2912595121683258,2.0681165542178386,6.0,15.879223940304644,1.5076902644306316,14.64572435418669,2.027638208124288,3.862181672873391,2.015877708917685,14.02082370741058,3.83046842893513,1.3487820666559107,3.3263028024003227,4.473139493247467,4.4232936840142525,0.3397157515439605,1.8315754386513887,7.0,7.17700083526586,1.8563574414826056,5.956081785914837,2.105219241465279,1.2458457513270744,2.2237781691019016,7.924310403867234,3.8147108994430936,0.46340297105145,2.9893768080169263,4.322813212150722,4.383963197004618,0.3257145598341772,1.8293624559467874,7.0,2.9177161064301167,1.709679346149394,4.9126897444527415,2.027618392042597,0.6953399844915628,2.0417119485020043,5.076130947266664,3.662218690482241,0.4338154654688611,3.3964151363892734,4.261290308077642,4.457493403811404,0.327712248037659,1.9056493076949732,6.0,6.348037409791289,1.9285685005530024,4.740386883713787,2.150488695708166,1.0687246491009743,2.246682516308603,5.609477182644142,4.0059047358789055,0.498889757939615,3.2419780212431863,2.9664364797189964,3.8660026905874774,0.2615395051955709,2.174694877007882,4.0,2.935054102380014,1.4958046540989607,1.6772546384477676,2.0314085127888526,1.1600335246480649,1.9704900892670063,1.2711795639016727,3.952118081944759,0.14974316835393747,2.925306254781257,6.489146394678847,4.660648514467878,0.34810354678393957,1.8173318493513735,7.0,7.331807559666907,1.9120922484698057,13.634886654691638,2.1874966629602444,4.241593859589193,2.2850738705359235,12.259655155921394,3.9455369971841376,1.8367588186907668,3.2639979164030835,6.880104361411704,4.604010883170093,0.3416730873693626,1.830127738265073,8.0,8.642442473479996,1.5906060553577466,13.061004734075006,2.136436719006174,2.981761284158697,1.9542550682079731,19.587715483856798,3.9664678143655143,1.2131859606487174,3.2295321557809804,6.073717027028117,4.781039310331343,0.4296484817339007,1.6956482710600995,12.0,8.853922821337468,1.7958967394550096,5.568915760139729,2.10036580804086,1.7012924828707026,2.2132402172194894,13.879186563826991,3.7061527916151378,2.4887169557279605,3.321790107630185
