participant,task,segment_id,window_id,window_start_s,window_end_s,target,model_rank,modality,classifier,feature_family,selected_feature_count,frozen_image_balanced_accuracy,original_hard_prediction,high_probability,feature_assembly_ms,fitted_transform_and_inference_ms
P07,pick_place,1,pick_place_s1_20.000,20.0,22.0,arousal,1,multimodal,logreg,all_eeg_plus_face,20,0.5900000000000001,1,0.5160421076570917,1.368437,2.344684
P07,pick_place,1,pick_place_s1_20.000,20.0,22.0,arousal,2,eeg,gnb,paper_compact,10,0.5566666666666666,0,0.005147323013848422,0.531394,1.675756
P07,pick_place,1,pick_place_s1_20.000,20.0,22.0,arousal,3,face,gnb,face_geometry,5,0.5390476190476191,0,0.04672403571994203,0.401221,1.5045509999999997
P07,pick_place,1,pick_place_s1_20.000,20.0,22.0,valence,1,eeg,logreg,time_statistical,8,0.5411111111111111,1,0.8524182703593773,0.344419,1.1779119999999998
P07,pick_place,1,pick_place_s1_20.000,20.0,22.0,valence,2,eeg,svm,hjorth,8,0.5375438596491228,0,0.7948001822656796,0.433801,1.977655
P07,pick_place,1,pick_place_s1_20.000,20.0,22.0,valence,3,face,gnb,face_geometry,5,0.5335672514619884,1,1.0,0.36956,1.5500230000000002
P07,pick_place,1,pick_place_s1_21.000,21.0,23.0,arousal,1,multimodal,logreg,all_eeg_plus_face,20,0.5900000000000001,1,0.6785659422576772,2.043536,3.4524049999999997
P07,pick_place,1,pick_place_s1_21.000,21.0,23.0,arousal,2,eeg,gnb,paper_compact,10,0.5566666666666666,1,0.9999834314794004,0.809772,2.5925599999999998
P07,pick_place,1,pick_place_s1_21.000,21.0,23.0,arousal,3,face,gnb,face_geometry,5,0.5390476190476191,0,0.12841402545381958,0.568696,2.292243
P07,pick_place,1,pick_place_s1_21.000,21.0,23.0,valence,1,eeg,logreg,time_statistical,8,0.5411111111111111,1,0.7936628063413209,0.523184,1.843
P07,pick_place,1,pick_place_s1_21.000,21.0,23.0,valence,2,eeg,svm,hjorth,8,0.5375438596491228,1,0.7913102637406508,0.627237,2.92233
P07,pick_place,1,pick_place_s1_21.000,21.0,23.0,valence,3,face,gnb,face_geometry,5,0.5335672514619884,1,1.0,0.566106,2.382265
P07,pick_place,1,pick_place_s1_22.000,22.0,24.0,arousal,1,multimodal,logreg,all_eeg_plus_face,20,0.5900000000000001,1,0.6935569530413336,1.978403,3.341611
P07,pick_place,1,pick_place_s1_22.000,22.0,24.0,arousal,2,eeg,gnb,paper_compact,10,0.5566666666666666,1,0.8436082930507328,0.793661,2.563121
P07,pick_place,1,pick_place_s1_22.000,22.0,24.0,arousal,3,face,gnb,face_geometry,5,0.5390476190476191,0,0.00014704450902478539,0.559425,2.259351
P07,pick_place,1,pick_place_s1_22.000,22.0,24.0,valence,1,eeg,logreg,time_statistical,8,0.5411111111111111,1,0.7302711898204559,0.572625,1.8001699999999998
P07,pick_place,1,pick_place_s1_22.000,22.0,24.0,valence,2,eeg,svm,hjorth,8,0.5375438596491228,1,0.789860766161042,0.621197,2.5815710000000003
P07,pick_place,1,pick_place_s1_22.000,22.0,24.0,valence,3,face,gnb,face_geometry,5,0.5335672514619884,1,0.9999999922933345,0.359639,1.47127
P07,pick_place,1,pick_place_s1_23.000,23.0,25.0,arousal,1,multimodal,logreg,all_eeg_plus_face,20,0.5900000000000001,1,0.572103716275724,1.253924,2.155928
P07,pick_place,1,pick_place_s1_23.000,23.0,25.0,arousal,2,eeg,gnb,paper_compact,10,0.5566666666666666,0,0.019086114773195686,0.520355,1.655905
P07,pick_place,1,pick_place_s1_23.000,23.0,25.0,arousal,3,face,gnb,face_geometry,5,0.5390476190476191,0,3.287275491457356e-12,0.36871,1.546383
P07,pick_place,1,pick_place_s1_23.000,23.0,25.0,valence,1,eeg,logreg,time_statistical,8,0.5411111111111111,1,0.7079970649456085,0.33839,1.201572
P07,pick_place,1,pick_place_s1_23.000,23.0,25.0,valence,2,eeg,svm,hjorth,8,0.5375438596491228,1,0.7843845968639402,0.406741,1.8833609999999998
P07,pick_place,1,pick_place_s1_23.000,23.0,25.0,valence,3,face,gnb,face_geometry,5,0.5335672514619884,1,0.9999999999809788,0.37088,1.4899110000000002
P07,pick_place,1,pick_place_s1_24.000,24.0,26.0,arousal,1,multimodal,logreg,all_eeg_plus_face,20,0.5900000000000001,1,0.630469494041424,1.911292,3.385821
P07,pick_place,1,pick_place_s1_24.000,24.0,26.0,arousal,2,eeg,gnb,paper_compact,10,0.5566666666666666,1,0.9334665786926241,0.795682,2.5408790000000003
P07,pick_place,1,pick_place_s1_24.000,24.0,26.0,arousal,3,face,gnb,face_geometry,5,0.5390476190476191,0,1.718296953393665e-16,0.577895,2.3025029999999997
P07,pick_place,1,pick_place_s1_24.000,24.0,26.0,valence,1,eeg,logreg,time_statistical,8,0.5411111111111111,1,0.6829322705586431,0.519584,1.543843
P07,pick_place,1,pick_place_s1_24.000,24.0,26.0,valence,2,eeg,svm,hjorth,8,0.5375438596491228,1,0.7800670567175192,0.397681,1.799
P07,pick_place,1,pick_place_s1_24.000,24.0,26.0,valence,3,face,gnb,face_geometry,5,0.5335672514619884,1,0.9999999574005267,0.39075,1.496791
P07,pick_place,1,pick_place_s1_25.000,25.0,27.0,arousal,1,multimodal,logreg,all_eeg_plus_face,20,0.5900000000000001,1,0.7132029581170654,1.217023,2.168569
P07,pick_place,1,pick_place_s1_25.000,25.0,27.0,arousal,2,eeg,gnb,paper_compact,10,0.5566666666666666,1,0.9946857981914201,0.509884,1.675995
P07,pick_place,1,pick_place_s1_25.000,25.0,27.0,arousal,3,face,gnb,face_geometry,5,0.5390476190476191,0,6.759459934057206e-15,0.36298,1.4780509999999998
P07,pick_place,1,pick_place_s1_25.000,25.0,27.0,valence,1,eeg,logreg,time_statistical,8,0.5411111111111111,1,0.6369147251184035,0.337149,1.171242
P07,pick_place,1,pick_place_s1_25.000,25.0,27.0,valence,2,eeg,svm,hjorth,8,0.5375438596491228,1,0.7724811208515119,0.431872,1.822359
P07,pick_place,1,pick_place_s1_25.000,25.0,27.0,valence,3,face,gnb,face_geometry,5,0.5335672514619884,1,0.9957226642697903,0.36294,1.525811
P07,pick_place,1,pick_place_s1_26.000,26.0,28.0,arousal,1,multimodal,logreg,all_eeg_plus_face,20,0.5900000000000001,1,0.782964093095404,1.924012,3.2779089999999997
P07,pick_place,1,pick_place_s1_26.000,26.0,28.0,arousal,2,eeg,gnb,paper_compact,10,0.5566666666666666,1,0.9998517005483842,0.879874,1.7644680000000001
P07,pick_place,1,pick_place_s1_26.000,26.0,28.0,arousal,3,face,gnb,face_geometry,5,0.5390476190476191,0,5.265974172128311e-16,0.35236,1.4838
P07,pick_place,1,pick_place_s1_26.000,26.0,28.0,valence,1,eeg,logreg,time_statistical,8,0.5411111111111111,1,0.6833240181625836,0.328399,1.193372
P07,pick_place,1,pick_place_s1_26.000,26.0,28.0,valence,2,eeg,svm,hjorth,8,0.5375438596491228,1,0.7682541100812359,0.397331,1.8787509999999998
P07,pick_place,1,pick_place_s1_26.000,26.0,28.0,valence,3,face,gnb,face_geometry,5,0.5335672514619884,1,0.9988045218030348,0.36141,1.4739900000000001
P07,pick_place,1,pick_place_s1_27.000,27.0,29.0,arousal,1,multimodal,logreg,all_eeg_plus_face,20,0.5900000000000001,1,0.7240227337676193,1.229793,2.2025799999999998
P07,pick_place,1,pick_place_s1_27.000,27.0,29.0,arousal,2,eeg,gnb,paper_compact,10,0.5566666666666666,1,0.9998389517442468,0.510464,1.632015
P07,pick_place,1,pick_place_s1_27.000,27.0,29.0,arousal,3,face,gnb,face_geometry,5,0.5390476190476191,0,1.0707301706838253e-20,0.36175,1.9739129999999998
P07,pick_place,1,pick_place_s1_27.000,27.0,29.0,valence,1,eeg,logreg,time_statistical,8,0.5411111111111111,1,0.7306954428789554,0.519854,1.939042
P07,pick_place,1,pick_place_s1_27.000,27.0,29.0,valence,2,eeg,svm,hjorth,8,0.5375438596491228,1,0.7853888667579216,0.625757,2.864269
P07,pick_place,1,pick_place_s1_27.000,27.0,29.0,valence,3,face,gnb,face_geometry,5,0.5335672514619884,1,0.9423376899494659,0.563875,2.373454
P07,pick_place,1,pick_place_s1_28.000,28.0,30.0,arousal,1,multimodal,logreg,all_eeg_plus_face,20,0.5900000000000001,1,0.7644473881551431,1.341927,2.1811
P07,pick_place,1,pick_place_s1_28.000,28.0,30.0,arousal,2,eeg,gnb,paper_compact,10,0.5566666666666666,1,0.9976601793491984,0.515964,1.620614
P07,pick_place,1,pick_place_s1_28.000,28.0,30.0,arousal,3,face,gnb,face_geometry,5,0.5390476190476191,0,5.814484296718718e-20,0.36587,1.514391
P07,pick_place,1,pick_place_s1_28.000,28.0,30.0,valence,1,eeg,logreg,time_statistical,8,0.5411111111111111,1,0.7232279696319766,0.337469,1.166602
P07,pick_place,1,pick_place_s1_28.000,28.0,30.0,valence,2,eeg,svm,hjorth,8,0.5375438596491228,1,0.7922332797523011,0.403981,1.8864420000000002
P07,pick_place,1,pick_place_s1_28.000,28.0,30.0,valence,3,face,gnb,face_geometry,5,0.5335672514619884,1,0.8420642728461847,0.36464,1.47921
P07,pick_place,1,pick_place_s1_29.000,29.0,31.0,arousal,1,multimodal,logreg,all_eeg_plus_face,20,0.5900000000000001,1,0.7860792980386977,1.243244,2.133788
P07,pick_place,1,pick_place_s1_29.000,29.0,31.0,arousal,2,eeg,gnb,paper_compact,10,0.5566666666666666,1,0.5344790477529706,0.506943,1.617885
P07,pick_place,1,pick_place_s1_29.000,29.0,31.0,arousal,3,face,gnb,face_geometry,5,0.5390476190476191,0,4.525022286896913e-10,0.362329,1.458571
P07,pick_place,1,pick_place_s1_29.000,29.0,31.0,valence,1,eeg,logreg,time_statistical,8,0.5411111111111111,1,0.6484309541295711,0.33422,1.2282029999999997
P07,pick_place,1,pick_place_s1_29.000,29.0,31.0,valence,2,eeg,svm,hjorth,8,0.5375438596491228,0,0.7946295508162088,0.402051,1.813889
P07,pick_place,1,pick_place_s1_29.000,29.0,31.0,valence,3,face,gnb,face_geometry,5,0.5335672514619884,1,0.9986407095188603,0.359559,1.529352
P07,pick_place,1,pick_place_s1_30.000,30.0,32.0,arousal,1,multimodal,logreg,all_eeg_plus_face,20,0.5900000000000001,1,0.7975285181469844,1.896822,3.264069
P07,pick_place,1,pick_place_s1_30.000,30.0,32.0,arousal,2,eeg,gnb,paper_compact,10,0.5566666666666666,0,0.17003482880907902,0.655218,1.603393
P07,pick_place,1,pick_place_s1_30.000,30.0,32.0,arousal,3,face,gnb,face_geometry,5,0.5390476190476191,0,3.538413814049366e-08,0.36259,1.464379
P07,pick_place,1,pick_place_s1_30.000,30.0,32.0,valence,1,eeg,logreg,time_statistical,8,0.5411111111111111,1,0.5782738358214904,0.33444,1.151271
P07,pick_place,1,pick_place_s1_30.000,30.0,32.0,valence,2,eeg,svm,hjorth,8,0.5375438596491228,1,0.7900723543186058,0.399271,1.8260399999999999
P07,pick_place,1,pick_place_s1_30.000,30.0,32.0,valence,3,face,gnb,face_geometry,5,0.5335672514619884,1,0.9989672695172546,0.361809,1.4541
P07,pick_place,1,pick_place_s1_31.000,31.0,33.0,arousal,1,multimodal,logreg,all_eeg_plus_face,20,0.5900000000000001,1,0.7221275993437581,1.228383,2.133328
P07,pick_place,1,pick_place_s1_31.000,31.0,33.0,arousal,2,eeg,gnb,paper_compact,10,0.5566666666666666,1,0.9102318010432848,0.514384,1.588514
P07,pick_place,1,pick_place_s1_31.000,31.0,33.0,arousal,3,face,gnb,face_geometry,5,0.5390476190476191,0,3.6163463868656433e-13,0.35953,1.4962
P07,pick_place,1,pick_place_s1_31.000,31.0,33.0,valence,1,eeg,logreg,time_statistical,8,0.5411111111111111,1,0.721856411901448,0.332769,1.141
P07,pick_place,1,pick_place_s1_31.000,31.0,33.0,valence,2,eeg,svm,hjorth,8,0.5375438596491228,1,0.7875928780072724,0.396881,1.84808
P07,pick_place,1,pick_place_s1_31.000,31.0,33.0,valence,3,face,gnb,face_geometry,5,0.5335672514619884,1,0.9890971957695008,0.36026,1.4506990000000002
P07,pick_place,1,pick_place_s1_32.000,32.0,34.0,arousal,1,multimodal,logreg,all_eeg_plus_face,20,0.5900000000000001,1,0.7041266137827663,1.852751,3.2288479999999997
P07,pick_place,1,pick_place_s1_32.000,32.0,34.0,arousal,2,eeg,gnb,paper_compact,10,0.5566666666666666,1,0.9999548641622241,0.782261,2.5463500000000003
P07,pick_place,1,pick_place_s1_32.000,32.0,34.0,arousal,3,face,gnb,face_geometry,5,0.5390476190476191,0,3.886318824113007e-17,0.554095,2.2764819999999997
P07,pick_place,1,pick_place_s1_32.000,32.0,34.0,valence,1,eeg,logreg,time_statistical,8,0.5411111111111111,1,0.7637815387098387,0.512684,1.7661779999999998
P07,pick_place,1,pick_place_s1_32.000,32.0,34.0,valence,2,eeg,svm,hjorth,8,0.5375438596491228,1,0.7847380317938494,0.614657,3.227498
P07,pick_place,1,pick_place_s1_32.000,32.0,34.0,valence,3,face,gnb,face_geometry,5,0.5335672514619884,1,0.9999134178714277,0.784851,1.868101
P07,pick_place,1,pick_place_s1_33.000,33.0,35.0,arousal,1,multimodal,logreg,all_eeg_plus_face,20,0.5900000000000001,1,0.746940827263906,1.884622,3.2967500000000003
P07,pick_place,1,pick_place_s1_33.000,33.0,35.0,arousal,2,eeg,gnb,paper_compact,10,0.5566666666666666,1,0.9998411912821143,0.794412,2.58582
P07,pick_place,1,pick_place_s1_33.000,33.0,35.0,arousal,3,face,gnb,face_geometry,5,0.5390476190476191,0,9.5872900664329e-12,0.566155,2.302464
P07,pick_place,1,pick_place_s1_33.000,33.0,35.0,valence,1,eeg,logreg,time_statistical,8,0.5411111111111111,1,0.6506284917729722,0.522154,1.791109
P07,pick_place,1,pick_place_s1_33.000,33.0,35.0,valence,2,eeg,svm,hjorth,8,0.5375438596491228,1,0.7831471926860356,0.622967,2.813327
P07,pick_place,1,pick_place_s1_33.000,33.0,35.0,valence,3,face,gnb,face_geometry,5,0.5335672514619884,1,0.9999031502529409,0.563026,2.262801
P07,pick_place,1,pick_place_s1_34.000,34.0,36.0,arousal,1,multimodal,logreg,all_eeg_plus_face,20,0.5900000000000001,1,0.7354379898872709,2.683084,3.494795
P07,pick_place,1,pick_place_s1_34.000,34.0,36.0,arousal,2,eeg,gnb,paper_compact,10,0.5566666666666666,1,0.7637076721745549,0.524524,1.654005
P07,pick_place,1,pick_place_s1_34.000,34.0,36.0,arousal,3,face,gnb,face_geometry,5,0.5390476190476191,0,5.352838386033362e-12,0.36748,1.46882
P07,pick_place,1,pick_place_s1_34.000,34.0,36.0,valence,1,eeg,logreg,time_statistical,8,0.5411111111111111,1,0.6166370652790226,0.34112,1.167762
P07,pick_place,1,pick_place_s1_34.000,34.0,36.0,valence,2,eeg,svm,hjorth,8,0.5375438596491228,1,0.7785900250150102,0.422241,1.8278699999999999
P07,pick_place,1,pick_place_s1_34.000,34.0,36.0,valence,3,face,gnb,face_geometry,5,0.5335672514619884,1,1.0,0.36729,1.541042
P07,pick_place,1,pick_place_s1_35.000,35.0,37.0,arousal,1,multimodal,logreg,all_eeg_plus_face,20,0.5900000000000001,1,0.682467983320993,1.244825,2.1825900000000003
P07,pick_place,1,pick_place_s1_35.000,35.0,37.0,arousal,2,eeg,gnb,paper_compact,10,0.5566666666666666,1,0.9532287402471952,0.513483,1.600454
P07,pick_place,1,pick_place_s1_35.000,35.0,37.0,arousal,3,face,gnb,face_geometry,5,0.5390476190476191,0,1.0304252192943342e-08,0.363749,1.490421
P07,pick_place,1,pick_place_s1_35.000,35.0,37.0,valence,1,eeg,logreg,time_statistical,8,0.5411111111111111,1,0.7254253847764522,0.340089,1.1738620000000002
P07,pick_place,1,pick_place_s1_35.000,35.0,37.0,valence,2,eeg,svm,hjorth,8,0.5375438596491228,1,0.7887842614324797,0.404471,1.881482
P07,pick_place,1,pick_place_s1_35.000,35.0,37.0,valence,3,face,gnb,face_geometry,5,0.5335672514619884,1,1.0,0.36405,1.463339
P07,pick_place,1,pick_place_s1_36.000,36.0,38.0,arousal,1,multimodal,logreg,all_eeg_plus_face,20,0.5900000000000001,1,0.7285819803431625,1.244274,2.116067
P07,pick_place,1,pick_place_s1_36.000,36.0,38.0,arousal,2,eeg,gnb,paper_compact,10,0.5566666666666666,1,0.556487094724177,0.511103,1.598484
P07,pick_place,1,pick_place_s1_36.000,36.0,38.0,arousal,3,face,gnb,face_geometry,5,0.5390476190476191,0,0.090969067524257,0.361149,1.47657
P07,pick_place,1,pick_place_s1_36.000,36.0,38.0,valence,1,eeg,logreg,time_statistical,8,0.5411111111111111,1,0.6939874473956937,0.34104,1.1439409999999999
P07,pick_place,1,pick_place_s1_36.000,36.0,38.0,valence,2,eeg,svm,hjorth,8,0.5375438596491228,1,0.7921632897511849,0.398721,1.8750010000000001
P07,pick_place,1,pick_place_s1_36.000,36.0,38.0,valence,3,face,gnb,face_geometry,5,0.5335672514619884,1,0.9902345199116928,0.36134,1.454149
P07,pick_place,1,pick_place_s1_37.000,37.0,39.0,arousal,1,multimodal,logreg,all_eeg_plus_face,20,0.5900000000000001,1,0.5927509036940012,2.258431,3.207177
P07,pick_place,1,pick_place_s1_37.000,37.0,39.0,arousal,2,eeg,gnb,paper_compact,10,0.5566666666666666,0,0.07739818102901255,0.492064,1.579672
P07,pick_place,1,pick_place_s1_37.000,37.0,39.0,arousal,3,face,gnb,face_geometry,5,0.5390476190476191,0,1.7017386333669737e-11,0.35493,1.4246169999999998
P07,pick_place,1,pick_place_s1_37.000,37.0,39.0,valence,1,eeg,logreg,time_statistical,8,0.5411111111111111,1,0.6664247343546179,0.330129,1.139401
P07,pick_place,1,pick_place_s1_37.000,37.0,39.0,valence,2,eeg,svm,hjorth,8,0.5375438596491228,1,0.7760687852058399,0.410282,1.787289
P07,pick_place,1,pick_place_s1_37.000,37.0,39.0,valence,3,face,gnb,face_geometry,5,0.5335672514619884,1,1.0,0.35844,1.4499
P07,pick_place,1,pick_place_s1_38.000,38.0,40.0,arousal,1,multimodal,logreg,all_eeg_plus_face,20,0.5900000000000001,0,0.46776088582445857,1.205703,2.139268
P07,pick_place,1,pick_place_s1_38.000,38.0,40.0,arousal,2,eeg,gnb,paper_compact,10,0.5566666666666666,1,0.634516150684081,0.498584,1.5520820000000002
P07,pick_place,1,pick_place_s1_38.000,38.0,40.0,arousal,3,face,gnb,face_geometry,5,0.5390476190476191,0,2.4026709984444748e-27,0.35781,1.4807099999999997
P07,pick_place,1,pick_place_s1_38.000,38.0,40.0,valence,1,eeg,logreg,time_statistical,8,0.5411111111111111,1,0.8105619533488642,0.336669,1.135011
P07,pick_place,1,pick_place_s1_38.000,38.0,40.0,valence,2,eeg,svm,hjorth,8,0.5375438596491228,1,0.782707894671905,0.39334,1.800919
P07,pick_place,1,pick_place_s1_38.000,38.0,40.0,valence,3,face,gnb,face_geometry,5,0.5335672514619884,1,1.0,0.35775,1.435479
P07,pick_place,1,pick_place_s1_39.000,39.0,41.0,arousal,1,multimodal,logreg,all_eeg_plus_face,20,0.5900000000000001,1,0.6430445870659979,1.177802,1.968714
P07,pick_place,1,pick_place_s1_39.000,39.0,41.0,arousal,2,eeg,gnb,paper_compact,10,0.5566666666666666,1,0.9999997572296319,0.507434,1.587433
P07,pick_place,1,pick_place_s1_39.000,39.0,41.0,arousal,3,face,gnb,face_geometry,5,0.5390476190476191,0,2.5830037312936516e-42,0.35706,1.4279469999999999
P07,pick_place,1,pick_place_s1_39.000,39.0,41.0,valence,1,eeg,logreg,time_statistical,8,0.5411111111111111,1,0.8201048217077855,0.328789,1.180302
P07,pick_place,1,pick_place_s1_39.000,39.0,41.0,valence,2,eeg,svm,hjorth,8,0.5375438596491228,1,0.7877444625924848,0.395231,1.705017
P07,pick_place,1,pick_place_s1_39.000,39.0,41.0,valence,3,face,gnb,face_geometry,5,0.5335672514619884,0,0.027825377137964413,0.358749,1.4501199999999999
P07,shape_sorter_observation,1,shape_sorter_observation_s1_20.000,20.0,22.0,arousal,1,multimodal,logreg,all_eeg_plus_face,20,0.5900000000000001,1,0.8104168800509228,1.253144,2.179409
P07,shape_sorter_observation,1,shape_sorter_observation_s1_20.000,20.0,22.0,arousal,2,eeg,gnb,paper_compact,10,0.5566666666666666,0,0.2461663990162272,0.514644,1.612914
P07,shape_sorter_observation,1,shape_sorter_observation_s1_20.000,20.0,22.0,arousal,3,face,gnb,face_geometry,5,0.5390476190476191,0,4.893037906336543e-11,0.36364,1.569873
P07,shape_sorter_observation,1,shape_sorter_observation_s1_20.000,20.0,22.0,valence,1,eeg,logreg,time_statistical,8,0.5411111111111111,1,0.5508424213645817,0.341259,1.158231
P07,shape_sorter_observation,1,shape_sorter_observation_s1_20.000,20.0,22.0,valence,2,eeg,svm,hjorth,8,0.5375438596491228,1,0.7860119339074332,0.404691,1.852521
P07,shape_sorter_observation,1,shape_sorter_observation_s1_20.000,20.0,22.0,valence,3,face,gnb,face_geometry,5,0.5335672514619884,0,0.1850122655335098,0.36506,1.4788000000000001
P07,shape_sorter_observation,1,shape_sorter_observation_s1_21.000,21.0,23.0,arousal,1,multimodal,logreg,all_eeg_plus_face,20,0.5900000000000001,1,0.8118129269523808,1.882892,3.31282
P07,shape_sorter_observation,1,shape_sorter_observation_s1_21.000,21.0,23.0,arousal,2,eeg,gnb,paper_compact,10,0.5566666666666666,1,0.7495362274308376,0.800352,2.523158
P07,shape_sorter_observation,1,shape_sorter_observation_s1_21.000,21.0,23.0,arousal,3,face,gnb,face_geometry,5,0.5390476190476191,0,1.3925839254339273e-13,0.569265,3.181487
P07,shape_sorter_observation,1,shape_sorter_observation_s1_21.000,21.0,23.0,valence,1,eeg,logreg,time_statistical,8,0.5411111111111111,1,0.58571623439947,0.784921,2.703414
P07,shape_sorter_observation,1,shape_sorter_observation_s1_21.000,21.0,23.0,valence,2,eeg,svm,hjorth,8,0.5375438596491228,0,0.7941812837569854,0.925396,4.06921
P07,shape_sorter_observation,1,shape_sorter_observation_s1_21.000,21.0,23.0,valence,3,face,gnb,face_geometry,5,0.5335672514619884,1,0.995329778976725,0.912144,1.607555
P07,shape_sorter_observation,1,shape_sorter_observation_s1_22.000,22.0,24.0,arousal,1,multimodal,logreg,all_eeg_plus_face,20,0.5900000000000001,1,0.8095450065708599,1.876361,3.241758
P07,shape_sorter_observation,1,shape_sorter_observation_s1_22.000,22.0,24.0,arousal,2,eeg,gnb,paper_compact,10,0.5566666666666666,1,0.7614576514161338,0.796572,2.039955
P07,shape_sorter_observation,1,shape_sorter_observation_s1_22.000,22.0,24.0,arousal,3,face,gnb,face_geometry,5,0.5390476190476191,0,2.4721222659719956e-21,0.35804,1.435659
P07,shape_sorter_observation,1,shape_sorter_observation_s1_22.000,22.0,24.0,valence,1,eeg,logreg,time_statistical,8,0.5411111111111111,1,0.5744690257829728,0.330579,1.164511
P07,shape_sorter_observation,1,shape_sorter_observation_s1_22.000,22.0,24.0,valence,2,eeg,svm,hjorth,8,0.5375438596491228,1,0.7913154662782667,0.396961,1.8073100000000002
P07,shape_sorter_observation,1,shape_sorter_observation_s1_22.000,22.0,24.0,valence,3,face,gnb,face_geometry,5,0.5335672514619884,1,0.9403999006674083,0.3696,1.47062
P07,shape_sorter_observation,1,shape_sorter_observation_s1_23.000,23.0,25.0,arousal,1,multimodal,logreg,all_eeg_plus_face,20,0.5900000000000001,1,0.7473802777422166,1.726237,2.882708
P07,shape_sorter_observation,1,shape_sorter_observation_s1_23.000,23.0,25.0,arousal,2,eeg,gnb,paper_compact,10,0.5566666666666666,0,0.4681289451732328,0.681168,2.094218
P07,shape_sorter_observation,1,shape_sorter_observation_s1_23.000,23.0,25.0,arousal,3,face,gnb,face_geometry,5,0.5390476190476191,0,1.5471384586169234e-27,0.463953,1.937753
P07,shape_sorter_observation,1,shape_sorter_observation_s1_23.000,23.0,25.0,valence,1,eeg,logreg,time_statistical,8,0.5411111111111111,1,0.6019106241215645,0.430242,1.229873
P07,shape_sorter_observation,1,shape_sorter_observation_s1_23.000,23.0,25.0,valence,2,eeg,svm,hjorth,8,0.5375438596491228,1,0.7842347946745921,0.411841,1.884312
P07,shape_sorter_observation,1,shape_sorter_observation_s1_23.000,23.0,25.0,valence,3,face,gnb,face_geometry,5,0.5335672514619884,0,0.05853417425442748,0.36858,1.4804300000000001
P07,shape_sorter_observation,1,shape_sorter_observation_s1_24.000,24.0,26.0,arousal,1,multimodal,logreg,all_eeg_plus_face,20,0.5900000000000001,1,0.7801892691189115,1.235954,2.1495990000000003
P07,shape_sorter_observation,1,shape_sorter_observation_s1_24.000,24.0,26.0,arousal,2,eeg,gnb,paper_compact,10,0.5566666666666666,0,0.4818526737061648,0.514514,1.6203340000000002
P07,shape_sorter_observation,1,shape_sorter_observation_s1_24.000,24.0,26.0,arousal,3,face,gnb,face_geometry,5,0.5390476190476191,0,4.666462467791523e-28,0.36653,1.500691
P07,shape_sorter_observation,1,shape_sorter_observation_s1_24.000,24.0,26.0,valence,1,eeg,logreg,time_statistical,8,0.5411111111111111,1,0.6000411569291484,0.34078,1.163022
P07,shape_sorter_observation,1,shape_sorter_observation_s1_24.000,24.0,26.0,valence,2,eeg,svm,hjorth,8,0.5375438596491228,1,0.7910605179118696,0.406061,1.859651
P07,shape_sorter_observation,1,shape_sorter_observation_s1_24.000,24.0,26.0,valence,3,face,gnb,face_geometry,5,0.5335672514619884,0,0.03359004842898646,0.366359,1.46289
P07,shape_sorter_observation,1,shape_sorter_observation_s1_25.000,25.0,27.0,arousal,1,multimodal,logreg,all_eeg_plus_face,20,0.5900000000000001,1,0.7052057363996025,1.222003,2.114108
P07,shape_sorter_observation,1,shape_sorter_observation_s1_25.000,25.0,27.0,arousal,2,eeg,gnb,paper_compact,10,0.5566666666666666,1,0.6008382209581076,0.574235,1.5992540000000002
P07,shape_sorter_observation,1,shape_sorter_observation_s1_25.000,25.0,27.0,arousal,3,face,gnb,face_geometry,5,0.5390476190476191,0,1.9490261827694682e-22,0.36184,1.473961
P07,shape_sorter_observation,1,shape_sorter_observation_s1_25.000,25.0,27.0,valence,1,eeg,logreg,time_statistical,8,0.5411111111111111,1,0.6144601760186781,0.33554,1.153361
P07,shape_sorter_observation,1,shape_sorter_observation_s1_25.000,25.0,27.0,valence,2,eeg,svm,hjorth,8,0.5375438596491228,0,0.7943728974359135,0.398311,1.8293300000000001
P07,shape_sorter_observation,1,shape_sorter_observation_s1_25.000,25.0,27.0,valence,3,face,gnb,face_geometry,5,0.5335672514619884,1,0.9999268880763178,0.3671,1.4541499999999998
P07,shape_sorter_observation,1,shape_sorter_observation_s1_26.000,26.0,28.0,arousal,1,multimodal,logreg,all_eeg_plus_face,20,0.5900000000000001,1,0.6617862221556273,1.975953,3.237658
P07,shape_sorter_observation,1,shape_sorter_observation_s1_26.000,26.0,28.0,arousal,2,eeg,gnb,paper_compact,10,0.5566666666666666,0,0.34530189686243873,0.789682,2.465467
P07,shape_sorter_observation,1,shape_sorter_observation_s1_26.000,26.0,28.0,arousal,3,face,gnb,face_geometry,5,0.5390476190476191,0,2.3181993226923995e-12,0.556995,2.22254
P07,shape_sorter_observation,1,shape_sorter_observation_s1_26.000,26.0,28.0,valence,1,eeg,logreg,time_statistical,8,0.5411111111111111,1,0.6312037266940287,0.511994,1.429439
P07,shape_sorter_observation,1,shape_sorter_observation_s1_26.000,26.0,28.0,valence,2,eeg,svm,hjorth,8,0.5375438596491228,0,0.7945358882342867,0.388061,1.743077
P07,shape_sorter_observation,1,shape_sorter_observation_s1_26.000,26.0,28.0,valence,3,face,gnb,face_geometry,5,0.5335672514619884,1,1.0,0.35717,1.4474090000000002
P07,shape_sorter_observation,1,shape_sorter_observation_s1_27.000,27.0,29.0,arousal,1,multimodal,logreg,all_eeg_plus_face,20,0.5900000000000001,1,0.7748569077260317,1.934853,3.2424989999999996
P07,shape_sorter_observation,1,shape_sorter_observation_s1_27.000,27.0,29.0,arousal,2,eeg,gnb,paper_compact,10,0.5566666666666666,1,0.5525127908659564,0.793501,2.4986879999999996
P07,shape_sorter_observation,1,shape_sorter_observation_s1_27.000,27.0,29.0,arousal,3,face,gnb,face_geometry,5,0.5390476190476191,0,5.459938419213874e-06,0.492894,1.408028
P07,shape_sorter_observation,1,shape_sorter_observation_s1_27.000,27.0,29.0,valence,1,eeg,logreg,time_statistical,8,0.5411111111111111,1,0.5643097433417655,0.326609,1.120621
P07,shape_sorter_observation,1,shape_sorter_observation_s1_27.000,27.0,29.0,valence,2,eeg,svm,hjorth,8,0.5375438596491228,1,0.7887056524904105,0.404481,1.787538
P07,shape_sorter_observation,1,shape_sorter_observation_s1_27.000,27.0,29.0,valence,3,face,gnb,face_geometry,5,0.5335672514619884,1,0.9423335951582519,0.36097,1.444769
P07,shape_sorter_observation,1,shape_sorter_observation_s1_28.000,28.0,30.0,arousal,1,multimodal,logreg,all_eeg_plus_face,20,0.5900000000000001,1,0.8094686134651026,1.244103,2.092067
P07,shape_sorter_observation,1,shape_sorter_observation_s1_28.000,28.0,30.0,arousal,2,eeg,gnb,paper_compact,10,0.5566666666666666,0,0.05848462783533862,0.506044,1.634325
P07,shape_sorter_observation,1,shape_sorter_observation_s1_28.000,28.0,30.0,arousal,3,face,gnb,face_geometry,5,0.5390476190476191,0,3.1888416650670965e-07,0.36079,1.4489580000000002
P07,shape_sorter_observation,1,shape_sorter_observation_s1_28.000,28.0,30.0,valence,1,eeg,logreg,time_statistical,8,0.5411111111111111,1,0.5331766538347225,0.334379,1.168992
P07,shape_sorter_observation,1,shape_sorter_observation_s1_28.000,28.0,30.0,valence,2,eeg,svm,hjorth,8,0.5375438596491228,1,0.7884220568921769,0.401381,1.7919690000000001
P07,shape_sorter_observation,1,shape_sorter_observation_s1_28.000,28.0,30.0,valence,3,face,gnb,face_geometry,5,0.5335672514619884,1,0.9256658568867975,0.37038,1.492191
P07,shape_sorter_observation,1,shape_sorter_observation_s1_29.000,29.0,31.0,arousal,1,multimodal,logreg,all_eeg_plus_face,20,0.5900000000000001,1,0.7661707793499182,1.592023,2.106438
P07,shape_sorter_observation,1,shape_sorter_observation_s1_29.000,29.0,31.0,arousal,2,eeg,gnb,paper_compact,10,0.5566666666666666,1,0.6286827238584392,0.546814,1.602594
P07,shape_sorter_observation,1,shape_sorter_observation_s1_29.000,29.0,31.0,arousal,3,face,gnb,face_geometry,5,0.5390476190476191,0,2.5992788170748205e-08,0.36842,1.474709
P07,shape_sorter_observation,1,shape_sorter_observation_s1_29.000,29.0,31.0,valence,1,eeg,logreg,time_statistical,8,0.5411111111111111,1,0.5552168181375784,0.36013,1.1601620000000001
P07,shape_sorter_observation,1,shape_sorter_observation_s1_29.000,29.0,31.0,valence,2,eeg,svm,hjorth,8,0.5375438596491228,0,0.7942134716911021,0.404921,1.81129
P07,shape_sorter_observation,1,shape_sorter_observation_s1_29.000,29.0,31.0,valence,3,face,gnb,face_geometry,5,0.5335672514619884,1,0.9766022034913701,0.39647,1.5920640000000001
P07,shape_sorter_observation,1,shape_sorter_observation_s1_30.000,30.0,32.0,arousal,1,multimodal,logreg,all_eeg_plus_face,20,0.5900000000000001,1,0.7240090659867914,1.235864,2.20579
P07,shape_sorter_observation,1,shape_sorter_observation_s1_30.000,30.0,32.0,arousal,2,eeg,gnb,paper_compact,10,0.5566666666666666,1,0.6391864625483196,0.509904,1.6110039999999999
P07,shape_sorter_observation,1,shape_sorter_observation_s1_30.000,30.0,32.0,arousal,3,face,gnb,face_geometry,5,0.5390476190476191,0,4.6313242441552504e-11,0.36471,1.4788400000000002
P07,shape_sorter_observation,1,shape_sorter_observation_s1_30.000,30.0,32.0,valence,1,eeg,logreg,time_statistical,8,0.5411111111111111,1,0.5938997206157492,0.340239,1.155101
P07,shape_sorter_observation,1,shape_sorter_observation_s1_30.000,30.0,32.0,valence,2,eeg,svm,hjorth,8,0.5375438596491228,0,0.7951965208532619,0.401871,1.905632
P07,shape_sorter_observation,1,shape_sorter_observation_s1_30.000,30.0,32.0,valence,3,face,gnb,face_geometry,5,0.5335672514619884,1,0.7606316035942945,0.36629,1.4635399999999998
P07,shape_sorter_observation,1,shape_sorter_observation_s1_31.000,31.0,33.0,arousal,1,multimodal,logreg,all_eeg_plus_face,20,0.5900000000000001,1,0.7718350795572432,1.213534,2.1381180000000004
P07,shape_sorter_observation,1,shape_sorter_observation_s1_31.000,31.0,33.0,arousal,2,eeg,gnb,paper_compact,10,0.5566666666666666,0,0.2954299110901073,0.508353,1.578893
P07,shape_sorter_observation,1,shape_sorter_observation_s1_31.000,31.0,33.0,arousal,3,face,gnb,face_geometry,5,0.5390476190476191,0,3.6657067542760386e-12,0.411381,1.43514
P07,shape_sorter_observation,1,shape_sorter_observation_s1_31.000,31.0,33.0,valence,1,eeg,logreg,time_statistical,8,0.5411111111111111,1,0.5781028389304231,0.332629,1.1481210000000002
P07,shape_sorter_observation,1,shape_sorter_observation_s1_31.000,31.0,33.0,valence,2,eeg,svm,hjorth,8,0.5375438596491228,0,0.7938955497468198,0.399601,1.8305
P07,shape_sorter_observation,1,shape_sorter_observation_s1_31.000,31.0,33.0,valence,3,face,gnb,face_geometry,5,0.5335672514619884,1,0.8335410105255797,0.36221,1.4460490000000001
P07,shape_sorter_observation,1,shape_sorter_observation_s1_32.000,32.0,34.0,arousal,1,multimodal,logreg,all_eeg_plus_face,20,0.5900000000000001,1,0.8297801050332665,1.240114,2.118218
P07,shape_sorter_observation,1,shape_sorter_observation_s1_32.000,32.0,34.0,arousal,2,eeg,gnb,paper_compact,10,0.5566666666666666,0,0.1481278187236394,0.560606,1.588271
P07,shape_sorter_observation,1,shape_sorter_observation_s1_32.000,32.0,34.0,arousal,3,face,gnb,face_geometry,5,0.5390476190476191,0,1.163081797167177e-12,0.3628,1.4499090000000001
P07,shape_sorter_observation,1,shape_sorter_observation_s1_32.000,32.0,34.0,valence,1,eeg,logreg,time_statistical,8,0.5411111111111111,1,0.5314825553454195,0.3531,1.624945
P07,shape_sorter_observation,1,shape_sorter_observation_s1_32.000,32.0,34.0,valence,2,eeg,svm,hjorth,8,0.5375438596491228,1,0.7900252943775723,0.619637,2.484778
P07,shape_sorter_observation,1,shape_sorter_observation_s1_32.000,32.0,34.0,valence,3,face,gnb,face_geometry,5,0.5335672514619884,1,0.9892898151478571,0.36697,1.45124
P07,shape_sorter_observation,1,shape_sorter_observation_s1_33.000,33.0,35.0,arousal,1,multimodal,logreg,all_eeg_plus_face,20,0.5900000000000001,1,0.8463711241459007,1.241644,2.113617
P07,shape_sorter_observation,1,shape_sorter_observation_s1_33.000,33.0,35.0,arousal,2,eeg,gnb,paper_compact,10,0.5566666666666666,0,0.46306793108319516,0.512774,1.626884
P07,shape_sorter_observation,1,shape_sorter_observation_s1_33.000,33.0,35.0,arousal,3,face,gnb,face_geometry,5,0.5390476190476191,0,1.192452989718425e-16,0.36905,1.465831
P07,shape_sorter_observation,1,shape_sorter_observation_s1_33.000,33.0,35.0,valence,1,eeg,logreg,time_statistical,8,0.5411111111111111,1,0.5590425311310768,0.340699,1.216223
P07,shape_sorter_observation,1,shape_sorter_observation_s1_33.000,33.0,35.0,valence,2,eeg,svm,hjorth,8,0.5375438596491228,0,0.7971707980705636,0.403141,1.8153
P07,shape_sorter_observation,1,shape_sorter_observation_s1_33.000,33.0,35.0,valence,3,face,gnb,face_geometry,5,0.5335672514619884,1,0.8943467120761727,0.3659,1.507411
P07,shape_sorter_observation,1,shape_sorter_observation_s1_34.000,34.0,36.0,arousal,1,multimodal,logreg,all_eeg_plus_face,20,0.5900000000000001,1,0.7000332480363813,2.049745,3.2843099999999996
P07,shape_sorter_observation,1,shape_sorter_observation_s1_34.000,34.0,36.0,arousal,2,eeg,gnb,paper_compact,10,0.5566666666666666,1,0.9946937823725702,0.797252,2.518689
P07,shape_sorter_observation,1,shape_sorter_observation_s1_34.000,34.0,36.0,arousal,3,face,gnb,face_geometry,5,0.5390476190476191,0,1.8287118797088571e-22,0.389271,1.429179
P07,shape_sorter_observation,1,shape_sorter_observation_s1_34.000,34.0,36.0,valence,1,eeg,logreg,time_statistical,8,0.5411111111111111,1,0.7007869634982468,0.333099,1.1877929999999999
P07,shape_sorter_observation,1,shape_sorter_observation_s1_34.000,34.0,36.0,valence,2,eeg,svm,hjorth,8,0.5375438596491228,1,0.7892242926434219,0.400391,1.799349
P07,shape_sorter_observation,1,shape_sorter_observation_s1_34.000,34.0,36.0,valence,3,face,gnb,face_geometry,5,0.5335672514619884,0,0.37568741220050883,0.37029,1.5343310000000001
P07,shape_sorter_observation,1,shape_sorter_observation_s1_35.000,35.0,37.0,arousal,1,multimodal,logreg,all_eeg_plus_face,20,0.5900000000000001,1,0.646194745358233,1.874441,3.257599
P07,shape_sorter_observation,1,shape_sorter_observation_s1_35.000,35.0,37.0,arousal,2,eeg,gnb,paper_compact,10,0.5566666666666666,1,0.9924411584801451,0.787472,2.4858580000000003
P07,shape_sorter_observation,1,shape_sorter_observation_s1_35.000,35.0,37.0,arousal,3,face,gnb,face_geometry,5,0.5390476190476191,0,1.1131657582622674e-24,0.558716,2.2121399999999998
P07,shape_sorter_observation,1,shape_sorter_observation_s1_35.000,35.0,37.0,valence,1,eeg,logreg,time_statistical,8,0.5411111111111111,1,0.6920240284682316,0.325988,1.115881
P07,shape_sorter_observation,1,shape_sorter_observation_s1_35.000,35.0,37.0,valence,2,eeg,svm,hjorth,8,0.5375438596491228,1,0.7857733011380126,0.388571,1.794159
P07,shape_sorter_observation,1,shape_sorter_observation_s1_35.000,35.0,37.0,valence,3,face,gnb,face_geometry,5,0.5335672514619884,0,0.024163652595010014,0.358139,1.43265
P07,shape_sorter_observation,1,shape_sorter_observation_s1_36.000,36.0,38.0,arousal,1,multimodal,logreg,all_eeg_plus_face,20,0.5900000000000001,1,0.8009364054872601,2.926309,4.36947
P07,shape_sorter_observation,1,shape_sorter_observation_s1_36.000,36.0,38.0,arousal,2,eeg,gnb,paper_compact,10,0.5566666666666666,0,0.1610364569544714,1.076179,3.250297
P07,shape_sorter_observation,1,shape_sorter_observation_s1_36.000,36.0,38.0,arousal,3,face,gnb,face_geometry,5,0.5390476190476191,0,4.361942325506952e-21,0.796181,1.509122
P07,shape_sorter_observation,1,shape_sorter_observation_s1_36.000,36.0,38.0,valence,1,eeg,logreg,time_statistical,8,0.5411111111111111,1,0.5520819053876422,0.330629,1.11353
P07,shape_sorter_observation,1,shape_sorter_observation_s1_36.000,36.0,38.0,valence,2,eeg,svm,hjorth,8,0.5375438596491228,0,0.7968407117864236,0.400781,1.789189
P07,shape_sorter_observation,1,shape_sorter_observation_s1_36.000,36.0,38.0,valence,3,face,gnb,face_geometry,5,0.5335672514619884,1,0.9895742709042878,0.35732,1.4270589999999999
P07,shape_sorter_observation,1,shape_sorter_observation_s1_37.000,37.0,39.0,arousal,1,multimodal,logreg,all_eeg_plus_face,20,0.5900000000000001,1,0.7747146473257985,1.891492,2.7716659999999997
P07,shape_sorter_observation,1,shape_sorter_observation_s1_37.000,37.0,39.0,arousal,2,eeg,gnb,paper_compact,10,0.5566666666666666,1,0.5702820753958386,0.510823,1.594204
P07,shape_sorter_observation,1,shape_sorter_observation_s1_37.000,37.0,39.0,arousal,3,face,gnb,face_geometry,5,0.5390476190476191,0,1.7638044520249665e-11,0.36422,1.45753
P07,shape_sorter_observation,1,shape_sorter_observation_s1_37.000,37.0,39.0,valence,1,eeg,logreg,time_statistical,8,0.5411111111111111,1,0.6061002646242087,0.491023,1.1511120000000001
P07,shape_sorter_observation,1,shape_sorter_observation_s1_37.000,37.0,39.0,valence,2,eeg,svm,hjorth,8,0.5375438596491228,0,0.796191877768094,0.421901,1.8092489999999999
P07,shape_sorter_observation,1,shape_sorter_observation_s1_37.000,37.0,39.0,valence,3,face,gnb,face_geometry,5,0.5335672514619884,1,0.9999999999839488,0.36497,1.461879
P07,shape_sorter_observation,1,shape_sorter_observation_s1_38.000,38.0,40.0,arousal,1,multimodal,logreg,all_eeg_plus_face,20,0.5900000000000001,1,0.7931878732263526,1.218824,2.1746990000000004
P07,shape_sorter_observation,1,shape_sorter_observation_s1_38.000,38.0,40.0,arousal,2,eeg,gnb,paper_compact,10,0.5566666666666666,1,0.97170034044223,0.511064,1.604893
P07,shape_sorter_observation,1,shape_sorter_observation_s1_38.000,38.0,40.0,arousal,3,face,gnb,face_geometry,5,0.5390476190476191,0,1.5820507865240934e-06,0.397461,1.955713
P07,shape_sorter_observation,1,shape_sorter_observation_s1_38.000,38.0,40.0,valence,1,eeg,logreg,time_statistical,8,0.5411111111111111,1,0.6639023705032122,0.520954,1.8435599999999999
P07,shape_sorter_observation,1,shape_sorter_observation_s1_38.000,38.0,40.0,valence,2,eeg,svm,hjorth,8,0.5375438596491228,1,0.7915735372481317,0.445792,1.816959
P07,shape_sorter_observation,1,shape_sorter_observation_s1_38.000,38.0,40.0,valence,3,face,gnb,face_geometry,5,0.5335672514619884,1,0.8393311684486785,0.36403,1.47796
P07,shape_sorter_observation,1,shape_sorter_observation_s1_39.000,39.0,41.0,arousal,1,multimodal,logreg,all_eeg_plus_face,20,0.5900000000000001,1,0.7739981897480023,2.017845,3.2565190000000004
P07,shape_sorter_observation,1,shape_sorter_observation_s1_39.000,39.0,41.0,arousal,2,eeg,gnb,paper_compact,10,0.5566666666666666,1,0.9989734006369669,0.507234,1.578763
P07,shape_sorter_observation,1,shape_sorter_observation_s1_39.000,39.0,41.0,arousal,3,face,gnb,face_geometry,5,0.5390476190476191,0,4.0931388498429666e-07,0.360219,1.4593199999999997
P07,shape_sorter_observation,1,shape_sorter_observation_s1_39.000,39.0,41.0,valence,1,eeg,logreg,time_statistical,8,0.5411111111111111,1,0.6481301979087759,0.335969,1.1469520000000002
P07,shape_sorter_observation,1,shape_sorter_observation_s1_39.000,39.0,41.0,valence,2,eeg,svm,hjorth,8,0.5375438596491228,1,0.7829990168459183,0.401051,1.83732
P07,shape_sorter_observation,1,shape_sorter_observation_s1_39.000,39.0,41.0,valence,3,face,gnb,face_geometry,5,0.5335672514619884,1,0.9101291714829817,0.36501,1.455159
P07,shape_sorter_observation,1,shape_sorter_observation_s1_40.000,40.0,42.0,arousal,1,multimodal,logreg,all_eeg_plus_face,20,0.5900000000000001,1,0.7970259236081482,1.949843,2.152429
P07,shape_sorter_observation,1,shape_sorter_observation_s1_40.000,40.0,42.0,arousal,2,eeg,gnb,paper_compact,10,0.5566666666666666,1,0.890122417595047,0.540435,1.6025930000000002
P07,shape_sorter_observation,1,shape_sorter_observation_s1_40.000,40.0,42.0,arousal,3,face,gnb,face_geometry,5,0.5390476190476191,0,3.271646619803344e-06,0.36708,1.4725489999999999
P07,shape_sorter_observation,1,shape_sorter_observation_s1_40.000,40.0,42.0,valence,1,eeg,logreg,time_statistical,8,0.5411111111111111,1,0.5985163385440668,0.340999,1.1432920000000002
P07,shape_sorter_observation,1,shape_sorter_observation_s1_40.000,40.0,42.0,valence,2,eeg,svm,hjorth,8,0.5375438596491228,1,0.7882774398641552,0.400311,1.811469
P07,shape_sorter_observation,1,shape_sorter_observation_s1_40.000,40.0,42.0,valence,3,face,gnb,face_geometry,5,0.5335672514619884,1,0.9999876464744946,0.364219,1.45827
P07,shape_sorter_observation,1,shape_sorter_observation_s1_41.000,41.0,43.0,arousal,1,multimodal,logreg,all_eeg_plus_face,20,0.5900000000000001,1,0.8057008990626748,1.902091,3.220879
P07,shape_sorter_observation,1,shape_sorter_observation_s1_41.000,41.0,43.0,arousal,2,eeg,gnb,paper_compact,10,0.5566666666666666,1,0.6256562504684064,0.793822,2.4567950000000005
P07,shape_sorter_observation,1,shape_sorter_observation_s1_41.000,41.0,43.0,arousal,3,face,gnb,face_geometry,5,0.5390476190476191,0,2.2499399038363278e-09,0.638278,1.6554250000000001
P07,shape_sorter_observation,1,shape_sorter_observation_s1_41.000,41.0,43.0,valence,1,eeg,logreg,time_statistical,8,0.5411111111111111,1,0.6209538998049489,0.336769,1.143712
P07,shape_sorter_observation,1,shape_sorter_observation_s1_41.000,41.0,43.0,valence,2,eeg,svm,hjorth,8,0.5375438596491228,0,0.7987602213511666,0.404981,1.835149
P07,shape_sorter_observation,1,shape_sorter_observation_s1_41.000,41.0,43.0,valence,3,face,gnb,face_geometry,5,0.5335672514619884,1,0.9998208377036639,0.36676,1.4517289999999998
P07,shape_sorter_observation,1,shape_sorter_observation_s1_42.000,42.0,44.0,arousal,1,multimodal,logreg,all_eeg_plus_face,20,0.5900000000000001,1,0.7530802452613695,1.918913,3.218878
P07,shape_sorter_observation,1,shape_sorter_observation_s1_42.000,42.0,44.0,arousal,2,eeg,gnb,paper_compact,10,0.5566666666666666,0,0.47565297390390765,0.792682,2.505538
P07,shape_sorter_observation,1,shape_sorter_observation_s1_42.000,42.0,44.0,arousal,3,face,gnb,face_geometry,5,0.5390476190476191,0,4.342992049579202e-13,0.418652,1.4144579999999998
P07,shape_sorter_observation,1,shape_sorter_observation_s1_42.000,42.0,44.0,valence,1,eeg,logreg,time_statistical,8,0.5411111111111111,1,0.6427323080531209,0.333399,1.1757929999999999
P07,shape_sorter_observation,1,shape_sorter_observation_s1_42.000,42.0,44.0,valence,2,eeg,svm,hjorth,8,0.5375438596491228,0,0.7945024663228585,0.397961,1.780748
P07,shape_sorter_observation,1,shape_sorter_observation_s1_42.000,42.0,44.0,valence,3,face,gnb,face_geometry,5,0.5335672514619884,1,0.9384715541050783,0.35973,1.502851
P07,shape_sorter_observation,1,shape_sorter_observation_s1_43.000,43.0,45.0,arousal,1,multimodal,logreg,all_eeg_plus_face,20,0.5900000000000001,1,0.6313353563379089,1.235114,2.104807
P07,shape_sorter_observation,1,shape_sorter_observation_s1_43.000,43.0,45.0,arousal,2,eeg,gnb,paper_compact,10,0.5566666666666666,1,0.5212258216279209,0.509804,1.637424
P07,shape_sorter_observation,1,shape_sorter_observation_s1_43.000,43.0,45.0,arousal,3,face,gnb,face_geometry,5,0.5390476190476191,0,2.765427559274985e-13,0.36191,1.43696
P07,shape_sorter_observation,1,shape_sorter_observation_s1_43.000,43.0,45.0,valence,1,eeg,logreg,time_statistical,8,0.5411111111111111,1,0.6041100482406558,0.332819,1.154041
P07,shape_sorter_observation,1,shape_sorter_observation_s1_43.000,43.0,45.0,valence,2,eeg,svm,hjorth,8,0.5375438596491228,1,0.7908548126379132,0.400031,1.788249
P07,shape_sorter_observation,1,shape_sorter_observation_s1_43.000,43.0,45.0,valence,3,face,gnb,face_geometry,5,0.5335672514619884,1,0.9999944611760144,0.36021,1.474751
P07,shape_sorter_observation,1,shape_sorter_observation_s1_44.000,44.0,46.0,arousal,1,multimodal,logreg,all_eeg_plus_face,20,0.5900000000000001,1,0.6782634150658164,1.897272,3.2607690000000003
P07,shape_sorter_observation,1,shape_sorter_observation_s1_44.000,44.0,46.0,arousal,2,eeg,gnb,paper_compact,10,0.5566666666666666,1,0.9999991536194017,0.793192,2.505768
P07,shape_sorter_observation,1,shape_sorter_observation_s1_44.000,44.0,46.0,arousal,3,face,gnb,face_geometry,5,0.5390476190476191,0,7.134043523644477e-17,0.560605,2.263322
P07,shape_sorter_observation,1,shape_sorter_observation_s1_44.000,44.0,46.0,valence,1,eeg,logreg,time_statistical,8,0.5411111111111111,1,0.7020070182496285,0.522364,1.763768
P07,shape_sorter_observation,1,shape_sorter_observation_s1_44.000,44.0,46.0,valence,2,eeg,svm,hjorth,8,0.5375438596491228,0,0.7968822679433732,0.640308,2.7361440000000004
P07,shape_sorter_observation,1,shape_sorter_observation_s1_44.000,44.0,46.0,valence,3,face,gnb,face_geometry,5,0.5335672514619884,1,0.9999999997107025,0.564915,1.893862
P07,shape_sorter_observation,1,shape_sorter_observation_s1_45.000,45.0,47.0,arousal,1,multimodal,logreg,all_eeg_plus_face,20,0.5900000000000001,1,0.7168661860817866,1.884162,3.4338640000000002
P07,shape_sorter_observation,1,shape_sorter_observation_s1_45.000,45.0,47.0,arousal,2,eeg,gnb,paper_compact,10,0.5566666666666666,1,0.9999999989623873,1.001437,2.594161
P07,shape_sorter_observation,1,shape_sorter_observation_s1_45.000,45.0,47.0,arousal,3,face,gnb,face_geometry,5,0.5390476190476191,0,4.29841524849469e-21,0.357299,1.405608
P07,shape_sorter_observation,1,shape_sorter_observation_s1_45.000,45.0,47.0,valence,1,eeg,logreg,time_statistical,8,0.5411111111111111,1,0.738238096867119,0.325889,1.135651
P07,shape_sorter_observation,1,shape_sorter_observation_s1_45.000,45.0,47.0,valence,2,eeg,svm,hjorth,8,0.5375438596491228,0,0.8000330079660475,0.392561,1.7839589999999999
P07,shape_sorter_observation,1,shape_sorter_observation_s1_45.000,45.0,47.0,valence,3,face,gnb,face_geometry,5,0.5335672514619884,1,0.9997426788698294,0.359199,1.4580299999999997
P07,shape_sorter_observation,1,shape_sorter_observation_s1_46.000,46.0,48.0,arousal,1,multimodal,logreg,all_eeg_plus_face,20,0.5900000000000001,1,0.7004209232289091,2.164179,3.424643
P07,shape_sorter_observation,1,shape_sorter_observation_s1_46.000,46.0,48.0,arousal,2,eeg,gnb,paper_compact,10,0.5566666666666666,1,0.9609819587756745,0.857843,2.4910490000000003
P07,shape_sorter_observation,1,shape_sorter_observation_s1_46.000,46.0,48.0,arousal,3,face,gnb,face_geometry,5,0.5390476190476191,0,9.835032650320862e-18,0.569096,2.335763
P07,shape_sorter_observation,1,shape_sorter_observation_s1_46.000,46.0,48.0,valence,1,eeg,logreg,time_statistical,8,0.5411111111111111,1,0.6711715303352799,0.521334,1.84139
P07,shape_sorter_observation,1,shape_sorter_observation_s1_46.000,46.0,48.0,valence,2,eeg,svm,hjorth,8,0.5375438596491228,0,0.7965633531545022,0.629527,2.735925
P07,shape_sorter_observation,1,shape_sorter_observation_s1_46.000,46.0,48.0,valence,3,face,gnb,face_geometry,5,0.5335672514619884,1,0.9634633262455005,0.599107,2.23226
P07,shape_sorter_observation,1,shape_sorter_observation_s1_47.000,47.0,49.0,arousal,1,multimodal,logreg,all_eeg_plus_face,20,0.5900000000000001,1,0.7582895796673725,1.401829,2.2157810000000002
P07,shape_sorter_observation,1,shape_sorter_observation_s1_47.000,47.0,49.0,arousal,2,eeg,gnb,paper_compact,10,0.5566666666666666,1,0.769283577947003,0.597316,1.619203
P07,shape_sorter_observation,1,shape_sorter_observation_s1_47.000,47.0,49.0,arousal,3,face,gnb,face_geometry,5,0.5390476190476191,0,2.503694711313166e-13,0.395901,1.4966809999999997
P07,shape_sorter_observation,1,shape_sorter_observation_s1_47.000,47.0,49.0,valence,1,eeg,logreg,time_statistical,8,0.5411111111111111,1,0.6303692706530825,0.341149,1.169642
P07,shape_sorter_observation,1,shape_sorter_observation_s1_47.000,47.0,49.0,valence,2,eeg,svm,hjorth,8,0.5375438596491228,1,0.7931242884479545,0.415491,1.9164729999999999
P07,shape_sorter_observation,1,shape_sorter_observation_s1_47.000,47.0,49.0,valence,3,face,gnb,face_geometry,5,0.5335672514619884,1,0.6485907809397573,0.398251,1.49018
P07,shape_sorter_observation,1,shape_sorter_observation_s1_48.000,48.0,50.0,arousal,1,multimodal,logreg,all_eeg_plus_face,20,0.5900000000000001,1,0.7719007918907622,1.259965,2.133676
P07,shape_sorter_observation,1,shape_sorter_observation_s1_48.000,48.0,50.0,arousal,2,eeg,gnb,paper_compact,10,0.5566666666666666,1,0.9683447733530393,0.514224,1.645425
P07,shape_sorter_observation,1,shape_sorter_observation_s1_48.000,48.0,50.0,arousal,3,face,gnb,face_geometry,5,0.5390476190476191,0,3.1857474168901424e-11,0.36521,1.4616890000000002
P07,shape_sorter_observation,1,shape_sorter_observation_s1_48.000,48.0,50.0,valence,1,eeg,logreg,time_statistical,8,0.5411111111111111,1,0.6264952500196599,0.339839,1.200703
P07,shape_sorter_observation,1,shape_sorter_observation_s1_48.000,48.0,50.0,valence,2,eeg,svm,hjorth,8,0.5375438596491228,1,0.7931472092021755,0.407941,1.8174190000000001
P07,shape_sorter_observation,1,shape_sorter_observation_s1_48.000,48.0,50.0,valence,3,face,gnb,face_geometry,5,0.5335672514619884,0,0.10593832346953035,0.36376,1.503541
P07,shape_sorter_observation,1,shape_sorter_observation_s1_49.000,49.0,51.0,arousal,1,multimodal,logreg,all_eeg_plus_face,20,0.5900000000000001,1,0.7703628931689062,1.987554,2.286093
P07,shape_sorter_observation,1,shape_sorter_observation_s1_49.000,49.0,51.0,arousal,2,eeg,gnb,paper_compact,10,0.5566666666666666,1,0.895156600906479,0.511104,1.611304
P07,shape_sorter_observation,1,shape_sorter_observation_s1_49.000,49.0,51.0,arousal,3,face,gnb,face_geometry,5,0.5390476190476191,0,1.0765249883098025e-06,0.36083,1.4398190000000002
P07,shape_sorter_observation,1,shape_sorter_observation_s1_49.000,49.0,51.0,valence,1,eeg,logreg,time_statistical,8,0.5411111111111111,1,0.6230133996434505,0.33461,1.1633310000000001
P07,shape_sorter_observation,1,shape_sorter_observation_s1_49.000,49.0,51.0,valence,2,eeg,svm,hjorth,8,0.5375438596491228,1,0.7915235053665604,0.402301,1.80454
P07,shape_sorter_observation,1,shape_sorter_observation_s1_49.000,49.0,51.0,valence,3,face,gnb,face_geometry,5,0.5335672514619884,0,0.30813169217635245,0.36343,1.4956289999999999
P07,shape_sorter_observation,1,shape_sorter_observation_s1_50.000,50.0,52.0,arousal,1,multimodal,logreg,all_eeg_plus_face,20,0.5900000000000001,1,0.7992743492052473,1.682865,2.144968
P07,shape_sorter_observation,1,shape_sorter_observation_s1_50.000,50.0,52.0,arousal,2,eeg,gnb,paper_compact,10,0.5566666666666666,1,0.5837576445177547,0.544475,1.6109740000000001
P07,shape_sorter_observation,1,shape_sorter_observation_s1_50.000,50.0,52.0,arousal,3,face,gnb,face_geometry,5,0.5390476190476191,0,4.638712357557869e-06,0.36694,1.462141
P07,shape_sorter_observation,1,shape_sorter_observation_s1_50.000,50.0,52.0,valence,1,eeg,logreg,time_statistical,8,0.5411111111111111,1,0.5774501911155183,0.343599,1.230043
P07,shape_sorter_observation,1,shape_sorter_observation_s1_50.000,50.0,52.0,valence,2,eeg,svm,hjorth,8,0.5375438596491228,1,0.7863294272692661,0.497864,1.907901
P07,shape_sorter_observation,1,shape_sorter_observation_s1_50.000,50.0,52.0,valence,3,face,gnb,face_geometry,5,0.5335672514619884,1,0.9945296004825125,0.373601,1.6131339999999998
P07,shape_sorter_observation,1,shape_sorter_observation_s1_51.000,51.0,53.0,arousal,1,multimodal,logreg,all_eeg_plus_face,20,0.5900000000000001,1,0.7112118276944405,1.970383,2.970731
P07,shape_sorter_observation,1,shape_sorter_observation_s1_51.000,51.0,53.0,arousal,2,eeg,gnb,paper_compact,10,0.5566666666666666,1,0.9968780283172723,0.656778,1.6377339999999998
P07,shape_sorter_observation,1,shape_sorter_observation_s1_51.000,51.0,53.0,arousal,3,face,gnb,face_geometry,5,0.5390476190476191,0,1.4291273292036764e-15,0.3627,1.46313
P07,shape_sorter_observation,1,shape_sorter_observation_s1_51.000,51.0,53.0,valence,1,eeg,logreg,time_statistical,8,0.5411111111111111,1,0.609339597866086,0.341709,1.152841
P07,shape_sorter_observation,1,shape_sorter_observation_s1_51.000,51.0,53.0,valence,2,eeg,svm,hjorth,8,0.5375438596491228,1,0.7907948748765906,0.408862,1.81723
P07,shape_sorter_observation,1,shape_sorter_observation_s1_51.000,51.0,53.0,valence,3,face,gnb,face_geometry,5,0.5335672514619884,1,0.9999816952883565,0.361539,1.492761
P07,shape_sorter_observation,1,shape_sorter_observation_s1_52.000,52.0,54.0,arousal,1,multimodal,logreg,all_eeg_plus_face,20,0.5900000000000001,1,0.6866604464673662,1.917932,3.4937560000000003
P07,shape_sorter_observation,1,shape_sorter_observation_s1_52.000,52.0,54.0,arousal,2,eeg,gnb,paper_compact,10,0.5566666666666666,1,0.9547061545953583,0.785162,2.677911
P07,shape_sorter_observation,1,shape_sorter_observation_s1_52.000,52.0,54.0,arousal,3,face,gnb,face_geometry,5,0.5390476190476191,0,1.333764541300267e-15,0.553095,2.220841
P07,shape_sorter_observation,1,shape_sorter_observation_s1_52.000,52.0,54.0,valence,1,eeg,logreg,time_statistical,8,0.5411111111111111,1,0.6616225239126724,0.623667,1.771488
P07,shape_sorter_observation,1,shape_sorter_observation_s1_52.000,52.0,54.0,valence,2,eeg,svm,hjorth,8,0.5375438596491228,1,0.7927156676196819,0.613276,2.7463949999999997
P07,shape_sorter_observation,1,shape_sorter_observation_s1_52.000,52.0,54.0,valence,3,face,gnb,face_geometry,5,0.5335672514619884,1,0.9999999998616147,0.553075,2.322053
P07,shape_sorter_observation,1,shape_sorter_observation_s1_53.000,53.0,55.0,arousal,1,multimodal,logreg,all_eeg_plus_face,20,0.5900000000000001,1,0.6469914381196277,2.367404,2.721364
P07,shape_sorter_observation,1,shape_sorter_observation_s1_53.000,53.0,55.0,arousal,2,eeg,gnb,paper_compact,10,0.5566666666666666,1,0.9999923613531256,0.508194,1.622824
P07,shape_sorter_observation,1,shape_sorter_observation_s1_53.000,53.0,55.0,arousal,3,face,gnb,face_geometry,5,0.5390476190476191,0,4.1805681459182e-15,0.36219,1.438639
P07,shape_sorter_observation,1,shape_sorter_observation_s1_53.000,53.0,55.0,valence,1,eeg,logreg,time_statistical,8,0.5411111111111111,1,0.785565929386922,0.332579,1.1525509999999999
P07,shape_sorter_observation,1,shape_sorter_observation_s1_53.000,53.0,55.0,valence,2,eeg,svm,hjorth,8,0.5375438596491228,1,0.787636228371641,0.421692,1.83691
P07,shape_sorter_observation,1,shape_sorter_observation_s1_53.000,53.0,55.0,valence,3,face,gnb,face_geometry,5,0.5335672514619884,1,0.9954524813816912,0.36133,1.543752
P07,shape_sorter_observation,1,shape_sorter_observation_s1_54.000,54.0,56.0,arousal,1,multimodal,logreg,all_eeg_plus_face,20,0.5900000000000001,1,0.7114032700240008,1.278684,2.17673
P07,shape_sorter_observation,1,shape_sorter_observation_s1_54.000,54.0,56.0,arousal,2,eeg,gnb,paper_compact,10,0.5566666666666666,1,0.9999999998368168,0.528555,1.643495
P07,shape_sorter_observation,1,shape_sorter_observation_s1_54.000,54.0,56.0,arousal,3,face,gnb,face_geometry,5,0.5390476190476191,0,4.4207679709088287e-13,0.37171,1.466669
P07,shape_sorter_observation,1,shape_sorter_observation_s1_54.000,54.0,56.0,valence,1,eeg,logreg,time_statistical,8,0.5411111111111111,1,0.7857168822537088,0.34385,1.222943
P07,shape_sorter_observation,1,shape_sorter_observation_s1_54.000,54.0,56.0,valence,2,eeg,svm,hjorth,8,0.5375438596491228,1,0.7891536796210933,0.404621,1.8131789999999999
P07,shape_sorter_observation,1,shape_sorter_observation_s1_54.000,54.0,56.0,valence,3,face,gnb,face_geometry,5,0.5335672514619884,1,0.9999576518802782,0.36316,1.519971
P07,shape_sorter_observation,1,shape_sorter_observation_s1_55.000,55.0,57.0,arousal,1,multimodal,logreg,all_eeg_plus_face,20,0.5900000000000001,1,0.8174960127262704,2.387144,2.9815419999999997
P07,shape_sorter_observation,1,shape_sorter_observation_s1_55.000,55.0,57.0,arousal,2,eeg,gnb,paper_compact,10,0.5566666666666666,1,0.997085747307147,0.507384,1.627764
P07,shape_sorter_observation,1,shape_sorter_observation_s1_55.000,55.0,57.0,arousal,3,face,gnb,face_geometry,5,0.5390476190476191,0,0.35648578954911425,0.36207,1.448249
P07,shape_sorter_observation,1,shape_sorter_observation_s1_55.000,55.0,57.0,valence,1,eeg,logreg,time_statistical,8,0.5411111111111111,1,0.6588503034611105,0.333029,1.186382
P07,shape_sorter_observation,1,shape_sorter_observation_s1_55.000,55.0,57.0,valence,2,eeg,svm,hjorth,8,0.5375438596491228,0,0.7981446656281482,0.401211,1.799969
P07,shape_sorter_observation,1,shape_sorter_observation_s1_55.000,55.0,57.0,valence,3,face,gnb,face_geometry,5,0.5335672514619884,1,0.9999998207065525,0.36135,1.508181
P07,shape_sorter_observation,1,shape_sorter_observation_s1_56.000,56.0,58.0,arousal,1,multimodal,logreg,all_eeg_plus_face,20,0.5900000000000001,1,0.7844388800304196,1.180062,2.0369450000000002
P07,shape_sorter_observation,1,shape_sorter_observation_s1_56.000,56.0,58.0,arousal,2,eeg,gnb,paper_compact,10,0.5566666666666666,1,0.5640696954873636,0.508574,1.5525120000000001
P07,shape_sorter_observation,1,shape_sorter_observation_s1_56.000,56.0,58.0,arousal,3,face,gnb,face_geometry,5,0.5390476190476191,0,0.016851554556260747,0.358559,1.484381
P07,shape_sorter_observation,1,shape_sorter_observation_s1_56.000,56.0,58.0,valence,1,eeg,logreg,time_statistical,8,0.5411111111111111,1,0.6412142103943489,0.328839,1.136071
P07,shape_sorter_observation,1,shape_sorter_observation_s1_56.000,56.0,58.0,valence,2,eeg,svm,hjorth,8,0.5375438596491228,1,0.789840780436937,0.399231,1.750518
P07,shape_sorter_observation,1,shape_sorter_observation_s1_56.000,56.0,58.0,valence,3,face,gnb,face_geometry,5,0.5335672514619884,1,0.9697056305681734,0.359529,1.448369
P07,shape_sorter_observation,1,shape_sorter_observation_s1_57.000,57.0,59.0,arousal,2,eeg,gnb,paper_compact,10,0.5566666666666666,1,0.6340198239138046,0.786001,2.4790279999999996
P07,shape_sorter_observation,1,shape_sorter_observation_s1_57.000,57.0,59.0,valence,1,eeg,logreg,time_statistical,8,0.5411111111111111,1,0.675643539706405,0.512774,1.81897
P07,shape_sorter_observation,1,shape_sorter_observation_s1_57.000,57.0,59.0,valence,2,eeg,svm,hjorth,8,0.5375438596491228,1,0.7917639179091662,0.613187,2.6543200000000002
P07,stack,1,stack_s1_20.000,20.0,22.0,arousal,1,multimodal,logreg,all_eeg_plus_face,20,0.5900000000000001,1,0.8176212167178042,1.286605,2.18249
P07,stack,1,stack_s1_20.000,20.0,22.0,arousal,2,eeg,gnb,paper_compact,10,0.5566666666666666,1,0.9582016192098824,0.520064,1.690266
P07,stack,1,stack_s1_20.000,20.0,22.0,arousal,3,face,gnb,face_geometry,5,0.5390476190476191,0,0.0035089318212738695,0.37849,1.4859200000000001
P07,stack,1,stack_s1_20.000,20.0,22.0,valence,1,eeg,logreg,time_statistical,8,0.5411111111111111,1,0.6425638246937786,0.34229,1.196372
P07,stack,1,stack_s1_20.000,20.0,22.0,valence,2,eeg,svm,hjorth,8,0.5375438596491228,1,0.788763683541883,0.407381,1.855131
P07,stack,1,stack_s1_20.000,20.0,22.0,valence,3,face,gnb,face_geometry,5,0.5335672514619884,1,1.0,0.3677,1.482531
P07,stack,1,stack_s1_21.000,21.0,23.0,arousal,1,multimodal,logreg,all_eeg_plus_face,20,0.5900000000000001,1,0.7715819292473567,1.756778,2.0953670000000004
P07,stack,1,stack_s1_21.000,21.0,23.0,arousal,2,eeg,gnb,paper_compact,10,0.5566666666666666,1,0.8752151978638826,0.501684,1.607553
P07,stack,1,stack_s1_21.000,21.0,23.0,arousal,3,face,gnb,face_geometry,5,0.5390476190476191,0,8.457148892343151e-07,0.364849,1.44888
P07,stack,1,stack_s1_21.000,21.0,23.0,valence,1,eeg,logreg,time_statistical,8,0.5411111111111111,1,0.6532461021288084,0.33774,1.165161
P07,stack,1,stack_s1_21.000,21.0,23.0,valence,2,eeg,svm,hjorth,8,0.5375438596491228,1,0.7925205843599449,0.401441,1.8147099999999998
P07,stack,1,stack_s1_21.000,21.0,23.0,valence,3,face,gnb,face_geometry,5,0.5335672514619884,1,0.9999999859039371,0.36162,1.4977509999999998
P07,stack,1,stack_s1_22.000,22.0,24.0,arousal,1,multimodal,logreg,all_eeg_plus_face,20,0.5900000000000001,1,0.8099635147525259,1.283685,2.1481380000000003
P07,stack,1,stack_s1_22.000,22.0,24.0,arousal,2,eeg,gnb,paper_compact,10,0.5566666666666666,1,0.707244527583738,0.515634,1.611584
P07,stack,1,stack_s1_22.000,22.0,24.0,arousal,3,face,gnb,face_geometry,5,0.5390476190476191,0,1.2834320984272257e-07,0.3669,1.4656689999999999
P07,stack,1,stack_s1_22.000,22.0,24.0,valence,1,eeg,logreg,time_statistical,8,0.5411111111111111,1,0.6082418910779452,0.339469,1.155762
P07,stack,1,stack_s1_22.000,22.0,24.0,valence,2,eeg,svm,hjorth,8,0.5375438596491228,0,0.7938915610333944,0.435372,1.8139290000000001
P07,stack,1,stack_s1_22.000,22.0,24.0,valence,3,face,gnb,face_geometry,5,0.5335672514619884,1,0.9999839290242375,0.365089,1.486281
P07,stack,1,stack_s1_23.000,23.0,25.0,arousal,1,multimodal,logreg,all_eeg_plus_face,20,0.5900000000000001,1,0.7974032842268597,1.909432,3.245729
P07,stack,1,stack_s1_23.000,23.0,25.0,arousal,2,eeg,gnb,paper_compact,10,0.5566666666666666,1,0.9720552985190509,0.784411,2.432446
P07,stack,1,stack_s1_23.000,23.0,25.0,arousal,3,face,gnb,face_geometry,5,0.5390476190476191,0,4.310836991284509e-06,0.629547,2.226071
P07,stack,1,stack_s1_23.000,23.0,25.0,valence,1,eeg,logreg,time_statistical,8,0.5411111111111111,1,0.6384374544882293,0.510644,1.8526699999999998
P07,stack,1,stack_s1_23.000,23.0,25.0,valence,2,eeg,svm,hjorth,8,0.5375438596491228,0,0.793904818553843,0.630407,2.742774
P07,stack,1,stack_s1_23.000,23.0,25.0,valence,3,face,gnb,face_geometry,5,0.5335672514619884,1,0.9999942253820965,0.552675,2.2337819999999997
P07,stack,1,stack_s1_24.000,24.0,26.0,arousal,1,multimodal,logreg,all_eeg_plus_face,20,0.5900000000000001,1,0.7402471187156989,1.277244,2.156469
P07,stack,1,stack_s1_24.000,24.0,26.0,arousal,2,eeg,gnb,paper_compact,10,0.5566666666666666,1,0.9334606820024215,0.518284,1.6890859999999999
P07,stack,1,stack_s1_24.000,24.0,26.0,arousal,3,face,gnb,face_geometry,5,0.5390476190476191,0,2.8111472650311634e-07,0.37196,1.497832
P07,stack,1,stack_s1_24.000,24.0,26.0,valence,1,eeg,logreg,time_statistical,8,0.5411111111111111,1,0.6664852606507324,0.37048,1.203212
P07,stack,1,stack_s1_24.000,24.0,26.0,valence,2,eeg,svm,hjorth,8,0.5375438596491228,1,0.7894031851658077,0.402881,1.8134590000000002
P07,stack,1,stack_s1_24.000,24.0,26.0,valence,3,face,gnb,face_geometry,5,0.5335672514619884,1,0.9999849469810211,0.38336,1.4644700000000002
P07,stack,1,stack_s1_25.000,25.0,27.0,arousal,1,multimodal,logreg,all_eeg_plus_face,20,0.5900000000000001,1,0.6907674832941458,1.914382,3.234499
P07,stack,1,stack_s1_25.000,25.0,27.0,arousal,2,eeg,gnb,paper_compact,10,0.5566666666666666,1,0.562223620907171,0.914495,2.4471760000000002
P07,stack,1,stack_s1_25.000,25.0,27.0,arousal,3,face,gnb,face_geometry,5,0.5390476190476191,0,1.7368214443956043e-08,0.557285,2.284103
P07,stack,1,stack_s1_25.000,25.0,27.0,valence,1,eeg,logreg,time_statistical,8,0.5411111111111111,1,0.6472116669320376,0.511494,1.863152
P07,stack,1,stack_s1_25.000,25.0,27.0,valence,2,eeg,svm,hjorth,8,0.5375438596491228,1,0.7933494028633432,0.779052,3.224968
P07,stack,1,stack_s1_25.000,25.0,27.0,valence,3,face,gnb,face_geometry,5,0.5335672514619884,1,0.999674692261774,0.362729,1.480919
P07,stack,1,stack_s1_26.000,26.0,28.0,arousal,1,multimodal,logreg,all_eeg_plus_face,20,0.5900000000000001,1,0.8125470685731421,1.975983,3.373113
P07,stack,1,stack_s1_26.000,26.0,28.0,arousal,2,eeg,gnb,paper_compact,10,0.5566666666666666,0,0.4726620731127535,0.794212,2.479917
P07,stack,1,stack_s1_26.000,26.0,28.0,arousal,3,face,gnb,face_geometry,5,0.5390476190476191,0,7.725724456332827e-06,0.647547,1.6404050000000001
P07,stack,1,stack_s1_26.000,26.0,28.0,valence,1,eeg,logreg,time_statistical,8,0.5411111111111111,1,0.5930599576438148,0.338319,1.146652
P07,stack,1,stack_s1_26.000,26.0,28.0,valence,2,eeg,svm,hjorth,8,0.5375438596491228,0,0.795774085977406,0.457492,1.8284
P07,stack,1,stack_s1_26.000,26.0,28.0,valence,3,face,gnb,face_geometry,5,0.5335672514619884,1,0.9999964671341834,0.36175,1.542101
P07,stack,1,stack_s1_27.000,27.0,29.0,arousal,1,multimodal,logreg,all_eeg_plus_face,20,0.5900000000000001,1,0.8254668722936217,1.909432,3.2510579999999996
P07,stack,1,stack_s1_27.000,27.0,29.0,arousal,2,eeg,gnb,paper_compact,10,0.5566666666666666,1,0.9999938337046086,0.786551,1.5973430000000002
P07,stack,1,stack_s1_27.000,27.0,29.0,arousal,3,face,gnb,face_geometry,5,0.5390476190476191,0,0.0014162915964782783,0.36099,1.473751
P07,stack,1,stack_s1_27.000,27.0,29.0,valence,1,eeg,logreg,time_statistical,8,0.5411111111111111,1,0.590181677347893,0.347029,1.156841
P07,stack,1,stack_s1_27.000,27.0,29.0,valence,2,eeg,svm,hjorth,8,0.5375438596491228,1,0.7880547332677647,0.402711,1.8389199999999999
P07,stack,1,stack_s1_27.000,27.0,29.0,valence,3,face,gnb,face_geometry,5,0.5335672514619884,1,0.9999999999956444,0.36372,1.46742
P07,stack,1,stack_s1_28.000,28.0,30.0,arousal,1,multimodal,logreg,all_eeg_plus_face,20,0.5900000000000001,1,0.815802590332857,1.236484,2.184789
P07,stack,1,stack_s1_28.000,28.0,30.0,arousal,2,eeg,gnb,paper_compact,10,0.5566666666666666,1,0.9994130987532422,0.512734,1.5837819999999998
P07,stack,1,stack_s1_28.000,28.0,30.0,arousal,3,face,gnb,face_geometry,5,0.5390476190476191,0,0.1085127306341229,0.36091,1.5456420000000002
P07,stack,1,stack_s1_28.000,28.0,30.0,valence,1,eeg,logreg,time_statistical,8,0.5411111111111111,1,0.5926522304806446,0.3348,1.141581
P07,stack,1,stack_s1_28.000,28.0,30.0,valence,2,eeg,svm,hjorth,8,0.5375438596491228,1,0.7863456624613405,0.397671,1.8911310000000001
P07,stack,1,stack_s1_28.000,28.0,30.0,valence,3,face,gnb,face_geometry,5,0.5335672514619884,1,0.9783553920947353,0.3616,1.450249
P07,stack,1,stack_s1_29.000,29.0,31.0,arousal,1,multimodal,logreg,all_eeg_plus_face,20,0.5900000000000001,1,0.8559124560167162,1.252024,2.2141409999999997
P07,stack,1,stack_s1_29.000,29.0,31.0,arousal,2,eeg,gnb,paper_compact,10,0.5566666666666666,0,0.22276142685151396,0.513054,1.607974
P07,stack,1,stack_s1_29.000,29.0,31.0,arousal,3,face,gnb,face_geometry,5,0.5390476190476191,0,0.1286886085438305,0.429992,1.9460719999999998
P07,stack,1,stack_s1_29.000,29.0,31.0,valence,1,eeg,logreg,time_statistical,8,0.5411111111111111,1,0.5288345722834248,0.33534,1.182272
P07,stack,1,stack_s1_29.000,29.0,31.0,valence,2,eeg,svm,hjorth,8,0.5375438596491228,1,0.7894121756263317,0.462123,1.79929
P07,stack,1,stack_s1_29.000,29.0,31.0,valence,3,face,gnb,face_geometry,5,0.5335672514619884,1,0.869774659974946,0.3587,1.5251820000000003
P07,stack,1,stack_s1_30.000,30.0,32.0,arousal,1,multimodal,logreg,all_eeg_plus_face,20,0.5900000000000001,1,0.7973580937579076,1.244114,2.1668589999999996
P07,stack,1,stack_s1_30.000,30.0,32.0,arousal,2,eeg,gnb,paper_compact,10,0.5566666666666666,1,0.7141817057198252,0.508824,1.5774029999999999
P07,stack,1,stack_s1_30.000,30.0,32.0,arousal,3,face,gnb,face_geometry,5,0.5390476190476191,0,0.013967701852386485,0.36009,1.5400619999999998
P07,stack,1,stack_s1_30.000,30.0,32.0,valence,1,eeg,logreg,time_statistical,8,0.5411111111111111,1,0.6399890391559392,0.333649,1.13903
P07,stack,1,stack_s1_30.000,30.0,32.0,valence,2,eeg,svm,hjorth,8,0.5375438596491228,1,0.7924950010665592,0.397271,1.869821
P07,stack,1,stack_s1_30.000,30.0,32.0,valence,3,face,gnb,face_geometry,5,0.5335672514619884,1,0.9995271712392878,0.35851,1.446459
P07,stack,1,stack_s1_31.000,31.0,33.0,arousal,1,multimodal,logreg,all_eeg_plus_face,20,0.5900000000000001,1,0.7199603797828218,1.290105,2.168739
P07,stack,1,stack_s1_31.000,31.0,33.0,arousal,2,eeg,gnb,paper_compact,10,0.5566666666666666,1,0.999999940036501,0.508484,1.6168339999999999
P07,stack,1,stack_s1_31.000,31.0,33.0,arousal,3,face,gnb,face_geometry,5,0.5390476190476191,0,0.013376821614191093,0.409761,1.4452990000000001
P07,stack,1,stack_s1_31.000,31.0,33.0,valence,1,eeg,logreg,time_statistical,8,0.5411111111111111,1,0.9641867829472008,0.333139,1.1698819999999999
P07,stack,1,stack_s1_31.000,31.0,33.0,valence,2,eeg,svm,hjorth,8,0.5375438596491228,1,0.7901425033404317,0.398791,1.88145
P07,stack,1,stack_s1_31.000,31.0,33.0,valence,3,face,gnb,face_geometry,5,0.5335672514619884,1,0.9921216977492513,0.3636,1.473461
P07,stack,1,stack_s1_32.000,32.0,34.0,arousal,1,multimodal,logreg,all_eeg_plus_face,20,0.5900000000000001,1,0.5719403495878796,1.999194,2.128358
P07,stack,1,stack_s1_32.000,32.0,34.0,arousal,2,eeg,gnb,paper_compact,10,0.5566666666666666,1,0.9999193882948316,0.515214,1.6305839999999998
P07,stack,1,stack_s1_32.000,32.0,34.0,arousal,3,face,gnb,face_geometry,5,0.5390476190476191,0,0.02430120857211265,0.35802,1.422819
P07,stack,1,stack_s1_32.000,32.0,34.0,valence,1,eeg,logreg,time_statistical,8,0.5411111111111111,1,0.9661402279469037,0.35521,1.191761
P07,stack,1,stack_s1_32.000,32.0,34.0,valence,2,eeg,svm,hjorth,8,0.5375438596491228,1,0.7924592586296705,0.39361,1.799998
P07,stack,1,stack_s1_32.000,32.0,34.0,valence,3,face,gnb,face_geometry,5,0.5335672514619884,1,0.9978935329794834,0.400521,1.532332
P07,stack,1,stack_s1_33.000,33.0,35.0,arousal,1,multimodal,logreg,all_eeg_plus_face,20,0.5900000000000001,1,0.6170684203291956,1.279086,2.1119879999999998
P07,stack,1,stack_s1_33.000,33.0,35.0,arousal,2,eeg,gnb,paper_compact,10,0.5566666666666666,1,0.9238084194989769,0.563815,1.581554
P07,stack,1,stack_s1_33.000,33.0,35.0,arousal,3,face,gnb,face_geometry,5,0.5390476190476191,0,0.00928523740186,0.358959,1.44881
P07,stack,1,stack_s1_33.000,33.0,35.0,valence,1,eeg,logreg,time_statistical,8,0.5411111111111111,1,0.7665430784076671,0.337609,1.140421
P07,stack,1,stack_s1_33.000,33.0,35.0,valence,2,eeg,svm,hjorth,8,0.5375438596491228,0,0.8013858876652937,0.395711,1.8097689999999997
P07,stack,1,stack_s1_33.000,33.0,35.0,valence,3,face,gnb,face_geometry,5,0.5335672514619884,1,0.9462698221971477,0.3769,1.4576700000000002
P07,stack,1,stack_s1_34.000,34.0,36.0,arousal,1,multimodal,logreg,all_eeg_plus_face,20,0.5900000000000001,1,0.670050825110022,2.018075,3.318861
P07,stack,1,stack_s1_34.000,34.0,36.0,arousal,2,eeg,gnb,paper_compact,10,0.5566666666666666,1,0.9445321835428708,0.798152,2.523819
P07,stack,1,stack_s1_34.000,34.0,36.0,arousal,3,face,gnb,face_geometry,5,0.5390476190476191,0,0.11491036465907507,0.558665,2.235742
P07,stack,1,stack_s1_34.000,34.0,36.0,valence,1,eeg,logreg,time_statistical,8,0.5411111111111111,1,0.6890548663491761,0.519034,1.1859320000000002
P07,stack,1,stack_s1_34.000,34.0,36.0,valence,2,eeg,svm,hjorth,8,0.5375438596491228,0,0.7975617328761582,0.39123,1.777079
P07,stack,1,stack_s1_34.000,34.0,36.0,valence,3,face,gnb,face_geometry,5,0.5335672514619884,1,0.9979065637682536,0.354729,1.555703
P07,stack,1,stack_s1_35.000,35.0,37.0,arousal,1,multimodal,logreg,all_eeg_plus_face,20,0.5900000000000001,1,0.7194401916246347,1.221663,2.2064809999999997
P07,stack,1,stack_s1_35.000,35.0,37.0,arousal,2,eeg,gnb,paper_compact,10,0.5566666666666666,1,0.6758129708115614,0.512534,1.617755
P07,stack,1,stack_s1_35.000,35.0,37.0,arousal,3,face,gnb,face_geometry,5,0.5390476190476191,0,0.21957952237737471,0.3646,1.727897
P07,stack,1,stack_s1_35.000,35.0,37.0,valence,1,eeg,logreg,time_statistical,8,0.5411111111111111,1,0.6075201210281906,0.520514,1.7949290000000002
P07,stack,1,stack_s1_35.000,35.0,37.0,valence,2,eeg,svm,hjorth,8,0.5375438596491228,1,0.7895316535752598,0.701649,2.763336
P07,stack,1,stack_s1_35.000,35.0,37.0,valence,3,face,gnb,face_geometry,5,0.5335672514619884,1,0.9999999999998117,0.564975,2.361474
P07,stack,1,stack_s1_36.000,36.0,38.0,arousal,1,multimodal,logreg,all_eeg_plus_face,20,0.5900000000000001,1,0.7495477990944703,1.899753,3.2970490000000003
P07,stack,1,stack_s1_36.000,36.0,38.0,arousal,2,eeg,gnb,paper_compact,10,0.5566666666666666,1,0.9116211167102508,0.787871,2.5131479999999997
P07,stack,1,stack_s1_36.000,36.0,38.0,arousal,3,face,gnb,face_geometry,5,0.5390476190476191,0,5.561371613523087e-09,0.560006,2.274632
P07,stack,1,stack_s1_36.000,36.0,38.0,valence,1,eeg,logreg,time_statistical,8,0.5411111111111111,1,0.6330393334175738,0.526284,1.7785480000000002
P07,stack,1,stack_s1_36.000,36.0,38.0,valence,2,eeg,svm,hjorth,8,0.5375438596491228,1,0.7884274833770112,0.767091,2.759036
P07,stack,1,stack_s1_36.000,36.0,38.0,valence,3,face,gnb,face_geometry,5,0.5335672514619884,1,0.9999908918769241,0.621637,2.262342
P07,stack,1,stack_s1_37.000,37.0,39.0,arousal,1,multimodal,logreg,all_eeg_plus_face,20,0.5900000000000001,1,0.7374792449777108,1.913862,3.215909
P07,stack,1,stack_s1_37.000,37.0,39.0,arousal,2,eeg,gnb,paper_compact,10,0.5566666666666666,1,0.9778039830796181,0.843763,1.634014
P07,stack,1,stack_s1_37.000,37.0,39.0,arousal,3,face,gnb,face_geometry,5,0.5390476190476191,0,4.360144008219204e-11,0.3548,1.442149
P07,stack,1,stack_s1_37.000,37.0,39.0,valence,1,eeg,logreg,time_statistical,8,0.5411111111111111,1,0.6144526593371142,0.333719,1.195733
P07,stack,1,stack_s1_37.000,37.0,39.0,valence,2,eeg,svm,hjorth,8,0.5375438596491228,1,0.7869252157796701,0.397101,2.157839
P07,stack,1,stack_s1_37.000,37.0,39.0,valence,3,face,gnb,face_geometry,5,0.5335672514619884,1,0.9879340485836019,0.923655,3.244738
P07,stack,1,stack_s1_38.000,38.0,40.0,arousal,1,multimodal,logreg,all_eeg_plus_face,20,0.5900000000000001,1,0.7700990446714644,1.923682,3.322431
P07,stack,1,stack_s1_38.000,38.0,40.0,arousal,2,eeg,gnb,paper_compact,10,0.5566666666666666,1,0.9541221311241654,0.507453,1.594623
P07,stack,1,stack_s1_38.000,38.0,40.0,arousal,3,face,gnb,face_geometry,5,0.5390476190476191,0,7.205244454340094e-11,0.36255,1.47016
P07,stack,1,stack_s1_38.000,38.0,40.0,valence,1,eeg,logreg,time_statistical,8,0.5411111111111111,1,0.5828336297180406,0.33912,1.1493309999999999
P07,stack,1,stack_s1_38.000,38.0,40.0,valence,2,eeg,svm,hjorth,8,0.5375438596491228,1,0.7865377805098711,0.398771,1.82797
P07,stack,1,stack_s1_38.000,38.0,40.0,valence,3,face,gnb,face_geometry,5,0.5335672514619884,1,0.9996549875292928,0.361109,1.47009
P07,stack,1,stack_s1_39.000,39.0,41.0,arousal,1,multimodal,logreg,all_eeg_plus_face,20,0.5900000000000001,1,0.6792720913574756,1.909412,3.316151
P07,stack,1,stack_s1_39.000,39.0,41.0,arousal,2,eeg,gnb,paper_compact,10,0.5566666666666666,0,0.4738868640140996,0.626677,1.5763129999999999
P07,stack,1,stack_s1_39.000,39.0,41.0,arousal,3,face,gnb,face_geometry,5,0.5390476190476191,0,1.7500479641790464e-10,0.358149,1.4437999999999998
P07,stack,1,stack_s1_39.000,39.0,41.0,valence,1,eeg,logreg,time_statistical,8,0.5411111111111111,1,0.6001279598894937,0.339739,1.1498620000000002
P07,stack,1,stack_s1_39.000,39.0,41.0,valence,2,eeg,svm,hjorth,8,0.5375438596491228,1,0.789617823966232,0.40032,1.83171
P07,stack,1,stack_s1_39.000,39.0,41.0,valence,3,face,gnb,face_geometry,5,0.5335672514619884,1,0.9999974862096485,0.36018,1.451099
P07,stack,1,stack_s1_40.000,40.0,42.0,arousal,1,multimodal,logreg,all_eeg_plus_face,20,0.5900000000000001,1,0.7205537980990719,1.937922,3.233268
P07,stack,1,stack_s1_40.000,40.0,42.0,arousal,2,eeg,gnb,paper_compact,10,0.5566666666666666,0,0.08666712984705804,0.498243,1.556843
P07,stack,1,stack_s1_40.000,40.0,42.0,arousal,3,face,gnb,face_geometry,5,0.5390476190476191,0,2.0507450309094056e-08,0.35205,1.436179
P07,stack,1,stack_s1_40.000,40.0,42.0,valence,1,eeg,logreg,time_statistical,8,0.5411111111111111,1,0.5807945301038278,0.330018,1.289025
P07,stack,1,stack_s1_40.000,40.0,42.0,valence,2,eeg,svm,hjorth,8,0.5375438596491228,0,0.796001876471979,0.397051,1.8125390000000001
P07,stack,1,stack_s1_40.000,40.0,42.0,valence,3,face,gnb,face_geometry,5,0.5335672514619884,1,0.9999691739645008,0.35764,1.4547599999999998
P07,stack,1,stack_s1_41.000,41.0,43.0,arousal,1,multimodal,logreg,all_eeg_plus_face,20,0.5900000000000001,1,0.7489965628973584,1.259474,2.2133800000000003
P07,stack,1,stack_s1_41.000,41.0,43.0,arousal,2,eeg,gnb,paper_compact,10,0.5566666666666666,1,0.5789218909698453,0.521674,1.637845
P07,stack,1,stack_s1_41.000,41.0,43.0,arousal,3,face,gnb,face_geometry,5,0.5390476190476191,0,9.576424789124246e-07,0.38287,1.481121
P07,stack,1,stack_s1_41.000,41.0,43.0,valence,1,eeg,logreg,time_statistical,8,0.5411111111111111,1,0.5923952130774665,0.341559,1.166342
P07,stack,1,stack_s1_41.000,41.0,43.0,valence,2,eeg,svm,hjorth,8,0.5375438596491228,1,0.7904034599091107,0.404751,1.901282
P07,stack,1,stack_s1_41.000,41.0,43.0,valence,3,face,gnb,face_geometry,5,0.5335672514619884,1,0.9922437427164781,0.366389,1.4714200000000002
P07,stack,1,stack_s1_42.000,42.0,44.0,arousal,1,multimodal,logreg,all_eeg_plus_face,20,0.5900000000000001,1,0.6464969166309745,1.272444,2.131039
P07,stack,1,stack_s1_42.000,42.0,44.0,arousal,2,eeg,gnb,paper_compact,10,0.5566666666666666,1,0.9990173096515179,0.519064,1.637695
P07,stack,1,stack_s1_42.000,42.0,44.0,arousal,3,face,gnb,face_geometry,5,0.5390476190476191,0,2.3898497495394896e-06,0.364719,1.4569599999999998
P07,stack,1,stack_s1_42.000,42.0,44.0,valence,1,eeg,logreg,time_statistical,8,0.5411111111111111,1,0.6710200254766588,0.343299,1.2016829999999998
P07,stack,1,stack_s1_42.000,42.0,44.0,valence,2,eeg,svm,hjorth,8,0.5375438596491228,1,0.7879845725163129,0.402681,1.81849
P07,stack,1,stack_s1_42.000,42.0,44.0,valence,3,face,gnb,face_geometry,5,0.5335672514619884,0,0.2719458784188373,0.36436,1.547812
P07,stack,1,stack_s1_43.000,43.0,45.0,arousal,1,multimodal,logreg,all_eeg_plus_face,20,0.5900000000000001,1,0.6789040851905189,1.87644,3.2868000000000004
P07,stack,1,stack_s1_43.000,43.0,45.0,arousal,2,eeg,gnb,paper_compact,10,0.5566666666666666,1,0.9261192753354822,0.787541,2.458897
P07,stack,1,stack_s1_43.000,43.0,45.0,arousal,3,face,gnb,face_geometry,5,0.5390476190476191,0,1.0449729897076342e-05,0.555815,2.3131530000000002
P07,stack,1,stack_s1_43.000,43.0,45.0,valence,1,eeg,logreg,time_statistical,8,0.5411111111111111,1,0.6438439792045241,0.326129,1.134862
P07,stack,1,stack_s1_43.000,43.0,45.0,valence,2,eeg,svm,hjorth,8,0.5375438596491228,1,0.7881238806052131,0.393861,1.795309
P07,stack,1,stack_s1_43.000,43.0,45.0,valence,3,face,gnb,face_geometry,5,0.5335672514619884,1,0.7632193145958048,0.35469,1.448109
P07,stack,1,stack_s1_44.000,44.0,46.0,arousal,1,multimodal,logreg,all_eeg_plus_face,20,0.5900000000000001,1,0.7641399726075929,1.889151,3.3038610000000004
P07,stack,1,stack_s1_44.000,44.0,46.0,arousal,2,eeg,gnb,paper_compact,10,0.5566666666666666,0,0.449863883078536,0.786892,2.551709
P07,stack,1,stack_s1_44.000,44.0,46.0,arousal,3,face,gnb,face_geometry,5,0.5390476190476191,0,0.0005310020865478437,0.558245,2.348744
P07,stack,1,stack_s1_44.000,44.0,46.0,valence,1,eeg,logreg,time_statistical,8,0.5411111111111111,1,0.5721308002713658,0.515184,1.765319
P07,stack,1,stack_s1_44.000,44.0,46.0,valence,2,eeg,svm,hjorth,8,0.5375438596491228,1,0.7926726502220447,0.647057,2.727753
P07,stack,1,stack_s1_44.000,44.0,46.0,valence,3,face,gnb,face_geometry,5,0.5335672514619884,1,0.9957676631812319,0.555855,2.2935030000000003
P07,stack,1,stack_s1_45.000,45.0,47.0,arousal,1,multimodal,logreg,all_eeg_plus_face,20,0.5900000000000001,1,0.7208971150001663,1.920942,3.30718
P07,stack,1,stack_s1_45.000,45.0,47.0,arousal,2,eeg,gnb,paper_compact,10,0.5566666666666666,0,0.09967368204928169,0.793442,2.518399
P07,stack,1,stack_s1_45.000,45.0,47.0,arousal,3,face,gnb,face_geometry,5,0.5390476190476191,0,0.013661556961586599,0.560395,2.2616110000000003
P07,stack,1,stack_s1_45.000,45.0,47.0,valence,1,eeg,logreg,time_statistical,8,0.5411111111111111,1,0.5954762988872697,0.516534,1.545542
P07,stack,1,stack_s1_45.000,45.0,47.0,valence,2,eeg,svm,hjorth,8,0.5375438596491228,1,0.7895526237747597,0.390871,1.7602480000000003
P07,stack,1,stack_s1_45.000,45.0,47.0,valence,3,face,gnb,face_geometry,5,0.5335672514619884,1,0.9984114935636075,0.388861,1.446429
P07,stack,1,stack_s1_46.000,46.0,48.0,arousal,1,multimodal,logreg,all_eeg_plus_face,20,0.5900000000000001,1,0.7350641233811093,1.920222,3.2598380000000002
P07,stack,1,stack_s1_46.000,46.0,48.0,arousal,2,eeg,gnb,paper_compact,10,0.5566666666666666,1,0.9999849155650997,0.793592,2.5935610000000002
P07,stack,1,stack_s1_46.000,46.0,48.0,arousal,3,face,gnb,face_geometry,5,0.5390476190476191,0,7.921030833666175e-09,0.559725,2.24426
P07,stack,1,stack_s1_46.000,46.0,48.0,valence,1,eeg,logreg,time_statistical,8,0.5411111111111111,1,0.6741387048130302,0.515454,1.82587
P07,stack,1,stack_s1_46.000,46.0,48.0,valence,2,eeg,svm,hjorth,8,0.5375438596491228,1,0.7875722736697035,0.616867,2.689754
P07,stack,1,stack_s1_46.000,46.0,48.0,valence,3,face,gnb,face_geometry,5,0.5335672514619884,1,1.0,0.35933,1.437119
P07,stack,1,stack_s1_47.000,47.0,49.0,arousal,1,multimodal,logreg,all_eeg_plus_face,20,0.5900000000000001,1,0.7298400407716923,1.886181,3.26352
P07,stack,1,stack_s1_47.000,47.0,49.0,arousal,2,eeg,gnb,paper_compact,10,0.5566666666666666,1,0.9999998175690645,0.783481,2.463787
P07,stack,1,stack_s1_47.000,47.0,49.0,arousal,3,face,gnb,face_geometry,5,0.5390476190476191,0,9.37933267718738e-19,0.556485,2.226931
P07,stack,1,stack_s1_47.000,47.0,49.0,valence,1,eeg,logreg,time_statistical,8,0.5411111111111111,1,0.6683663159917873,0.537204,1.772748
P07,stack,1,stack_s1_47.000,47.0,49.0,valence,2,eeg,svm,hjorth,8,0.5375438596491228,1,0.7897596804633473,0.611596,2.55574
P07,stack,1,stack_s1_47.000,47.0,49.0,valence,3,face,gnb,face_geometry,5,0.5335672514619884,1,0.9999522522110552,0.345039,1.406869
P07,stack,1,stack_s1_48.000,48.0,50.0,arousal,1,multimodal,logreg,all_eeg_plus_face,20,0.5900000000000001,1,0.6067557335780754,1.953744,3.269658
P07,stack,1,stack_s1_48.000,48.0,50.0,arousal,2,eeg,gnb,paper_compact,10,0.5566666666666666,1,0.9189483462372889,0.781371,2.421424
P07,stack,1,stack_s1_48.000,48.0,50.0,arousal,3,face,gnb,face_geometry,5,0.5390476190476191,0,8.104726096447287e-13,0.561116,2.217051
P07,stack,1,stack_s1_48.000,48.0,50.0,valence,1,eeg,logreg,time_statistical,8,0.5411111111111111,1,0.6881453985361611,0.508354,1.8080790000000002
P07,stack,1,stack_s1_48.000,48.0,50.0,valence,2,eeg,svm,hjorth,8,0.5375438596491228,1,0.788354647988747,0.610826,2.735854
P07,stack,1,stack_s1_48.000,48.0,50.0,valence,3,face,gnb,face_geometry,5,0.5335672514619884,1,1.0,0.552925,2.218871
P07,stack,1,stack_s1_49.000,49.0,51.0,arousal,1,multimodal,logreg,all_eeg_plus_face,20,0.5900000000000001,1,0.6026283172415218,1.879971,3.281829
P07,stack,1,stack_s1_49.000,49.0,51.0,arousal,2,eeg,gnb,paper_compact,10,0.5566666666666666,1,0.9999136823615516,0.788971,2.504469
P07,stack,1,stack_s1_49.000,49.0,51.0,arousal,3,face,gnb,face_geometry,5,0.5390476190476191,0,3.2928740384897287e-07,0.556696,2.260621
P07,stack,1,stack_s1_49.000,49.0,51.0,valence,1,eeg,logreg,time_statistical,8,0.5411111111111111,1,0.7381397196076042,0.519424,1.7618969999999998
P07,stack,1,stack_s1_49.000,49.0,51.0,valence,2,eeg,svm,hjorth,8,0.5375438596491228,1,0.787868791148457,0.718079,1.9172529999999999
P07,stack,1,stack_s1_49.000,49.0,51.0,valence,3,face,gnb,face_geometry,5,0.5335672514619884,1,0.9999999968878868,0.35796,1.46571
P07,stack,1,stack_s1_50.000,50.0,52.0,arousal,1,multimodal,logreg,all_eeg_plus_face,20,0.5900000000000001,1,0.584384741638286,2.232501,3.69007
P07,stack,1,stack_s1_50.000,50.0,52.0,arousal,2,eeg,gnb,paper_compact,10,0.5566666666666666,1,0.8287288401850472,1.014007,2.7585360000000003
P07,stack,1,stack_s1_50.000,50.0,52.0,arousal,3,face,gnb,face_geometry,5,0.5390476190476191,0,3.3647976373385033e-16,0.647488,2.0498439999999998
P07,stack,1,stack_s1_50.000,50.0,52.0,valence,1,eeg,logreg,time_statistical,8,0.5411111111111111,1,0.6620089503376579,0.35463,1.167812
P07,stack,1,stack_s1_50.000,50.0,52.0,valence,2,eeg,svm,hjorth,8,0.5375438596491228,1,0.7905750623028542,0.405531,1.932582
P07,stack,1,stack_s1_50.000,50.0,52.0,valence,3,face,gnb,face_geometry,5,0.5335672514619884,1,0.9999968733554704,0.376011,1.484619
P07,stack,1,stack_s1_51.000,51.0,53.0,arousal,1,multimodal,logreg,all_eeg_plus_face,20,0.5900000000000001,1,0.5302290698384605,1.194573,2.071546
P07,stack,1,stack_s1_51.000,51.0,53.0,arousal,2,eeg,gnb,paper_compact,10,0.5566666666666666,0,0.23951485735488542,0.494363,1.548092
P07,stack,1,stack_s1_51.000,51.0,53.0,arousal,3,face,gnb,face_geometry,5,0.5390476190476191,0,3.0902101323908046e-22,0.35089,1.461738
P07,stack,1,stack_s1_51.000,51.0,53.0,valence,1,eeg,logreg,time_statistical,8,0.5411111111111111,1,0.6704085488933612,0.33729,1.1152
P07,stack,1,stack_s1_51.000,51.0,53.0,valence,2,eeg,svm,hjorth,8,0.5375438596491228,0,0.7936313575731435,0.389701,1.780429
P07,stack,1,stack_s1_51.000,51.0,53.0,valence,3,face,gnb,face_geometry,5,0.5335672514619884,0,0.2286985901331109,0.35067,1.4111090000000002
P07,stack,1,stack_s1_52.000,52.0,54.0,arousal,1,multimodal,logreg,all_eeg_plus_face,20,0.5900000000000001,0,0.3668626950051991,1.943363,3.187627
P07,stack,1,stack_s1_52.000,52.0,54.0,arousal,2,eeg,gnb,paper_compact,10,0.5566666666666666,0,2.9484377979419242e-05,0.839163,1.6241750000000001
P07,stack,1,stack_s1_52.000,52.0,54.0,arousal,3,face,gnb,face_geometry,5,0.5390476190476191,0,6.715822035291364e-27,0.342769,1.421799
P07,stack,1,stack_s1_52.000,52.0,54.0,valence,1,eeg,logreg,time_statistical,8,0.5411111111111111,1,0.7488231287872855,0.318878,1.1101999999999999
P07,stack,1,stack_s1_52.000,52.0,54.0,valence,2,eeg,svm,hjorth,8,0.5375438596491228,0,0.7948056222234509,0.38613,1.7825790000000001
P07,stack,1,stack_s1_52.000,52.0,54.0,valence,3,face,gnb,face_geometry,5,0.5335672514619884,1,0.5653652443874105,0.34972,1.4023189999999999
P07,stack,1,stack_s1_53.000,53.0,55.0,arousal,1,multimodal,logreg,all_eeg_plus_face,20,0.5900000000000001,0,0.34923353490678105,1.899662,3.181576
P07,stack,1,stack_s1_53.000,53.0,55.0,arousal,2,eeg,gnb,paper_compact,10,0.5566666666666666,0,0.00041250945899177637,0.842213,2.4337169999999997
P07,stack,1,stack_s1_53.000,53.0,55.0,arousal,3,face,gnb,face_geometry,5,0.5390476190476191,0,4.4084961253804953e-29,0.555875,2.278253
P07,stack,1,stack_s1_53.000,53.0,55.0,valence,1,eeg,logreg,time_statistical,8,0.5411111111111111,1,0.7309746418976678,0.513534,1.8283500000000001
P07,stack,1,stack_s1_53.000,53.0,55.0,valence,2,eeg,svm,hjorth,8,0.5375438596491228,0,0.795599321074644,0.553765,1.762947
P07,stack,1,stack_s1_53.000,53.0,55.0,valence,3,face,gnb,face_geometry,5,0.5335672514619884,1,0.9962721278855675,0.35206,1.4331589999999998
P07,stack,1,stack_s1_54.000,54.0,56.0,arousal,1,multimodal,logreg,all_eeg_plus_face,20,0.5900000000000001,1,0.619281898612217,1.910203,3.098584
P07,stack,1,stack_s1_54.000,54.0,56.0,arousal,2,eeg,gnb,paper_compact,10,0.5566666666666666,1,0.6439893311197171,0.514774,1.578313
P07,stack,1,stack_s1_54.000,54.0,56.0,arousal,3,face,gnb,face_geometry,5,0.5390476190476191,0,1.9207996655202982e-25,0.414751,1.4432
P07,stack,1,stack_s1_54.000,54.0,56.0,valence,1,eeg,logreg,time_statistical,8,0.5411111111111111,1,0.6687281972126744,0.342129,1.146701
P07,stack,1,stack_s1_54.000,54.0,56.0,valence,2,eeg,svm,hjorth,8,0.5375438596491228,1,0.7878135797048315,0.399841,1.82788
P07,stack,1,stack_s1_54.000,54.0,56.0,valence,3,face,gnb,face_geometry,5,0.5335672514619884,1,0.9999999997400408,0.360149,1.449829
P07,stack,1,stack_s1_55.000,55.0,57.0,arousal,1,multimodal,logreg,all_eeg_plus_face,20,0.5900000000000001,1,0.7998604588812009,2.494737,2.8137779999999997
P07,stack,1,stack_s1_55.000,55.0,57.0,arousal,2,eeg,gnb,paper_compact,10,0.5566666666666666,1,0.9837112177665696,0.502783,1.6326749999999999
P07,stack,1,stack_s1_55.000,55.0,57.0,arousal,3,face,gnb,face_geometry,5,0.5390476190476191,0,2.3744586069631392e-20,0.354769,1.4217490000000002
P07,stack,1,stack_s1_55.000,55.0,57.0,valence,1,eeg,logreg,time_statistical,8,0.5411111111111111,1,0.6540212930289765,0.328938,1.182053
P07,stack,1,stack_s1_55.000,55.0,57.0,valence,2,eeg,svm,hjorth,8,0.5375438596491228,1,0.7804537739845339,0.389981,2.645563
P07,stack,1,stack_s1_55.000,55.0,57.0,valence,3,face,gnb,face_geometry,5,0.5335672514619884,1,0.9999328014192613,0.651758,2.263062
P07,stack,1,stack_s1_56.000,56.0,58.0,arousal,1,multimodal,logreg,all_eeg_plus_face,20,0.5900000000000001,1,0.752280269157761,1.322667,2.1515589999999998
P07,stack,1,stack_s1_56.000,56.0,58.0,arousal,2,eeg,gnb,paper_compact,10,0.5566666666666666,1,0.7714525254987986,0.513314,1.605694
P07,stack,1,stack_s1_56.000,56.0,58.0,arousal,3,face,gnb,face_geometry,5,0.5390476190476191,0,4.12255917733931e-13,0.36756,1.47401
P07,stack,1,stack_s1_56.000,56.0,58.0,valence,1,eeg,logreg,time_statistical,8,0.5411111111111111,1,0.644960345527798,0.335949,1.1452810000000002
P07,stack,1,stack_s1_56.000,56.0,58.0,valence,2,eeg,svm,hjorth,8,0.5375438596491228,1,0.7918512071890204,0.398801,1.980144
P07,stack,1,stack_s1_56.000,56.0,58.0,valence,3,face,gnb,face_geometry,5,0.5335672514619884,1,0.9046774356305908,0.37002,1.46614
P07,stack,1,stack_s1_57.000,57.0,59.0,arousal,1,multimodal,logreg,all_eeg_plus_face,20,0.5900000000000001,1,0.6969497401342194,1.253854,2.2432209999999997
P07,stack,1,stack_s1_57.000,57.0,59.0,arousal,2,eeg,gnb,paper_compact,10,0.5566666666666666,0,0.29752355461691243,0.512584,1.82039
P07,stack,1,stack_s1_57.000,57.0,59.0,arousal,3,face,gnb,face_geometry,5,0.5390476190476191,0,1.6032360034545143e-13,0.683069,1.48557
P07,stack,1,stack_s1_57.000,57.0,59.0,valence,1,eeg,logreg,time_statistical,8,0.5411111111111111,1,0.7338225977208934,0.39126,1.1812319999999998
P07,stack,1,stack_s1_57.000,57.0,59.0,valence,2,eeg,svm,hjorth,8,0.5375438596491228,1,0.7882315444224083,0.400021,1.79734
P07,stack,1,stack_s1_57.000,57.0,59.0,valence,3,face,gnb,face_geometry,5,0.5335672514619884,0,0.1128606280513287,0.416931,1.5021110000000002
P07,stack,1,stack_s1_58.000,58.0,60.0,arousal,1,multimodal,logreg,all_eeg_plus_face,20,0.5900000000000001,1,0.7331370120215931,1.337626,2.099618
P07,stack,1,stack_s1_58.000,58.0,60.0,arousal,2,eeg,gnb,paper_compact,10,0.5566666666666666,1,0.9910325816510698,0.508224,1.6748949999999998
P07,stack,1,stack_s1_58.000,58.0,60.0,arousal,3,face,gnb,face_geometry,5,0.5390476190476191,0,6.76610754127108e-17,0.36246,1.440739
P07,stack,1,stack_s1_58.000,58.0,60.0,valence,1,eeg,logreg,time_statistical,8,0.5411111111111111,1,0.7153059917543404,0.330799,1.209902
P07,stack,1,stack_s1_58.000,58.0,60.0,valence,2,eeg,svm,hjorth,8,0.5375438596491228,1,0.7868935028793471,0.395331,1.787339
P07,stack,1,stack_s1_58.000,58.0,60.0,valence,3,face,gnb,face_geometry,5,0.5335672514619884,0,0.4106930289217507,0.35305,1.46547
P07,stack,1,stack_s1_59.000,59.0,61.0,arousal,1,multimodal,logreg,all_eeg_plus_face,20,0.5900000000000001,1,0.7930531859384693,1.879232,3.268539
P07,stack,1,stack_s1_59.000,59.0,61.0,arousal,2,eeg,gnb,paper_compact,10,0.5566666666666666,0,0.07818406499461542,0.793671,2.504798
P07,stack,1,stack_s1_59.000,59.0,61.0,arousal,3,face,gnb,face_geometry,5,0.5390476190476191,0,5.269593701500301e-14,0.559175,2.291083
P07,stack,1,stack_s1_59.000,59.0,61.0,valence,1,eeg,logreg,time_statistical,8,0.5411111111111111,1,0.5528219690128746,0.514233,1.765678
P07,stack,1,stack_s1_59.000,59.0,61.0,valence,2,eeg,svm,hjorth,8,0.5375438596491228,1,0.7899933436959262,0.615957,2.390685
P07,stack,1,stack_s1_59.000,59.0,61.0,valence,3,face,gnb,face_geometry,5,0.5335672514619884,1,0.8950758768587953,0.354809,1.4793209999999999
P07,stack,1,stack_s1_60.000,60.0,62.0,arousal,1,multimodal,logreg,all_eeg_plus_face,20,0.5900000000000001,1,0.7957705247599762,2.674583,4.431211
P07,stack,1,stack_s1_60.000,60.0,62.0,arousal,2,eeg,gnb,paper_compact,10,0.5566666666666666,0,0.30267418872150353,0.758641,2.109917
P07,stack,1,stack_s1_60.000,60.0,62.0,arousal,3,face,gnb,face_geometry,5,0.5390476190476191,0,5.51785988943511e-11,0.383271,1.494101
P07,stack,1,stack_s1_60.000,60.0,62.0,valence,1,eeg,logreg,time_statistical,8,0.5411111111111111,1,0.604653367619737,0.339379,1.230874
P07,stack,1,stack_s1_60.000,60.0,62.0,valence,2,eeg,svm,hjorth,8,0.5375438596491228,1,0.7890498433548192,0.403171,1.8275890000000001
P07,stack,1,stack_s1_60.000,60.0,62.0,valence,3,face,gnb,face_geometry,5,0.5335672514619884,0,0.16464985480420397,0.35949,1.48035
P07,stack,1,stack_s1_61.000,61.0,63.0,arousal,1,multimodal,logreg,all_eeg_plus_face,20,0.5900000000000001,1,0.8206877385013601,1.223904,2.122077
P07,stack,1,stack_s1_61.000,61.0,63.0,arousal,2,eeg,gnb,paper_compact,10,0.5566666666666666,1,0.9960914908619258,0.506914,1.579543
P07,stack,1,stack_s1_61.000,61.0,63.0,arousal,3,face,gnb,face_geometry,5,0.5390476190476191,0,1.2134892747516925e-09,0.358009,1.4895310000000002
P07,stack,1,stack_s1_61.000,61.0,63.0,valence,1,eeg,logreg,time_statistical,8,0.5411111111111111,1,0.6071757685610735,0.333349,1.1336210000000002
P07,stack,1,stack_s1_61.000,61.0,63.0,valence,2,eeg,svm,hjorth,8,0.5375438596491228,1,0.7851461701363522,0.402131,1.8070490000000001
P07,stack,1,stack_s1_61.000,61.0,63.0,valence,3,face,gnb,face_geometry,5,0.5335672514619884,0,0.248574388166932,0.3589,1.436899
P07,stack,1,stack_s1_62.000,62.0,64.0,arousal,1,multimodal,logreg,all_eeg_plus_face,20,0.5900000000000001,1,0.7931686981799246,1.220323,2.108128
P07,stack,1,stack_s1_62.000,62.0,64.0,arousal,2,eeg,gnb,paper_compact,10,0.5566666666666666,1,0.5213585592940218,0.504834,1.589534
P07,stack,1,stack_s1_62.000,62.0,64.0,arousal,3,face,gnb,face_geometry,5,0.5390476190476191,0,1.8425043263227395e-09,0.35729,1.45959
P07,stack,1,stack_s1_62.000,62.0,64.0,valence,1,eeg,logreg,time_statistical,8,0.5411111111111111,1,0.5760749534015345,0.332119,1.13928
P07,stack,1,stack_s1_62.000,62.0,64.0,valence,2,eeg,svm,hjorth,8,0.5375438596491228,1,0.7881850212384918,0.395481,1.781478
P07,stack,1,stack_s1_62.000,62.0,64.0,valence,3,face,gnb,face_geometry,5,0.5335672514619884,0,0.29909235008104157,0.35608,1.4418199999999999
P07,stack,1,stack_s1_63.000,63.0,65.0,arousal,1,multimodal,logreg,all_eeg_plus_face,20,0.5900000000000001,1,0.7222353264633519,1.253664,2.146619
P07,stack,1,stack_s1_63.000,63.0,65.0,arousal,2,eeg,gnb,paper_compact,10,0.5566666666666666,0,0.4738004591619165,0.512044,1.636145
P07,stack,1,stack_s1_63.000,63.0,65.0,arousal,3,face,gnb,face_geometry,5,0.5390476190476191,0,2.5890347290983684e-15,0.36205,2.108177
P07,stack,1,stack_s1_63.000,63.0,65.0,valence,1,eeg,logreg,time_statistical,8,0.5411111111111111,1,0.589316336476645,0.520074,1.8173
P07,stack,1,stack_s1_63.000,63.0,65.0,valence,2,eeg,svm,hjorth,8,0.5375438596491228,1,0.7924708759854172,0.621837,2.841208
P07,stack,1,stack_s1_63.000,63.0,65.0,valence,3,face,gnb,face_geometry,5,0.5335672514619884,1,0.9983319527744119,0.561036,2.305602
P07,stack,1,stack_s1_64.000,64.0,66.0,arousal,1,multimodal,logreg,all_eeg_plus_face,20,0.5900000000000001,1,0.7542623154976856,1.955163,2.091006
P07,stack,1,stack_s1_64.000,64.0,66.0,arousal,2,eeg,gnb,paper_compact,10,0.5566666666666666,1,0.9581031640984452,0.491314,1.545702
P07,stack,1,stack_s1_64.000,64.0,66.0,arousal,3,face,gnb,face_geometry,5,0.5390476190476191,0,8.359577918623842e-23,0.352109,1.392209
P07,stack,1,stack_s1_64.000,64.0,66.0,valence,1,eeg,logreg,time_statistical,8,0.5411111111111111,1,0.6509094308750983,0.320119,1.126851
P07,stack,1,stack_s1_64.000,64.0,66.0,valence,2,eeg,svm,hjorth,8,0.5375438596491228,0,0.7957234853473183,0.38318,1.744157
P07,stack,1,stack_s1_64.000,64.0,66.0,valence,3,face,gnb,face_geometry,5,0.5335672514619884,1,0.6513954494348476,0.346419,1.4708800000000002
P07,stack,1,stack_s1_65.000,65.0,67.0,arousal,1,multimodal,logreg,all_eeg_plus_face,20,0.5900000000000001,1,0.8370851789311438,1.874282,3.2172069999999997
P07,stack,1,stack_s1_65.000,65.0,67.0,arousal,2,eeg,gnb,paper_compact,10,0.5566666666666666,1,0.9997985719792832,0.784291,2.4997279999999997
P07,stack,1,stack_s1_65.000,65.0,67.0,arousal,3,face,gnb,face_geometry,5,0.5390476190476191,0,2.669369593571947e-29,0.34343,1.374288
P07,stack,1,stack_s1_65.000,65.0,67.0,valence,1,eeg,logreg,time_statistical,8,0.5411111111111111,1,0.6529678311019934,0.316859,1.11286
P07,stack,1,stack_s1_65.000,65.0,67.0,valence,2,eeg,svm,hjorth,8,0.5375438596491228,0,0.7952897822369089,0.37744,1.720467
P07,stack,1,stack_s1_65.000,65.0,67.0,valence,3,face,gnb,face_geometry,5,0.5335672514619884,1,0.7745976658373301,0.34246,1.416378
P07,stack,1,stack_s1_66.000,66.0,68.0,arousal,1,multimodal,logreg,all_eeg_plus_face,20,0.5900000000000001,1,0.8468159082413228,1.233303,2.044706
P07,stack,1,stack_s1_66.000,66.0,68.0,arousal,2,eeg,gnb,paper_compact,10,0.5566666666666666,1,0.9957297363993505,0.494674,1.567393
P07,stack,1,stack_s1_66.000,66.0,68.0,arousal,3,face,gnb,face_geometry,5,0.5390476190476191,0,1.8256123723262737e-33,0.350269,1.4045489999999998
P07,stack,1,stack_s1_66.000,66.0,68.0,valence,1,eeg,logreg,time_statistical,8,0.5411111111111111,1,0.55929001246292,0.323869,1.188172
P07,stack,1,stack_s1_66.000,66.0,68.0,valence,2,eeg,svm,hjorth,8,0.5375438596491228,1,0.7890065637451871,0.387341,1.7439369999999998
P07,stack,1,stack_s1_66.000,66.0,68.0,valence,3,face,gnb,face_geometry,5,0.5335672514619884,0,0.024320733621067656,0.35178,1.4294090000000002
P07,stack,1,stack_s1_67.000,67.0,69.0,arousal,1,multimodal,logreg,all_eeg_plus_face,20,0.5900000000000001,1,0.8109229845954544,2.051205,1.923432
P07,stack,1,stack_s1_67.000,67.0,69.0,arousal,2,eeg,gnb,paper_compact,10,0.5566666666666666,1,0.9999324024763979,0.501904,1.5048210000000002
P07,stack,1,stack_s1_67.000,67.0,69.0,arousal,3,face,gnb,face_geometry,5,0.5390476190476191,0,1.374829692647453e-32,0.346799,1.396819
P07,stack,1,stack_s1_67.000,67.0,69.0,valence,1,eeg,logreg,time_statistical,8,0.5411111111111111,1,0.5795002086983078,0.327089,1.1055190000000001
P07,stack,1,stack_s1_67.000,67.0,69.0,valence,2,eeg,svm,hjorth,8,0.5375438596491228,1,0.7882829959929122,0.385651,1.668145
P07,stack,1,stack_s1_67.000,67.0,69.0,valence,3,face,gnb,face_geometry,5,0.5335672514619884,0,0.03687805065498163,0.34935,1.442099
P07,stack,1,stack_s1_68.000,68.0,70.0,arousal,2,eeg,gnb,paper_compact,10,0.5566666666666666,1,0.9984267212764179,0.501324,1.535831
P07,stack,1,stack_s1_68.000,68.0,70.0,valence,1,eeg,logreg,time_statistical,8,0.5411111111111111,1,0.6171411736139243,0.320389,1.111691
P07,stack,1,stack_s1_68.000,68.0,70.0,valence,2,eeg,svm,hjorth,8,0.5375438596491228,1,0.7933775010520072,0.38692,1.6695060000000002
P07,sisyphus,1,sisyphus_s1_21.000,21.0,23.0,arousal,1,multimodal,logreg,all_eeg_plus_face,20,0.5900000000000001,1,0.8559908838693134,1.243944,2.138257
P07,sisyphus,1,sisyphus_s1_21.000,21.0,23.0,arousal,2,eeg,gnb,paper_compact,10,0.5566666666666666,0,0.18533739849975445,0.512384,1.7163680000000001
P07,sisyphus,1,sisyphus_s1_21.000,21.0,23.0,arousal,3,face,gnb,face_geometry,5,0.5390476190476191,0,1.4930613891937997e-15,0.38603,1.455249
P07,sisyphus,1,sisyphus_s1_21.000,21.0,23.0,valence,1,eeg,logreg,time_statistical,8,0.5411111111111111,1,0.5568228169300591,0.33905,1.169671
P07,sisyphus,1,sisyphus_s1_21.000,21.0,23.0,valence,2,eeg,svm,hjorth,8,0.5375438596491228,1,0.7849042127234235,0.399421,1.950603
P07,sisyphus,1,sisyphus_s1_21.000,21.0,23.0,valence,3,face,gnb,face_geometry,5,0.5335672514619884,1,0.9999944977650684,0.36585,1.476311
P07,sisyphus,1,sisyphus_s1_22.000,22.0,24.0,arousal,1,multimodal,logreg,all_eeg_plus_face,20,0.5900000000000001,1,0.8755289185245321,1.271545,2.1096880000000002
P07,sisyphus,1,sisyphus_s1_22.000,22.0,24.0,arousal,2,eeg,gnb,paper_compact,10,0.5566666666666666,1,0.5318275420846565,0.513154,1.640675
P07,sisyphus,1,sisyphus_s1_22.000,22.0,24.0,arousal,3,face,gnb,face_geometry,5,0.5390476190476191,0,3.3728935362493456e-16,0.358789,1.42644
P07,sisyphus,1,sisyphus_s1_22.000,22.0,24.0,valence,1,eeg,logreg,time_statistical,8,0.5411111111111111,1,0.5313037429892427,0.333289,1.178362
P07,sisyphus,1,sisyphus_s1_22.000,22.0,24.0,valence,2,eeg,svm,hjorth,8,0.5375438596491228,1,0.7819057008029431,0.394361,1.766137
P07,sisyphus,1,sisyphus_s1_22.000,22.0,24.0,valence,3,face,gnb,face_geometry,5,0.5335672514619884,1,0.9986723088660121,0.36292,1.530022
P07,sisyphus,1,sisyphus_s1_23.000,23.0,25.0,arousal,1,multimodal,logreg,all_eeg_plus_face,20,0.5900000000000001,1,0.8089561986124035,1.262434,2.1240680000000003
P07,sisyphus,1,sisyphus_s1_23.000,23.0,25.0,arousal,2,eeg,gnb,paper_compact,10,0.5566666666666666,1,0.9580711486921423,0.513994,1.6262940000000001
P07,sisyphus,1,sisyphus_s1_23.000,23.0,25.0,arousal,3,face,gnb,face_geometry,5,0.5390476190476191,0,4.604010857664382e-16,0.36334,1.4516399999999998
P07,sisyphus,1,sisyphus_s1_23.000,23.0,25.0,valence,1,eeg,logreg,time_statistical,8,0.5411111111111111,1,0.5732295961566106,0.335019,1.1947619999999999
P07,sisyphus,1,sisyphus_s1_23.000,23.0,25.0,valence,2,eeg,svm,hjorth,8,0.5375438596491228,1,0.7929309518862021,0.40151,1.793479
P07,sisyphus,1,sisyphus_s1_23.000,23.0,25.0,valence,3,face,gnb,face_geometry,5,0.5335672514619884,1,0.9360052843086064,0.360649,1.4706899999999998
P07,sisyphus,1,sisyphus_s1_24.000,24.0,26.0,arousal,1,multimodal,logreg,all_eeg_plus_face,20,0.5900000000000001,1,0.7406780841776517,1.343746,2.16428
P07,sisyphus,1,sisyphus_s1_24.000,24.0,26.0,arousal,2,eeg,gnb,paper_compact,10,0.5566666666666666,1,0.887203812816612,0.517194,1.638115
P07,sisyphus,1,sisyphus_s1_24.000,24.0,26.0,arousal,3,face,gnb,face_geometry,5,0.5390476190476191,0,5.636035427424117e-16,0.36567,1.4640199999999999
P07,sisyphus,1,sisyphus_s1_24.000,24.0,26.0,valence,1,eeg,logreg,time_statistical,8,0.5411111111111111,1,0.6112317189041157,0.338439,1.181272
P07,sisyphus,1,sisyphus_s1_24.000,24.0,26.0,valence,2,eeg,svm,hjorth,8,0.5375438596491228,1,0.7921722830009903,0.410841,1.825679
P07,sisyphus,1,sisyphus_s1_24.000,24.0,26.0,valence,3,face,gnb,face_geometry,5,0.5335672514619884,1,0.5887379467397409,0.36402,1.502431
P07,sisyphus,1,sisyphus_s1_25.000,25.0,27.0,arousal,1,multimodal,logreg,all_eeg_plus_face,20,0.5900000000000001,1,0.8122628554679733,1.875452,3.236768
P07,sisyphus,1,sisyphus_s1_25.000,25.0,27.0,arousal,2,eeg,gnb,paper_compact,10,0.5566666666666666,1,0.7299691920512966,0.794452,2.493147
P07,sisyphus,1,sisyphus_s1_25.000,25.0,27.0,arousal,3,face,gnb,face_geometry,5,0.5390476190476191,0,7.776964818651693e-16,0.35352,1.425128
P07,sisyphus,1,sisyphus_s1_25.000,25.0,27.0,valence,1,eeg,logreg,time_statistical,8,0.5411111111111111,1,0.5620434096649307,0.328889,1.202993
P07,sisyphus,1,sisyphus_s1_25.000,25.0,27.0,valence,2,eeg,svm,hjorth,8,0.5375438596491228,1,0.7909903118229823,0.39708,1.7731890000000001
P07,sisyphus,1,sisyphus_s1_25.000,25.0,27.0,valence,3,face,gnb,face_geometry,5,0.5335672514619884,1,0.8698638729667195,0.35873,1.6303840000000003
P07,sisyphus,1,sisyphus_s1_26.000,26.0,28.0,arousal,1,multimodal,logreg,all_eeg_plus_face,20,0.5900000000000001,1,0.772090616724102,1.889172,3.338199
P07,sisyphus,1,sisyphus_s1_26.000,26.0,28.0,arousal,2,eeg,gnb,paper_compact,10,0.5566666666666666,1,0.6121277220105003,0.788801,2.4961789999999997
P07,sisyphus,1,sisyphus_s1_26.000,26.0,28.0,arousal,3,face,gnb,face_geometry,5,0.5390476190476191,0,2.2622574752437342e-15,0.559945,3.396403
P07,sisyphus,1,sisyphus_s1_26.000,26.0,28.0,valence,1,eeg,logreg,time_statistical,8,0.5411111111111111,1,0.5710759415976049,0.837982,2.396906
P07,sisyphus,1,sisyphus_s1_26.000,26.0,28.0,valence,2,eeg,svm,hjorth,8,0.5375438596491228,0,0.7935979113900669,0.813972,3.604769
P07,sisyphus,1,sisyphus_s1_26.000,26.0,28.0,valence,3,face,gnb,face_geometry,5,0.5335672514619884,1,0.9481017344162516,0.7204,2.003774
P07,sisyphus,1,sisyphus_s1_27.000,27.0,29.0,arousal,1,multimodal,logreg,all_eeg_plus_face,20,0.5900000000000001,1,0.7712298639987833,1.222163,2.036746
P07,sisyphus,1,sisyphus_s1_27.000,27.0,29.0,arousal,2,eeg,gnb,paper_compact,10,0.5566666666666666,1,0.996310031105383,0.495263,1.5290920000000001
P07,sisyphus,1,sisyphus_s1_27.000,27.0,29.0,arousal,3,face,gnb,face_geometry,5,0.5390476190476191,0,1.8759896371731635e-15,0.34613,1.416778
P07,sisyphus,1,sisyphus_s1_27.000,27.0,29.0,valence,1,eeg,logreg,time_statistical,8,0.5411111111111111,1,0.6068369383086861,0.324429,1.10116
P07,sisyphus,1,sisyphus_s1_27.000,27.0,29.0,valence,2,eeg,svm,hjorth,8,0.5375438596491228,1,0.7899418855941189,0.384241,1.8228689999999999
P07,sisyphus,1,sisyphus_s1_27.000,27.0,29.0,valence,3,face,gnb,face_geometry,5,0.5335672514619884,1,0.9999991172221872,0.35468,1.420609
P07,sisyphus,1,sisyphus_s1_28.000,28.0,30.0,arousal,1,multimodal,logreg,all_eeg_plus_face,20,0.5900000000000001,1,0.8054230985756463,1.973924,3.27309
P07,sisyphus,1,sisyphus_s1_28.000,28.0,30.0,arousal,2,eeg,gnb,paper_compact,10,0.5566666666666666,1,0.8911237443568293,0.861324,2.4671369999999997
P07,sisyphus,1,sisyphus_s1_28.000,28.0,30.0,arousal,3,face,gnb,face_geometry,5,0.5390476190476191,0,4.469265052441683e-16,0.562125,2.3118939999999997
P07,sisyphus,1,sisyphus_s1_28.000,28.0,30.0,valence,1,eeg,logreg,time_statistical,8,0.5411111111111111,1,0.6151565071626811,0.517734,1.7916090000000002
P07,sisyphus,1,sisyphus_s1_28.000,28.0,30.0,valence,2,eeg,svm,hjorth,8,0.5375438596491228,1,0.7776295888349023,0.622467,2.737884
P07,sisyphus,1,sisyphus_s1_28.000,28.0,30.0,valence,3,face,gnb,face_geometry,5,0.5335672514619884,1,0.9999999561380984,0.625267,1.538022
P07,sisyphus,1,sisyphus_s1_29.000,29.0,31.0,arousal,1,multimodal,logreg,all_eeg_plus_face,20,0.5900000000000001,1,0.7200754311759474,1.936903,3.263948
P07,sisyphus,1,sisyphus_s1_29.000,29.0,31.0,arousal,2,eeg,gnb,paper_compact,10,0.5566666666666666,1,0.9778621630077159,0.495823,1.553663
P07,sisyphus,1,sisyphus_s1_29.000,29.0,31.0,arousal,3,face,gnb,face_geometry,5,0.5390476190476191,0,1.0280709778988861e-15,0.351439,1.4799609999999999
P07,sisyphus,1,sisyphus_s1_29.000,29.0,31.0,valence,1,eeg,logreg,time_statistical,8,0.5411111111111111,1,0.6450575243776332,0.331909,1.12664
P07,sisyphus,1,sisyphus_s1_29.000,29.0,31.0,valence,2,eeg,svm,hjorth,8,0.5375438596491228,1,0.7823634998705157,0.403251,1.971053
P07,sisyphus,1,sisyphus_s1_29.000,29.0,31.0,valence,3,face,gnb,face_geometry,5,0.5335672514619884,1,0.9999999999999432,0.553835,2.205731
P07,sisyphus,1,sisyphus_s1_30.000,30.0,32.0,arousal,1,multimodal,logreg,all_eeg_plus_face,20,0.5900000000000001,1,0.723037417473234,1.320346,2.1332590000000002
P07,sisyphus,1,sisyphus_s1_30.000,30.0,32.0,arousal,2,eeg,gnb,paper_compact,10,0.5566666666666666,0,0.07813692134702334,0.513934,2.053196
P07,sisyphus,1,sisyphus_s1_30.000,30.0,32.0,arousal,3,face,gnb,face_geometry,5,0.5390476190476191,0,9.000877674637898e-19,0.566035,2.353774
P07,sisyphus,1,sisyphus_s1_30.000,30.0,32.0,valence,1,eeg,logreg,time_statistical,8,0.5411111111111111,1,0.70240455719333,0.521944,1.7849990000000002
P07,sisyphus,1,sisyphus_s1_30.000,30.0,32.0,valence,2,eeg,svm,hjorth,8,0.5375438596491228,1,0.7901603136762994,0.658478,2.792745
P07,sisyphus,1,sisyphus_s1_30.000,30.0,32.0,valence,3,face,gnb,face_geometry,5,0.5335672514619884,1,0.999999954617672,0.563285,2.4941679999999997
P07,sisyphus,1,sisyphus_s1_31.000,31.0,33.0,arousal,1,multimodal,logreg,all_eeg_plus_face,20,0.5900000000000001,1,0.7416721073824831,2.54218,4.009039
P07,sisyphus,1,sisyphus_s1_31.000,31.0,33.0,arousal,2,eeg,gnb,paper_compact,10,0.5566666666666666,0,0.19238285543613087,0.895205,2.542939
P07,sisyphus,1,sisyphus_s1_31.000,31.0,33.0,arousal,3,face,gnb,face_geometry,5,0.5390476190476191,0,3.0747092758289034e-15,0.554235,2.147228
P07,sisyphus,1,sisyphus_s1_31.000,31.0,33.0,valence,1,eeg,logreg,time_statistical,8,0.5411111111111111,1,0.7331824906704252,0.328689,1.1295410000000001
P07,sisyphus,1,sisyphus_s1_31.000,31.0,33.0,valence,2,eeg,svm,hjorth,8,0.5375438596491228,1,0.7813213381155083,0.393701,1.801169
P07,sisyphus,1,sisyphus_s1_31.000,31.0,33.0,valence,3,face,gnb,face_geometry,5,0.5335672514619884,1,0.9999999935946278,0.35606,1.429549
P07,sisyphus,1,sisyphus_s1_32.000,32.0,34.0,arousal,1,multimodal,logreg,all_eeg_plus_face,20,0.5900000000000001,1,0.6441654480257554,1.272825,2.1015569999999997
P07,sisyphus,1,sisyphus_s1_32.000,32.0,34.0,arousal,2,eeg,gnb,paper_compact,10,0.5566666666666666,1,0.666964513040841,0.509164,1.5924630000000002
P07,sisyphus,1,sisyphus_s1_32.000,32.0,34.0,arousal,3,face,gnb,face_geometry,5,0.5390476190476191,0,5.983520970255473e-11,0.36709,1.4986009999999998
P07,sisyphus,1,sisyphus_s1_32.000,32.0,34.0,valence,1,eeg,logreg,time_statistical,8,0.5411111111111111,1,0.7848279391171751,0.3424,1.193592
P07,sisyphus,1,sisyphus_s1_32.000,32.0,34.0,valence,2,eeg,svm,hjorth,8,0.5375438596491228,1,0.7767438135597434,0.400901,1.79521
P07,sisyphus,1,sisyphus_s1_32.000,32.0,34.0,valence,3,face,gnb,face_geometry,5,0.5335672514619884,1,0.9999999998826503,0.35834,1.477261
P07,sisyphus,1,sisyphus_s1_33.000,33.0,35.0,arousal,1,multimodal,logreg,all_eeg_plus_face,20,0.5900000000000001,0,0.44672340869930877,1.234004,2.0968280000000004
P07,sisyphus,1,sisyphus_s1_33.000,33.0,35.0,arousal,2,eeg,gnb,paper_compact,10,0.5566666666666666,0,1.883527894862424e-05,0.506003,1.6108939999999998
P07,sisyphus,1,sisyphus_s1_33.000,33.0,35.0,arousal,3,face,gnb,face_geometry,5,0.5390476190476191,0,3.004378278889399e-11,0.37575,1.437559
P07,sisyphus,1,sisyphus_s1_33.000,33.0,35.0,valence,1,eeg,logreg,time_statistical,8,0.5411111111111111,1,0.8089545972670941,0.329899,1.212713
P07,sisyphus,1,sisyphus_s1_33.000,33.0,35.0,valence,2,eeg,svm,hjorth,8,0.5375438596491228,1,0.7782497832995906,0.399501,1.786349
P07,sisyphus,1,sisyphus_s1_33.000,33.0,35.0,valence,3,face,gnb,face_geometry,5,0.5335672514619884,1,1.0,0.36044,1.451139
P07,sisyphus,1,sisyphus_s1_34.000,34.0,36.0,arousal,1,multimodal,logreg,all_eeg_plus_face,20,0.5900000000000001,0,0.4586823118819222,1.959263,3.3468620000000002
P07,sisyphus,1,sisyphus_s1_34.000,34.0,36.0,arousal,2,eeg,gnb,paper_compact,10,0.5566666666666666,0,0.00023828057583350808,1.10467,3.339539
P07,sisyphus,1,sisyphus_s1_34.000,34.0,36.0,arousal,3,face,gnb,face_geometry,5,0.5390476190476191,0,5.541626383012399e-09,0.885464,2.143619
P07,sisyphus,1,sisyphus_s1_34.000,34.0,36.0,valence,1,eeg,logreg,time_statistical,8,0.5411111111111111,1,0.8205990365209164,0.463173,1.580363
P07,sisyphus,1,sisyphus_s1_34.000,34.0,36.0,valence,2,eeg,svm,hjorth,8,0.5375438596491228,1,0.7822554719302839,0.574086,1.82591
P07,sisyphus,1,sisyphus_s1_34.000,34.0,36.0,valence,3,face,gnb,face_geometry,5,0.5335672514619884,1,1.0,0.3625,1.503321
P07,sisyphus,1,sisyphus_s1_35.000,35.0,37.0,arousal,1,multimodal,logreg,all_eeg_plus_face,20,0.5900000000000001,0,0.492528742572515,1.891751,3.251839
P07,sisyphus,1,sisyphus_s1_35.000,35.0,37.0,arousal,2,eeg,gnb,paper_compact,10,0.5566666666666666,1,0.5201201461565271,0.789942,2.3250930000000003
P07,sisyphus,1,sisyphus_s1_35.000,35.0,37.0,arousal,3,face,gnb,face_geometry,5,0.5390476190476191,0,4.542306870753278e-05,0.35414,1.4192580000000001
P07,sisyphus,1,sisyphus_s1_35.000,35.0,37.0,valence,1,eeg,logreg,time_statistical,8,0.5411111111111111,1,0.7752450102186252,0.332769,1.170232
P07,sisyphus,1,sisyphus_s1_35.000,35.0,37.0,valence,2,eeg,svm,hjorth,8,0.5375438596491228,1,0.782716611446027,0.397961,1.802849
P07,sisyphus,1,sisyphus_s1_35.000,35.0,37.0,valence,3,face,gnb,face_geometry,5,0.5335672514619884,1,0.985831104148067,0.35965,1.46354
P07,sisyphus,1,sisyphus_s1_36.000,36.0,38.0,arousal,1,multimodal,logreg,all_eeg_plus_face,20,0.5900000000000001,1,0.7182579716897042,1.610255,2.18123
P07,sisyphus,1,sisyphus_s1_36.000,36.0,38.0,arousal,2,eeg,gnb,paper_compact,10,0.5566666666666666,1,0.9280463435598576,0.508324,1.627914
P07,sisyphus,1,sisyphus_s1_36.000,36.0,38.0,arousal,3,face,gnb,face_geometry,5,0.5390476190476191,0,5.953338724109541e-06,0.36225,1.51335
P07,sisyphus,1,sisyphus_s1_36.000,36.0,38.0,valence,1,eeg,logreg,time_statistical,8,0.5411111111111111,1,0.6717408152783159,0.335869,1.149732
P07,sisyphus,1,sisyphus_s1_36.000,36.0,38.0,valence,2,eeg,svm,hjorth,8,0.5375438596491228,1,0.7773841512691988,0.444332,1.875941
P07,sisyphus,1,sisyphus_s1_36.000,36.0,38.0,valence,3,face,gnb,face_geometry,5,0.5335672514619884,1,0.9840466981950294,0.36246,1.4814209999999999
P07,sisyphus,1,sisyphus_s1_37.000,37.0,39.0,arousal,1,multimodal,logreg,all_eeg_plus_face,20,0.5900000000000001,1,0.6573511031961647,1.367477,2.050315
P07,sisyphus,1,sisyphus_s1_37.000,37.0,39.0,arousal,2,eeg,gnb,paper_compact,10,0.5566666666666666,0,0.40376502945180165,0.502663,1.573524
P07,sisyphus,1,sisyphus_s1_37.000,37.0,39.0,arousal,3,face,gnb,face_geometry,5,0.5390476190476191,0,0.00019899343196095305,0.357969,1.45391
P07,sisyphus,1,sisyphus_s1_37.000,37.0,39.0,valence,1,eeg,logreg,time_statistical,8,0.5411111111111111,1,0.7112065581346704,0.331049,1.1378110000000001
P07,sisyphus,1,sisyphus_s1_37.000,37.0,39.0,valence,2,eeg,svm,hjorth,8,0.5375438596491228,1,0.774426937215867,0.39788,1.804538
P07,sisyphus,1,sisyphus_s1_37.000,37.0,39.0,valence,3,face,gnb,face_geometry,5,0.5335672514619884,1,1.0,0.35862,2.054227
P07,sisyphus,1,sisyphus_s1_38.000,38.0,40.0,arousal,1,multimodal,logreg,all_eeg_plus_face,20,0.5900000000000001,1,0.6543839771972084,1.951553,2.9180989999999998
P07,sisyphus,1,sisyphus_s1_38.000,38.0,40.0,arousal,2,eeg,gnb,paper_compact,10,0.5566666666666666,1,0.5274512948032056,0.499414,1.581683
P07,sisyphus,1,sisyphus_s1_38.000,38.0,40.0,arousal,3,face,gnb,face_geometry,5,0.5390476190476191,0,0.011655051785736592,0.35842,1.48616
P07,sisyphus,1,sisyphus_s1_38.000,38.0,40.0,valence,1,eeg,logreg,time_statistical,8,0.5411111111111111,1,0.6945511668273994,0.332939,1.143191
P07,sisyphus,1,sisyphus_s1_38.000,38.0,40.0,valence,2,eeg,svm,hjorth,8,0.5375438596491228,1,0.7685777765343716,0.435352,1.8504399999999999
P07,sisyphus,1,sisyphus_s1_38.000,38.0,40.0,valence,3,face,gnb,face_geometry,5,0.5335672514619884,1,1.0,0.35795,1.464159
P07,sisyphus,1,sisyphus_s1_39.000,39.0,41.0,arousal,1,multimodal,logreg,all_eeg_plus_face,20,0.5900000000000001,1,0.7182099681748267,1.919082,2.124338
P07,sisyphus,1,sisyphus_s1_39.000,39.0,41.0,arousal,2,eeg,gnb,paper_compact,10,0.5566666666666666,0,0.37154717757852035,0.496163,1.595874
P07,sisyphus,1,sisyphus_s1_39.000,39.0,41.0,arousal,3,face,gnb,face_geometry,5,0.5390476190476191,0,0.010427169502723344,0.35526,1.4879810000000002
P07,sisyphus,1,sisyphus_s1_39.000,39.0,41.0,valence,1,eeg,logreg,time_statistical,8,0.5411111111111111,1,0.6173152039680695,0.330009,1.171881
P07,sisyphus,1,sisyphus_s1_39.000,39.0,41.0,valence,2,eeg,svm,hjorth,8,0.5375438596491228,1,0.7703541417826552,0.392331,1.8270279999999999
P07,sisyphus,1,sisyphus_s1_39.000,39.0,41.0,valence,3,face,gnb,face_geometry,5,0.5335672514619884,1,0.9653764063368688,0.35771,1.4597999999999998
P07,sisyphus,1,sisyphus_s1_40.000,40.0,42.0,arousal,1,multimodal,logreg,all_eeg_plus_face,20,0.5900000000000001,1,0.6685775295118699,1.952883,3.3557319999999997
P07,sisyphus,1,sisyphus_s1_40.000,40.0,42.0,arousal,2,eeg,gnb,paper_compact,10,0.5566666666666666,0,0.005856813618506139,0.798561,2.493438
P07,sisyphus,1,sisyphus_s1_40.000,40.0,42.0,arousal,3,face,gnb,face_geometry,5,0.5390476190476191,0,1.5314574865168027e-05,0.550586,2.243521
P07,sisyphus,1,sisyphus_s1_40.000,40.0,42.0,valence,1,eeg,logreg,time_statistical,8,0.5411111111111111,1,0.7047441243216889,0.546435,1.855441
P07,sisyphus,1,sisyphus_s1_40.000,40.0,42.0,valence,2,eeg,svm,hjorth,8,0.5375438596491228,1,0.7912408309011209,0.609427,2.7313140000000002
P07,sisyphus,1,sisyphus_s1_40.000,40.0,42.0,valence,3,face,gnb,face_geometry,5,0.5335672514619884,1,0.9999999993407016,0.562095,2.276451
P07,sisyphus,1,sisyphus_s1_41.000,41.0,43.0,arousal,1,multimodal,logreg,all_eeg_plus_face,20,0.5900000000000001,1,0.5187671768922207,2.094756,2.388275
P07,sisyphus,1,sisyphus_s1_41.000,41.0,43.0,arousal,2,eeg,gnb,paper_compact,10,0.5566666666666666,0,0.06838551828378674,0.529275,1.6147340000000001
P07,sisyphus,1,sisyphus_s1_41.000,41.0,43.0,arousal,3,face,gnb,face_geometry,5,0.5390476190476191,0,5.973539269070308e-08,0.36649,1.516481
P07,sisyphus,1,sisyphus_s1_41.000,41.0,43.0,valence,1,eeg,logreg,time_statistical,8,0.5411111111111111,1,0.7912308110399009,0.336639,1.178792
P07,sisyphus,1,sisyphus_s1_41.000,41.0,43.0,valence,2,eeg,svm,hjorth,8,0.5375438596491228,1,0.78481801163482,0.401381,1.872741
P07,sisyphus,1,sisyphus_s1_41.000,41.0,43.0,valence,3,face,gnb,face_geometry,5,0.5335672514619884,1,0.9999999999953246,0.36633,1.484481
P07,sisyphus,1,sisyphus_s1_42.000,42.0,44.0,arousal,1,multimodal,logreg,all_eeg_plus_face,20,0.5900000000000001,1,0.5396524033342545,1.872601,3.228948
P07,sisyphus,1,sisyphus_s1_42.000,42.0,44.0,arousal,2,eeg,gnb,paper_compact,10,0.5566666666666666,1,0.6735781378915786,0.789731,2.4278770000000005
P07,sisyphus,1,sisyphus_s1_42.000,42.0,44.0,arousal,3,face,gnb,face_geometry,5,0.5390476190476191,0,2.924112289844854e-07,0.348139,1.407099
P07,sisyphus,1,sisyphus_s1_42.000,42.0,44.0,valence,1,eeg,logreg,time_statistical,8,0.5411111111111111,1,0.755716317999999,0.322419,1.170952
P07,sisyphus,1,sisyphus_s1_42.000,42.0,44.0,valence,2,eeg,svm,hjorth,8,0.5375438596491228,1,0.7774510372792797,0.392461,1.774088
P07,sisyphus,1,sisyphus_s1_42.000,42.0,44.0,valence,3,face,gnb,face_geometry,5,0.5335672514619884,1,0.9999998148871143,0.35655,1.47882
P07,sisyphus,1,sisyphus_s1_43.000,43.0,45.0,arousal,1,multimodal,logreg,all_eeg_plus_face,20,0.5900000000000001,1,0.6473230667638884,1.874441,3.28973
P07,sisyphus,1,sisyphus_s1_43.000,43.0,45.0,arousal,2,eeg,gnb,paper_compact,10,0.5566666666666666,1,0.8874386493497157,0.785792,2.468237
P07,sisyphus,1,sisyphus_s1_43.000,43.0,45.0,arousal,3,face,gnb,face_geometry,5,0.5390476190476191,0,3.097210932456792e-05,0.555655,2.2574810000000003
P07,sisyphus,1,sisyphus_s1_43.000,43.0,45.0,valence,1,eeg,logreg,time_statistical,8,0.5411111111111111,1,0.7032403507325458,0.510674,1.7606789999999999
P07,sisyphus,1,sisyphus_s1_43.000,43.0,45.0,valence,2,eeg,svm,hjorth,8,0.5375438596491228,1,0.7675396393409829,0.610177,2.7779860000000003
P07,sisyphus,1,sisyphus_s1_43.000,43.0,45.0,valence,3,face,gnb,face_geometry,5,0.5335672514619884,1,0.9998044765391487,0.551595,2.2850520000000003
P07,sisyphus,1,sisyphus_s1_44.000,44.0,46.0,arousal,1,multimodal,logreg,all_eeg_plus_face,20,0.5900000000000001,1,0.6207990896830277,1.241664,2.149928
P07,sisyphus,1,sisyphus_s1_44.000,44.0,46.0,arousal,2,eeg,gnb,paper_compact,10,0.5566666666666666,1,0.7604341812382258,0.508754,1.5842239999999999
P07,sisyphus,1,sisyphus_s1_44.000,44.0,46.0,arousal,3,face,gnb,face_geometry,5,0.5390476190476191,0,0.3195274463681211,0.357799,1.473001
P07,sisyphus,1,sisyphus_s1_44.000,44.0,46.0,valence,1,eeg,logreg,time_statistical,8,0.5411111111111111,1,0.7099687302726779,0.346109,1.145142
P07,sisyphus,1,sisyphus_s1_44.000,44.0,46.0,valence,2,eeg,svm,hjorth,8,0.5375438596491228,1,0.772257254280653,0.398531,1.8652509999999998
P07,sisyphus,1,sisyphus_s1_44.000,44.0,46.0,valence,3,face,gnb,face_geometry,5,0.5335672514619884,1,1.0,0.36045,1.4459089999999999
P07,sisyphus,1,sisyphus_s1_45.000,45.0,47.0,arousal,1,multimodal,logreg,all_eeg_plus_face,20,0.5900000000000001,1,0.66763580165061,1.582103,2.086046
P07,sisyphus,1,sisyphus_s1_45.000,45.0,47.0,arousal,2,eeg,gnb,paper_compact,10,0.5566666666666666,1,0.7988080304926495,0.535335,1.5826040000000001
P07,sisyphus,1,sisyphus_s1_45.000,45.0,47.0,arousal,3,face,gnb,face_geometry,5,0.5390476190476191,1,0.9982325875457795,0.35798,1.433039
P07,sisyphus,1,sisyphus_s1_45.000,45.0,47.0,valence,1,eeg,logreg,time_statistical,8,0.5411111111111111,1,0.74826440242541,0.332109,1.133321
P07,sisyphus,1,sisyphus_s1_45.000,45.0,47.0,valence,2,eeg,svm,hjorth,8,0.5375438596491228,1,0.7772345608562042,0.396141,1.783109
P07,sisyphus,1,sisyphus_s1_45.000,45.0,47.0,valence,3,face,gnb,face_geometry,5,0.5335672514619884,1,1.0,0.406181,1.441109
P07,sisyphus,1,sisyphus_s1_46.000,46.0,48.0,arousal,1,multimodal,logreg,all_eeg_plus_face,20,0.5900000000000001,1,0.6701886936819053,1.469229,2.130698
P07,sisyphus,1,sisyphus_s1_46.000,46.0,48.0,arousal,2,eeg,gnb,paper_compact,10,0.5566666666666666,0,0.3418995390994992,0.500824,1.594534
P07,sisyphus,1,sisyphus_s1_46.000,46.0,48.0,arousal,3,face,gnb,face_geometry,5,0.5390476190476191,0,0.035408873496405924,0.36038,1.4586289999999997
P07,sisyphus,1,sisyphus_s1_46.000,46.0,48.0,valence,1,eeg,logreg,time_statistical,8,0.5411111111111111,1,0.7242404393957983,0.333209,1.154932
P07,sisyphus,1,sisyphus_s1_46.000,46.0,48.0,valence,2,eeg,svm,hjorth,8,0.5375438596491228,1,0.7828089587531734,0.396081,1.85805
P07,sisyphus,1,sisyphus_s1_46.000,46.0,48.0,valence,3,face,gnb,face_geometry,5,0.5335672514619884,1,0.9999999998647073,0.36059,1.4486400000000001
P07,sisyphus,1,sisyphus_s1_47.000,47.0,49.0,arousal,1,multimodal,logreg,all_eeg_plus_face,20,0.5900000000000001,1,0.6350287759489652,1.945083,2.0652470000000003
P07,sisyphus,1,sisyphus_s1_47.000,47.0,49.0,arousal,2,eeg,gnb,paper_compact,10,0.5566666666666666,0,0.42525745752106575,0.498184,1.592833
P07,sisyphus,1,sisyphus_s1_47.000,47.0,49.0,arousal,3,face,gnb,face_geometry,5,0.5390476190476191,0,9.682647013706847e-05,0.357319,1.430889
P07,sisyphus,1,sisyphus_s1_47.000,47.0,49.0,valence,1,eeg,logreg,time_statistical,8,0.5411111111111111,1,0.708683798569405,0.329989,1.188192
P07,sisyphus,1,sisyphus_s1_47.000,47.0,49.0,valence,2,eeg,svm,hjorth,8,0.5375438596491228,1,0.7788459118122935,0.392701,1.7855590000000001
P07,sisyphus,1,sisyphus_s1_47.000,47.0,49.0,valence,3,face,gnb,face_geometry,5,0.5335672514619884,1,1.0,0.353879,1.492541
P07,sisyphus,1,sisyphus_s1_48.000,48.0,50.0,arousal,1,multimodal,logreg,all_eeg_plus_face,20,0.5900000000000001,0,0.41422627208043883,1.904052,3.1654169999999997
P07,sisyphus,1,sisyphus_s1_48.000,48.0,50.0,arousal,2,eeg,gnb,paper_compact,10,0.5566666666666666,1,0.8192030972849269,0.785111,2.4083449999999997
P07,sisyphus,1,sisyphus_s1_48.000,48.0,50.0,arousal,3,face,gnb,face_geometry,5,0.5390476190476191,0,7.338696071805203e-05,0.548755,2.264382
P07,sisyphus,1,sisyphus_s1_48.000,48.0,50.0,valence,1,eeg,logreg,time_statistical,8,0.5411111111111111,1,0.7946944203273176,0.507424,1.83157
P07,sisyphus,1,sisyphus_s1_48.000,48.0,50.0,valence,2,eeg,svm,hjorth,8,0.5375438596491228,1,0.7745996322224998,0.610406,2.731644
P07,sisyphus,1,sisyphus_s1_48.000,48.0,50.0,valence,3,face,gnb,face_geometry,5,0.5335672514619884,1,1.0,0.550045,2.209331
P07,sisyphus,1,sisyphus_s1_49.000,49.0,51.0,arousal,1,multimodal,logreg,all_eeg_plus_face,20,0.5900000000000001,1,0.6001346344618643,1.985154,4.342688
P07,sisyphus,1,sisyphus_s1_49.000,49.0,51.0,arousal,2,eeg,gnb,paper_compact,10,0.5566666666666666,1,0.999999305936302,0.770491,1.5759340000000002
P07,sisyphus,1,sisyphus_s1_49.000,49.0,51.0,arousal,3,face,gnb,face_geometry,5,0.5390476190476191,0,0.045180167935959505,0.36215,1.45812
P07,sisyphus,1,sisyphus_s1_49.000,49.0,51.0,valence,1,eeg,logreg,time_statistical,8,0.5411111111111111,1,0.7434038236134827,0.330799,1.136852
P07,sisyphus,1,sisyphus_s1_49.000,49.0,51.0,valence,2,eeg,svm,hjorth,8,0.5375438596491228,1,0.7827909723236643,0.39424,1.889792
P07,sisyphus,1,sisyphus_s1_49.000,49.0,51.0,valence,3,face,gnb,face_geometry,5,0.5335672514619884,1,0.9997680767693525,0.359709,1.46549
P07,sisyphus,1,sisyphus_s1_50.000,50.0,52.0,arousal,1,multimodal,logreg,all_eeg_plus_face,20,0.5900000000000001,1,0.7342304679333425,1.242044,2.123059
P07,sisyphus,1,sisyphus_s1_50.000,50.0,52.0,arousal,2,eeg,gnb,paper_compact,10,0.5566666666666666,1,0.8387898803419729,0.570235,1.6007529999999999
P07,sisyphus,1,sisyphus_s1_50.000,50.0,52.0,arousal,3,face,gnb,face_geometry,5,0.5390476190476191,0,0.03285318706766253,0.35901,1.443469
P07,sisyphus,1,sisyphus_s1_50.000,50.0,52.0,valence,1,eeg,logreg,time_statistical,8,0.5411111111111111,1,0.6476335654085196,0.35505,1.156241
P07,sisyphus,1,sisyphus_s1_50.000,50.0,52.0,valence,2,eeg,svm,hjorth,8,0.5375438596491228,0,0.7957326146462933,0.402891,1.8123200000000002
P07,sisyphus,1,sisyphus_s1_50.000,50.0,52.0,valence,3,face,gnb,face_geometry,5,0.5335672514619884,1,0.9985888583446461,0.36959,1.455459
P07,sisyphus,1,sisyphus_s1_51.000,51.0,53.0,arousal,1,multimodal,logreg,all_eeg_plus_face,20,0.5900000000000001,1,0.769928541059112,1.960623,3.2696889999999996
P07,sisyphus,1,sisyphus_s1_51.000,51.0,53.0,arousal,2,eeg,gnb,paper_compact,10,0.5566666666666666,1,0.9980576529733051,0.790762,2.462428
P07,sisyphus,1,sisyphus_s1_51.000,51.0,53.0,arousal,3,face,gnb,face_geometry,5,0.5390476190476191,0,6.368978729597581e-05,0.562205,2.24171
P07,sisyphus,1,sisyphus_s1_51.000,51.0,53.0,valence,1,eeg,logreg,time_statistical,8,0.5411111111111111,1,0.6910988060677633,0.513234,1.7710979999999998
P07,sisyphus,1,sisyphus_s1_51.000,51.0,53.0,valence,2,eeg,svm,hjorth,8,0.5375438596491228,1,0.7901816629456313,0.393721,1.7964190000000002
P07,sisyphus,1,sisyphus_s1_51.000,51.0,53.0,valence,3,face,gnb,face_geometry,5,0.5335672514619884,1,0.999999959101797,0.381601,1.441209
P07,sisyphus,1,sisyphus_s1_52.000,52.0,54.0,arousal,1,multimodal,logreg,all_eeg_plus_face,20,0.5900000000000001,1,0.7769408073892733,1.633904,2.100618
P07,sisyphus,1,sisyphus_s1_52.000,52.0,54.0,arousal,2,eeg,gnb,paper_compact,10,0.5566666666666666,0,0.17730229793706065,0.548785,1.579783
P07,sisyphus,1,sisyphus_s1_52.000,52.0,54.0,arousal,3,face,gnb,face_geometry,5,0.5390476190476191,0,0.0008063745279824994,0.362349,1.4498
P07,sisyphus,1,sisyphus_s1_52.000,52.0,54.0,valence,1,eeg,logreg,time_statistical,8,0.5411111111111111,1,0.6306007793260691,0.332509,1.13911
P07,sisyphus,1,sisyphus_s1_52.000,52.0,54.0,valence,2,eeg,svm,hjorth,8,0.5375438596491228,1,0.7796915550509411,0.397091,1.784449
P07,sisyphus,1,sisyphus_s1_52.000,52.0,54.0,valence,3,face,gnb,face_geometry,5,0.5335672514619884,1,0.9999999750777316,0.365119,1.4342389999999998
P07,sisyphus,1,sisyphus_s1_53.000,53.0,55.0,arousal,1,multimodal,logreg,all_eeg_plus_face,20,0.5900000000000001,1,0.8100407116326397,1.861471,3.283941
P07,sisyphus,1,sisyphus_s1_53.000,53.0,55.0,arousal,2,eeg,gnb,paper_compact,10,0.5566666666666666,0,0.1464393239739494,0.784892,2.449427
P07,sisyphus,1,sisyphus_s1_53.000,53.0,55.0,arousal,3,face,gnb,face_geometry,5,0.5390476190476191,0,3.6998567581837263e-05,0.552205,2.23069
P07,sisyphus,1,sisyphus_s1_53.000,53.0,55.0,valence,1,eeg,logreg,time_statistical,8,0.5411111111111111,1,0.6116608901903878,0.508814,1.750138
P07,sisyphus,1,sisyphus_s1_53.000,53.0,55.0,valence,2,eeg,svm,hjorth,8,0.5375438596491228,1,0.7803264440248524,0.611237,2.744335
P07,sisyphus,1,sisyphus_s1_53.000,53.0,55.0,valence,3,face,gnb,face_geometry,5,0.5335672514619884,1,0.9999999929301921,0.549685,2.251621
P07,sisyphus,1,sisyphus_s1_54.000,54.0,56.0,arousal,1,multimodal,logreg,all_eeg_plus_face,20,0.5900000000000001,1,0.7834919311395201,1.231254,2.145748
P07,sisyphus,1,sisyphus_s1_54.000,54.0,56.0,arousal,2,eeg,gnb,paper_compact,10,0.5566666666666666,0,0.4586959223033001,0.506334,1.573493
P07,sisyphus,1,sisyphus_s1_54.000,54.0,56.0,arousal,3,face,gnb,face_geometry,5,0.5390476190476191,0,9.551376253205758e-11,0.376221,1.429559
P07,sisyphus,1,sisyphus_s1_54.000,54.0,56.0,valence,1,eeg,logreg,time_statistical,8,0.5411111111111111,1,0.6482766597337616,0.329839,1.1473
P07,sisyphus,1,sisyphus_s1_54.000,54.0,56.0,valence,2,eeg,svm,hjorth,8,0.5375438596491228,1,0.7902206466418104,0.397051,1.8585600000000002
P07,sisyphus,1,sisyphus_s1_54.000,54.0,56.0,valence,3,face,gnb,face_geometry,5,0.5335672514619884,1,0.9999999997781686,0.35994,1.433819
P07,sisyphus,1,sisyphus_s1_55.000,55.0,57.0,arousal,1,multimodal,logreg,all_eeg_plus_face,20,0.5900000000000001,1,0.8079224841991907,1.904912,3.2191170000000002
P07,sisyphus,1,sisyphus_s1_55.000,55.0,57.0,arousal,2,eeg,gnb,paper_compact,10,0.5566666666666666,1,0.99999960203919,0.780521,2.410246
P07,sisyphus,1,sisyphus_s1_55.000,55.0,57.0,arousal,3,face,gnb,face_geometry,5,0.5390476190476191,0,9.596477668908987e-16,0.572555,2.19643
P07,sisyphus,1,sisyphus_s1_55.000,55.0,57.0,valence,1,eeg,logreg,time_statistical,8,0.5411111111111111,1,0.6141526318110316,0.505154,1.8185890000000002
P07,sisyphus,1,sisyphus_s1_55.000,55.0,57.0,valence,2,eeg,svm,hjorth,8,0.5375438596491228,1,0.78931375647378,0.605986,2.746785
P07,sisyphus,1,sisyphus_s1_55.000,55.0,57.0,valence,3,face,gnb,face_geometry,5,0.5335672514619884,1,0.8482987373058477,0.551065,2.199849
P07,sisyphus,1,sisyphus_s1_56.000,56.0,58.0,arousal,1,multimodal,logreg,all_eeg_plus_face,20,0.5900000000000001,1,0.8361040280149811,1.86656,3.200598
P07,sisyphus,1,sisyphus_s1_56.000,56.0,58.0,arousal,2,eeg,gnb,paper_compact,10,0.5566666666666666,1,0.9999999999993499,0.783772,2.4968980000000003
P07,sisyphus,1,sisyphus_s1_56.000,56.0,58.0,arousal,3,face,gnb,face_geometry,5,0.5390476190476191,0,3.677031091403818e-13,0.554505,2.268512
P07,sisyphus,1,sisyphus_s1_56.000,56.0,58.0,valence,1,eeg,logreg,time_statistical,8,0.5411111111111111,1,0.5682447065576967,0.511164,1.7625469999999999
P07,sisyphus,1,sisyphus_s1_56.000,56.0,58.0,valence,2,eeg,svm,hjorth,8,0.5375438596491228,1,0.7839309742124096,0.611326,2.446697
P07,sisyphus,1,sisyphus_s1_56.000,56.0,58.0,valence,3,face,gnb,face_geometry,5,0.5335672514619884,1,0.9973705145339893,0.345339,1.3848179999999999
P07,sisyphus,1,sisyphus_s1_57.000,57.0,59.0,arousal,1,multimodal,logreg,all_eeg_plus_face,20,0.5900000000000001,1,0.7950310223648578,2.496848,3.551167
P07,sisyphus,1,sisyphus_s1_57.000,57.0,59.0,arousal,2,eeg,gnb,paper_compact,10,0.5566666666666666,1,0.9742992973437871,0.498203,1.561761
P07,sisyphus,1,sisyphus_s1_57.000,57.0,59.0,arousal,3,face,gnb,face_geometry,5,0.5390476190476191,0,5.615666218565509e-11,0.35365,1.46641
P07,sisyphus,1,sisyphus_s1_57.000,57.0,59.0,valence,1,eeg,logreg,time_statistical,8,0.5411111111111111,1,0.584026675194468,0.34549,1.184442
P07,sisyphus,1,sisyphus_s1_57.000,57.0,59.0,valence,2,eeg,svm,hjorth,8,0.5375438596491228,1,0.7806015355700956,0.408481,1.769418
P07,sisyphus,1,sisyphus_s1_57.000,57.0,59.0,valence,3,face,gnb,face_geometry,5,0.5335672514619884,1,0.9998827002699018,0.353529,1.4142389999999998
P07,sisyphus,1,sisyphus_s1_58.000,58.0,60.0,arousal,1,multimodal,logreg,all_eeg_plus_face,20,0.5900000000000001,1,0.8014255382164192,1.862991,3.534656
P07,sisyphus,1,sisyphus_s1_58.000,58.0,60.0,arousal,2,eeg,gnb,paper_compact,10,0.5566666666666666,1,0.5326740493347252,0.992357,2.0251949999999996
P07,sisyphus,1,sisyphus_s1_58.000,58.0,60.0,arousal,3,face,gnb,face_geometry,5,0.5390476190476191,0,5.8884784178209746e-15,0.34922,1.4178490000000001
P07,sisyphus,1,sisyphus_s1_58.000,58.0,60.0,valence,1,eeg,logreg,time_statistical,8,0.5411111111111111,1,0.6198554323013767,0.365841,1.151671
P07,sisyphus,1,sisyphus_s1_58.000,58.0,60.0,valence,2,eeg,svm,hjorth,8,0.5375438596491228,1,0.781145114994333,0.392691,1.781168
P07,sisyphus,1,sisyphus_s1_58.000,58.0,60.0,valence,3,face,gnb,face_geometry,5,0.5335672514619884,1,0.9999894801462658,0.35277,2.1691689999999997
P07,sisyphus,1,sisyphus_s1_59.000,59.0,61.0,arousal,1,multimodal,logreg,all_eeg_plus_face,20,0.5900000000000001,1,0.843831269061747,1.229863,2.243992
P07,sisyphus,1,sisyphus_s1_59.000,59.0,61.0,arousal,2,eeg,gnb,paper_compact,10,0.5566666666666666,1,0.5541729742127591,0.512084,1.723297
P07,sisyphus,1,sisyphus_s1_59.000,59.0,61.0,arousal,3,face,gnb,face_geometry,5,0.5390476190476191,0,9.021180962459436e-18,0.554365,2.2404100000000002
P07,sisyphus,1,sisyphus_s1_59.000,59.0,61.0,valence,1,eeg,logreg,time_statistical,8,0.5411111111111111,1,0.6140860741730582,0.570915,1.8029799999999998
P07,sisyphus,1,sisyphus_s1_59.000,59.0,61.0,valence,2,eeg,svm,hjorth,8,0.5375438596491228,1,0.7864581497770166,0.615007,2.787567
P07,sisyphus,1,sisyphus_s1_59.000,59.0,61.0,valence,3,face,gnb,face_geometry,5,0.5335672514619884,1,0.9999789209023239,0.547645,2.296743
P07,sisyphus,1,sisyphus_s1_60.000,60.0,62.0,arousal,1,multimodal,logreg,all_eeg_plus_face,20,0.5900000000000001,1,0.8327124848118911,1.257303,2.116498
P07,sisyphus,1,sisyphus_s1_60.000,60.0,62.0,arousal,2,eeg,gnb,paper_compact,10,0.5566666666666666,0,0.07457904004041611,0.497623,1.631955
P07,sisyphus,1,sisyphus_s1_60.000,60.0,62.0,arousal,3,face,gnb,face_geometry,5,0.5390476190476191,0,1.1132358910953644e-12,0.34916,1.4450390000000002
P07,sisyphus,1,sisyphus_s1_60.000,60.0,62.0,valence,1,eeg,logreg,time_statistical,8,0.5411111111111111,1,0.6536244238956005,0.325129,1.1802519999999999
P07,sisyphus,1,sisyphus_s1_60.000,60.0,62.0,valence,2,eeg,svm,hjorth,8,0.5375438596491228,1,0.7841707059527397,0.38723,1.791079
P07,sisyphus,1,sisyphus_s1_60.000,60.0,62.0,valence,3,face,gnb,face_geometry,5,0.5335672514619884,1,0.9893073275992249,0.351469,1.4812409999999998
P07,sisyphus,1,sisyphus_s1_61.000,61.0,63.0,arousal,1,multimodal,logreg,all_eeg_plus_face,20,0.5900000000000001,1,0.7670195862117417,2.049326,3.8225049999999996
P07,sisyphus,1,sisyphus_s1_61.000,61.0,63.0,arousal,2,eeg,gnb,paper_compact,10,0.5566666666666666,0,0.11682489986080281,0.494773,1.5652519999999999
P07,sisyphus,1,sisyphus_s1_61.000,61.0,63.0,arousal,3,face,gnb,face_geometry,5,0.5390476190476191,0,5.384530163896029e-12,0.34688,1.5146309999999998
P07,sisyphus,1,sisyphus_s1_61.000,61.0,63.0,valence,1,eeg,logreg,time_statistical,8,0.5411111111111111,1,0.6714083258645683,0.327119,1.131111
P07,sisyphus,1,sisyphus_s1_61.000,61.0,63.0,valence,2,eeg,svm,hjorth,8,0.5375438596491228,1,0.7820885938674338,0.387711,1.8035290000000002
P07,sisyphus,1,sisyphus_s1_61.000,61.0,63.0,valence,3,face,gnb,face_geometry,5,0.5335672514619884,1,0.9364385777097647,0.38169,1.448439
P07,sisyphus,1,sisyphus_s1_62.000,62.0,64.0,arousal,1,multimodal,logreg,all_eeg_plus_face,20,0.5900000000000001,1,0.7818497971134023,2.023805,3.9010649999999996
P07,sisyphus,1,sisyphus_s1_62.000,62.0,64.0,arousal,2,eeg,gnb,paper_compact,10,0.5566666666666666,1,0.7357863970040261,0.502194,1.5870829999999998
P07,sisyphus,1,sisyphus_s1_62.000,62.0,64.0,arousal,3,face,gnb,face_geometry,5,0.5390476190476191,0,7.846636052874788e-16,0.3528,1.4606
P07,sisyphus,1,sisyphus_s1_62.000,62.0,64.0,valence,1,eeg,logreg,time_statistical,8,0.5411111111111111,1,0.6076094913193908,0.328479,1.1443109999999999
P07,sisyphus,1,sisyphus_s1_62.000,62.0,64.0,valence,2,eeg,svm,hjorth,8,0.5375438596491228,1,0.7887628841305891,0.392441,2.164049
P07,sisyphus,1,sisyphus_s1_62.000,62.0,64.0,valence,3,face,gnb,face_geometry,5,0.5335672514619884,1,0.9885090028222373,0.546195,2.282323
P07,sisyphus,1,sisyphus_s1_63.000,63.0,65.0,arousal,1,multimodal,logreg,all_eeg_plus_face,20,0.5900000000000001,1,0.7621668392583715,1.199423,2.17984
P07,sisyphus,1,sisyphus_s1_63.000,63.0,65.0,arousal,2,eeg,gnb,paper_compact,10,0.5566666666666666,1,0.5988173360196579,0.498183,1.583213
P07,sisyphus,1,sisyphus_s1_63.000,63.0,65.0,arousal,3,face,gnb,face_geometry,5,0.5390476190476191,0,5.646333553560995e-20,0.418991,1.4714600000000002
P07,sisyphus,1,sisyphus_s1_63.000,63.0,65.0,valence,1,eeg,logreg,time_statistical,8,0.5411111111111111,1,0.580748712209247,0.325579,1.143241
P07,sisyphus,1,sisyphus_s1_63.000,63.0,65.0,valence,2,eeg,svm,hjorth,8,0.5375438596491228,0,0.7950450950567873,0.391421,1.874611
P07,sisyphus,1,sisyphus_s1_63.000,63.0,65.0,valence,3,face,gnb,face_geometry,5,0.5335672514619884,1,0.9492418856444492,0.35269,1.441779
P07,sisyphus,1,sisyphus_s1_64.000,64.0,66.0,arousal,1,multimodal,logreg,all_eeg_plus_face,20,0.5900000000000001,1,0.7149802967224511,1.203883,2.14816
P07,sisyphus,1,sisyphus_s1_64.000,64.0,66.0,arousal,2,eeg,gnb,paper_compact,10,0.5566666666666666,0,0.2973253010922789,0.521984,1.551842
P07,sisyphus,1,sisyphus_s1_64.000,64.0,66.0,arousal,3,face,gnb,face_geometry,5,0.5390476190476191,0,2.584673959414305e-24,0.409521,1.419658
P07,sisyphus,1,sisyphus_s1_64.000,64.0,66.0,valence,1,eeg,logreg,time_statistical,8,0.5411111111111111,1,0.5928238442799375,0.347529,1.1347509999999998
P07,sisyphus,1,sisyphus_s1_64.000,64.0,66.0,valence,2,eeg,svm,hjorth,8,0.5375438596491228,1,0.7902613723396176,0.388481,1.83953
P07,sisyphus,1,sisyphus_s1_64.000,64.0,66.0,valence,3,face,gnb,face_geometry,5,0.5335672514619884,1,0.9706476281147013,0.36283,1.430549
P07,sisyphus,1,sisyphus_s1_65.000,65.0,67.0,arousal,1,multimodal,logreg,all_eeg_plus_face,20,0.5900000000000001,1,0.7465444822541777,1.220733,2.096467
P07,sisyphus,1,sisyphus_s1_65.000,65.0,67.0,arousal,2,eeg,gnb,paper_compact,10,0.5566666666666666,0,0.11639616389484622,0.492474,1.583043
P07,sisyphus,1,sisyphus_s1_65.000,65.0,67.0,arousal,3,face,gnb,face_geometry,5,0.5390476190476191,0,1.1875535150372699e-22,0.350279,1.410489
P07,sisyphus,1,sisyphus_s1_65.000,65.0,67.0,valence,1,eeg,logreg,time_statistical,8,0.5411111111111111,1,0.5642191961952597,0.321569,1.1368310000000001
P07,sisyphus,1,sisyphus_s1_65.000,65.0,67.0,valence,2,eeg,svm,hjorth,8,0.5375438596491228,1,0.7843930820031417,0.427262,1.773269
P07,sisyphus,1,sisyphus_s1_65.000,65.0,67.0,valence,3,face,gnb,face_geometry,5,0.5335672514619884,0,0.24579991406560217,0.347669,1.431589
P07,sisyphus,1,sisyphus_s1_66.000,66.0,68.0,arousal,1,multimodal,logreg,all_eeg_plus_face,20,0.5900000000000001,1,0.7529668008914204,1.950724,3.3682909999999997
P07,sisyphus,1,sisyphus_s1_66.000,66.0,68.0,arousal,2,eeg,gnb,paper_compact,10,0.5566666666666666,1,0.9984300040509304,0.772301,2.545549
P07,sisyphus,1,sisyphus_s1_66.000,66.0,68.0,arousal,3,face,gnb,face_geometry,5,0.5390476190476191,0,4.633658749311358e-17,0.545225,2.319084
P07,sisyphus,1,sisyphus_s1_66.000,66.0,68.0,valence,1,eeg,logreg,time_statistical,8,0.5411111111111111,1,0.6151260066985954,0.497124,1.778148
P07,sisyphus,1,sisyphus_s1_66.000,66.0,68.0,valence,2,eeg,svm,hjorth,8,0.5375438596491228,1,0.7911642523762108,0.691069,2.779425
P07,sisyphus,1,sisyphus_s1_66.000,66.0,68.0,valence,3,face,gnb,face_geometry,5,0.5335672514619884,1,0.9999999999055476,0.540295,2.3400739999999995
P07,sisyphus,1,sisyphus_s1_67.000,67.0,69.0,arousal,1,multimodal,logreg,all_eeg_plus_face,20,0.5900000000000001,1,0.6275802255912715,1.628945,2.110858
P07,sisyphus,1,sisyphus_s1_67.000,67.0,69.0,arousal,2,eeg,gnb,paper_compact,10,0.5566666666666666,1,0.9997506312613647,0.508084,1.6376749999999998
P07,sisyphus,1,sisyphus_s1_67.000,67.0,69.0,arousal,3,face,gnb,face_geometry,5,0.5390476190476191,0,2.981565641487002e-13,0.3535,1.4410399999999999
P07,sisyphus,1,sisyphus_s1_67.000,67.0,69.0,valence,1,eeg,logreg,time_statistical,8,0.5411111111111111,1,0.6733999944387843,0.330689,1.164551
P07,sisyphus,1,sisyphus_s1_67.000,67.0,69.0,valence,2,eeg,svm,hjorth,8,0.5375438596491228,1,0.7931138389007836,0.393711,1.797658
P07,sisyphus,1,sisyphus_s1_67.000,67.0,69.0,valence,3,face,gnb,face_geometry,5,0.5335672514619884,1,1.0,0.35424,1.502491
P07,sisyphus,1,sisyphus_s1_68.000,68.0,70.0,arousal,1,multimodal,logreg,all_eeg_plus_face,20,0.5900000000000001,0,0.46230881377918653,1.211934,2.1636189999999997
P07,sisyphus,1,sisyphus_s1_68.000,68.0,70.0,arousal,2,eeg,gnb,paper_compact,10,0.5566666666666666,0,0.2961345823485178,0.500294,1.572482
P07,sisyphus,1,sisyphus_s1_68.000,68.0,70.0,arousal,3,face,gnb,face_geometry,5,0.5390476190476191,0,4.615299506474013e-08,0.36116,1.519961
P07,sisyphus,1,sisyphus_s1_68.000,68.0,70.0,valence,1,eeg,logreg,time_statistical,8,0.5411111111111111,1,0.7053310586251367,0.329219,1.148131
P07,sisyphus,1,sisyphus_s1_68.000,68.0,70.0,valence,2,eeg,svm,hjorth,8,0.5375438596491228,1,0.7793780469150073,0.392181,1.891702
P07,sisyphus,1,sisyphus_s1_68.000,68.0,70.0,valence,3,face,gnb,face_geometry,5,0.5335672514619884,1,1.0,0.352619,1.4347789999999998
P07,sisyphus,1,sisyphus_s1_69.000,69.0,71.0,arousal,1,multimodal,logreg,all_eeg_plus_face,20,0.5900000000000001,0,0.4612966813041231,1.202143,1.9677440000000002
P07,sisyphus,1,sisyphus_s1_69.000,69.0,71.0,arousal,2,eeg,gnb,paper_compact,10,0.5566666666666666,1,0.9998617066831573,0.498164,1.652355
P07,sisyphus,1,sisyphus_s1_69.000,69.0,71.0,arousal,3,face,gnb,face_geometry,5,0.5390476190476191,0,0.00011768745741803627,0.352799,1.4231989999999999
P07,sisyphus,1,sisyphus_s1_69.000,69.0,71.0,valence,1,eeg,logreg,time_statistical,8,0.5411111111111111,1,0.8204758487937426,0.321858,1.220653
P07,sisyphus,1,sisyphus_s1_69.000,69.0,71.0,valence,2,eeg,svm,hjorth,8,0.5375438596491228,1,0.7781048072874647,0.390351,1.703277
P07,sisyphus,1,sisyphus_s1_69.000,69.0,71.0,valence,3,face,gnb,face_geometry,5,0.5335672514619884,1,0.9998823524705859,0.350749,1.5012610000000002
P07,shape_sorter_interaction,1,shape_sorter_interaction_s1_33.000,33.0,35.0,arousal,1,multimodal,logreg,all_eeg_plus_face,20,0.5900000000000001,1,0.8369890066827737,1.273635,2.138889
P07,shape_sorter_interaction,1,shape_sorter_interaction_s1_33.000,33.0,35.0,arousal,2,eeg,gnb,paper_compact,10,0.5566666666666666,1,0.9999999087998687,0.505404,1.614874
P07,shape_sorter_interaction,1,shape_sorter_interaction_s1_33.000,33.0,35.0,arousal,3,face,gnb,face_geometry,5,0.5390476190476191,0,2.9602755206990436e-07,0.35659,1.45264
P07,shape_sorter_interaction,1,shape_sorter_interaction_s1_33.000,33.0,35.0,valence,1,eeg,logreg,time_statistical,8,0.5411111111111111,1,0.5907295480417257,0.327249,1.250694
P07,shape_sorter_interaction,1,shape_sorter_interaction_s1_33.000,33.0,35.0,valence,2,eeg,svm,hjorth,8,0.5375438596491228,1,0.7687430543755206,0.39385,1.815479
P07,shape_sorter_interaction,1,shape_sorter_interaction_s1_33.000,33.0,35.0,valence,3,face,gnb,face_geometry,5,0.5335672514619884,1,0.999944288128674,0.35512,1.518501
P07,shape_sorter_interaction,1,shape_sorter_interaction_s1_34.000,34.0,36.0,arousal,1,multimodal,logreg,all_eeg_plus_face,20,0.5900000000000001,1,0.7593945286463639,1.239754,2.1599090000000003
P07,shape_sorter_interaction,1,shape_sorter_interaction_s1_34.000,34.0,36.0,arousal,2,eeg,gnb,paper_compact,10,0.5566666666666666,1,0.9999999840492252,0.504103,1.582383
P07,shape_sorter_interaction,1,shape_sorter_interaction_s1_34.000,34.0,36.0,arousal,3,face,gnb,face_geometry,5,0.5390476190476191,0,5.479730231095864e-10,0.37178,1.4434099999999999
P07,shape_sorter_interaction,1,shape_sorter_interaction_s1_34.000,34.0,36.0,valence,1,eeg,logreg,time_statistical,8,0.5411111111111111,1,0.7495494979183362,0.327019,1.141161
P07,shape_sorter_interaction,1,shape_sorter_interaction_s1_34.000,34.0,36.0,valence,2,eeg,svm,hjorth,8,0.5375438596491228,1,0.7709888643099658,0.429822,1.892982
P07,shape_sorter_interaction,1,shape_sorter_interaction_s1_34.000,34.0,36.0,valence,3,face,gnb,face_geometry,5,0.5335672514619884,1,0.9999981032092519,0.353239,1.43875
P07,shape_sorter_interaction,1,shape_sorter_interaction_s1_35.000,35.0,37.0,arousal,1,multimodal,logreg,all_eeg_plus_face,20,0.5900000000000001,1,0.700780986611696,1.271145,2.224361
P07,shape_sorter_interaction,1,shape_sorter_interaction_s1_35.000,35.0,37.0,arousal,2,eeg,gnb,paper_compact,10,0.5566666666666666,1,0.9999989053354975,0.508204,1.629704
P07,shape_sorter_interaction,1,shape_sorter_interaction_s1_35.000,35.0,37.0,arousal,3,face,gnb,face_geometry,5,0.5390476190476191,0,1.3040717620661205e-14,0.356889,1.445459
P07,shape_sorter_interaction,1,shape_sorter_interaction_s1_35.000,35.0,37.0,valence,1,eeg,logreg,time_statistical,8,0.5411111111111111,1,0.8066007613643865,0.335379,1.213623
P07,shape_sorter_interaction,1,shape_sorter_interaction_s1_35.000,35.0,37.0,valence,2,eeg,svm,hjorth,8,0.5375438596491228,1,0.7853118725235135,0.395151,1.81894
P07,shape_sorter_interaction,1,shape_sorter_interaction_s1_35.000,35.0,37.0,valence,3,face,gnb,face_geometry,5,0.5335672514619884,1,0.9999993545495962,0.35761,1.491711
P07,shape_sorter_interaction,1,shape_sorter_interaction_s1_36.000,36.0,38.0,arousal,1,multimodal,logreg,all_eeg_plus_face,20,0.5900000000000001,1,0.7823055123487683,2.333483,2.917449
P07,shape_sorter_interaction,1,shape_sorter_interaction_s1_36.000,36.0,38.0,arousal,2,eeg,gnb,paper_compact,10,0.5566666666666666,1,0.9999999999459348,0.517174,1.6566750000000001
P07,shape_sorter_interaction,1,shape_sorter_interaction_s1_36.000,36.0,38.0,arousal,3,face,gnb,face_geometry,5,0.5390476190476191,0,6.670813882208348e-17,0.35981,1.449789
P07,shape_sorter_interaction,1,shape_sorter_interaction_s1_36.000,36.0,38.0,valence,1,eeg,logreg,time_statistical,8,0.5411111111111111,1,0.7512895669443933,0.333899,1.2033820000000002
P07,shape_sorter_interaction,1,shape_sorter_interaction_s1_36.000,36.0,38.0,valence,2,eeg,svm,hjorth,8,0.5375438596491228,1,0.7867639468211113,0.393301,1.8190400000000002
P07,shape_sorter_interaction,1,shape_sorter_interaction_s1_36.000,36.0,38.0,valence,3,face,gnb,face_geometry,5,0.5335672514619884,1,0.9999887533108369,0.35769,1.5112409999999998
P07,shape_sorter_interaction,1,shape_sorter_interaction_s1_37.000,37.0,39.0,arousal,1,multimodal,logreg,all_eeg_plus_face,20,0.5900000000000001,1,0.7747634205806806,1.950513,3.213288
P07,shape_sorter_interaction,1,shape_sorter_interaction_s1_37.000,37.0,39.0,arousal,2,eeg,gnb,paper_compact,10,0.5566666666666666,1,0.9999915880904441,0.860643,2.475417
P07,shape_sorter_interaction,1,shape_sorter_interaction_s1_37.000,37.0,39.0,arousal,3,face,gnb,face_geometry,5,0.5390476190476191,0,6.92158611165996e-16,0.555265,2.277233
P07,shape_sorter_interaction,1,shape_sorter_interaction_s1_37.000,37.0,39.0,valence,1,eeg,logreg,time_statistical,8,0.5411111111111111,1,0.671265266537867,0.506423,1.852011
P07,shape_sorter_interaction,1,shape_sorter_interaction_s1_37.000,37.0,39.0,valence,2,eeg,svm,hjorth,8,0.5375438596491228,1,0.7816006682101356,0.606896,2.784077
P07,shape_sorter_interaction,1,shape_sorter_interaction_s1_37.000,37.0,39.0,valence,3,face,gnb,face_geometry,5,0.5335672514619884,1,0.9999998889177695,0.550605,2.22833
P07,shape_sorter_interaction,1,shape_sorter_interaction_s1_38.000,38.0,40.0,arousal,1,multimodal,logreg,all_eeg_plus_face,20,0.5900000000000001,1,0.7857206996275907,1.213613,2.1076159999999997
P07,shape_sorter_interaction,1,shape_sorter_interaction_s1_38.000,38.0,40.0,arousal,2,eeg,gnb,paper_compact,10,0.5566666666666666,0,0.48877275882663335,0.491543,1.586004
P07,shape_sorter_interaction,1,shape_sorter_interaction_s1_38.000,38.0,40.0,arousal,3,face,gnb,face_geometry,5,0.5390476190476191,0,1.9167024550246288e-16,0.35048,1.415669
P07,shape_sorter_interaction,1,shape_sorter_interaction_s1_38.000,38.0,40.0,valence,1,eeg,logreg,time_statistical,8,0.5411111111111111,1,0.6319962108852104,0.334769,1.2243929999999998
P07,shape_sorter_interaction,1,shape_sorter_interaction_s1_38.000,38.0,40.0,valence,2,eeg,svm,hjorth,8,0.5375438596491228,1,0.7918600247879024,0.38821,1.770337
P07,shape_sorter_interaction,1,shape_sorter_interaction_s1_38.000,38.0,40.0,valence,3,face,gnb,face_geometry,5,0.5335672514619884,1,0.7664671438176581,0.34712,1.447209
P07,shape_sorter_interaction,1,shape_sorter_interaction_s1_39.000,39.0,41.0,arousal,1,multimodal,logreg,all_eeg_plus_face,20,0.5900000000000001,1,0.8511895570629725,1.260714,2.122388
P07,shape_sorter_interaction,1,shape_sorter_interaction_s1_39.000,39.0,41.0,arousal,2,eeg,gnb,paper_compact,10,0.5566666666666666,1,0.9954774921801813,0.503143,1.601254
P07,shape_sorter_interaction,1,shape_sorter_interaction_s1_39.000,39.0,41.0,arousal,3,face,gnb,face_geometry,5,0.5390476190476191,0,1.4918338459882296e-16,0.35496,1.4388090000000002
P07,shape_sorter_interaction,1,shape_sorter_interaction_s1_39.000,39.0,41.0,valence,1,eeg,logreg,time_statistical,8,0.5411111111111111,1,0.7218823478993152,0.328489,1.169332
P07,shape_sorter_interaction,1,shape_sorter_interaction_s1_39.000,39.0,41.0,valence,2,eeg,svm,hjorth,8,0.5375438596491228,0,0.8031852889551487,0.390651,1.81266
P07,shape_sorter_interaction,1,shape_sorter_interaction_s1_39.000,39.0,41.0,valence,3,face,gnb,face_geometry,5,0.5335672514619884,0,0.10035328395240257,0.356,1.46798
P07,shape_sorter_interaction,1,shape_sorter_interaction_s1_40.000,40.0,42.0,arousal,1,multimodal,logreg,all_eeg_plus_face,20,0.5900000000000001,1,0.886425478771378,1.217583,2.1453979999999997
P07,shape_sorter_interaction,1,shape_sorter_interaction_s1_40.000,40.0,42.0,arousal,2,eeg,gnb,paper_compact,10,0.5566666666666666,1,0.9999999970118907,0.503214,1.614023
P07,shape_sorter_interaction,1,shape_sorter_interaction_s1_40.000,40.0,42.0,arousal,3,face,gnb,face_geometry,5,0.5390476190476191,0,2.3014442764962663e-19,0.35882,1.4962909999999998
P07,shape_sorter_interaction,1,shape_sorter_interaction_s1_40.000,40.0,42.0,valence,1,eeg,logreg,time_statistical,8,0.5411111111111111,1,0.7331070539033036,0.329519,1.1857330000000001
P07,shape_sorter_interaction,1,shape_sorter_interaction_s1_40.000,40.0,42.0,valence,2,eeg,svm,hjorth,8,0.5375438596491228,0,0.7942668696345964,0.393301,1.874292
P07,shape_sorter_interaction,1,shape_sorter_interaction_s1_40.000,40.0,42.0,valence,3,face,gnb,face_geometry,5,0.5335672514619884,0,0.04513231239286132,0.35378,1.484061
P07,shape_sorter_interaction,1,shape_sorter_interaction_s1_41.000,41.0,43.0,arousal,1,multimodal,logreg,all_eeg_plus_face,20,0.5900000000000001,1,0.8114025030951523,1.84243,3.254509
P07,shape_sorter_interaction,1,shape_sorter_interaction_s1_41.000,41.0,43.0,arousal,2,eeg,gnb,paper_compact,10,0.5566666666666666,1,0.9966403275353267,0.776731,2.483637
P07,shape_sorter_interaction,1,shape_sorter_interaction_s1_41.000,41.0,43.0,arousal,3,face,gnb,face_geometry,5,0.5390476190476191,0,1.2318482329949552e-22,0.544185,2.217411
P07,shape_sorter_interaction,1,shape_sorter_interaction_s1_41.000,41.0,43.0,valence,1,eeg,logreg,time_statistical,8,0.5411111111111111,1,0.6851677673883199,0.510113,1.7654580000000002
P07,shape_sorter_interaction,1,shape_sorter_interaction_s1_41.000,41.0,43.0,valence,2,eeg,svm,hjorth,8,0.5375438596491228,1,0.7865431430602835,0.601697,2.489688
P07,shape_sorter_interaction,1,shape_sorter_interaction_s1_41.000,41.0,43.0,valence,3,face,gnb,face_geometry,5,0.5335672514619884,0,0.03234133130229821,0.3487,1.4058789999999999
P07,shape_sorter_interaction,1,shape_sorter_interaction_s1_42.000,42.0,44.0,arousal,1,multimodal,logreg,all_eeg_plus_face,20,0.5900000000000001,1,0.7802813626947983,1.843741,3.223388
P07,shape_sorter_interaction,1,shape_sorter_interaction_s1_42.000,42.0,44.0,arousal,2,eeg,gnb,paper_compact,10,0.5566666666666666,1,0.9668418444354823,0.766131,2.433096
P07,shape_sorter_interaction,1,shape_sorter_interaction_s1_42.000,42.0,44.0,arousal,3,face,gnb,face_geometry,5,0.5390476190476191,0,1.8596909292698177e-21,0.543925,2.211569
P07,shape_sorter_interaction,1,shape_sorter_interaction_s1_42.000,42.0,44.0,valence,1,eeg,logreg,time_statistical,8,0.5411111111111111,1,0.6829724007008474,0.507094,1.7562980000000001
P07,shape_sorter_interaction,1,shape_sorter_interaction_s1_42.000,42.0,44.0,valence,2,eeg,svm,hjorth,8,0.5375438596491228,1,0.7866278622922724,0.603567,2.7816859999999997
P07,shape_sorter_interaction,1,shape_sorter_interaction_s1_42.000,42.0,44.0,valence,3,face,gnb,face_geometry,5,0.5335672514619884,0,0.03568814727198784,0.541284,2.356545
P07,shape_sorter_interaction,1,shape_sorter_interaction_s1_43.000,43.0,45.0,arousal,1,multimodal,logreg,all_eeg_plus_face,20,0.5900000000000001,1,0.7650478011423798,1.238574,2.114449
P07,shape_sorter_interaction,1,shape_sorter_interaction_s1_43.000,43.0,45.0,arousal,2,eeg,gnb,paper_compact,10,0.5566666666666666,1,0.9999537818685316,0.499083,1.608684
P07,shape_sorter_interaction,1,shape_sorter_interaction_s1_43.000,43.0,45.0,arousal,3,face,gnb,face_geometry,5,0.5390476190476191,0,7.358638187451676e-21,0.35766,1.4493489999999998
P07,shape_sorter_interaction,1,shape_sorter_interaction_s1_43.000,43.0,45.0,valence,1,eeg,logreg,time_statistical,8,0.5411111111111111,1,0.734998037950004,0.329729,1.187762
P07,shape_sorter_interaction,1,shape_sorter_interaction_s1_43.000,43.0,45.0,valence,2,eeg,svm,hjorth,8,0.5375438596491228,1,0.7870997285002774,0.394381,1.811579
P07,shape_sorter_interaction,1,shape_sorter_interaction_s1_43.000,43.0,45.0,valence,3,face,gnb,face_geometry,5,0.5335672514619884,1,0.7246701951916403,0.35412,1.4792399999999999
P07,shape_sorter_interaction,1,shape_sorter_interaction_s1_44.000,44.0,46.0,arousal,1,multimodal,logreg,all_eeg_plus_face,20,0.5900000000000001,1,0.7931654679302974,1.194752,2.1220790000000003
P07,shape_sorter_interaction,1,shape_sorter_interaction_s1_44.000,44.0,46.0,arousal,2,eeg,gnb,paper_compact,10,0.5566666666666666,1,0.9999820882715239,0.497073,1.5701040000000002
P07,shape_sorter_interaction,1,shape_sorter_interaction_s1_44.000,44.0,46.0,arousal,3,face,gnb,face_geometry,5,0.5390476190476191,0,5.288556164295242e-25,0.371351,1.449689
P07,shape_sorter_interaction,1,shape_sorter_interaction_s1_44.000,44.0,46.0,valence,1,eeg,logreg,time_statistical,8,0.5411111111111111,1,0.6894257040337562,0.339619,1.140671
P07,shape_sorter_interaction,1,shape_sorter_interaction_s1_44.000,44.0,46.0,valence,2,eeg,svm,hjorth,8,0.5375438596491228,1,0.7837636285180035,0.388551,1.8788110000000002
P07,shape_sorter_interaction,1,shape_sorter_interaction_s1_44.000,44.0,46.0,valence,3,face,gnb,face_geometry,5,0.5335672514619884,0,0.4669876924831243,0.3518,1.4402089999999999
P07,shape_sorter_interaction,1,shape_sorter_interaction_s1_45.000,45.0,47.0,arousal,1,multimodal,logreg,all_eeg_plus_face,20,0.5900000000000001,1,0.8409562821981992,1.701907,2.649192
P07,shape_sorter_interaction,1,shape_sorter_interaction_s1_45.000,45.0,47.0,arousal,2,eeg,gnb,paper_compact,10,0.5566666666666666,1,0.9999993332783907,0.515594,1.592553
P07,shape_sorter_interaction,1,shape_sorter_interaction_s1_45.000,45.0,47.0,arousal,3,face,gnb,face_geometry,5,0.5390476190476191,0,1.5330112436619114e-24,0.35884,1.444289
P07,shape_sorter_interaction,1,shape_sorter_interaction_s1_45.000,45.0,47.0,valence,1,eeg,logreg,time_statistical,8,0.5411111111111111,1,0.6210133021174962,0.326739,1.1485310000000002
P07,shape_sorter_interaction,1,shape_sorter_interaction_s1_45.000,45.0,47.0,valence,2,eeg,svm,hjorth,8,0.5375438596491228,1,0.7774263735697953,0.392741,1.8405
P07,shape_sorter_interaction,1,shape_sorter_interaction_s1_45.000,45.0,47.0,valence,3,face,gnb,face_geometry,5,0.5335672514619884,0,0.11896837884079593,0.35306,1.4396890000000002
P07,shape_sorter_interaction,1,shape_sorter_interaction_s1_46.000,46.0,48.0,arousal,1,multimodal,logreg,all_eeg_plus_face,20,0.5900000000000001,1,0.8488144323397321,1.87082,3.29559
P07,shape_sorter_interaction,1,shape_sorter_interaction_s1_46.000,46.0,48.0,arousal,2,eeg,gnb,paper_compact,10,0.5566666666666666,1,0.9998304015821051,0.782411,2.4954379999999996
P07,shape_sorter_interaction,1,shape_sorter_interaction_s1_46.000,46.0,48.0,arousal,3,face,gnb,face_geometry,5,0.5390476190476191,0,8.203914985123477e-20,0.558045,2.268991
P07,shape_sorter_interaction,1,shape_sorter_interaction_s1_46.000,46.0,48.0,valence,1,eeg,logreg,time_statistical,8,0.5411111111111111,1,0.5988881733728662,0.510654,1.774109
P07,shape_sorter_interaction,1,shape_sorter_interaction_s1_46.000,46.0,48.0,valence,2,eeg,svm,hjorth,8,0.5375438596491228,1,0.7799927652408561,0.607847,2.519379
P07,shape_sorter_interaction,1,shape_sorter_interaction_s1_46.000,46.0,48.0,valence,3,face,gnb,face_geometry,5,0.5335672514619884,1,0.9555809723836097,0.352979,1.404929
P07,shape_sorter_interaction,1,shape_sorter_interaction_s1_47.000,47.0,49.0,arousal,1,multimodal,logreg,all_eeg_plus_face,20,0.5900000000000001,1,0.8754240825376499,1.220273,2.101667
P07,shape_sorter_interaction,1,shape_sorter_interaction_s1_47.000,47.0,49.0,arousal,2,eeg,gnb,paper_compact,10,0.5566666666666666,1,0.9680620764773789,0.496963,1.5656530000000002
P07,shape_sorter_interaction,1,shape_sorter_interaction_s1_47.000,47.0,49.0,arousal,3,face,gnb,face_geometry,5,0.5390476190476191,0,2.2065344947860227e-17,0.35538,1.4762
P07,shape_sorter_interaction,1,shape_sorter_interaction_s1_47.000,47.0,49.0,valence,1,eeg,logreg,time_statistical,8,0.5411111111111111,1,0.5804749060451573,0.326659,1.146531
P07,shape_sorter_interaction,1,shape_sorter_interaction_s1_47.000,47.0,49.0,valence,2,eeg,svm,hjorth,8,0.5375438596491228,1,0.790210729288601,0.3868,1.8286700000000002
P07,shape_sorter_interaction,1,shape_sorter_interaction_s1_47.000,47.0,49.0,valence,3,face,gnb,face_geometry,5,0.5335672514619884,0,0.10894110323548344,0.350219,1.4369999999999998
P07,shape_sorter_interaction,1,shape_sorter_interaction_s1_48.000,48.0,50.0,arousal,1,multimodal,logreg,all_eeg_plus_face,20,0.5900000000000001,1,0.8254375356262474,2.682784,4.542203
P07,shape_sorter_interaction,1,shape_sorter_interaction_s1_48.000,48.0,50.0,arousal,2,eeg,gnb,paper_compact,10,0.5566666666666666,1,0.9999945663523925,1.039818,3.2916410000000003
P07,shape_sorter_interaction,1,shape_sorter_interaction_s1_48.000,48.0,50.0,arousal,3,face,gnb,face_geometry,5,0.5390476190476191,0,1.6726901574768655e-18,0.70203,2.117617
P07,shape_sorter_interaction,1,shape_sorter_interaction_s1_48.000,48.0,50.0,valence,1,eeg,logreg,time_statistical,8,0.5411111111111111,1,0.64669156115605,0.330229,1.1513809999999998
P07,shape_sorter_interaction,1,shape_sorter_interaction_s1_48.000,48.0,50.0,valence,2,eeg,svm,hjorth,8,0.5375438596491228,1,0.7805107239128332,0.448872,1.814479
P07,shape_sorter_interaction,1,shape_sorter_interaction_s1_48.000,48.0,50.0,valence,3,face,gnb,face_geometry,5,0.5335672514619884,1,0.8354232081457351,0.351449,1.44376
P07,shape_sorter_interaction,1,shape_sorter_interaction_s1_49.000,49.0,51.0,arousal,1,multimodal,logreg,all_eeg_plus_face,20,0.5900000000000001,1,0.7939499751534326,1.191633,2.122607
P07,shape_sorter_interaction,1,shape_sorter_interaction_s1_49.000,49.0,51.0,arousal,2,eeg,gnb,paper_compact,10,0.5566666666666666,1,0.9999999514492769,0.495314,1.571963
P07,shape_sorter_interaction,1,shape_sorter_interaction_s1_49.000,49.0,51.0,arousal,3,face,gnb,face_geometry,5,0.5390476190476191,0,2.1066148886187668e-20,0.3516,1.4513700000000003
P07,shape_sorter_interaction,1,shape_sorter_interaction_s1_49.000,49.0,51.0,valence,1,eeg,logreg,time_statistical,8,0.5411111111111111,1,0.6988926161935421,0.323709,1.135372
P07,shape_sorter_interaction,1,shape_sorter_interaction_s1_49.000,49.0,51.0,valence,2,eeg,svm,hjorth,8,0.5375438596491228,1,0.7842143904989505,0.388391,1.8540199999999998
P07,shape_sorter_interaction,1,shape_sorter_interaction_s1_49.000,49.0,51.0,valence,3,face,gnb,face_geometry,5,0.5335672514619884,1,0.9999999999914877,0.36793,1.426749
P07,shape_sorter_interaction,1,shape_sorter_interaction_s1_50.000,50.0,52.0,arousal,1,multimodal,logreg,all_eeg_plus_face,20,0.5900000000000001,1,0.7179262608102435,1.832431,2.716563
P07,shape_sorter_interaction,1,shape_sorter_interaction_s1_50.000,50.0,52.0,arousal,2,eeg,gnb,paper_compact,10,0.5566666666666666,1,0.9911981047966115,0.486423,1.591784
P07,shape_sorter_interaction,1,shape_sorter_interaction_s1_50.000,50.0,52.0,arousal,3,face,gnb,face_geometry,5,0.5390476190476191,0,1.258529973928754e-16,0.34584,1.4223189999999999
P07,shape_sorter_interaction,1,shape_sorter_interaction_s1_50.000,50.0,52.0,valence,1,eeg,logreg,time_statistical,8,0.5411111111111111,1,0.7310118793383553,0.321229,1.128291
P07,shape_sorter_interaction,1,shape_sorter_interaction_s1_50.000,50.0,52.0,valence,2,eeg,svm,hjorth,8,0.5375438596491228,0,0.7983840853100865,0.438832,1.779818
P07,shape_sorter_interaction,1,shape_sorter_interaction_s1_50.000,50.0,52.0,valence,3,face,gnb,face_geometry,5,0.5335672514619884,1,0.9999999999898108,0.34881,1.46269
P07,shape_sorter_interaction,1,shape_sorter_interaction_s1_51.000,51.0,53.0,arousal,1,multimodal,logreg,all_eeg_plus_face,20,0.5900000000000001,1,0.7047459948205781,2.888798,2.143638
P07,shape_sorter_interaction,1,shape_sorter_interaction_s1_51.000,51.0,53.0,arousal,2,eeg,gnb,paper_compact,10,0.5566666666666666,0,0.22688335617773014,0.496784,1.576013
P07,shape_sorter_interaction,1,shape_sorter_interaction_s1_51.000,51.0,53.0,arousal,3,face,gnb,face_geometry,5,0.5390476190476191,0,2.800403869192663e-17,0.38021,1.443249
P07,shape_sorter_interaction,1,shape_sorter_interaction_s1_51.000,51.0,53.0,valence,1,eeg,logreg,time_statistical,8,0.5411111111111111,1,0.7673050817125979,0.323899,1.141161
P07,shape_sorter_interaction,1,shape_sorter_interaction_s1_51.000,51.0,53.0,valence,2,eeg,svm,hjorth,8,0.5375438596491228,0,0.7981008880706874,0.38788,1.859241
P07,shape_sorter_interaction,1,shape_sorter_interaction_s1_51.000,51.0,53.0,valence,3,face,gnb,face_geometry,5,0.5335672514619884,1,0.9999390432587666,0.34993,1.428948
P07,shape_sorter_interaction,1,shape_sorter_interaction_s1_52.000,52.0,54.0,arousal,1,multimodal,logreg,all_eeg_plus_face,20,0.5900000000000001,1,0.8183675741283443,1.919062,3.2979010000000004
P07,shape_sorter_interaction,1,shape_sorter_interaction_s1_52.000,52.0,54.0,arousal,2,eeg,gnb,paper_compact,10,0.5566666666666666,1,0.9129776387970368,0.783411,2.4901780000000002
P07,shape_sorter_interaction,1,shape_sorter_interaction_s1_52.000,52.0,54.0,arousal,3,face,gnb,face_geometry,5,0.5390476190476191,0,4.6073439914567657e-20,0.549715,2.250652
P07,shape_sorter_interaction,1,shape_sorter_interaction_s1_52.000,52.0,54.0,valence,1,eeg,logreg,time_statistical,8,0.5411111111111111,1,0.7496095668523661,0.575185,1.778119
P07,shape_sorter_interaction,1,shape_sorter_interaction_s1_52.000,52.0,54.0,valence,2,eeg,svm,hjorth,8,0.5375438596491228,1,0.7921483373585781,0.604996,2.7867059999999997
P07,shape_sorter_interaction,1,shape_sorter_interaction_s1_52.000,52.0,54.0,valence,3,face,gnb,face_geometry,5,0.5335672514619884,0,0.12185815409684832,0.548795,2.321383
P07,shape_sorter_interaction,1,shape_sorter_interaction_s1_53.000,53.0,55.0,arousal,1,multimodal,logreg,all_eeg_plus_face,20,0.5900000000000001,1,0.9090166625029877,1.85028,3.224619
P07,shape_sorter_interaction,1,shape_sorter_interaction_s1_53.000,53.0,55.0,arousal,2,eeg,gnb,paper_compact,10,0.5566666666666666,1,0.9999818150961955,0.811072,2.432827
P07,shape_sorter_interaction,1,shape_sorter_interaction_s1_53.000,53.0,55.0,arousal,3,face,gnb,face_geometry,5,0.5390476190476191,0,1.989207631409213e-20,0.543245,2.2542299999999997
P07,shape_sorter_interaction,1,shape_sorter_interaction_s1_53.000,53.0,55.0,valence,1,eeg,logreg,time_statistical,8,0.5411111111111111,1,0.8092196659553295,0.505584,1.770427
P07,shape_sorter_interaction,1,shape_sorter_interaction_s1_53.000,53.0,55.0,valence,2,eeg,svm,hjorth,8,0.5375438596491228,1,0.766600616365338,0.607116,2.7327450000000004
P07,shape_sorter_interaction,1,shape_sorter_interaction_s1_53.000,53.0,55.0,valence,3,face,gnb,face_geometry,5,0.5335672514619884,0,0.15531711844940915,0.597876,2.229931
P07,shape_sorter_interaction,1,shape_sorter_interaction_s1_54.000,54.0,56.0,arousal,1,multimodal,logreg,all_eeg_plus_face,20,0.5900000000000001,0,0.35104632978465666,1.210233,2.313863
P07,shape_sorter_interaction,1,shape_sorter_interaction_s1_54.000,54.0,56.0,arousal,2,eeg,gnb,paper_compact,10,0.5566666666666666,0,1.92569676925074e-50,0.505554,1.7013360000000002
P07,shape_sorter_interaction,1,shape_sorter_interaction_s1_54.000,54.0,56.0,arousal,3,face,gnb,face_geometry,5,0.5390476190476191,0,5.507353074564442e-24,0.37712,1.6418050000000002
P07,shape_sorter_interaction,1,shape_sorter_interaction_s1_54.000,54.0,56.0,valence,1,eeg,logreg,time_statistical,8,0.5411111111111111,1,0.9094624219713167,0.329019,1.258495
P07,shape_sorter_interaction,1,shape_sorter_interaction_s1_54.000,54.0,56.0,valence,2,eeg,svm,hjorth,8,0.5375438596491228,0,0.7943318372679317,0.395641,1.892572
P07,shape_sorter_interaction,1,shape_sorter_interaction_s1_54.000,54.0,56.0,valence,3,face,gnb,face_geometry,5,0.5335672514619884,0,0.17512226212789384,0.35705,1.4817609999999999
P07,shape_sorter_interaction,1,shape_sorter_interaction_s1_55.000,55.0,57.0,arousal,1,multimodal,logreg,all_eeg_plus_face,20,0.5900000000000001,0,0.012416330080903438,1.223283,2.1395589999999998
P07,shape_sorter_interaction,1,shape_sorter_interaction_s1_55.000,55.0,57.0,arousal,2,eeg,gnb,paper_compact,10,0.5566666666666666,0,1.7540776063255478e-282,0.497613,1.584584
P07,shape_sorter_interaction,1,shape_sorter_interaction_s1_55.000,55.0,57.0,arousal,3,face,gnb,face_geometry,5,0.5390476190476191,0,2.939278845832435e-20,0.350759,1.4626099999999997
P07,shape_sorter_interaction,1,shape_sorter_interaction_s1_55.000,55.0,57.0,valence,1,eeg,logreg,time_statistical,8,0.5411111111111111,1,0.9549599263420406,0.326239,1.129791
P07,shape_sorter_interaction,1,shape_sorter_interaction_s1_55.000,55.0,57.0,valence,2,eeg,svm,hjorth,8,0.5375438596491228,0,0.8151259710731873,0.389451,1.82912
P07,shape_sorter_interaction,1,shape_sorter_interaction_s1_55.000,55.0,57.0,valence,3,face,gnb,face_geometry,5,0.5335672514619884,0,0.1759084490509461,0.350449,1.434409
P07,shape_sorter_interaction,1,shape_sorter_interaction_s1_56.000,56.0,58.0,arousal,1,multimodal,logreg,all_eeg_plus_face,20,0.5900000000000001,0,0.015061472638113367,1.941272,3.315189
P07,shape_sorter_interaction,1,shape_sorter_interaction_s1_56.000,56.0,58.0,arousal,2,eeg,gnb,paper_compact,10,0.5566666666666666,0,1.9308717431454462e-240,0.777711,2.452388
P07,shape_sorter_interaction,1,shape_sorter_interaction_s1_56.000,56.0,58.0,arousal,3,face,gnb,face_geometry,5,0.5390476190476191,0,4.02375894424579e-14,0.549125,2.24566
P07,shape_sorter_interaction,1,shape_sorter_interaction_s1_56.000,56.0,58.0,valence,1,eeg,logreg,time_statistical,8,0.5411111111111111,1,0.9304099221424689,0.503584,1.877011
P07,shape_sorter_interaction,1,shape_sorter_interaction_s1_56.000,56.0,58.0,valence,2,eeg,svm,hjorth,8,0.5375438596491228,0,0.8118761050663922,0.605996,2.793776
P07,shape_sorter_interaction,1,shape_sorter_interaction_s1_56.000,56.0,58.0,valence,3,face,gnb,face_geometry,5,0.5335672514619884,1,0.988732843721344,0.548665,2.2439999999999998
P07,shape_sorter_interaction,1,shape_sorter_interaction_s1_57.000,57.0,59.0,arousal,1,multimodal,logreg,all_eeg_plus_face,20,0.5900000000000001,1,0.7979785819291464,1.257794,2.1391679999999997
P07,shape_sorter_interaction,1,shape_sorter_interaction_s1_57.000,57.0,59.0,arousal,2,eeg,gnb,paper_compact,10,0.5566666666666666,1,1.0,0.504814,1.628744
P07,shape_sorter_interaction,1,shape_sorter_interaction_s1_57.000,57.0,59.0,arousal,3,face,gnb,face_geometry,5,0.5390476190476191,0,4.21251839627629e-15,0.3576,1.46528
P07,shape_sorter_interaction,1,shape_sorter_interaction_s1_57.000,57.0,59.0,valence,1,eeg,logreg,time_statistical,8,0.5411111111111111,1,0.7740451913719257,0.328309,1.183852
P07,shape_sorter_interaction,1,shape_sorter_interaction_s1_57.000,57.0,59.0,valence,2,eeg,svm,hjorth,8,0.5375438596491228,1,0.7772023041553632,0.394021,1.8065790000000002
P07,shape_sorter_interaction,1,shape_sorter_interaction_s1_57.000,57.0,59.0,valence,3,face,gnb,face_geometry,5,0.5335672514619884,1,0.999997976416432,0.355309,1.4996310000000002
P07,shape_sorter_interaction,1,shape_sorter_interaction_s1_58.000,58.0,60.0,arousal,1,multimodal,logreg,all_eeg_plus_face,20,0.5900000000000001,1,0.8469054212795837,1.187402,2.103077
P07,shape_sorter_interaction,1,shape_sorter_interaction_s1_58.000,58.0,60.0,arousal,2,eeg,gnb,paper_compact,10,0.5566666666666666,1,0.999999997217536,0.496583,1.5798929999999998
P07,shape_sorter_interaction,1,shape_sorter_interaction_s1_58.000,58.0,60.0,arousal,3,face,gnb,face_geometry,5,0.5390476190476191,0,4.042408512977231e-20,0.349569,1.4567999999999999
P07,shape_sorter_interaction,1,shape_sorter_interaction_s1_58.000,58.0,60.0,valence,1,eeg,logreg,time_statistical,8,0.5411111111111111,1,0.7782397967087696,0.329159,1.146701
P07,shape_sorter_interaction,1,shape_sorter_interaction_s1_58.000,58.0,60.0,valence,2,eeg,svm,hjorth,8,0.5375438596491228,0,0.7948763500700714,0.389151,1.8548909999999998
P07,shape_sorter_interaction,1,shape_sorter_interaction_s1_58.000,58.0,60.0,valence,3,face,gnb,face_geometry,5,0.5335672514619884,1,0.9992197138060612,0.353729,1.4441700000000002
P07,shape_sorter_interaction,1,shape_sorter_interaction_s1_59.000,59.0,61.0,arousal,1,multimodal,logreg,all_eeg_plus_face,20,0.5900000000000001,1,0.7591537062121639,1.212553,2.0815560000000004
P07,shape_sorter_interaction,1,shape_sorter_interaction_s1_59.000,59.0,61.0,arousal,2,eeg,gnb,paper_compact,10,0.5566666666666666,1,0.9925503282986307,0.529015,1.582713
P07,shape_sorter_interaction,1,shape_sorter_interaction_s1_59.000,59.0,61.0,arousal,3,face,gnb,face_geometry,5,0.5390476190476191,0,1.0672987101796572e-19,0.34983,1.426749
P07,shape_sorter_interaction,1,shape_sorter_interaction_s1_59.000,59.0,61.0,valence,1,eeg,logreg,time_statistical,8,0.5411111111111111,1,0.7179951378455116,0.342829,1.136881
P07,shape_sorter_interaction,1,shape_sorter_interaction_s1_59.000,59.0,61.0,valence,2,eeg,svm,hjorth,8,0.5375438596491228,0,0.797056711393959,0.388981,1.790219
P07,shape_sorter_interaction,1,shape_sorter_interaction_s1_59.000,59.0,61.0,valence,3,face,gnb,face_geometry,5,0.5335672514619884,1,0.7184741993297938,0.405161,1.443149
P07,shape_sorter_interaction,1,shape_sorter_interaction_s1_60.000,60.0,62.0,arousal,1,multimodal,logreg,all_eeg_plus_face,20,0.5900000000000001,1,0.8052476430978982,1.213363,2.140948
P07,shape_sorter_interaction,1,shape_sorter_interaction_s1_60.000,60.0,62.0,arousal,2,eeg,gnb,paper_compact,10,0.5566666666666666,1,0.9993724254936283,0.502034,1.574703
P07,shape_sorter_interaction,1,shape_sorter_interaction_s1_60.000,60.0,62.0,arousal,3,face,gnb,face_geometry,5,0.5390476190476191,0,2.1949168053436807e-17,0.35036,2.004134
P07,shape_sorter_interaction,1,shape_sorter_interaction_s1_60.000,60.0,62.0,valence,1,eeg,logreg,time_statistical,8,0.5411111111111111,1,0.639211490756403,0.501774,1.808348
P07,shape_sorter_interaction,1,shape_sorter_interaction_s1_60.000,60.0,62.0,valence,2,eeg,svm,hjorth,8,0.5375438596491228,0,0.794399685785028,0.600997,2.711474
P07,shape_sorter_interaction,1,shape_sorter_interaction_s1_60.000,60.0,62.0,valence,3,face,gnb,face_geometry,5,0.5335672514619884,0,0.3196884922711997,0.646277,2.22588
P07,shape_sorter_interaction,1,shape_sorter_interaction_s1_61.000,61.0,63.0,arousal,1,multimodal,logreg,all_eeg_plus_face,20,0.5900000000000001,1,0.8714164437862741,1.236463,2.127358
P07,shape_sorter_interaction,1,shape_sorter_interaction_s1_61.000,61.0,63.0,arousal,2,eeg,gnb,paper_compact,10,0.5566666666666666,1,0.9995725447855976,0.500394,1.583723
P07,shape_sorter_interaction,1,shape_sorter_interaction_s1_61.000,61.0,63.0,arousal,3,face,gnb,face_geometry,5,0.5390476190476191,0,1.99101323272078e-15,0.35246,1.523962
P07,shape_sorter_interaction,1,shape_sorter_interaction_s1_61.000,61.0,63.0,valence,1,eeg,logreg,time_statistical,8,0.5411111111111111,1,0.5777257891887029,0.327859,1.142331
P07,shape_sorter_interaction,1,shape_sorter_interaction_s1_61.000,61.0,63.0,valence,2,eeg,svm,hjorth,8,0.5375438596491228,0,0.8009178256696905,0.391011,1.824249
P07,shape_sorter_interaction,1,shape_sorter_interaction_s1_61.000,61.0,63.0,valence,3,face,gnb,face_geometry,5,0.5335672514619884,1,0.9999586187526454,0.3527,1.442559
P07,shape_sorter_interaction,1,shape_sorter_interaction_s1_62.000,62.0,64.0,arousal,1,multimodal,logreg,all_eeg_plus_face,20,0.5900000000000001,1,0.8229334972764797,1.214593,2.137399
P07,shape_sorter_interaction,1,shape_sorter_interaction_s1_62.000,62.0,64.0,arousal,2,eeg,gnb,paper_compact,10,0.5566666666666666,1,0.992545380675919,0.502484,1.650775
P07,shape_sorter_interaction,1,shape_sorter_interaction_s1_62.000,62.0,64.0,arousal,3,face,gnb,face_geometry,5,0.5390476190476191,0,3.5108942066713873e-13,0.35444,1.435938
P07,shape_sorter_interaction,1,shape_sorter_interaction_s1_62.000,62.0,64.0,valence,1,eeg,logreg,time_statistical,8,0.5411111111111111,1,0.6135958612895783,0.325119,1.13244
P07,shape_sorter_interaction,1,shape_sorter_interaction_s1_62.000,62.0,64.0,valence,2,eeg,svm,hjorth,8,0.5375438596491228,1,0.7895491386048897,0.420141,1.799679
P07,shape_sorter_interaction,1,shape_sorter_interaction_s1_62.000,62.0,64.0,valence,3,face,gnb,face_geometry,5,0.5335672514619884,1,0.999990288734334,0.352859,1.4701790000000001
P07,shape_sorter_interaction,1,shape_sorter_interaction_s1_63.000,63.0,65.0,arousal,1,multimodal,logreg,all_eeg_plus_face,20,0.5900000000000001,1,0.8357976141880912,2.463586,2.5107489999999997
P07,shape_sorter_interaction,1,shape_sorter_interaction_s1_63.000,63.0,65.0,arousal,2,eeg,gnb,paper_compact,10,0.5566666666666666,1,0.999968466926195,0.495504,1.618584
P07,shape_sorter_interaction,1,shape_sorter_interaction_s1_63.000,63.0,65.0,arousal,3,face,gnb,face_geometry,5,0.5390476190476191,0,1.862443452265622e-18,0.3551,1.455849
P07,shape_sorter_interaction,1,shape_sorter_interaction_s1_63.000,63.0,65.0,valence,1,eeg,logreg,time_statistical,8,0.5411111111111111,1,0.659679700804477,0.327049,1.1684210000000002
P07,shape_sorter_interaction,1,shape_sorter_interaction_s1_63.000,63.0,65.0,valence,2,eeg,svm,hjorth,8,0.5375438596491228,1,0.7810018187136263,0.395441,1.8222800000000001
P07,shape_sorter_interaction,1,shape_sorter_interaction_s1_63.000,63.0,65.0,valence,3,face,gnb,face_geometry,5,0.5335672514619884,1,0.9999927978098253,0.35602,1.519442
P07,shape_sorter_interaction,1,shape_sorter_interaction_s1_64.000,64.0,66.0,arousal,1,multimodal,logreg,all_eeg_plus_face,20,0.5900000000000001,1,0.778183219937352,1.215393,2.164859
P07,shape_sorter_interaction,1,shape_sorter_interaction_s1_64.000,64.0,66.0,arousal,2,eeg,gnb,paper_compact,10,0.5566666666666666,1,0.999759509639266,0.497653,1.597524
P07,shape_sorter_interaction,1,shape_sorter_interaction_s1_64.000,64.0,66.0,arousal,3,face,gnb,face_geometry,5,0.5390476190476191,0,9.059376282118335e-16,0.35381,1.506041
P07,shape_sorter_interaction,1,shape_sorter_interaction_s1_64.000,64.0,66.0,valence,1,eeg,logreg,time_statistical,8,0.5411111111111111,1,0.6414874848341742,0.328359,1.152992
P07,shape_sorter_interaction,1,shape_sorter_interaction_s1_64.000,64.0,66.0,valence,2,eeg,svm,hjorth,8,0.5375438596491228,1,0.7821660240767773,0.39021,1.838171
P07,shape_sorter_interaction,1,shape_sorter_interaction_s1_64.000,64.0,66.0,valence,3,face,gnb,face_geometry,5,0.5335672514619884,1,0.999999999900588,0.35171,1.445789
P07,shape_sorter_interaction,1,shape_sorter_interaction_s1_65.000,65.0,67.0,arousal,1,multimodal,logreg,all_eeg_plus_face,20,0.5900000000000001,1,0.7256686050337076,1.247834,2.100288
P07,shape_sorter_interaction,1,shape_sorter_interaction_s1_65.000,65.0,67.0,arousal,2,eeg,gnb,paper_compact,10,0.5566666666666666,1,0.9837286364967252,0.497763,1.604184
P07,shape_sorter_interaction,1,shape_sorter_interaction_s1_65.000,65.0,67.0,arousal,3,face,gnb,face_geometry,5,0.5390476190476191,0,1.3546227919951417e-12,0.352089,1.444429
P07,shape_sorter_interaction,1,shape_sorter_interaction_s1_65.000,65.0,67.0,valence,1,eeg,logreg,time_statistical,8,0.5411111111111111,1,0.6528342425624545,0.326799,1.213923
P07,shape_sorter_interaction,1,shape_sorter_interaction_s1_65.000,65.0,67.0,valence,2,eeg,svm,hjorth,8,0.5375438596491228,1,0.7838526233672453,0.389531,1.7890789999999999
P07,shape_sorter_interaction,1,shape_sorter_interaction_s1_65.000,65.0,67.0,valence,3,face,gnb,face_geometry,5,0.5335672514619884,1,0.9989284218641037,0.351269,1.506812
P07,shape_sorter_interaction,1,shape_sorter_interaction_s1_66.000,66.0,68.0,arousal,1,multimodal,logreg,all_eeg_plus_face,20,0.5900000000000001,1,0.7620438794200377,1.241604,2.155209
P07,shape_sorter_interaction,1,shape_sorter_interaction_s1_66.000,66.0,68.0,arousal,2,eeg,gnb,paper_compact,10,0.5566666666666666,1,0.8034745290572416,0.504324,1.596424
P07,shape_sorter_interaction,1,shape_sorter_interaction_s1_66.000,66.0,68.0,arousal,3,face,gnb,face_geometry,5,0.5390476190476191,0,2.7120402474882563e-11,0.350839,1.43164
P07,shape_sorter_interaction,1,shape_sorter_interaction_s1_66.000,66.0,68.0,valence,1,eeg,logreg,time_statistical,8,0.5411111111111111,1,0.686607240352743,0.323708,1.136412
P07,shape_sorter_interaction,1,shape_sorter_interaction_s1_66.000,66.0,68.0,valence,2,eeg,svm,hjorth,8,0.5375438596491228,1,0.7809540565013938,0.439592,1.782769
P07,shape_sorter_interaction,1,shape_sorter_interaction_s1_66.000,66.0,68.0,valence,3,face,gnb,face_geometry,5,0.5335672514619884,1,0.9832666464521886,0.3481,1.4242979999999998
P07,shape_sorter_interaction,1,shape_sorter_interaction_s1_67.000,67.0,69.0,arousal,1,multimodal,logreg,all_eeg_plus_face,20,0.5900000000000001,1,0.5416315673685015,1.212743,2.135228
P07,shape_sorter_interaction,1,shape_sorter_interaction_s1_67.000,67.0,69.0,arousal,2,eeg,gnb,paper_compact,10,0.5566666666666666,0,1.18919340534425e-06,0.499894,1.639505
P07,shape_sorter_interaction,1,shape_sorter_interaction_s1_67.000,67.0,69.0,arousal,3,face,gnb,face_geometry,5,0.5390476190476191,0,2.580981388108009e-07,0.401561,2.898578
P07,shape_sorter_interaction,1,shape_sorter_interaction_s1_67.000,67.0,69.0,valence,1,eeg,logreg,time_statistical,8,0.5411111111111111,1,0.7578061266488565,0.72339,1.3317769999999998
P07,shape_sorter_interaction,1,shape_sorter_interaction_s1_67.000,67.0,69.0,valence,2,eeg,svm,hjorth,8,0.5375438596491228,1,0.7914224984908512,0.390831,1.7914089999999998
P07,shape_sorter_interaction,1,shape_sorter_interaction_s1_67.000,67.0,69.0,valence,3,face,gnb,face_geometry,5,0.5335672514619884,1,1.0,0.37401,1.4419790000000001
P07,shape_sorter_interaction,1,shape_sorter_interaction_s1_68.000,68.0,70.0,arousal,1,multimodal,logreg,all_eeg_plus_face,20,0.5900000000000001,0,0.4503061666514112,1.984384,3.3809020000000003
P07,shape_sorter_interaction,1,shape_sorter_interaction_s1_68.000,68.0,70.0,arousal,2,eeg,gnb,paper_compact,10,0.5566666666666666,0,1.7568753033966445e-08,0.606107,1.611323
P07,shape_sorter_interaction,1,shape_sorter_interaction_s1_68.000,68.0,70.0,arousal,3,face,gnb,face_geometry,5,0.5390476190476191,0,2.973738702501604e-11,0.35241,1.465418
P07,shape_sorter_interaction,1,shape_sorter_interaction_s1_68.000,68.0,70.0,valence,1,eeg,logreg,time_statistical,8,0.5411111111111111,1,0.8035981364151804,0.324969,1.191042
P07,shape_sorter_interaction,1,shape_sorter_interaction_s1_68.000,68.0,70.0,valence,2,eeg,svm,hjorth,8,0.5375438596491228,0,0.8006675491097752,0.396771,1.841941
P07,shape_sorter_interaction,1,shape_sorter_interaction_s1_68.000,68.0,70.0,valence,3,face,gnb,face_geometry,5,0.5335672514619884,1,1.0,0.35384,1.512561
P07,shape_sorter_interaction,1,shape_sorter_interaction_s1_69.000,69.0,71.0,arousal,1,multimodal,logreg,all_eeg_plus_face,20,0.5900000000000001,1,0.7014918157847561,1.270545,2.18072
P07,shape_sorter_interaction,1,shape_sorter_interaction_s1_69.000,69.0,71.0,arousal,2,eeg,gnb,paper_compact,10,0.5566666666666666,0,0.10665509113710882,0.509674,1.618185
P07,shape_sorter_interaction,1,shape_sorter_interaction_s1_69.000,69.0,71.0,arousal,3,face,gnb,face_geometry,5,0.5390476190476191,0,4.930205655237983e-18,0.357629,1.505131
P07,shape_sorter_interaction,1,shape_sorter_interaction_s1_69.000,69.0,71.0,valence,1,eeg,logreg,time_statistical,8,0.5411111111111111,1,0.7341872493833893,0.332639,1.161722
P07,shape_sorter_interaction,1,shape_sorter_interaction_s1_69.000,69.0,71.0,valence,2,eeg,svm,hjorth,8,0.5375438596491228,0,0.8049176638802992,0.39515,1.870531
P07,shape_sorter_interaction,1,shape_sorter_interaction_s1_69.000,69.0,71.0,valence,3,face,gnb,face_geometry,5,0.5335672514619884,1,0.9999856799601773,0.35706,1.4655799999999999
P07,shape_sorter_interaction,1,shape_sorter_interaction_s1_70.000,70.0,72.0,arousal,1,multimodal,logreg,all_eeg_plus_face,20,0.5900000000000001,1,0.8173486595207856,1.998975,2.061817
P07,shape_sorter_interaction,1,shape_sorter_interaction_s1_70.000,70.0,72.0,arousal,2,eeg,gnb,paper_compact,10,0.5566666666666666,1,0.5456694832470568,0.494123,1.563243
P07,shape_sorter_interaction,1,shape_sorter_interaction_s1_70.000,70.0,72.0,arousal,3,face,gnb,face_geometry,5,0.5390476190476191,0,3.728921654876302e-24,0.353459,1.4084780000000001
P07,shape_sorter_interaction,1,shape_sorter_interaction_s1_70.000,70.0,72.0,valence,1,eeg,logreg,time_statistical,8,0.5411111111111111,1,0.6085999494062552,0.319509,1.13002
P07,shape_sorter_interaction,1,shape_sorter_interaction_s1_70.000,70.0,72.0,valence,2,eeg,svm,hjorth,8,0.5375438596491228,0,0.7985849427649275,0.380841,1.756248
P07,shape_sorter_interaction,1,shape_sorter_interaction_s1_70.000,70.0,72.0,valence,3,face,gnb,face_geometry,5,0.5335672514619884,1,0.8922401180588942,0.342429,1.47613
P07,shape_sorter_interaction,1,shape_sorter_interaction_s1_71.000,71.0,73.0,arousal,1,multimodal,logreg,all_eeg_plus_face,20,0.5900000000000001,1,0.8315997751703793,1.757978,2.096407
P07,shape_sorter_interaction,1,shape_sorter_interaction_s1_71.000,71.0,73.0,arousal,2,eeg,gnb,paper_compact,10,0.5566666666666666,1,0.9775067304891237,0.504014,1.6067040000000001
P07,shape_sorter_interaction,1,shape_sorter_interaction_s1_71.000,71.0,73.0,arousal,3,face,gnb,face_geometry,5,0.5390476190476191,0,2.92249124802955e-28,0.3525,1.45448
P07,shape_sorter_interaction,1,shape_sorter_interaction_s1_71.000,71.0,73.0,valence,1,eeg,logreg,time_statistical,8,0.5411111111111111,1,0.6511611190394144,0.34978,1.1883020000000002
P07,shape_sorter_interaction,1,shape_sorter_interaction_s1_71.000,71.0,73.0,valence,2,eeg,svm,hjorth,8,0.5375438596491228,0,0.7974059886210025,0.39179,1.796569
P07,shape_sorter_interaction,1,shape_sorter_interaction_s1_71.000,71.0,73.0,valence,3,face,gnb,face_geometry,5,0.5335672514619884,0,0.39020577041758675,0.351999,1.5249820000000003
P07,shape_sorter_interaction,1,shape_sorter_interaction_s1_72.000,72.0,74.0,arousal,1,multimodal,logreg,all_eeg_plus_face,20,0.5900000000000001,1,0.7208427400963705,1.872261,4.05198
P07,shape_sorter_interaction,1,shape_sorter_interaction_s1_72.000,72.0,74.0,arousal,2,eeg,gnb,paper_compact,10,0.5566666666666666,1,0.9821208178758293,0.476963,1.505122
P07,shape_sorter_interaction,1,shape_sorter_interaction_s1_72.000,72.0,74.0,arousal,3,face,gnb,face_geometry,5,0.5390476190476191,0,2.2664187792371e-31,0.335189,1.4180389999999998
P07,shape_sorter_interaction,1,shape_sorter_interaction_s1_72.000,72.0,74.0,valence,1,eeg,logreg,time_statistical,8,0.5411111111111111,1,0.6984491654708537,0.311829,1.0994899999999999
P07,shape_sorter_interaction,1,shape_sorter_interaction_s1_72.000,72.0,74.0,valence,2,eeg,svm,hjorth,8,0.5375438596491228,0,0.796686559878078,0.37276,1.793339
P07,shape_sorter_interaction,1,shape_sorter_interaction_s1_72.000,72.0,74.0,valence,3,face,gnb,face_geometry,5,0.5335672514619884,1,0.7310077158069572,0.340349,1.3957069999999998
P07,shape_sorter_interaction,1,shape_sorter_interaction_s1_73.000,73.0,75.0,arousal,1,multimodal,logreg,all_eeg_plus_face,20,0.5900000000000001,1,0.7790384762641765,1.209272,2.251211
P07,shape_sorter_interaction,1,shape_sorter_interaction_s1_73.000,73.0,75.0,arousal,2,eeg,gnb,paper_compact,10,0.5566666666666666,1,0.8633415787561157,0.491624,1.583223
P07,shape_sorter_interaction,1,shape_sorter_interaction_s1_73.000,73.0,75.0,arousal,3,face,gnb,face_geometry,5,0.5390476190476191,0,3.0934112865383014e-32,0.35076,1.501821
P07,shape_sorter_interaction,1,shape_sorter_interaction_s1_73.000,73.0,75.0,valence,1,eeg,logreg,time_statistical,8,0.5411111111111111,1,0.616113925491088,0.323508,1.132941
P07,shape_sorter_interaction,1,shape_sorter_interaction_s1_73.000,73.0,75.0,valence,2,eeg,svm,hjorth,8,0.5375438596491228,0,0.7965832410393852,0.3859,1.807929
P07,shape_sorter_interaction,1,shape_sorter_interaction_s1_73.000,73.0,75.0,valence,3,face,gnb,face_geometry,5,0.5335672514619884,0,0.1527688453894975,0.34906,1.4327590000000001
P07,shape_sorter_interaction,1,shape_sorter_interaction_s1_74.000,74.0,76.0,arousal,1,multimodal,logreg,all_eeg_plus_face,20,0.5900000000000001,1,0.8110496557274932,1.207663,2.116567
P07,shape_sorter_interaction,1,shape_sorter_interaction_s1_74.000,74.0,76.0,arousal,2,eeg,gnb,paper_compact,10,0.5566666666666666,1,0.9388576635241033,0.493014,1.565013
P07,shape_sorter_interaction,1,shape_sorter_interaction_s1_74.000,74.0,76.0,arousal,3,face,gnb,face_geometry,5,0.5390476190476191,0,5.986675360741218e-33,0.348449,1.4442089999999999
P07,shape_sorter_interaction,1,shape_sorter_interaction_s1_74.000,74.0,76.0,valence,1,eeg,logreg,time_statistical,8,0.5411111111111111,1,0.6364246953753908,0.322859,1.12872
P07,shape_sorter_interaction,1,shape_sorter_interaction_s1_74.000,74.0,76.0,valence,2,eeg,svm,hjorth,8,0.5375438596491228,0,0.8022172522105033,0.387711,1.812129
P07,shape_sorter_interaction,1,shape_sorter_interaction_s1_74.000,74.0,76.0,valence,3,face,gnb,face_geometry,5,0.5335672514619884,0,0.015475094017157688,0.347799,1.43122
P07,shape_sorter_interaction,1,shape_sorter_interaction_s1_75.000,75.0,77.0,arousal,1,multimodal,logreg,all_eeg_plus_face,20,0.5900000000000001,1,0.7801080954624016,2.313723,3.071773
P07,shape_sorter_interaction,1,shape_sorter_interaction_s1_75.000,75.0,77.0,arousal,2,eeg,gnb,paper_compact,10,0.5566666666666666,1,0.9133532672762347,0.481504,1.526682
P07,shape_sorter_interaction,1,shape_sorter_interaction_s1_75.000,75.0,77.0,arousal,3,face,gnb,face_geometry,5,0.5390476190476191,0,1.048168745684851e-32,0.35827,1.386417
P07,shape_sorter_interaction,1,shape_sorter_interaction_s1_75.000,75.0,77.0,valence,1,eeg,logreg,time_statistical,8,0.5411111111111111,1,0.6928594025500154,0.314639,1.10846
P07,shape_sorter_interaction,1,shape_sorter_interaction_s1_75.000,75.0,77.0,valence,2,eeg,svm,hjorth,8,0.5375438596491228,0,0.799030558480159,0.391931,1.81612
P07,shape_sorter_interaction,1,shape_sorter_interaction_s1_75.000,75.0,77.0,valence,3,face,gnb,face_geometry,5,0.5335672514619884,1,0.8464273176030593,0.34117,1.3985580000000002
P07,shape_sorter_interaction,1,shape_sorter_interaction_s1_76.000,76.0,78.0,arousal,1,multimodal,logreg,all_eeg_plus_face,20,0.5900000000000001,1,0.7816425885549365,1.169061,2.073556
P07,shape_sorter_interaction,1,shape_sorter_interaction_s1_76.000,76.0,78.0,arousal,2,eeg,gnb,paper_compact,10,0.5566666666666666,1,0.7610805329370887,0.481153,1.533372
P07,shape_sorter_interaction,1,shape_sorter_interaction_s1_76.000,76.0,78.0,arousal,3,face,gnb,face_geometry,5,0.5390476190476191,0,1.7497667180715396e-26,0.34349,1.4116680000000001
P07,shape_sorter_interaction,1,shape_sorter_interaction_s1_76.000,76.0,78.0,valence,1,eeg,logreg,time_statistical,8,0.5411111111111111,1,0.6003788525914281,0.321289,1.1071000000000002
P07,shape_sorter_interaction,1,shape_sorter_interaction_s1_76.000,76.0,78.0,valence,2,eeg,svm,hjorth,8,0.5375438596491228,1,0.7890196216343194,0.378031,1.781178
P07,shape_sorter_interaction,1,shape_sorter_interaction_s1_76.000,76.0,78.0,valence,3,face,gnb,face_geometry,5,0.5335672514619884,1,0.999492059681921,0.340199,1.4022379999999999
P07,shape_sorter_interaction,1,shape_sorter_interaction_s1_77.000,77.0,79.0,arousal,1,multimodal,logreg,all_eeg_plus_face,20,0.5900000000000001,1,0.8701995573591247,1.84673,2.797746
P07,shape_sorter_interaction,1,shape_sorter_interaction_s1_77.000,77.0,79.0,arousal,2,eeg,gnb,paper_compact,10,0.5566666666666666,1,0.9971013348822853,0.484313,1.5211919999999999
P07,shape_sorter_interaction,1,shape_sorter_interaction_s1_77.000,77.0,79.0,arousal,3,face,gnb,face_geometry,5,0.5390476190476191,0,2.4436116726592274e-23,0.35148,1.3980480000000002
P07,shape_sorter_interaction,1,shape_sorter_interaction_s1_77.000,77.0,79.0,valence,1,eeg,logreg,time_statistical,8,0.5411111111111111,1,0.5466346446929597,0.313259,1.1007500000000001
P07,shape_sorter_interaction,1,shape_sorter_interaction_s1_77.000,77.0,79.0,valence,2,eeg,svm,hjorth,8,0.5375438596491228,1,0.7829174400958748,0.375721,1.7528169999999998
P07,shape_sorter_interaction,1,shape_sorter_interaction_s1_77.000,77.0,79.0,valence,3,face,gnb,face_geometry,5,0.5335672514619884,0,0.35426418006131094,0.340139,1.3901080000000001
P07,shape_sorter_interaction,1,shape_sorter_interaction_s1_78.000,78.0,80.0,arousal,1,multimodal,logreg,all_eeg_plus_face,20,0.5900000000000001,1,0.7927382257142993,1.231344,2.127898
P07,shape_sorter_interaction,1,shape_sorter_interaction_s1_78.000,78.0,80.0,arousal,2,eeg,gnb,paper_compact,10,0.5566666666666666,1,0.9996226535385204,0.497804,1.5768130000000002
P07,shape_sorter_interaction,1,shape_sorter_interaction_s1_78.000,78.0,80.0,arousal,3,face,gnb,face_geometry,5,0.5390476190476191,0,4.372398465611805e-22,0.35122,1.4703899999999999
P07,shape_sorter_interaction,1,shape_sorter_interaction_s1_78.000,78.0,80.0,valence,1,eeg,logreg,time_statistical,8,0.5411111111111111,1,0.6128421221195056,0.329739,1.143391
P07,shape_sorter_interaction,1,shape_sorter_interaction_s1_78.000,78.0,80.0,valence,2,eeg,svm,hjorth,8,0.5375438596491228,1,0.7823319722006526,0.392631,1.8443399999999999
P07,shape_sorter_interaction,1,shape_sorter_interaction_s1_78.000,78.0,80.0,valence,3,face,gnb,face_geometry,5,0.5335672514619884,0,0.3011757665264715,0.35502,1.424109
P07,shape_sorter_interaction,1,shape_sorter_interaction_s1_79.000,79.0,81.0,arousal,1,multimodal,logreg,all_eeg_plus_face,20,0.5900000000000001,1,0.7927861306805574,1.208673,2.098116
P07,shape_sorter_interaction,1,shape_sorter_interaction_s1_79.000,79.0,81.0,arousal,2,eeg,gnb,paper_compact,10,0.5566666666666666,1,0.9998579589572121,0.504524,2.499639
P07,shape_sorter_interaction,1,shape_sorter_interaction_s1_79.000,79.0,81.0,arousal,3,face,gnb,face_geometry,5,0.5390476190476191,0,1.0174807915898772e-25,0.691379,2.1626999999999996
P07,shape_sorter_interaction,1,shape_sorter_interaction_s1_79.000,79.0,81.0,valence,1,eeg,logreg,time_statistical,8,0.5411111111111111,1,0.6281474927098537,0.324249,1.124341
P07,shape_sorter_interaction,1,shape_sorter_interaction_s1_79.000,79.0,81.0,valence,2,eeg,svm,hjorth,8,0.5375438596491228,1,0.7775485959193913,0.385471,1.8365200000000002
P07,shape_sorter_interaction,1,shape_sorter_interaction_s1_79.000,79.0,81.0,valence,3,face,gnb,face_geometry,5,0.5335672514619884,1,0.8929831282956093,0.34877,1.425338
P07,shape_sorter_interaction,1,shape_sorter_interaction_s1_80.000,80.0,82.0,arousal,1,multimodal,logreg,all_eeg_plus_face,20,0.5900000000000001,1,0.856490360010819,1.87389,3.311451
P07,shape_sorter_interaction,1,shape_sorter_interaction_s1_80.000,80.0,82.0,arousal,2,eeg,gnb,paper_compact,10,0.5566666666666666,1,0.9999999998709868,0.778121,2.53628
P07,shape_sorter_interaction,1,shape_sorter_interaction_s1_80.000,80.0,82.0,arousal,3,face,gnb,face_geometry,5,0.5390476190476191,0,3.451863229391547e-26,0.549566,2.2192600000000002
P07,shape_sorter_interaction,1,shape_sorter_interaction_s1_80.000,80.0,82.0,valence,1,eeg,logreg,time_statistical,8,0.5411111111111111,1,0.6120211386005906,0.319099,1.1184
P07,shape_sorter_interaction,1,shape_sorter_interaction_s1_80.000,80.0,82.0,valence,2,eeg,svm,hjorth,8,0.5375438596491228,1,0.7729695956879071,0.380621,1.8059889999999998
P07,shape_sorter_interaction,1,shape_sorter_interaction_s1_80.000,80.0,82.0,valence,3,face,gnb,face_geometry,5,0.5335672514619884,1,0.9999976715540378,0.350399,1.4463
P07,shape_sorter_interaction,1,shape_sorter_interaction_s1_81.000,81.0,83.0,arousal,1,multimodal,logreg,all_eeg_plus_face,20,0.5900000000000001,1,0.7218806563209132,1.879031,4.050451
P07,shape_sorter_interaction,1,shape_sorter_interaction_s1_81.000,81.0,83.0,arousal,2,eeg,gnb,paper_compact,10,0.5566666666666666,1,0.9940241259717305,0.602306,1.549972
P07,shape_sorter_interaction,1,shape_sorter_interaction_s1_81.000,81.0,83.0,arousal,3,face,gnb,face_geometry,5,0.5390476190476191,0,1.4959976479225328e-21,0.343109,1.4423489999999999
P07,shape_sorter_interaction,1,shape_sorter_interaction_s1_81.000,81.0,83.0,valence,1,eeg,logreg,time_statistical,8,0.5411111111111111,1,0.6607015050252928,0.323569,1.1223509999999999
P07,shape_sorter_interaction,1,shape_sorter_interaction_s1_81.000,81.0,83.0,valence,2,eeg,svm,hjorth,8,0.5375438596491228,1,0.7822229398863254,0.38698,1.803969
P07,shape_sorter_interaction,1,shape_sorter_interaction_s1_81.000,81.0,83.0,valence,3,face,gnb,face_geometry,5,0.5335672514619884,1,0.9937117949509204,0.34903,1.427168
P07,shape_sorter_interaction,1,shape_sorter_interaction_s1_82.000,82.0,84.0,arousal,1,multimodal,logreg,all_eeg_plus_face,20,0.5900000000000001,1,0.6100761395024733,1.919812,3.1872860000000003
P07,shape_sorter_interaction,1,shape_sorter_interaction_s1_82.000,82.0,84.0,arousal,2,eeg,gnb,paper_compact,10,0.5566666666666666,0,0.08315276573995775,0.874584,2.436827
P07,shape_sorter_interaction,1,shape_sorter_interaction_s1_82.000,82.0,84.0,arousal,3,face,gnb,face_geometry,5,0.5390476190476191,0,1.3528725839668466e-20,0.548445,2.244081
P07,shape_sorter_interaction,1,shape_sorter_interaction_s1_82.000,82.0,84.0,valence,1,eeg,logreg,time_statistical,8,0.5411111111111111,1,0.7193688275875171,0.499414,1.7800179999999999
P07,shape_sorter_interaction,1,shape_sorter_interaction_s1_82.000,82.0,84.0,valence,2,eeg,svm,hjorth,8,0.5375438596491228,1,0.7802885348285467,0.604017,2.787597
P07,shape_sorter_interaction,1,shape_sorter_interaction_s1_82.000,82.0,84.0,valence,3,face,gnb,face_geometry,5,0.5335672514619884,1,0.9999405924575211,0.539715,1.430959
P07,shape_sorter_interaction,1,shape_sorter_interaction_s1_83.000,83.0,85.0,arousal,1,multimodal,logreg,all_eeg_plus_face,20,0.5900000000000001,1,0.7493431154849582,1.912182,3.1993979999999995
P07,shape_sorter_interaction,1,shape_sorter_interaction_s1_83.000,83.0,85.0,arousal,2,eeg,gnb,paper_compact,10,0.5566666666666666,1,0.9994749277969939,0.768471,2.427316
P07,shape_sorter_interaction,1,shape_sorter_interaction_s1_83.000,83.0,85.0,arousal,3,face,gnb,face_geometry,5,0.5390476190476191,0,3.4492387777793813e-18,0.541814,2.277212
P07,shape_sorter_interaction,1,shape_sorter_interaction_s1_83.000,83.0,85.0,valence,1,eeg,logreg,time_statistical,8,0.5411111111111111,1,0.7107914979642116,0.500244,1.7476180000000001
P07,shape_sorter_interaction,1,shape_sorter_interaction_s1_83.000,83.0,85.0,valence,2,eeg,svm,hjorth,8,0.5375438596491228,1,0.7800854503218844,0.597587,2.743634
P07,shape_sorter_interaction,1,shape_sorter_interaction_s1_83.000,83.0,85.0,valence,3,face,gnb,face_geometry,5,0.5335672514619884,1,0.9990374245696141,0.535575,2.235071
P07,shape_sorter_interaction,1,shape_sorter_interaction_s1_84.000,84.0,86.0,arousal,1,multimodal,logreg,all_eeg_plus_face,20,0.5900000000000001,1,0.7167323454477771,1.819149,2.6660129999999995
P07,shape_sorter_interaction,1,shape_sorter_interaction_s1_84.000,84.0,86.0,arousal,2,eeg,gnb,paper_compact,10,0.5566666666666666,0,0.48152567321738876,0.495114,1.5716629999999998
P07,shape_sorter_interaction,1,shape_sorter_interaction_s1_84.000,84.0,86.0,arousal,3,face,gnb,face_geometry,5,0.5390476190476191,0,1.5704572855077813e-14,0.354409,1.444679
P07,shape_sorter_interaction,1,shape_sorter_interaction_s1_84.000,84.0,86.0,valence,1,eeg,logreg,time_statistical,8,0.5411111111111111,1,0.692877557899267,0.323599,1.138441
P07,shape_sorter_interaction,1,shape_sorter_interaction_s1_84.000,84.0,86.0,valence,2,eeg,svm,hjorth,8,0.5375438596491228,1,0.7768545411068062,0.389091,1.81215
P07,shape_sorter_interaction,1,shape_sorter_interaction_s1_84.000,84.0,86.0,valence,3,face,gnb,face_geometry,5,0.5335672514619884,1,0.9999301924043985,0.353169,1.43335
P07,shape_sorter_interaction,1,shape_sorter_interaction_s1_85.000,85.0,87.0,arousal,1,multimodal,logreg,all_eeg_plus_face,20,0.5900000000000001,0,0.4702298381603514,1.160232,2.0412049999999997
P07,shape_sorter_interaction,1,shape_sorter_interaction_s1_85.000,85.0,87.0,arousal,2,eeg,gnb,paper_compact,10,0.5566666666666666,0,6.642898966460002e-08,0.498934,1.5480820000000002
P07,shape_sorter_interaction,1,shape_sorter_interaction_s1_85.000,85.0,87.0,arousal,3,face,gnb,face_geometry,5,0.5390476190476191,0,5.7928734103073125e-18,0.35025,1.452649
P07,shape_sorter_interaction,1,shape_sorter_interaction_s1_85.000,85.0,87.0,valence,1,eeg,logreg,time_statistical,8,0.5411111111111111,1,0.7276997766090733,0.322699,1.132181
P07,shape_sorter_interaction,1,shape_sorter_interaction_s1_85.000,85.0,87.0,valence,2,eeg,svm,hjorth,8,0.5375438596491228,1,0.7676986618295091,0.385541,1.7584270000000002
P07,shape_sorter_interaction,1,shape_sorter_interaction_s1_85.000,85.0,87.0,valence,3,face,gnb,face_geometry,5,0.5335672514619884,1,0.9821874816583057,0.435052,2.19155
