job_type,sequence,participant,task,segment_id,window_id,arrival_s,service_ms,deadline_s,schedule_order,start_s,completion_s,waiting_ms,lateness_ms,deadline_met,response_ms,backlog_after_ms
eeg_chunk,0,P27,pick_place,1,,0.1,0.140204,,0,0.1,0.10014020400000001,0.0,,,0.14020400000000488,0.14020400000000488
eeg_chunk,25,P27,pick_place,1,,0.2,0.074872,,1,0.2,0.20007487200000001,0.0,,,0.0748720000000036,0.0748720000000036
eeg_chunk,50,P27,pick_place,1,,0.3,0.072602,,2,0.3,0.30007260199999997,0.0,,,0.07260199999997718,0.07260199999997718
eeg_chunk,75,P27,pick_place,1,,0.4,0.06664199999999999,,3,0.4,0.40006664200000003,0.0,,,0.06664200000000564,0.06664200000000564
eeg_chunk,100,P27,pick_place,1,,0.5,0.06567200000000001,,4,0.5,0.500065672,0.0,,,0.0656719999999611,0.0656719999999611
eeg_chunk,125,P27,pick_place,1,,0.6,0.065681,,5,0.6,0.600065681,0.0,,,0.06568100000003962,0.06568100000003962
eeg_chunk,150,P27,pick_place,1,,0.7,0.065642,,6,0.7,0.700065642,0.0,,,0.0656420000000324,0.0656420000000324
eeg_chunk,175,P27,pick_place,1,,0.8,0.064412,,7,0.8,0.800064412,0.0,,,0.06441199999995817,0.06441199999995817
eeg_chunk,200,P27,pick_place,1,,0.9,0.064632,,8,0.9,0.900064632,0.0,,,0.0646319999999534,0.0646319999999534
eeg_chunk,225,P27,pick_place,1,,1.0,0.064321,,9,1.0,1.000064321,0.0,,,0.06432099999997831,0.06432099999997831
eeg_chunk,250,P27,pick_place,1,,1.1,0.064622,,10,1.1,1.100064622,0.0,,,0.06462200000001417,0.06462200000001417
eeg_chunk,275,P27,pick_place,1,,1.2,0.064352,,11,1.2,1.200064352,0.0,,,0.06435200000010077,0.06435200000010077
eeg_chunk,300,P27,pick_place,1,,1.3,0.06442200000000001,,12,1.3,1.300064422,0.0,,,0.0644219999998974,0.0644219999998974
eeg_chunk,325,P27,pick_place,1,,1.4,0.064161,,13,1.4,1.400064161,0.0,,,0.06416100000006253,0.06416100000006253
eeg_chunk,350,P27,pick_place,1,,1.5,0.06396199999999999,,14,1.5,1.500063962,0.0,,,0.0639620000000285,0.0639620000000285
eeg_chunk,375,P27,pick_place,1,,1.6,0.063822,,15,1.6,1.600063822,0.0,,,0.06382199999999116,0.06382199999999116
eeg_chunk,400,P27,pick_place,1,,1.7,0.064581,,16,1.7,1.700064581,0.0,,,0.06458099999995248,0.06458099999995248
eeg_chunk,425,P27,pick_place,1,,1.8,0.063882,,17,1.8,1.8000638820000001,0.0,,,0.0638820000000706,0.0638820000000706
eeg_chunk,450,P27,pick_place,1,,1.9,0.064282,,18,1.9,1.900064282,0.0,,,0.0642820000000821,0.0642820000000821
eeg_chunk,475,P27,pick_place,1,,2.0,0.064042,,19,2.0,2.000064042,0.0,,,0.06404199999998639,0.06404199999998639
eeg_chunk,500,P27,pick_place,1,,2.1,0.064781,,20,2.1,2.100064781,0.0,,,0.06478099999984721,0.06478099999984721
eeg_chunk,525,P27,pick_place,1,,2.2,0.065042,,21,2.2,2.2000650420000003,0.0,,,0.06504200000012617,0.06504200000012617
eeg_chunk,550,P27,pick_place,1,,2.3,0.065222,,22,2.3,2.3000652219999997,0.0,,,0.0652219999999204,0.0652219999999204
eeg_chunk,575,P27,pick_place,1,,2.4,0.063891,,23,2.4,2.400063891,0.0,,,0.06389099999992709,0.06389099999992709
eeg_chunk,600,P27,pick_place,1,,2.5,0.063431,,24,2.5,2.500063431,0.0,,,0.06343100000005819,0.06343100000005819
eeg_chunk,625,P27,pick_place,1,,2.6,0.063832,,25,2.6,2.600063832,0.0,,,0.06383199999993039,0.06383199999993039
eeg_chunk,650,P27,pick_place,1,,2.7,0.063842,,26,2.7,2.700063842,0.0,,,0.06384199999986961,0.06384199999986961
eeg_chunk,675,P27,pick_place,1,,2.8,0.068181,,27,2.8,2.800068181,0.0,,,0.068181000000056,0.068181000000056
eeg_chunk,700,P27,pick_place,1,,2.9,0.066992,,28,2.9,2.9000669919999997,0.0,,,0.06699199999982142,0.06699199999982142
eeg_chunk,725,P27,pick_place,1,,3.0,0.065752,,29,3.0,3.000065752,0.0,,,0.06575199999980796,0.06575199999980796
eeg_chunk,750,P27,pick_place,1,,3.1,0.064412,,30,3.1,3.100064412,0.0,,,0.06441199999995817,0.06441199999995817
eeg_chunk,775,P27,pick_place,1,,3.2,0.064521,,31,3.2,3.2000645210000003,0.0,,,0.06452100000009509,0.06452100000009509
eeg_chunk,800,P27,pick_place,1,,3.3,0.063792,,32,3.3,3.300063792,0.0,,,0.06379200000017349,0.06379200000017349
eeg_chunk,825,P27,pick_place,1,,3.4,0.066262,,33,3.4,3.4000662619999997,0.0,,,0.06626199999981708,0.06626199999981708
eeg_chunk,850,P27,pick_place,1,,3.5,0.072322,,34,3.5,3.500072322,0.0,,,0.07232199999984701,0.07232199999984701
eeg_chunk,875,P27,pick_place,1,,3.6,0.066982,,35,3.6,3.600066982,0.0,,,0.06698199999988219,0.06698199999988219
eeg_chunk,900,P27,pick_place,1,,3.7,0.064911,,36,3.7,3.700064911,0.0,,,0.06491099999994532,0.06491099999994532
eeg_chunk,925,P27,pick_place,1,,3.8,0.065822,,37,3.8,3.8000658219999996,0.0,,,0.06582199999982663,0.06582199999982663
eeg_chunk,950,P27,pick_place,1,,3.9,0.065272,,38,3.9,3.900065272,0.0,,,0.06527200000006061,0.06527200000006061
eeg_chunk,975,P27,pick_place,1,,4.0,0.066212,,39,4.0,4.000066212,0.0,,,0.06621200000012095,0.06621200000012095
eeg_chunk,1000,P27,pick_place,1,,4.1,0.065881,,40,4.1,4.100065881,0.0,,,0.06588100000026742,0.06588100000026742
eeg_chunk,1025,P27,pick_place,1,,4.2,0.06535099999999999,,41,4.2,4.200065351,0.0,,,0.06535099999993577,0.06535099999993577
eeg_chunk,1050,P27,pick_place,1,,4.3,0.065202,,42,4.3,4.300065202,0.0,,,0.06520200000004195,0.06520200000004195
eeg_chunk,1075,P27,pick_place,1,,4.4,0.064582,,43,4.4,4.400064582000001,0.0,,,0.06458200000025727,0.06458200000025727
eeg_chunk,1100,P27,pick_place,1,,4.5,0.065161,,44,4.5,4.500065161,0.0,,,0.06516100000020231,0.06516100000020231
eeg_chunk,1125,P27,pick_place,1,,4.6,0.066021,,45,4.6,4.600066021,0.0,,,0.06602100000030475,0.06602100000030475
eeg_chunk,1150,P27,pick_place,1,,4.7,0.067112,,46,4.7,4.700067112,0.0,,,0.0671119999999803,0.0671119999999803
eeg_chunk,1175,P27,pick_place,1,,4.8,0.064882,,47,4.8,4.800064882,0.0,,,0.06488200000021038,0.06488200000021038
eeg_chunk,1200,P27,pick_place,1,,4.9,0.063801,,48,4.9,4.900063801,0.0,,,0.06380099999958588,0.06380099999958588
eeg_chunk,1225,P27,pick_place,1,,5.0,0.063871,,49,5.0,5.000063871,0.0,,,0.06387100000004864,0.06387100000004864
video_frame,0,P27,pick_place,1,,5.038000000000001,54.148315999999994,,50,5.038000000000001,5.092148316000001,0.0,,,54.14831600000003,54.14831600000003
eeg_chunk,1250,P27,pick_place,1,,5.1,0.064182,,51,5.1,5.100064182,0.0,,,0.06418200000002372,0.06418200000002372
eeg_chunk,1275,P27,pick_place,1,,5.2,0.063882,,52,5.2,5.200063882,0.0,,,0.0638820000000706,0.0638820000000706
eeg_chunk,1300,P27,pick_place,1,,5.3,0.063641,,53,5.3,5.3000636409999995,0.0,,,0.0636409999996701,0.0636409999996701
eeg_chunk,1325,P27,pick_place,1,,5.4,0.065072,,54,5.4,5.400065072,0.0,,,0.06507199999994384,0.06507199999994384
video_frame,1,P27,pick_place,1,,5.454000000000001,70.875312,,55,5.454000000000001,5.524875312000001,0.0,,,70.87531200000008,70.87531200000008
video_frame,2,P27,pick_place,1,,5.468000000000001,17.786151,,56,5.524875312000001,5.542661463000001,56.875311999999845,,,74.66146299999998,74.66146299999998
eeg_chunk,1350,P27,pick_place,1,,5.5,0.065022,,57,5.542661463000001,5.542726485000001,42.66146300000084,,,42.72648500000109,42.72648500000109
video_frame,3,P27,pick_place,1,,5.502000000000001,15.979565000000001,,58,5.542726485000001,5.558706050000001,40.72648500000042,,,56.70605000000073,56.70605000000073
video_frame,4,P27,pick_place,1,,5.535000000000001,17.129745,,59,5.558706050000001,5.5758357950000015,23.706050000000367,,,40.83579500000045,40.83579500000045
video_frame,5,P27,pick_place,1,,5.5680000000000005,18.624604,,60,5.5758357950000015,5.594460399000002,7.835795000000978,,,26.46039900000119,26.46039900000119
eeg_chunk,1375,P27,pick_place,1,,5.6,0.063902,,61,5.6,5.600063902,0.0,,,0.06390199999994906,0.06390199999994906
video_frame,6,P27,pick_place,1,,5.602,17.103074,,62,5.602,5.619103074000001,0.0,,,17.10307400000044,17.10307400000044
video_frame,7,P27,pick_place,1,,5.635000000000001,14.688272,,63,5.635000000000001,5.649688272000001,0.0,,,14.688271999999891,14.688271999999891
video_frame,8,P27,pick_place,1,,5.6690000000000005,13.540071,,64,5.6690000000000005,5.682540071000001,0.0,,,13.540071000000431,13.540071000000431
eeg_chunk,1400,P27,pick_place,1,,5.7,0.063831,,65,5.7,5.7000638310000005,0.0,,,0.06383100000029174,0.06383100000029174
video_frame,9,P27,pick_place,1,,5.702000000000001,14.733723,,66,5.702000000000001,5.716733723000001,0.0,,,14.733722999999976,14.733722999999976
video_frame,10,P27,pick_place,1,,5.737000000000001,14.62609,,67,5.737000000000001,5.751626090000001,0.0,,,14.626090000000147,14.626090000000147
video_frame,11,P27,pick_place,1,,5.769000000000001,17.168626,,68,5.769000000000001,5.786168626000001,0.0,,,17.16862600000013,17.16862600000013
eeg_chunk,1425,P27,pick_place,1,,5.8,0.063842,,69,5.8,5.800063842,0.0,,,0.0638420000003137,0.0638420000003137
video_frame,12,P27,pick_place,1,,5.802000000000001,17.447923,,70,5.802000000000001,5.819447923000001,0.0,,,17.447922999999754,17.447922999999754
video_frame,13,P27,pick_place,1,,5.835000000000001,17.588617,,71,5.835000000000001,5.852588617000001,0.0,,,17.58861700000036,17.58861700000036
video_frame,14,P27,pick_place,1,,5.869000000000001,17.207838,,72,5.869000000000001,5.886207838000001,0.0,,,17.20783800000003,17.20783800000003
eeg_chunk,1450,P27,pick_place,1,,5.9,0.063982,,73,5.9,5.900063982000001,0.0,,,0.06398200000035104,0.06398200000035104
video_frame,15,P27,pick_place,1,,5.902000000000001,14.513006,,74,5.902000000000001,5.916513006000001,0.0,,,14.513005999999606,14.513005999999606
video_frame,16,P27,pick_place,1,,5.9350000000000005,17.30021,,75,5.9350000000000005,5.952300210000001,0.0,,,17.30021000000015,17.30021000000015
video_frame,17,P27,pick_place,1,,5.969000000000001,14.241340000000001,,76,5.969000000000001,5.983241340000001,0.0,,,14.24133999999988,14.24133999999988
eeg_chunk,1475,P27,pick_place,1,,6.0,0.064471,,77,6.0,6.000064471,0.0,,,0.06447099999995487,0.06447099999995487
video_frame,18,P27,pick_place,1,,6.002000000000001,15.801961,,78,6.002000000000001,6.017801961000001,0.0,,,15.801961000000198,15.801961000000198
video_frame,19,P27,pick_place,1,,6.035000000000001,16.711083,,79,6.035000000000001,6.051711083000001,0.0,,,16.711082999999682,16.711082999999682
video_frame,20,P27,pick_place,1,,6.069000000000001,15.541692999999999,,80,6.069000000000001,6.084541693000001,0.0,,,15.5416930000003,15.5416930000003
eeg_chunk,1500,P27,pick_place,1,,6.1,0.064872,,81,6.1,6.100064872,0.0,,,0.06487200000027116,0.06487200000027116
video_frame,21,P27,pick_place,1,,6.102,15.37532,,82,6.102,6.117375320000001,0.0,,,15.375320000000414,15.375320000000414
video_frame,22,P27,pick_place,1,,6.135000000000001,14.564168,,83,6.135000000000001,6.149564168,0.0,,,14.564167999999711,14.564167999999711
video_frame,23,P27,pick_place,1,,6.1690000000000005,17.857823999999997,,84,6.1690000000000005,6.1868578240000005,0.0,,,17.857824000000022,17.857824000000022
eeg_chunk,1525,P27,pick_place,1,,6.2,0.06485199999999999,,85,6.2,6.200064852000001,0.0,,,0.0648520000003927,0.0648520000003927
video_frame,24,P27,pick_place,1,,6.202000000000001,14.709692,,86,6.202000000000001,6.216709692000001,0.0,,,14.709692000000274,14.709692000000274
video_frame,25,P27,pick_place,1,,6.235000000000001,14.277631999999999,,87,6.235000000000001,6.249277632000001,0.0,,,14.277631999999763,14.277631999999763
video_frame,26,P27,pick_place,1,,6.269000000000001,17.440212999999996,,88,6.269000000000001,6.286440213000001,0.0,,,17.440213000000426,17.440213000000426
eeg_chunk,1550,P27,pick_place,1,,6.3,0.069002,,89,6.3,6.300069002,0.0,,,0.0690020000000402,0.0690020000000402
video_frame,27,P27,pick_place,1,,6.302000000000001,14.492726,,90,6.302000000000001,6.316492726000002,0.0,,,14.492726000000289,14.492726000000289
video_frame,28,P27,pick_place,1,,6.335000000000001,16.327303999999998,,91,6.335000000000001,6.351327304000001,0.0,,,16.32730399999982,16.32730399999982
video_frame,29,P27,pick_place,1,,6.369000000000001,16.602421000000003,,92,6.369000000000001,6.385602421000001,0.0,,,16.60242099999998,16.60242099999998
eeg_chunk,1575,P27,pick_place,1,,6.4,0.063511,,93,6.4,6.400063511,0.0,,,0.063510999999572,0.063510999999572
video_frame,30,P27,pick_place,1,,6.402000000000001,11.255381999999999,,94,6.402000000000001,6.413255382000001,0.0,,,11.25538199999987,11.25538199999987
video_frame,31,P27,pick_place,1,,6.436000000000001,17.137755000000002,,95,6.436000000000001,6.453137755000001,0.0,,,17.137755000000254,17.137755000000254
video_frame,32,P27,pick_place,1,,6.469000000000001,17.799752,,96,6.469000000000001,6.486799752000001,0.0,,,17.79975200000017,17.79975200000017
eeg_chunk,1600,P27,pick_place,1,,6.5,0.063592,,97,6.5,6.500063592,0.0,,,0.06359200000005671,0.06359200000005671
video_frame,33,P27,pick_place,1,,6.502000000000001,18.097651,,98,6.502000000000001,6.520097651,0.0,,,18.097650999999715,18.097650999999715
video_frame,34,P27,pick_place,1,,6.536000000000001,17.063134,,99,6.536000000000001,6.553063134000001,0.0,,,17.063133999999813,17.063133999999813
video_frame,35,P27,pick_place,1,,6.569000000000001,15.570684,,100,6.569000000000001,6.584570684000001,0.0,,,15.570684000000057,15.570684000000057
eeg_chunk,1625,P27,pick_place,1,,6.6,0.063802,,101,6.6,6.600063801999999,0.0,,,0.06380199999966862,0.06380199999966862
video_frame,36,P27,pick_place,1,,6.602,17.172176,,102,6.602,6.619172176,0.0,,,17.172175999999872,17.172175999999872
video_frame,37,P27,pick_place,1,,6.636000000000001,14.603409,,103,6.636000000000001,6.650603409000001,0.0,,,14.603409000000234,14.603409000000234
video_frame,38,P27,pick_place,1,,6.6690000000000005,17.165685999999997,,104,6.6690000000000005,6.686165686000001,0.0,,,17.165686000000235,17.165686000000235
eeg_chunk,1650,P27,pick_place,1,,6.7,0.064202,,105,6.7,6.700064202,0.0,,,0.06420199999990217,0.06420199999990217
video_frame,39,P27,pick_place,1,,6.702000000000001,16.699613999999997,,106,6.702000000000001,6.718699614000001,0.0,,,16.699614000000196,16.699614000000196
video_frame,40,P27,pick_place,1,,6.736000000000001,16.803896,,107,6.736000000000001,6.7528038960000005,0.0,,,16.803895999999874,16.803895999999874
video_frame,41,P27,pick_place,1,,6.769000000000001,16.329363,,108,6.769000000000001,6.785329363000001,0.0,,,16.329362999999653,16.329362999999653
eeg_chunk,1675,P27,pick_place,1,,6.8,0.06409100000000001,,109,6.8,6.800064090999999,0.0,,,0.06409099999959977,0.06409099999959977
video_frame,42,P27,pick_place,1,,6.802000000000001,15.902183,,110,6.802000000000001,6.817902183000001,0.0,,,15.902182999999681,15.902182999999681
video_frame,43,P27,pick_place,1,,6.836,13.04118,,111,6.836,6.84904118,0.0,,,13.041180000000097,13.041180000000097
video_frame,44,P27,pick_place,1,,6.869000000000001,16.475577,,112,6.869000000000001,6.885475577,0.0,,,16.475576999999575,16.475576999999575
eeg_chunk,1700,P27,pick_place,1,,6.9,0.063742,,113,6.9,6.900063742,0.0,,,0.06374200000003327,0.06374200000003327
video_frame,45,P27,pick_place,1,,6.902000000000001,14.284161999999998,,114,6.902000000000001,6.916284162000001,0.0,,,14.284162000000045,14.284162000000045
video_frame,46,P27,pick_place,1,,6.936000000000001,17.248228,,115,6.936000000000001,6.9532482280000005,0.0,,,17.2482279999997,17.2482279999997
video_frame,47,P27,pick_place,1,,6.969000000000001,16.661122,,116,6.969000000000001,6.9856611220000016,0.0,,,16.66112200000036,16.66112200000036
eeg_chunk,1725,P27,pick_place,1,,7.0,0.063872,,117,7.0,7.000063872,0.0,,,0.06387200000013138,0.06387200000013138
video_frame,48,P27,pick_place,1,,7.002000000000001,16.323654,,118,7.002000000000001,7.0183236540000005,0.0,,,16.3236539999998,16.3236539999998
video_frame,49,P27,pick_place,1,,7.036000000000001,17.278479,,119,7.036000000000001,7.053278479000001,0.0,,,17.27847899999979,17.27847899999979
video_frame,50,P27,pick_place,1,,7.069000000000001,17.732381,,120,7.069000000000001,7.086732381000001,0.0,,,17.732381000000075,17.732381000000075
eeg_chunk,1750,P27,pick_place,1,,7.1,0.064281,,121,7.1,7.100064281,0.0,,,0.06428100000022141,0.06428100000022141
video_frame,51,P27,pick_place,1,,7.102,18.574223,,122,7.102,7.120574223,0.0,,,18.57422299999989,18.57422299999989
video_frame,52,P27,pick_place,1,,7.136000000000001,16.997672,,123,7.136000000000001,7.152997672000001,0.0,,,16.997671999999575,16.997671999999575
video_frame,53,P27,pick_place,1,,7.1690000000000005,15.340507,,124,7.1690000000000005,7.184340507000001,0.0,,,15.340507000000336,15.340507000000336
eeg_chunk,1775,P27,pick_place,1,,7.2,0.064162,,125,7.2,7.200064162,0.0,,,0.06416200000014527,0.06416200000014527
video_frame,54,P27,pick_place,1,,7.203000000000001,16.573159999999998,,126,7.203000000000001,7.219573160000001,0.0,,,16.573160000000087,16.573160000000087
video_frame,55,P27,pick_place,1,,7.236000000000001,10.41788,,127,7.236000000000001,7.246417880000001,0.0,,,10.417880000000324,10.417880000000324
video_frame,56,P27,pick_place,1,,7.269000000000001,17.729851,,128,7.269000000000001,7.286729851000001,0.0,,,17.72985100000035,17.72985100000035
eeg_chunk,1800,P27,pick_place,1,,7.3,0.063532,,129,7.3,7.300063532,0.0,,,0.06353200000042136,0.06353200000042136
video_frame,57,P27,pick_place,1,,7.303000000000001,15.825331,,130,7.303000000000001,7.318825331000001,0.0,,,15.825331000000276,15.825331000000276
video_frame,58,P27,pick_place,1,,7.336,16.794686000000002,,131,7.336,7.352794686,0.0,,,16.794685999999892,16.794685999999892
video_frame,59,P27,pick_place,1,,7.369000000000001,16.470058,,132,7.369000000000001,7.385470058000001,0.0,,,16.470058000000343,16.470058000000343
eeg_chunk,1825,P27,pick_place,1,,7.4,0.063802,,133,7.4,7.400063802,0.0,,,0.06380199999966862,0.06380199999966862
video_frame,60,P27,pick_place,1,,7.4030000000000005,16.371876000000004,,134,7.4030000000000005,7.4193718760000005,0.0,,,16.371876000000007,16.371876000000007
video_frame,61,P27,pick_place,1,,7.436000000000001,17.184096000000004,,135,7.436000000000001,7.453184096000001,0.0,,,17.18409600000026,17.18409600000026
video_frame,62,P27,pick_place,1,,7.469000000000001,17.976887,,136,7.469000000000001,7.486976887000001,0.0,,,17.976886999999664,17.976886999999664
eeg_chunk,1850,P27,pick_place,1,,7.5,0.064541,,137,7.5,7.500064541,0.0,,,0.06454100000041763,0.06454100000041763
video_frame,63,P27,pick_place,1,,7.503000000000001,14.475076,,138,7.503000000000001,7.517475076000001,0.0,,,14.475076000000087,14.475076000000087
video_frame,64,P27,pick_place,1,,7.536000000000001,15.117622,,139,7.536000000000001,7.551117622000001,0.0,,,15.117621999999997,15.117621999999997
video_frame,65,P27,pick_place,1,,7.57,16.131428,,140,7.57,7.586131428,0.0,,,16.13142799999956,16.13142799999956
eeg_chunk,1875,P27,pick_place,1,,7.6,0.063402,,141,7.6,7.600063402,0.0,,,0.06340200000032326,0.06340200000032326
video_frame,66,P27,pick_place,1,,7.603000000000001,16.736226,,142,7.603000000000001,7.619736226000001,0.0,,,16.73622599999991,16.73622599999991
video_frame,67,P27,pick_place,1,,7.636000000000001,17.285489,,143,7.636000000000001,7.653285489000001,0.0,,,17.28548899999982,17.28548899999982
video_frame,68,P27,pick_place,1,,7.670000000000001,14.328823,,144,7.670000000000001,7.684328823,0.0,,,14.328822999999602,14.328822999999602
eeg_chunk,1900,P27,pick_place,1,,7.7,0.063582,,145,7.7,7.700063582,0.0,,,0.06358200000011749,0.06358200000011749
video_frame,69,P27,pick_place,1,,7.703000000000001,17.054962,,146,7.703000000000001,7.720054962000001,0.0,,,17.054961999999563,17.054961999999563
video_frame,70,P27,pick_place,1,,7.736000000000001,15.299957000000001,,147,7.736000000000001,7.7512999570000005,0.0,,,15.299956999999864,15.299956999999864
video_frame,71,P27,pick_place,1,,7.769000000000001,16.5543,,148,7.769000000000001,7.785554300000001,0.0,,,16.554300000000133,16.554300000000133
eeg_chunk,1925,P27,pick_place,1,,7.8,0.063401,,149,7.8,7.800063401,0.0,,,0.06340100000024051,0.06340100000024051
video_frame,72,P27,pick_place,1,,7.803000000000001,12.514764999999999,,150,7.803000000000001,7.8155147650000005,0.0,,,12.514764999999706,12.514764999999706
video_frame,73,P27,pick_place,1,,7.836,17.679079,,151,7.836,7.853679079,0.0,,,17.679078999999653,17.679078999999653
video_frame,74,P27,pick_place,1,,7.869000000000001,16.169309,,152,7.869000000000001,7.885169309000001,0.0,,,16.169309000000354,16.169309000000354
eeg_chunk,1950,P27,pick_place,1,,7.9,0.064642,,153,7.9,7.900064642,0.0,,,0.06464199999989262,0.06464199999989262
video_frame,75,P27,pick_place,1,,7.9030000000000005,18.368067,,154,7.9030000000000005,7.921368067,0.0,,,18.368066999999932,18.368066999999932
video_frame,76,P27,pick_place,1,,7.936000000000001,16.792006,,155,7.936000000000001,7.952792006000001,0.0,,,16.792006000000193,16.792006000000193
video_frame,77,P27,pick_place,1,,7.970000000000001,14.659561,,156,7.970000000000001,7.984659561000001,0.0,,,14.65956100000021,14.65956100000021
eeg_chunk,1975,P27,pick_place,1,,8.0,0.064252,,157,8.0,8.000064252,0.0,,,0.0642519999995983,0.0642519999995983
video_frame,78,P27,pick_place,1,,8.003,16.325123,,158,8.003,8.019325123,0.0,,,16.325122999999664,16.325122999999664
video_frame,79,P27,pick_place,1,,8.036000000000001,14.509696,,159,8.036000000000001,8.050509696,0.0,,,14.509695999999295,14.509695999999295
video_frame,80,P27,pick_place,1,,8.07,17.568524999999998,,160,8.07,8.087568525,0.0,,,17.568524999999724,17.568524999999724
eeg_chunk,2000,P27,pick_place,1,,8.1,0.06407199999999999,,161,8.1,8.100064072,0.0,,,0.06407200000069224,0.06407200000069224
video_frame,81,P27,pick_place,1,,8.103000000000002,13.767078999999999,,162,8.103000000000002,8.116767079000002,0.0,,,13.767079000000848,13.767079000000848
video_frame,82,P27,pick_place,1,,8.136000000000001,15.880552999999999,,163,8.136000000000001,8.151880553000002,0.0,,,15.880553000000575,15.880553000000575
video_frame,83,P27,pick_place,1,,8.170000000000002,17.436803,,164,8.170000000000002,8.187436803000002,0.0,,,17.436803000000722,17.436803000000722
eeg_chunk,2025,P27,pick_place,1,,8.2,0.063641,,165,8.2,8.200063641,0.0,,,0.06364100000055828,0.06364100000055828
video_frame,84,P27,pick_place,1,,8.203000000000001,15.80572,,166,8.203000000000001,8.21880572,0.0,,,15.805719999999468,15.805719999999468
video_frame,85,P27,pick_place,1,,8.236,15.765279000000001,,167,8.236,8.251765279,0.0,,,15.765279000000021,15.765279000000021
video_frame,86,P27,pick_place,1,,8.270000000000001,19.491336,,168,8.270000000000001,8.289491336000001,0.0,,,19.491335999999748,19.491335999999748
eeg_chunk,2050,P27,pick_place,1,,8.3,0.063912,,169,8.3,8.300063912,0.0,,,0.06391199999988828,0.06391199999988828
video_frame,87,P27,pick_place,1,,8.303,18.073719000000004,,170,8.303,8.321073719000001,0.0,,,18.07371900000021,18.07371900000021
video_frame,88,P27,pick_place,1,,8.336,17.302419,,171,8.336,8.353302419,0.0,,,17.302418999999958,17.302418999999958
video_frame,89,P27,pick_place,1,,8.370000000000001,16.569741,,172,8.370000000000001,8.386569741,0.0,,,16.569740999999638,16.569740999999638
eeg_chunk,2075,P27,pick_place,1,,8.4,0.063392,,173,8.4,8.400063392,0.0,,,0.06339199999949585,0.06339199999949585
video_frame,90,P27,pick_place,1,,8.403,15.355919,,174,8.403,8.418355919,0.0,,,15.355918999999218,15.355918999999218
video_frame,91,P27,pick_place,1,,8.436,14.350922,,175,8.436,8.450350922,0.0,,,14.35092200000021,14.35092200000021
video_frame,92,P27,pick_place,1,,8.47,16.352465,,176,8.47,8.486352465000001,0.0,,,16.35246500000065,16.35246500000065
eeg_chunk,2100,P27,pick_place,1,,8.5,0.064041,,177,8.5,8.500064041,0.0,,,0.06404099999990365,0.06404099999990365
video_frame,93,P27,pick_place,1,,8.503,15.372098,,178,8.503,8.518372098,0.0,,,15.372098000000278,15.372098000000278
video_frame,94,P27,pick_place,1,,8.537,15.873353,,179,8.537,8.552873353,0.0,,,15.873352999999923,15.873352999999923
video_frame,95,P27,pick_place,1,,8.57,17.313109999999998,,180,8.57,8.58731311,0.0,,,17.31310999999991,17.31310999999991
eeg_chunk,2125,P27,pick_place,1,,8.6,0.065012,,181,8.6,8.600065012,0.0,,,0.06501200000030849,0.06501200000030849
video_frame,96,P27,pick_place,1,,8.603000000000002,16.630063,,182,8.603000000000002,8.619630063,0.0,,,16.63006299999914,16.63006299999914
video_frame,97,P27,pick_place,1,,8.636000000000001,16.079038,,183,8.636000000000001,8.652079038000002,0.0,,,16.079038000000878,16.079038000000878
video_frame,98,P27,pick_place,1,,8.670000000000002,15.480342,,184,8.670000000000002,8.685480342000002,0.0,,,15.480342000000036,15.480342000000036
eeg_chunk,2150,P27,pick_place,1,,8.7,0.064792,,185,8.7,8.700064792,0.0,,,0.06479199999986918,0.06479199999986918
video_frame,99,P27,pick_place,1,,8.703000000000001,15.215565,,186,8.703000000000001,8.718215565000001,0.0,,,15.215565000000097,15.215565000000097
video_frame,100,P27,pick_place,1,,8.737000000000002,17.191406999999998,,187,8.737000000000002,8.754191407000002,0.0,,,17.191407000000325,17.191407000000325
video_frame,101,P27,pick_place,1,,8.77,16.011806,,188,8.77,8.786011806,0.0,,,16.01180599999985,16.01180599999985
eeg_chunk,2175,P27,pick_place,1,,8.8,0.063602,,189,8.8,8.800063602000002,0.0,,,0.06360200000088412,0.06360200000088412
video_frame,102,P27,pick_place,1,,8.803,18.327445,,190,8.803,8.821327445000001,0.0,,,18.32744500000061,18.32744500000061
video_frame,103,P27,pick_place,1,,8.837,15.063542,,191,8.837,8.852063542,0.0,,,15.06354200000004,15.06354200000004
video_frame,104,P27,pick_place,1,,8.870000000000001,13.593414000000001,,192,8.870000000000001,8.883593414000002,0.0,,,13.593414000000692,13.593414000000692
eeg_chunk,2200,P27,pick_place,1,,8.9,0.064351,,193,8.9,8.900064351000001,0.0,,,0.06435100000068417,0.06435100000068417
video_frame,105,P27,pick_place,1,,8.903,18.299044,,194,8.903,8.921299044000001,0.0,,,18.29904400000082,18.29904400000082
video_frame,106,P27,pick_place,1,,8.936,14.956468000000001,,195,8.936,8.950956468,0.0,,,14.95646799999939,14.95646799999939
video_frame,107,P27,pick_place,1,,8.97,14.795554000000001,,196,8.97,8.984795554000002,0.0,,,14.795554000000877,14.795554000000877
eeg_chunk,2225,P27,pick_place,1,,9.0,0.064472,,197,9.0,9.000064472,0.0,,,0.06447200000003761,0.06447200000003761
video_frame,108,P27,pick_place,1,,9.003,15.222783999999999,,198,9.003,9.018222784,0.0,,,15.222784000000544,15.222784000000544
video_frame,109,P27,pick_place,1,,9.037,15.228705999999999,,199,9.037,9.052228706000001,0.0,,,15.228706000000258,15.228706000000258
video_frame,110,P27,pick_place,1,,9.07,15.954094,,200,9.07,9.085954094,0.0,,,15.954093999999586,15.954093999999586
eeg_chunk,2250,P27,pick_place,1,,9.1,0.064152,,201,9.1,9.100064152,0.0,,,0.06415200000020604,0.06415200000020604
video_frame,111,P27,pick_place,1,,9.103000000000002,16.332005,,202,9.103000000000002,9.119332005000002,0.0,,,16.33200500000065,16.33200500000065
video_frame,112,P27,pick_place,1,,9.137,15.042250000000001,,203,9.137,9.152042250000001,0.0,,,15.042250000000479,15.042250000000479
video_frame,113,P27,pick_place,1,,9.170000000000002,16.355225,,204,9.170000000000002,9.186355225000002,0.0,,,16.355224999999862,16.355224999999862
eeg_chunk,2275,P27,pick_place,1,,9.2,0.06478099999999999,,205,9.2,9.200064781,0.0,,,0.06478100000073539,0.06478100000073539
video_frame,114,P27,pick_place,1,,9.203000000000001,14.283990000000001,,206,9.203000000000001,9.21728399,0.0,,,14.283989999999136,14.283989999999136
video_frame,115,P27,pick_place,1,,9.237000000000002,15.920641999999999,,207,9.237000000000002,9.252920642000001,0.0,,,15.920641999999319,15.920641999999319
video_frame,116,P27,pick_place,1,,9.27,17.603958,,208,9.27,9.287603958,0.0,,,17.603958000000475,17.603958000000475
eeg_chunk,2300,P27,pick_place,1,,9.3,0.065421,,209,9.3,9.300065421000001,0.0,,,0.06542100000039852,0.06542100000039852
video_frame,117,P27,pick_place,1,,9.303,13.643124,,210,9.303,9.316643124,0.0,,,13.643123999999673,13.643123999999673
video_frame,118,P27,pick_place,1,,9.337,15.608024,,211,9.337,9.352608024,0.0,,,15.608024000000498,15.608024000000498
video_frame,119,P27,pick_place,1,,9.370000000000001,17.430923,,212,9.370000000000001,9.387430923,0.0,,,17.430922999999154,17.430922999999154
eeg_chunk,2325,P27,pick_place,1,,9.4,0.064932,,213,9.4,9.400064932000001,0.0,,,0.06493200000079469,0.06493200000079469
video_frame,120,P27,pick_place,1,,9.403,16.097108000000002,,214,9.403,9.419097108,0.0,,,16.097108000000304,16.097108000000304
video_frame,121,P27,pick_place,1,,9.437000000000001,15.297896999999999,,215,9.437000000000001,9.452297897000001,0.0,,,15.29789699999995,15.29789699999995
video_frame,122,P27,pick_place,1,,9.47,12.901605,,216,9.47,9.482901605,0.0,,,12.901604999999705,12.901604999999705
eeg_chunk,2350,P27,pick_place,1,,9.5,0.064062,,217,9.5,9.500064062,0.0,,,0.06406199999986484,0.06406199999986484
video_frame,123,P27,pick_place,1,,9.504000000000001,14.329323,,218,9.504000000000001,9.518329323000001,0.0,,,14.329323000000116,14.329323000000116
video_frame,124,P27,pick_place,1,,9.537,18.90884,,219,9.537,9.55590884,0.0,,,18.908839999999927,18.908839999999927
video_frame,125,P27,pick_place,1,,9.57,15.500971999999999,,220,9.57,9.585500972,0.0,,,15.50097199999989,15.50097199999989
eeg_chunk,2375,P27,pick_place,1,,9.6,0.07398199999999999,,221,9.6,9.600073982,0.0,,,0.07398199999997246,0.07398199999997246
video_frame,126,P27,pick_place,1,,9.604000000000001,14.528326999999999,,222,9.604000000000001,9.618528327000002,0.0,,,14.52832700000073,14.52832700000073
video_frame,127,P27,pick_place,1,,9.637,15.608066,,223,9.637,9.652608066,0.0,,,15.60806600000042,15.60806600000042
video_frame,128,P27,pick_place,1,,9.670000000000002,14.819825000000002,,224,9.670000000000002,9.684819825000002,0.0,,,14.819825000000009,14.819825000000009
eeg_chunk,2400,P27,pick_place,1,,9.7,0.064972,,225,9.7,9.700064972,0.0,,,0.06497200000055159,0.06497200000055159
video_frame,129,P27,pick_place,1,,9.704,13.243345,,226,9.704,9.717243345,0.0,,,13.243344999999351,13.243344999999351
video_frame,130,P27,pick_place,1,,9.737000000000002,15.020251,,227,9.737000000000002,9.752020251000001,0.0,,,15.020250999999263,15.020250999999263
video_frame,131,P27,pick_place,1,,9.77,15.847071,,228,9.77,9.785847071,0.0,,,15.847070999999602,15.847070999999602
eeg_chunk,2425,P27,pick_place,1,,9.8,0.064411,,229,9.8,9.800064411000001,0.0,,,0.06441100000031952,0.06441100000031952
video_frame,132,P27,pick_place,1,,9.804000000000002,16.766814,,230,9.804000000000002,9.820766814000002,0.0,,,16.766814000000352,16.766814000000352
video_frame,133,P27,pick_place,1,,9.837,15.453161,,231,9.837,9.852453161,0.0,,,15.453160999999938,15.453160999999938
video_frame,134,P27,pick_place,1,,9.870000000000001,16.024165,,232,9.870000000000001,9.886024165,0.0,,,16.024164999999257,16.024164999999257
eeg_chunk,2450,P27,pick_place,1,,9.9,0.064271,,233,9.9,9.900064271,0.0,,,0.06427099999939401,0.06427099999939401
video_frame,135,P27,pick_place,1,,9.904,17.366080999999998,,234,9.904,9.921366081,0.0,,,17.366081000000477,17.366081000000477
video_frame,136,P27,pick_place,1,,9.937000000000001,15.998935,,235,9.937000000000001,9.952998935000002,0.0,,,15.998935000000714,15.998935000000714
video_frame,137,P27,pick_place,1,,9.97,12.196917,,236,9.97,9.982196917000001,0.0,,,12.196917000000695,12.196917000000695
eeg_chunk,2475,P27,pick_place,1,,10.0,0.064042,,237,10.0,10.000064042,0.0,,,0.06404199999998639,0.06404199999998639
video_frame,138,P27,pick_place,1,,10.004000000000001,16.036827,,238,10.004000000000001,10.020036827000002,0.0,,,16.036827000000642,16.036827000000642
video_frame,139,P27,pick_place,1,,10.037,14.22596,,239,10.037,10.05122596,0.0,,,14.225959999999205,14.225959999999205
video_frame,140,P27,pick_place,1,,10.07,15.78321,,240,10.07,10.08578321,0.0,,,15.78321000000038,15.78321000000038
eeg_chunk,2500,P27,pick_place,1,,10.1,0.063362,,241,10.1,10.100063362,0.0,,,0.06336200000056635,0.06336200000056635
video_frame,141,P27,pick_place,1,,10.104000000000001,14.448315000000001,,242,10.104000000000001,10.118448315,0.0,,,14.448314999999212,14.448314999999212
video_frame,142,P27,pick_place,1,,10.137,17.565656,,243,10.137,10.154565656,0.0,,,17.565656000000374,17.565656000000374
video_frame,143,P27,pick_place,1,,10.171000000000001,16.106818,,244,10.171000000000001,10.187106818000002,0.0,,,16.1068180000008,16.1068180000008
eeg_chunk,2525,P27,pick_place,1,,10.2,0.064171,,245,10.2,10.200064171,0.0,,,0.06417100000000175,0.06417100000000175
video_frame,144,P27,pick_place,1,,10.204,15.80552,,246,10.204,10.219805520000001,0.0,,,15.805520000000683,15.805520000000683
video_frame,145,P27,pick_place,1,,10.237000000000002,15.317777,,247,10.237000000000002,10.252317777000002,0.0,,,15.317776999999921,15.317776999999921
video_frame,146,P27,pick_place,1,,10.271,16.828777000000002,,248,10.271,10.287828777000001,0.0,,,16.828777000000628,16.828777000000628
eeg_chunk,2550,P27,pick_place,1,,10.3,0.06395200000000001,,249,10.3,10.300063952,0.0,,,0.06395199999964518,0.06395199999964518
video_frame,147,P27,pick_place,1,,10.304000000000002,15.913813,,250,10.304000000000002,10.319913813000001,0.0,,,15.913812999999166,15.913812999999166
video_frame,148,P27,pick_place,1,,10.337,16.775506000000004,,251,10.337,10.353775506,0.0,,,16.775506000000107,16.775506000000107
video_frame,149,P27,pick_place,1,,10.371,16.006285,,252,10.371,10.387006285,0.0,,,16.006284999999565,16.006284999999565
eeg_chunk,2575,P27,pick_place,1,,10.4,0.064102,,253,10.4,10.400064102,0.0,,,0.06410199999962174,0.06410199999962174
video_frame,150,P27,pick_place,1,,10.404,16.157218999999998,,254,10.404,10.420157219,0.0,,,16.15721900000011,16.15721900000011
video_frame,151,P27,pick_place,1,,10.437000000000001,14.080805,,255,10.437000000000001,10.451080805000002,0.0,,,14.080805000000751,14.080805000000751
video_frame,152,P27,pick_place,1,,10.471,15.663497,,256,10.471,10.486663497,0.0,,,15.663497000000248,15.663497000000248
eeg_chunk,2600,P27,pick_place,1,,10.5,0.064291,,257,10.5,10.500064291,0.0,,,0.06429099999927246,0.06429099999927246
video_frame,153,P27,pick_place,1,,10.504000000000001,15.979796,,258,10.504000000000001,10.519979796000001,0.0,,,15.97979599999988,15.97979599999988
video_frame,154,P27,pick_place,1,,10.537,16.366916,,259,10.537,10.553366916000002,0.0,,,16.366916000000842,16.366916000000842
video_frame,155,P27,pick_place,1,,10.571000000000002,15.261875999999999,,260,10.571000000000002,10.586261876000002,0.0,,,15.261876000000285,15.261876000000285
eeg_chunk,2625,P27,pick_place,1,,10.6,0.064201,,261,10.6,10.600064201,0.0,,,0.06420100000070761,0.06420100000070761
video_frame,156,P27,pick_place,1,,10.604000000000001,13.576054000000001,,262,10.604000000000001,10.617576054,0.0,,,13.576053999999615,13.576053999999615
video_frame,157,P27,pick_place,1,,10.637,16.021966,,263,10.637,10.653021966,0.0,,,16.021966000000276,16.021966000000276
video_frame,158,P27,pick_place,1,,10.671000000000001,15.920644000000001,,264,10.671000000000001,10.686920644,0.0,,,15.920643999999484,15.920643999999484
eeg_chunk,2650,P27,pick_place,1,,10.7,0.063872,,265,10.7,10.700063872,0.0,,,0.06387200000013138,0.06387200000013138
video_frame,159,P27,pick_place,1,,10.704,14.292901,,266,10.704,10.718292901,0.0,,,14.292900999999247,14.292900999999247
video_frame,160,P27,pick_place,1,,10.737000000000002,16.92261,,267,10.737000000000002,10.753922610000002,0.0,,,16.92260999999995,16.92260999999995
video_frame,161,P27,pick_place,1,,10.771,15.776340000000001,,268,10.771,10.786776340000001,0.0,,,15.776340000000388,15.776340000000388
eeg_chunk,2675,P27,pick_place,1,,10.8,0.06346199999999999,,269,10.8,10.800063462,0.0,,,0.06346199999995861,0.06346199999995861
video_frame,162,P27,pick_place,1,,10.804000000000002,17.511823999999997,,270,10.804000000000002,10.821511824000002,0.0,,,17.51182399999962,17.51182399999962
video_frame,163,P27,pick_place,1,,10.837,15.871773,,271,10.837,10.852871773,0.0,,,15.871773000000644,15.871773000000644
video_frame,164,P27,pick_place,1,,10.871,15.309908,,272,10.871,10.886309908000001,0.0,,,15.30990800000076,15.30990800000076
eeg_chunk,2700,P27,pick_place,1,,10.9,0.064291,,273,10.9,10.900064291,0.0,,,0.06429099999927246,0.06429099999927246
video_frame,165,P27,pick_place,1,,10.904,16.54336,,274,10.904,10.92054336,0.0,,,16.543360000000007,16.543360000000007
video_frame,166,P27,pick_place,1,,10.938,15.835942,,275,10.938,10.953835942000001,0.0,,,15.835942000000713,15.835942000000713
video_frame,167,P27,pick_place,1,,10.971,16.784646,,276,10.971,10.987784646,0.0,,,16.784645999999626,16.784645999999626
eeg_chunk,2725,P27,pick_place,1,,11.0,0.063592,,277,11.0,11.000063592,0.0,,,0.06359200000005671,0.06359200000005671
video_frame,168,P27,pick_place,1,,11.004000000000001,16.756337000000002,,278,11.004000000000001,11.020756337000002,0.0,,,16.756337000000343,16.756337000000343
video_frame,169,P27,pick_place,1,,11.038,14.936857,,279,11.038,11.052936857,0.0,,,14.936857000000359,14.936857000000359
video_frame,170,P27,pick_place,1,,11.071000000000002,17.107035,,280,11.071000000000002,11.088107035000002,0.0,,,17.107035000000437,17.107035000000437
eeg_chunk,2750,P27,pick_place,1,,11.1,0.064682,,281,11.1,11.100064682,0.0,,,0.06468199999964952,0.06468199999964952
video_frame,171,P27,pick_place,1,,11.104000000000001,14.026384,,282,11.104000000000001,11.118026384,0.0,,,14.026383999999226,14.026383999999226
video_frame,172,P27,pick_place,1,,11.138000000000002,17.370552,,283,11.138000000000002,11.155370552,0.0,,,17.37055199999915,17.37055199999915
video_frame,173,P27,pick_place,1,,11.171000000000001,15.326448,,284,11.171000000000001,11.186326448,0.0,,,15.326447999999715,15.326447999999715
eeg_chunk,2775,P27,pick_place,1,,11.2,0.064542,,285,11.2,11.200064542,0.0,,,0.06454200000050037,0.06454200000050037
video_frame,174,P27,pick_place,1,,11.205000000000002,16.928810000000002,,286,11.205000000000002,11.221928810000001,0.0,,,16.928809999999572,16.928809999999572
video_frame,175,P27,pick_place,1,,11.238,16.399306000000003,,287,11.238,11.254399306,0.0,,,16.39930600000028,16.39930600000028
video_frame,176,P27,pick_place,1,,11.271,17.255148,,288,11.271,11.288255148000001,0.0,,,17.255148000000275,17.255148000000275
eeg_chunk,2800,P27,pick_place,1,,11.3,0.064511,,289,11.3,11.300064511,0.0,,,0.06451099999971177,0.06451099999971177
video_frame,177,P27,pick_place,1,,11.304000000000002,16.345034000000002,,290,11.304000000000002,11.320345034000002,0.0,,,16.345034000000425,16.345034000000425
video_frame,178,P27,pick_place,1,,11.338000000000001,16.617551000000002,,291,11.338000000000001,11.354617551,0.0,,,16.61755099999951,16.61755099999951
video_frame,179,P27,pick_place,1,,11.371,18.647064999999998,,292,11.371,11.389647065,0.0,,,18.647064999999685,18.647064999999685
eeg_chunk,2825,P27,pick_place,1,,11.4,0.063212,,293,11.4,11.400063212000001,0.0,,,0.0632120000005898,0.0632120000005898
video_frame,180,P27,pick_place,1,,11.404,17.881125,,294,11.404,11.421881125,0.0,,,17.88112500000061,17.88112500000061
video_frame,181,P27,pick_place,1,,11.438,17.253916999999998,,295,11.438,11.455253917,0.0,,,17.253916999999674,17.253916999999674
video_frame,182,P27,pick_place,1,,11.471,15.882933,,296,11.471,11.486882933,0.0,,,15.882933000000321,15.882933000000321
eeg_chunk,2850,P27,pick_place,1,,11.5,0.063892,,297,11.5,11.500063892,0.0,,,0.06389200000000983,0.06389200000000983
video_frame,183,P27,pick_place,1,,11.505,17.141045,,298,11.505,11.522141045000001,0.0,,,17.141045000000688,17.141045000000688
video_frame,184,P27,pick_place,1,,11.538,19.749352,,299,11.538,11.557749352,0.0,,,19.74935199999983,19.74935199999983
video_frame,185,P27,pick_place,1,,11.571000000000002,16.011877000000002,,300,11.571000000000002,11.587011877000002,0.0,,,16.011877000000396,16.011877000000396
eeg_chunk,2875,P27,pick_place,1,,11.6,0.063331,,301,11.6,11.600063331,0.0,,,0.06333099999977776,0.06333099999977776
video_frame,186,P27,pick_place,1,,11.604000000000001,16.869367,,302,11.604000000000001,11.620869367000001,0.0,,,16.86936699999997,16.86936699999997
video_frame,187,P27,pick_place,1,,11.638000000000002,16.667082,,303,11.638000000000002,11.654667082000001,0.0,,,16.667081999999667,16.667081999999667
video_frame,188,P27,pick_place,1,,11.671000000000001,15.488013,,304,11.671000000000001,11.686488013000002,0.0,,,15.488013000000578,15.488013000000578
eeg_chunk,2900,P27,pick_place,1,,11.7,0.063872,,305,11.7,11.700063872,0.0,,,0.06387200000013138,0.06387200000013138
video_frame,189,P27,pick_place,1,,11.704,16.500811,,306,11.704,11.720500811,0.0,,,16.500811000000226,16.500811000000226
video_frame,190,P27,pick_place,1,,11.738,17.459313,,307,11.738,11.755459313,0.0,,,17.45931299999981,17.45931299999981
video_frame,191,P27,pick_place,1,,11.771,14.089438000000001,,308,11.771,11.785089438,0.0,,,14.089437999999177,14.089437999999177
eeg_chunk,2925,P27,pick_place,1,,11.8,0.06420200000000001,,309,11.8,11.800064202000002,0.0,,,0.06420200000079035,0.06420200000079035
video_frame,192,P27,pick_place,1,,11.805,14.144267,,310,11.805,11.819144267,0.0,,,14.14426700000071,14.14426700000071
video_frame,193,P27,pick_place,1,,11.838000000000001,16.798845999999998,,311,11.838000000000001,11.854798846000001,0.0,,,16.798846000000367,16.798846000000367
video_frame,194,P27,pick_place,1,,11.871,14.259241,,312,11.871,11.885259241,0.0,,,14.259240999999534,14.259240999999534
eeg_chunk,2950,P27,pick_place,1,,11.9,0.064871,,313,11.9,11.900064871,0.0,,,0.06487099999930024,0.06487099999930024
video_frame,195,P27,pick_place,1,,11.905000000000001,17.170526,,314,11.905000000000001,11.922170526,0.0,,,17.170525999999242,17.170525999999242
video_frame,196,P27,pick_place,1,,11.938,17.523244,,315,11.938,11.955523244,0.0,,,17.523243999999494,17.523243999999494
video_frame,197,P27,pick_place,1,,11.971,15.148112,,316,11.971,11.986148112,0.0,,,15.148112000000324,15.148112000000324
eeg_chunk,2975,P27,pick_place,1,,12.0,0.06417099999999999,,317,12.0,12.000064171,0.0,,,0.06417100000000175,0.06417100000000175
video_frame,198,P27,pick_place,1,,12.005,14.560918000000001,,318,12.005,12.019560918000002,0.0,,,14.560918000000811,14.560918000000811
video_frame,199,P27,pick_place,1,,12.038,13.927721,,319,12.038,12.051927721,0.0,,,13.927720999999949,13.927720999999949
video_frame,200,P27,pick_place,1,,12.071000000000002,15.458682000000001,,320,12.071000000000002,12.086458682000002,0.0,,,15.458682000000223,15.458682000000223
eeg_chunk,3000,P27,pick_place,1,,12.1,0.06352200000000001,,321,12.1,12.100063522,0.0,,,0.06352199999959396,0.06352199999959396
video_frame,201,P27,pick_place,1,,12.105,16.032397,,322,12.105,12.121032397,0.0,,,16.03239700000003,16.03239700000003
video_frame,202,P27,pick_place,1,,12.138000000000002,16.117939,,323,12.138000000000002,12.154117939000002,0.0,,,16.117939000000803,16.117939000000803
video_frame,203,P27,pick_place,1,,12.171000000000001,18.162153,,324,12.171000000000001,12.189162153000002,0.0,,,18.16215300000046,18.16215300000046
eeg_chunk,3025,P27,pick_place,1,,12.2,0.068782,,325,12.2,12.200068781999999,0.0,,,0.06878199999960088,0.06878199999960088
video_frame,204,P27,pick_place,1,,12.205000000000002,15.278177,,326,12.205000000000002,12.220278177000003,0.0,,,15.278177000000781,15.278177000000781
video_frame,205,P27,pick_place,1,,12.238,13.394198,,327,12.238,12.251394198,0.0,,,13.394198000000301,13.394198000000301
video_frame,206,P27,pick_place,1,,12.271,16.911991,,328,12.271,12.287911991000001,0.0,,,16.911991000000626,16.911991000000626
eeg_chunk,3050,P27,pick_place,1,,12.3,0.06338099999999999,,329,12.3,12.300063381000001,0.0,,,0.06338100000036206,0.06338100000036206
video_frame,207,P27,pick_place,1,,12.305,15.030959999999999,,330,12.305,12.32003096,0.0,,,15.030960000000704,15.030960000000704
video_frame,208,P27,pick_place,1,,12.338000000000001,14.652959,,331,12.338000000000001,12.352652959,0.0,,,14.6529589999993,14.6529589999993
video_frame,209,P27,pick_place,1,,12.371,18.15276,,332,12.371,12.38915276,0.0,,,18.152759999999546,18.152759999999546
eeg_chunk,3075,P27,pick_place,1,,12.4,0.064062,,333,12.4,12.400064062,0.0,,,0.06406199999986484,0.06406199999986484
video_frame,210,P27,pick_place,1,,12.405000000000001,15.77307,,334,12.405000000000001,12.420773070000001,0.0,,,15.773069999999834,15.773069999999834
video_frame,211,P27,pick_place,1,,12.438,16.839208000000003,,335,12.438,12.454839208000001,0.0,,,16.839208000000383,16.839208000000383
video_frame,212,P27,pick_place,1,,12.472000000000001,16.275612000000002,,336,12.472000000000001,12.488275612,0.0,,,16.275611999999384,16.275611999999384
eeg_chunk,3100,P27,pick_place,1,,12.5,0.064902,,337,12.5,12.500064902,0.0,,,0.06490200000008883,0.06490200000008883
video_frame,213,P27,pick_place,1,,12.505,17.092063,,338,12.505,12.522092063,0.0,,,17.09206299999977,17.09206299999977
video_frame,214,P27,pick_place,1,,12.538,16.535841,,339,12.538,12.554535841,0.0,,,16.535840999999607,16.535840999999607
video_frame,215,P27,pick_place,1,,12.572000000000001,16.16263,,340,12.572000000000001,12.588162630000001,0.0,,,16.162630000000178,16.162630000000178
eeg_chunk,3125,P27,pick_place,1,,12.6,0.06420200000000001,,341,12.6,12.600064202,0.0,,,0.06420200000079035,0.06420200000079035
video_frame,216,P27,pick_place,1,,12.605,14.440883999999999,,342,12.605,12.619440884000001,0.0,,,14.440884000000764,14.440884000000764
video_frame,217,P27,pick_place,1,,12.638000000000002,16.540010000000002,,343,12.638000000000002,12.654540010000002,0.0,,,16.54000999999994,16.54000999999994
video_frame,218,P27,pick_place,1,,12.672,14.931528,,344,12.672,12.686931528,0.0,,,14.931527999999972,14.931527999999972
eeg_chunk,3150,P27,pick_place,1,,12.7,0.063271,,345,12.7,12.700063271,0.0,,,0.06327100000014241,0.06327100000014241
video_frame,219,P27,pick_place,1,,12.705,16.898949,,346,12.705,12.721898949,0.0,,,16.898948999999774,16.898948999999774
video_frame,220,P27,pick_place,1,,12.738000000000001,15.01891,,347,12.738000000000001,12.753018910000002,0.0,,,15.018910000000218,15.018910000000218
video_frame,221,P27,pick_place,1,,12.772,16.528568999999997,,348,12.772,12.788528569,0.0,,,16.528569000000104,16.528569000000104
eeg_chunk,3175,P27,pick_place,1,,12.8,0.063072,,349,12.8,12.800063072,0.0,,,0.06307199999966429,0.06307199999966429
video_frame,222,P27,pick_place,1,,12.805000000000001,17.088715,,350,12.805000000000001,12.822088715000001,0.0,,,17.088714999999866,17.088714999999866
video_frame,223,P27,pick_place,1,,12.838000000000001,14.724822,,351,12.838000000000001,12.852724822,0.0,,,14.724821999999804,14.724821999999804
video_frame,224,P27,pick_place,1,,12.872000000000002,14.348182,,352,12.872000000000002,12.886348182000003,0.0,,,14.348182000000875,14.348182000000875
eeg_chunk,3200,P27,pick_place,1,,12.9,0.062262,,353,12.9,12.900062262,0.0,,,0.062262000000146145,0.062262000000146145
video_frame,225,P27,pick_place,1,,12.905000000000001,15.967645000000001,,354,12.905000000000001,12.920967645000001,0.0,,,15.96764499999992,15.96764499999992
video_frame,226,P27,pick_place,1,,12.938,14.23519,,355,12.938,12.952235190000001,0.0,,,14.235190000000841,14.235190000000841
video_frame,227,P27,pick_place,1,,12.972000000000001,17.135274999999996,,356,12.972000000000001,12.989135275,0.0,,,17.13527499999934,17.13527499999934
eeg_chunk,3225,P27,pick_place,1,,13.0,0.062301,,357,13.0,13.000062301,0.0,,,0.062300999999820306,0.062300999999820306
video_frame,228,P27,pick_place,1,,13.005,15.294388,,358,13.005,13.020294388,0.0,,,15.29438799999916,15.29438799999916
video_frame,229,P27,pick_place,1,,13.038,17.505056,,359,13.038,13.055505056,0.0,,,17.505055999999186,17.505055999999186
video_frame,230,P27,pick_place,1,,13.072000000000001,17.282778999999998,,360,13.072000000000001,13.089282779000001,0.0,,,17.282779000000303,17.282779000000303
eeg_chunk,3250,P27,pick_place,1,,13.1,0.063392,,361,13.1,13.100063392,0.0,,,0.06339199999949585,0.06339199999949585
video_frame,231,P27,pick_place,1,,13.105,14.802425000000001,,362,13.105,13.119802425,0.0,,,14.802424999999175,14.802424999999175
video_frame,232,P27,pick_place,1,,13.138000000000002,19.029425,,363,13.138000000000002,13.157029425000001,0.0,,,19.029424999999378,19.029424999999378
video_frame,233,P27,pick_place,1,,13.172,16.848077000000004,,364,13.172,13.188848077000001,0.0,,,16.848077000000572,16.848077000000572
eeg_chunk,3275,P27,pick_place,1,,13.2,0.06271199999999999,,365,13.2,13.200062712,0.0,,,0.06271200000007582,0.06271200000007582
video_frame,234,P27,pick_place,1,,13.205,15.179243999999999,,366,13.205,13.220179244,0.0,,,15.17924400000048,15.17924400000048
video_frame,235,P27,pick_place,1,,13.239,14.630441,,367,13.239,13.253630441,0.0,,,14.63044099999955,14.63044099999955
video_frame,236,P27,pick_place,1,,13.272,16.242932,,368,13.272,13.288242932000001,0.0,,,16.24293200000082,16.24293200000082
eeg_chunk,3300,P27,pick_place,1,,13.3,0.062571,,369,13.3,13.300062571000002,0.0,,,0.06257100000084392,0.06257100000084392
video_frame,237,P27,pick_place,1,,13.305000000000001,18.514139999999998,,370,13.305000000000001,13.323514140000002,0.0,,,18.514140000000623,18.514140000000623
video_frame,238,P27,pick_place,1,,13.339,18.0642,,371,13.339,13.3570642,0.0,,,18.06419999999953,18.06419999999953
video_frame,239,P27,pick_place,1,,13.372000000000002,15.877943,,372,13.372000000000002,13.387877943000001,0.0,,,15.877942999999561,15.877942999999561
eeg_chunk,3325,P27,pick_place,1,,13.4,0.062842,,373,13.4,13.400062842,0.0,,,0.06284200000017393,0.06284200000017393
video_frame,240,P27,pick_place,1,,13.405000000000001,18.929152,,374,13.405000000000001,13.423929152000001,0.0,,,18.929152000000116,18.929152000000116
video_frame,241,P27,pick_place,1,,13.439,13.210072,,375,13.439,13.452210072,0.0,,,13.210071999999684,13.210071999999684
video_frame,242,P27,pick_place,1,,13.472000000000001,15.620415,,376,13.472000000000001,13.487620415000002,0.0,,,15.620415000000776,15.620415000000776
eeg_chunk,3350,P27,pick_place,1,,13.5,0.062462000000000004,,377,13.5,13.500062462,0.0,,,0.06246200000070701,0.06246200000070701
video_frame,243,P27,pick_place,1,,13.505,15.791678000000001,,378,13.505,13.520791678,0.0,,,15.791677999999365,15.791677999999365
video_frame,244,P27,pick_place,1,,13.538,18.461570000000002,,379,13.538,13.55646157,0.0,,,18.461569999999483,18.461569999999483
video_frame,245,P27,pick_place,1,,13.572000000000001,16.53398,,380,13.572000000000001,13.588533980000001,0.0,,,16.53398000000017,16.53398000000017
eeg_chunk,3375,P27,pick_place,1,,13.6,0.061891,,381,13.6,13.600061891,0.0,,,0.061890999999647534,0.061890999999647534
video_frame,246,P27,pick_place,1,,13.605,19.489927,,382,13.605,13.624489927,0.0,,,19.489927000000407,19.489927000000407
video_frame,247,P27,pick_place,1,,13.639000000000001,16.352935000000002,,383,13.639000000000001,13.655352935000002,0.0,,,16.352935000000457,16.352935000000457
video_frame,248,P27,pick_place,1,,13.672,13.684564000000002,,384,13.672,13.685684564,0.0,,,13.684564000000066,13.684564000000066
eeg_chunk,3400,P27,pick_place,1,,13.7,0.062992,,385,13.7,13.700062992,0.0,,,0.06299200000015048,0.06299200000015048
video_frame,249,P27,pick_place,1,,13.705,15.825969999999998,,386,13.705,13.72082597,0.0,,,15.825969999999856,15.825969999999856
video_frame,250,P27,pick_place,1,,13.739,14.171358,,387,13.739,13.753171358000001,0.0,,,14.171358000000467,14.171358000000467
video_frame,251,P27,pick_place,1,,13.772,17.216247000000003,,388,13.772,13.789216247,0.0,,,17.21624700000035,17.21624700000035
eeg_chunk,3425,P27,pick_place,1,,13.8,0.062472,,389,13.8,13.800062472,0.0,,,0.062471999999758054,0.062471999999758054
video_frame,252,P27,pick_place,1,,13.805000000000001,15.73756,,390,13.805000000000001,13.820737560000001,0.0,,,15.737559999999817,15.737559999999817
video_frame,253,P27,pick_place,1,,13.839,16.569231,,391,13.839,13.855569231,0.0,,,16.569231000000073,16.569231000000073
video_frame,254,P27,pick_place,1,,13.872000000000002,14.464936999999999,,392,13.872000000000002,13.886464937000001,0.0,,,14.464936999999622,14.464936999999622
eeg_chunk,3450,P27,pick_place,1,,13.9,0.062571,,393,13.9,13.900062571000001,0.0,,,0.06257100000084392,0.06257100000084392
video_frame,255,P27,pick_place,1,,13.905000000000001,12.73663,,394,13.905000000000001,13.91773663,0.0,,,12.736629999999138,12.736629999999138
video_frame,256,P27,pick_place,1,,13.939,18.495872,,395,13.939,13.957495872,0.0,,,18.4958720000008,18.4958720000008
video_frame,257,P27,pick_place,1,,13.972000000000001,13.705866,,396,13.972000000000001,13.985705866000002,0.0,,,13.705866000000455,13.705866000000455
eeg_chunk,3475,P27,pick_place,1,,14.0,0.062282000000000004,,397,14.0,14.000062282,0.0,,,0.062282000000024595,0.062282000000024595
video_frame,258,P27,pick_place,1,,14.006,14.66639,,398,14.006,14.02066639,0.0,,,14.666390000000362,14.666390000000362
video_frame,259,P27,pick_place,1,,14.039000000000001,17.442154000000002,,399,14.039000000000001,14.056442154,0.0,,,17.442153999999377,17.442153999999377
video_frame,260,P27,pick_place,1,,14.073,16.236942000000003,,400,14.073,14.089236942000001,0.0,,,16.23694200000081,16.23694200000081
eeg_chunk,3500,P27,pick_place,1,,14.1,0.062951,,401,14.1,14.100062951,0.0,,,0.06295100000031084,0.06295100000031084
video_frame,261,P27,pick_place,1,,14.106000000000002,16.648432999999997,,402,14.106000000000002,14.122648433000002,0.0,,,16.648433000000296,16.648433000000296
video_frame,262,P27,pick_place,1,,14.139000000000001,13.957521999999999,,403,14.139000000000001,14.152957522000001,0.0,,,13.957522000000111,13.957522000000111
video_frame,263,P27,pick_place,1,,14.172,16.289452999999998,,404,14.172,14.188289453000001,0.0,,,16.28945300000062,16.28945300000062
eeg_chunk,3525,P27,pick_place,1,,14.2,0.062311,,405,14.2,14.200062311,0.0,,,0.06231100000064771,0.06231100000064771
video_frame,264,P27,pick_place,1,,14.206000000000001,15.967797000000001,,406,14.206000000000001,14.221967797000001,0.0,,,15.967797000000061,15.967797000000061
video_frame,265,P27,pick_place,1,,14.239,17.079872,,407,14.239,14.256079872,0.0,,,17.07987200000005,17.07987200000005
video_frame,266,P27,pick_place,1,,14.272,17.801434,,408,14.272,14.289801434000001,0.0,,,17.801434000000782,17.801434000000782
eeg_chunk,3550,P27,pick_place,1,,14.3,0.062661,,409,14.3,14.300062661,0.0,,,0.06266099999940877,0.06266099999940877
video_frame,267,P27,pick_place,1,,14.306000000000001,16.042707,,410,14.306000000000001,14.322042707000001,0.0,,,16.042707000000433,16.042707000000433
video_frame,268,P27,pick_place,1,,14.339,16.438927,,411,14.339,14.355438927,0.0,,,16.43892699999938,16.43892699999938
video_frame,269,P27,pick_place,1,,14.372000000000002,15.815052999999999,,412,14.372000000000002,14.387815053000002,0.0,,,15.815053000000745,15.815053000000745
eeg_chunk,3575,P27,pick_place,1,,14.4,0.062602,,413,14.4,14.400062602,0.0,,,0.06260199999985616,0.06260199999985616
video_frame,270,P27,pick_place,1,,14.406,16.135249,,414,14.406,14.422135249,0.0,,,16.13524899999952,16.13524899999952
video_frame,271,P27,pick_place,1,,14.439,16.580790999999998,,415,14.439,14.455580791000001,0.0,,,16.580791000000872,16.580791000000872
video_frame,272,P27,pick_place,1,,14.473,16.729995000000002,,416,14.473,14.489729995000001,0.0,,,16.729995000000386,16.729995000000386
eeg_chunk,3600,P27,pick_place,1,,14.5,0.062682,,417,14.5,14.500062682,0.0,,,0.06268199999936996,0.06268199999936996
video_frame,273,P27,pick_place,1,,14.506,16.573961,,418,14.506,14.522573961,0.0,,,16.573961000000637,16.573961000000637
video_frame,274,P27,pick_place,1,,14.539000000000001,14.21826,,419,14.539000000000001,14.553218260000001,0.0,,,14.218259999999816,14.218259999999816
video_frame,275,P27,pick_place,1,,14.572000000000001,15.889753,,420,14.572000000000001,14.587889753,0.0,,,15.889752999999729,15.889752999999729
eeg_chunk,3625,P27,pick_place,1,,14.6,0.062821,,421,14.6,14.600062821,0.0,,,0.06282100000021273,0.06282100000021273
video_frame,276,P27,pick_place,1,,14.605,16.273663,,422,14.605,14.621273663,0.0,,,16.27366299999977,16.27366299999977
video_frame,277,P27,pick_place,1,,14.639000000000001,16.858878,,423,14.639000000000001,14.655858878000002,0.0,,,16.858878000000743,16.858878000000743
video_frame,278,P27,pick_place,1,,14.672,16.658294,,424,14.672,14.688658294000001,0.0,,,16.65829400000085,16.65829400000085
eeg_chunk,3650,P27,pick_place,1,,14.7,0.062372,,425,14.7,14.700062372,0.0,,,0.0623720000003658,0.0623720000003658
video_frame,279,P27,pick_place,1,,14.706000000000001,16.808827,,426,14.706000000000001,14.722808827000001,0.0,,,16.808827000000193,16.808827000000193
video_frame,280,P27,pick_place,1,,14.739,16.893059,,427,14.739,14.755893059,0.0,,,16.893058999999155,16.893058999999155
video_frame,281,P27,pick_place,1,,14.773000000000001,16.483288,,428,14.773000000000001,14.789483288000001,0.0,,,16.483287999999874,16.483287999999874
eeg_chunk,3675,P27,pick_place,1,,14.8,0.062582,,429,14.8,14.800062582,0.0,,,0.06258199999997771,0.06258199999997771
video_frame,282,P27,pick_place,1,,14.806000000000001,14.373332,,430,14.806000000000001,14.820373332,0.0,,,14.373331999999905,14.373331999999905
video_frame,283,P27,pick_place,1,,14.839,15.673688,,431,14.839,14.854673688,0.0,,,15.673687999999686,15.673687999999686
video_frame,284,P27,pick_place,1,,14.872000000000002,16.490707999999998,,432,14.872000000000002,14.888490708,0.0,,,16.490707999999188,16.490707999999188
eeg_chunk,3700,P27,pick_place,1,,14.9,0.062261000000000004,,433,14.9,14.900062261,0.0,,,0.062261000000063405,0.062261000000063405
video_frame,285,P27,pick_place,1,,14.906,17.483573999999997,,434,14.906,14.923483574,0.0,,,17.48357399999989,17.48357399999989
video_frame,286,P27,pick_place,1,,14.939,14.556401,,435,14.939,14.953556401,0.0,,,14.556401000000108,14.556401000000108
video_frame,287,P27,pick_place,1,,14.973,16.738214999999997,,436,14.973,14.989738215000001,0.0,,,16.738215000000167,16.738215000000167
eeg_chunk,3725,P27,pick_place,1,,15.0,0.062882,,437,15.0,15.000062882,0.0,,,0.06288199999993083,0.06288199999993083
video_frame,288,P27,pick_place,1,,15.006,16.136029999999998,,438,15.006,15.02213603,0.0,,,16.13603000000019,16.13603000000019
video_frame,289,P27,pick_place,1,,15.039000000000001,13.976173999999999,,439,15.039000000000001,15.052976174000001,0.0,,,13.97617399999973,13.97617399999973
video_frame,290,P27,pick_place,1,,15.073,15.490762,,440,15.073,15.088490762000001,0.0,,,15.490762000000657,15.490762000000657
eeg_chunk,3750,P27,pick_place,1,,15.1,0.062632,,441,15.1,15.100062632,0.0,,,0.06263200000056202,0.06263200000056202
video_frame,291,P27,pick_place,1,,15.106000000000002,16.876008000000002,,442,15.106000000000002,15.122876008000002,0.0,,,16.876008000000553,16.876008000000553
video_frame,292,P27,pick_place,1,,15.139000000000001,17.466704000000004,,443,15.139000000000001,15.156466704000001,0.0,,,17.466704000000277,17.466704000000277
video_frame,293,P27,pick_place,1,,15.173,16.458548,,444,15.173,15.189458548,0.0,,,16.45854799999924,16.45854799999924
eeg_chunk,3775,P27,pick_place,1,,15.2,0.063211,,445,15.2,15.200063211,0.0,,,0.06321100000050706,0.06321100000050706
video_frame,294,P27,pick_place,1,,15.206000000000001,16.126829,,446,15.206000000000001,15.222126829,0.0,,,16.126828999999177,16.126828999999177
video_frame,295,P27,pick_place,1,,15.239,16.101008,,447,15.239,15.255101008,0.0,,,16.101007999999695,16.101007999999695
video_frame,296,P27,pick_place,1,,15.273000000000001,18.651815,,448,15.273000000000001,15.291651815000002,0.0,,,18.651815000000127,18.651815000000127
eeg_chunk,3800,P27,pick_place,1,,15.3,0.062322,,449,15.3,15.300062322,0.0,,,0.0623219999997815,0.0623219999997815
video_frame,297,P27,pick_place,1,,15.306000000000001,16.469457,,450,15.306000000000001,15.322469457,0.0,,,16.469456999999466,16.469456999999466
video_frame,298,P27,pick_place,1,,15.339,15.092753,,451,15.339,15.354092753,0.0,,,15.092752999999348,15.092752999999348
video_frame,299,P27,pick_place,1,,15.373000000000001,15.269369,,452,15.373000000000001,15.388269369000001,0.0,,,15.26936900000031,15.26936900000031
eeg_chunk,3825,P27,pick_place,1,,15.4,0.062622,,453,15.4,15.400062622,0.0,,,0.06262199999973461,0.06262199999973461
video_frame,300,P27,pick_place,1,,15.406,17.641848,,454,15.406,15.423641848,0.0,,,17.641848000000238,17.641848000000238
video_frame,301,P27,pick_place,1,,15.440000000000001,16.053348,,455,15.440000000000001,15.456053348000001,0.0,,,16.0533479999998,16.0533479999998
video_frame,302,P27,pick_place,1,,15.473,16.640683,,456,15.473,15.489640683000001,0.0,,,16.640683000000323,16.640683000000323
eeg_chunk,3850,P27,pick_place,1,,15.5,0.06295100000000001,,457,15.5,15.500062951,0.0,,,0.06295100000031084,0.06295100000031084
video_frame,303,P27,pick_place,1,,15.506,13.919301,,458,15.506,15.519919301,0.0,,,13.919300999999606,13.919300999999606
video_frame,304,P27,pick_place,1,,15.539000000000001,15.507662,,459,15.539000000000001,15.554507662,0.0,,,15.5076619999992,15.5076619999992
video_frame,305,P27,pick_place,1,,15.573,14.085155,,460,15.573,15.587085155,0.0,,,14.085155000000071,14.085155000000071
eeg_chunk,3875,P27,pick_place,1,,15.6,0.09757300000000001,,461,15.6,15.600097573,0.0,,,0.09757299999968438,0.09757299999968438
video_frame,306,P27,pick_place,1,,15.606000000000002,17.131205,,462,15.606000000000002,15.623131205000002,0.0,,,17.131205000000094,17.131205000000094
video_frame,307,P27,pick_place,1,,15.64,16.009425,,463,15.64,15.656009425,0.0,,,16.00942500000002,16.00942500000002
video_frame,308,P27,pick_place,1,,15.673,13.752979,,464,15.673,15.686752979,0.0,,,13.752978999999499,13.752978999999499
eeg_chunk,3900,P27,pick_place,1,,15.7,0.063862,,465,15.7,15.700063861999999,0.0,,,0.06386199999930398,0.06386199999930398
video_frame,309,P27,pick_place,1,,15.706000000000001,17.111365000000003,,466,15.706000000000001,15.723111365000001,0.0,,,17.11136499999988,17.11136499999988
video_frame,310,P27,pick_place,1,,15.74,11.161978000000001,,467,15.74,15.751161978,0.0,,,11.161978000000516,11.161978000000516
video_frame,311,P27,pick_place,1,,15.773000000000001,16.889758000000004,,468,15.773000000000001,15.789889758000001,0.0,,,16.88975799999959,16.88975799999959
eeg_chunk,3925,P27,pick_place,1,,15.8,0.062211,,469,15.8,15.800062211,0.0,,,0.0622109999994791,0.0622109999994791
video_frame,312,P27,pick_place,1,,15.806000000000001,13.729875,,470,15.806000000000001,15.819729875,0.0,,,13.729874999999225,13.729874999999225
video_frame,313,P27,pick_place,1,,15.839,15.436278999999999,,471,15.839,15.854436279,0.0,,,15.436278999999331,15.436278999999331
video_frame,314,P27,pick_place,1,,15.873000000000001,15.505564,,472,15.873000000000001,15.888505564,0.0,,,15.505563999999694,15.505563999999694
eeg_chunk,3950,P27,pick_place,1,,15.9,0.063332,,473,15.9,15.900063332,0.0,,,0.0633319999998605,0.0633319999998605
video_frame,315,P27,pick_place,1,,15.906,14.073205999999999,,474,15.906,15.920073206000001,0.0,,,14.073206000000837,14.073206000000837
video_frame,316,P27,pick_place,1,,15.939,14.949186999999998,,475,15.939,15.953949187,0.0,,,14.949186999999142,14.949186999999142
video_frame,317,P27,pick_place,1,,15.973,16.212901000000002,,476,15.973,15.989212901,0.0,,,16.21290099999939,16.21290099999939
eeg_chunk,3975,P27,pick_place,1,,16.0,0.062382,,477,16.0,16.000062382,0.0,,,0.06238199999941685,0.06238199999941685
video_frame,318,P27,pick_place,1,,16.006,15.478161,,478,16.006,16.021478161,0.0,,,15.478161000000767,15.478161000000767
video_frame,319,P27,pick_place,1,,16.04,15.993045,,479,16.04,16.055993044999997,0.0,,,15.993044999998318,15.993044999998318
video_frame,320,P27,pick_place,1,,16.073,16.380014,,480,16.073,16.089380014,0.0,,,16.38001399999922,16.38001399999922
eeg_chunk,4000,P27,pick_place,1,,16.1,0.063511,,481,16.1,16.100063511000002,0.0,,,0.06351100000046017,0.06351100000046017
video_frame,321,P27,pick_place,1,,16.107,15.124903,,482,16.107,16.122124903,0.0,,,15.124903000000245,15.124903000000245
video_frame,322,P27,pick_place,1,,16.14,16.192451,,483,16.14,16.156192451,0.0,,,16.192450999998442,16.192450999998442
video_frame,323,P27,pick_place,1,,16.173000000000002,18.589923,,484,16.173000000000002,16.191589923000002,0.0,,,18.589923000000397,18.589923000000397
eeg_chunk,4025,P27,pick_place,1,,16.2,0.063432,,485,16.2,16.200063432,0.0,,,0.06343200000102911,0.06343200000102911
video_frame,324,P27,pick_place,1,,16.206000000000003,14.912239,,486,16.206000000000003,16.220912239000004,0.0,,,14.912239000000937,14.912239000000937
video_frame,325,P27,pick_place,1,,16.240000000000002,16.50098,,487,16.240000000000002,16.256500980000002,0.0,,,16.50098,16.50098
video_frame,326,P27,pick_place,1,,16.273000000000003,16.907719,,488,16.273000000000003,16.289907719000002,0.0,,,16.907718999998878,16.907718999998878
eeg_chunk,4050,P27,pick_place,1,,16.3,0.062732,,489,16.3,16.300062732,0.0,,,0.06273199999995427,0.06273199999995427
video_frame,327,P27,pick_place,1,,16.306,16.533079,,490,16.306,16.322533079,0.0,,,16.53307899999845,16.53307899999845
video_frame,328,P27,pick_place,1,,16.340000000000003,17.309531000000003,,491,16.340000000000003,16.357309531000002,0.0,,,17.309530999998657,17.309530999998657
video_frame,329,P27,pick_place,1,,16.373,13.415066999999999,,492,16.373,16.386415067,0.0,,,13.415067000000391,13.415067000000391
eeg_chunk,4075,P27,pick_place,1,,16.4,0.062661,,493,16.4,16.400062661,0.0,,,0.06266100000118513,0.06266100000118513
video_frame,330,P27,pick_place,1,,16.407,16.377485999999998,,494,16.407,16.423377486,0.0,,,16.377485999999664,16.377485999999664
video_frame,331,P27,pick_place,1,,16.44,15.496283000000002,,495,16.44,16.455496283000002,0.0,,,15.496283000000943,15.496283000000943
video_frame,332,P27,pick_place,1,,16.473,16.399815,,496,16.473,16.489399815,0.0,,,16.399814999999762,16.399814999999762
eeg_chunk,4100,P27,pick_place,1,,16.5,0.062051999999999996,,497,16.5,16.500062052,0.0,,,0.062052000000534235,0.062052000000534235
video_frame,333,P27,pick_place,1,,16.506,13.971283,,498,16.506,16.519971283,0.0,,,13.971283000000057,13.971283000000057
video_frame,334,P27,pick_place,1,,16.54,13.941594,,499,16.54,16.553941593999998,0.0,,,13.941593999998503,13.941593999998503
video_frame,335,P27,pick_place,1,,16.573,12.882285,,500,16.573,16.585882285,0.0,,,12.882284999999882,12.882284999999882
eeg_chunk,4125,P27,pick_place,1,,16.6,0.062621,,501,16.6,16.600062621000003,0.0,,,0.06262100000142823,0.06262100000142823
video_frame,336,P27,pick_place,1,,16.607,18.137131999999998,,502,16.607,16.625137132,0.0,,,18.137131999999667,18.137131999999667
video_frame,337,P27,pick_place,1,,16.64,12.536924,,503,16.64,16.652536924,0.0,,,12.536923999999061,12.536923999999061
video_frame,338,P27,pick_place,1,,16.673000000000002,13.305786000000001,,504,16.673000000000002,16.686305786000002,0.0,,,13.305786000000097,13.305786000000097
eeg_chunk,4150,P27,pick_place,1,,16.7,0.06292199999999999,,505,16.7,16.700062922,0.0,,,0.06292200000146408,0.06292200000146408
video_frame,339,P27,pick_place,1,,16.706000000000003,14.330934000000001,,506,16.706000000000003,16.720330934000003,0.0,,,14.330934000000184,14.330934000000184
video_frame,340,P27,pick_place,1,,16.740000000000002,18.241233,,507,16.740000000000002,16.758241233000003,0.0,,,18.241233000001245,18.241233000001245
video_frame,341,P27,pick_place,1,,16.773000000000003,18.05152,,508,16.773000000000003,16.791051520000003,0.0,,,18.05152000000021,18.05152000000021
eeg_chunk,4175,P27,pick_place,1,,16.8,0.062301999999999996,,509,16.8,16.800062302,0.0,,,0.062301999999903046,0.062301999999903046
video_frame,342,P27,pick_place,1,,16.807000000000002,17.037102,,510,16.807000000000002,16.824037102000002,0.0,,,17.03710199999975,17.03710199999975
video_frame,343,P27,pick_place,1,,16.840000000000003,16.323104,,511,16.840000000000003,16.856323104000005,0.0,,,16.323104000001365,16.323104000001365
video_frame,344,P27,pick_place,1,,16.874000000000002,17.247567,,512,16.874000000000002,16.891247567,0.0,,,17.2475669999983,17.2475669999983
eeg_chunk,4200,P27,pick_place,1,,16.9,0.062991,,513,16.9,16.900062991,0.0,,,0.06299100000006774,0.06299100000006774
video_frame,345,P27,pick_place,1,,16.907,16.094518,,514,16.907,16.923094518,0.0,,,16.09451799999917,16.09451799999917
video_frame,346,P27,pick_place,1,,16.94,13.197301999999999,,515,16.94,16.953197302,0.0,,,13.197301999998245,13.197301999998245
video_frame,347,P27,pick_place,1,,16.973,16.581429999999997,,516,16.973,16.989581429999998,0.0,,,16.581429999998676,16.581429999998676
eeg_chunk,4225,P27,pick_place,1,,17.0,0.062642,,517,17.0,17.000062642,0.0,,,0.06264199999961306,0.06264199999961306
video_frame,348,P27,pick_place,1,,17.007,13.229671999999999,,518,17.007,17.020229672000003,0.0,,,13.229672000001358,13.229672000001358
video_frame,349,P27,pick_place,1,,17.04,17.132927,,519,17.04,17.057132926999998,0.0,,,17.132926999998688,17.132926999998688
video_frame,350,P27,pick_place,1,,17.073,16.913959,,520,17.073,17.089913959,0.0,,,16.913959000000034,16.913959000000034
eeg_chunk,4250,P27,pick_place,1,,17.1,0.062301999999999996,,521,17.1,17.100062302,0.0,,,0.062301999999903046,0.062301999999903046
video_frame,351,P27,pick_place,1,,17.107,16.251833,,522,17.107,17.123251832999998,0.0,,,16.251832999998328,16.251832999998328
video_frame,352,P27,pick_place,1,,17.14,16.726225,,523,17.14,17.156726225,0.0,,,16.726224999999317,16.726224999999317
video_frame,353,P27,pick_place,1,,17.174,18.600893,,524,17.174,17.192600892999998,0.0,,,18.600892999998564,18.600892999998564
eeg_chunk,4275,P27,pick_place,1,,17.2,0.06260099999999999,,525,17.2,17.200062601,0.0,,,0.06260099999977342,0.06260099999977342
video_frame,354,P27,pick_place,1,,17.207,14.193546999999999,,526,17.207,17.221193547000002,0.0,,,14.193547000001416,14.193547000001416
video_frame,355,P27,pick_place,1,,17.241,10.307016,,527,17.241,17.251307016,0.0,,,10.307015999998725,10.307015999998725
video_frame,356,P27,pick_place,1,,17.274,15.361959,,528,17.274,17.289361959,0.0,,,15.361958999999814,15.361958999999814
eeg_chunk,4300,P27,pick_place,1,,17.3,0.062492,,529,17.3,17.300062492000002,0.0,,,0.06249200000141286,0.06249200000141286
video_frame,357,P27,pick_place,1,,17.307000000000002,16.521839,,530,17.307000000000002,17.323521839,0.0,,,16.52183899999926,16.52183899999926
video_frame,358,P27,pick_place,1,,17.340000000000003,16.434117999999998,,531,17.340000000000003,17.356434118000003,0.0,,,16.434117999999387,16.434117999999387
video_frame,359,P27,pick_place,1,,17.374000000000002,17.111924,,532,17.374000000000002,17.391111924000004,0.0,,,17.11192400000172,17.11192400000172
eeg_chunk,4325,P27,pick_place,1,,17.4,0.062612,,533,17.4,17.400062612,0.0,,,0.06261200000068357,0.06261200000068357
video_frame,360,P27,pick_place,1,,17.407,16.989290999999998,,534,17.407,17.423989291,0.0,,,16.98929100000157,16.98929100000157
video_frame,361,P27,pick_place,1,,17.44,19.634790000000002,,535,17.44,17.459634790000003,0.0,,,19.634790000001345,19.634790000001345
video_frame,362,P27,pick_place,1,,17.474,17.508134,,536,17.474,17.491508134,0.0,,,17.508133999999842,17.508133999999842
eeg_chunk,4350,P27,pick_place,1,,17.5,0.062801,,537,17.5,17.500062801,0.0,,,0.06280099999855793,0.06280099999855793
video_frame,363,P27,pick_place,1,,17.507,17.74288,,538,17.507,17.52474288,0.0,,,17.742880000000127,17.742880000000127
video_frame,364,P27,pick_place,1,,17.54,15.848541,,539,17.54,17.555848541,0.0,,,15.848541000000438,15.848541000000438
video_frame,365,P27,pick_place,1,,17.574,15.79539,,540,17.574,17.589795390000003,0.0,,,15.795390000000964,15.795390000000964
eeg_chunk,4375,P27,pick_place,1,,17.6,0.062092,,541,17.6,17.600062092,0.0,,,0.062092000000291137,0.062092000000291137
video_frame,366,P27,pick_place,1,,17.607,14.365693999999998,,542,17.607,17.621365693999998,0.0,,,14.365693999998541,14.365693999998541
video_frame,367,P27,pick_place,1,,17.64,15.832832,,543,17.64,17.655832832,0.0,,,15.832832000000963,15.832832000000963
video_frame,368,P27,pick_place,1,,17.674,15.950505,,544,17.674,17.689950505,0.0,,,15.950504999999282,15.950504999999282
eeg_chunk,4400,P27,pick_place,1,,17.7,0.06252200000000001,,545,17.7,17.700062522,0.0,,,0.06252200000034236,0.06252200000034236
video_frame,369,P27,pick_place,1,,17.707,17.198476000000003,,546,17.707,17.724198476,0.0,,,17.198476000000795,17.198476000000795
video_frame,370,P27,pick_place,1,,17.740000000000002,15.649078,,547,17.740000000000002,17.755649078,0.0,,,15.64907799999915,15.64907799999915
video_frame,371,P27,pick_place,1,,17.774,16.367185,,548,17.774,17.790367185,0.0,,,16.367185000000006,16.367185000000006
eeg_chunk,4425,P27,pick_place,1,,17.8,0.062391,,549,17.8,17.800062391,0.0,,,0.06239100000016151,0.06239100000016151
video_frame,372,P27,pick_place,1,,17.807000000000002,16.17699,,550,17.807000000000002,17.823176990000004,0.0,,,16.176990000001723,16.176990000001723
video_frame,373,P27,pick_place,1,,17.841,16.886498999999997,,551,17.841,17.857886499000003,0.0,,,16.88649900000172,16.88649900000172
video_frame,374,P27,pick_place,1,,17.874000000000002,14.910826,,552,17.874000000000002,17.888910826000004,0.0,,,14.910826000001265,14.910826000001265
eeg_chunk,4450,P27,pick_place,1,,17.9,0.062412,,553,17.9,17.900062411999997,0.0,,,0.062411999998346346,0.062411999998346346
video_frame,375,P27,pick_place,1,,17.907,16.731444,,554,17.907,17.923731444,0.0,,,16.73144400000126,16.73144400000126
video_frame,376,P27,pick_place,1,,17.94,17.063904,,555,17.94,17.957063904,0.0,,,17.063904000000463,17.063904000000463
video_frame,377,P27,pick_place,1,,17.974,18.350686999999997,,556,17.974,17.992350687000002,0.0,,,18.350687000001642,18.350687000001642
eeg_chunk,4475,P27,pick_place,1,,18.0,0.062602,,557,18.0,18.000062602,0.0,,,0.06260199999985616,0.06260199999985616
video_frame,378,P27,pick_place,1,,18.007,15.489453,,558,18.007,18.022489453000002,0.0,,,15.489453000000708,15.489453000000708
video_frame,379,P27,pick_place,1,,18.041,17.277769000000003,,559,18.041,18.058277769,0.0,,,17.277768999999665,17.277768999999665
video_frame,380,P27,pick_place,1,,18.074,15.389662,,560,18.074,18.089389662000002,0.0,,,15.38966200000047,15.38966200000047
eeg_chunk,4500,P27,pick_place,1,,18.1,0.062370999999999996,,561,18.1,18.100062371,0.0,,,0.062370999998506704,0.062370999998506704
video_frame,381,P27,pick_place,1,,18.107,17.092254,,562,18.107,18.124092254,0.0,,,17.09225400000136,17.09225400000136
video_frame,382,P27,pick_place,1,,18.141,15.713769000000001,,563,18.141,18.156713769,0.0,,,15.71376900000132,15.71376900000132
video_frame,383,P27,pick_place,1,,18.174,16.269393,,564,18.174,18.190269393,0.0,,,16.26939300000174,16.26939300000174
eeg_chunk,4525,P27,pick_place,1,,18.2,0.062552,,565,18.2,18.200062552,0.0,,,0.06255199999927186,0.06255199999927186
video_frame,384,P27,pick_place,1,,18.207,16.16217,,566,18.207,18.223162170000002,0.0,,,16.162170000001197,16.162170000001197
video_frame,385,P27,pick_place,1,,18.241,13.711225,,567,18.241,18.254711225,0.0,,,13.711225000001548,13.711225000001548
video_frame,386,P27,pick_place,1,,18.274,13.650404000000002,,568,18.274,18.287650404,0.0,,,13.650403999999838,13.650403999999838
eeg_chunk,4550,P27,pick_place,1,,18.3,0.062621,,569,18.3,18.300062621000002,0.0,,,0.06262100000142823,0.06262100000142823
video_frame,387,P27,pick_place,1,,18.307000000000002,15.869743,,570,18.307000000000002,18.322869743000002,0.0,,,15.869742999999659,15.869742999999659
video_frame,388,P27,pick_place,1,,18.340000000000003,13.942891,,571,18.340000000000003,18.353942891000003,0.0,,,13.942890999999236,13.942890999999236
video_frame,389,P27,pick_place,1,,18.374000000000002,17.016372,,572,18.374000000000002,18.391016372000003,0.0,,,17.0163720000005,17.0163720000005
eeg_chunk,4575,P27,pick_place,1,,18.4,0.06349199999999999,,573,18.4,18.400063491999997,0.0,,,0.0634919999988881,0.0634919999988881
eeg_chunk,4600,P27,pick_place,1,,18.5,0.062402,,574,18.5,18.500062402,0.0,,,0.062402000001071656,0.062402000001071656
eeg_chunk,4625,P27,pick_place,1,,18.6,0.062891,,575,18.6,18.600062891,0.0,,,0.06289099999889913,0.06289099999889913
eeg_chunk,4650,P27,pick_place,1,,18.7,0.062042,,576,18.7,18.700062042,0.0,,,0.06204199999970683,0.06204199999970683
video_frame,390,P27,pick_place,1,,18.749000000000002,16.218700000000002,,577,18.749000000000002,18.765218700000002,0.0,,,16.218699999999586,16.218699999999586
video_frame,391,P27,pick_place,1,,18.774,15.270707,,578,18.774,18.789270707,0.0,,,15.270706999999106,15.270706999999106
eeg_chunk,4675,P27,pick_place,1,,18.8,0.062232,,579,18.8,18.800062232000002,0.0,,,0.06223200000121665,0.06223200000121665
video_frame,392,P27,pick_place,1,,18.808,16.710243000000002,,580,18.808,18.824710243,0.0,,,16.71024299999857,16.71024299999857
video_frame,393,P27,pick_place,1,,18.841,18.078760000000003,,581,18.841,18.859078760000003,0.0,,,18.078760000001637,18.078760000001637
video_frame,394,P27,pick_place,1,,18.874000000000002,15.558966,,582,18.874000000000002,18.889558966000003,0.0,,,15.558966000000396,15.558966000000396
eeg_chunk,4700,P27,pick_place,1,,18.9,0.062401,,583,18.9,18.900062401,0.0,,,0.062401000000988915,0.062401000000988915
video_frame,395,P27,pick_place,1,,18.908,17.00742,,584,18.908,18.92500742,0.0,,,17.007419999998774,17.007419999998774
video_frame,396,P27,pick_place,1,,18.941000000000003,15.670587999999999,,585,18.941000000000003,18.956670588,0.0,,,15.670587999998986,15.670587999998986
video_frame,397,P27,pick_place,1,,18.974,15.213254000000001,,586,18.974,18.989213254,0.0,,,15.213253999998955,15.213253999998955
eeg_chunk,4725,P27,pick_place,1,,19.0,0.062782,,587,19.0,19.000062782,0.0,,,0.06278200000053857,0.06278200000053857
video_frame,398,P27,pick_place,1,,19.007,20.279877,,588,19.007,19.027279877,0.0,,,20.279877000000113,20.279877000000113
video_frame,399,P27,pick_place,1,,19.041,17.836634,,589,19.041,19.058836634,0.0,,,17.83663399999824,17.83663399999824
video_frame,400,P27,pick_place,1,,19.074,16.879339,,590,19.074,19.090879339,0.0,,,16.87933899999905,16.87933899999905
eeg_chunk,4750,P27,pick_place,1,,19.1,0.063342,,591,19.1,19.100063342000002,0.0,,,0.0633420000006879,0.0633420000006879
video_frame,401,P27,pick_place,1,,19.108,16.16227,,592,19.108,19.12416227,0.0,,,16.162269999998813,16.162269999998813
video_frame,402,P27,pick_place,1,,19.141,14.994669,,593,19.141,19.155994669,0.0,,,14.994669000000016,14.994669000000016
video_frame,403,P27,pick_place,1,,19.174,15.360218999999999,,594,19.174,19.189360219,0.0,,,15.360219000001507,15.360219000001507
eeg_chunk,4775,P27,pick_place,1,,19.2,0.06295100000000001,,595,19.2,19.200062951,0.0,,,0.06295100000031084,0.06295100000031084
video_frame,404,P27,pick_place,1,,19.208,16.122970000000002,,596,19.208,19.22412297,0.0,,,16.122970000001402,16.122970000001402
video_frame,405,P27,pick_place,1,,19.241,14.59604,,597,19.241,19.25559604,0.0,,,14.596040000000698,14.596040000000698
video_frame,406,P27,pick_place,1,,19.274,15.35712,,598,19.274,19.289357120000002,0.0,,,15.35712000000089,15.35712000000089
eeg_chunk,4800,P27,pick_place,1,,19.3,0.062552,,599,19.3,19.300062552,0.0,,,0.06255199999927186,0.06255199999927186
video_frame,407,P27,pick_place,1,,19.308,14.99334,,600,19.308,19.32299334,0.0,,,14.993340000000188,14.993340000000188
video_frame,408,P27,pick_place,1,,19.341,15.539543,,601,19.341,19.356539543,0.0,,,15.539542999999156,15.539542999999156
video_frame,409,P27,pick_place,1,,19.375,15.411748999999999,,602,19.375,19.390411749,0.0,,,15.41174899999831,15.41174899999831
eeg_chunk,4825,P27,pick_place,1,,19.4,0.063062,,603,19.4,19.400063061999997,0.0,,,0.06306199999883688,0.06306199999883688
video_frame,410,P27,pick_place,1,,19.408,15.78085,,604,19.408,19.42378085,0.0,,,15.780849999998736,15.780849999998736
video_frame,411,P27,pick_place,1,,19.441000000000003,16.875238999999997,,605,19.441000000000003,19.457875239000003,0.0,,,16.875239000000875,16.875239000000875
video_frame,412,P27,pick_place,1,,19.475,13.100181000000001,,606,19.475,19.488100181,0.0,,,13.100180999998656,13.100180999998656
eeg_chunk,4850,P27,pick_place,1,,19.5,0.062411,,607,19.5,19.500062411,0.0,,,0.062410999998263605,0.062410999998263605
video_frame,413,P27,pick_place,1,,19.508000000000003,15.182053,,608,19.508000000000003,19.523182053000003,0.0,,,15.182053000000195,15.182053000000195
video_frame,414,P27,pick_place,1,,19.541,17.880464,,609,19.541,19.558880464,0.0,,,17.880464000000984,17.880464000000984
video_frame,415,P27,pick_place,1,,19.575000000000003,16.117068999999997,,610,19.575000000000003,19.591117069000003,0.0,,,16.117068999999873,16.117068999999873
eeg_chunk,4875,P27,pick_place,1,,19.6,0.062612,,611,19.6,19.600062612000002,0.0,,,0.06261200000068357,0.06261200000068357
video_frame,416,P27,pick_place,1,,19.608,13.587973,,612,19.608,19.621587973,0.0,,,13.58797299999992,13.58797299999992
video_frame,417,P27,pick_place,1,,19.641,16.046347,,613,19.641,19.657046346999998,0.0,,,16.046346999999628,16.046346999999628
video_frame,418,P27,pick_place,1,,19.675,14.695412999999999,,614,19.675,19.689695413,0.0,,,14.695412999998325,14.695412999998325
eeg_chunk,4900,P27,pick_place,1,,19.7,0.063052,,615,19.7,19.700063052,0.0,,,0.06305200000156219,0.06305200000156219
video_frame,419,P27,pick_place,1,,19.708,14.563538999999999,,616,19.708,19.722563539,0.0,,,14.563539000000958,14.563539000000958
video_frame,420,P27,pick_place,1,,19.741,16.367474,,617,19.741,19.757367474,0.0,,,16.36747399999905,16.36747399999905
video_frame,421,P27,pick_place,1,,19.775,17.68271,,618,19.775,19.792682709999998,0.0,,,17.68270999999899,17.68270999999899
eeg_chunk,4925,P27,pick_place,1,,19.8,0.062821,,619,19.8,19.800062821,0.0,,,0.06282100000021273,0.06282100000021273
video_frame,422,P27,pick_place,1,,19.808,15.005059000000001,,620,19.808,19.823005059,0.0,,,15.005058999999932,15.005058999999932
video_frame,423,P27,pick_place,1,,19.841,16.365706,,621,19.841,19.857365706,0.0,,,16.365705999998426,16.365705999998426
video_frame,424,P27,pick_place,1,,19.875,17.194048000000002,,622,19.875,19.892194048,0.0,,,17.19404800000035,17.19404800000035
eeg_chunk,4950,P27,pick_place,1,,19.9,0.061832,,623,19.9,19.900061832,0.0,,,0.06183200000009492,0.06183200000009492
video_frame,425,P27,pick_place,1,,19.908,19.735291999999998,,624,19.908,19.927735292,0.0,,,19.735292000000015,19.735292000000015
video_frame,426,P27,pick_place,1,,19.941000000000003,19.185259,,625,19.941000000000003,19.960185259000003,0.0,,,19.185259000000343,19.185259000000343
video_frame,427,P27,pick_place,1,,19.975,17.426114000000002,,626,19.975,19.992426114,0.0,,,17.42611399999916,17.42611399999916
eeg_chunk,4975,P27,pick_place,1,,20.0,0.06262200000000001,,627,20.0,20.000062622,0.0,,,0.06262200000151097,0.06262200000151097
video_frame,428,P27,pick_place,1,,20.008000000000003,15.296438,,628,20.008000000000003,20.023296438000003,0.0,,,15.296438000000023,15.296438000000023
video_frame,429,P27,pick_place,1,,20.041,16.231011999999996,,629,20.041,20.057231012,0.0,,,16.231011999998657,16.231011999998657
video_frame,430,P27,pick_place,1,,20.075000000000003,16.16086,,630,20.075000000000003,20.091160860000002,0.0,,,16.16085999999939,16.16085999999939
eeg_chunk,5000,P27,pick_place,1,,20.1,0.06313099999999999,,631,20.1,20.100063131000002,0.0,,,0.06313100000099325,0.06313100000099325
video_frame,431,P27,pick_place,1,,20.108,16.56536,,632,20.108,20.124565360000002,0.0,,,16.565360000001306,16.565360000001306
video_frame,432,P27,pick_place,1,,20.142000000000003,14.889346,,633,20.142000000000003,20.156889346000003,0.0,,,14.889346000000359,14.889346000000359
video_frame,433,P27,pick_place,1,,20.175,15.802922,,634,20.175,20.190802922,0.0,,,15.802921999998887,15.802921999998887
eeg_chunk,5025,P27,pick_place,1,,20.2,0.062262,,635,20.2,20.200062262,0.0,,,0.062262000000146145,0.062262000000146145
video_frame,434,P27,pick_place,1,,20.208,16.630591,,636,20.208,20.224630590999997,0.0,,,16.630590999998418,16.630590999998418
video_frame,435,P27,pick_place,1,,20.241,16.410914000000002,,637,20.241,20.257410914,0.0,,,16.410914000001497,16.410914000001497
video_frame,436,P27,pick_place,1,,20.275,19.396255,,638,20.275,20.294396255,0.0,,,19.396255000000195,19.396255000000195
eeg_chunk,5050,P27,pick_place,1,,20.3,0.062961,,639,20.3,20.300062961000002,0.0,,,0.06296100000113825,0.06296100000113825
video_frame,437,P27,pick_place,1,,20.308,16.802927,,640,20.308,20.324802927,0.0,,,16.802927000000523,16.802927000000523
video_frame,438,P27,pick_place,1,,20.342,17.166786,,641,20.342,20.359166786,0.0,,,17.166786000000656,17.166786000000656
video_frame,439,P27,pick_place,1,,20.375,12.924814,,642,20.375,20.387924814,0.0,,,12.924814000001561,12.924814000001561
eeg_chunk,5075,P27,pick_place,1,,20.4,0.061690999999999996,,643,20.4,20.400061690999998,0.0,,,0.06169099999908667,0.06169099999908667
video_frame,440,P27,pick_place,1,,20.408,17.846324,,644,20.408,20.425846324000002,0.0,,,17.846324000000635,17.846324000000635
video_frame,441,P27,pick_place,1,,20.442,14.374106000000001,,645,20.442,20.456374106000002,0.0,,,14.374106000001774,14.374106000001774
video_frame,442,P27,pick_place,1,,20.475,16.832937,,646,20.475,20.491832937,0.0,,,16.832937000000214,16.832937000000214
eeg_chunk,5100,P27,pick_place,1,,20.5,0.062002,,647,20.5,20.500062002,0.0,,,0.06200199999994993,0.06200199999994993
video_frame,443,P27,pick_place,1,,20.509,16.171291,,648,20.509,20.525171291,0.0,,,16.171290999999144,16.171290999999144
video_frame,444,P27,pick_place,1,,20.542,16.359715,,649,20.542,20.558359715,0.0,,,16.359715000000108,16.359715000000108
video_frame,445,P27,pick_place,1,,20.575,13.420539,,650,20.575,20.588420538999998,0.0,,,13.4205389999984,13.4205389999984
eeg_chunk,5125,P27,pick_place,1,,20.6,0.061571,,651,20.6,20.600061571,0.0,,,0.06157099999981597,0.06157099999981597
video_frame,446,P27,pick_place,1,,20.608,15.180055000000001,,652,20.608,20.623180055,0.0,,,15.180054999998305,15.180054999998305
video_frame,447,P27,pick_place,1,,20.642,14.712924000000001,,653,20.642,20.656712924,0.0,,,14.712924000001237,14.712924000001237
video_frame,448,P27,pick_place,1,,20.675,16.591881,,654,20.675,20.691591881,0.0,,,16.591881000000086,16.591881000000086
eeg_chunk,5150,P27,pick_place,1,,20.7,0.062032000000000004,,655,20.7,20.700062031999998,0.0,,,0.06203199999887943,0.06203199999887943
video_frame,449,P27,pick_place,1,,20.709,16.876419000000002,,656,20.709,20.725876419,0.0,,,16.876418999999032,16.876418999999032
video_frame,450,P27,pick_place,1,,20.742,15.378390000000001,,657,20.742,20.75737839,0.0,,,15.378389999998632,15.378389999998632
video_frame,451,P27,pick_place,1,,20.775000000000002,14.154947,,658,20.775000000000002,20.789154947000004,0.0,,,14.154947000001528,14.154947000001528
eeg_chunk,5175,P27,pick_place,1,,20.8,0.062211999999999996,,659,20.8,20.800062212,0.0,,,0.06221199999956184,0.06221199999956184
video_frame,452,P27,pick_place,1,,20.808,16.897469,,660,20.808,20.824897469,0.0,,,16.897468999999887,16.897468999999887
video_frame,453,P27,pick_place,1,,20.842000000000002,16.066229,,661,20.842000000000002,20.858066229000002,0.0,,,16.066228999999765,16.066228999999765
video_frame,454,P27,pick_place,1,,20.875,14.802164,,662,20.875,20.889802164,0.0,,,14.802163999998896,14.802163999998896
eeg_chunk,5200,P27,pick_place,1,,20.9,0.062661,,663,20.9,20.900062661,0.0,,,0.06266100000118513,0.06266100000118513
video_frame,455,P27,pick_place,1,,20.908,16.708925000000004,,664,20.908,20.924708925,0.0,,,16.708924999999653,16.708924999999653
video_frame,456,P27,pick_place,1,,20.942,14.072225,,665,20.942,20.956072225,0.0,,,14.072224999999605,14.072224999999605
video_frame,457,P27,pick_place,1,,20.975,17.535776,,666,20.975,20.992535776,0.0,,,17.535775999999004,17.535775999999004
eeg_chunk,5225,P27,pick_place,1,,21.0,0.062252,,667,21.0,21.000062252,0.0,,,0.06225199999931874,0.06225199999931874
video_frame,458,P27,pick_place,1,,21.008,10.526774,,668,21.008,21.018526773999998,0.0,,,10.526773999998795,10.526773999998795
video_frame,459,P27,pick_place,1,,21.042,15.727619,,669,21.042,21.057727619,0.0,,,15.727618999999748,15.727618999999748
video_frame,460,P27,pick_place,1,,21.075,15.635116,,670,21.075,21.090635115999998,0.0,,,15.635115999998561,15.635115999998561
eeg_chunk,5250,P27,pick_place,1,,21.1,0.062112,,671,21.1,21.100062112,0.0,,,0.06211199999839323,0.06211199999839323
video_frame,461,P27,pick_place,1,,21.109,17.367091000000002,,672,21.109,21.126367091000002,0.0,,,17.367091000000556,17.367091000000556
video_frame,462,P27,pick_place,1,,21.142,16.847566,,673,21.142,21.158847566,0.0,,,16.847565999999148,16.847565999999148
video_frame,463,P27,pick_place,1,,21.175,16.763745,,674,21.175,21.191763745,0.0,,,16.763744999998664,16.763744999998664
eeg_chunk,5275,P27,pick_place,1,,21.2,0.062371,,675,21.2,21.200062370999998,0.0,,,0.062370999998506704,0.062370999998506704
video_frame,464,P27,pick_place,1,,21.209,14.986239999999999,,676,21.209,21.22398624,0.0,,,14.98623999999893,14.98623999999893
video_frame,465,P27,pick_place,1,,21.242,16.619893,,677,21.242,21.258619893000002,0.0,,,16.61989300000144,16.61989300000144
video_frame,466,P27,pick_place,1,,21.275000000000002,10.386099,,678,21.275000000000002,21.285386099000004,0.0,,,10.386099000001536,10.386099000001536
eeg_chunk,5300,P27,pick_place,1,,21.3,0.062212,,679,21.3,21.300062212,0.0,,,0.06221199999956184,0.06221199999956184
video_frame,467,P27,pick_place,1,,21.309,17.251689,,680,21.309,21.326251689,0.0,,,17.251688999998294,17.251688999998294
video_frame,468,P27,pick_place,1,,21.342000000000002,16.295383,,681,21.342000000000002,21.358295383,0.0,,,16.29538299999922,16.29538299999922
video_frame,469,P27,pick_place,1,,21.375,17.101515,,682,21.375,21.392101515,0.0,,,17.101515000000234,17.101515000000234
eeg_chunk,5325,P27,pick_place,1,,21.4,0.062562,,683,21.4,21.400062562,0.0,,,0.06256200000009926,0.06256200000009926
video_frame,470,P27,pick_place,1,,21.409000000000002,15.77609,,684,21.409000000000002,21.42477609,0.0,,,15.776089999999243,15.776089999999243
video_frame,471,P27,pick_place,1,,21.442,17.163366999999997,,685,21.442,21.459163367,0.0,,,17.16336699999843,17.16336699999843
video_frame,472,P27,pick_place,1,,21.475,18.139573000000002,,686,21.475,21.493139573,0.0,,,18.13957299999913,18.13957299999913
eeg_chunk,5350,P27,pick_place,1,,21.5,0.062421,,687,21.5,21.500062421,0.0,,,0.06242099999909101,0.06242099999909101
video_frame,473,P27,pick_place,1,,21.509,17.401550999999998,,688,21.509,21.526401551,0.0,,,17.40155099999896,17.40155099999896
video_frame,474,P27,pick_place,1,,21.542,13.996244,,689,21.542,21.555996244000003,0.0,,,13.996244000001212,13.996244000001212
video_frame,475,P27,pick_place,1,,21.575,17.404542,,690,21.575,21.592404542,0.0,,,17.4045420000013,17.4045420000013
eeg_chunk,5375,P27,pick_place,1,,21.6,0.062262,,691,21.6,21.600062262,0.0,,,0.062262000000146145,0.062262000000146145
video_frame,476,P27,pick_place,1,,21.609,17.133005,,692,21.609,21.626133005000003,0.0,,,17.13300500000159,17.13300500000159
video_frame,477,P27,pick_place,1,,21.642,16.447318,,693,21.642,21.658447318,0.0,,,16.447318000000877,16.447318000000877
video_frame,478,P27,pick_place,1,,21.675,17.615439,,694,21.675,21.692615439,0.0,,,17.615439000000066,17.615439000000066
eeg_chunk,5400,P27,pick_place,1,,21.7,0.115303,,695,21.7,21.700115303,0.0,,,0.11530300000117677,0.11530300000117677
video_frame,479,P27,pick_place,1,,21.709,13.920301,,696,21.709,21.722920301,0.0,,,13.920300999998858,13.920300999998858
video_frame,480,P27,pick_place,1,,21.742,14.890747,,697,21.742,21.756890747,0.0,,,14.890746999999038,14.890746999999038
video_frame,481,P27,pick_place,1,,21.775000000000002,9.99182,,698,21.775000000000002,21.784991820000002,0.0,,,9.991819999999763,9.991819999999763
eeg_chunk,5425,P27,pick_place,1,,21.8,0.068422,,699,21.8,21.800068422,0.0,,,0.06842199999823606,0.06842199999823606
video_frame,482,P27,pick_place,1,,21.809,16.09991,,700,21.809,21.825099910000002,0.0,,,16.099910000001216,16.099910000001216
video_frame,483,P27,pick_place,1,,21.842000000000002,17.199075999999998,,701,21.842000000000002,21.859199076000003,0.0,,,17.1990760000007,17.1990760000007
video_frame,484,P27,pick_place,1,,21.876,16.309293,,702,21.876,21.892309293,0.0,,,16.30929299999906,16.30929299999906
eeg_chunk,5450,P27,pick_place,1,,21.9,0.062861,,703,21.9,21.900062861,0.0,,,0.06286099999996964,0.06286099999996964
video_frame,485,P27,pick_place,1,,21.909000000000002,19.334802999999997,,704,21.909000000000002,21.928334803000002,0.0,,,19.334802999999567,19.334802999999567
video_frame,486,P27,pick_place,1,,21.942,17.990997,,705,21.942,21.959990997,0.0,,,17.990996999998288,17.990996999998288
video_frame,487,P27,pick_place,1,,21.976,15.579624,,706,21.976,21.991579624,0.0,,,15.579624000000791,15.579624000000791
eeg_chunk,5475,P27,pick_place,1,,22.0,0.062942,,707,22.0,22.000062942,0.0,,,0.06294199999956618,0.06294199999956618
prediction_update,20000,P27,pick_place,1,pick_place_s1_20.000,22.0,31.969039,23.0,708,22.000062942,22.032031981,0.06294199999956618,0.0,True,32.03198099999938,32.03198099999938
video_frame,488,P27,pick_place,1,,22.009,20.466621,,709,22.032031981,22.052498602,23.031980999999035,,,43.498601999999664,43.498601999999664
video_frame,489,P27,pick_place,1,,22.042,17.34922,,710,22.052498602,22.069847822,10.498601999998414,,,27.847821999998246,27.847821999998246
video_frame,490,P27,pick_place,1,,22.076,15.966556,,711,22.076,22.091966556,0.0,,,15.966555999998633,15.966555999998633
eeg_chunk,5500,P27,pick_place,1,,22.1,0.062582,,712,22.1,22.100062582000003,0.0,,,0.06258200000175407,0.06258200000175407
video_frame,491,P27,pick_place,1,,22.109,16.407937,,713,22.109,22.125407937000002,0.0,,,16.407937000000317,16.407937000000317
video_frame,492,P27,pick_place,1,,22.142,19.862246,,714,22.142,22.161862246,0.0,,,19.862245999998862,19.862245999998862
video_frame,493,P27,pick_place,1,,22.175,14.872796,,715,22.175,22.189872796,0.0,,,14.8727959999988,14.8727959999988
eeg_chunk,5525,P27,pick_place,1,,22.2,0.062821,,716,22.2,22.200062821,0.0,,,0.06282100000021273,0.06282100000021273
video_frame,494,P27,pick_place,1,,22.209,14.787624,,717,22.209,22.223787624,0.0,,,14.787624000000221,14.787624000000221
video_frame,495,P27,pick_place,1,,22.243000000000002,14.097827999999998,,718,22.243000000000002,22.257097828000003,0.0,,,14.09782800000059,14.09782800000059
video_frame,496,P27,pick_place,1,,22.276,17.416983000000002,,719,22.276,22.293416983,0.0,,,17.416983000000386,17.416983000000386
eeg_chunk,5550,P27,pick_place,1,,22.3,0.062411999999999995,,720,22.3,22.300062412,0.0,,,0.062411999998346346,0.062411999998346346
video_frame,497,P27,pick_place,1,,22.309,11.722733000000002,,721,22.309,22.320722733,0.0,,,11.722732999999153,11.722732999999153
video_frame,498,P27,pick_place,1,,22.342000000000002,19.450505,,722,22.342000000000002,22.361450505,0.0,,,19.45050499999823,19.45050499999823
video_frame,499,P27,pick_place,1,,22.376,16.438716999999997,,723,22.376,22.392438717,0.0,,,16.43871699999977,16.43871699999977
eeg_chunk,5575,P27,pick_place,1,,22.4,0.063152,,724,22.4,22.400063151999998,0.0,,,0.06315199999917809,0.06315199999917809
video_frame,500,P27,pick_place,1,,22.409000000000002,15.046622000000001,,725,22.409000000000002,22.424046622000002,0.0,,,15.046621999999843,15.046621999999843
video_frame,501,P27,pick_place,1,,22.442,16.402047999999997,,726,22.442,22.458402048,0.0,,,16.40204799999978,16.40204799999978
video_frame,502,P27,pick_place,1,,22.476,17.464693999999998,,727,22.476,22.493464694,0.0,,,17.464694000000947,17.464694000000947
eeg_chunk,5600,P27,pick_place,1,,22.5,0.062231,,728,22.5,22.500062231,0.0,,,0.06223100000113391,0.06223100000113391
video_frame,503,P27,pick_place,1,,22.509,17.108435,,729,22.509,22.526108435,0.0,,,17.10843500000081,17.10843500000081
video_frame,504,P27,pick_place,1,,22.542,17.247749000000002,,730,22.542,22.559247749,0.0,,,17.247748999999146,17.247748999999146
video_frame,505,P27,pick_place,1,,22.576,17.529534,,731,22.576,22.593529534,0.0,,,17.529534000001235,17.529534000001235
eeg_chunk,5625,P27,pick_place,1,,22.6,0.062762,,732,22.6,22.600062762,0.0,,,0.06276199999888377,0.06276199999888377
video_frame,506,P27,pick_place,1,,22.609,15.593795000000002,,733,22.609,22.624593795000003,0.0,,,15.59379500000091,15.59379500000091
video_frame,507,P27,pick_place,1,,22.643,17.187516000000002,,734,22.643,22.660187516,0.0,,,17.187515999999903,17.187515999999903
video_frame,508,P27,pick_place,1,,22.676000000000002,17.646229,,735,22.676000000000002,22.693646229000002,0.0,,,17.646229000000346,17.646229000000346
eeg_chunk,5650,P27,pick_place,1,,22.7,0.062551,,736,22.7,22.700062551,0.0,,,0.06255099999918912,0.06255099999918912
video_frame,509,P27,pick_place,1,,22.709,16.230592,,737,22.709,22.725230592,0.0,,,16.230591999999433,16.230591999999433
video_frame,510,P27,pick_place,1,,22.743000000000002,10.44214,,738,22.743000000000002,22.75344214,0.0,,,10.442139999998545,10.442139999998545
video_frame,511,P27,pick_place,1,,22.776,17.500585,,739,22.776,22.793500585,0.0,,,17.500585000000513,17.500585000000513
eeg_chunk,5675,P27,pick_place,1,,22.8,0.062701,,740,22.8,22.800062701,0.0,,,0.06270100000094203,0.06270100000094203
video_frame,512,P27,pick_place,1,,22.809,14.178518,,741,22.809,22.823178518000002,0.0,,,14.178518000001361,14.178518000001361
video_frame,513,P27,pick_place,1,,22.843,15.032442,,742,22.843,22.858032442,0.0,,,15.03244199999898,15.03244199999898
video_frame,514,P27,pick_place,1,,22.876,16.475037999999998,,743,22.876,22.892475038,0.0,,,16.475037999999387,16.475037999999387
eeg_chunk,5700,P27,pick_place,1,,22.9,0.062361,,744,22.9,22.900062361,0.0,,,0.062361000001232014,0.062361000001232014
video_frame,515,P27,pick_place,1,,22.909000000000002,17.286969000000003,,745,22.909000000000002,22.926286969000003,0.0,,,17.286969000000596,17.286969000000596
video_frame,516,P27,pick_place,1,,22.942,17.058971999999997,,746,22.942,22.959058972,0.0,,,17.05897200000095,17.05897200000095
video_frame,517,P27,pick_place,1,,22.976,16.733985000000004,,747,22.976,22.992733984999997,0.0,,,16.73398499999834,16.73398499999834
eeg_chunk,5725,P27,pick_place,1,,23.0,0.063112,,748,23.0,23.000063112,0.0,,,0.06311199999942119,0.06311199999942119
prediction_update,21000,P27,pick_place,1,pick_place_s1_21.000,23.0,28.659066,24.0,749,23.000063112,23.028722178,0.06311199999942119,0.0,True,28.722177999998877,28.722177999998877
video_frame,518,P27,pick_place,1,,23.009,14.905487,,750,23.028722178,23.043627665,19.722177999998536,,,34.627664999998586,34.627664999998586
video_frame,519,P27,pick_place,1,,23.043,16.511149,,751,23.043627665,23.060138814,0.6276649999996664,,,17.13881399999906,17.13881399999906
video_frame,520,P27,pick_place,1,,23.076,16.753035,,752,23.076,23.092753035,0.0,,,16.753035000000693,16.753035000000693
eeg_chunk,5750,P27,pick_place,1,,23.1,0.063792,,753,23.1,23.100063792,0.0,,,0.06379199999884122,0.06379199999884122
video_frame,521,P27,pick_place,1,,23.111,14.352754000000001,,754,23.111,23.125352754,0.0,,,14.3527540000008,14.3527540000008
video_frame,522,P27,pick_place,1,,23.143,14.467177,,755,23.143,23.157467177,0.0,,,14.46717700000022,14.46717700000022
video_frame,523,P27,pick_place,1,,23.176000000000002,16.928659,,756,23.176000000000002,23.192928659000003,0.0,,,16.92865900000129,16.92865900000129
eeg_chunk,5775,P27,pick_place,1,,23.2,0.06373100000000001,,757,23.2,23.200063731,0.0,,,0.06373100000089948,0.06373100000089948
video_frame,524,P27,pick_place,1,,23.209,15.598256,,758,23.209,23.224598256,0.0,,,15.598256000000532,15.598256000000532
video_frame,525,P27,pick_place,1,,23.243000000000002,14.497976,,759,23.243000000000002,23.257497976000003,0.0,,,14.497976000001245,14.497976000001245
video_frame,526,P27,pick_place,1,,23.276,20.152084000000002,,760,23.276,23.296152084,0.0,,,20.15208399999935,20.15208399999935
eeg_chunk,5800,P27,pick_place,1,,23.3,0.062972,,761,23.3,23.300062972,0.0,,,0.06297199999849568,0.06297199999849568
video_frame,527,P27,pick_place,1,,23.310000000000002,14.825446999999999,,762,23.310000000000002,23.324825447000002,0.0,,,14.82544699999977,14.82544699999977
video_frame,528,P27,pick_place,1,,23.343,14.722272,,763,23.343,23.357722272,0.0,,,14.722272000000203,14.722272000000203
video_frame,529,P27,pick_place,1,,23.376,14.974689999999999,,764,23.376,23.39097469,0.0,,,14.974689999998958,14.974689999998958
eeg_chunk,5825,P27,pick_place,1,,23.4,0.063072,,765,23.4,23.400063072,0.0,,,0.06307199999966429,0.06307199999966429
video_frame,530,P27,pick_place,1,,23.41,16.007096,,766,23.41,23.426007096,0.0,,,16.007095999999166,16.007095999999166
video_frame,531,P27,pick_place,1,,23.443,18.137881999999998,,767,23.443,23.461137882000003,0.0,,,18.137882000001326,18.137882000001326
video_frame,532,P27,pick_place,1,,23.476,14.983921,,768,23.476,23.490983920999998,0.0,,,14.983920999998901,14.983920999998901
eeg_chunk,5850,P27,pick_place,1,,23.5,0.062601,,769,23.5,23.500062601,0.0,,,0.06260099999977342,0.06260099999977342
video_frame,533,P27,pick_place,1,,23.51,16.974442000000003,,770,23.51,23.526974442,0.0,,,16.974441999998646,16.974441999998646
video_frame,534,P27,pick_place,1,,23.543,14.64216,,771,23.543,23.55764216,0.0,,,14.64216000000107,14.64216000000107
video_frame,535,P27,pick_place,1,,23.576,15.835832,,772,23.576,23.591835832,0.0,,,15.835832000000494,15.835832000000494
eeg_chunk,5875,P27,pick_place,1,,23.6,0.061852,,773,23.6,23.600061852000003,0.0,,,0.06185200000174973,0.06185200000174973
video_frame,536,P27,pick_place,1,,23.61,13.564753,,774,23.61,23.623564753,0.0,,,13.564753000000707,13.564753000000707
video_frame,537,P27,pick_place,1,,23.643,16.418706,,775,23.643,23.659418706,0.0,,,16.418705999999617,16.418705999999617
video_frame,538,P27,pick_place,1,,23.676000000000002,16.586801,,776,23.676000000000002,23.692586801,0.0,,,16.586800999998985,16.586800999998985
eeg_chunk,5900,P27,pick_place,1,,23.7,0.053491,,777,23.7,23.700053491,0.0,,,0.05349099999918394,0.05349099999918394
video_frame,539,P27,pick_place,1,,23.71,16.694543,,778,23.71,23.726694543,0.0,,,16.69454299999984,16.69454299999984
video_frame,540,P27,pick_place,1,,23.743000000000002,14.61271,,779,23.743000000000002,23.757612710000004,0.0,,,14.612710000001528,14.612710000001528
video_frame,541,P27,pick_place,1,,23.776,16.473339999999997,,780,23.776,23.79247334,0.0,,,16.473340000001002,16.473340000001002
eeg_chunk,5925,P27,pick_place,1,,23.8,0.055102,,781,23.8,23.800055102,0.0,,,0.05510200000102827,0.05510200000102827
video_frame,542,P27,pick_place,1,,23.810000000000002,18.766498,,782,23.810000000000002,23.828766498000004,0.0,,,18.76649800000152,18.76649800000152
video_frame,543,P27,pick_place,1,,23.843,16.612322000000002,,783,23.843,23.859612322,0.0,,,16.61232200000029,16.61232200000029
video_frame,544,P27,pick_place,1,,23.876,17.504514999999998,,784,23.876,23.893504515,0.0,,,17.504514999998833,17.504514999998833
eeg_chunk,5950,P27,pick_place,1,,23.9,0.063902,,785,23.9,23.900063902,0.0,,,0.06390200000083723,0.06390200000083723
video_frame,545,P27,pick_place,1,,23.91,17.029412,,786,23.91,23.927029412,0.0,,,17.02941199999941,17.02941199999941
video_frame,546,P27,pick_place,1,,23.943,16.667122999999997,,787,23.943,23.959667123000003,0.0,,,16.667123000001283,16.667123000001283
video_frame,547,P27,pick_place,1,,23.976,14.716854,,788,23.976,23.990716854,0.0,,,14.716853999999557,14.716853999999557
eeg_chunk,5975,P27,pick_place,1,,24.0,0.063411,,789,24.0,24.000063411,0.0,,,0.06341099999929156,0.06341099999929156
prediction_update,22000,P27,pick_place,1,pick_place_s1_22.000,24.0,35.886348999999996,25.0,790,24.000063411,24.035949759999998,0.06341099999929156,0.0,True,35.94975999999761,35.94975999999761
video_frame,548,P27,pick_place,1,,24.01,16.972651999999997,,791,24.035949759999998,24.052922411999997,25.949759999996047,,,42.9224119999958,42.9224119999958
video_frame,549,P27,pick_place,1,,24.043,16.378564,,792,24.052922411999997,24.069300975999997,9.922411999998104,,,26.300975999998144,26.300975999998144
video_frame,550,P27,pick_place,1,,24.076,15.524112,,793,24.076,24.091524112000002,0.0,,,15.524112000001367,15.524112000001367
eeg_chunk,6000,P27,pick_place,1,,24.1,0.063452,,794,24.1,24.100063452,0.0,,,0.0634519999991312,0.0634519999991312
video_frame,551,P27,pick_place,1,,24.11,13.631797,,795,24.11,24.123631796999998,0.0,,,13.631796999998613,13.631796999998613
video_frame,552,P27,pick_place,1,,24.143,18.091961,,796,24.143,24.161091961,0.0,,,18.091960999999657,18.091960999999657
video_frame,553,P27,pick_place,1,,24.177,15.353429,,797,24.177,24.192353429,0.0,,,15.353429000001029,15.353429000001029
eeg_chunk,6025,P27,pick_place,1,,24.2,0.063442,,798,24.2,24.200063441999998,0.0,,,0.0634419999983038,0.0634419999983038
video_frame,554,P27,pick_place,1,,24.21,14.263321000000001,,799,24.21,24.224263321000002,0.0,,,14.263321000001383,14.263321000001383
video_frame,555,P27,pick_place,1,,24.243000000000002,16.661763,,800,24.243000000000002,24.259661763,0.0,,,16.66176299999833,16.66176299999833
video_frame,556,P27,pick_place,1,,24.277,10.477362000000001,,801,24.277,24.287477362,0.0,,,10.477361999999601,10.477361999999601
eeg_chunk,6050,P27,pick_place,1,,24.3,0.06403199999999999,,802,24.3,24.300064032,0.0,,,0.06403200000093534,0.06403200000093534
video_frame,557,P27,pick_place,1,,24.310000000000002,17.469695,,803,24.310000000000002,24.327469695,0.0,,,17.469694999999064,17.469694999999064
video_frame,558,P27,pick_place,1,,24.343,13.438437999999998,,804,24.343,24.356438438,0.0,,,13.43843800000144,13.43843800000144
video_frame,559,P27,pick_place,1,,24.377000000000002,14.567680000000001,,805,24.377000000000002,24.39156768,0.0,,,14.567679999998973,14.567679999998973
eeg_chunk,6075,P27,pick_place,1,,24.4,0.062971,,806,24.4,24.400062970999997,0.0,,,0.06297099999841294,0.06297099999841294
video_frame,560,P27,pick_place,1,,24.41,13.832287,,807,24.41,24.423832287,0.0,,,13.83228699999961,13.83228699999961
video_frame,561,P27,pick_place,1,,24.443,15.957854000000001,,808,24.443,24.458957854,0.0,,,15.957853999999827,15.957853999999827
video_frame,562,P27,pick_place,1,,24.477,15.624117,,809,24.477,24.492624117000002,0.0,,,15.624117000001547,15.624117000001547
eeg_chunk,6100,P27,pick_place,1,,24.5,0.062642,,810,24.5,24.500062642,0.0,,,0.06264199999961306,0.06264199999961306
video_frame,563,P27,pick_place,1,,24.51,61.655691999999995,,811,24.51,24.571655692,0.0,,,61.65569199999865,61.65569199999865
video_frame,564,P27,pick_place,1,,24.543,16.947411,,812,24.571655692,24.588603103,28.655692000000954,,,45.603103000001255,45.603103000001255
video_frame,565,P27,pick_place,1,,24.577,16.92895,,813,24.588603103,24.605532053,11.603102999998782,,,28.53205299999928,28.53205299999928
eeg_chunk,6125,P27,pick_place,1,,24.6,0.062342,,814,24.605532053,24.605594395,5.532052999999593,,,5.594394999999253,5.594394999999253
video_frame,566,P27,pick_place,1,,24.61,13.280384999999999,,815,24.61,24.623280385,0.0,,,13.280385000001615,13.280385000001615
video_frame,567,P27,pick_place,1,,24.643,17.932615999999996,,816,24.643,24.660932616,0.0,,,17.932615999999513,17.932615999999513
video_frame,568,P27,pick_place,1,,24.677,15.304967000000001,,817,24.677,24.692304967,0.0,,,15.304966999998726,15.304966999998726
eeg_chunk,6150,P27,pick_place,1,,24.7,0.06320100000000001,,818,24.7,24.700063201,0.0,,,0.06320099999967965,0.06320099999967965
video_frame,569,P27,pick_place,1,,24.71,15.910926,,819,24.71,24.725910926,0.0,,,15.910926000000103,15.910926000000103
video_frame,570,P27,pick_place,1,,24.743000000000002,15.904123,,820,24.743000000000002,24.758904123,0.0,,,15.904122999998549,15.904122999998549
video_frame,571,P27,pick_place,1,,24.777,16.255233,,821,24.777,24.793255233,0.0,,,16.25523299999898,16.25523299999898
eeg_chunk,6175,P27,pick_place,1,,24.8,0.063082,,822,24.8,24.800063082,0.0,,,0.06308200000049169,0.06308200000049169
video_frame,572,P27,pick_place,1,,24.810000000000002,10.626756,,823,24.810000000000002,24.820626756000003,0.0,,,10.626756000000626,10.626756000000626
video_frame,573,P27,pick_place,1,,24.843,16.422607,,824,24.843,24.859422607,0.0,,,16.42260699999909,16.42260699999909
video_frame,574,P27,pick_place,1,,24.877000000000002,15.84207,,825,24.877000000000002,24.892842070000004,0.0,,,15.842070000001485,15.842070000001485
eeg_chunk,6200,P27,pick_place,1,,24.9,0.062582,,826,24.9,24.900062582,0.0,,,0.06258200000175407,0.06258200000175407
video_frame,575,P27,pick_place,1,,24.91,16.242442,,827,24.91,24.926242442,0.0,,,16.242441999999357,16.242441999999357
video_frame,576,P27,pick_place,1,,24.944,16.693722,,828,24.944,24.960693722,0.0,,,16.69372199999941,16.69372199999941
video_frame,577,P27,pick_place,1,,24.977,17.877705000000002,,829,24.977,24.994877705,0.0,,,17.877705000000077,17.877705000000077
eeg_chunk,6225,P27,pick_place,1,,25.0,0.061980999999999994,,830,25.0,25.000061981,0.0,,,0.061981000001765096,0.061981000001765096
prediction_update,23000,P27,pick_place,1,pick_place_s1_23.000,25.0,35.132374999999996,26.0,831,25.000061981,25.035194356,0.061981000001765096,0.0,True,35.19435600000165,35.19435600000165
video_frame,578,P27,pick_place,1,,25.01,14.841725,,832,25.035194356,25.050036081000002,25.194356000000084,,,40.03608100000022,40.03608100000022
video_frame,579,P27,pick_place,1,,25.043,17.186025,,833,25.050036081000002,25.067222106000003,7.036081000002525,,,24.222106000003407,24.222106000003407
video_frame,580,P27,pick_place,1,,25.077,13.769296,,834,25.077,25.090769296,0.0,,,13.769295999999542,13.769295999999542
eeg_chunk,6250,P27,pick_place,1,,25.1,0.062822,,835,25.1,25.100062822,0.0,,,0.06282200000029547,0.06282200000029547
video_frame,581,P27,pick_place,1,,25.11,14.227171,,836,25.11,25.124227171,0.0,,,14.227171000001704,14.227171000001704
video_frame,582,P27,pick_place,1,,25.144000000000002,16.782787,,837,25.144000000000002,25.160782787000002,0.0,,,16.782787000000354,16.782787000000354
video_frame,583,P27,pick_place,1,,25.177,16.142768999999998,,838,25.177,25.193142768999998,0.0,,,16.142768999998225,16.142768999998225
eeg_chunk,6275,P27,pick_place,1,,25.2,0.061782000000000004,,839,25.2,25.200061782,0.0,,,0.06178199999951062,0.06178199999951062
video_frame,584,P27,pick_place,1,,25.21,15.285516999999999,,840,25.21,25.225285517,0.0,,,15.285516999998805,15.285516999998805
video_frame,585,P27,pick_place,1,,25.244,16.760276,,841,25.244,25.260760276,0.0,,,16.760275999999408,16.760275999999408
video_frame,586,P27,pick_place,1,,25.277,17.305311,,842,25.277,25.294305311000002,0.0,,,17.30531100000121,17.30531100000121
eeg_chunk,6300,P27,pick_place,1,,25.3,0.064161,,843,25.3,25.300064161,0.0,,,0.06416100000095071,0.06416100000095071
video_frame,587,P27,pick_place,1,,25.311,15.914704000000002,,844,25.311,25.326914704,0.0,,,15.914704000000057,15.914704000000057
video_frame,588,P27,pick_place,1,,25.344,17.02697,,845,25.344,25.36102697,0.0,,,17.026969999999864,17.026969999999864
video_frame,589,P27,pick_place,1,,25.377000000000002,15.42098,,846,25.377000000000002,25.39242098,0.0,,,15.420979999998252,15.420979999998252
eeg_chunk,6325,P27,pick_place,1,,25.4,0.063102,,847,25.4,25.400063101999997,0.0,,,0.06310199999859378,0.06310199999859378
video_frame,590,P27,pick_place,1,,25.41,14.833737,,848,25.41,25.424833737,0.0,,,14.833737000000013,14.833737000000013
video_frame,591,P27,pick_place,1,,25.444,16.791657,,849,25.444,25.460791656999998,0.0,,,16.79165699999885,16.79165699999885
video_frame,592,P27,pick_place,1,,25.477,17.459332999999997,,850,25.477,25.494459333000002,0.0,,,17.459333000001465,17.459333000001465
eeg_chunk,6350,P27,pick_place,1,,25.5,0.062532,,851,25.5,25.500062532,0.0,,,0.06253200000116976,0.06253200000116976
video_frame,593,P27,pick_place,1,,25.51,11.154139,,852,25.51,25.521154139,0.0,,,11.154138999998509,11.154138999998509
video_frame,594,P27,pick_place,1,,25.544,18.173034,,853,25.544,25.562173034,0.0,,,18.173034000000143,18.173034000000143
video_frame,595,P27,pick_place,1,,25.577,14.481005,,854,25.577,25.591481005000002,0.0,,,14.48100500000038,14.48100500000038
eeg_chunk,6375,P27,pick_place,1,,25.6,0.062861,,855,25.6,25.600062861,0.0,,,0.06286099999996964,0.06286099999996964
video_frame,596,P27,pick_place,1,,25.611,17.648388,,856,25.611,25.628648388000002,0.0,,,17.648388000001347,17.648388000001347
video_frame,597,P27,pick_place,1,,25.644000000000002,17.322639,,857,25.644000000000002,25.661322639,0.0,,,17.32263899999964,17.32263899999964
video_frame,598,P27,pick_place,1,,25.677,14.516598,,858,25.677,25.691516598,0.0,,,14.516598000000158,14.516598000000158
eeg_chunk,6400,P27,pick_place,1,,25.7,0.064101,,859,25.7,25.700064101,0.0,,,0.064100999999539,0.064100999999539
video_frame,599,P27,pick_place,1,,25.711000000000002,16.776816000000004,,860,25.711000000000002,25.727776816000002,0.0,,,16.77681600000014,16.77681600000014
video_frame,600,P27,pick_place,1,,25.744,17.151664999999998,,861,25.744,25.761151665,0.0,,,17.151665000000094,17.151665000000094
video_frame,601,P27,pick_place,1,,25.777,16.632851,,862,25.777,25.793632851,0.0,,,16.63285100000067,16.63285100000067
eeg_chunk,6425,P27,pick_place,1,,25.8,0.062912,,863,25.8,25.800062912,0.0,,,0.06291200000063668,0.06291200000063668
video_frame,602,P27,pick_place,1,,25.811,14.706422,,864,25.811,25.825706422,0.0,,,14.70642199999972,14.70642199999972
video_frame,603,P27,pick_place,1,,25.844,14.774505,,865,25.844,25.858774505,0.0,,,14.774504999998328,14.774504999998328
video_frame,604,P27,pick_place,1,,25.877000000000002,15.626555,,866,25.877000000000002,25.892626555000003,0.0,,,15.626555000000764,15.626555000000764
eeg_chunk,6450,P27,pick_place,1,,25.9,0.063292,,867,25.9,25.900063292,0.0,,,0.0632920000001036,0.0632920000001036
video_frame,605,P27,pick_place,1,,25.911,14.739583,,868,25.911,25.925739583000002,0.0,,,14.739583000000778,14.739583000000778
video_frame,606,P27,pick_place,1,,25.944,17.015362,,869,25.944,25.961015361999998,0.0,,,17.015361999998646,17.015361999998646
video_frame,607,P27,pick_place,1,,25.977,15.737,,870,25.977,25.992737,0.0,,,15.737000000001444,15.737000000001444
eeg_chunk,6475,P27,pick_place,1,,26.0,0.062781,,871,26.0,26.000062781,0.0,,,0.06278100000045583,0.06278100000045583
prediction_update,24000,P27,pick_place,1,pick_place_s1_24.000,26.0,30.613156,27.0,872,26.000062781,26.030675937,0.06278100000045583,0.0,True,30.675937000001596,30.675937000001596
video_frame,608,P27,pick_place,1,,26.011,14.908247,,873,26.030675937,26.045584184000003,19.675937000002364,,,34.584184000003404,34.584184000003404
video_frame,609,P27,pick_place,1,,26.044,15.927154000000002,,874,26.045584184000003,26.061511338000003,1.5841840000021534,,,17.51133800000204,17.51133800000204
video_frame,610,P27,pick_place,1,,26.077,17.309350000000002,,875,26.077,26.094309350000003,0.0,,,17.309350000001444,17.309350000001444
eeg_chunk,6500,P27,pick_place,1,,26.1,0.062722,,876,26.1,26.100062722,0.0,,,0.06272199999912687,0.06272199999912687
video_frame,611,P27,pick_place,1,,26.111,16.323203,,877,26.111,26.127323203,0.0,,,16.323202999998898,16.323202999998898
video_frame,612,P27,pick_place,1,,26.144000000000002,18.015069,,878,26.144000000000002,26.162015069000002,0.0,,,18.015069000000494,18.015069000000494
video_frame,613,P27,pick_place,1,,26.177,17.009262999999997,,879,26.177,26.194009262999998,0.0,,,17.009262999998498,17.009262999998498
eeg_chunk,6525,P27,pick_place,1,,26.2,0.062642,,880,26.2,26.200062642,0.0,,,0.06264199999961306,0.06264199999961306
video_frame,614,P27,pick_place,1,,26.211000000000002,15.600406999999999,,881,26.211000000000002,26.226600407000003,0.0,,,15.600407000000871,15.600407000000871
video_frame,615,P27,pick_place,1,,26.244,15.752787999999999,,882,26.244,26.259752788,0.0,,,15.75278800000035,15.75278800000035
video_frame,616,P27,pick_place,1,,26.278000000000002,17.449403000000004,,883,26.278000000000002,26.295449403000003,0.0,,,17.44940300000053,17.44940300000053
eeg_chunk,6550,P27,pick_place,1,,26.3,0.062761,,884,26.3,26.300062761,0.0,,,0.06276099999880103,0.06276099999880103
video_frame,617,P27,pick_place,1,,26.311,14.954069,,885,26.311,26.325954069,0.0,,,14.954069000001624,14.954069000001624
video_frame,618,P27,pick_place,1,,26.344,17.377503,,886,26.344,26.361377503,0.0,,,17.37750299999874,17.37750299999874
video_frame,619,P27,pick_place,1,,26.377000000000002,15.372309999999999,,887,26.377000000000002,26.392372310000002,0.0,,,15.372310000000056,15.372310000000056
eeg_chunk,6575,P27,pick_place,1,,26.4,0.063262,,888,26.4,26.400063262,0.0,,,0.0632620000011741,0.0632620000011741
video_frame,620,P27,pick_place,1,,26.411,16.398326,,889,26.411,26.427398326000002,0.0,,,16.398326000000907,16.398326000000907
video_frame,621,P27,pick_place,1,,26.444,13.718676,,890,26.444,26.457718676,0.0,,,13.718675999999874,13.718675999999874
video_frame,622,P27,pick_place,1,,26.478,18.071409999999997,,891,26.478,26.496071410000003,0.0,,,18.07141000000101,18.07141000000101
eeg_chunk,6600,P27,pick_place,1,,26.5,0.062692,,892,26.5,26.500062692,0.0,,,0.06269200000019737,0.06269200000019737
video_frame,623,P27,pick_place,1,,26.511,15.073372999999998,,893,26.511,26.526073373,0.0,,,15.07337299999989,15.07337299999989
video_frame,624,P27,pick_place,1,,26.544,10.846860999999999,,894,26.544,26.554846861,0.0,,,10.846861000000985,10.846861000000985
video_frame,625,P27,pick_place,1,,26.578,17.097115,,895,26.578,26.595097114999998,0.0,,,17.097114999998553,17.097114999998553
eeg_chunk,6625,P27,pick_place,1,,26.6,0.062531,,896,26.6,26.600062531000003,0.0,,,0.06253100000108702,0.06253100000108702
video_frame,626,P27,pick_place,1,,26.611,16.753225,,897,26.611,26.627753225,0.0,,,16.75322499999865,16.75322499999865
video_frame,627,P27,pick_place,1,,26.644000000000002,15.359808000000001,,898,26.644000000000002,26.659359808,0.0,,,15.359807999999475,15.359807999999475
video_frame,628,P27,pick_place,1,,26.678,15.999116,,899,26.678,26.693999116,0.0,,,15.999115999999702,15.999115999999702
eeg_chunk,6650,P27,pick_place,1,,26.7,0.062042,,900,26.7,26.700062042,0.0,,,0.06204199999970683,0.06204199999970683
video_frame,629,P27,pick_place,1,,26.711000000000002,13.856021,,901,26.711000000000002,26.724856021,0.0,,,13.85602099999872,13.85602099999872
video_frame,630,P27,pick_place,1,,26.744,15.964257,,902,26.744,26.759964257,0.0,,,15.96425700000026,15.96425700000026
video_frame,631,P27,pick_place,1,,26.778000000000002,16.253671,,903,26.778000000000002,26.794253671000003,0.0,,,16.25367100000119,16.25367100000119
eeg_chunk,6675,P27,pick_place,1,,26.8,0.064652,,904,26.8,26.800064652,0.0,,,0.06465199999894367,0.06465199999894367
video_frame,632,P27,pick_place,1,,26.811,19.316453,,905,26.811,26.830316453,0.0,,,19.31645299999829,19.31645299999829
video_frame,633,P27,pick_place,1,,26.845000000000002,17.479414,,906,26.845000000000002,26.862479414000003,0.0,,,17.479414000000304,17.479414000000304
video_frame,634,P27,pick_place,1,,26.878,16.21893,,907,26.878,26.89421893,0.0,,,16.218930000000853,16.218930000000853
eeg_chunk,6700,P27,pick_place,1,,26.9,0.062821,,908,26.9,26.900062821,0.0,,,0.06282100000021273,0.06282100000021273
video_frame,635,P27,pick_place,1,,26.911,16.860978999999997,,909,26.911,26.927860979000002,0.0,,,16.860979000000498,16.860979000000498
video_frame,636,P27,pick_place,1,,26.944,15.026582,,910,26.944,26.959026582,0.0,,,15.026582000000843,15.026582000000843
video_frame,637,P27,pick_place,1,,26.978,17.169835999999997,,911,26.978,26.995169836000002,0.0,,,17.16983600000077,17.16983600000077
eeg_chunk,6725,P27,pick_place,1,,27.0,0.062441,,912,27.0,27.000062441,0.0,,,0.06244100000074582,0.06244100000074582
prediction_update,25000,P27,pick_place,1,pick_place_s1_25.000,27.0,28.303008,28.0,913,27.000062441,27.028365449000002,0.06244100000074582,0.0,True,28.365449000002485,28.365449000002485
video_frame,638,P27,pick_place,1,,27.011,17.521414,,914,27.028365449000002,27.045886863000003,17.365449000003252,,,34.8868630000041,34.8868630000041
video_frame,639,P27,pick_place,1,,27.045,16.410775,,915,27.045886863000003,27.062297638000004,0.8868630000016253,,,17.29763800000228,17.29763800000228
video_frame,640,P27,pick_place,1,,27.078,14.467905,,916,27.078,27.092467905,0.0,,,14.467905000000059,14.467905000000059
eeg_chunk,6750,P27,pick_place,1,,27.1,0.062562,,917,27.1,27.100062562,0.0,,,0.06256200000009926,0.06256200000009926
video_frame,641,P27,pick_place,1,,27.111,16.954613000000002,,918,27.111,27.127954613,0.0,,,16.95461299999934,16.95461299999934
video_frame,642,P27,pick_place,1,,27.145,15.483941,,919,27.145,27.160483941,0.0,,,15.48394099999939,15.48394099999939
video_frame,643,P27,pick_place,1,,27.178,17.663420000000002,,920,27.178,27.195663420000002,0.0,,,17.66342000000165,17.66342000000165
eeg_chunk,6775,P27,pick_place,1,,27.2,0.062631,,921,27.2,27.200062630999998,0.0,,,0.06263099999870292,0.06263099999870292
video_frame,644,P27,pick_place,1,,27.211000000000002,15.120453000000001,,922,27.211000000000002,27.226120453000004,0.0,,,15.120453000001532,15.120453000001532
video_frame,645,P27,pick_place,1,,27.245,17.840993,,923,27.245,27.262840993,0.0,,,17.840993000000083,17.840993000000083
video_frame,646,P27,pick_place,1,,27.278000000000002,21.199703000000003,,924,27.278000000000002,27.299199703000003,0.0,,,21.199703000000625,21.199703000000625
eeg_chunk,6800,P27,pick_place,1,,27.3,0.062731,,925,27.3,27.300062731,0.0,,,0.06273099999987153,0.06273099999987153
video_frame,647,P27,pick_place,1,,27.311,15.025091000000002,,926,27.311,27.326025090999998,0.0,,,15.02509099999827,15.02509099999827
video_frame,648,P27,pick_place,1,,27.345000000000002,13.278455,,927,27.345000000000002,27.358278455,0.0,,,13.278454999998246,13.278454999998246
video_frame,649,P27,pick_place,1,,27.378,18.168620999999998,,928,27.378,27.396168621,0.0,,,18.16862100000094,18.16862100000094
eeg_chunk,6825,P27,pick_place,1,,27.4,0.062242,,929,27.4,27.400062241999997,0.0,,,0.06224199999849134,0.06224199999849134
video_frame,650,P27,pick_place,1,,27.411,13.955324,,930,27.411,27.424955324000003,0.0,,,13.955324000001212,13.955324000001212
video_frame,651,P27,pick_place,1,,27.445,11.298993,,931,27.445,27.456298993,0.0,,,11.298993000000479,11.298993000000479
video_frame,652,P27,pick_place,1,,27.478,13.346508000000002,,932,27.478,27.491346508000003,0.0,,,13.346508000001478,13.346508000001478
eeg_chunk,6850,P27,pick_place,1,,27.5,0.062792,,933,27.5,27.500062792,0.0,,,0.06279200000136598,0.06279200000136598
video_frame,653,P27,pick_place,1,,27.511,14.375154,,934,27.511,27.525375154,0.0,,,14.375153999999668,14.375153999999668
video_frame,654,P27,pick_place,1,,27.545,16.603400999999998,,935,27.545,27.561603401000003,0.0,,,16.603401000001128,16.603401000001128
video_frame,655,P27,pick_place,1,,27.578,16.249481999999997,,936,27.578,27.594249482,0.0,,,16.249481999999205,16.249481999999205
eeg_chunk,6875,P27,pick_place,1,,27.6,0.062921,,937,27.6,27.600062921000003,0.0,,,0.06292100000138134,0.06292100000138134
video_frame,656,P27,pick_place,1,,27.611,18.798001,,938,27.611,27.629798001,0.0,,,18.798001000000397,18.798001000000397
video_frame,657,P27,pick_place,1,,27.645,15.499032,,939,27.645,27.660499032,0.0,,,15.499032000001023,15.499032000001023
video_frame,658,P27,pick_place,1,,27.678,16.721184,,940,27.678,27.694721184000002,0.0,,,16.721184000001443,16.721184000001443
eeg_chunk,6900,P27,pick_place,1,,27.7,0.06309200000000001,,941,27.7,27.700063092,0.0,,,0.06309200000131909,0.06309200000131909
video_frame,659,P27,pick_place,1,,27.711000000000002,18.031279,,942,27.711000000000002,27.729031279,0.0,,,18.03127899999879,18.03127899999879
video_frame,660,P27,pick_place,1,,27.745,15.811931000000001,,943,27.745,27.760811931,0.0,,,15.811930999998225,15.811930999998225
video_frame,661,P27,pick_place,1,,27.778000000000002,18.328889,,944,27.778000000000002,27.796328889,0.0,,,18.328888999999293,18.328888999999293
eeg_chunk,6925,P27,pick_place,1,,27.8,0.061822,,945,27.8,27.800061822,0.0,,,0.06182199999926752,0.06182199999926752
video_frame,662,P27,pick_place,1,,27.811,16.450687,,946,27.811,27.827450687,0.0,,,16.450686999998965,16.450686999998965
video_frame,663,P27,pick_place,1,,27.845000000000002,15.718746999999999,,947,27.845000000000002,27.860718747000004,0.0,,,15.718747000001088,15.718747000001088
video_frame,664,P27,pick_place,1,,27.878,11.412738,,948,27.878,27.889412738,0.0,,,11.412738000000644,11.412738000000644
eeg_chunk,6950,P27,pick_place,1,,27.9,0.085632,,949,27.9,27.900085632,0.0,,,0.08563200000111237,0.08563200000111237
video_frame,665,P27,pick_place,1,,27.912000000000003,16.575421,,950,27.912000000000003,27.928575421,0.0,,,16.57542099999887,16.57542099999887
video_frame,666,P27,pick_place,1,,27.945,17.036143000000003,,951,27.945,27.962036143,0.0,,,17.03614299999856,17.03614299999856
video_frame,667,P27,pick_place,1,,27.978,14.085376,,952,27.978,27.992085376000002,0.0,,,14.085376000000593,14.085376000000593
eeg_chunk,6975,P27,pick_place,1,,28.0,0.063482,,953,28.0,28.000063482,0.0,,,0.06348200000161341,0.06348200000161341
prediction_update,26000,P27,pick_place,1,pick_place_s1_26.000,28.0,30.494905,29.0,954,28.000063482,28.030558387000003,0.06348200000161341,0.0,True,30.558387000002796,30.558387000002796
video_frame,668,P27,pick_place,1,,28.012,17.540045,,955,28.030558387000003,28.048098432000003,18.55838700000234,,,36.098432000002845,36.098432000002845
video_frame,669,P27,pick_place,1,,28.045,16.517590000000002,,956,28.048098432000003,28.064616022000003,3.098432000001594,,,19.61602200000101,19.61602200000101
video_frame,670,P27,pick_place,1,,28.078,13.877052999999998,,957,28.078,28.091877053,0.0,,,13.877053000001638,13.877053000001638
eeg_chunk,7000,P27,pick_place,1,,28.1,0.063321,,958,28.1,28.100063321,0.0,,,0.06332099999895036,0.06332099999895036
video_frame,671,P27,pick_place,1,,28.112000000000002,16.630631,,959,28.112000000000002,28.128630631000004,0.0,,,16.630631000001728,16.630631000001728
video_frame,672,P27,pick_place,1,,28.145,18.519099999999998,,960,28.145,28.1635191,0.0,,,18.5190999999989,18.5190999999989
video_frame,673,P27,pick_place,1,,28.178,16.744594000000003,,961,28.178,28.194744594,0.0,,,16.744593999998614,16.744593999998614
eeg_chunk,7025,P27,pick_place,1,,28.2,0.06259200000000001,,962,28.2,28.200062592,0.0,,,0.06259199999902876,0.06259199999902876
video_frame,674,P27,pick_place,1,,28.212,11.823749000000001,,963,28.212,28.223823749,0.0,,,11.823749000001271,11.823749000001271
video_frame,675,P27,pick_place,1,,28.245,15.573675,,964,28.245,28.260573675,0.0,,,15.573674999998843,15.573674999998843
video_frame,676,P27,pick_place,1,,28.278000000000002,16.228622,,965,28.278000000000002,28.294228622000002,0.0,,,16.22862199999986,16.22862199999986
eeg_chunk,7050,P27,pick_place,1,,28.3,0.063372,,966,28.3,28.300063372,0.0,,,0.0633719999996174,0.0633719999996174
video_frame,677,P27,pick_place,1,,28.312,15.945265000000001,,967,28.312,28.327945265,0.0,,,15.945264999999154,15.945264999999154
video_frame,678,P27,pick_place,1,,28.345000000000002,16.50685,,968,28.345000000000002,28.36150685,0.0,,,16.506849999998963,16.506849999998963
video_frame,679,P27,pick_place,1,,28.378,15.821252000000001,,969,28.378,28.393821252,0.0,,,15.821251999998509,15.821251999998509
eeg_chunk,7075,P27,pick_place,1,,28.4,0.06295100000000001,,970,28.4,28.400062951,0.0,,,0.06295100000031084,0.06295100000031084
video_frame,680,P27,pick_place,1,,28.412000000000003,17.815742,,971,28.412000000000003,28.429815742000002,0.0,,,17.8157419999998,17.8157419999998
video_frame,681,P27,pick_place,1,,28.445,17.586028000000002,,972,28.445,28.462586028,0.0,,,17.586028000000198,17.586028000000198
video_frame,682,P27,pick_place,1,,28.478,17.961568000000003,,973,28.478,28.495961568000002,0.0,,,17.961568000000483,17.961568000000483
eeg_chunk,7100,P27,pick_place,1,,28.5,0.063042,,974,28.5,28.500063042,0.0,,,0.06304200000073479,0.06304200000073479
video_frame,683,P27,pick_place,1,,28.512,15.81986,,975,28.512,28.52781986,0.0,,,15.819860000000574,15.819860000000574
video_frame,684,P27,pick_place,1,,28.545,13.82692,,976,28.545,28.55882692,0.0,,,13.826919999999632,13.826919999999632
video_frame,685,P27,pick_place,1,,28.578,16.859969,,977,28.578,28.594859968999998,0.0,,,16.859968999998642,16.859968999998642
eeg_chunk,7125,P27,pick_place,1,,28.6,0.06256199999999999,,978,28.6,28.600062562,0.0,,,0.06256200000009926,0.06256200000009926
video_frame,686,P27,pick_place,1,,28.612000000000002,16.925459999999998,,979,28.612000000000002,28.62892546,0.0,,,16.925459999999504,16.925459999999504
video_frame,687,P27,pick_place,1,,28.645,18.975544,,980,28.645,28.663975544,0.0,,,18.9755439999999,18.9755439999999
video_frame,688,P27,pick_place,1,,28.678,17.006431,,981,28.678,28.695006431,0.0,,,17.006430999998656,17.006430999998656
eeg_chunk,7150,P27,pick_place,1,,28.7,0.062851,,982,28.7,28.700062851,0.0,,,0.06285099999914223,0.06285099999914223
video_frame,689,P27,pick_place,1,,28.712,16.793177,,983,28.712,28.728793177,0.0,,,16.79317700000027,16.79317700000027
video_frame,690,P27,pick_place,1,,28.745,17.162266,,984,28.745,28.762162266,0.0,,,17.162265999999704,17.162265999999704
video_frame,691,P27,pick_place,1,,28.779,16.736435999999998,,985,28.779,28.795736436,0.0,,,16.736435999998633,16.736435999998633
eeg_chunk,7175,P27,pick_place,1,,28.8,0.062782,,986,28.8,28.800062782,0.0,,,0.06278200000053857,0.06278200000053857
video_frame,692,P27,pick_place,1,,28.812,16.390866,,987,28.812,28.828390866,0.0,,,16.390865999998283,16.390865999998283
video_frame,693,P27,pick_place,1,,28.845000000000002,15.604806,,988,28.845000000000002,28.860604806,0.0,,,15.604805999998916,15.604805999998916
video_frame,694,P27,pick_place,1,,28.878,15.970204999999998,,989,28.878,28.893970205,0.0,,,15.970204999998572,15.970204999998572
eeg_chunk,7200,P27,pick_place,1,,28.9,0.06320200000000001,,990,28.9,28.900063202,0.0,,,0.06320199999976239,0.06320199999976239
video_frame,695,P27,pick_place,1,,28.912000000000003,16.619364,,991,28.912000000000003,28.928619364000003,0.0,,,16.619364000000303,16.619364000000303
video_frame,696,P27,pick_place,1,,28.945,17.401192,,992,28.945,28.962401192,0.0,,,17.40119200000123,17.40119200000123
video_frame,697,P27,pick_place,1,,28.979,18.880119999999998,,993,28.979,28.997880119999998,0.0,,,18.880119999998612,18.880119999998612
eeg_chunk,7225,P27,pick_place,1,,29.0,0.061741000000000004,,994,29.0,29.000061741,0.0,,,0.061740999999670976,0.061740999999670976
prediction_update,27000,P27,pick_place,1,pick_place_s1_27.000,29.0,28.211756,30.0,995,29.000061741,29.028273497,0.061740999999670976,0.0,True,28.273497000000702,28.273497000000702
video_frame,698,P27,pick_place,1,,29.012,14.680872,,996,29.028273497,29.042954369,16.273497000000248,,,30.954368999999815,30.954368999999815
video_frame,699,P27,pick_place,1,,29.045,16.103169,,997,29.045,29.061103169000003,0.0,,,16.10316900000086,16.10316900000086
video_frame,700,P27,pick_place,1,,29.079,16.836598,,998,29.079,29.095836598,0.0,,,16.836598000001146,16.836598000001146
eeg_chunk,7250,P27,pick_place,1,,29.1,0.062322,,999,29.1,29.100062322000003,0.0,,,0.06232200000155785,0.06232200000155785
video_frame,701,P27,pick_place,1,,29.112000000000002,18.328458,,1000,29.112000000000002,29.130328458,0.0,,,18.32845799999916,18.32845799999916
video_frame,702,P27,pick_place,1,,29.146,17.641317000000004,,1001,29.146,29.163641317,0.0,,,17.641316999998935,17.641316999998935
video_frame,703,P27,pick_place,1,,29.179000000000002,17.531516000000003,,1002,29.179000000000002,29.196531516,0.0,,,17.53151599999825,17.53151599999825
eeg_chunk,7275,P27,pick_place,1,,29.2,0.062422,,1003,29.2,29.200062422,0.0,,,0.06242199999917375,0.06242199999917375
video_frame,704,P27,pick_place,1,,29.212,14.392605000000001,,1004,29.212,29.226392605,0.0,,,14.392605000001168,14.392605000001168
video_frame,705,P27,pick_place,1,,29.245,15.101861999999999,,1005,29.245,29.260101862000003,0.0,,,15.101862000001631,15.101862000001631
video_frame,706,P27,pick_place,1,,29.279,16.867988,,1006,29.279,29.295867988,0.0,,,16.867988000001333,16.867988000001333
eeg_chunk,7300,P27,pick_place,1,,29.3,0.062651,,1007,29.3,29.300062651,0.0,,,0.06265100000035773,0.06265100000035773
video_frame,707,P27,pick_place,1,,29.312,13.796569,,1008,29.312,29.325796569,0.0,,,13.796569000000147,13.796569000000147
video_frame,708,P27,pick_place,1,,29.345000000000002,16.069927,,1009,29.345000000000002,29.361069927000003,0.0,,,16.069927000000206,16.069927000000206
video_frame,709,P27,pick_place,1,,29.379,15.161203999999998,,1010,29.379,29.394161204000003,0.0,,,15.16120400000176,15.16120400000176
eeg_chunk,7325,P27,pick_place,1,,29.4,0.062942,,1011,29.4,29.400062941999998,0.0,,,0.06294199999956618,0.06294199999956618
video_frame,710,P27,pick_place,1,,29.412000000000003,16.670911999999998,,1012,29.412000000000003,29.428670912,0.0,,,16.670911999998594,16.670911999998594
video_frame,711,P27,pick_place,1,,29.446,16.14304,,1013,29.446,29.46214304,0.0,,,16.14303999999933,16.14303999999933
video_frame,712,P27,pick_place,1,,29.479,18.656464,,1014,29.479,29.497656464,0.0,,,18.656463999999318,18.656463999999318
eeg_chunk,7350,P27,pick_place,1,,29.5,0.062821,,1015,29.5,29.500062821,0.0,,,0.06282100000021273,0.06282100000021273
video_frame,713,P27,pick_place,1,,29.512,14.123966999999999,,1016,29.512,29.526123967,0.0,,,14.123966999999737,14.123966999999737
video_frame,714,P27,pick_place,1,,29.546,15.555856,,1017,29.546,29.561555856,0.0,,,15.555855999998869,15.555855999998869
video_frame,715,P27,pick_place,1,,29.579,15.339078,,1018,29.579,29.594339078,0.0,,,15.339078000000228,15.339078000000228
eeg_chunk,7375,P27,pick_place,1,,29.6,0.062410999999999994,,1019,29.6,29.600062411,0.0,,,0.062410999998263605,0.062410999998263605
video_frame,716,P27,pick_place,1,,29.612000000000002,16.54545,,1020,29.612000000000002,29.62854545,0.0,,,16.54544999999885,16.54544999999885
video_frame,717,P27,pick_place,1,,29.646,15.304338,,1021,29.646,29.661304338,0.0,,,15.304337999999973,15.304337999999973
video_frame,718,P27,pick_place,1,,29.679000000000002,13.354629,,1022,29.679000000000002,29.692354629,0.0,,,13.354628999998397,13.354628999998397
eeg_chunk,7400,P27,pick_place,1,,29.7,0.062811,,1023,29.7,29.700062811,0.0,,,0.06281099999938533,0.06281099999938533
video_frame,719,P27,pick_place,1,,29.712,17.213048,,1024,29.712,29.729213048,0.0,,,17.213047999998565,17.213047999998565
video_frame,720,P27,pick_place,1,,29.746000000000002,17.29669,,1025,29.746000000000002,29.76329669,0.0,,,17.29668999999845,17.29668999999845
video_frame,721,P27,pick_place,1,,29.779,15.959336,,1026,29.779,29.794959336,0.0,,,15.959336000001656,15.959336000001656
eeg_chunk,7425,P27,pick_place,1,,29.8,0.063632,,1027,29.8,29.800063632,0.0,,,0.06363199999981362,0.06363199999981362
video_frame,722,P27,pick_place,1,,29.812,16.408678000000002,,1028,29.812,29.828408678000002,0.0,,,16.40867800000123,16.40867800000123
video_frame,723,P27,pick_place,1,,29.846,18.055228,,1029,29.846,29.864055228,0.0,,,18.055228000001478,18.055228000001478
video_frame,724,P27,pick_place,1,,29.879,15.377119,,1030,29.879,29.894377119,0.0,,,15.37711900000005,15.37711900000005
eeg_chunk,7450,P27,pick_place,1,,29.9,0.062682,,1031,29.9,29.900062681999998,0.0,,,0.06268199999936996,0.06268199999936996
video_frame,725,P27,pick_place,1,,29.912000000000003,17.825836,,1032,29.912000000000003,29.929825836000003,0.0,,,17.825836000000095,17.825836000000095
video_frame,726,P27,pick_place,1,,29.946,15.134893,,1033,29.946,29.961134893,0.0,,,15.134892999999039,15.134892999999039
video_frame,727,P27,pick_place,1,,29.979,15.994216,,1034,29.979,29.994994216,0.0,,,15.994215999999284,15.994215999999284
eeg_chunk,7475,P27,pick_place,1,,30.0,0.06277100000000001,,1035,30.0,30.000062771,0.0,,,0.06277099999962843,0.06277099999962843
prediction_update,28000,P27,pick_place,1,pick_place_s1_28.000,30.0,36.704097000000004,31.0,1036,30.000062771,30.036766868,0.06277099999962843,0.0,True,36.76686800000084,36.76686800000084
video_frame,728,P27,pick_place,1,,30.012,15.00352,,1037,30.036766868,30.051770388,24.766868000000386,,,39.77038800000088,39.77038800000088
video_frame,729,P27,pick_place,1,,30.046,15.796179,,1038,30.051770388,30.067566567,5.770388000001958,,,21.566567000000703,21.566567000000703
video_frame,730,P27,pick_place,1,,30.079,16.013786,,1039,30.079,30.095013786,0.0,,,16.013785999998476,16.013785999998476
eeg_chunk,7500,P27,pick_place,1,,30.1,0.062022,,1040,30.1,30.100062022000003,0.0,,,0.06202200000160474,0.06202200000160474
video_frame,731,P27,pick_place,1,,30.112000000000002,14.844178000000001,,1041,30.112000000000002,30.126844178000002,0.0,,,14.844178000000596,14.844178000000596
video_frame,732,P27,pick_place,1,,30.146,14.522628,,1042,30.146,30.160522628000002,0.0,,,14.522628000001703,14.522628000001703
video_frame,733,P27,pick_place,1,,30.179000000000002,16.571761,,1043,30.179000000000002,30.195571761000004,0.0,,,16.571761000001572,16.571761000001572
eeg_chunk,7525,P27,pick_place,1,,30.2,0.062071999999999995,,1044,30.2,30.200062071999998,0.0,,,0.06207199999863633,0.06207199999863633
video_frame,734,P27,pick_place,1,,30.213,14.988879,,1045,30.213,30.227988879,0.0,,,14.988879000000566,14.988879000000566
video_frame,735,P27,pick_place,1,,30.246000000000002,17.629428,,1046,30.246000000000002,30.263629428,0.0,,,17.629427999999336,17.629427999999336
video_frame,736,P27,pick_place,1,,30.279,16.928329,,1047,30.279,30.295928329,0.0,,,16.928328999998854,16.928328999998854
eeg_chunk,7550,P27,pick_place,1,,30.3,0.061971,,1048,30.3,30.300061971,0.0,,,0.06197100000093769,0.06197100000093769
video_frame,737,P27,pick_place,1,,30.312,15.931914,,1049,30.312,30.327931914,0.0,,,15.93191399999938,15.93191399999938
video_frame,738,P27,pick_place,1,,30.346,14.863868,,1050,30.346,30.360863868,0.0,,,14.863867999999059,14.863867999999059
video_frame,739,P27,pick_place,1,,30.379,19.950768,,1051,30.379,30.398950768000002,0.0,,,19.950768000001062,19.950768000001062
eeg_chunk,7575,P27,pick_place,1,,30.4,0.062091999999999994,,1052,30.4,30.400062092,0.0,,,0.062092000000291137,0.062092000000291137
video_frame,740,P27,pick_place,1,,30.413,16.862508,,1053,30.413,30.429862508,0.0,,,16.86250799999911,16.86250799999911
video_frame,741,P27,pick_place,1,,30.446,15.559775,,1054,30.446,30.461559775,0.0,,,15.559774999999831,15.559774999999831
video_frame,742,P27,pick_place,1,,30.479,16.475359,,1055,30.479,30.495475359,0.0,,,16.475359000001077,16.475359000001077
eeg_chunk,7600,P27,pick_place,1,,30.5,0.061712,,1056,30.5,30.500061712,0.0,,,0.06171200000082422,0.06171200000082422
video_frame,743,P27,pick_place,1,,30.513,17.412782,,1057,30.513,30.530412782000003,0.0,,,17.41278200000096,17.41278200000096
video_frame,744,P27,pick_place,1,,30.546,16.523198,,1058,30.546,30.562523198,0.0,,,16.52319800000157,16.52319800000157
video_frame,745,P27,pick_place,1,,30.579,16.418007,,1059,30.579,30.595418007,0.0,,,16.418006999998624,16.418006999998624
eeg_chunk,7625,P27,pick_place,1,,30.6,0.062451,,1060,30.6,30.600062451000003,0.0,,,0.06245100000157322,0.06245100000157322
video_frame,746,P27,pick_place,1,,30.613,17.688632000000002,,1061,30.613,30.630688632,0.0,,,17.688631999998705,17.688631999998705
video_frame,747,P27,pick_place,1,,30.646,17.944935,,1062,30.646,30.663944935,0.0,,,17.944934999999163,17.944934999999163
video_frame,748,P27,pick_place,1,,30.679000000000002,15.270076,,1063,30.679000000000002,30.694270076000002,0.0,,,15.270076000000188,15.270076000000188
eeg_chunk,7650,P27,pick_place,1,,30.7,0.062542,,1064,30.7,30.700062541999998,0.0,,,0.06254199999844445,0.06254199999844445
video_frame,749,P27,pick_place,1,,30.713,16.025567,,1065,30.713,30.729025567,0.0,,,16.025566999999796,16.025566999999796
video_frame,750,P27,pick_place,1,,30.746000000000002,18.534083,,1066,30.746000000000002,30.764534083,0.0,,,18.534082999998702,18.534082999998702
video_frame,751,P27,pick_place,1,,30.78,16.987751,,1067,30.78,30.796987751,0.0,,,16.987750999998497,16.987750999998497
eeg_chunk,7675,P27,pick_place,1,,30.8,0.062231999999999996,,1068,30.8,30.800062232000002,0.0,,,0.06223200000121665,0.06223200000121665
video_frame,752,P27,pick_place,1,,30.813000000000002,14.909948,,1069,30.813000000000002,30.827909948000002,0.0,,,14.909947999999673,14.909947999999673
video_frame,753,P27,pick_place,1,,30.846,12.921117,,1070,30.846,30.858921117,0.0,,,12.921117000001203,12.921117000001203
video_frame,754,P27,pick_place,1,,30.879,15.38457,,1071,30.879,30.89438457,0.0,,,15.384569999998376,15.384569999998376
eeg_chunk,7700,P27,pick_place,1,,30.9,0.061561,,1072,30.9,30.900061560999998,0.0,,,0.061560999998988564,0.061560999998988564
video_frame,755,P27,pick_place,1,,30.913,17.557237000000004,,1073,30.913,30.930557237,0.0,,,17.557236999998338,17.557236999998338
video_frame,756,P27,pick_place,1,,30.946,16.53265,,1074,30.946,30.96253265,0.0,,,16.532649999998483,16.532649999998483
video_frame,757,P27,pick_place,1,,30.979,15.181333999999998,,1075,30.979,30.994181334,0.0,,,15.181334000001101,15.181334000001101
eeg_chunk,7725,P27,pick_place,1,,31.0,0.061582000000000005,,1076,31.0,31.000061582,0.0,,,0.06158200000072611,0.06158200000072611
prediction_update,29000,P27,pick_place,1,pick_place_s1_29.000,31.0,35.458053,32.0,1077,31.000061582,31.035519635,0.06158200000072611,0.0,True,35.519634999999994,35.519634999999994
video_frame,758,P27,pick_place,1,,31.013,17.400224,,1078,31.035519635,31.052919859,22.519634999998317,,,39.919858999997615,39.919858999997615
video_frame,759,P27,pick_place,1,,31.046,13.502989999999999,,1079,31.052919859,31.066422849,6.919858999999917,,,20.422848999999133,20.422848999999133
video_frame,760,P27,pick_place,1,,31.080000000000002,16.326814000000002,,1080,31.080000000000002,31.096326814,0.0,,,16.326813999999246,16.326813999999246
eeg_chunk,7750,P27,pick_place,1,,31.1,0.061682,,1081,31.1,31.100061682,0.0,,,0.06168199999834201,0.06168199999834201
video_frame,761,P27,pick_place,1,,31.113,17.529336999999998,,1082,31.113,31.130529337,0.0,,,17.529336999999146,17.529336999999146
video_frame,762,P27,pick_place,1,,31.146,16.466625999999998,,1083,31.146,31.162466626,0.0,,,16.466625999999707,16.466625999999707
video_frame,763,P27,pick_place,1,,31.18,15.490063000000001,,1084,31.18,31.195490063,0.0,,,15.490063000001442,15.490063000001442
eeg_chunk,7775,P27,pick_place,1,,31.2,0.06260099999999999,,1085,31.2,31.200062601,0.0,,,0.06260099999977342,0.06260099999977342
video_frame,764,P27,pick_place,1,,31.213,15.189667,,1086,31.213,31.228189667000002,0.0,,,15.18966700000135,15.18966700000135
video_frame,765,P27,pick_place,1,,31.246000000000002,16.067088000000002,,1087,31.246000000000002,31.262067088000002,0.0,,,16.067087999999785,16.067087999999785
video_frame,766,P27,pick_place,1,,31.28,19.498787,,1088,31.28,31.299498787,0.0,,,19.49878699999985,19.49878699999985
eeg_chunk,7800,P27,pick_place,1,,31.3,0.061551999999999996,,1089,31.3,31.300061552,0.0,,,0.0615519999982439,0.0615519999982439
video_frame,767,P27,pick_place,1,,31.313000000000002,13.224934000000001,,1090,31.313000000000002,31.326224934000003,0.0,,,13.224934000000133,13.224934000000133
video_frame,768,P27,pick_place,1,,31.346,16.747513,,1091,31.346,31.362747513,0.0,,,16.74751299999855,16.74751299999855
video_frame,769,P27,pick_place,1,,31.380000000000003,16.809016999999997,,1092,31.380000000000003,31.396809017000002,0.0,,,16.809016999999926,16.809016999999926
eeg_chunk,7825,P27,pick_place,1,,31.4,0.061742,,1093,31.4,31.400061742,0.0,,,0.061741999999753716,0.061741999999753716
video_frame,770,P27,pick_place,1,,31.413,14.128877,,1094,31.413,31.427128877,0.0,,,14.128877000000983,14.128877000000983
video_frame,771,P27,pick_place,1,,31.446,16.716106,,1095,31.446,31.462716106000002,0.0,,,16.716106000000508,16.716106000000508
video_frame,772,P27,pick_place,1,,31.48,14.354492,,1096,31.48,31.494354492,0.0,,,14.354491999998942,14.354491999998942
eeg_chunk,7850,P27,pick_place,1,,31.5,0.061851,,1097,31.5,31.500061851,0.0,,,0.06185100000166699,0.06185100000166699
video_frame,773,P27,pick_place,1,,31.513,13.357289,,1098,31.513,31.526357289000003,0.0,,,13.35728900000177,13.35728900000177
video_frame,774,P27,pick_place,1,,31.546,16.571411,,1099,31.546,31.562571411,0.0,,,16.571411000001035,16.571411000001035
video_frame,775,P27,pick_place,1,,31.580000000000002,16.886569,,1100,31.580000000000002,31.596886569000002,0.0,,,16.886569000000407,16.886569000000407
eeg_chunk,7875,P27,pick_place,1,,31.6,0.061562,,1101,31.6,31.600061562,0.0,,,0.061561999999071304,0.061561999999071304
video_frame,776,P27,pick_place,1,,31.613,14.364244,,1102,31.613,31.627364244,0.0,,,14.36424399999936,14.36424399999936
video_frame,777,P27,pick_place,1,,31.646,16.030106,,1103,31.646,31.662030106,0.0,,,16.030105999998767,16.030105999998767
video_frame,778,P27,pick_place,1,,31.68,16.268483,,1104,31.68,31.696268483,0.0,,,16.268483000001055,16.268483000001055
eeg_chunk,7900,P27,pick_place,1,,31.7,0.062361,,1105,31.7,31.700062361,0.0,,,0.062361000001232014,0.062361000001232014
video_frame,779,P27,pick_place,1,,31.713,16.350075,,1106,31.713,31.729350075,0.0,,,16.3500749999983,16.3500749999983
video_frame,780,P27,pick_place,1,,31.746000000000002,15.957275000000001,,1107,31.746000000000002,31.761957275000004,0.0,,,15.957275000001658,15.957275000001658
video_frame,781,P27,pick_place,1,,31.78,15.079661000000002,,1108,31.78,31.795079661000003,0.0,,,15.079661000001465,15.079661000001465
eeg_chunk,7925,P27,pick_place,1,,31.8,0.061681,,1109,31.8,31.800061681,0.0,,,0.06168099999825927,0.06168099999825927
video_frame,782,P27,pick_place,1,,31.813000000000002,16.827365999999998,,1110,31.813000000000002,31.829827366000004,0.0,,,16.82736600000112,16.82736600000112
video_frame,783,P27,pick_place,1,,31.846,14.998692,,1111,31.846,31.860998692,0.0,,,14.998691999998925,14.998691999998925
video_frame,784,P27,pick_place,1,,31.880000000000003,15.39326,,1112,31.880000000000003,31.895393260000002,0.0,,,15.393259999999742,15.393259999999742
eeg_chunk,7950,P27,pick_place,1,,31.9,0.061762,,1113,31.9,31.900061762,0.0,,,0.061762000001408524,0.061762000001408524
video_frame,785,P27,pick_place,1,,31.913,16.684893000000002,,1114,31.913,31.929684893,0.0,,,16.684893000000756,16.684893000000756
video_frame,786,P27,pick_place,1,,31.947,15.485305,,1115,31.947,31.962485304999998,0.0,,,15.485304999998561,15.485304999998561
video_frame,787,P27,pick_place,1,,31.98,18.097310999999998,,1116,31.98,31.998097311,0.0,,,18.09731099999823,18.09731099999823
eeg_chunk,7975,P27,pick_place,1,,32.0,0.061471,,1117,32.0,32.000061471,0.0,,,0.06147100000220007,0.06147100000220007
prediction_update,30000,P27,pick_place,1,pick_place_s1_30.000,32.0,33.357585,33.0,1118,32.000061471,32.033419056,0.06147100000220007,0.0,True,33.419055999999614,33.419055999999614
video_frame,788,P27,pick_place,1,,32.013000000000005,14.790645,,1119,32.033419056,32.048209701,20.419055999994384,,,35.20970099999232,35.20970099999232
video_frame,789,P27,pick_place,1,,32.047,15.229484000000001,,1120,32.048209701,32.063439185,1.209701000000507,,,16.439185000002965,16.439185000002965
video_frame,790,P27,pick_place,1,,32.08,14.192900999999999,,1121,32.08,32.094192901,0.0,,,14.192901000001257,14.192901000001257
eeg_chunk,8000,P27,pick_place,1,,32.1,0.061672000000000005,,1122,32.1,32.100061672,0.0,,,0.06167200000106732,0.06167200000106732
video_frame,791,P27,pick_place,1,,32.113,14.249849999999999,,1123,32.113,32.12724985,0.0,,,14.249849999998787,14.249849999998787
video_frame,792,P27,pick_place,1,,32.147000000000006,15.520644,,1124,32.147000000000006,32.162520644000004,0.0,,,15.52064399999864,15.52064399999864
video_frame,793,P27,pick_place,1,,32.18,15.050481999999999,,1125,32.18,32.195050482,0.0,,,15.050481999999477,15.050481999999477
eeg_chunk,8025,P27,pick_place,1,,32.2,0.062112,,1126,32.2,32.200062112000005,0.0,,,0.062112000001945944,0.062112000001945944
video_frame,794,P27,pick_place,1,,32.213,17.198557,,1127,32.213,32.230198557,0.0,,,17.198557000000392,17.198557000000392
video_frame,795,P27,pick_place,1,,32.247,16.835448,,1128,32.247,32.263835448,0.0,,,16.835448000001918,16.835448000001918
video_frame,796,P27,pick_place,1,,32.28,16.362117,,1129,32.28,32.296362117,0.0,,,16.3621169999999,16.3621169999999
eeg_chunk,8050,P27,pick_place,1,,32.3,0.061671000000000004,,1130,32.3,32.300061670999995,0.0,,,0.06167099999743186,0.06167099999743186
video_frame,797,P27,pick_place,1,,32.313,14.672791,,1131,32.313,32.327672791000005,0.0,,,14.672791000002405,14.672791000002405
video_frame,798,P27,pick_place,1,,32.347,14.292252,,1132,32.347,32.361292252,0.0,,,14.292251999997063,14.292251999997063
video_frame,799,P27,pick_place,1,,32.38,16.716916,,1133,32.38,32.396716916,0.0,,,16.716916000000026,16.716916000000026
eeg_chunk,8075,P27,pick_place,1,,32.4,0.061382000000000006,,1134,32.4,32.400061382,0.0,,,0.06138199999838889,0.06138199999838889
video_frame,800,P27,pick_place,1,,32.413,16.442707000000002,,1135,32.413,32.429442707,0.0,,,16.442707000003054,16.442707000003054
video_frame,801,P27,pick_place,1,,32.447,17.515946,,1136,32.447,32.464515946000006,0.0,,,17.51594600000317,17.51594600000317
video_frame,802,P27,pick_place,1,,32.480000000000004,16.392606,,1137,32.480000000000004,32.496392606,0.0,,,16.39260599999659,16.39260599999659
eeg_chunk,8100,P27,pick_place,1,,32.5,0.061612,,1138,32.5,32.500061612,0.0,,,0.06161200000320832,0.06161200000320832
video_frame,803,P27,pick_place,1,,32.513999999999996,15.849713000000001,,1139,32.513999999999996,32.529849713,0.0,,,15.849713000001486,15.849713000001486
video_frame,804,P27,pick_place,1,,32.547,15.853232,,1140,32.547,32.562853231999995,0.0,,,15.853231999997774,15.853231999997774
video_frame,805,P27,pick_place,1,,32.58,15.39962,,1141,32.58,32.595399619999995,0.0,,,15.399619999996617,15.399619999996617
eeg_chunk,8125,P27,pick_place,1,,32.6,0.062641,,1142,32.6,32.600062641,0.0,,,0.06264099999953032,0.06264099999953032
video_frame,806,P27,pick_place,1,,32.614000000000004,16.342236,,1143,32.614000000000004,32.630342236000004,0.0,,,16.342235999999843,16.342235999999843
video_frame,807,P27,pick_place,1,,32.647000000000006,15.751639,,1144,32.647000000000006,32.66275163900001,0.0,,,15.751639000001205,15.751639000001205
video_frame,808,P27,pick_place,1,,32.68,14.574579,,1145,32.68,32.694574579,0.0,,,14.574578999997811,14.574578999997811
eeg_chunk,8150,P27,pick_place,1,,32.7,0.062122,,1146,32.7,32.700062122000006,0.0,,,0.06212200000277335,0.06212200000277335
video_frame,809,P27,pick_place,1,,32.714,15.890675,,1147,32.714,32.729890675,0.0,,,15.890675000001409,15.890675000001409
video_frame,810,P27,pick_place,1,,32.747,15.154133,,1148,32.747,32.762154133,0.0,,,15.1541330000029,15.1541330000029
video_frame,811,P27,pick_place,1,,32.78,17.434893999999996,,1149,32.78,32.797434894,0.0,,,17.434893999997314,17.434893999997314
eeg_chunk,8175,P27,pick_place,1,,32.8,0.062042,,1150,32.8,32.800062042,0.0,,,0.062042000003259545,0.062042000003259545
video_frame,812,P27,pick_place,1,,32.814,16.785157,,1151,32.814,32.830785157,0.0,,,16.78515700000105,16.78515700000105
video_frame,813,P27,pick_place,1,,32.847,19.334072,,1152,32.847,32.866334072,0.0,,,19.33407199999948,19.33407199999948
video_frame,814,P27,pick_place,1,,32.88,16.821497,,1153,32.88,32.896821497000005,0.0,,,16.82149700000224,16.82149700000224
eeg_chunk,8200,P27,pick_place,1,,32.9,0.061241,,1154,32.9,32.900061240999996,0.0,,,0.06124099999738064,0.06124099999738064
video_frame,815,P27,pick_place,1,,32.914,17.559438,,1155,32.914,32.931559438,0.0,,,17.55943799999926,17.55943799999926
video_frame,816,P27,pick_place,1,,32.947,14.935588,,1156,32.947,32.961935588,0.0,,,14.935588000000166,14.935588000000166
video_frame,817,P27,pick_place,1,,32.980000000000004,16.812177,,1157,32.980000000000004,32.996812177,0.0,,,16.812176999998485,16.812176999998485
eeg_chunk,8225,P27,pick_place,1,,33.0,0.062272,,1158,33.0,33.000062272,0.0,,,0.06227200000097355,0.06227200000097355
prediction_update,31000,P27,pick_place,1,pick_place_s1_31.000,33.0,35.338491,34.0,1159,33.000062272,33.035400763,0.06227200000097355,0.0,True,35.40076299999839,35.40076299999839
video_frame,818,P27,pick_place,1,,33.013999999999996,17.647437999999998,,1160,33.035400763,33.053048200999996,21.4007630000026,,,39.04820099999995,39.04820099999995
video_frame,819,P27,pick_place,1,,33.047,13.957813,,1161,33.053048200999996,33.06700601399999,6.0482009999986985,,,20.00601399999624,20.00601399999624
video_frame,820,P27,pick_place,1,,33.08,13.361348999999999,,1162,33.08,33.093361349,0.0,,,13.361349000000189,13.361349000000189
eeg_chunk,8250,P27,pick_place,1,,33.1,0.062962,,1163,33.1,33.100062962,0.0,,,0.06296200000122099,0.06296200000122099
video_frame,821,P27,pick_place,1,,33.114000000000004,17.382472,,1164,33.114000000000004,33.131382472000006,0.0,,,17.382472000001314,17.382472000001314
video_frame,822,P27,pick_place,1,,33.147000000000006,16.826607,,1165,33.147000000000006,33.163826607000004,0.0,,,16.826606999998717,16.826606999998717
video_frame,823,P27,pick_place,1,,33.18,14.924459,,1166,33.18,33.194924459,0.0,,,14.924458999999501,14.924458999999501
eeg_chunk,8275,P27,pick_place,1,,33.2,0.062901,,1167,33.2,33.200062901,0.0,,,0.06290099999972654,0.06290099999972654
video_frame,824,P27,pick_place,1,,33.214,18.628324,,1168,33.214,33.232628324,0.0,,,18.62832399999803,18.62832399999803
video_frame,825,P27,pick_place,1,,33.247,14.888686,,1169,33.247,33.261888686,0.0,,,14.88868599999904,14.88868599999904
video_frame,826,P27,pick_place,1,,33.281000000000006,17.766543,,1170,33.281000000000006,33.298766543000006,0.0,,,17.766543000000468,17.766543000000468
eeg_chunk,8300,P27,pick_place,1,,33.3,0.061871999999999996,,1171,33.3,33.300061872,0.0,,,0.06187200000340454,0.06187200000340454
video_frame,827,P27,pick_place,1,,33.314,16.767336000000004,,1172,33.314,33.330767336,0.0,,,16.76733600000091,16.76733600000091
video_frame,828,P27,pick_place,1,,33.347,19.884736999999998,,1173,33.347,33.366884737,0.0,,,19.884736999998154,19.884736999998154
video_frame,829,P27,pick_place,1,,33.381,10.329849000000001,,1174,33.381,33.391329849,0.0,,,10.329849000001445,10.329849000001445
eeg_chunk,8325,P27,pick_place,1,,33.4,0.062862,,1175,33.4,33.400062862,0.0,,,0.06286200000005238,0.06286200000005238
video_frame,830,P27,pick_place,1,,33.414,17.098075,,1176,33.414,33.431098075,0.0,,,17.098074999999824,17.098074999999824
video_frame,831,P27,pick_place,1,,33.447,17.084984,,1177,33.447,33.464084984,0.0,,,17.084984000000247,17.084984000000247
video_frame,832,P27,pick_place,1,,33.481,16.509669,,1178,33.481,33.497509669,0.0,,,16.50966900000128,16.50966900000128
eeg_chunk,8350,P27,pick_place,1,,33.5,0.062291,,1179,33.5,33.500062291,0.0,,,0.0622909999989929,0.0622909999989929
video_frame,833,P27,pick_place,1,,33.513999999999996,17.189987,,1180,33.513999999999996,33.531189987,0.0,,,17.18998700000185,17.18998700000185
video_frame,834,P27,pick_place,1,,33.547,16.045267,,1181,33.547,33.563045267,0.0,,,16.04526700000264,16.04526700000264
video_frame,835,P27,pick_place,1,,33.58,17.115066999999996,,1182,33.58,33.597115067,0.0,,,17.115066999998874,17.115066999998874
eeg_chunk,8375,P27,pick_place,1,,33.6,0.061871999999999996,,1183,33.6,33.600061872000005,0.0,,,0.06187200000340454,0.06187200000340454
video_frame,836,P27,pick_place,1,,33.614000000000004,14.825106,,1184,33.614000000000004,33.62882510600001,0.0,,,14.82510600000353,14.82510600000353
video_frame,837,P27,pick_place,1,,33.647999999999996,17.101194,,1185,33.647999999999996,33.665101193999995,0.0,,,17.101193999998543,17.101193999998543
video_frame,838,P27,pick_place,1,,33.681,15.080602,,1186,33.681,33.696080601999995,0.0,,,15.080601999997612,15.080601999997612
eeg_chunk,8400,P27,pick_place,1,,33.7,0.062462000000000004,,1187,33.7,33.700062462000005,0.0,,,0.062462000002483364,0.062462000002483364
video_frame,839,P27,pick_place,1,,33.714,16.9961,,1188,33.714,33.7309961,0.0,,,16.99610000000007,16.99610000000007
video_frame,840,P27,pick_place,1,,33.747,16.13525,,1189,33.747,33.76313525,0.0,,,16.135249999997825,16.135249999997825
video_frame,841,P27,pick_place,1,,33.781000000000006,16.911701,,1190,33.781000000000006,33.797911701000004,0.0,,,16.911700999997947,16.911700999997947
eeg_chunk,8425,P27,pick_place,1,,33.8,0.062661,,1191,33.8,33.800062661,0.0,,,0.06266100000118513,0.06266100000118513
video_frame,842,P27,pick_place,1,,33.814,15.563295,,1192,33.814,33.829563295,0.0,,,15.563294999999755,15.563294999999755
video_frame,843,P27,pick_place,1,,33.847,16.056887,,1193,33.847,33.863056887,0.0,,,16.056886999997744,16.056886999997744
video_frame,844,P27,pick_place,1,,33.881,17.064885000000004,,1194,33.881,33.898064885000004,0.0,,,17.06488500000347,17.06488500000347
eeg_chunk,8450,P27,pick_place,1,,33.9,0.063182,,1195,33.9,33.900063182,0.0,,,0.06318199999810759,0.06318199999810759
video_frame,845,P27,pick_place,1,,33.914,17.381292,,1196,33.914,33.931381292000005,0.0,,,17.381292000003157,17.381292000003157
video_frame,846,P27,pick_place,1,,33.947,16.830667000000002,,1197,33.947,33.963830667,0.0,,,16.830667000000687,16.830667000000687
video_frame,847,P27,pick_place,1,,33.981,15.200146,,1198,33.981,33.996200146,0.0,,,15.200145999997972,15.200145999997972
eeg_chunk,8475,P27,pick_place,1,,34.0,0.061882,,1199,34.0,34.000061882,0.0,,,0.06188199999712651,0.06188199999712651
prediction_update,32000,P27,pick_place,1,pick_place_s1_32.000,34.0,27.137826,35.0,1200,34.000061882,34.027199708,0.06188199999712651,0.0,True,27.199707999997713,27.199707999997713
video_frame,848,P27,pick_place,1,,34.013999999999996,17.516067000000003,,1201,34.027199708,34.044715775,13.19970800000192,,,30.71577500000444,30.71577500000444
video_frame,849,P27,pick_place,1,,34.048,17.331291,,1202,34.048,34.065331291,0.0,,,17.33129099999786,17.33129099999786
video_frame,850,P27,pick_place,1,,34.081,16.423977,,1203,34.081,34.097423977000005,0.0,,,16.42397700000231,16.42397700000231
eeg_chunk,8500,P27,pick_place,1,,34.1,0.072522,,1204,34.1,34.100072522000005,0.0,,,0.0725220000035165,0.0725220000035165
video_frame,851,P27,pick_place,1,,34.114000000000004,17.523196,,1205,34.114000000000004,34.131523196,0.0,,,17.523195999999075,17.523195999999075
video_frame,852,P27,pick_place,1,,34.147999999999996,17.051104,,1206,34.147999999999996,34.16505110399999,0.0,,,17.051103999996542,17.051103999996542
video_frame,853,P27,pick_place,1,,34.181,16.083428,,1207,34.181,34.197083428,0.0,,,16.08342800000173,16.08342800000173
eeg_chunk,8525,P27,pick_place,1,,34.2,0.066792,,1208,34.2,34.200066792,0.0,,,0.06679199999837238,0.06679199999837238
video_frame,854,P27,pick_place,1,,34.214,16.706555,,1209,34.214,34.230706555,0.0,,,16.706554999998957,16.706554999998957
video_frame,855,P27,pick_place,1,,34.248000000000005,14.60012,,1210,34.248000000000005,34.26260012,0.0,,,14.600119999997219,14.600119999997219
video_frame,856,P27,pick_place,1,,34.281000000000006,13.960752,,1211,34.281000000000006,34.29496075200001,0.0,,,13.960752000002685,13.960752000002685
eeg_chunk,8550,P27,pick_place,1,,34.3,0.064131,,1212,34.3,34.300064131,0.0,,,0.06413100000202121,0.06413100000202121
video_frame,857,P27,pick_place,1,,34.315,17.27947,,1213,34.315,34.332279469999996,0.0,,,17.279469999998298,17.279469999998298
video_frame,858,P27,pick_place,1,,34.348,15.670127,,1214,34.348,34.363670127,0.0,,,15.670126999999923,15.670126999999923
video_frame,859,P27,pick_place,1,,34.381,14.917799,,1215,34.381,34.395917799,0.0,,,14.917799000002674,14.917799000002674
eeg_chunk,8575,P27,pick_place,1,,34.4,0.062342,,1216,34.4,34.400062342,0.0,,,0.06234199999965995,0.06234199999965995
video_frame,860,P27,pick_place,1,,34.414,16.099418999999997,,1217,34.414,34.430099419,0.0,,,16.09941899999967,16.09941899999967
video_frame,861,P27,pick_place,1,,34.448,18.182923,,1218,34.448,34.466182923,0.0,,,18.182922999997686,18.182922999997686
video_frame,862,P27,pick_place,1,,34.481,16.440345999999998,,1219,34.481,34.497440346000005,0.0,,,16.440346000003103,16.440346000003103
eeg_chunk,8600,P27,pick_place,1,,34.5,0.062802,,1220,34.5,34.500062802,0.0,,,0.06280200000219338,0.06280200000219338
video_frame,863,P27,pick_place,1,,34.515,13.812800000000001,,1221,34.515,34.5288128,0.0,,,13.812799999996628,13.812799999996628
video_frame,864,P27,pick_place,1,,34.548,16.014015999999998,,1222,34.548,34.564014016,0.0,,,16.014015999999742,16.014015999999742
video_frame,865,P27,pick_place,1,,34.581,13.785079,,1223,34.581,34.594785079000005,0.0,,,13.785079000001588,13.785079000001588
eeg_chunk,8625,P27,pick_place,1,,34.6,0.062991,,1224,34.6,34.600062991,0.0,,,0.06299100000006774,0.06299100000006774
video_frame,866,P27,pick_place,1,,34.615,16.364815,,1225,34.615,34.631364815000005,0.0,,,16.364815000002864,16.364815000002864
video_frame,867,P27,pick_place,1,,34.647999999999996,16.751525,,1226,34.647999999999996,34.66475152499999,0.0,,,16.751524999996548,16.751524999996548
video_frame,868,P27,pick_place,1,,34.681,17.381043,,1227,34.681,34.698381043,0.0,,,17.381043000000318,17.381043000000318
eeg_chunk,8650,P27,pick_place,1,,34.7,0.061932,,1228,34.7,34.700061932000004,0.0,,,0.06193200000126353,0.06193200000126353
video_frame,869,P27,pick_place,1,,34.714,14.62305,,1229,34.714,34.728623049999996,0.0,,,14.623049999997306,14.623049999997306
video_frame,870,P27,pick_place,1,,34.748000000000005,15.191355,,1230,34.748000000000005,34.763191355000004,0.0,,,15.191354999998907,15.191354999998907
video_frame,871,P27,pick_place,1,,34.781000000000006,14.796016,,1231,34.781000000000006,34.795796016000004,0.0,,,14.796015999998247,14.796015999998247
eeg_chunk,8675,P27,pick_place,1,,34.8,0.062542,,1232,34.8,34.800062542,0.0,,,0.06254200000199717,0.06254200000199717
video_frame,872,P27,pick_place,1,,34.815,10.395718999999998,,1233,34.815,34.825395719,0.0,,,10.39571900000169,10.39571900000169
video_frame,873,P27,pick_place,1,,34.848,16.45606,,1234,34.848,34.86445606,0.0,,,16.456060000002992,16.456060000002992
video_frame,874,P27,pick_place,1,,34.882000000000005,15.521733000000001,,1235,34.882000000000005,34.897521733000005,0.0,,,15.521732999999927,15.521732999999927
eeg_chunk,8700,P27,pick_place,1,,34.9,0.063161,,1236,34.9,34.900063161,0.0,,,0.06316099999992275,0.06316099999992275
video_frame,875,P27,pick_place,1,,34.915,14.953769,,1237,34.915,34.929953769,0.0,,,14.953769000001671,14.953769000001671
video_frame,876,P27,pick_place,1,,34.948,16.345114999999996,,1238,34.948,34.964345115,0.0,,,16.34511500000002,16.34511500000002
video_frame,877,P27,pick_place,1,,34.981,16.760216,,1239,34.981,34.997760216,0.0,,,16.76021600000155,16.76021600000155
eeg_chunk,8725,P27,pick_place,1,,35.0,0.062632,,1240,35.0,35.000062632,0.0,,,0.06263200000233837,0.06263200000233837
prediction_update,33000,P27,pick_place,1,pick_place_s1_33.000,35.0,26.701405,36.0,1241,35.000062632,35.026764037,0.06263200000233837,0.0,True,26.76403699999952,26.76403699999952
video_frame,878,P27,pick_place,1,,35.015,15.573546,,1242,35.026764037,35.042337583,11.76403699999895,,,27.337582999997778,27.337582999997778
video_frame,879,P27,pick_place,1,,35.048,17.353982000000002,,1243,35.048,35.065353982000005,0.0,,,17.353982000003043,17.353982000003043
video_frame,880,P27,pick_place,1,,35.081,13.268184,,1244,35.081,35.094268184,0.0,,,13.268183999997518,13.268183999997518
eeg_chunk,8750,P27,pick_place,1,,35.1,0.063142,,1245,35.1,35.100063142,0.0,,,0.0631420000019034,0.0631420000019034
video_frame,881,P27,pick_place,1,,35.115,17.762603,,1246,35.115,35.132762603,0.0,,,17.76260300000132,17.76260300000132
video_frame,882,P27,pick_place,1,,35.147999999999996,15.568954999999999,,1247,35.147999999999996,35.163568954999995,0.0,,,15.568954999999107,15.568954999999107
video_frame,883,P27,pick_place,1,,35.181,15.112551999999999,,1248,35.181,35.196112551999995,0.0,,,15.112551999997947,15.112551999997947
eeg_chunk,8775,P27,pick_place,1,,35.2,0.062300999999999995,,1249,35.2,35.200062301,0.0,,,0.062300999999820306,0.062300999999820306
video_frame,884,P27,pick_place,1,,35.215,13.842931,,1250,35.215,35.228842931,0.0,,,13.842930999999226,13.842930999999226
video_frame,885,P27,pick_place,1,,35.248000000000005,15.043561000000002,,1251,35.248000000000005,35.263043561,0.0,,,15.043560999998817,15.043560999998817
video_frame,886,P27,pick_place,1,,35.281000000000006,14.091638000000001,,1252,35.281000000000006,35.295091638,0.0,,,14.091637999996465,14.091637999996465
eeg_chunk,8800,P27,pick_place,1,,35.3,0.067372,,1253,35.3,35.300067371999994,0.0,,,0.0673719999966238,0.0673719999966238
video_frame,887,P27,pick_place,1,,35.315,18.865249,,1254,35.315,35.333865249,0.0,,,18.865249000000972,18.865249000000972
video_frame,888,P27,pick_place,1,,35.348,18.685306,,1255,35.348,35.366685306,0.0,,,18.685306000001844,18.685306000001844
video_frame,889,P27,pick_place,1,,35.381,18.887652,,1256,35.381,35.399887652,0.0,,,18.887651999996535,18.887651999996535
eeg_chunk,8825,P27,pick_place,1,,35.4,0.063172,,1257,35.4,35.400063171999996,0.0,,,0.06317199999728018,0.06317199999728018
video_frame,890,P27,pick_place,1,,35.415,14.807786,,1258,35.415,35.429807786,0.0,,,14.807785999998657,14.807785999998657
video_frame,891,P27,pick_place,1,,35.448,15.599095,,1259,35.448,35.463599095,0.0,,,15.599094999998897,15.599094999998897
video_frame,892,P27,pick_place,1,,35.482,10.353439999999999,,1260,35.482,35.49235344,0.0,,,10.353440000002934,10.353440000002934
eeg_chunk,8850,P27,pick_place,1,,35.5,0.06295200000000001,,1261,35.5,35.500062952,0.0,,,0.06295200000039358,0.06295200000039358
video_frame,893,P27,pick_place,1,,35.515,16.840217999999997,,1262,35.515,35.531840218,0.0,,,16.840217999998686,16.840217999998686
video_frame,894,P27,pick_place,1,,35.548,16.347597,,1263,35.548,35.564347597,0.0,,,16.347596999999325,16.347596999999325
video_frame,895,P27,pick_place,1,,35.582,14.304921,,1264,35.582,35.596304921,0.0,,,14.30492099999725,14.30492099999725
eeg_chunk,8875,P27,pick_place,1,,35.6,0.062861,,1265,35.6,35.600062861000005,0.0,,,0.06286100000352235,0.06286100000352235
video_frame,896,P27,pick_place,1,,35.615,13.407957999999999,,1266,35.615,35.628407958000004,0.0,,,13.40795800000194,13.40795800000194
video_frame,897,P27,pick_place,1,,35.647999999999996,17.302201,,1267,35.647999999999996,35.665302200999996,0.0,,,17.302200999999684,17.302200999999684
video_frame,898,P27,pick_place,1,,35.682,16.215742,,1268,35.682,35.698215742,0.0,,,16.215741999999977,16.215741999999977
eeg_chunk,8900,P27,pick_place,1,,35.7,0.062252,,1269,35.7,35.700062252,0.0,,,0.06225199999931874,0.06225199999931874
video_frame,899,P27,pick_place,1,,35.715,13.727277,,1270,35.715,35.728727277000004,0.0,,,13.727277000000981,13.727277000000981
video_frame,900,P27,pick_place,1,,35.748000000000005,16.663503,,1271,35.748000000000005,35.764663503,0.0,,,16.663502999996638,16.663502999996638
video_frame,901,P27,pick_place,1,,35.782,15.611585,,1272,35.782,35.797611585,0.0,,,15.611585000002037,15.611585000002037
eeg_chunk,8925,P27,pick_place,1,,35.8,0.063122,,1273,35.8,35.800063122,0.0,,,0.06312200000024859,0.06312200000024859
video_frame,902,P27,pick_place,1,,35.815,14.838367,,1274,35.815,35.829838367,0.0,,,14.838367000002961,14.838367000002961
video_frame,903,P27,pick_place,1,,35.848,16.165058000000002,,1275,35.848,35.864165058,0.0,,,16.165057999998567,16.165057999998567
video_frame,904,P27,pick_place,1,,35.882000000000005,15.73644,,1276,35.882000000000005,35.89773644,0.0,,,15.736439999997742,15.736439999997742
eeg_chunk,8950,P27,pick_place,1,,35.9,0.06287100000000001,,1277,35.9,35.900062870999996,0.0,,,0.06287099999724433,0.06287099999724433
video_frame,905,P27,pick_place,1,,35.915,17.29957,,1278,35.915,35.93229957,0.0,,,17.29956999999871,17.29956999999871
video_frame,906,P27,pick_place,1,,35.948,15.258916,,1279,35.948,35.963258916,0.0,,,15.25891600000051,15.25891600000051
video_frame,907,P27,pick_place,1,,35.982,16.555222,,1280,35.982,35.998555222,0.0,,,16.555222000000924,16.555222000000924
eeg_chunk,8975,P27,pick_place,1,,36.0,0.062892,,1281,36.0,36.000062892,0.0,,,0.06289200000253459,0.06289200000253459
prediction_update,34000,P27,pick_place,1,pick_place_s1_34.000,36.0,27.953923,37.0,1282,36.000062892,36.028016815,0.06289200000253459,0.0,True,28.01681500000086,28.01681500000086
video_frame,908,P27,pick_place,1,,36.015,16.09036,,1283,36.028016815,36.044107175,13.016815000000292,,,29.10717500000004,29.10717500000004
video_frame,909,P27,pick_place,1,,36.048,18.095599,,1284,36.048,36.066095599,0.0,,,18.095598999998685,18.095598999998685
video_frame,910,P27,pick_place,1,,36.082,15.875373,,1285,36.082,36.097875373,0.0,,,15.875373000000081,15.875373000000081
eeg_chunk,9000,P27,pick_place,1,,36.1,0.062092,,1286,36.1,36.100062092,0.0,,,0.062092000000291137,0.062092000000291137
video_frame,911,P27,pick_place,1,,36.115,16.719236000000002,,1287,36.115,36.131719236,0.0,,,16.719236000000137,16.719236000000137
video_frame,912,P27,pick_place,1,,36.147999999999996,14.520335999999999,,1288,36.147999999999996,36.16252033599999,0.0,,,14.520335999996803,14.520335999996803
video_frame,913,P27,pick_place,1,,36.182,17.927435,,1289,36.182,36.199927435,0.0,,,17.92743499999716,17.92743499999716
eeg_chunk,9025,P27,pick_place,1,,36.2,0.062151,,1290,36.2,36.200062151000004,0.0,,,0.062151000001620105,0.062151000001620105
video_frame,914,P27,pick_place,1,,36.215,14.887477,,1291,36.215,36.229887477000005,0.0,,,14.887477000002036,14.887477000002036
video_frame,915,P27,pick_place,1,,36.248000000000005,14.390144000000001,,1292,36.248000000000005,36.262390144,0.0,,,14.390143999996496,14.390143999996496
video_frame,916,P27,pick_place,1,,36.282,17.096807,,1293,36.282,36.299096807,0.0,,,17.09680700000149,17.09680700000149
eeg_chunk,9050,P27,pick_place,1,,36.3,0.062141999999999996,,1294,36.3,36.300062141999994,0.0,,,0.06214199999732273,0.06214199999732273
video_frame,917,P27,pick_place,1,,36.315,14.659120999999999,,1295,36.315,36.329659121,0.0,,,14.659121000001107,14.659121000001107
video_frame,918,P27,pick_place,1,,36.349000000000004,16.411976999999997,,1296,36.349000000000004,36.365411977,0.0,,,16.41197699999708,16.41197699999708
video_frame,919,P27,pick_place,1,,36.382000000000005,16.251611999999998,,1297,36.382000000000005,36.398251612,0.0,,,16.251611999997806,16.251611999997806
eeg_chunk,9075,P27,pick_place,1,,36.4,0.062042,,1298,36.4,36.400062042,0.0,,,0.062042000003259545,0.062042000003259545
video_frame,920,P27,pick_place,1,,36.415,16.146188000000002,,1299,36.415,36.431146188,0.0,,,16.14618800000045,16.14618800000045
video_frame,921,P27,pick_place,1,,36.448,13.496732,,1300,36.448,36.461496732,0.0,,,13.496732000000122,13.496732000000122
video_frame,922,P27,pick_place,1,,36.482,16.020807,,1301,36.482,36.498020806999996,0.0,,,16.02080699999675,16.02080699999675
eeg_chunk,9100,P27,pick_place,1,,36.5,0.062361,,1302,36.5,36.500062361,0.0,,,0.0623609999976793,0.0623609999976793
video_frame,923,P27,pick_place,1,,36.515,12.165477000000001,,1303,36.515,36.527165477000004,0.0,,,12.165477000003477,12.165477000003477
video_frame,924,P27,pick_place,1,,36.549,16.711925,,1304,36.549,36.565711925,0.0,,,16.711925000002736,16.711925000002736
video_frame,925,P27,pick_place,1,,36.58200000000001,15.164814,,1305,36.58200000000001,36.59716481400001,0.0,,,15.164814000002025,15.164814000002025
eeg_chunk,9125,P27,pick_place,1,,36.6,0.062212,,1306,36.6,36.600062212000005,0.0,,,0.062212000003114554,0.062212000003114554
video_frame,926,P27,pick_place,1,,36.614999999999995,15.833993000000001,,1307,36.614999999999995,36.630833992999996,0.0,,,15.8339930000011,15.8339930000011
video_frame,927,P27,pick_place,1,,36.649,17.382351,,1308,36.649,36.666382351,0.0,,,17.38235100000196,17.38235100000196
video_frame,928,P27,pick_place,1,,36.682,15.41334,,1309,36.682,36.697413340000004,0.0,,,15.413340000002052,15.413340000002052
eeg_chunk,9150,P27,pick_place,1,,36.7,0.062112,,1310,36.7,36.700062112000005,0.0,,,0.062112000001945944,0.062112000001945944
video_frame,929,P27,pick_place,1,,36.715,17.813102999999998,,1311,36.715,36.732813103000005,0.0,,,17.813103000001718,17.813103000001718
video_frame,930,P27,pick_place,1,,36.748999999999995,16.046657,,1312,36.748999999999995,36.76504665699999,0.0,,,16.046656999996856,16.046656999996856
video_frame,931,P27,pick_place,1,,36.782,15.915776000000001,,1313,36.782,36.797915775999996,0.0,,,15.915775999999937,15.915775999999937
eeg_chunk,9175,P27,pick_place,1,,36.8,0.063051,,1314,36.8,36.800063050999995,0.0,,,0.06305099999792674,0.06305099999792674
video_frame,932,P27,pick_place,1,,36.815,16.025797,,1315,36.815,36.831025796999995,0.0,,,16.02579699999751,16.02579699999751
video_frame,933,P27,pick_place,1,,36.849000000000004,15.518084,,1316,36.849000000000004,36.864518084000004,0.0,,,15.518083999999988,15.518083999999988
video_frame,934,P27,pick_place,1,,36.882000000000005,14.98907,,1317,36.882000000000005,36.896989070000004,0.0,,,14.989069999998605,14.989069999998605
eeg_chunk,9200,P27,pick_place,1,,36.9,0.063282,,1318,36.9,36.900063282,0.0,,,0.0632819999992762,0.0632819999992762
video_frame,935,P27,pick_place,1,,36.916,16.221491999999998,,1319,36.916,36.932221492,0.0,,,16.22149199999967,16.22149199999967
video_frame,936,P27,pick_place,1,,36.949,15.096153,,1320,36.949,36.964096153,0.0,,,15.096153000001777,15.096153000001777
video_frame,937,P27,pick_place,1,,36.982,13.520841,,1321,36.982,36.995520841,0.0,,,13.520841000001838,13.520841000001838
eeg_chunk,9225,P27,pick_place,1,,37.0,0.069712,,1322,37.0,37.000069712,0.0,,,0.06971199999838973,0.06971199999838973
prediction_update,35000,P27,pick_place,1,pick_place_s1_35.000,37.0,36.795508,38.0,1323,37.000069712,37.036865219999996,0.06971199999838973,0.0,True,36.8652199999957,36.8652199999957
video_frame,938,P27,pick_place,1,,37.015,15.370729,,1324,37.036865219999996,37.05223594899999,21.865219999995134,,,37.235948999992274,37.235948999992274
video_frame,939,P27,pick_place,1,,37.04900000000001,16.793639,,1325,37.05223594899999,37.06902958799999,3.235948999986249,,,20.029587999985665,20.029587999985665
video_frame,940,P27,pick_place,1,,37.08200000000001,14.967909,,1326,37.08200000000001,37.09696790900001,0.0,,,14.967908999999224,14.967908999999224
eeg_chunk,9250,P27,pick_place,1,,37.1,0.063522,,1327,37.1,37.100063522,0.0,,,0.0635219999978176,0.0635219999978176
video_frame,941,P27,pick_place,1,,37.116,16.20762,,1328,37.116,37.13220762,0.0,,,16.207620000002976,16.207620000002976
video_frame,942,P27,pick_place,1,,37.149,15.848023999999999,,1329,37.149,37.164848024,0.0,,,15.848024000000294,15.848024000000294
video_frame,943,P27,pick_place,1,,37.182,14.619888999999999,,1330,37.182,37.196619889000004,0.0,,,14.619889000002217,14.619889000002217
eeg_chunk,9275,P27,pick_place,1,,37.2,0.06274099999999999,,1331,37.2,37.200062741,0.0,,,0.06274100000069893,0.06274100000069893
video_frame,944,P27,pick_place,1,,37.215999999999994,16.497790000000002,,1332,37.215999999999994,37.23249779,0.0,,,16.49779000000251,16.49779000000251
video_frame,945,P27,pick_place,1,,37.248999999999995,9.890915,,1333,37.248999999999995,37.258890914999995,0.0,,,9.890914999999723,9.890914999999723
video_frame,946,P27,pick_place,1,,37.282,15.067262000000001,,1334,37.282,37.297067262,0.0,,,15.067262000002302,15.067262000002302
eeg_chunk,9300,P27,pick_place,1,,37.3,0.062052,,1335,37.3,37.300062051999994,0.0,,,0.06205199999698152,0.06205199999698152
video_frame,947,P27,pick_place,1,,37.316,16.827867,,1336,37.316,37.332827867000006,0.0,,,16.827867000003494,16.827867000003494
video_frame,948,P27,pick_place,1,,37.349000000000004,16.518999,,1337,37.349000000000004,37.365518999,0.0,,,16.518998999998757,16.518998999998757
video_frame,949,P27,pick_place,1,,37.382000000000005,14.925279000000002,,1338,37.382000000000005,37.39692527900001,0.0,,,14.9252790000034,14.9252790000034
eeg_chunk,9325,P27,pick_place,1,,37.4,0.062122000000000004,,1339,37.4,37.400062122,0.0,,,0.06212200000277335,0.06212200000277335
video_frame,950,P27,pick_place,1,,37.415000000000006,16.696914,,1340,37.415000000000006,37.43169691400001,0.0,,,16.696914000000618,16.696914000000618
video_frame,951,P27,pick_place,1,,37.449,15.985996,,1341,37.449,37.464985995999996,0.0,,,15.985995999997726,15.985995999997726
video_frame,952,P27,pick_place,1,,37.482,16.863868,,1342,37.482,37.498863868,0.0,,,16.863868000001503,16.863868000001503
eeg_chunk,9350,P27,pick_place,1,,37.5,0.062111,,1343,37.5,37.500062111,0.0,,,0.06211099999831049,0.06211099999831049
video_frame,953,P27,pick_place,1,,37.516000000000005,16.404096,,1344,37.516000000000005,37.53240409600001,0.0,,,16.404096000002255,16.404096000002255
video_frame,954,P27,pick_place,1,,37.54900000000001,15.898525000000001,,1345,37.54900000000001,37.564898525000004,0.0,,,15.898524999997221,15.898524999997221
video_frame,955,P27,pick_place,1,,37.58200000000001,16.679492999999997,,1346,37.58200000000001,37.598679493000006,0.0,,,16.679492999998047,16.679492999998047
eeg_chunk,9375,P27,pick_place,1,,37.6,0.062422,,1347,37.6,37.600062422,0.0,,,0.06242199999917375,0.06242199999917375
video_frame,956,P27,pick_place,1,,37.616,16.620632,,1348,37.616,37.632620632,0.0,,,16.620631999998636,16.620631999998636
video_frame,957,P27,pick_place,1,,37.649,15.493163,,1349,37.649,37.664493163,0.0,,,15.493163000002141,15.493163000002141
video_frame,958,P27,pick_place,1,,37.68300000000001,15.152204,,1350,37.68300000000001,37.69815220400001,0.0,,,15.152204000003167,15.152204000003167
eeg_chunk,9400,P27,pick_place,1,,37.7,0.062972,,1351,37.7,37.700062972000005,0.0,,,0.06297200000204839,0.06297200000204839
video_frame,959,P27,pick_place,1,,37.715999999999994,15.799763000000002,,1352,37.715999999999994,37.73179976299999,0.0,,,15.799762999996858,15.799762999996858
video_frame,960,P27,pick_place,1,,37.748999999999995,14.218027999999999,,1353,37.748999999999995,37.763218028,0.0,,,14.218028000001937,14.218028000001937
video_frame,961,P27,pick_place,1,,37.782,16.234192999999998,,1354,37.782,37.798234193,0.0,,,16.234193000002506,16.234193000002506
eeg_chunk,9425,P27,pick_place,1,,37.8,0.062801,,1355,37.8,37.800062800999996,0.0,,,0.06280099999855793,0.06280099999855793
video_frame,962,P27,pick_place,1,,37.816,16.725573999999998,,1356,37.816,37.832725574,0.0,,,16.725573999998744,16.725573999998744
video_frame,963,P27,pick_place,1,,37.849000000000004,17.168454999999998,,1357,37.849000000000004,37.866168455,0.0,,,17.16845499999664,17.16845499999664
video_frame,964,P27,pick_place,1,,37.882999999999996,16.352706,,1358,37.882999999999996,37.899352705999995,0.0,,,16.352705999999273,16.352705999999273
eeg_chunk,9450,P27,pick_place,1,,37.9,0.06277200000000001,,1359,37.9,37.900062772,0.0,,,0.06277199999971117,0.06277199999971117
video_frame,965,P27,pick_place,1,,37.916,10.573135,,1360,37.916,37.926573135,0.0,,,10.573135000001344,10.573135000001344
video_frame,966,P27,pick_place,1,,37.949,16.868631,,1361,37.949,37.965868631,0.0,,,16.868631000001244,16.868631000001244
video_frame,967,P27,pick_place,1,,37.983000000000004,15.809291,,1362,37.983000000000004,37.998809291,0.0,,,15.809290999996506,15.809290999996506
eeg_chunk,9475,P27,pick_place,1,,38.0,0.063562,,1363,38.0,38.000063562,0.0,,,0.06356200000112722,0.06356200000112722
prediction_update,36000,P27,pick_place,1,pick_place_s1_36.000,38.0,30.308978999999997,39.0,1364,38.000063562,38.030372541,0.06356200000112722,0.0,True,30.37254099999842,30.37254099999842
video_frame,968,P27,pick_place,1,,38.016000000000005,17.151895,,1365,38.030372541,38.047524435999996,14.372540999993078,,,31.524435999990885,31.524435999990885
video_frame,969,P27,pick_place,1,,38.04900000000001,17.564947999999998,,1366,38.04900000000001,38.06656494800001,0.0,,,17.564948000000413,17.564948000000413
video_frame,970,P27,pick_place,1,,38.08200000000001,15.157824,,1367,38.08200000000001,38.09715782400001,0.0,,,15.15782399999921,15.15782399999921
eeg_chunk,9500,P27,pick_place,1,,38.1,0.061982,,1368,38.1,38.100061982,0.0,,,0.06198199999829512,0.06198199999829512
video_frame,971,P27,pick_place,1,,38.116,14.411774999999999,,1369,38.116,38.130411775,0.0,,,14.411774999999238,14.411774999999238
video_frame,972,P27,pick_place,1,,38.149,15.734649999999998,,1370,38.149,38.16473465,0.0,,,15.734649999998851,15.734649999998851
video_frame,973,P27,pick_place,1,,38.18300000000001,16.257941,,1371,38.18300000000001,38.199257941000006,0.0,,,16.25794099999922,16.25794099999922
eeg_chunk,9525,P27,pick_place,1,,38.2,0.062501,,1372,38.2,38.200062501000005,0.0,,,0.06250100000215753,0.06250100000215753
video_frame,974,P27,pick_place,1,,38.215999999999994,17.425905000000004,,1373,38.215999999999994,38.233425905,0.0,,,17.425905000003183,17.425905000003183
video_frame,975,P27,pick_place,1,,38.248999999999995,15.146614000000001,,1374,38.248999999999995,38.264146614,0.0,,,15.1466140000025,15.1466140000025
video_frame,976,P27,pick_place,1,,38.283,13.837250999999998,,1375,38.283,38.296837251,0.0,,,13.837250999998219,13.837250999998219
eeg_chunk,9550,P27,pick_place,1,,38.3,0.062282,,1376,38.3,38.300062282,0.0,,,0.06228200000180095,0.06228200000180095
video_frame,977,P27,pick_place,1,,38.316,17.518015000000002,,1377,38.316,38.333518015,0.0,,,17.518015000000275,17.518015000000275
video_frame,978,P27,pick_place,1,,38.349000000000004,15.236305999999999,,1378,38.349000000000004,38.364236306,0.0,,,15.236305999998478,15.236305999998478
video_frame,979,P27,pick_place,1,,38.382999999999996,16.517081,,1379,38.382999999999996,38.399517081,0.0,,,16.517081000003486,16.517081000003486
eeg_chunk,9575,P27,pick_place,1,,38.4,0.062112,,1380,38.4,38.400062112,0.0,,,0.062112000001945944,0.062112000001945944
video_frame,980,P27,pick_place,1,,38.416,15.785048999999999,,1381,38.416,38.431785049,0.0,,,15.78504900000155,15.78504900000155
video_frame,981,P27,pick_place,1,,38.45,14.891847,,1382,38.45,38.464891847000004,0.0,,,14.891847000001235,14.891847000001235
video_frame,982,P27,pick_place,1,,38.483000000000004,15.37266,,1383,38.483000000000004,38.49837266,0.0,,,15.37265999999704,15.37265999999704
eeg_chunk,9600,P27,pick_place,1,,38.5,0.061771000000000006,,1384,38.5,38.500061771,0.0,,,0.06177099999860047,0.06177099999860047
video_frame,983,P27,pick_place,1,,38.516000000000005,16.11607,,1385,38.516000000000005,38.53211607000001,0.0,,,16.11607000000248,16.11607000000248
video_frame,984,P27,pick_place,1,,38.55,15.457842999999999,,1386,38.55,38.565457843,0.0,,,15.457843000000082,15.457843000000082
video_frame,985,P27,pick_place,1,,38.583,16.850468,,1387,38.583,38.599850468,0.0,,,16.85046800000123,16.85046800000123
eeg_chunk,9625,P27,pick_place,1,,38.6,0.061551999999999996,,1388,38.6,38.600061552,0.0,,,0.0615519999982439,0.0615519999982439
video_frame,986,P27,pick_place,1,,38.616,15.111564999999999,,1389,38.616,38.631111565,0.0,,,15.111564999997995,15.111564999997995
video_frame,987,P27,pick_place,1,,38.650999999999996,14.822274,,1390,38.650999999999996,38.66582227399999,0.0,,,14.822273999996582,14.822273999996582
video_frame,988,P27,pick_place,1,,38.68300000000001,16.647813999999997,,1391,38.68300000000001,38.69964781400001,0.0,,,16.64781400000237,16.64781400000237
eeg_chunk,9650,P27,pick_place,1,,38.7,0.063042,,1392,38.7,38.700063042000004,0.0,,,0.06304200000073479,0.06304200000073479
video_frame,989,P27,pick_place,1,,38.715999999999994,15.038391,,1393,38.715999999999994,38.73103839099999,0.0,,,15.038390999997375,15.038390999997375
video_frame,990,P27,pick_place,1,,38.75,18.418749000000002,,1394,38.75,38.768418749,0.0,,,18.418748999998513,18.418748999998513
video_frame,991,P27,pick_place,1,,38.783,16.326696,,1395,38.783,38.799326696,0.0,,,16.32669600000014,16.32669600000014
eeg_chunk,9675,P27,pick_place,1,,38.8,0.062901,,1396,38.8,38.800062901,0.0,,,0.06290099999972654,0.06290099999972654
video_frame,992,P27,pick_place,1,,38.816,17.635098,,1397,38.816,38.833635098,0.0,,,17.635097999999516,17.635097999999516
video_frame,993,P27,pick_place,1,,38.849000000000004,17.982988,,1398,38.849000000000004,38.866982988000004,0.0,,,17.982987999999978,17.982987999999978
video_frame,994,P27,pick_place,1,,38.882999999999996,14.108896000000001,,1399,38.882999999999996,38.897108896,0.0,,,14.108896000003313,14.108896000003313
eeg_chunk,9700,P27,pick_place,1,,38.9,0.062432,,1400,38.9,38.900062432,0.0,,,0.06243200000000115,0.06243200000000115
video_frame,995,P27,pick_place,1,,38.916,16.690754,,1401,38.916,38.932690754,0.0,,,16.690754000002528,16.690754000002528
eeg_chunk,9725,P27,pick_place,1,,39.0,0.062582,,1402,39.0,39.000062582,0.0,,,0.06258199999820135,0.06258199999820135
prediction_update,37000,P27,pick_place,1,pick_place_s1_37.000,39.0,39.038487999999994,40.0,1403,39.000062582,39.03910107,0.06258199999820135,0.0,True,39.10107000000096,39.10107000000096
eeg_chunk,9750,P27,pick_place,1,,39.1,0.062531,,1404,39.1,39.100062531,0.0,,,0.06253099999753431,0.06253099999753431
eeg_chunk,9775,P27,pick_place,1,,39.2,0.061932,,1405,39.2,39.200061932000004,0.0,,,0.06193200000126353,0.06193200000126353
eeg_chunk,9800,P27,pick_place,1,,39.3,0.062342,,1406,39.3,39.300062342,0.0,,,0.06234199999965995,0.06234199999965995
eeg_chunk,9825,P27,pick_place,1,,39.4,0.062942,,1407,39.4,39.400062942,0.0,,,0.06294199999956618,0.06294199999956618
eeg_chunk,9850,P27,pick_place,1,,39.5,0.067401,,1408,39.5,39.500067401,0.0,,,0.06740100000257598,0.06740100000257598
eeg_chunk,9875,P27,pick_place,1,,39.6,0.063242,,1409,39.6,39.600063242000004,0.0,,,0.06324200000307201,0.06324200000307201
eeg_chunk,9900,P27,pick_place,1,,39.7,0.062652,,1410,39.7,39.700062652,0.0,,,0.06265199999688775,0.06265199999688775
eeg_chunk,9925,P27,pick_place,1,,39.8,0.062791,,1411,39.8,39.800062790999995,0.0,,,0.06279099999773052,0.06279099999773052
eeg_chunk,9950,P27,pick_place,1,,39.9,0.063142,,1412,39.9,39.900063142,0.0,,,0.0631420000019034,0.0631420000019034
eeg_chunk,9975,P27,pick_place,1,,40.0,0.062801,,1413,40.0,40.000062801,0.0,,,0.06280099999855793,0.06280099999855793
prediction_update,38000,P27,pick_place,1,pick_place_s1_38.000,40.0,27.949219,41.0,1414,40.000062801,40.02801202,0.06280099999855793,0.0,True,28.012019999998472,28.012019999998472
eeg_chunk,10000,P27,pick_place,1,,40.1,0.062911,,1415,40.1,40.100062911,0.0,,,0.06291100000055394,0.06291100000055394
eeg_chunk,10025,P27,pick_place,1,,40.2,0.09255200000000001,,1416,40.2,40.200092552,0.0,,,0.09255199999813613,0.09255199999813613
eeg_chunk,10050,P27,pick_place,1,,40.3,0.066852,,1417,40.3,40.300066852,0.0,,,0.0668520000033368,0.0668520000033368
eeg_chunk,10075,P27,pick_place,1,,40.4,0.062531,,1418,40.4,40.400062530999996,0.0,,,0.06253099999753431,0.06253099999753431
eeg_chunk,10100,P27,pick_place,1,,40.5,0.062012,,1419,40.5,40.500062012,0.0,,,0.062012000000777334,0.062012000000777334
eeg_chunk,10125,P27,pick_place,1,,40.6,0.062252,,1420,40.6,40.600062252,0.0,,,0.06225199999931874,0.06225199999931874
eeg_chunk,10150,P27,pick_place,1,,40.7,0.063291,,1421,40.7,40.700063291,0.0,,,0.06329099999646814,0.06329099999646814
eeg_chunk,10175,P27,pick_place,1,,40.8,0.062762,,1422,40.8,40.800062761999996,0.0,,,0.06276199999888377,0.06276199999888377
eeg_chunk,10200,P27,pick_place,1,,40.9,0.062572,,1423,40.9,40.900062571999996,0.0,,,0.06257199999737395,0.06257199999737395
eeg_chunk,10225,P27,pick_place,1,,41.0,0.061831,,1424,41.0,41.000061831,0.0,,,0.06183099999645947,0.06183099999645947
prediction_update,39000,P27,pick_place,1,pick_place_s1_39.000,41.0,17.028043,42.0,1425,41.000061831,41.017089874,0.06183099999645947,0.0,True,17.08987399999984,17.08987399999984
eeg_chunk,10250,P27,pick_place,1,,41.1,0.061812,,1426,41.1,41.100061812,0.0,,,0.061811999998440115,0.061811999998440115
eeg_chunk,10275,P27,pick_place,1,,41.2,0.062612,,1427,41.2,41.200062612,0.0,,,0.06261200000068357,0.06261200000068357
eeg_chunk,10300,P27,pick_place,1,,41.3,0.062921,,1428,41.3,41.300062921,0.0,,,0.06292100000138134,0.06292100000138134
eeg_chunk,10325,P27,pick_place,1,,41.4,0.062222,,1429,41.4,41.400062221999995,0.0,,,0.06222199999683653,0.06222199999683653
eeg_chunk,10350,P27,pick_place,1,,41.5,0.062432,,1430,41.5,41.500062432,0.0,,,0.06243200000000115,0.06243200000000115
eeg_chunk,10375,P27,pick_place,1,,41.6,0.062371,,1431,41.6,41.600062371,0.0,,,0.062370999998506704,0.062370999998506704
eeg_chunk,10400,P27,pick_place,1,,41.7,0.062252,,1432,41.7,41.700062252,0.0,,,0.06225199999931874,0.06225199999931874
eeg_chunk,10425,P27,pick_place,1,,41.8,0.062802,,1433,41.8,41.800062802,0.0,,,0.06280200000219338,0.06280200000219338
eeg_chunk,10450,P27,pick_place,1,,41.9,0.062581,,1434,41.9,41.900062581,0.0,,,0.06258100000167133,0.06258100000167133
eeg_chunk,10475,P27,pick_place,1,,42.0,0.063102,,1435,42.0,42.000063102,0.0,,,0.06310199999859378,0.06310199999859378
prediction_update,40000,P27,pick_place,1,pick_place_s1_40.000,42.0,14.039695000000002,43.0,1436,42.000063102,42.014102797,0.06310199999859378,0.0,True,14.102796999999612,14.102796999999612
eeg_chunk,10500,P27,pick_place,1,,42.036,0.074151,,1437,42.036,42.036074151,0.0,,,0.07415099999974473,0.07415099999974473
