participant,task,segment_id,window_id,window_start_s,window_end_s,condition,model_id,nearest_image_distance,outside_selected_count,outside_selected_fraction,max_abs_image_z,median_abs_image_z
P01,pick_place,1,pick_place_s1_0.000,0.0,2.0,ICA,valence__eeg__svm__5,454.72077961241325,3,0.6,442.3735925856308,15.360640758253583
P01,pick_place,1,pick_place_s1_1.000,1.0,3.0,ICA,valence__eeg__svm__5,26.770818284497565,2,0.4,26.65894557277793,2.639855193029182
P01,pick_place,1,pick_place_s1_10.000,10.0,12.0,ICA,valence__eeg__svm__5,3.3675868782817098,1,0.2,6.887665981070737,0.6473148132894939
P01,pick_place,1,pick_place_s1_11.000,11.0,13.0,ICA,valence__eeg__svm__5,7.314071048976453,1,0.2,10.510287683278472,0.9107161978490987
P01,pick_place,1,pick_place_s1_12.000,12.0,14.0,ICA,valence__eeg__svm__5,7.32818032674978,1,0.2,9.730860472899177,2.2035091397468
P01,pick_place,1,pick_place_s1_13.000,13.0,15.0,ICA,valence__eeg__svm__5,4.289218754390182,1,0.2,5.227968879692865,1.7673182209519054
P01,pick_place,1,pick_place_s1_14.000,14.0,16.0,ICA,valence__eeg__svm__5,7.374207897758189,1,0.2,9.44423689453248,0.7816795058280614
P01,pick_place,1,pick_place_s1_15.000,15.0,17.0,ICA,valence__eeg__svm__5,3.2711830354084266,1,0.2,6.8426910915721555,0.6175573659883495
P01,pick_place,1,pick_place_s1_16.000,16.0,18.0,ICA,valence__eeg__svm__5,1.362994892790408,1,0.2,4.920699357849919,0.5581559431639702
P01,pick_place,1,pick_place_s1_17.000,17.0,19.0,ICA,valence__eeg__svm__5,4.687093546327726,1,0.2,8.181875862770616,0.7255888462396206
P01,pick_place,1,pick_place_s1_18.000,18.0,20.0,ICA,valence__eeg__svm__5,1.5594173971189496,1,0.2,5.004783228320344,0.6157381392568204
P01,pick_place,1,pick_place_s1_19.000,19.0,21.0,ICA,valence__eeg__svm__5,3.243138407481005,1,0.2,6.486511708115408,0.48919746834862177
P01,pick_place,1,pick_place_s1_2.000,2.0,4.0,ICA,valence__eeg__svm__5,6.67996659543331,1,0.2,9.533087286378635,1.1348042297199192
P01,pick_place,1,pick_place_s1_20.000,20.0,22.0,ICA,valence__eeg__svm__5,6.400474497960602,1,0.2,8.28858088524204,1.884105265814302
P01,pick_place,1,pick_place_s1_21.000,21.0,23.0,ICA,valence__eeg__svm__5,7.052620136271099,1,0.2,8.305854856576458,2.424456190719997
P01,pick_place,1,pick_place_s1_22.000,22.0,24.0,ICA,valence__eeg__svm__5,5.815067648859092,2,0.4,6.427482893555019,1.9447614210247768
P01,pick_place,1,pick_place_s1_23.000,23.0,25.0,ICA,valence__eeg__svm__5,6.181871534772706,1,0.2,5.612152635972456,3.799654291216912
P01,pick_place,1,pick_place_s1_24.000,24.0,26.0,ICA,valence__eeg__svm__5,7.477661504037506,1,0.2,6.44351168533653,5.111418458069871
P01,pick_place,1,pick_place_s1_25.000,25.0,27.0,ICA,valence__eeg__svm__5,2.600821386943673,0,0.0,3.264615331595285,1.3930862524201617
P01,pick_place,1,pick_place_s1_26.000,26.0,28.0,ICA,valence__eeg__svm__5,0.6041318847604518,0,0.0,1.2450137408323971,0.6102572406887418
P01,pick_place,1,pick_place_s1_27.000,27.0,29.0,ICA,valence__eeg__svm__5,4.3982265656903765,1,0.2,6.35817538778849,1.7051994659859324
P01,pick_place,1,pick_place_s1_28.000,28.0,30.0,ICA,valence__eeg__svm__5,4.628372227466409,1,0.2,7.469044140856608,0.8370749421567603
P01,pick_place,1,pick_place_s1_29.000,29.0,31.0,ICA,valence__eeg__svm__5,4.936683428029353,1,0.2,8.447773224417528,0.40338906261531693
P01,pick_place,1,pick_place_s1_3.000,3.0,5.0,ICA,valence__eeg__svm__5,0.6127190063412433,1,0.2,3.757639537026084,0.5470826009533916
P01,pick_place,1,pick_place_s1_30.000,30.0,32.0,ICA,valence__eeg__svm__5,5.663069689439629,1,0.2,7.156184972630818,1.6971719270657806
P01,pick_place,1,pick_place_s1_31.000,31.0,33.0,ICA,valence__eeg__svm__5,8.341536381990137,1,0.2,10.0014212741017,2.36436525963896
P01,pick_place,1,pick_place_s1_32.000,32.0,34.0,ICA,valence__eeg__svm__5,6.151805652905032,1,0.2,7.666824835292326,1.5993723545027785
P01,pick_place,1,pick_place_s1_33.000,33.0,35.0,ICA,valence__eeg__svm__5,1.1973552544795176,1,0.2,4.24347131390993,0.5023802683416345
P01,pick_place,1,pick_place_s1_34.000,34.0,36.0,ICA,valence__eeg__svm__5,2.7544817424520804,1,0.2,6.293893970811166,0.6481602593792373
P01,pick_place,1,pick_place_s1_35.000,35.0,37.0,ICA,valence__eeg__svm__5,3.940981926265646,1,0.2,6.623663145673677,0.9614136466403101
P01,pick_place,1,pick_place_s1_36.000,36.0,38.0,ICA,valence__eeg__svm__5,2.5126673179025523,1,0.2,5.404679118491947,2.058600306383395
P01,pick_place,1,pick_place_s1_37.000,37.0,39.0,ICA,valence__eeg__svm__5,6.270875761366385,2,0.4,6.959847712633765,2.406117053839464
P01,pick_place,1,pick_place_s1_38.000,38.0,40.0,ICA,valence__eeg__svm__5,3.371760286043798,1,0.2,3.763370186808508,1.577012282767446
P01,pick_place,1,pick_place_s1_39.000,39.0,41.0,ICA,valence__eeg__svm__5,1.6053754484158314,1,0.2,4.862253344359775,0.28221578341226816
P01,pick_place,1,pick_place_s1_4.000,4.0,6.0,ICA,valence__eeg__svm__5,1.0819705177646701,1,0.2,4.375048937595124,0.5403980453753465
P01,pick_place,1,pick_place_s1_40.000,40.0,42.0,ICA,valence__eeg__svm__5,0.8434488710576267,1,0.2,3.732502858713528,0.6666305460649616
P01,pick_place,1,pick_place_s1_41.000,41.0,43.0,ICA,valence__eeg__svm__5,1.5115776209850689,1,0.2,4.777611170911854,0.746592548668395
P01,pick_place,1,pick_place_s1_42.000,42.0,44.0,ICA,valence__eeg__svm__5,3.1084322146291856,1,0.2,3.8339879236482424,0.64229734969454
P01,pick_place,1,pick_place_s1_5.000,5.0,7.0,ICA,valence__eeg__svm__5,4.449429530557055,1,0.2,7.429029210255802,0.6657128370737013
P01,pick_place,1,pick_place_s1_6.000,6.0,8.0,ICA,valence__eeg__svm__5,6.733376767245103,1,0.2,9.92456287627871,0.6655798901261687
P01,pick_place,1,pick_place_s1_7.000,7.0,9.0,ICA,valence__eeg__svm__5,3.234047420925895,1,0.2,6.73854135618962,0.5895392840784914
P01,pick_place,1,pick_place_s1_8.000,8.0,10.0,ICA,valence__eeg__svm__5,2.1436442953700388,0,0.0,3.1698634395616234,0.5919912859988833
P01,pick_place,1,pick_place_s1_9.000,9.0,11.0,ICA,valence__eeg__svm__5,3.4586391883399012,1,0.2,4.382006906823385,0.8506428684476415
P01,shape_sorter_alone,1,shape_sorter_alone_s1_0.000,0.0,2.0,ICA,valence__eeg__svm__5,614.5168519131145,4,0.8,587.5101826368185,15.425050341562516
P01,shape_sorter_alone,1,shape_sorter_alone_s1_1.000,1.0,3.0,ICA,valence__eeg__svm__5,35.89250627835598,2,0.4,37.93119979296723,1.4773469757172424
P01,shape_sorter_alone,1,shape_sorter_alone_s1_10.000,10.0,12.0,ICA,valence__eeg__svm__5,5.738557632906662,1,0.2,9.11051650422271,0.8881224572210398
P01,shape_sorter_alone,1,shape_sorter_alone_s1_11.000,11.0,13.0,ICA,valence__eeg__svm__5,5.006536887844385,2,0.4,8.429371125155766,0.7705368141282982
P01,shape_sorter_alone,1,shape_sorter_alone_s1_12.000,12.0,14.0,ICA,valence__eeg__svm__5,7.938557374102503,2,0.4,11.19447431842203,1.0626575185711027
P01,shape_sorter_alone,1,shape_sorter_alone_s1_13.000,13.0,15.0,ICA,valence__eeg__svm__5,6.738336592875105,1,0.2,9.885855626223153,0.5931701045022728
P01,shape_sorter_alone,1,shape_sorter_alone_s1_14.000,14.0,16.0,ICA,valence__eeg__svm__5,2.594631777171104,1,0.2,5.44995354219268,0.3151643803402323
P01,shape_sorter_alone,1,shape_sorter_alone_s1_2.000,2.0,4.0,ICA,valence__eeg__svm__5,9.438059133592553,1,0.2,12.24225710597489,0.8941064174073728
P01,shape_sorter_alone,1,shape_sorter_alone_s1_3.000,3.0,5.0,ICA,valence__eeg__svm__5,2.9381183559710937,1,0.2,6.262098405310921,0.7166119040817587
P01,shape_sorter_alone,1,shape_sorter_alone_s1_4.000,4.0,6.0,ICA,valence__eeg__svm__5,5.7765187979019466,1,0.2,9.024402023094417,0.6771102477249364
P01,shape_sorter_alone,1,shape_sorter_alone_s1_5.000,5.0,7.0,ICA,valence__eeg__svm__5,6.045972910335411,1,0.2,9.060275769191586,0.5900655557673687
P01,shape_sorter_alone,1,shape_sorter_alone_s1_6.000,6.0,8.0,ICA,valence__eeg__svm__5,5.670519518461861,1,0.2,8.920898753606199,0.7456943353173692
P01,shape_sorter_alone,1,shape_sorter_alone_s1_7.000,7.0,9.0,ICA,valence__eeg__svm__5,4.390745283917979,1,0.2,7.111260430301457,0.8796589155514901
P01,shape_sorter_alone,1,shape_sorter_alone_s1_8.000,8.0,10.0,ICA,valence__eeg__svm__5,7.944828969282798,1,0.2,11.006703147272122,0.519648713040736
P01,shape_sorter_alone,1,shape_sorter_alone_s1_9.000,9.0,11.0,ICA,valence__eeg__svm__5,7.164965201140153,1,0.2,10.531168802638122,0.9957773030107511
P01,shape_sorter_interaction,1,shape_sorter_interaction_s1_0.000,0.0,2.0,ICA,valence__eeg__svm__5,1055.6966195299406,4,0.8,906.666871210516,15.36362476103687
P01,shape_sorter_interaction,1,shape_sorter_interaction_s1_1.000,1.0,3.0,ICA,valence__eeg__svm__5,54.92533955050593,2,0.4,58.596064782637065,0.730838316297635
P01,shape_sorter_interaction,1,shape_sorter_interaction_s1_10.000,10.0,12.0,ICA,valence__eeg__svm__5,7.953580939744326,1,0.2,8.512423855429109,0.6641331361984583
P01,shape_sorter_interaction,1,shape_sorter_interaction_s1_11.000,11.0,13.0,ICA,valence__eeg__svm__5,9.454053100700031,2,0.4,9.284270261484197,1.2153233309125642
P01,shape_sorter_interaction,1,shape_sorter_interaction_s1_12.000,12.0,14.0,ICA,valence__eeg__svm__5,9.81516756732392,2,0.4,9.909020357151352,1.0223439293420338
P01,shape_sorter_interaction,1,shape_sorter_interaction_s1_13.000,13.0,15.0,ICA,valence__eeg__svm__5,8.31559021843954,1,0.2,9.599153422164699,1.0900006185116478
P01,shape_sorter_interaction,1,shape_sorter_interaction_s1_14.000,14.0,16.0,ICA,valence__eeg__svm__5,7.63571295995944,1,0.2,8.50482253678897,1.0601999336049717
P01,shape_sorter_interaction,1,shape_sorter_interaction_s1_15.000,15.0,17.0,ICA,valence__eeg__svm__5,5.567592002167306,1,0.2,5.6778707157673525,1.0814727253658125
P01,shape_sorter_interaction,1,shape_sorter_interaction_s1_16.000,16.0,18.0,ICA,valence__eeg__svm__5,3.6979604684555856,1,0.2,5.2187620942108355,1.071837222522114
P01,shape_sorter_interaction,1,shape_sorter_interaction_s1_17.000,17.0,19.0,ICA,valence__eeg__svm__5,0.865203282733806,1,0.2,1.6688765811198023,1.1898243730306541
P01,shape_sorter_interaction,1,shape_sorter_interaction_s1_18.000,18.0,20.0,ICA,valence__eeg__svm__5,0.5329354510569706,0,0.0,1.9531458525664507,0.9961538100973053
P01,shape_sorter_interaction,1,shape_sorter_interaction_s1_19.000,19.0,21.0,ICA,valence__eeg__svm__5,1.1214234704881776,0,0.0,1.917871923945721,1.0950576266628678
P01,shape_sorter_interaction,1,shape_sorter_interaction_s1_2.000,2.0,4.0,ICA,valence__eeg__svm__5,7.852447139954693,2,0.4,7.7997271049273955,1.0618628178726615
P01,shape_sorter_interaction,1,shape_sorter_interaction_s1_20.000,20.0,22.0,ICA,valence__eeg__svm__5,3.088810527623263,1,0.2,4.563440990545117,1.1646387822067432
P01,shape_sorter_interaction,1,shape_sorter_interaction_s1_21.000,21.0,23.0,ICA,valence__eeg__svm__5,4.494170971428617,1,0.2,6.249744799480583,0.7234319691989909
P01,shape_sorter_interaction,1,shape_sorter_interaction_s1_22.000,22.0,24.0,ICA,valence__eeg__svm__5,0.9652772839122148,1,0.2,2.0003201163361743,0.9242922759714224
P01,shape_sorter_interaction,1,shape_sorter_interaction_s1_23.000,23.0,25.0,ICA,valence__eeg__svm__5,5.991243343025516,1,0.2,7.654869359294264,1.119190815007057
P01,shape_sorter_interaction,1,shape_sorter_interaction_s1_24.000,24.0,26.0,ICA,valence__eeg__svm__5,5.08975920358146,2,0.4,5.414086027357023,1.2777721017626016
P01,shape_sorter_interaction,1,shape_sorter_interaction_s1_25.000,25.0,27.0,ICA,valence__eeg__svm__5,2.6203264878374677,0,0.0,3.231514908895551,1.1556973412205753
P01,shape_sorter_interaction,1,shape_sorter_interaction_s1_26.000,26.0,28.0,ICA,valence__eeg__svm__5,9.221422533559702,2,0.4,8.922487645713527,1.1077810040496676
P01,shape_sorter_interaction,1,shape_sorter_interaction_s1_27.000,27.0,29.0,ICA,valence__eeg__svm__5,7.592662618280659,2,0.4,7.349142253235068,0.9856784591435139
P01,shape_sorter_interaction,1,shape_sorter_interaction_s1_28.000,28.0,30.0,ICA,valence__eeg__svm__5,1.8331771466181999,0,0.0,2.562045282436335,0.633752608609555
P01,shape_sorter_interaction,1,shape_sorter_interaction_s1_29.000,29.0,31.0,ICA,valence__eeg__svm__5,1.712785890362413,0,0.0,4.426726700996897,0.9220362068404759
P01,shape_sorter_interaction,1,shape_sorter_interaction_s1_3.000,3.0,5.0,ICA,valence__eeg__svm__5,4.431189131521902,1,0.2,4.919038705604486,0.41033629752502665
P01,shape_sorter_interaction,1,shape_sorter_interaction_s1_30.000,30.0,32.0,ICA,valence__eeg__svm__5,5.669835464014936,1,0.2,5.928521122520785,0.6801934811540694
P01,shape_sorter_interaction,1,shape_sorter_interaction_s1_31.000,31.0,33.0,ICA,valence__eeg__svm__5,7.366286046400498,1,0.2,8.39899509995084,1.1285059461834006
P01,shape_sorter_interaction,1,shape_sorter_interaction_s1_32.000,32.0,34.0,ICA,valence__eeg__svm__5,7.811376016327953,2,0.4,8.819671798242041,1.2659099386260644
P01,shape_sorter_interaction,1,shape_sorter_interaction_s1_33.000,33.0,35.0,ICA,valence__eeg__svm__5,4.908601522315504,2,0.4,5.222144176663078,1.4045180083008777
P01,shape_sorter_interaction,1,shape_sorter_interaction_s1_34.000,34.0,36.0,ICA,valence__eeg__svm__5,5.945715839735195,3,0.6,8.557894295781994,1.2835726653680166
P01,shape_sorter_interaction,1,shape_sorter_interaction_s1_35.000,35.0,37.0,ICA,valence__eeg__svm__5,4.836454111510488,1,0.2,7.758524224376934,0.9854933220472111
P01,shape_sorter_interaction,1,shape_sorter_interaction_s1_36.000,36.0,38.0,ICA,valence__eeg__svm__5,0.9999606367564071,0,0.0,1.1100698232926092,0.660297883777031
P01,shape_sorter_interaction,1,shape_sorter_interaction_s1_37.000,37.0,39.0,ICA,valence__eeg__svm__5,1.0522147198446403,0,0.0,1.2096692733671786,0.6427285797020317
P01,shape_sorter_interaction,1,shape_sorter_interaction_s1_38.000,38.0,40.0,ICA,valence__eeg__svm__5,1.5189325065541344,0,0.0,2.2747310436082535,1.1908371970183425
P01,shape_sorter_interaction,1,shape_sorter_interaction_s1_39.000,39.0,41.0,ICA,valence__eeg__svm__5,3.1257129102618646,1,0.2,4.950021879679212,1.1959970078704198
P01,shape_sorter_interaction,1,shape_sorter_interaction_s1_4.000,4.0,6.0,ICA,valence__eeg__svm__5,1.0527829681075473,0,0.0,1.5326302146128628,0.5096301166227977
P01,shape_sorter_interaction,1,shape_sorter_interaction_s1_40.000,40.0,42.0,ICA,valence__eeg__svm__5,1.4424880946613596,0,0.0,2.260855218087983,1.1576469711133446
P01,shape_sorter_interaction,1,shape_sorter_interaction_s1_41.000,41.0,43.0,ICA,valence__eeg__svm__5,1.81042211247911,0,0.0,3.2656371805380258,1.023037831687782
P01,shape_sorter_interaction,1,shape_sorter_interaction_s1_42.000,42.0,44.0,ICA,valence__eeg__svm__5,5.19857692023285,2,0.4,6.245269552900075,1.2279523957731386
P01,shape_sorter_interaction,1,shape_sorter_interaction_s1_43.000,43.0,45.0,ICA,valence__eeg__svm__5,5.092624497355603,2,0.4,6.934602191572503,1.1953738154070592
P01,shape_sorter_interaction,1,shape_sorter_interaction_s1_44.000,44.0,46.0,ICA,valence__eeg__svm__5,2.0019783259767903,0,0.0,3.072252193132215,0.49675770878249426
P01,shape_sorter_interaction,1,shape_sorter_interaction_s1_45.000,45.0,47.0,ICA,valence__eeg__svm__5,1.2897145860852965,0,0.0,1.9207690684054037,0.3655177714785406
P01,shape_sorter_interaction,1,shape_sorter_interaction_s1_46.000,46.0,48.0,ICA,valence__eeg__svm__5,1.2369285641260348,0,0.0,1.6996197094517935,0.6444258507288251
P01,shape_sorter_interaction,1,shape_sorter_interaction_s1_47.000,47.0,49.0,ICA,valence__eeg__svm__5,1.1549958216819018,0,0.0,2.476942951460444,0.5434550307848032
P01,shape_sorter_interaction,1,shape_sorter_interaction_s1_48.000,48.0,50.0,ICA,valence__eeg__svm__5,3.028490983867789,1,0.2,3.634783890268344,1.0990450286607452
P01,shape_sorter_interaction,1,shape_sorter_interaction_s1_49.000,49.0,51.0,ICA,valence__eeg__svm__5,5.898991201640679,1,0.2,7.7393205873590025,1.0885585568136047
P01,shape_sorter_interaction,1,shape_sorter_interaction_s1_5.000,5.0,7.0,ICA,valence__eeg__svm__5,1.5767363038380848,0,0.0,2.9786629766992405,0.443110403788053
P01,shape_sorter_interaction,1,shape_sorter_interaction_s1_50.000,50.0,52.0,ICA,valence__eeg__svm__5,5.0336296958087825,1,0.2,7.102900792813102,1.1686988045840105
P01,shape_sorter_interaction,1,shape_sorter_interaction_s1_51.000,51.0,53.0,ICA,valence__eeg__svm__5,2.7346435942395906,2,0.4,5.251414951699669,1.2798468805318635
P01,shape_sorter_interaction,1,shape_sorter_interaction_s1_52.000,52.0,54.0,ICA,valence__eeg__svm__5,2.365932065017118,1,0.2,4.733652591358949,0.9065097730471873
P01,shape_sorter_interaction,1,shape_sorter_interaction_s1_53.000,53.0,55.0,ICA,valence__eeg__svm__5,2.849876498567621,2,0.4,5.313004087975676,1.3127601253019563
P01,shape_sorter_interaction,1,shape_sorter_interaction_s1_54.000,54.0,56.0,ICA,valence__eeg__svm__5,1.5416580344632926,0,0.0,3.147449975008138,0.9489886558328192
P01,shape_sorter_interaction,1,shape_sorter_interaction_s1_55.000,55.0,57.0,ICA,valence__eeg__svm__5,3.4711095262758445,1,0.2,5.961767534196093,0.8142071977839458
P01,shape_sorter_interaction,1,shape_sorter_interaction_s1_56.000,56.0,58.0,ICA,valence__eeg__svm__5,3.9654773843504674,1,0.2,6.179499978429271,1.1040842459929772
P01,shape_sorter_interaction,1,shape_sorter_interaction_s1_57.000,57.0,59.0,ICA,valence__eeg__svm__5,1.2877142569944708,1,0.2,1.8199871312386005,0.5898267395480469
P01,shape_sorter_interaction,1,shape_sorter_interaction_s1_58.000,58.0,60.0,ICA,valence__eeg__svm__5,0.8816744057324309,1,0.2,2.1043693409989657,0.7630666222305026
P01,shape_sorter_interaction,1,shape_sorter_interaction_s1_59.000,59.0,61.0,ICA,valence__eeg__svm__5,3.674166402139305,1,0.2,4.236998551802057,1.1040417738586237
P01,shape_sorter_interaction,1,shape_sorter_interaction_s1_6.000,6.0,8.0,ICA,valence__eeg__svm__5,9.739378501913453,2,0.4,9.341919130616175,0.9956199592604142
P01,shape_sorter_interaction,1,shape_sorter_interaction_s1_60.000,60.0,62.0,ICA,valence__eeg__svm__5,4.18465371951631,1,0.2,4.763829591737724,0.9930050838881582
P01,shape_sorter_interaction,1,shape_sorter_interaction_s1_61.000,61.0,63.0,ICA,valence__eeg__svm__5,6.470290611340708,1,0.2,6.934553944291,0.5302910501184797
P01,shape_sorter_interaction,1,shape_sorter_interaction_s1_62.000,62.0,64.0,ICA,valence__eeg__svm__5,8.957060041482,2,0.4,8.701119268919205,1.6162362533123593
P01,shape_sorter_interaction,1,shape_sorter_interaction_s1_63.000,63.0,65.0,ICA,valence__eeg__svm__5,2.727669156151328,0,0.0,4.962450935241508,1.1861947728822422
P01,shape_sorter_interaction,1,shape_sorter_interaction_s1_64.000,64.0,66.0,ICA,valence__eeg__svm__5,4.574079363544195,1,0.2,4.980948234283568,0.9051644421541583
P01,shape_sorter_interaction,1,shape_sorter_interaction_s1_65.000,65.0,67.0,ICA,valence__eeg__svm__5,6.606595696806636,2,0.4,6.80674106645176,0.7752405914508332
P01,shape_sorter_interaction,1,shape_sorter_interaction_s1_66.000,66.0,68.0,ICA,valence__eeg__svm__5,7.2542557274841695,1,0.2,8.259337914175845,1.0869062790992026
P01,shape_sorter_interaction,1,shape_sorter_interaction_s1_67.000,67.0,69.0,ICA,valence__eeg__svm__5,3.1401942591333394,0,0.0,3.6640489822864066,1.1172736679786777
P01,shape_sorter_interaction,1,shape_sorter_interaction_s1_68.000,68.0,70.0,ICA,valence__eeg__svm__5,5.994680407710204,1,0.2,6.88171733460882,1.0801413509088145
P01,shape_sorter_interaction,1,shape_sorter_interaction_s1_69.000,69.0,71.0,ICA,valence__eeg__svm__5,3.297947102816047,1,0.2,3.898616266744037,1.2170052915340261
P01,shape_sorter_interaction,1,shape_sorter_interaction_s1_7.000,7.0,9.0,ICA,valence__eeg__svm__5,8.853824678795672,2,0.4,9.15487957152208,1.0046121497428486
P01,shape_sorter_interaction,1,shape_sorter_interaction_s1_70.000,70.0,72.0,ICA,valence__eeg__svm__5,1.1794260692257441,1,0.2,1.1853692519676138,0.7595985553387643
P01,shape_sorter_interaction,1,shape_sorter_interaction_s1_71.000,71.0,73.0,ICA,valence__eeg__svm__5,0.5870968595842081,0,0.0,0.955137661237446,0.5933539285085412
P01,shape_sorter_interaction,1,shape_sorter_interaction_s1_72.000,72.0,74.0,ICA,valence__eeg__svm__5,0.5769686628006521,0,0.0,1.1407880911848116,0.7556994626733964
P01,shape_sorter_interaction,1,shape_sorter_interaction_s1_73.000,73.0,75.0,ICA,valence__eeg__svm__5,2.80883810014828,1,0.2,4.909466238299038,1.1208930841553721
P01,shape_sorter_interaction,1,shape_sorter_interaction_s1_74.000,74.0,76.0,ICA,valence__eeg__svm__5,4.697328911565327,1,0.2,6.197210032781145,1.2350354056181816
P01,shape_sorter_interaction,1,shape_sorter_interaction_s1_75.000,75.0,77.0,ICA,valence__eeg__svm__5,5.377082956380324,1,0.2,7.2681096571338335,1.2052343321497208
P01,shape_sorter_interaction,1,shape_sorter_interaction_s1_76.000,76.0,78.0,ICA,valence__eeg__svm__5,5.140544861128702,1,0.2,5.460339486220586,1.15152755611759
P01,shape_sorter_interaction,1,shape_sorter_interaction_s1_77.000,77.0,79.0,ICA,valence__eeg__svm__5,6.70115662282944,1,0.2,7.944808133643556,1.0714928141796267
P01,shape_sorter_interaction,1,shape_sorter_interaction_s1_78.000,78.0,80.0,ICA,valence__eeg__svm__5,4.182015117480929,1,0.2,5.870195018239181,0.8549901300769395
P01,shape_sorter_interaction,1,shape_sorter_interaction_s1_79.000,79.0,81.0,ICA,valence__eeg__svm__5,4.073954801931463,1,0.2,4.546285318954786,0.36250148433614215
P01,shape_sorter_interaction,1,shape_sorter_interaction_s1_8.000,8.0,10.0,ICA,valence__eeg__svm__5,2.6939519541424795,0,0.0,4.4796134092418605,0.3179283671998457
P01,shape_sorter_interaction,1,shape_sorter_interaction_s1_80.000,80.0,82.0,ICA,valence__eeg__svm__5,1.4700684516324425,0,0.0,3.741202483255051,0.2114293461060005
P01,shape_sorter_interaction,1,shape_sorter_interaction_s1_81.000,81.0,83.0,ICA,valence__eeg__svm__5,3.3203035679545914,0,0.0,5.195139839940268,0.5492506487276985
P01,shape_sorter_interaction,1,shape_sorter_interaction_s1_82.000,82.0,84.0,ICA,valence__eeg__svm__5,7.97830392022481,2,0.4,8.094190037714279,0.6670923534934718
P01,shape_sorter_interaction,1,shape_sorter_interaction_s1_9.000,9.0,11.0,ICA,valence__eeg__svm__5,6.495242326255803,1,0.2,7.130012743970318,0.5530264982172505
P01,shape_sorter_observation,1,shape_sorter_observation_s1_0.000,0.0,2.0,ICA,valence__eeg__svm__5,424.44390060660623,3,0.6,414.4825614421185,15.301107377882877
P01,shape_sorter_observation,1,shape_sorter_observation_s1_1.000,1.0,3.0,ICA,valence__eeg__svm__5,26.216538839822437,2,0.4,25.969966093650168,0.5369799078121267
P01,shape_sorter_observation,1,shape_sorter_observation_s1_10.000,10.0,12.0,ICA,valence__eeg__svm__5,5.605289214872412,1,0.2,9.131659498783659,0.44735683060570114
P01,shape_sorter_observation,1,shape_sorter_observation_s1_11.000,11.0,13.0,ICA,valence__eeg__svm__5,3.8618936399455532,1,0.2,7.411394117899939,0.49049746872009875
P01,shape_sorter_observation,1,shape_sorter_observation_s1_12.000,12.0,14.0,ICA,valence__eeg__svm__5,0.9100364830948439,1,0.2,4.295710374868308,0.4567418446396123
P01,shape_sorter_observation,1,shape_sorter_observation_s1_13.000,13.0,15.0,ICA,valence__eeg__svm__5,0.30418421039224175,0,0.0,1.4444379565668002,0.5866630125777637
P01,shape_sorter_observation,1,shape_sorter_observation_s1_14.000,14.0,16.0,ICA,valence__eeg__svm__5,2.169495428689672,1,0.2,4.896577044178249,0.39002406150027513
P01,shape_sorter_observation,1,shape_sorter_observation_s1_15.000,15.0,17.0,ICA,valence__eeg__svm__5,3.401440317697118,1,0.2,3.871279585246761,0.56011990409213
P01,shape_sorter_observation,1,shape_sorter_observation_s1_16.000,16.0,18.0,ICA,valence__eeg__svm__5,1.2011620742732252,0,0.0,1.9457351788398136,0.550678136788169
P01,shape_sorter_observation,1,shape_sorter_observation_s1_17.000,17.0,19.0,ICA,valence__eeg__svm__5,4.5819476298750095,1,0.2,7.4826036106970335,0.7973686420439218
P01,shape_sorter_observation,1,shape_sorter_observation_s1_18.000,18.0,20.0,ICA,valence__eeg__svm__5,5.279287991544013,1,0.2,8.20053767799758,0.8440255923575024
P01,shape_sorter_observation,1,shape_sorter_observation_s1_19.000,19.0,21.0,ICA,valence__eeg__svm__5,1.4693518387353055,0,0.0,2.695630652429644,0.41773672539634643
P01,shape_sorter_observation,1,shape_sorter_observation_s1_2.000,2.0,4.0,ICA,valence__eeg__svm__5,4.535390055805287,1,0.2,7.594206119418014,0.48062340225800615
P01,shape_sorter_observation,1,shape_sorter_observation_s1_20.000,20.0,22.0,ICA,valence__eeg__svm__5,2.422009210814287,0,0.0,2.7640416736754685,0.48517261272630857
P01,shape_sorter_observation,1,shape_sorter_observation_s1_21.000,21.0,23.0,ICA,valence__eeg__svm__5,4.404081281534494,1,0.2,6.8886933275634075,0.680585235161084
P01,shape_sorter_observation,1,shape_sorter_observation_s1_22.000,22.0,24.0,ICA,valence__eeg__svm__5,3.32181745942336,1,0.2,6.6418777300107665,0.6010594336433224
P01,shape_sorter_observation,1,shape_sorter_observation_s1_23.000,23.0,25.0,ICA,valence__eeg__svm__5,0.5835495958801614,1,0.2,3.9015358199232955,0.3133652684839384
P01,shape_sorter_observation,1,shape_sorter_observation_s1_24.000,24.0,26.0,ICA,valence__eeg__svm__5,0.9955333708497929,1,0.2,3.641263512176872,0.4170492593734235
P01,shape_sorter_observation,1,shape_sorter_observation_s1_25.000,25.0,27.0,ICA,valence__eeg__svm__5,1.4388526539759585,1,0.2,4.574173246359782,0.4728382659230109
P01,shape_sorter_observation,1,shape_sorter_observation_s1_26.000,26.0,28.0,ICA,valence__eeg__svm__5,4.981913877028645,1,0.2,7.957737281057642,0.7702338787863349
P01,shape_sorter_observation,1,shape_sorter_observation_s1_27.000,27.0,29.0,ICA,valence__eeg__svm__5,2.8924456208635565,0,0.0,3.5186204229078033,0.7461122120683638
P01,shape_sorter_observation,1,shape_sorter_observation_s1_28.000,28.0,30.0,ICA,valence__eeg__svm__5,1.7450602569124678,1,0.2,4.424091501434769,0.7700112167308478
P01,shape_sorter_observation,1,shape_sorter_observation_s1_29.000,29.0,31.0,ICA,valence__eeg__svm__5,2.2882963403703767,1,0.2,4.884090278487434,1.0001616846676116
P01,shape_sorter_observation,1,shape_sorter_observation_s1_3.000,3.0,5.0,ICA,valence__eeg__svm__5,1.3693934720163932,0,0.0,2.253804620946233,0.3371546842655317
P01,shape_sorter_observation,1,shape_sorter_observation_s1_30.000,30.0,32.0,ICA,valence__eeg__svm__5,3.103385193928052,1,0.2,4.2376167502113695,0.8553598694750596
P01,shape_sorter_observation,1,shape_sorter_observation_s1_31.000,31.0,33.0,ICA,valence__eeg__svm__5,5.6450104981796185,1,0.2,6.931570532421662,1.048318560745253
P01,shape_sorter_observation,1,shape_sorter_observation_s1_32.000,32.0,34.0,ICA,valence__eeg__svm__5,6.233704521235523,1,0.2,8.603476064273385,0.7704099670114329
P01,shape_sorter_observation,1,shape_sorter_observation_s1_33.000,33.0,35.0,ICA,valence__eeg__svm__5,0.9368293876287208,1,0.2,3.6990982677133197,0.3621507483774021
P01,shape_sorter_observation,1,shape_sorter_observation_s1_34.000,34.0,36.0,ICA,valence__eeg__svm__5,3.6776807928247055,1,0.2,6.58393100038507,0.757612222955186
P01,shape_sorter_observation,1,shape_sorter_observation_s1_35.000,35.0,37.0,ICA,valence__eeg__svm__5,2.3407279711393927,0,0.0,2.755505460851371,0.455160829459896
P01,shape_sorter_observation,1,shape_sorter_observation_s1_36.000,36.0,38.0,ICA,valence__eeg__svm__5,2.0297286152567566,0,0.0,3.5680667938520383,0.5958377604563982
P01,shape_sorter_observation,1,shape_sorter_observation_s1_37.000,37.0,39.0,ICA,valence__eeg__svm__5,1.1344926693660644,0,0.0,1.161317528835277,0.667390844449378
P01,shape_sorter_observation,1,shape_sorter_observation_s1_38.000,38.0,40.0,ICA,valence__eeg__svm__5,1.8963218753248918,1,0.2,4.412097775645495,0.7988738067242436
P01,shape_sorter_observation,1,shape_sorter_observation_s1_39.000,39.0,41.0,ICA,valence__eeg__svm__5,7.128269044732796,1,0.2,10.46679406102662,0.8758647480666688
P01,shape_sorter_observation,1,shape_sorter_observation_s1_4.000,4.0,6.0,ICA,valence__eeg__svm__5,4.115687145360359,1,0.2,6.342337761804064,0.5529109053216116
P01,shape_sorter_observation,1,shape_sorter_observation_s1_40.000,40.0,42.0,ICA,valence__eeg__svm__5,4.509563259819569,1,0.2,8.038034296736308,0.5636672885162303
P01,shape_sorter_observation,1,shape_sorter_observation_s1_41.000,41.0,43.0,ICA,valence__eeg__svm__5,3.3264896581695473,1,0.2,3.93035589156562,0.6440215853436776
P01,shape_sorter_observation,1,shape_sorter_observation_s1_42.000,42.0,44.0,ICA,valence__eeg__svm__5,3.557816340486666,1,0.2,4.52446490835728,0.8400597430970046
P01,shape_sorter_observation,1,shape_sorter_observation_s1_43.000,43.0,45.0,ICA,valence__eeg__svm__5,2.441375410289573,1,0.2,5.998942154754252,0.6906019271194275
P01,shape_sorter_observation,1,shape_sorter_observation_s1_44.000,44.0,46.0,ICA,valence__eeg__svm__5,2.5074979000180067,1,0.2,6.007618583387293,0.6383599476289038
P01,shape_sorter_observation,1,shape_sorter_observation_s1_45.000,45.0,47.0,ICA,valence__eeg__svm__5,4.172699210723221,1,0.2,7.541294341739898,0.31445811126606493
P01,shape_sorter_observation,1,shape_sorter_observation_s1_46.000,46.0,48.0,ICA,valence__eeg__svm__5,7.144787232305718,1,0.2,10.567087440366436,0.7208532160620885
P01,shape_sorter_observation,1,shape_sorter_observation_s1_47.000,47.0,49.0,ICA,valence__eeg__svm__5,4.585201902956866,1,0.2,8.120558327796765,0.5802897769139784
P01,shape_sorter_observation,1,shape_sorter_observation_s1_48.000,48.0,50.0,ICA,valence__eeg__svm__5,3.2579672636910337,1,0.2,6.631952395980013,0.47340238432461484
P01,shape_sorter_observation,1,shape_sorter_observation_s1_49.000,49.0,51.0,ICA,valence__eeg__svm__5,3.970704823083578,1,0.2,7.254926087697384,0.755923650833222
P01,shape_sorter_observation,1,shape_sorter_observation_s1_5.000,5.0,7.0,ICA,valence__eeg__svm__5,7.418810892423997,1,0.2,10.347629136833158,0.5976820047158271
P01,shape_sorter_observation,1,shape_sorter_observation_s1_50.000,50.0,52.0,ICA,valence__eeg__svm__5,2.3774722270886883,1,0.2,5.696488353970875,0.42544784676630715
P01,shape_sorter_observation,1,shape_sorter_observation_s1_51.000,51.0,53.0,ICA,valence__eeg__svm__5,1.581940988266946,1,0.2,4.755629698383296,0.49675824523320844
P01,shape_sorter_observation,1,shape_sorter_observation_s1_52.000,52.0,54.0,ICA,valence__eeg__svm__5,0.9367482180991764,0,0.0,2.500489504705553,0.22166608419111822
P01,shape_sorter_observation,1,shape_sorter_observation_s1_53.000,53.0,55.0,ICA,valence__eeg__svm__5,0.7378858389298419,0,0.0,2.7432530223471305,0.48479685962140534
P01,shape_sorter_observation,1,shape_sorter_observation_s1_54.000,54.0,56.0,ICA,valence__eeg__svm__5,1.689348377289699,1,0.2,4.503420991531733,0.66313496715111
P01,shape_sorter_observation,1,shape_sorter_observation_s1_55.000,55.0,57.0,ICA,valence__eeg__svm__5,3.2831062988249466,1,0.2,5.987199168847591,0.8571897602780536
P01,shape_sorter_observation,1,shape_sorter_observation_s1_56.000,56.0,58.0,ICA,valence__eeg__svm__5,6.013674717532166,1,0.2,9.395229251973774,0.7089756691438494
P01,shape_sorter_observation,1,shape_sorter_observation_s1_57.000,57.0,59.0,ICA,valence__eeg__svm__5,5.629819872730929,1,0.2,9.092531806645745,0.5324773325422707
P01,shape_sorter_observation,1,shape_sorter_observation_s1_58.000,58.0,60.0,ICA,valence__eeg__svm__5,3.2034994777533523,1,0.2,6.41412921351814,0.7074757845187044
P01,shape_sorter_observation,1,shape_sorter_observation_s1_59.000,59.0,61.0,ICA,valence__eeg__svm__5,0.8148160987715578,0,0.0,3.019265423259107,0.408246246405658
P01,shape_sorter_observation,1,shape_sorter_observation_s1_6.000,6.0,8.0,ICA,valence__eeg__svm__5,0.8879514969201032,1,0.2,3.817500483244956,0.44133005579279155
P01,shape_sorter_observation,1,shape_sorter_observation_s1_60.000,60.0,62.0,ICA,valence__eeg__svm__5,0.837893977210882,1,0.2,3.9170784325789585,0.3343486683779167
P01,shape_sorter_observation,1,shape_sorter_observation_s1_61.000,61.0,63.0,ICA,valence__eeg__svm__5,1.7290856335667462,1,0.2,5.090640115529443,0.5534944889343831
P01,shape_sorter_observation,1,shape_sorter_observation_s1_62.000,62.0,64.0,ICA,valence__eeg__svm__5,7.160432150444935,1,0.2,10.218565628318792,0.8806386058665122
P01,shape_sorter_observation,1,shape_sorter_observation_s1_7.000,7.0,9.0,ICA,valence__eeg__svm__5,0.8519463993214609,0,0.0,2.897251032579268,0.5560301179328487
P01,shape_sorter_observation,1,shape_sorter_observation_s1_8.000,8.0,10.0,ICA,valence__eeg__svm__5,6.276023043583548,1,0.2,9.288445132311834,0.9015775236083895
P01,shape_sorter_observation,1,shape_sorter_observation_s1_9.000,9.0,11.0,ICA,valence__eeg__svm__5,6.820639144506067,1,0.2,10.11454045741652,0.4261278289241065
P01,sisyphus,1,sisyphus_s1_0.000,0.0,2.0,ICA,valence__eeg__svm__5,414.2697050141763,3,0.6,404.3786673964397,15.370517665074535
P01,sisyphus,1,sisyphus_s1_1.000,1.0,3.0,ICA,valence__eeg__svm__5,25.14233058503184,2,0.4,24.71698861715148,0.7485210445840392
P01,sisyphus,1,sisyphus_s1_10.000,10.0,12.0,ICA,valence__eeg__svm__5,2.6761708101677124,1,0.2,6.156315318607814,0.45544061739161007
P01,sisyphus,1,sisyphus_s1_11.000,11.0,13.0,ICA,valence__eeg__svm__5,3.0529513639242523,1,0.2,5.567706827559465,0.7519417136233673
P01,sisyphus,1,sisyphus_s1_12.000,12.0,14.0,ICA,valence__eeg__svm__5,4.8041356726403945,1,0.2,6.594716214415369,0.4922088607522762
P01,sisyphus,1,sisyphus_s1_13.000,13.0,15.0,ICA,valence__eeg__svm__5,3.0335574634472677,1,0.2,6.20914721820772,0.6444554415024338
P01,sisyphus,1,sisyphus_s1_14.000,14.0,16.0,ICA,valence__eeg__svm__5,1.8897486818940088,1,0.2,5.419645534459271,0.6612844159077537
P01,sisyphus,1,sisyphus_s1_15.000,15.0,17.0,ICA,valence__eeg__svm__5,0.6907351480813553,0,0.0,0.7686556720786182,0.5129172639974082
P01,sisyphus,1,sisyphus_s1_16.000,16.0,18.0,ICA,valence__eeg__svm__5,3.1228601134383176,1,0.2,3.886140748458597,0.6732330561366804
P01,sisyphus,1,sisyphus_s1_17.000,17.0,19.0,ICA,valence__eeg__svm__5,5.994757087530636,1,0.2,8.861197488988354,0.9912877549000446
P01,sisyphus,1,sisyphus_s1_18.000,18.0,20.0,ICA,valence__eeg__svm__5,5.233568898680212,1,0.2,8.56309380366592,0.5415875400041424
P01,sisyphus,1,sisyphus_s1_19.000,19.0,21.0,ICA,valence__eeg__svm__5,2.1289924213325424,0,0.0,3.0949378044400184,1.1357692270521902
P01,sisyphus,1,sisyphus_s1_2.000,2.0,4.0,ICA,valence__eeg__svm__5,4.7264322442126465,1,0.2,7.839603258031777,0.44800234884442114
P01,sisyphus,1,sisyphus_s1_20.000,20.0,22.0,ICA,valence__eeg__svm__5,1.4077222912314231,1,0.2,3.7244064028781048,0.685631953760807
P01,sisyphus,1,sisyphus_s1_21.000,21.0,23.0,ICA,valence__eeg__svm__5,2.265027557913359,1,0.2,5.749409482591257,0.4646890542219028
P01,sisyphus,1,sisyphus_s1_22.000,22.0,24.0,ICA,valence__eeg__svm__5,0.21764320269927845,1,0.2,3.5977426072569245,0.3180657736229957
P01,sisyphus,1,sisyphus_s1_23.000,23.0,25.0,ICA,valence__eeg__svm__5,5.59310084126123,2,0.4,9.143393514085215,0.737867073275597
P01,sisyphus,1,sisyphus_s1_24.000,24.0,26.0,ICA,valence__eeg__svm__5,0.4709155583288108,1,0.2,2.5040331948618646,0.7811575194815978
P01,sisyphus,1,sisyphus_s1_25.000,25.0,27.0,ICA,valence__eeg__svm__5,0.3652919230437558,1,0.2,2.334182090361567,0.7945912596389737
P01,sisyphus,1,sisyphus_s1_26.000,26.0,28.0,ICA,valence__eeg__svm__5,1.4212527361524463,2,0.4,4.817416361421235,0.7704100937556357
P01,sisyphus,1,sisyphus_s1_27.000,27.0,29.0,ICA,valence__eeg__svm__5,0.8051123308932647,0,0.0,3.081248369878832,0.7887500765411907
P01,sisyphus,1,sisyphus_s1_28.000,28.0,30.0,ICA,valence__eeg__svm__5,1.8792373017511312,2,0.4,5.375608414646156,0.7581413777209884
P01,sisyphus,1,sisyphus_s1_29.000,29.0,31.0,ICA,valence__eeg__svm__5,1.2715095961518352,2,0.4,4.6310698818202125,0.7946083994180669
P01,sisyphus,1,sisyphus_s1_3.000,3.0,5.0,ICA,valence__eeg__svm__5,0.40332993666933964,0,0.0,0.20819477194492236,0.12080036039134803
P01,sisyphus,1,sisyphus_s1_30.000,30.0,32.0,ICA,valence__eeg__svm__5,1.2495261778227993,2,0.4,4.476302856856815,0.7673754144113698
P01,sisyphus,1,sisyphus_s1_31.000,31.0,33.0,ICA,valence__eeg__svm__5,4.152291230541331,2,0.4,7.685845959047334,0.7698885486781603
P01,sisyphus,1,sisyphus_s1_32.000,32.0,34.0,ICA,valence__eeg__svm__5,8.264052551970636,1,0.2,11.836177546601068,0.5964048685845135
P01,sisyphus,1,sisyphus_s1_33.000,33.0,35.0,ICA,valence__eeg__svm__5,7.076993354288193,1,0.2,10.645541861132093,0.3748372700977329
P01,sisyphus,1,sisyphus_s1_34.000,34.0,36.0,ICA,valence__eeg__svm__5,0.8414670926511718,1,0.2,3.738628249438909,0.3747116406730244
P01,sisyphus,1,sisyphus_s1_35.000,35.0,37.0,ICA,valence__eeg__svm__5,6.400275937733369,1,0.2,8.47202132784111,1.464001572850409
P01,sisyphus,1,sisyphus_s1_36.000,36.0,38.0,ICA,valence__eeg__svm__5,4.747888566221215,1,0.2,5.09729208480304,2.3199962713220907
P01,sisyphus,1,sisyphus_s1_37.000,37.0,39.0,ICA,valence__eeg__svm__5,4.604879005016858,1,0.2,6.556460744098028,1.7672218965406046
P01,sisyphus,1,sisyphus_s1_38.000,38.0,40.0,ICA,valence__eeg__svm__5,5.627267669319694,1,0.2,8.939122166716349,0.7402431822983633
P01,sisyphus,1,sisyphus_s1_39.000,39.0,41.0,ICA,valence__eeg__svm__5,2.1125672796287205,1,0.2,5.3222368672951585,0.541418335915284
P01,sisyphus,1,sisyphus_s1_4.000,4.0,6.0,ICA,valence__eeg__svm__5,0.507534795416485,0,0.0,2.5757414388075515,0.6685120632231593
P01,sisyphus,1,sisyphus_s1_40.000,40.0,42.0,ICA,valence__eeg__svm__5,0.9601917476633478,0,0.0,1.7448672810747956,0.693278198758878
P01,sisyphus,1,sisyphus_s1_41.000,41.0,43.0,ICA,valence__eeg__svm__5,0.9427165536470926,0,0.0,2.7846858903270344,0.6147511759470564
P01,sisyphus,1,sisyphus_s1_42.000,42.0,44.0,ICA,valence__eeg__svm__5,0.2764793967643637,0,0.0,0.9033156057379654,0.694551752630187
P01,sisyphus,1,sisyphus_s1_43.000,43.0,45.0,ICA,valence__eeg__svm__5,1.2146217514172255,0,0.0,2.2495974958245335,0.6569743126952192
P01,sisyphus,1,sisyphus_s1_44.000,44.0,46.0,ICA,valence__eeg__svm__5,1.1324581382556305,0,0.0,2.6246869814527187,0.5506943336569128
P01,sisyphus,1,sisyphus_s1_45.000,45.0,47.0,ICA,valence__eeg__svm__5,1.0254064153974267,1,0.2,4.264948343594665,0.4416948218081139
P01,sisyphus,1,sisyphus_s1_46.000,46.0,48.0,ICA,valence__eeg__svm__5,3.7462665040208356,2,0.4,7.23323157446131,0.6003822357743378
P01,sisyphus,1,sisyphus_s1_47.000,47.0,49.0,ICA,valence__eeg__svm__5,1.0552837914423965,0,0.0,2.8736105037475346,0.600073010997487
P01,sisyphus,1,sisyphus_s1_48.000,48.0,50.0,ICA,valence__eeg__svm__5,0.49456399546491947,0,0.0,0.7179126964891897,0.2871066122634191
P01,sisyphus,1,sisyphus_s1_49.000,49.0,51.0,ICA,valence__eeg__svm__5,0.6237334826360567,0,0.0,0.9349634996880036,0.47036507296607283
P01,sisyphus,1,sisyphus_s1_5.000,5.0,7.0,ICA,valence__eeg__svm__5,1.7934450620369584,1,0.2,5.31392361865368,1.3034342484340522
P01,sisyphus,1,sisyphus_s1_50.000,50.0,52.0,ICA,valence__eeg__svm__5,0.41402861459160645,0,0.0,0.8897863453987157,0.37087176807736816
P01,sisyphus,1,sisyphus_s1_51.000,51.0,53.0,ICA,valence__eeg__svm__5,0.5244335174730012,0,0.0,0.6606604827298475,0.3621134927284203
P01,sisyphus,1,sisyphus_s1_52.000,52.0,54.0,ICA,valence__eeg__svm__5,0.4944930312776712,0,0.0,0.595601728097666,0.5607842378460649
P01,sisyphus,1,sisyphus_s1_53.000,53.0,55.0,ICA,valence__eeg__svm__5,0.43648158721546443,0,0.0,0.7241885911774798,0.611106762491513
P01,sisyphus,1,sisyphus_s1_54.000,54.0,56.0,ICA,valence__eeg__svm__5,0.7395600408254664,0,0.0,2.2986795194076866,0.5454922645997098
P01,sisyphus,1,sisyphus_s1_55.000,55.0,57.0,ICA,valence__eeg__svm__5,1.491693167771118,0,0.0,1.6855107677534014,0.4551614381038862
P01,sisyphus,1,sisyphus_s1_56.000,56.0,58.0,ICA,valence__eeg__svm__5,0.7990566284098455,0,0.0,1.289482202406704,0.3561550458007827
P01,sisyphus,1,sisyphus_s1_57.000,57.0,59.0,ICA,valence__eeg__svm__5,0.6016886365653211,0,0.0,0.565017212700591,0.3887703828633239
P01,sisyphus,1,sisyphus_s1_58.000,58.0,60.0,ICA,valence__eeg__svm__5,0.5524788633573088,0,0.0,3.372383528581059,0.4824196410535884
P01,sisyphus,1,sisyphus_s1_59.000,59.0,61.0,ICA,valence__eeg__svm__5,1.1670958661418667,0,0.0,1.3738199580232238,0.5121786985559271
P01,sisyphus,1,sisyphus_s1_6.000,6.0,8.0,ICA,valence__eeg__svm__5,3.4545252381485825,1,0.2,4.146928967158999,1.500555806368305
P01,sisyphus,1,sisyphus_s1_60.000,60.0,62.0,ICA,valence__eeg__svm__5,1.2096003456463902,0,0.0,1.648025711028516,0.5423466239471343
P01,sisyphus,1,sisyphus_s1_61.000,61.0,63.0,ICA,valence__eeg__svm__5,2.3037737743153803,1,0.2,3.4296712313381152,0.6593440414576074
P01,sisyphus,1,sisyphus_s1_62.000,62.0,64.0,ICA,valence__eeg__svm__5,1.2560386771046392,0,0.0,2.4938865633467397,0.5762075764533628
P01,sisyphus,1,sisyphus_s1_63.000,63.0,65.0,ICA,valence__eeg__svm__5,4.009796336283641,1,0.2,7.356642952436297,0.5833225439768119
P01,sisyphus,1,sisyphus_s1_64.000,64.0,66.0,ICA,valence__eeg__svm__5,0.6756453159045102,0,0.0,1.7607183814696215,0.4762617971398204
P01,sisyphus,1,sisyphus_s1_65.000,65.0,67.0,ICA,valence__eeg__svm__5,0.5671819342551563,0,0.0,0.4229069636311629,0.28472815995235584
P01,sisyphus,1,sisyphus_s1_66.000,66.0,68.0,ICA,valence__eeg__svm__5,0.7082481733887606,0,0.0,1.4230303023026332,0.5012991723106976
P01,sisyphus,1,sisyphus_s1_67.000,67.0,69.0,ICA,valence__eeg__svm__5,0.6308283309449478,0,0.0,1.36926398259968,0.28299265779735777
P01,sisyphus,1,sisyphus_s1_68.000,68.0,70.0,ICA,valence__eeg__svm__5,0.7844013699260731,0,0.0,1.7116323240825304,0.44305522395150326
P01,sisyphus,1,sisyphus_s1_69.000,69.0,71.0,ICA,valence__eeg__svm__5,0.5161467233851348,0,0.0,3.2636468871142563,0.6108303467946914
P01,sisyphus,1,sisyphus_s1_7.000,7.0,9.0,ICA,valence__eeg__svm__5,3.122614839572433,0,0.0,3.452506886346272,0.9097991958139382
P01,sisyphus,1,sisyphus_s1_70.000,70.0,72.0,ICA,valence__eeg__svm__5,0.3742737686477642,1,0.2,3.7676080629086,0.5361656843087644
P01,sisyphus,1,sisyphus_s1_71.000,71.0,73.0,ICA,valence__eeg__svm__5,2.7363459446820215,1,0.2,6.28831188932498,0.5907884150506632
P01,sisyphus,1,sisyphus_s1_72.000,72.0,74.0,ICA,valence__eeg__svm__5,3.5939419193196622,1,0.2,7.045798793703174,0.4291190007494273
P01,sisyphus,1,sisyphus_s1_73.000,73.0,75.0,ICA,valence__eeg__svm__5,4.956334966391971,1,0.2,8.45620338066275,0.4735340437661162
P01,sisyphus,1,sisyphus_s1_74.000,74.0,76.0,ICA,valence__eeg__svm__5,2.517566411875807,1,0.2,4.672836375434,0.712623827284913
P01,sisyphus,1,sisyphus_s1_75.000,75.0,77.0,ICA,valence__eeg__svm__5,7.097358363099057,1,0.2,10.275673293582143,1.1534051076634624
P01,sisyphus,1,sisyphus_s1_76.000,76.0,78.0,ICA,valence__eeg__svm__5,8.074075907692329,1,0.2,11.396453083358677,0.8788820919798059
P01,sisyphus,1,sisyphus_s1_77.000,77.0,79.0,ICA,valence__eeg__svm__5,3.817102397766629,1,0.2,5.232142041837226,1.016311871221568
P01,sisyphus,1,sisyphus_s1_78.000,78.0,80.0,ICA,valence__eeg__svm__5,3.1515757141701783,1,0.2,5.250280119958108,0.983643314199796
P01,sisyphus,1,sisyphus_s1_79.000,79.0,81.0,ICA,valence__eeg__svm__5,1.3916586338492842,0,0.0,2.1910403731432013,0.6014598318437322
P01,sisyphus,1,sisyphus_s1_8.000,8.0,10.0,ICA,valence__eeg__svm__5,1.385480753154315,1,0.2,4.585329798439492,0.6578542892826522
P01,sisyphus,1,sisyphus_s1_80.000,80.0,82.0,ICA,valence__eeg__svm__5,0.20534192094282006,0,0.0,0.5994812796269231,0.37908928631330086
P01,sisyphus,1,sisyphus_s1_81.000,81.0,83.0,ICA,valence__eeg__svm__5,3.634115752473189,1,0.2,7.167580308653835,0.4330532892949988
P01,sisyphus,1,sisyphus_s1_82.000,82.0,84.0,ICA,valence__eeg__svm__5,4.7340115699240926,1,0.2,8.274264328748643,0.5844274021827103
P01,sisyphus,1,sisyphus_s1_83.000,83.0,85.0,ICA,valence__eeg__svm__5,1.0570508699309018,1,0.2,4.505691985125841,0.3993378124064219
P01,sisyphus,1,sisyphus_s1_84.000,84.0,86.0,ICA,valence__eeg__svm__5,0.8002003734223021,1,0.2,4.170813295552828,0.25398117788755553
P01,sisyphus,1,sisyphus_s1_85.000,85.0,87.0,ICA,valence__eeg__svm__5,0.7426673156729007,0,0.0,1.969845268411118,0.2398415771970349
P01,sisyphus,1,sisyphus_s1_86.000,86.0,88.0,ICA,valence__eeg__svm__5,3.72206803440921,1,0.2,6.675922225507919,0.7448253338056435
P01,sisyphus,1,sisyphus_s1_87.000,87.0,89.0,ICA,valence__eeg__svm__5,4.349906056372922,1,0.2,7.543019185206039,0.39821678793687443
P01,sisyphus,1,sisyphus_s1_9.000,9.0,11.0,ICA,valence__eeg__svm__5,2.281061709313696,2,0.4,5.794771314921,0.7072405744418697
P01,stack,1,stack_s1_0.000,0.0,2.0,ICA,valence__eeg__svm__5,409.87794459127565,3,0.6,401.6821847573228,15.303707577671046
P01,stack,1,stack_s1_1.000,1.0,3.0,ICA,valence__eeg__svm__5,24.194023013553117,2,0.4,23.592123216628494,0.784537863598412
P01,stack,1,stack_s1_10.000,10.0,12.0,ICA,valence__eeg__svm__5,3.2107888857958087,1,0.2,6.6640919079558,0.4289957190449251
P01,stack,1,stack_s1_11.000,11.0,13.0,ICA,valence__eeg__svm__5,0.7177546629908897,1,0.2,3.9441297573033025,0.3404893648777756
P01,stack,1,stack_s1_12.000,12.0,14.0,ICA,valence__eeg__svm__5,2.361437756516235,1,0.2,5.847115592258262,0.5283560066534071
P01,stack,1,stack_s1_13.000,13.0,15.0,ICA,valence__eeg__svm__5,4.592883561060426,1,0.2,8.119461600098116,0.6756149407756594
P01,stack,1,stack_s1_14.000,14.0,16.0,ICA,valence__eeg__svm__5,1.9130064110798903,1,0.2,5.36477708572747,0.5423068796213072
P01,stack,1,stack_s1_15.000,15.0,17.0,ICA,valence__eeg__svm__5,0.8613489875057196,0,0.0,3.0329857627061125,0.5137135760613414
P01,stack,1,stack_s1_16.000,16.0,18.0,ICA,valence__eeg__svm__5,1.087472371966461,1,0.2,4.512215822504844,0.5788325000177135
P01,stack,1,stack_s1_17.000,17.0,19.0,ICA,valence__eeg__svm__5,1.1177377002191262,1,0.2,4.452645317461906,0.6573612824787433
P01,stack,1,stack_s1_18.000,18.0,20.0,ICA,valence__eeg__svm__5,4.467013428535555,1,0.2,8.025438926553308,0.390730204703197
P01,stack,1,stack_s1_19.000,19.0,21.0,ICA,valence__eeg__svm__5,1.2917130805803894,1,0.2,4.147767772157804,0.5434333304983792
P01,stack,1,stack_s1_2.000,2.0,4.0,ICA,valence__eeg__svm__5,3.185448606502458,1,0.2,6.663364866388583,0.4716260511879225
P01,stack,1,stack_s1_20.000,20.0,22.0,ICA,valence__eeg__svm__5,0.9603514751253318,0,0.0,3.1235181935331915,0.6708865097098343
P01,stack,1,stack_s1_21.000,21.0,23.0,ICA,valence__eeg__svm__5,0.7607304105279852,0,0.0,3.3046076378935756,0.5815571311259511
P01,stack,1,stack_s1_22.000,22.0,24.0,ICA,valence__eeg__svm__5,0.1464896512159107,0,0.0,1.0375980663586066,0.5518654033383045
P01,stack,1,stack_s1_23.000,23.0,25.0,ICA,valence__eeg__svm__5,4.638815278066803,1,0.2,8.14811887909142,0.7027338172119001
P01,stack,1,stack_s1_24.000,24.0,26.0,ICA,valence__eeg__svm__5,3.4281389514173237,1,0.2,6.892988484972554,0.5397631825093223
P01,stack,1,stack_s1_25.000,25.0,27.0,ICA,valence__eeg__svm__5,0.7179863036354247,0,0.0,2.6843657400821535,0.5406896865870597
P01,stack,1,stack_s1_26.000,26.0,28.0,ICA,valence__eeg__svm__5,2.8780560293866393,1,0.2,6.349480030542769,0.6774681633352785
P01,stack,1,stack_s1_27.000,27.0,29.0,ICA,valence__eeg__svm__5,4.638504280280165,1,0.2,8.172102142771598,0.7274817880009636
P01,stack,1,stack_s1_28.000,28.0,30.0,ICA,valence__eeg__svm__5,3.7920586890108314,2,0.4,7.248483261320311,0.7558867651100623
P01,stack,1,stack_s1_29.000,29.0,31.0,ICA,valence__eeg__svm__5,0.7116862646295189,0,0.0,3.2784096949476242,0.5998854634705524
P01,stack,1,stack_s1_3.000,3.0,5.0,ICA,valence__eeg__svm__5,1.0775256508569186,1,0.2,4.555443917793813,0.36520680850846665
P01,stack,1,stack_s1_30.000,30.0,32.0,ICA,valence__eeg__svm__5,3.3396399239925407,1,0.2,6.8580701256099275,0.49810820488855145
P01,stack,1,stack_s1_31.000,31.0,33.0,ICA,valence__eeg__svm__5,3.4819980575198337,1,0.2,7.038259374390158,0.5525202601748027
P01,stack,1,stack_s1_32.000,32.0,34.0,ICA,valence__eeg__svm__5,0.6137719075359724,0,0.0,2.334882260722015,0.5494246023137584
P01,stack,1,stack_s1_33.000,33.0,35.0,ICA,valence__eeg__svm__5,7.029596743702886,1,0.2,10.537492195639333,0.6144245039468379
P01,stack,1,stack_s1_34.000,34.0,36.0,ICA,valence__eeg__svm__5,6.135280229176851,1,0.2,9.679519769658146,0.381307364453279
P01,stack,1,stack_s1_35.000,35.0,37.0,ICA,valence__eeg__svm__5,1.3982569728785117,1,0.2,4.920927610001493,0.6046888610666703
P01,stack,1,stack_s1_36.000,36.0,38.0,ICA,valence__eeg__svm__5,5.36399340673138,1,0.2,8.878185498463322,0.6943507906027606
P01,stack,1,stack_s1_37.000,37.0,39.0,ICA,valence__eeg__svm__5,1.2318579615378227,1,0.2,4.433815486514003,0.6561724301138875
P01,stack,1,stack_s1_38.000,38.0,40.0,ICA,valence__eeg__svm__5,0.39738759734452456,0,0.0,3.4307620334095126,0.5029576929277048
P01,stack,1,stack_s1_39.000,39.0,41.0,ICA,valence__eeg__svm__5,0.5236635757221259,0,0.0,1.7561757598549432,0.47052399657568295
P01,stack,1,stack_s1_4.000,4.0,6.0,ICA,valence__eeg__svm__5,1.5105349183058987,0,0.0,2.0841599525631316,0.5184330960360812
P01,stack,1,stack_s1_40.000,40.0,42.0,ICA,valence__eeg__svm__5,0.760716902844111,0,0.0,3.114914403616347,0.482691017563145
P01,stack,1,stack_s1_41.000,41.0,43.0,ICA,valence__eeg__svm__5,0.251612118530709,0,0.0,1.51028444615295,0.5895097052304937
P01,stack,1,stack_s1_42.000,42.0,44.0,ICA,valence__eeg__svm__5,0.7370883734119277,0,0.0,3.3016676502612095,0.4967468391506166
P01,stack,1,stack_s1_43.000,43.0,45.0,ICA,valence__eeg__svm__5,0.7581827307807296,1,0.2,3.6044038802203993,0.21345735296493148
P01,stack,1,stack_s1_44.000,44.0,46.0,ICA,valence__eeg__svm__5,1.1534664485377955,1,0.2,4.559046933646617,0.5904435499949141
P01,stack,1,stack_s1_45.000,45.0,47.0,ICA,valence__eeg__svm__5,2.2336666525252644,1,0.2,4.250950423803518,0.6759037386659176
P01,stack,1,stack_s1_46.000,46.0,48.0,ICA,valence__eeg__svm__5,0.9862616527147323,0,0.0,2.534336588392753,0.28113293233283176
P01,stack,1,stack_s1_47.000,47.0,49.0,ICA,valence__eeg__svm__5,0.9321914227853367,0,0.0,1.0168828698206969,0.5830053068959433
P01,stack,1,stack_s1_48.000,48.0,50.0,ICA,valence__eeg__svm__5,2.6983150446155255,1,0.2,6.198785994825238,0.44081293230191704
P01,stack,1,stack_s1_49.000,49.0,51.0,ICA,valence__eeg__svm__5,1.250550234058748,1,0.2,4.744679501322204,0.2690562531470116
P01,stack,1,stack_s1_5.000,5.0,7.0,ICA,valence__eeg__svm__5,3.797029016289998,1,0.2,4.539497695482252,0.8394833785126794
P01,stack,1,stack_s1_50.000,50.0,52.0,ICA,valence__eeg__svm__5,1.488024398002156,1,0.2,4.570358042150631,0.5124498078986848
P01,stack,1,stack_s1_51.000,51.0,53.0,ICA,valence__eeg__svm__5,4.468622364249596,1,0.2,7.721913969318483,0.8590940493385244
P01,stack,1,stack_s1_52.000,52.0,54.0,ICA,valence__eeg__svm__5,5.171103257227623,1,0.2,8.388180697955214,0.7830064470917917
P01,stack,1,stack_s1_53.000,53.0,55.0,ICA,valence__eeg__svm__5,3.508994681804038,1,0.2,4.263447390580048,1.2988778202889997
P01,stack,1,stack_s1_54.000,54.0,56.0,ICA,valence__eeg__svm__5,4.13985680924745,2,0.4,5.747491798760359,1.12714795021651
P01,stack,1,stack_s1_55.000,55.0,57.0,ICA,valence__eeg__svm__5,4.087278323640633,2,0.4,6.8256650586092436,1.1929983737653795
P01,stack,1,stack_s1_56.000,56.0,58.0,ICA,valence__eeg__svm__5,4.4108774469941325,1,0.2,7.844016338179788,1.5103824546630982
P01,stack,1,stack_s1_57.000,57.0,59.0,ICA,valence__eeg__svm__5,4.600004897301413,1,0.2,8.942973971730424,0.8817903210364357
P01,stack,1,stack_s1_58.000,58.0,60.0,ICA,valence__eeg__svm__5,1.9849240234622074,0,0.0,2.1852336636095435,0.7270209756124012
P01,stack,1,stack_s1_59.000,59.0,61.0,ICA,valence__eeg__svm__5,3.119274060699949,1,0.2,6.629206071023404,0.7323441681039837
P01,stack,1,stack_s1_6.000,6.0,8.0,ICA,valence__eeg__svm__5,4.427321520327751,1,0.2,7.9082671834665295,0.5896546514232753
P01,stack,1,stack_s1_60.000,60.0,62.0,ICA,valence__eeg__svm__5,4.026016523287799,1,0.2,7.5609407753991755,0.6569116027893339
P01,stack,1,stack_s1_61.000,61.0,63.0,ICA,valence__eeg__svm__5,0.6248906715991044,1,0.2,3.9774620299666372,0.6656469557196736
P01,stack,1,stack_s1_62.000,62.0,64.0,ICA,valence__eeg__svm__5,0.3158888976712891,1,0.2,3.5973905795365453,0.6865879080338186
P01,stack,1,stack_s1_63.000,63.0,65.0,ICA,valence__eeg__svm__5,0.6729538561308582,0,0.0,3.4682474528627614,0.6318953121674219
P01,stack,1,stack_s1_64.000,64.0,66.0,ICA,valence__eeg__svm__5,0.43246333314365026,0,0.0,1.2429876909264437,0.6705993247733364
P01,stack,1,stack_s1_65.000,65.0,67.0,ICA,valence__eeg__svm__5,0.9777945798819795,0,0.0,2.9817048060369578,0.1783682449578488
P01,stack,1,stack_s1_66.000,66.0,68.0,ICA,valence__eeg__svm__5,2.16101330115609,1,0.2,4.993456344623203,0.5477585949245078
P01,stack,1,stack_s1_67.000,67.0,69.0,ICA,valence__eeg__svm__5,6.336903224386571,1,0.2,9.54675789557039,0.5999512429564625
P01,stack,1,stack_s1_68.000,68.0,70.0,ICA,valence__eeg__svm__5,3.438816334488077,1,0.2,6.462308073895911,0.6643781775713002
P01,stack,1,stack_s1_69.000,69.0,71.0,ICA,valence__eeg__svm__5,0.6389842625724206,0,0.0,1.3289505576286667,0.27467141215045165
P01,stack,1,stack_s1_7.000,7.0,9.0,ICA,valence__eeg__svm__5,3.560520784622436,1,0.2,6.987564149621903,0.6394876381608121
P01,stack,1,stack_s1_8.000,8.0,10.0,ICA,valence__eeg__svm__5,4.9525268912813365,1,0.2,8.481778216411474,0.5369730926579188
P01,stack,1,stack_s1_9.000,9.0,11.0,ICA,valence__eeg__svm__5,3.942192623811321,1,0.2,7.444325622781477,0.3859708299517744
P01,pick_place,1,pick_place_s1_8.000,8.0,10.0,ICA,valence__face__gnb__5,6.111996536892565,3,0.6,5.190491260383329,3.846072339416884
P01,pick_place,1,pick_place_s1_9.000,9.0,11.0,ICA,valence__face__gnb__5,4.603873343284785,2,0.4,3.9991716921240843,2.7859799989270555
P01,pick_place,1,pick_place_s1_10.000,10.0,12.0,ICA,valence__face__gnb__5,3.726550436691997,2,0.4,5.623629529458005,1.8219420125887253
P01,pick_place,1,pick_place_s1_11.000,11.0,13.0,ICA,valence__face__gnb__5,3.2484147855690906,2,0.4,5.423666174927245,2.2804358830775957
P01,pick_place,1,pick_place_s1_12.000,12.0,14.0,ICA,valence__face__gnb__5,2.61409311497834,3,0.6,4.378696638452684,2.9023743612329276
P01,pick_place,1,pick_place_s1_13.000,13.0,15.0,ICA,valence__face__gnb__5,3.560074880863934,1,0.2,5.355498010002218,0.3574642817958832
P01,pick_place,1,pick_place_s1_14.000,14.0,16.0,ICA,valence__face__gnb__5,3.6117501564740975,1,0.2,5.47135483278451,0.6616150568408536
P01,pick_place,1,pick_place_s1_15.000,15.0,17.0,ICA,valence__face__gnb__5,3.836554162826733,1,0.2,5.616524320118418,0.68637028253877
P01,pick_place,1,pick_place_s1_16.000,16.0,18.0,ICA,valence__face__gnb__5,2.828148520517281,2,0.4,4.737220275919233,1.4006338332181143
P01,pick_place,1,pick_place_s1_17.000,17.0,19.0,ICA,valence__face__gnb__5,2.665972147359558,2,0.4,4.559057496414879,1.524923570479459
P01,pick_place,1,pick_place_s1_18.000,18.0,20.0,ICA,valence__face__gnb__5,2.6017771595561867,2,0.4,4.919380099390301,2.2927090354993407
P01,pick_place,1,pick_place_s1_19.000,19.0,21.0,ICA,valence__face__gnb__5,8.30126223431097,3,0.6,8.894723534764424,3.3597313473319024
P01,pick_place,1,pick_place_s1_20.000,20.0,22.0,ICA,valence__face__gnb__5,5.575588936384562,2,0.4,5.211110640648931,2.1145456729673686
P01,pick_place,1,pick_place_s1_21.000,21.0,23.0,ICA,valence__face__gnb__5,4.933513293876643,3,0.6,5.35377540172812,3.10810884517875
P01,pick_place,1,pick_place_s1_22.000,22.0,24.0,ICA,valence__face__gnb__5,3.742833850601721,2,0.4,4.9512307746504876,2.126152418969275
P01,pick_place,1,pick_place_s1_23.000,23.0,25.0,ICA,valence__face__gnb__5,2.813773184013213,0,0.0,3.007729708131796,1.8555887001403757
P01,pick_place,1,pick_place_s1_24.000,24.0,26.0,ICA,valence__face__gnb__5,0.8881491410082752,0,0.0,1.1137000691275094,0.9787314297282177
P01,pick_place,1,pick_place_s1_25.000,25.0,27.0,ICA,valence__face__gnb__5,1.5631452170855535,0,0.0,1.4915169286848038,1.1972811205535745
P01,pick_place,1,pick_place_s1_26.000,26.0,28.0,ICA,valence__face__gnb__5,2.42808819717925,1,0.2,2.360224406086283,1.2403890917288858
P01,pick_place,1,pick_place_s1_27.000,27.0,29.0,ICA,valence__face__gnb__5,2.3955252286974504,0,0.0,3.474520268622136,1.1177389715308306
P01,pick_place,1,pick_place_s1_28.000,28.0,30.0,ICA,valence__face__gnb__5,1.1398468625489366,0,0.0,2.0174519787505907,0.42381349924927963
P01,pick_place,1,pick_place_s1_29.000,29.0,31.0,ICA,valence__face__gnb__5,0.6744945967585164,0,0.0,0.9235781005189134,0.541457103650778
P01,pick_place,1,pick_place_s1_30.000,30.0,32.0,ICA,valence__face__gnb__5,0.8821435917100153,0,0.0,1.2791744384536887,0.4626257440140739
P01,pick_place,1,pick_place_s1_31.000,31.0,33.0,ICA,valence__face__gnb__5,0.8854040494054539,0,0.0,1.8631980976789295,0.09316102470770285
P01,pick_place,1,pick_place_s1_32.000,32.0,34.0,ICA,valence__face__gnb__5,2.27092783441679,2,0.4,3.797310465360061,0.9991502391681596
P01,pick_place,1,pick_place_s1_33.000,33.0,35.0,ICA,valence__face__gnb__5,2.6138222843189767,1,0.2,3.274570358567306,1.8091672003220445
P01,pick_place,1,pick_place_s1_34.000,34.0,36.0,ICA,valence__face__gnb__5,2.1921331998897764,1,0.2,3.8851921352094254,1.978774322205167
P01,pick_place,1,pick_place_s1_35.000,35.0,37.0,ICA,valence__face__gnb__5,2.74821303988939,2,0.4,2.990423674818678,2.2713758253521052
P01,pick_place,1,pick_place_s1_36.000,36.0,38.0,ICA,valence__face__gnb__5,3.258275475956752,1,0.2,4.681835395392813,0.46499595331580174
P01,pick_place,1,pick_place_s1_37.000,37.0,39.0,ICA,valence__face__gnb__5,3.4074495993170424,1,0.2,4.880104777229308,0.5470856513839888
P01,pick_place,1,pick_place_s1_38.000,38.0,40.0,ICA,valence__face__gnb__5,3.6965513724149113,1,0.2,5.280756317014457,0.7385592635605918
P01,pick_place,1,pick_place_s1_39.000,39.0,41.0,ICA,valence__face__gnb__5,4.495273776721512,1,0.2,6.243692706406223,0.41972486601935394
P01,pick_place,1,pick_place_s1_40.000,40.0,42.0,ICA,valence__face__gnb__5,5.178853725627791,1,0.2,5.314175638955891,2.1856890277670855
P01,pick_place,1,pick_place_s1_41.000,41.0,43.0,ICA,valence__face__gnb__5,4.936650750837572,1,0.2,4.769241851989592,2.241460358969665
P01,pick_place,1,pick_place_s1_42.000,42.0,44.0,ICA,valence__face__gnb__5,4.512087304189336,1,0.2,6.048087209951368,1.006492589721369
P01,shape_sorter_observation,1,shape_sorter_observation_s1_9.000,9.0,11.0,ICA,valence__face__gnb__5,5.615281483929904,1,0.2,7.5186816272766155,0.08447697268673728
P01,shape_sorter_observation,1,shape_sorter_observation_s1_10.000,10.0,12.0,ICA,valence__face__gnb__5,5.101852716945726,1,0.2,4.310790463965883,1.470916682184267
P01,shape_sorter_observation,1,shape_sorter_observation_s1_11.000,11.0,13.0,ICA,valence__face__gnb__5,2.4451898594950703,1,0.2,3.2913018862528456,2.105306640405746
P01,shape_sorter_observation,1,shape_sorter_observation_s1_12.000,12.0,14.0,ICA,valence__face__gnb__5,1.088510824895645,0,0.0,2.715974515467971,1.77474239584387
P01,shape_sorter_observation,1,shape_sorter_observation_s1_13.000,13.0,15.0,ICA,valence__face__gnb__5,0.8370303798114164,0,0.0,1.687334381845481,1.0701561937047264
P01,shape_sorter_observation,1,shape_sorter_observation_s1_14.000,14.0,16.0,ICA,valence__face__gnb__5,1.2095831389983738,0,0.0,3.4681552842089935,2.210991707443748
P01,shape_sorter_observation,1,shape_sorter_observation_s1_15.000,15.0,17.0,ICA,valence__face__gnb__5,3.5420978287069294,2,0.4,4.941566683106478,1.7173843849793886
P01,shape_sorter_observation,1,shape_sorter_observation_s1_16.000,16.0,18.0,ICA,valence__face__gnb__5,3.8647122993726213,1,0.2,5.734212996435701,0.7603790149690066
P01,shape_sorter_observation,1,shape_sorter_observation_s1_17.000,17.0,19.0,ICA,valence__face__gnb__5,3.132763295584851,3,0.6,5.41897071453336,2.932499673455552
P01,shape_sorter_observation,1,shape_sorter_observation_s1_18.000,18.0,20.0,ICA,valence__face__gnb__5,2.5530600136906867,3,0.6,5.248348476597813,2.61985961980404
P01,shape_sorter_observation,1,shape_sorter_observation_s1_19.000,19.0,21.0,ICA,valence__face__gnb__5,2.9722461901995976,3,0.6,4.53029897439438,3.578465966451061
P01,shape_sorter_observation,1,shape_sorter_observation_s1_20.000,20.0,22.0,ICA,valence__face__gnb__5,1.960974709974015,0,0.0,2.042452921347308,1.535296233737977
P01,shape_sorter_observation,1,shape_sorter_observation_s1_21.000,21.0,23.0,ICA,valence__face__gnb__5,0.44501265910034044,0,0.0,1.20356424447285,0.6074772349003366
P01,shape_sorter_observation,1,shape_sorter_observation_s1_22.000,22.0,24.0,ICA,valence__face__gnb__5,0.31371456764472533,0,0.0,1.0866479572565462,0.1334576060990215
P01,shape_sorter_observation,1,shape_sorter_observation_s1_23.000,23.0,25.0,ICA,valence__face__gnb__5,1.957434328820448,0,0.0,3.5636882857475,1.480582227619412
P01,shape_sorter_observation,1,shape_sorter_observation_s1_24.000,24.0,26.0,ICA,valence__face__gnb__5,3.1323995721857107,2,0.4,5.553591899628457,2.0612196469930653
P01,shape_sorter_observation,1,shape_sorter_observation_s1_25.000,25.0,27.0,ICA,valence__face__gnb__5,3.7690680614470446,2,0.4,5.504178905990652,1.6392013410195625
P01,shape_sorter_observation,1,shape_sorter_observation_s1_26.000,26.0,28.0,ICA,valence__face__gnb__5,4.986966985302508,2,0.4,7.69007178749554,2.220473798772447
P01,shape_sorter_observation,1,shape_sorter_observation_s1_27.000,27.0,29.0,ICA,valence__face__gnb__5,3.334422152179576,1,0.2,5.410132267483078,0.128414294134059
P01,shape_sorter_observation,1,shape_sorter_observation_s1_28.000,28.0,30.0,ICA,valence__face__gnb__5,3.5373077276403007,1,0.2,5.047783867816357,0.5827637786014773
P01,shape_sorter_observation,1,shape_sorter_observation_s1_29.000,29.0,31.0,ICA,valence__face__gnb__5,3.3999773252993735,1,0.2,4.635019620947119,0.8530795913953398
P01,shape_sorter_observation,1,shape_sorter_observation_s1_30.000,30.0,32.0,ICA,valence__face__gnb__5,2.6528543840333034,2,0.4,5.681703109253108,2.593773208112254
P01,shape_sorter_observation,1,shape_sorter_observation_s1_31.000,31.0,33.0,ICA,valence__face__gnb__5,3.054496036702924,2,0.4,4.96088681526363,2.2138217400955047
P01,shape_sorter_observation,1,shape_sorter_observation_s1_32.000,32.0,34.0,ICA,valence__face__gnb__5,1.4576579732302846,0,0.0,3.304831897583958,1.2338686787952786
P01,shape_sorter_observation,1,shape_sorter_observation_s1_33.000,33.0,35.0,ICA,valence__face__gnb__5,0.7779324269457512,0,0.0,0.8133480794126743,0.2979594406580442
P01,shape_sorter_observation,1,shape_sorter_observation_s1_34.000,34.0,36.0,ICA,valence__face__gnb__5,0.8692672184262575,0,0.0,0.9367782453052278,0.4465001671074933
P01,shape_sorter_observation,1,shape_sorter_observation_s1_35.000,35.0,37.0,ICA,valence__face__gnb__5,1.5633311530122445,0,0.0,1.1731215586628778,0.6732857652034347
P01,shape_sorter_observation,1,shape_sorter_observation_s1_36.000,36.0,38.0,ICA,valence__face__gnb__5,1.1079723865172142,0,0.0,2.0191444413134243,0.6038132225131123
P01,shape_sorter_observation,1,shape_sorter_observation_s1_37.000,37.0,39.0,ICA,valence__face__gnb__5,1.5121631708679621,0,0.0,2.5673594120102163,1.6672658693558922
P01,shape_sorter_observation,1,shape_sorter_observation_s1_38.000,38.0,40.0,ICA,valence__face__gnb__5,1.8604985403692662,1,0.2,3.8633921929417787,0.8936389648993677
P01,shape_sorter_observation,1,shape_sorter_observation_s1_39.000,39.0,41.0,ICA,valence__face__gnb__5,3.090610983709942,1,0.2,4.564410499403309,0.5121749756777542
P01,shape_sorter_observation,1,shape_sorter_observation_s1_40.000,40.0,42.0,ICA,valence__face__gnb__5,1.561177969568225,2,0.4,3.771183785417924,1.6835015933553072
P01,shape_sorter_observation,1,shape_sorter_observation_s1_41.000,41.0,43.0,ICA,valence__face__gnb__5,1.5161511858439216,0,0.0,2.7270903349394433,1.5406139280043436
P01,shape_sorter_observation,1,shape_sorter_observation_s1_42.000,42.0,44.0,ICA,valence__face__gnb__5,1.3443530985120444,0,0.0,1.8846324078923993,1.1183638400787725
P01,shape_sorter_observation,1,shape_sorter_observation_s1_43.000,43.0,45.0,ICA,valence__face__gnb__5,1.2641021951705709,0,0.0,1.3395758212531517,0.9361139134366003
P01,shape_sorter_observation,1,shape_sorter_observation_s1_44.000,44.0,46.0,ICA,valence__face__gnb__5,1.3769624327127317,0,0.0,1.7198447184611143,0.44609527027050655
P01,shape_sorter_observation,1,shape_sorter_observation_s1_45.000,45.0,47.0,ICA,valence__face__gnb__5,0.9873747083679858,0,0.0,1.7893883945294364,0.6219795761981184
P01,shape_sorter_observation,1,shape_sorter_observation_s1_46.000,46.0,48.0,ICA,valence__face__gnb__5,0.9908323167400297,0,0.0,1.81912058479432,0.5579762271660661
P01,shape_sorter_observation,1,shape_sorter_observation_s1_47.000,47.0,49.0,ICA,valence__face__gnb__5,0.6817988606656536,0,0.0,1.3372678542174345,0.4388236488777317
P01,shape_sorter_observation,1,shape_sorter_observation_s1_48.000,48.0,50.0,ICA,valence__face__gnb__5,0.9000726425707863,0,0.0,1.7408782370577542,0.2222618879609091
P01,shape_sorter_observation,1,shape_sorter_observation_s1_49.000,49.0,51.0,ICA,valence__face__gnb__5,1.436464052062543,0,0.0,2.0628107243199345,0.4574140993790173
P01,shape_sorter_observation,1,shape_sorter_observation_s1_50.000,50.0,52.0,ICA,valence__face__gnb__5,1.8078866606065773,0,0.0,3.013530963107059,0.2446483270031992
P01,shape_sorter_observation,1,shape_sorter_observation_s1_51.000,51.0,53.0,ICA,valence__face__gnb__5,2.1922680231247953,1,0.2,3.6156182183167136,0.09372539318708228
P01,shape_sorter_observation,1,shape_sorter_observation_s1_52.000,52.0,54.0,ICA,valence__face__gnb__5,1.0883452595094165,0,0.0,2.579369784010254,1.7550808182152617
P01,shape_sorter_observation,1,shape_sorter_observation_s1_53.000,53.0,55.0,ICA,valence__face__gnb__5,1.2553427801985912,0,0.0,2.899594827701866,1.1808268939095776
P01,shape_sorter_observation,1,shape_sorter_observation_s1_54.000,54.0,56.0,ICA,valence__face__gnb__5,1.517514107838729,0,0.0,2.8378385923721665,1.51748015407132
P01,shape_sorter_observation,1,shape_sorter_observation_s1_55.000,55.0,57.0,ICA,valence__face__gnb__5,1.7644593880069672,0,0.0,2.2296898276312302,1.4205162013323671
P01,shape_sorter_observation,1,shape_sorter_observation_s1_56.000,56.0,58.0,ICA,valence__face__gnb__5,1.499417767627744,0,0.0,1.7871012085773328,1.1322315251932145
P01,shape_sorter_observation,1,shape_sorter_observation_s1_57.000,57.0,59.0,ICA,valence__face__gnb__5,5.432025077845173,2,0.4,7.379967723537957,1.6136398202101943
P01,shape_sorter_observation,1,shape_sorter_observation_s1_58.000,58.0,60.0,ICA,valence__face__gnb__5,5.047858785367247,2,0.4,6.914504033247962,1.5777457069239458
P01,shape_sorter_observation,1,shape_sorter_observation_s1_59.000,59.0,61.0,ICA,valence__face__gnb__5,7.303182532468619,2,0.4,8.486745341695762,2.441228455789112
P01,shape_sorter_observation,1,shape_sorter_observation_s1_60.000,60.0,62.0,ICA,valence__face__gnb__5,8.398542168823234,2,0.4,7.011394232962394,1.0959755432386191
P01,shape_sorter_observation,1,shape_sorter_observation_s1_61.000,61.0,63.0,ICA,valence__face__gnb__5,5.4108951813944195,1,0.2,7.098716147672353,0.4173734668195219
P01,shape_sorter_observation,1,shape_sorter_observation_s1_62.000,62.0,64.0,ICA,valence__face__gnb__5,5.484053179027852,1,0.2,7.312209178963235,1.2308066340854666
P01,stack,1,stack_s1_5.000,5.0,7.0,ICA,valence__face__gnb__5,7.095098394279775,2,0.4,7.379921078533611,2.5927012102932303
P01,stack,1,stack_s1_6.000,6.0,8.0,ICA,valence__face__gnb__5,8.926230534186006,2,0.4,9.410481543772418,1.5679949990787836
P01,stack,1,stack_s1_7.000,7.0,9.0,ICA,valence__face__gnb__5,2.69522347631575,1,0.2,4.4569170693600215,0.2196337938932321
P01,stack,1,stack_s1_8.000,8.0,10.0,ICA,valence__face__gnb__5,2.939972550451116,1,0.2,4.608460671703356,0.5049163510132881
P01,stack,1,stack_s1_9.000,9.0,11.0,ICA,valence__face__gnb__5,3.0046011495012115,1,0.2,4.801119090557227,0.5386679025135526
P01,stack,1,stack_s1_10.000,10.0,12.0,ICA,valence__face__gnb__5,3.354202263715305,1,0.2,4.94607849827313,0.5373591539788132
P01,stack,1,stack_s1_11.000,11.0,13.0,ICA,valence__face__gnb__5,3.276323342056806,1,0.2,4.9017857235557605,0.4523736464751042
P01,stack,1,stack_s1_12.000,12.0,14.0,ICA,valence__face__gnb__5,3.0358977521129713,1,0.2,4.806889729691911,0.2765637060159762
P01,stack,1,stack_s1_13.000,13.0,15.0,ICA,valence__face__gnb__5,1.1467205118389543,0,0.0,2.69082267226069,1.7608211815723271
P01,stack,1,stack_s1_14.000,14.0,16.0,ICA,valence__face__gnb__5,0.703015489125049,0,0.0,0.37995978864722657,0.22143969293790142
P01,stack,1,stack_s1_15.000,15.0,17.0,ICA,valence__face__gnb__5,1.3795418651716944,0,0.0,2.66128099938848,1.0830085949292836
P01,stack,1,stack_s1_16.000,16.0,18.0,ICA,valence__face__gnb__5,0.6766424191015565,0,0.0,2.1342865130511135,1.055069647164282
P01,stack,1,stack_s1_17.000,17.0,19.0,ICA,valence__face__gnb__5,1.654592471192449,1,0.2,3.821582888602081,1.5527093028661367
P01,stack,1,stack_s1_18.000,18.0,20.0,ICA,valence__face__gnb__5,3.7245969360089237,2,0.4,6.51110013315677,2.3123577155372073
P01,stack,1,stack_s1_19.000,19.0,21.0,ICA,valence__face__gnb__5,5.393059990073261,3,0.6,7.156920774957823,3.8610423931241256
P01,stack,1,stack_s1_20.000,20.0,22.0,ICA,valence__face__gnb__5,4.602051956837348,2,0.4,5.8517155775216025,4.289329872607088
P01,stack,1,stack_s1_21.000,21.0,23.0,ICA,valence__face__gnb__5,4.080661319826555,1,0.2,5.92315434055212,0.2629501611529043
P01,stack,1,stack_s1_22.000,22.0,24.0,ICA,valence__face__gnb__5,2.764885197380739,1,0.2,5.050373100469421,1.8664404233870642
P01,stack,1,stack_s1_23.000,23.0,25.0,ICA,valence__face__gnb__5,1.9628841653742313,3,0.6,4.834949430168687,3.0763692788410237
P01,stack,1,stack_s1_24.000,24.0,26.0,ICA,valence__face__gnb__5,2.2726624698478077,2,0.4,4.466124885780333,2.422778813076262
P01,stack,1,stack_s1_25.000,25.0,27.0,ICA,valence__face__gnb__5,2.4903076481007056,1,0.2,3.920120971919317,1.288324245542346
P01,stack,1,stack_s1_26.000,26.0,28.0,ICA,valence__face__gnb__5,22.50807701173761,2,0.4,25.603182933427835,4.085321891658009
P01,stack,1,stack_s1_27.000,27.0,29.0,ICA,valence__face__gnb__5,24.570735616913765,2,0.4,27.135024117096926,2.7719199919952513
P01,stack,1,stack_s1_28.000,28.0,30.0,ICA,valence__face__gnb__5,18.921368820963878,2,0.4,21.661390952864867,3.464981267501099
P01,stack,1,stack_s1_29.000,29.0,31.0,ICA,valence__face__gnb__5,11.307335495980738,1,0.2,13.750775148720225,1.8511741918777407
P01,stack,1,stack_s1_30.000,30.0,32.0,ICA,valence__face__gnb__5,1.1804064148087454,0,0.0,1.993268158342852,0.3193147183627319
P01,stack,1,stack_s1_31.000,31.0,33.0,ICA,valence__face__gnb__5,0.6821085098279042,0,0.0,0.9515920267653839,0.5577099367621511
P01,stack,1,stack_s1_32.000,32.0,34.0,ICA,valence__face__gnb__5,0.6771420453372218,0,0.0,0.22743889882222987,0.12316594978614553
P01,stack,1,stack_s1_33.000,33.0,35.0,ICA,valence__face__gnb__5,1.6368311577859225,1,0.2,3.6408312370730136,1.4425438579393781
P01,stack,1,stack_s1_34.000,34.0,36.0,ICA,valence__face__gnb__5,2.2285748965618573,2,0.4,4.499043104080236,2.41607666935935
P01,stack,1,stack_s1_35.000,35.0,37.0,ICA,valence__face__gnb__5,1.3162170247754654,0,0.0,2.7795225503923566,1.7013314926995131
P01,stack,1,stack_s1_36.000,36.0,38.0,ICA,valence__face__gnb__5,1.7385950986142984,1,0.2,3.724296848515177,2.1448781635309775
P01,stack,1,stack_s1_37.000,37.0,39.0,ICA,valence__face__gnb__5,2.8787957165201905,1,0.2,4.042055946379279,0.43018370712756043
P01,stack,1,stack_s1_38.000,38.0,40.0,ICA,valence__face__gnb__5,0.9830170888043122,0,0.0,2.7178921485089687,0.7052685750795855
P01,stack,1,stack_s1_39.000,39.0,41.0,ICA,valence__face__gnb__5,1.1036096305978238,0,0.0,2.0775508549176664,0.36469997361809536
P01,stack,1,stack_s1_40.000,40.0,42.0,ICA,valence__face__gnb__5,1.4308913455916887,0,0.0,2.531986090732687,0.47961130747207326
P01,stack,1,stack_s1_41.000,41.0,43.0,ICA,valence__face__gnb__5,1.2140004955346932,0,0.0,2.992635158819912,0.9361600396898251
P01,stack,1,stack_s1_42.000,42.0,44.0,ICA,valence__face__gnb__5,1.4874391098011126,1,0.2,3.4477531508266366,1.618467047335237
P01,stack,1,stack_s1_43.000,43.0,45.0,ICA,valence__face__gnb__5,1.4584070941927252,0,0.0,1.91353503622245,0.8778943971124575
P01,stack,1,stack_s1_44.000,44.0,46.0,ICA,valence__face__gnb__5,0.9381698677794285,0,0.0,1.7663405632017382,0.41300501583381444
P01,stack,1,stack_s1_45.000,45.0,47.0,ICA,valence__face__gnb__5,0.6813409869998157,0,0.0,1.1250313346056378,0.6031334292577976
P01,stack,1,stack_s1_46.000,46.0,48.0,ICA,valence__face__gnb__5,0.5701713093930338,0,0.0,1.3046864730973162,0.4489086814069176
P01,stack,1,stack_s1_47.000,47.0,49.0,ICA,valence__face__gnb__5,0.7677979214981365,0,0.0,2.0555652044986745,1.2262504180275464
P01,stack,1,stack_s1_48.000,48.0,50.0,ICA,valence__face__gnb__5,1.3827125366802526,0,0.0,2.7866542382887283,1.9337802885597883
P01,stack,1,stack_s1_49.000,49.0,51.0,ICA,valence__face__gnb__5,0.8322438366453638,0,0.0,2.1778606343730997,1.7323667078535778
P01,stack,1,stack_s1_50.000,50.0,52.0,ICA,valence__face__gnb__5,0.6786583547082322,0,0.0,2.2426599786253045,1.785051339842412
P01,stack,1,stack_s1_51.000,51.0,53.0,ICA,valence__face__gnb__5,0.9299163721756555,0,0.0,2.5659263781755586,1.1207389622710484
P01,stack,1,stack_s1_52.000,52.0,54.0,ICA,valence__face__gnb__5,1.1839601516155938,0,0.0,2.6325173586328847,1.4894727987995002
P01,stack,1,stack_s1_53.000,53.0,55.0,ICA,valence__face__gnb__5,0.941834142200624,0,0.0,2.1096011244962756,1.3042385392766036
P01,stack,1,stack_s1_54.000,54.0,56.0,ICA,valence__face__gnb__5,0.6105931368907634,0,0.0,0.7239162459429014,0.45431943491281834
P01,stack,1,stack_s1_55.000,55.0,57.0,ICA,valence__face__gnb__5,0.7771229145954823,0,0.0,1.0256669612498641,0.6827372800574871
P01,stack,1,stack_s1_56.000,56.0,58.0,ICA,valence__face__gnb__5,0.675056532667207,0,0.0,2.0745504162797035,1.1590108432195687
P01,stack,1,stack_s1_57.000,57.0,59.0,ICA,valence__face__gnb__5,0.9390895322447222,0,0.0,1.3041635579695317,0.5916433878058159
P01,stack,1,stack_s1_58.000,58.0,60.0,ICA,valence__face__gnb__5,1.1488023618102063,0,0.0,0.6384701551055931,0.22001393875551617
P01,stack,1,stack_s1_59.000,59.0,61.0,ICA,valence__face__gnb__5,1.0192781429767512,0,0.0,0.7173480801040311,0.2656906983805641
P01,stack,1,stack_s1_60.000,60.0,62.0,ICA,valence__face__gnb__5,0.39171120709698626,0,0.0,0.9493752689985552,0.599867173105305
P01,stack,1,stack_s1_61.000,61.0,63.0,ICA,valence__face__gnb__5,0.7830557010419077,0,0.0,1.2411842791974206,0.6721213422904293
P01,stack,1,stack_s1_62.000,62.0,64.0,ICA,valence__face__gnb__5,0.5483814238267088,0,0.0,1.258630806910104,0.5342346378628904
P01,stack,1,stack_s1_63.000,63.0,65.0,ICA,valence__face__gnb__5,2.6417200601553548,0,0.0,2.3431149671697233,1.454542550027126
P01,stack,1,stack_s1_64.000,64.0,66.0,ICA,valence__face__gnb__5,3.9727165166188843,1,0.2,3.6631724667373593,1.805847225372156
P01,stack,1,stack_s1_65.000,65.0,67.0,ICA,valence__face__gnb__5,4.746141362305667,3,0.6,4.18702626963271,2.622753097038148
P01,stack,1,stack_s1_66.000,66.0,68.0,ICA,valence__face__gnb__5,6.8069445448721355,2,0.4,5.765431636847225,2.8281749104444303
P01,stack,1,stack_s1_67.000,67.0,69.0,ICA,valence__face__gnb__5,18.489041483600303,3,0.6,20.19953600110113,4.20483850319241
P01,stack,1,stack_s1_68.000,68.0,70.0,ICA,valence__face__gnb__5,7.677388109555178,2,0.4,9.716583965555309,2.741255913591518
P01,sisyphus,1,sisyphus_s1_6.000,6.0,8.0,ICA,valence__face__gnb__5,5.634667153654234,3,0.6,6.367323878018567,2.637055799476504
P01,sisyphus,1,sisyphus_s1_7.000,7.0,9.0,ICA,valence__face__gnb__5,4.449140787131612,3,0.6,4.7383746090667636,2.7442831513209223
P01,sisyphus,1,sisyphus_s1_8.000,8.0,10.0,ICA,valence__face__gnb__5,7.908805644474713,2,0.4,8.744254554657157,1.0299570112607728
P01,sisyphus,1,sisyphus_s1_9.000,9.0,11.0,ICA,valence__face__gnb__5,5.849338334587354,1,0.2,6.757383255568071,0.3518090423166349
P01,sisyphus,1,sisyphus_s1_10.000,10.0,12.0,ICA,valence__face__gnb__5,1.3983252855881485,0,0.0,1.9993070956319663,1.5812425732378215
P01,sisyphus,1,sisyphus_s1_11.000,11.0,13.0,ICA,valence__face__gnb__5,3.1074288167248905,1,0.2,4.545115605853868,2.042313260911025
P01,sisyphus,1,sisyphus_s1_12.000,12.0,14.0,ICA,valence__face__gnb__5,2.4503226950640524,1,0.2,4.39393147900218,1.4743844068855305
P01,sisyphus,1,sisyphus_s1_13.000,13.0,15.0,ICA,valence__face__gnb__5,4.297445630143165,2,0.4,5.278397678744979,3.7350692713804374
P01,sisyphus,1,sisyphus_s1_14.000,14.0,16.0,ICA,valence__face__gnb__5,2.1852693351039374,1,0.2,3.7281808860878334,0.50762597518063
P01,sisyphus,1,sisyphus_s1_15.000,15.0,17.0,ICA,valence__face__gnb__5,4.001024291110834,2,0.4,4.354194157857501,0.7377581579842302
P01,sisyphus,1,sisyphus_s1_16.000,16.0,18.0,ICA,valence__face__gnb__5,3.545775601351506,1,0.2,4.578224336355003,0.5677974129470776
P01,sisyphus,1,sisyphus_s1_17.000,17.0,19.0,ICA,valence__face__gnb__5,2.7444972439972846,1,0.2,3.9672761483852,2.467307618141115
P01,sisyphus,1,sisyphus_s1_18.000,18.0,20.0,ICA,valence__face__gnb__5,3.154357897417183,1,0.2,4.261984031458683,2.459108257836031
P01,sisyphus,1,sisyphus_s1_19.000,19.0,21.0,ICA,valence__face__gnb__5,2.963111149960849,1,0.2,4.604147194093809,1.9199323341559373
P01,sisyphus,1,sisyphus_s1_20.000,20.0,22.0,ICA,valence__face__gnb__5,3.1402366218987368,2,0.4,3.782830179568069,2.2772085531781636
P01,sisyphus,1,sisyphus_s1_21.000,21.0,23.0,ICA,valence__face__gnb__5,5.2309079513999475,1,0.2,5.19854383418981,0.9701454579764315
P01,sisyphus,1,sisyphus_s1_22.000,22.0,24.0,ICA,valence__face__gnb__5,4.211813521475397,1,0.2,5.52196235179778,0.8464041421016348
P01,sisyphus,1,sisyphus_s1_23.000,23.0,25.0,ICA,valence__face__gnb__5,4.100477136971254,1,0.2,5.750381494152192,0.5330353916841878
P01,sisyphus,1,sisyphus_s1_24.000,24.0,26.0,ICA,valence__face__gnb__5,4.4922978903807085,1,0.2,5.972954043971236,0.606385229612014
P01,sisyphus,1,sisyphus_s1_25.000,25.0,27.0,ICA,valence__face__gnb__5,4.673990666683263,1,0.2,5.951386105692697,0.8677020298572018
P01,sisyphus,1,sisyphus_s1_26.000,26.0,28.0,ICA,valence__face__gnb__5,4.12378236417568,1,0.2,5.835021559449635,0.5186257607952612
P01,sisyphus,1,sisyphus_s1_27.000,27.0,29.0,ICA,valence__face__gnb__5,4.084494895146947,1,0.2,5.743007800424104,0.7915746981633687
P01,sisyphus,1,sisyphus_s1_28.000,28.0,30.0,ICA,valence__face__gnb__5,3.9978621810140185,1,0.2,5.418702463234295,0.7659643220248111
P01,sisyphus,1,sisyphus_s1_29.000,29.0,31.0,ICA,valence__face__gnb__5,4.197614523970694,1,0.2,5.262560348692194,0.9791898114154673
P01,sisyphus,1,sisyphus_s1_30.000,30.0,32.0,ICA,valence__face__gnb__5,3.844580731060686,1,0.2,5.671223359520787,1.4717302493469449
P01,sisyphus,1,sisyphus_s1_31.000,31.0,33.0,ICA,valence__face__gnb__5,5.598886755431133,2,0.4,5.883641493026062,1.2091012939504198
P01,sisyphus,1,sisyphus_s1_32.000,32.0,34.0,ICA,valence__face__gnb__5,11.641995533577838,2,0.4,14.59573500795295,1.5303508928628922
P01,sisyphus,1,sisyphus_s1_33.000,33.0,35.0,ICA,valence__face__gnb__5,4.347007939697417,1,0.2,5.499327575557048,0.5790339764906719
P01,sisyphus,1,sisyphus_s1_34.000,34.0,36.0,ICA,valence__face__gnb__5,8.500073511397542,2,0.4,11.431644930925522,1.3977236050260329
P01,sisyphus,1,sisyphus_s1_35.000,35.0,37.0,ICA,valence__face__gnb__5,4.970909746591784,2,0.4,7.148608125992854,2.3849728062211315
P01,sisyphus,1,sisyphus_s1_36.000,36.0,38.0,ICA,valence__face__gnb__5,4.085399558273256,4,0.8,5.290841879666783,3.735933776691803
P01,sisyphus,1,sisyphus_s1_37.000,37.0,39.0,ICA,valence__face__gnb__5,8.491854771280186,2,0.4,10.78764919667167,2.1263443116293574
P01,sisyphus,1,sisyphus_s1_38.000,38.0,40.0,ICA,valence__face__gnb__5,5.283658851328758,2,0.4,6.326076205290189,0.9101273165574311
P01,sisyphus,1,sisyphus_s1_39.000,39.0,41.0,ICA,valence__face__gnb__5,4.38124621590001,2,0.4,7.058622834740403,1.9737072177833497
P01,sisyphus,1,sisyphus_s1_40.000,40.0,42.0,ICA,valence__face__gnb__5,2.8309578667009796,1,0.2,4.651114593097462,0.3575014135975737
P01,sisyphus,1,sisyphus_s1_41.000,41.0,43.0,ICA,valence__face__gnb__5,2.2691588651652586,1,0.2,4.048420960043732,0.2211434698012005
P01,sisyphus,1,sisyphus_s1_42.000,42.0,44.0,ICA,valence__face__gnb__5,2.262454989038315,1,0.2,3.963512890081035,0.3559763488487575
P01,sisyphus,1,sisyphus_s1_43.000,43.0,45.0,ICA,valence__face__gnb__5,3.017984935499031,1,0.2,4.722165614929779,1.8774240556597295
P01,sisyphus,1,sisyphus_s1_44.000,44.0,46.0,ICA,valence__face__gnb__5,2.912569410340064,1,0.2,4.937714617354527,1.2769897635985246
P01,sisyphus,1,sisyphus_s1_45.000,45.0,47.0,ICA,valence__face__gnb__5,2.368958516204337,1,0.2,4.288794626890236,0.2434988200579899
P01,sisyphus,1,sisyphus_s1_46.000,46.0,48.0,ICA,valence__face__gnb__5,3.8845874676768837,1,0.2,4.9113734323174425,0.6899441122605673
P01,sisyphus,1,sisyphus_s1_47.000,47.0,49.0,ICA,valence__face__gnb__5,2.38253016683821,1,0.2,4.0945169774674435,1.7253381528375742
P01,sisyphus,1,sisyphus_s1_48.000,48.0,50.0,ICA,valence__face__gnb__5,1.3999039798429307,0,0.0,3.2683825998632843,2.412433517027263
P01,sisyphus,1,sisyphus_s1_49.000,49.0,51.0,ICA,valence__face__gnb__5,1.4009804181145562,0,0.0,1.952201885254614,1.0524399822358845
P01,sisyphus,1,sisyphus_s1_50.000,50.0,52.0,ICA,valence__face__gnb__5,1.1319705685271,0,0.0,1.765838577895185,1.2421020786380643
P01,sisyphus,1,sisyphus_s1_51.000,51.0,53.0,ICA,valence__face__gnb__5,2.0917917887436235,0,0.0,3.0651818739212824,0.532735891051232
P01,sisyphus,1,sisyphus_s1_52.000,52.0,54.0,ICA,valence__face__gnb__5,2.3032492043369244,1,0.2,3.161882451629982,0.7799607917443907
P01,shape_sorter_interaction,1,shape_sorter_interaction_s1_9.000,9.0,11.0,ICA,valence__face__gnb__5,2.646294774958974,1,0.2,3.6643004154109655,0.5568748841861918
P01,shape_sorter_interaction,1,shape_sorter_interaction_s1_10.000,10.0,12.0,ICA,valence__face__gnb__5,2.6790247354714847,1,0.2,4.834508697245485,1.9645447972457535
P01,shape_sorter_interaction,1,shape_sorter_interaction_s1_11.000,11.0,13.0,ICA,valence__face__gnb__5,4.266025624765448,2,0.4,6.917584724545175,2.368860866665888
P01,shape_sorter_interaction,1,shape_sorter_interaction_s1_12.000,12.0,14.0,ICA,valence__face__gnb__5,3.761179761506482,1,0.2,5.345095025463976,0.19827514646978395
P01,shape_sorter_interaction,1,shape_sorter_interaction_s1_13.000,13.0,15.0,ICA,valence__face__gnb__5,4.986811042618957,2,0.4,5.8289444988513095,0.8287862868358143
P01,shape_sorter_interaction,1,shape_sorter_interaction_s1_14.000,14.0,16.0,ICA,valence__face__gnb__5,5.597884519495226,2,0.4,6.0838440546249135,1.7201037519069187
P01,shape_sorter_interaction,1,shape_sorter_interaction_s1_15.000,15.0,17.0,ICA,valence__face__gnb__5,4.6602398823864135,1,0.2,5.808174720516261,0.8020330084995971
P01,shape_sorter_interaction,1,shape_sorter_interaction_s1_16.000,16.0,18.0,ICA,valence__face__gnb__5,4.169188900552704,1,0.2,5.734062085771481,0.3764764345808475
P01,shape_sorter_interaction,1,shape_sorter_interaction_s1_17.000,17.0,19.0,ICA,valence__face__gnb__5,4.599203523900765,2,0.4,5.911119967620877,0.4962684311512696
P01,shape_sorter_interaction,1,shape_sorter_interaction_s1_18.000,18.0,20.0,ICA,valence__face__gnb__5,4.432107637963426,1,0.2,5.745765252626461,0.7953712901121859
P01,shape_sorter_interaction,1,shape_sorter_interaction_s1_19.000,19.0,21.0,ICA,valence__face__gnb__5,4.702671992857073,1,0.2,5.709677195195891,1.0508542759867188
P01,shape_sorter_interaction,1,shape_sorter_interaction_s1_20.000,20.0,22.0,ICA,valence__face__gnb__5,4.101363537227995,1,0.2,5.680698016362568,0.5094564061074611
P01,shape_sorter_interaction,1,shape_sorter_interaction_s1_21.000,21.0,23.0,ICA,valence__face__gnb__5,4.303390828489738,1,0.2,5.777992875872423,0.9998596220309613
P01,shape_sorter_interaction,1,shape_sorter_interaction_s1_22.000,22.0,24.0,ICA,valence__face__gnb__5,4.168931817162209,1,0.2,5.759771128863062,0.6938001292601464
P01,shape_sorter_interaction,1,shape_sorter_interaction_s1_23.000,23.0,25.0,ICA,valence__face__gnb__5,3.665162749259197,1,0.2,5.2422527935544965,0.6220942004194344
P01,shape_sorter_interaction,1,shape_sorter_interaction_s1_24.000,24.0,26.0,ICA,valence__face__gnb__5,3.3768003169760368,1,0.2,5.069732557467534,0.60355143387166
P01,shape_sorter_interaction,1,shape_sorter_interaction_s1_25.000,25.0,27.0,ICA,valence__face__gnb__5,5.397750426814556,2,0.4,5.958194321500118,1.234259629901051
P01,shape_sorter_interaction,1,shape_sorter_interaction_s1_26.000,26.0,28.0,ICA,valence__face__gnb__5,5.202348686171974,2,0.4,6.4166382036687715,0.904257243085904
P01,shape_sorter_interaction,1,shape_sorter_interaction_s1_27.000,27.0,29.0,ICA,valence__face__gnb__5,4.828826385745691,2,0.4,5.978677627703806,0.7188495427797505
P01,shape_sorter_interaction,1,shape_sorter_interaction_s1_28.000,28.0,30.0,ICA,valence__face__gnb__5,4.345723112653603,1,0.2,5.852247509327619,1.0552359900756836
P01,shape_sorter_interaction,1,shape_sorter_interaction_s1_29.000,29.0,31.0,ICA,valence__face__gnb__5,4.273827750487585,1,0.2,5.879856020763588,0.962849437788248
P01,shape_sorter_interaction,1,shape_sorter_interaction_s1_30.000,30.0,32.0,ICA,valence__face__gnb__5,3.987280469332382,1,0.2,5.614370909420025,0.4536134597116462
P01,shape_sorter_interaction,1,shape_sorter_interaction_s1_31.000,31.0,33.0,ICA,valence__face__gnb__5,4.007050740892068,1,0.2,5.494879940700927,0.411478871543897
P01,shape_sorter_interaction,1,shape_sorter_interaction_s1_32.000,32.0,34.0,ICA,valence__face__gnb__5,4.51726654887669,1,0.2,5.742518848327784,0.7385064870756144
P01,shape_sorter_interaction,1,shape_sorter_interaction_s1_33.000,33.0,35.0,ICA,valence__face__gnb__5,4.885442569356117,1,0.2,5.827105152789468,1.1194385154727702
P01,shape_sorter_interaction,1,shape_sorter_interaction_s1_34.000,34.0,36.0,ICA,valence__face__gnb__5,4.149490814984045,1,0.2,5.838104117476015,0.2695038009398078
P01,shape_sorter_interaction,1,shape_sorter_interaction_s1_35.000,35.0,37.0,ICA,valence__face__gnb__5,4.000272119470504,1,0.2,5.844469646850293,0.9061173117805291
P01,shape_sorter_interaction,1,shape_sorter_interaction_s1_36.000,36.0,38.0,ICA,valence__face__gnb__5,4.2231567237680805,1,0.2,5.730052900673708,0.9289162738778698
P01,shape_sorter_interaction,1,shape_sorter_interaction_s1_37.000,37.0,39.0,ICA,valence__face__gnb__5,3.564807133194322,1,0.2,5.242273101149272,0.21394618431189036
P01,shape_sorter_interaction,1,shape_sorter_interaction_s1_38.000,38.0,40.0,ICA,valence__face__gnb__5,3.0429091575478044,1,0.2,4.261034698964441,0.5737279061078066
P01,shape_sorter_interaction,1,shape_sorter_interaction_s1_39.000,39.0,41.0,ICA,valence__face__gnb__5,3.115123168265162,1,0.2,4.158814918810459,0.7095571014146063
P01,shape_sorter_interaction,1,shape_sorter_interaction_s1_40.000,40.0,42.0,ICA,valence__face__gnb__5,3.446123017556569,1,0.2,4.331788513907861,1.0044736238293446
P01,shape_sorter_interaction,1,shape_sorter_interaction_s1_41.000,41.0,43.0,ICA,valence__face__gnb__5,3.980686914876289,1,0.2,4.712361598913634,1.0899333545554661
P01,shape_sorter_interaction,1,shape_sorter_interaction_s1_42.000,42.0,44.0,ICA,valence__face__gnb__5,5.4212012247494314,2,0.4,6.446547162406919,0.9058393796263493
P01,shape_sorter_interaction,1,shape_sorter_interaction_s1_43.000,43.0,45.0,ICA,valence__face__gnb__5,4.53333079251873,1,0.2,6.369502861643998,0.7588116007450111
P01,shape_sorter_interaction,1,shape_sorter_interaction_s1_44.000,44.0,46.0,ICA,valence__face__gnb__5,4.841054009060717,2,0.4,5.717875141696521,0.6848357087362592
P01,shape_sorter_interaction,1,shape_sorter_interaction_s1_45.000,45.0,47.0,ICA,valence__face__gnb__5,2.9371745818496704,1,0.2,4.768577289597779,0.5220831960300023
P01,shape_sorter_interaction,1,shape_sorter_interaction_s1_46.000,46.0,48.0,ICA,valence__face__gnb__5,2.5825642031538023,1,0.2,4.429879434303044,0.7639378293622707
P01,shape_sorter_interaction,1,shape_sorter_interaction_s1_47.000,47.0,49.0,ICA,valence__face__gnb__5,2.2270339475097467,1,0.2,4.287402338000954,0.8179605385071322
P01,shape_sorter_interaction,1,shape_sorter_interaction_s1_48.000,48.0,50.0,ICA,valence__face__gnb__5,2.60956274724204,1,0.2,4.699927524845366,0.6421339436657909
P01,shape_sorter_interaction,1,shape_sorter_interaction_s1_49.000,49.0,51.0,ICA,valence__face__gnb__5,3.908910364137016,1,0.2,5.249691700387354,0.6261901415072159
P01,shape_sorter_interaction,1,shape_sorter_interaction_s1_50.000,50.0,52.0,ICA,valence__face__gnb__5,4.174377601098027,3,0.6,5.159715508551514,1.032650544711332
P01,shape_sorter_interaction,1,shape_sorter_interaction_s1_51.000,51.0,53.0,ICA,valence__face__gnb__5,3.9523178133091545,1,0.2,5.563170024902809,0.6491746419424371
P01,shape_sorter_interaction,1,shape_sorter_interaction_s1_52.000,52.0,54.0,ICA,valence__face__gnb__5,3.7998904405540417,1,0.2,5.55784430690698,0.5110989743695763
P01,shape_sorter_interaction,1,shape_sorter_interaction_s1_53.000,53.0,55.0,ICA,valence__face__gnb__5,2.997958139801996,1,0.2,4.756074726077256,0.8430866625518286
P01,shape_sorter_interaction,1,shape_sorter_interaction_s1_54.000,54.0,56.0,ICA,valence__face__gnb__5,2.5319180469867084,1,0.2,4.523416969312101,1.229582943850106
P01,shape_sorter_interaction,1,shape_sorter_interaction_s1_55.000,55.0,57.0,ICA,valence__face__gnb__5,2.613694864090002,1,0.2,4.551374847153771,0.4533415127623765
P01,shape_sorter_interaction,1,shape_sorter_interaction_s1_56.000,56.0,58.0,ICA,valence__face__gnb__5,2.6260612706975,1,0.2,4.29409854909873,0.6406716683766149
P01,shape_sorter_interaction,1,shape_sorter_interaction_s1_57.000,57.0,59.0,ICA,valence__face__gnb__5,3.0673517020086747,1,0.2,4.433725195808482,0.5614861260646747
P01,shape_sorter_interaction,1,shape_sorter_interaction_s1_58.000,58.0,60.0,ICA,valence__face__gnb__5,3.2474448466686976,1,0.2,4.903190896694411,0.5934600184711639
P01,shape_sorter_interaction,1,shape_sorter_interaction_s1_59.000,59.0,61.0,ICA,valence__face__gnb__5,6.387474188225176,2,0.4,7.161227453565031,2.2483947600528387
P01,shape_sorter_interaction,1,shape_sorter_interaction_s1_60.000,60.0,62.0,ICA,valence__face__gnb__5,4.612080712573252,1,0.2,6.405922905562847,1.0903327384341448
P01,shape_sorter_interaction,1,shape_sorter_interaction_s1_61.000,61.0,63.0,ICA,valence__face__gnb__5,5.726803183139879,3,0.6,8.618318061263212,3.4471305830751047
P01,shape_sorter_interaction,1,shape_sorter_interaction_s1_62.000,62.0,64.0,ICA,valence__face__gnb__5,2.036867120307038,2,0.4,4.148190012950124,2.4084775060255557
P01,shape_sorter_interaction,1,shape_sorter_interaction_s1_63.000,63.0,65.0,ICA,valence__face__gnb__5,2.2080183030893106,1,0.2,3.91223918298021,1.8915876462227743
P01,shape_sorter_interaction,1,shape_sorter_interaction_s1_64.000,64.0,66.0,ICA,valence__face__gnb__5,2.5746125886000324,1,0.2,3.794659152947239,0.37026948960552386
P01,shape_sorter_interaction,1,shape_sorter_interaction_s1_65.000,65.0,67.0,ICA,valence__face__gnb__5,3.2077195843899244,1,0.2,4.5713601859449655,1.1308706797802999
P01,shape_sorter_interaction,1,shape_sorter_interaction_s1_66.000,66.0,68.0,ICA,valence__face__gnb__5,3.605851756973803,1,0.2,5.108576026112229,0.49722564900180494
P01,shape_sorter_interaction,1,shape_sorter_interaction_s1_67.000,67.0,69.0,ICA,valence__face__gnb__5,3.7381934342334904,1,0.2,4.849893438409411,0.6060161606469302
P01,shape_sorter_interaction,1,shape_sorter_interaction_s1_68.000,68.0,70.0,ICA,valence__face__gnb__5,3.7617424822226564,1,0.2,4.854763953871822,0.6413794564162942
P01,shape_sorter_interaction,1,shape_sorter_interaction_s1_69.000,69.0,71.0,ICA,valence__face__gnb__5,3.5210014509307848,1,0.2,5.094394626990979,0.7483697375984315
P01,shape_sorter_interaction,1,shape_sorter_interaction_s1_70.000,70.0,72.0,ICA,valence__face__gnb__5,3.5926016866930723,1,0.2,5.109094024100584,0.798778705500297
P01,shape_sorter_interaction,1,shape_sorter_interaction_s1_71.000,71.0,73.0,ICA,valence__face__gnb__5,2.199731016910638,1,0.2,4.209298738784016,0.8882287347560162
P01,shape_sorter_interaction,1,shape_sorter_interaction_s1_72.000,72.0,74.0,ICA,valence__face__gnb__5,2.1038465405414497,1,0.2,4.169269938198658,1.1420312283309637
P01,shape_sorter_interaction,1,shape_sorter_interaction_s1_73.000,73.0,75.0,ICA,valence__face__gnb__5,2.644176093573339,1,0.2,4.64594926319669,0.7973572590391919
P01,shape_sorter_interaction,1,shape_sorter_interaction_s1_74.000,74.0,76.0,ICA,valence__face__gnb__5,3.245377536477258,1,0.2,4.443506410886024,0.5746526992353946
P01,shape_sorter_interaction,1,shape_sorter_interaction_s1_75.000,75.0,77.0,ICA,valence__face__gnb__5,2.1937800037817836,1,0.2,3.829164337220386,0.26230907506634293
P01,shape_sorter_interaction,1,shape_sorter_interaction_s1_76.000,76.0,78.0,ICA,valence__face__gnb__5,4.194854555227405,2,0.4,5.157417126637049,1.9839099973006218
P01,shape_sorter_interaction,1,shape_sorter_interaction_s1_77.000,77.0,79.0,ICA,valence__face__gnb__5,6.500740758847468,2,0.4,7.062989006777651,1.9305711965855874
P01,shape_sorter_interaction,1,shape_sorter_interaction_s1_78.000,78.0,80.0,ICA,valence__face__gnb__5,5.321323216159678,3,0.6,8.117460112035976,3.106019052499861
P01,shape_sorter_interaction,1,shape_sorter_interaction_s1_79.000,79.0,81.0,ICA,valence__face__gnb__5,15.624716279470858,2,0.4,17.64501398439782,2.13438065712363
P01,shape_sorter_interaction,1,shape_sorter_interaction_s1_80.000,80.0,82.0,ICA,valence__face__gnb__5,5.096614731933704,1,0.2,6.696368370850114,0.6417931794165358
P01,shape_sorter_interaction,1,shape_sorter_interaction_s1_81.000,81.0,83.0,ICA,valence__face__gnb__5,14.760206606872378,3,0.6,15.907482987849018,3.4791211137706193
P01,shape_sorter_interaction,1,shape_sorter_interaction_s1_82.000,82.0,84.0,ICA,valence__face__gnb__5,16.566451590304073,2,0.4,18.83406629634556,2.379050631524484
P01,shape_sorter_alone,1,shape_sorter_alone_s1_1.000,1.0,3.0,ICA,valence__face__gnb__5,3.1020945755564746,3,0.6,4.941878225048167,3.977533455163485
P01,shape_sorter_alone,1,shape_sorter_alone_s1_2.000,2.0,4.0,ICA,valence__face__gnb__5,3.8059617121155225,1,0.2,6.099809102925199,1.0970650764512024
P01,shape_sorter_alone,1,shape_sorter_alone_s1_3.000,3.0,5.0,ICA,valence__face__gnb__5,5.1143797305152185,2,0.4,6.442208745970652,0.9330202351662801
P01,shape_sorter_alone,1,shape_sorter_alone_s1_4.000,4.0,6.0,ICA,valence__face__gnb__5,2.7630389283986636,2,0.4,5.065284049307633,3.1680303170337574
P01,shape_sorter_alone,1,shape_sorter_alone_s1_5.000,5.0,7.0,ICA,valence__face__gnb__5,3.456245963096767,3,0.6,5.187365457669463,3.2543037771076455
P01,shape_sorter_alone,1,shape_sorter_alone_s1_6.000,6.0,8.0,ICA,valence__face__gnb__5,5.044442626099094,1,0.2,6.608908605061514,1.0284940327759466
P01,shape_sorter_alone,1,shape_sorter_alone_s1_7.000,7.0,9.0,ICA,valence__face__gnb__5,4.2761398911982,1,0.2,6.184447551032347,0.8622301178779307
P01,shape_sorter_alone,1,shape_sorter_alone_s1_8.000,8.0,10.0,ICA,valence__face__gnb__5,4.162412765970155,1,0.2,5.93309292722904,0.44281269640259424
P01,shape_sorter_alone,1,shape_sorter_alone_s1_9.000,9.0,11.0,ICA,valence__face__gnb__5,4.391797480747444,1,0.2,6.138243193072881,0.3510116182297002
P01,shape_sorter_alone,1,shape_sorter_alone_s1_10.000,10.0,12.0,ICA,valence__face__gnb__5,4.613585602975011,1,0.2,6.2990306648303696,0.4027138686000299
P01,shape_sorter_alone,1,shape_sorter_alone_s1_11.000,11.0,13.0,ICA,valence__face__gnb__5,4.341737469986695,1,0.2,6.1619782228627455,0.8150400382067702
P01,shape_sorter_alone,1,shape_sorter_alone_s1_12.000,12.0,14.0,ICA,valence__face__gnb__5,4.3153241930859245,1,0.2,6.324610323528975,0.7998568954831586
P01,shape_sorter_alone,1,shape_sorter_alone_s1_13.000,13.0,15.0,ICA,valence__face__gnb__5,5.166268374257634,4,0.8,6.094559939674456,4.134970966707939
P01,shape_sorter_alone,1,shape_sorter_alone_s1_14.000,14.0,16.0,ICA,valence__face__gnb__5,3.4689398228337973,1,0.2,4.293682983772582,2.373652419958319
P01,pick_place,1,pick_place_s1_8.000,8.0,10.0,ICA,valence__face__gnb__10,21.3478015760918,6,0.6,17.826562696643496,3.9284114882415224
P01,pick_place,1,pick_place_s1_9.000,9.0,11.0,ICA,valence__face__gnb__10,19.203619244292163,5,0.5,15.595807022226946,3.1056395364359926
P01,pick_place,1,pick_place_s1_10.000,10.0,12.0,ICA,valence__face__gnb__10,17.317720482549777,6,0.6,10.25916855607787,4.414757763835418
P01,pick_place,1,pick_place_s1_11.000,11.0,13.0,ICA,valence__face__gnb__10,15.346529275673872,5,0.5,10.364730588200327,4.3179529665525305
P01,pick_place,1,pick_place_s1_12.000,12.0,14.0,ICA,valence__face__gnb__10,13.884022996543612,6,0.6,12.024015620652417,3.143776019229499
P01,pick_place,1,pick_place_s1_13.000,13.0,15.0,ICA,valence__face__gnb__10,13.927578997462467,3,0.3,13.329798788306533,1.6896869691796983
P01,pick_place,1,pick_place_s1_14.000,14.0,16.0,ICA,valence__face__gnb__10,14.15558129535779,3,0.3,13.186794946217132,1.1250974164289098
P01,pick_place,1,pick_place_s1_15.000,15.0,17.0,ICA,valence__face__gnb__10,13.805331892488198,3,0.3,12.998814694939153,0.8026985303966669
P01,pick_place,1,pick_place_s1_16.000,16.0,18.0,ICA,valence__face__gnb__10,13.91356051117703,5,0.5,11.091374955957173,3.4039297983524612
P01,pick_place,1,pick_place_s1_17.000,17.0,19.0,ICA,valence__face__gnb__10,14.146264823574894,5,0.5,11.29396139176647,3.7206711737870704
P01,pick_place,1,pick_place_s1_18.000,18.0,20.0,ICA,valence__face__gnb__10,13.781786320331712,5,0.5,12.023815565295493,3.426658068729242
P01,pick_place,1,pick_place_s1_19.000,19.0,21.0,ICA,valence__face__gnb__10,19.04648515268099,6,0.6,10.687957405476832,5.65200676842837
P01,pick_place,1,pick_place_s1_20.000,20.0,22.0,ICA,valence__face__gnb__10,20.497120584203977,4,0.4,17.344842200204102,2.4548834218639275
P01,pick_place,1,pick_place_s1_21.000,21.0,23.0,ICA,valence__face__gnb__10,19.05375165615138,5,0.5,14.77599931679027,3.2102070206361213
P01,pick_place,1,pick_place_s1_22.000,22.0,24.0,ICA,valence__face__gnb__10,17.65757796807581,5,0.5,13.178872046347895,2.8092184447706563
P01,pick_place,1,pick_place_s1_23.000,23.0,25.0,ICA,valence__face__gnb__10,16.226243730347544,3,0.3,12.795178823400558,2.0476184218520816
P01,pick_place,1,pick_place_s1_24.000,24.0,26.0,ICA,valence__face__gnb__10,14.22174450819356,3,0.3,11.079976784069393,1.0117314151669317
P01,pick_place,1,pick_place_s1_25.000,25.0,27.0,ICA,valence__face__gnb__10,14.35255188384977,3,0.3,11.449295932840386,1.21859343943765
P01,pick_place,1,pick_place_s1_26.000,26.0,28.0,ICA,valence__face__gnb__10,15.166972476486263,3,0.3,12.529897656545481,1.394829257191361
P01,pick_place,1,pick_place_s1_27.000,27.0,29.0,ICA,valence__face__gnb__10,14.731332134714417,2,0.2,10.987968245059951,1.7032541153241842
P01,pick_place,1,pick_place_s1_28.000,28.0,30.0,ICA,valence__face__gnb__10,12.905374354058377,3,0.3,9.871272959924426,0.9807626596658721
P01,pick_place,1,pick_place_s1_29.000,29.0,31.0,ICA,valence__face__gnb__10,11.708119131565649,3,0.3,9.3321163175228,0.6120185140934105
P01,pick_place,1,pick_place_s1_30.000,30.0,32.0,ICA,valence__face__gnb__10,12.238627003265611,3,0.3,9.5860089452035,0.5831449896796722
P01,pick_place,1,pick_place_s1_31.000,31.0,33.0,ICA,valence__face__gnb__10,12.63626767794881,3,0.3,9.41294454793451,0.45013618564016344
P01,pick_place,1,pick_place_s1_32.000,32.0,34.0,ICA,valence__face__gnb__10,14.901825255896481,5,0.5,10.149597354568357,2.423251144653836
P01,pick_place,1,pick_place_s1_33.000,33.0,35.0,ICA,valence__face__gnb__10,15.709196858607225,4,0.4,11.853099042021222,2.45717291526388
P01,pick_place,1,pick_place_s1_34.000,34.0,36.0,ICA,valence__face__gnb__10,13.475583784954031,3,0.3,9.900195476734552,2.915589400022499
P01,pick_place,1,pick_place_s1_35.000,35.0,37.0,ICA,valence__face__gnb__10,12.246867629192836,4,0.4,9.304341045117397,2.4990651916187163
P01,pick_place,1,pick_place_s1_36.000,36.0,38.0,ICA,valence__face__gnb__10,12.111767099268706,3,0.3,9.43877604690946,0.7928728225295445
P01,pick_place,1,pick_place_s1_37.000,37.0,39.0,ICA,valence__face__gnb__10,11.610788132006189,3,0.3,9.202162772166455,1.5765558097414076
P01,pick_place,1,pick_place_s1_38.000,38.0,40.0,ICA,valence__face__gnb__10,12.948995010395034,3,0.3,9.682625424336445,2.052436904389876
P01,pick_place,1,pick_place_s1_39.000,39.0,41.0,ICA,valence__face__gnb__10,14.92503962803408,4,0.4,11.819544154929126,1.998386478339901
P01,pick_place,1,pick_place_s1_40.000,40.0,42.0,ICA,valence__face__gnb__10,15.804389082323432,4,0.4,10.748191692332698,3.270767158232421
P01,pick_place,1,pick_place_s1_41.000,41.0,43.0,ICA,valence__face__gnb__10,16.648987919801733,4,0.4,10.735619739315828,2.7323447313245017
P01,pick_place,1,pick_place_s1_42.000,42.0,44.0,ICA,valence__face__gnb__10,17.873289861278565,4,0.4,12.834369767113243,1.097630120896909
P01,shape_sorter_observation,1,shape_sorter_observation_s1_9.000,9.0,11.0,ICA,valence__face__gnb__10,26.694648225892216,5,0.5,19.698846224537157,3.4914300769970845
P01,shape_sorter_observation,1,shape_sorter_observation_s1_10.000,10.0,12.0,ICA,valence__face__gnb__10,21.079294208257938,5,0.5,14.655578817969872,3.6691690906494636
P01,shape_sorter_observation,1,shape_sorter_observation_s1_11.000,11.0,13.0,ICA,valence__face__gnb__10,18.248920610458622,4,0.4,12.244215848008794,2.646695815218845
P01,shape_sorter_observation,1,shape_sorter_observation_s1_12.000,12.0,14.0,ICA,valence__face__gnb__10,17.037210849120925,3,0.3,11.1223431177099,2.0957918145898304
P01,shape_sorter_observation,1,shape_sorter_observation_s1_13.000,13.0,15.0,ICA,valence__face__gnb__10,16.809855335583926,3,0.3,10.827017483112627,1.5706398815547042
P01,shape_sorter_observation,1,shape_sorter_observation_s1_14.000,14.0,16.0,ICA,valence__face__gnb__10,16.638817883533473,3,0.3,10.135649877582706,2.8421786659256707
P01,shape_sorter_observation,1,shape_sorter_observation_s1_15.000,15.0,17.0,ICA,valence__face__gnb__10,15.02841671019437,5,0.5,12.620353982481959,3.7701896041353873
P01,shape_sorter_observation,1,shape_sorter_observation_s1_16.000,16.0,18.0,ICA,valence__face__gnb__10,13.523714947333023,3,0.3,13.871930319143337,0.950608320052148
P01,shape_sorter_observation,1,shape_sorter_observation_s1_17.000,17.0,19.0,ICA,valence__face__gnb__10,14.368887367880502,7,0.7,12.668222514245823,3.5745064237697575
P01,shape_sorter_observation,1,shape_sorter_observation_s1_18.000,18.0,20.0,ICA,valence__face__gnb__10,14.44971316218041,6,0.6,10.96253134981108,3.9849634583199247
P01,shape_sorter_observation,1,shape_sorter_observation_s1_19.000,19.0,21.0,ICA,valence__face__gnb__10,13.707647611145253,6,0.6,8.893829582621079,4.181182215646647
P01,shape_sorter_observation,1,shape_sorter_observation_s1_20.000,20.0,22.0,ICA,valence__face__gnb__10,13.865360963753345,2,0.2,10.356419680388452,1.658457247507867
P01,shape_sorter_observation,1,shape_sorter_observation_s1_21.000,21.0,23.0,ICA,valence__face__gnb__10,13.2523441481774,3,0.3,9.537873954733872,1.0971363991841763
P01,shape_sorter_observation,1,shape_sorter_observation_s1_22.000,22.0,24.0,ICA,valence__face__gnb__10,13.108700603048865,3,0.3,9.724762624948728,0.9446207509657052
P01,shape_sorter_observation,1,shape_sorter_observation_s1_23.000,23.0,25.0,ICA,valence__face__gnb__10,13.561095207676171,3,0.3,9.23316354697741,2.7943115751202683
P01,shape_sorter_observation,1,shape_sorter_observation_s1_24.000,24.0,26.0,ICA,valence__face__gnb__10,14.071987936321781,5,0.5,8.955356977226762,3.3579741937116037
P01,shape_sorter_observation,1,shape_sorter_observation_s1_25.000,25.0,27.0,ICA,valence__face__gnb__10,15.412718302544873,5,0.5,10.300734024775942,3.3891766606917835
P01,shape_sorter_observation,1,shape_sorter_observation_s1_26.000,26.0,28.0,ICA,valence__face__gnb__10,13.323070326146174,5,0.5,7.69007178749554,4.766688731647074
P01,shape_sorter_observation,1,shape_sorter_observation_s1_27.000,27.0,29.0,ICA,valence__face__gnb__10,10.204229926656378,4,0.4,10.359589672512493,1.1127217569003423
P01,shape_sorter_observation,1,shape_sorter_observation_s1_28.000,28.0,30.0,ICA,valence__face__gnb__10,10.226227037970773,4,0.4,9.956228180015597,1.3207642126985055
P01,shape_sorter_observation,1,shape_sorter_observation_s1_29.000,29.0,31.0,ICA,valence__face__gnb__10,10.004207830144866,4,0.4,9.534470440818941,1.197975390252381
P01,shape_sorter_observation,1,shape_sorter_observation_s1_30.000,30.0,32.0,ICA,valence__face__gnb__10,12.497354066144146,7,0.7,7.358825692803792,3.792952855843531
P01,shape_sorter_observation,1,shape_sorter_observation_s1_31.000,31.0,33.0,ICA,valence__face__gnb__10,15.101538581652475,5,0.5,9.9422789667658,3.6618824469568754
P01,shape_sorter_observation,1,shape_sorter_observation_s1_32.000,32.0,34.0,ICA,valence__face__gnb__10,13.809828685149286,3,0.3,10.045274445961851,2.2856248887482646
P01,shape_sorter_observation,1,shape_sorter_observation_s1_33.000,33.0,35.0,ICA,valence__face__gnb__10,12.658645419228003,3,0.3,10.204340963564944,1.1243974400657808
P01,shape_sorter_observation,1,shape_sorter_observation_s1_34.000,34.0,36.0,ICA,valence__face__gnb__10,12.866125237646743,3,0.3,10.399437093056669,0.8880952721483371
P01,shape_sorter_observation,1,shape_sorter_observation_s1_35.000,35.0,37.0,ICA,valence__face__gnb__10,12.88720831794103,2,0.2,10.129739598802216,1.021087965851554
P01,shape_sorter_observation,1,shape_sorter_observation_s1_36.000,36.0,38.0,ICA,valence__face__gnb__10,12.309845170117702,2,0.2,9.411974224924762,1.6213616830569983
P01,shape_sorter_observation,1,shape_sorter_observation_s1_37.000,37.0,39.0,ICA,valence__face__gnb__10,10.032990886128797,3,0.3,7.8057623417485615,2.067126063147666
P01,shape_sorter_observation,1,shape_sorter_observation_s1_38.000,38.0,40.0,ICA,valence__face__gnb__10,9.779560729386466,5,0.5,8.399439689333313,1.8414511664275435
P01,shape_sorter_observation,1,shape_sorter_observation_s1_39.000,39.0,41.0,ICA,valence__face__gnb__10,10.259237360868086,4,0.4,9.162326795911852,1.3243576186831385
P01,shape_sorter_observation,1,shape_sorter_observation_s1_40.000,40.0,42.0,ICA,valence__face__gnb__10,10.796134052591063,5,0.5,7.886347126427452,3.0100781073974954
P01,shape_sorter_observation,1,shape_sorter_observation_s1_41.000,41.0,43.0,ICA,valence__face__gnb__10,11.880710688785854,3,0.3,9.030962414060376,2.2900306094784053
P01,shape_sorter_observation,1,shape_sorter_observation_s1_42.000,42.0,44.0,ICA,valence__face__gnb__10,12.448666143597261,2,0.2,9.71753888312302,1.1795990835930452
P01,shape_sorter_observation,1,shape_sorter_observation_s1_43.000,43.0,45.0,ICA,valence__face__gnb__10,12.964941254428412,2,0.2,10.186654893591646,1.086717062312076
P01,shape_sorter_observation,1,shape_sorter_observation_s1_44.000,44.0,46.0,ICA,valence__face__gnb__10,12.19897701197561,2,0.2,9.577187064994881,0.8150591634769266
P01,shape_sorter_observation,1,shape_sorter_observation_s1_45.000,45.0,47.0,ICA,valence__face__gnb__10,11.150029429763288,3,0.3,8.826449847927275,1.5320321426537449
P01,shape_sorter_observation,1,shape_sorter_observation_s1_46.000,46.0,48.0,ICA,valence__face__gnb__10,10.523696484116432,3,0.3,8.720487685168887,0.83273385771205
P01,shape_sorter_observation,1,shape_sorter_observation_s1_47.000,47.0,49.0,ICA,valence__face__gnb__10,10.00178581362903,3,0.3,8.236950067628452,0.8902570323047818
P01,shape_sorter_observation,1,shape_sorter_observation_s1_48.000,48.0,50.0,ICA,valence__face__gnb__10,8.872551295110062,3,0.3,7.226468930471215,0.3470756031558438
P01,shape_sorter_observation,1,shape_sorter_observation_s1_49.000,49.0,51.0,ICA,valence__face__gnb__10,8.201630505059955,3,0.3,6.537314259689386,0.6740132538298099
P01,shape_sorter_observation,1,shape_sorter_observation_s1_50.000,50.0,52.0,ICA,valence__face__gnb__10,8.05803356156355,3,0.3,5.727047510227552,0.6301246383573311
P01,shape_sorter_observation,1,shape_sorter_observation_s1_51.000,51.0,53.0,ICA,valence__face__gnb__10,8.195857459961575,4,0.4,6.453370215930029,0.7188674912442301
P01,shape_sorter_observation,1,shape_sorter_observation_s1_52.000,52.0,54.0,ICA,valence__face__gnb__10,9.689335013221074,3,0.3,7.36593998687313,2.1756574803805897
P01,shape_sorter_observation,1,shape_sorter_observation_s1_53.000,53.0,55.0,ICA,valence__face__gnb__10,11.41059745946836,2,0.2,8.540036698946976,1.9340948959340631
P01,shape_sorter_observation,1,shape_sorter_observation_s1_54.000,54.0,56.0,ICA,valence__face__gnb__10,12.738987387070495,2,0.2,9.346757617774399,2.422293740727883
P01,shape_sorter_observation,1,shape_sorter_observation_s1_55.000,55.0,57.0,ICA,valence__face__gnb__10,12.322060414243568,2,0.2,9.047027502825308,1.8656616403639628
P01,shape_sorter_observation,1,shape_sorter_observation_s1_56.000,56.0,58.0,ICA,valence__face__gnb__10,11.787438004593163,2,0.2,8.846815570974295,1.5076995949788317
P01,shape_sorter_observation,1,shape_sorter_observation_s1_57.000,57.0,59.0,ICA,valence__face__gnb__10,14.748001328036484,6,0.6,11.645921494705949,3.502229358764599
P01,shape_sorter_observation,1,shape_sorter_observation_s1_58.000,58.0,60.0,ICA,valence__face__gnb__10,9.254356517691301,5,0.5,7.852371543953492,2.407789194136317
P01,shape_sorter_observation,1,shape_sorter_observation_s1_59.000,59.0,61.0,ICA,valence__face__gnb__10,13.51788094767973,6,0.6,9.562767252888444,3.4279724275881227
P01,shape_sorter_observation,1,shape_sorter_observation_s1_60.000,60.0,62.0,ICA,valence__face__gnb__10,19.1307268759585,5,0.5,13.863382374782567,5.057196830948389
P01,shape_sorter_observation,1,shape_sorter_observation_s1_61.000,61.0,63.0,ICA,valence__face__gnb__10,21.847692440335035,4,0.4,18.408430314448047,3.362894827318169
P01,shape_sorter_observation,1,shape_sorter_observation_s1_62.000,62.0,64.0,ICA,valence__face__gnb__10,21.228059275267395,4,0.4,18.239092504075728,1.5122407297413383
P01,stack,1,stack_s1_5.000,5.0,7.0,ICA,valence__face__gnb__10,25.169566237484432,5,0.5,20.60380401476931,2.7695736273196174
P01,stack,1,stack_s1_6.000,6.0,8.0,ICA,valence__face__gnb__10,21.89713986767849,6,0.6,12.420734980738224,7.464945612185437
P01,stack,1,stack_s1_7.000,7.0,9.0,ICA,valence__face__gnb__10,14.121044146909414,4,0.4,11.88017201687366,1.6359499406026687
P01,stack,1,stack_s1_8.000,8.0,10.0,ICA,valence__face__gnb__10,13.435495858442126,4,0.4,11.630584070061206,1.1673303987536903
P01,stack,1,stack_s1_9.000,9.0,11.0,ICA,valence__face__gnb__10,13.128146306234852,5,0.5,11.66874057726949,1.6978508620827817
P01,stack,1,stack_s1_10.000,10.0,12.0,ICA,valence__face__gnb__10,12.950784340781468,5,0.5,11.158344636574315,1.3633198841834726
P01,stack,1,stack_s1_11.000,11.0,13.0,ICA,valence__face__gnb__10,13.206529445093578,5,0.5,11.031092971877687,1.2711710490572763
P01,stack,1,stack_s1_12.000,12.0,14.0,ICA,valence__face__gnb__10,13.159837406551045,5,0.5,10.690811945559599,1.6796959368636917
P01,stack,1,stack_s1_13.000,13.0,15.0,ICA,valence__face__gnb__10,13.257291692548815,3,0.3,8.51269942967686,2.4112049283821673
P01,stack,1,stack_s1_14.000,14.0,16.0,ICA,valence__face__gnb__10,13.314460321181498,3,0.3,9.98479138435501,0.4096189257470391
P01,stack,1,stack_s1_15.000,15.0,17.0,ICA,valence__face__gnb__10,13.306905990962868,4,0.4,9.552077059502619,1.5563886896237396
P01,stack,1,stack_s1_16.000,16.0,18.0,ICA,valence__face__gnb__10,12.81558245300937,3,0.3,9.548189945459555,1.3465603419483523
P01,stack,1,stack_s1_17.000,17.0,19.0,ICA,valence__face__gnb__10,12.939684358819274,4,0.4,8.754852190399328,3.0617694692266473
P01,stack,1,stack_s1_18.000,18.0,20.0,ICA,valence__face__gnb__10,12.148799375089643,6,0.6,10.164600646173778,3.0992121197436306
P01,stack,1,stack_s1_19.000,19.0,21.0,ICA,valence__face__gnb__10,10.091388664334218,5,0.5,7.156920774957823,3.9574688451040863
P01,stack,1,stack_s1_20.000,20.0,22.0,ICA,valence__face__gnb__10,9.00378402592542,4,0.4,5.9847369568897335,4.234586165100003
P01,stack,1,stack_s1_21.000,21.0,23.0,ICA,valence__face__gnb__10,9.481429335923043,4,0.4,9.858767762071592,1.9321113966413441
P01,stack,1,stack_s1_22.000,22.0,24.0,ICA,valence__face__gnb__10,7.014454140429014,4,0.4,8.250191818606067,2.84088768723937
P01,stack,1,stack_s1_23.000,23.0,25.0,ICA,valence__face__gnb__10,8.314639971192728,6,0.6,6.33714202389662,3.1150540821026302
P01,stack,1,stack_s1_24.000,24.0,26.0,ICA,valence__face__gnb__10,8.476388504994159,5,0.5,6.2930344823343916,2.693491902563689
P01,stack,1,stack_s1_25.000,25.0,27.0,ICA,valence__face__gnb__10,8.083956279019207,4,0.4,7.648668752628896,2.2490148930504232
P01,stack,1,stack_s1_26.000,26.0,28.0,ICA,valence__face__gnb__10,46.3900019979561,7,0.7,39.31073622599851,7.012087439356858
P01,stack,1,stack_s1_27.000,27.0,29.0,ICA,valence__face__gnb__10,70.84358637884037,7,0.7,48.66906958358656,9.847088764126422
P01,stack,1,stack_s1_28.000,28.0,30.0,ICA,valence__face__gnb__10,54.28179214151679,6,0.6,41.16969034652804,6.68962469108128
P01,stack,1,stack_s1_29.000,29.0,31.0,ICA,valence__face__gnb__10,31.26655807499813,5,0.5,23.556715063886962,4.263126211595266
P01,stack,1,stack_s1_30.000,30.0,32.0,ICA,valence__face__gnb__10,11.842610180289576,3,0.3,9.617025455282755,0.5894699805290325
P01,stack,1,stack_s1_31.000,31.0,33.0,ICA,valence__face__gnb__10,12.535109311570563,3,0.3,10.082689048079047,1.1167464615281064
P01,stack,1,stack_s1_32.000,32.0,34.0,ICA,valence__face__gnb__10,13.752139591128302,3,0.3,11.028380923292389,0.5009996767959101
P01,stack,1,stack_s1_33.000,33.0,35.0,ICA,valence__face__gnb__10,13.57332252532509,4,0.4,9.772803377816702,2.476311245430105
P01,stack,1,stack_s1_34.000,34.0,36.0,ICA,valence__face__gnb__10,12.903021128402877,6,0.6,9.323692598108934,2.841806361291504
P01,stack,1,stack_s1_35.000,35.0,37.0,ICA,valence__face__gnb__10,13.62735537294298,3,0.3,9.955552959434225,1.9793412022712684
P01,stack,1,stack_s1_36.000,36.0,38.0,ICA,valence__face__gnb__10,12.065099209086128,5,0.5,8.363362854294982,3.0833541222948746
P01,stack,1,stack_s1_37.000,37.0,39.0,ICA,valence__face__gnb__10,9.888393117054108,5,0.5,8.498547880150126,1.9017530298397582
P01,stack,1,stack_s1_38.000,38.0,40.0,ICA,valence__face__gnb__10,9.242646360915323,4,0.4,6.681218082187634,2.043885087446941
P01,stack,1,stack_s1_39.000,39.0,41.0,ICA,valence__face__gnb__10,9.373978403809648,4,0.4,6.113941815619351,1.6505539157508033
P01,stack,1,stack_s1_40.000,40.0,42.0,ICA,valence__face__gnb__10,8.667085789142318,4,0.4,6.358821052792316,1.3884143479346025
P01,stack,1,stack_s1_41.000,41.0,43.0,ICA,valence__face__gnb__10,8.765926857937687,4,0.4,6.151284914679744,2.106328403016221
P01,stack,1,stack_s1_42.000,42.0,44.0,ICA,valence__face__gnb__10,11.32469545996067,5,0.5,7.574707788443858,2.7866416884752683
P01,stack,1,stack_s1_43.000,43.0,45.0,ICA,valence__face__gnb__10,11.894063065069954,2,0.2,9.871469762933629,1.6055691550921138
P01,stack,1,stack_s1_44.000,44.0,46.0,ICA,valence__face__gnb__10,11.294015246875952,3,0.3,9.288230798554938,1.2504359819163067
P01,stack,1,stack_s1_45.000,45.0,47.0,ICA,valence__face__gnb__10,11.157519155295722,3,0.3,9.240389468234842,1.0191801267604057
P01,stack,1,stack_s1_46.000,46.0,48.0,ICA,valence__face__gnb__10,10.521199231640614,3,0.3,8.637689618432766,1.0694340942687308
P01,stack,1,stack_s1_47.000,47.0,49.0,ICA,valence__face__gnb__10,10.318130246115288,3,0.3,7.646329759180017,1.6928121162319565
P01,stack,1,stack_s1_48.000,48.0,50.0,ICA,valence__face__gnb__10,10.83028297922432,3,0.3,7.762803709749558,2.2443865738782582
P01,stack,1,stack_s1_49.000,49.0,51.0,ICA,valence__face__gnb__10,10.900359478836036,3,0.3,7.712723402032076,1.995009514691254
P01,stack,1,stack_s1_50.000,50.0,52.0,ICA,valence__face__gnb__10,10.099219654272494,4,0.4,6.763622839600196,2.235380018974185
P01,stack,1,stack_s1_51.000,51.0,53.0,ICA,valence__face__gnb__10,8.54838895392932,4,0.4,5.770474038991678,2.39891598952162
P01,stack,1,stack_s1_52.000,52.0,54.0,ICA,valence__face__gnb__10,9.58444353235318,4,0.4,6.185392668139392,2.84457243526003
P01,stack,1,stack_s1_53.000,53.0,55.0,ICA,valence__face__gnb__10,10.537321187003503,4,0.4,7.280205527337492,1.8859870058598216
P01,stack,1,stack_s1_54.000,54.0,56.0,ICA,valence__face__gnb__10,9.913679441000069,4,0.4,7.231524768431183,0.6967791359874439
P01,stack,1,stack_s1_55.000,55.0,57.0,ICA,valence__face__gnb__10,9.749170742037816,4,0.4,7.4273768406161915,0.9179597151190442
P01,stack,1,stack_s1_56.000,56.0,58.0,ICA,valence__face__gnb__10,11.450775170384132,3,0.3,8.385863910410709,1.9665329696366634
P01,stack,1,stack_s1_57.000,57.0,59.0,ICA,valence__face__gnb__10,11.353331386663125,2,0.2,8.709828814330308,1.1986838537887365
P01,stack,1,stack_s1_58.000,58.0,60.0,ICA,valence__face__gnb__10,10.328052251386586,3,0.3,7.943737937258484,0.671110886032011
P01,stack,1,stack_s1_59.000,59.0,61.0,ICA,valence__face__gnb__10,10.843836863522215,3,0.3,8.119670423011499,0.49188953255489365
P01,stack,1,stack_s1_60.000,60.0,62.0,ICA,valence__face__gnb__10,10.80360207028099,2,0.2,8.849814451601485,0.8697646145793791
P01,stack,1,stack_s1_61.000,61.0,63.0,ICA,valence__face__gnb__10,9.959770722222975,2,0.2,8.631413305917814,0.7872939789907953
P01,stack,1,stack_s1_62.000,62.0,64.0,ICA,valence__face__gnb__10,9.18449109817911,2,0.2,7.913468284789404,0.5446178269573165
P01,stack,1,stack_s1_63.000,63.0,65.0,ICA,valence__face__gnb__10,10.810570446524478,2,0.2,8.732480338995625,1.6738871360099372
P01,stack,1,stack_s1_64.000,64.0,66.0,ICA,valence__face__gnb__10,12.167394648943526,3,0.3,10.30927860554426,1.8249441640938775
P01,stack,1,stack_s1_65.000,65.0,67.0,ICA,valence__face__gnb__10,14.622844702078737,5,0.5,11.488303385880803,3.14606887225936
P01,stack,1,stack_s1_66.000,66.0,68.0,ICA,valence__face__gnb__10,19.769476802770054,4,0.4,16.788699714976364,3.365283309373405
P01,stack,1,stack_s1_67.000,67.0,69.0,ICA,valence__face__gnb__10,26.553089696000878,7,0.7,20.19953600110113,6.01175528723482
P01,stack,1,stack_s1_68.000,68.0,70.0,ICA,valence__face__gnb__10,13.481420336713407,5,0.5,12.044174473217806,4.5343120888398545
P01,sisyphus,1,sisyphus_s1_6.000,6.0,8.0,ICA,valence__face__gnb__10,20.407388971164224,6,0.6,14.339191087944226,4.825668005392831
P01,sisyphus,1,sisyphus_s1_7.000,7.0,9.0,ICA,valence__face__gnb__10,18.301687884968207,7,0.7,13.060374224921036,3.9695026519197767
P01,sisyphus,1,sisyphus_s1_8.000,8.0,10.0,ICA,valence__face__gnb__10,13.82354473187981,5,0.5,8.744254554657157,3.6792425031104337
P01,sisyphus,1,sisyphus_s1_9.000,9.0,11.0,ICA,valence__face__gnb__10,9.949557631375036,4,0.4,6.757383255568071,3.414470035020792
P01,sisyphus,1,sisyphus_s1_10.000,10.0,12.0,ICA,valence__face__gnb__10,10.004917141679062,3,0.3,9.493874758098114,2.5582420201295726
P01,sisyphus,1,sisyphus_s1_11.000,11.0,13.0,ICA,valence__face__gnb__10,13.904254414928767,5,0.5,11.626177845598143,3.99793349575375
P01,sisyphus,1,sisyphus_s1_12.000,12.0,14.0,ICA,valence__face__gnb__10,13.33240320562907,4,0.4,14.336885524453377,3.2315351319272168
P01,sisyphus,1,sisyphus_s1_13.000,13.0,15.0,ICA,valence__face__gnb__10,12.410383379293172,6,0.6,12.07318215562739,4.055140085133636
P01,sisyphus,1,sisyphus_s1_14.000,14.0,16.0,ICA,valence__face__gnb__10,7.604521376866865,4,0.4,7.036372096165844,2.6562124393649977
P01,sisyphus,1,sisyphus_s1_15.000,15.0,17.0,ICA,valence__face__gnb__10,8.468308106179686,5,0.5,8.846630174640495,2.9484697307955487
P01,sisyphus,1,sisyphus_s1_16.000,16.0,18.0,ICA,valence__face__gnb__10,10.825823062281387,3,0.3,12.237310399036563,2.4633181085502738
P01,sisyphus,1,sisyphus_s1_17.000,17.0,19.0,ICA,valence__face__gnb__10,7.834168633700361,3,0.3,9.911370784873109,2.809851294599713
P01,sisyphus,1,sisyphus_s1_18.000,18.0,20.0,ICA,valence__face__gnb__10,10.205227958525597,5,0.5,9.309793964840935,3.721933970170934
P01,sisyphus,1,sisyphus_s1_19.000,19.0,21.0,ICA,valence__face__gnb__10,10.01476106801644,5,0.5,9.295884681660361,3.9454380834422684
P01,sisyphus,1,sisyphus_s1_20.000,20.0,22.0,ICA,valence__face__gnb__10,9.908918718566175,6,0.6,9.355486570970061,3.6808747360727376
P01,sisyphus,1,sisyphus_s1_21.000,21.0,23.0,ICA,valence__face__gnb__10,14.277399272092474,4,0.4,12.21453093244502,3.9608954234587745
P01,sisyphus,1,sisyphus_s1_22.000,22.0,24.0,ICA,valence__face__gnb__10,9.532964640196813,4,0.4,8.925501219666174,1.8745636438895406
P01,sisyphus,1,sisyphus_s1_23.000,23.0,25.0,ICA,valence__face__gnb__10,9.453439349102698,4,0.4,9.235600123946352,1.1351055137418826
P01,sisyphus,1,sisyphus_s1_24.000,24.0,26.0,ICA,valence__face__gnb__10,9.824532846251056,3,0.3,9.732986453250648,1.173254950842524
P01,sisyphus,1,sisyphus_s1_25.000,25.0,27.0,ICA,valence__face__gnb__10,10.260047354591041,3,0.3,10.109514866188514,1.2496209414760078
P01,sisyphus,1,sisyphus_s1_26.000,26.0,28.0,ICA,valence__face__gnb__10,10.449843022702476,4,0.4,10.090205337883928,1.4278960869773567
P01,sisyphus,1,sisyphus_s1_27.000,27.0,29.0,ICA,valence__face__gnb__10,9.118554887389665,4,0.4,9.721643173297904,1.7373597285151008
P01,sisyphus,1,sisyphus_s1_28.000,28.0,30.0,ICA,valence__face__gnb__10,9.031703345550545,3,0.3,9.17947326366521,1.9726485453054803
P01,sisyphus,1,sisyphus_s1_29.000,29.0,31.0,ICA,valence__face__gnb__10,9.189361102881614,3,0.3,8.887435027811142,1.6536498180254129
P01,sisyphus,1,sisyphus_s1_30.000,30.0,32.0,ICA,valence__face__gnb__10,9.913801394521423,5,0.5,9.099793650516242,2.1218636405919895
P01,sisyphus,1,sisyphus_s1_31.000,31.0,33.0,ICA,valence__face__gnb__10,11.24443345890371,6,0.6,9.899181409313757,3.551253386339992
P01,sisyphus,1,sisyphus_s1_32.000,32.0,34.0,ICA,valence__face__gnb__10,24.756179033486575,6,0.6,17.407565882959975,5.907033851087398
P01,sisyphus,1,sisyphus_s1_33.000,33.0,35.0,ICA,valence__face__gnb__10,24.809551875294193,5,0.5,16.82569061279394,4.209503067192599
P01,sisyphus,1,sisyphus_s1_34.000,34.0,36.0,ICA,valence__face__gnb__10,22.730646818239027,6,0.6,18.315882208556552,5.382606457338001
P01,sisyphus,1,sisyphus_s1_35.000,35.0,37.0,ICA,valence__face__gnb__10,8.135436450698302,4,0.4,8.98493783136845,3.206400695795275
P01,sisyphus,1,sisyphus_s1_36.000,36.0,38.0,ICA,valence__face__gnb__10,9.98751011267828,6,0.6,10.748779979265809,3.850679537754641
P01,sisyphus,1,sisyphus_s1_37.000,37.0,39.0,ICA,valence__face__gnb__10,13.58547980116502,5,0.5,11.116930442781094,2.887368043120235
P01,sisyphus,1,sisyphus_s1_38.000,38.0,40.0,ICA,valence__face__gnb__10,9.612560813094552,5,0.5,6.326076205290189,2.963631605663874
P01,sisyphus,1,sisyphus_s1_39.000,39.0,41.0,ICA,valence__face__gnb__10,6.615440064753616,5,0.5,7.058622834740403,2.587910958178796
P01,sisyphus,1,sisyphus_s1_40.000,40.0,42.0,ICA,valence__face__gnb__10,8.888184471191902,4,0.4,8.269088755132932,1.5440943738913557
P01,sisyphus,1,sisyphus_s1_41.000,41.0,43.0,ICA,valence__face__gnb__10,7.561813616402606,4,0.4,6.718108103428825,0.7645343237397697
P01,sisyphus,1,sisyphus_s1_42.000,42.0,44.0,ICA,valence__face__gnb__10,5.833158707103559,3,0.3,5.484898813590346,1.2497512098099461
P01,sisyphus,1,sisyphus_s1_43.000,43.0,45.0,ICA,valence__face__gnb__10,6.80072732527863,3,0.3,7.188503925399155,1.9323546804023715
P01,sisyphus,1,sisyphus_s1_44.000,44.0,46.0,ICA,valence__face__gnb__10,8.312874894124386,3,0.3,7.9097701002773695,3.208290085735171
P01,sisyphus,1,sisyphus_s1_45.000,45.0,47.0,ICA,valence__face__gnb__10,7.495663537395573,5,0.5,7.2866801601028115,3.6535578695959012
P01,sisyphus,1,sisyphus_s1_46.000,46.0,48.0,ICA,valence__face__gnb__10,10.777182772504673,5,0.5,10.95625467824494,3.7160175168808736
P01,sisyphus,1,sisyphus_s1_47.000,47.0,49.0,ICA,valence__face__gnb__10,6.468965479425122,4,0.4,6.89794391318183,1.9192318535524389
P01,sisyphus,1,sisyphus_s1_48.000,48.0,50.0,ICA,valence__face__gnb__10,3.628555181299667,1,0.1,4.2200453874347446,2.5611918886756317
P01,sisyphus,1,sisyphus_s1_49.000,49.0,51.0,ICA,valence__face__gnb__10,3.967986845533256,0,0.0,3.112828223315956,1.4111954822222346
P01,sisyphus,1,sisyphus_s1_50.000,50.0,52.0,ICA,valence__face__gnb__10,3.4910260916911238,0,0.0,3.5672709891387804,1.4570776101793355
P01,sisyphus,1,sisyphus_s1_51.000,51.0,53.0,ICA,valence__face__gnb__10,4.842469639576366,1,0.1,4.525480196211146,0.7694065329443329
P01,sisyphus,1,sisyphus_s1_52.000,52.0,54.0,ICA,valence__face__gnb__10,5.73122466441865,2,0.2,5.895575189921039,0.8001439888418569
P01,shape_sorter_interaction,1,shape_sorter_interaction_s1_9.000,9.0,11.0,ICA,valence__face__gnb__10,13.433529023740022,4,0.4,9.724128783703376,1.0045708953752137
P01,shape_sorter_interaction,1,shape_sorter_interaction_s1_10.000,10.0,12.0,ICA,valence__face__gnb__10,15.559025257851895,4,0.4,9.235347066782557,3.161758352504813
P01,shape_sorter_interaction,1,shape_sorter_interaction_s1_11.000,11.0,13.0,ICA,valence__face__gnb__10,14.806183845703838,6,0.6,9.033821047545475,4.226939990995571
P01,shape_sorter_interaction,1,shape_sorter_interaction_s1_12.000,12.0,14.0,ICA,valence__face__gnb__10,10.933197277297152,3,0.3,9.524035565794678,1.860372470922023
P01,shape_sorter_interaction,1,shape_sorter_interaction_s1_13.000,13.0,15.0,ICA,valence__face__gnb__10,9.484795968467825,5,0.5,9.550716403294285,3.7108845024153463
P01,shape_sorter_interaction,1,shape_sorter_interaction_s1_14.000,14.0,16.0,ICA,valence__face__gnb__10,9.948884798358339,5,0.5,9.82197063613129,3.7779354551946076
P01,shape_sorter_interaction,1,shape_sorter_interaction_s1_15.000,15.0,17.0,ICA,valence__face__gnb__10,8.901132557422875,4,0.4,9.06203852192129,3.436820129660264
P01,shape_sorter_interaction,1,shape_sorter_interaction_s1_16.000,16.0,18.0,ICA,valence__face__gnb__10,9.096300297921504,5,0.5,8.831737844142125,2.4924108137342884
P01,shape_sorter_interaction,1,shape_sorter_interaction_s1_17.000,17.0,19.0,ICA,valence__face__gnb__10,9.4079755071159,5,0.5,9.056762469511119,1.344759739705205
P01,shape_sorter_interaction,1,shape_sorter_interaction_s1_18.000,18.0,20.0,ICA,valence__face__gnb__10,9.288779204134437,4,0.4,8.6393302503519,1.36733949566382
P01,shape_sorter_interaction,1,shape_sorter_interaction_s1_19.000,19.0,21.0,ICA,valence__face__gnb__10,9.389552058087801,4,0.4,8.371934951011642,1.3499810521665925
P01,shape_sorter_interaction,1,shape_sorter_interaction_s1_20.000,20.0,22.0,ICA,valence__face__gnb__10,8.603986811868971,4,0.4,8.530760810987106,1.5582304794415633
P01,shape_sorter_interaction,1,shape_sorter_interaction_s1_21.000,21.0,23.0,ICA,valence__face__gnb__10,8.444041591410246,5,0.5,8.444745392406585,2.823880760885924
P01,shape_sorter_interaction,1,shape_sorter_interaction_s1_22.000,22.0,24.0,ICA,valence__face__gnb__10,9.190198364592755,4,0.4,8.843868124754696,2.342036398805022
P01,shape_sorter_interaction,1,shape_sorter_interaction_s1_23.000,23.0,25.0,ICA,valence__face__gnb__10,8.90548134928885,4,0.4,8.793118338787568,1.4370259082578012
P01,shape_sorter_interaction,1,shape_sorter_interaction_s1_24.000,24.0,26.0,ICA,valence__face__gnb__10,7.904541094097872,4,0.4,8.246172307723791,1.23900188066983
P01,shape_sorter_interaction,1,shape_sorter_interaction_s1_25.000,25.0,27.0,ICA,valence__face__gnb__10,9.734912582579106,6,0.6,9.211280868637239,4.352225711508317
P01,shape_sorter_interaction,1,shape_sorter_interaction_s1_26.000,26.0,28.0,ICA,valence__face__gnb__10,10.077984492293,5,0.5,9.933570506369074,4.048109530989493
P01,shape_sorter_interaction,1,shape_sorter_interaction_s1_27.000,27.0,29.0,ICA,valence__face__gnb__10,8.175881063920437,6,0.6,9.05488931037135,3.272629816708214
P01,shape_sorter_interaction,1,shape_sorter_interaction_s1_28.000,28.0,30.0,ICA,valence__face__gnb__10,8.399198393818475,5,0.5,8.278063953267765,2.387164756218113
P01,shape_sorter_interaction,1,shape_sorter_interaction_s1_29.000,29.0,31.0,ICA,valence__face__gnb__10,8.116480321171924,4,0.4,8.762256200578536,1.3054908938460486
P01,shape_sorter_interaction,1,shape_sorter_interaction_s1_30.000,30.0,32.0,ICA,valence__face__gnb__10,7.776982559866148,4,0.4,8.319710837445614,1.2212960013590184
P01,shape_sorter_interaction,1,shape_sorter_interaction_s1_31.000,31.0,33.0,ICA,valence__face__gnb__10,7.526863504676155,4,0.4,7.61585186805059,1.2889806812861562
P01,shape_sorter_interaction,1,shape_sorter_interaction_s1_32.000,32.0,34.0,ICA,valence__face__gnb__10,8.657594920768467,4,0.4,8.359458391521743,0.9019421538058283
P01,shape_sorter_interaction,1,shape_sorter_interaction_s1_33.000,33.0,35.0,ICA,valence__face__gnb__10,9.254332458885003,4,0.4,8.572246761501,2.2009312828044343
P01,shape_sorter_interaction,1,shape_sorter_interaction_s1_34.000,34.0,36.0,ICA,valence__face__gnb__10,9.29854775556952,5,0.5,8.74050900734564,2.0217619303417624
P01,shape_sorter_interaction,1,shape_sorter_interaction_s1_35.000,35.0,37.0,ICA,valence__face__gnb__10,9.190223677970078,5,0.5,9.037034351438118,1.8854662620184355
P01,shape_sorter_interaction,1,shape_sorter_interaction_s1_36.000,36.0,38.0,ICA,valence__face__gnb__10,8.318646383871382,4,0.4,8.782564608922765,1.8317681061124038
P01,shape_sorter_interaction,1,shape_sorter_interaction_s1_37.000,37.0,39.0,ICA,valence__face__gnb__10,7.6101180097237915,4,0.4,8.103225364991737,0.8653112089153471
P01,shape_sorter_interaction,1,shape_sorter_interaction_s1_38.000,38.0,40.0,ICA,valence__face__gnb__10,7.626337381722015,4,0.4,7.588077854461974,0.6892492943590871
P01,shape_sorter_interaction,1,shape_sorter_interaction_s1_39.000,39.0,41.0,ICA,valence__face__gnb__10,7.93484074650806,4,0.4,7.454681298755426,0.877796817379491
P01,shape_sorter_interaction,1,shape_sorter_interaction_s1_40.000,40.0,42.0,ICA,valence__face__gnb__10,8.11284544020412,4,0.4,7.580713378098883,1.1435866266952834
P01,shape_sorter_interaction,1,shape_sorter_interaction_s1_41.000,41.0,43.0,ICA,valence__face__gnb__10,8.127984361300127,4,0.4,8.396980648995948,3.08363636684731
P01,shape_sorter_interaction,1,shape_sorter_interaction_s1_42.000,42.0,44.0,ICA,valence__face__gnb__10,11.592961719919668,6,0.6,9.87035135563777,4.6476516785475095
P01,shape_sorter_interaction,1,shape_sorter_interaction_s1_43.000,43.0,45.0,ICA,valence__face__gnb__10,13.83420275875455,4,0.4,13.565328898033489,1.943797206796626
P01,shape_sorter_interaction,1,shape_sorter_interaction_s1_44.000,44.0,46.0,ICA,valence__face__gnb__10,10.426845078615491,6,0.6,9.121747025075475,3.720268765761028
P01,shape_sorter_interaction,1,shape_sorter_interaction_s1_45.000,45.0,47.0,ICA,valence__face__gnb__10,7.111677011457131,5,0.5,7.444967636041513,3.057505120402861
P01,shape_sorter_interaction,1,shape_sorter_interaction_s1_46.000,46.0,48.0,ICA,valence__face__gnb__10,6.211654500856933,4,0.4,6.622159159280754,3.1446490052554212
P01,shape_sorter_interaction,1,shape_sorter_interaction_s1_47.000,47.0,49.0,ICA,valence__face__gnb__10,5.442497715287586,4,0.4,6.087380879133995,2.412463330404244
P01,shape_sorter_interaction,1,shape_sorter_interaction_s1_48.000,48.0,50.0,ICA,valence__face__gnb__10,5.8812438216762315,4,0.4,7.039505944457607,1.7191881901217418
P01,shape_sorter_interaction,1,shape_sorter_interaction_s1_49.000,49.0,51.0,ICA,valence__face__gnb__10,7.843341195817578,4,0.4,7.6646871435164625,1.171238442965317
P01,shape_sorter_interaction,1,shape_sorter_interaction_s1_50.000,50.0,52.0,ICA,valence__face__gnb__10,8.110978791740388,6,0.6,7.507777728539313,1.1519563621388642
P01,shape_sorter_interaction,1,shape_sorter_interaction_s1_51.000,51.0,53.0,ICA,valence__face__gnb__10,8.410006507627003,4,0.4,8.618931225370822,1.1973881424848414
P01,shape_sorter_interaction,1,shape_sorter_interaction_s1_52.000,52.0,54.0,ICA,valence__face__gnb__10,9.115307431495582,4,0.4,9.20910001412103,1.1087684621240939
P01,shape_sorter_interaction,1,shape_sorter_interaction_s1_53.000,53.0,55.0,ICA,valence__face__gnb__10,7.12358657608238,4,0.4,8.380186164714749,2.846693396757198
P01,shape_sorter_interaction,1,shape_sorter_interaction_s1_54.000,54.0,56.0,ICA,valence__face__gnb__10,7.320950568088781,4,0.4,7.7171233025721735,2.8631194834177007
P01,shape_sorter_interaction,1,shape_sorter_interaction_s1_55.000,55.0,57.0,ICA,valence__face__gnb__10,9.148015769820027,4,0.4,8.5127541602489,2.119472906654404
P01,shape_sorter_interaction,1,shape_sorter_interaction_s1_56.000,56.0,58.0,ICA,valence__face__gnb__10,10.417819546897952,4,0.4,10.154240507063733,1.565559183041513
P01,shape_sorter_interaction,1,shape_sorter_interaction_s1_57.000,57.0,59.0,ICA,valence__face__gnb__10,11.163187640496968,3,0.3,10.836854603864184,0.7401600990615987
P01,shape_sorter_interaction,1,shape_sorter_interaction_s1_58.000,58.0,60.0,ICA,valence__face__gnb__10,11.991504753916223,3,0.3,11.355960654913726,1.3016755073262822
P01,shape_sorter_interaction,1,shape_sorter_interaction_s1_59.000,59.0,61.0,ICA,valence__face__gnb__10,13.442512406563164,6,0.6,11.103688788661904,4.103923933967023
P01,shape_sorter_interaction,1,shape_sorter_interaction_s1_60.000,60.0,62.0,ICA,valence__face__gnb__10,13.493364002508168,4,0.4,13.615237952882621,1.3865238849306825
P01,shape_sorter_interaction,1,shape_sorter_interaction_s1_61.000,61.0,63.0,ICA,valence__face__gnb__10,9.748367326338169,7,0.7,8.618318061263212,3.7021581407918656
P01,shape_sorter_interaction,1,shape_sorter_interaction_s1_62.000,62.0,64.0,ICA,valence__face__gnb__10,5.54023969371418,5,0.5,6.526615194835192,2.5654275911596756
P01,shape_sorter_interaction,1,shape_sorter_interaction_s1_63.000,63.0,65.0,ICA,valence__face__gnb__10,5.463556618200647,4,0.4,6.9829338133771754,2.3313247371208363
P01,shape_sorter_interaction,1,shape_sorter_interaction_s1_64.000,64.0,66.0,ICA,valence__face__gnb__10,5.026041168864446,4,0.4,5.403294193682789,1.4206569527632675
P01,shape_sorter_interaction,1,shape_sorter_interaction_s1_65.000,65.0,67.0,ICA,valence__face__gnb__10,5.740108306084107,4,0.4,5.956492657681718,1.8102038739234827
P01,shape_sorter_interaction,1,shape_sorter_interaction_s1_66.000,66.0,68.0,ICA,valence__face__gnb__10,6.463693256356116,4,0.4,6.218602355211966,1.395083918705621
P01,shape_sorter_interaction,1,shape_sorter_interaction_s1_67.000,67.0,69.0,ICA,valence__face__gnb__10,6.363737553657445,4,0.4,5.975049636602347,1.405163468041768
P01,shape_sorter_interaction,1,shape_sorter_interaction_s1_68.000,68.0,70.0,ICA,valence__face__gnb__10,6.899555712406405,4,0.4,6.511043121982757,1.4200074941031589
P01,shape_sorter_interaction,1,shape_sorter_interaction_s1_69.000,69.0,71.0,ICA,valence__face__gnb__10,7.952829862058306,5,0.5,7.338887426391611,1.5406876713905537
P01,shape_sorter_interaction,1,shape_sorter_interaction_s1_70.000,70.0,72.0,ICA,valence__face__gnb__10,7.631535859083572,5,0.5,7.4388282825065515,1.5547637368953215
P01,shape_sorter_interaction,1,shape_sorter_interaction_s1_71.000,71.0,73.0,ICA,valence__face__gnb__10,5.115553048419431,4,0.4,5.7844249658470215,1.9645235225545417
P01,shape_sorter_interaction,1,shape_sorter_interaction_s1_72.000,72.0,74.0,ICA,valence__face__gnb__10,5.566231679105951,4,0.4,6.030647057654182,2.0557916556706863
P01,shape_sorter_interaction,1,shape_sorter_interaction_s1_73.000,73.0,75.0,ICA,valence__face__gnb__10,8.926799582103374,4,0.4,8.05225424667229,1.8203548505835476
P01,shape_sorter_interaction,1,shape_sorter_interaction_s1_74.000,74.0,76.0,ICA,valence__face__gnb__10,9.646268291204976,4,0.4,8.958317775236921,0.955316768366412
P01,shape_sorter_interaction,1,shape_sorter_interaction_s1_75.000,75.0,77.0,ICA,valence__face__gnb__10,9.791150145783925,3,0.3,8.598407742193432,1.5929589137308897
P01,shape_sorter_interaction,1,shape_sorter_interaction_s1_76.000,76.0,78.0,ICA,valence__face__gnb__10,11.464793936115731,5,0.5,8.896784012541058,3.1922125674163464
P01,shape_sorter_interaction,1,shape_sorter_interaction_s1_77.000,77.0,79.0,ICA,valence__face__gnb__10,13.212871994993856,6,0.6,11.375048965626405,4.28746455757877
P01,shape_sorter_interaction,1,shape_sorter_interaction_s1_78.000,78.0,80.0,ICA,valence__face__gnb__10,10.756434472393636,7,0.7,9.831787879755746,4.0865121685364585
P01,shape_sorter_interaction,1,shape_sorter_interaction_s1_79.000,79.0,81.0,ICA,valence__face__gnb__10,27.941735620643616,6,0.6,22.181717914473634,5.768695345463884
P01,shape_sorter_interaction,1,shape_sorter_interaction_s1_80.000,80.0,82.0,ICA,valence__face__gnb__10,22.43594546694213,4,0.4,18.978354494400357,2.1728151073807576
P01,shape_sorter_interaction,1,shape_sorter_interaction_s1_81.000,81.0,83.0,ICA,valence__face__gnb__10,24.559506556734643,7,0.7,15.907482987849018,6.817088273313736
P01,shape_sorter_interaction,1,shape_sorter_interaction_s1_82.000,82.0,84.0,ICA,valence__face__gnb__10,23.556180536339145,6,0.6,18.83406629634556,5.845262171665405
P01,shape_sorter_alone,1,shape_sorter_alone_s1_1.000,1.0,3.0,ICA,valence__face__gnb__10,9.59432320742887,5,0.5,10.3471538157002,4.349511871784019
P01,shape_sorter_alone,1,shape_sorter_alone_s1_2.000,2.0,4.0,ICA,valence__face__gnb__10,11.46134323478669,3,0.3,12.219405246258612,1.2637533819797713
P01,shape_sorter_alone,1,shape_sorter_alone_s1_3.000,3.0,5.0,ICA,valence__face__gnb__10,13.54137120867972,4,0.4,12.828918705693114,0.9335859856546361
P01,shape_sorter_alone,1,shape_sorter_alone_s1_4.000,4.0,6.0,ICA,valence__face__gnb__10,9.422670982391317,4,0.4,11.42153517172822,2.589968660896945
P01,shape_sorter_alone,1,shape_sorter_alone_s1_5.000,5.0,7.0,ICA,valence__face__gnb__10,10.83732800040996,5,0.5,12.32821981620101,3.6974058948459607
P01,shape_sorter_alone,1,shape_sorter_alone_s1_6.000,6.0,8.0,ICA,valence__face__gnb__10,14.286816607266326,4,0.4,13.734996927258003,2.7175934048407777
P01,shape_sorter_alone,1,shape_sorter_alone_s1_7.000,7.0,9.0,ICA,valence__face__gnb__10,12.546737373090206,4,0.4,12.415447799325575,1.7691511348767777
P01,shape_sorter_alone,1,shape_sorter_alone_s1_8.000,8.0,10.0,ICA,valence__face__gnb__10,11.752140312510734,4,0.4,11.846308283672858,1.823857123986165
P01,shape_sorter_alone,1,shape_sorter_alone_s1_9.000,9.0,11.0,ICA,valence__face__gnb__10,12.430189536083049,5,0.5,11.889830329164171,2.0151908767487035
P01,shape_sorter_alone,1,shape_sorter_alone_s1_10.000,10.0,12.0,ICA,valence__face__gnb__10,12.679620391543164,5,0.5,11.886871686609501,1.8934865852913931
P01,shape_sorter_alone,1,shape_sorter_alone_s1_11.000,11.0,13.0,ICA,valence__face__gnb__10,11.933220787525732,4,0.4,11.64659361814614,1.6348569802861235
P01,shape_sorter_alone,1,shape_sorter_alone_s1_12.000,12.0,14.0,ICA,valence__face__gnb__10,12.830927747579487,4,0.4,12.456926473671198,1.5102436547459266
P01,shape_sorter_alone,1,shape_sorter_alone_s1_13.000,13.0,15.0,ICA,valence__face__gnb__10,12.32343500288067,7,0.7,10.797652653067802,4.14396579374873
P01,shape_sorter_alone,1,shape_sorter_alone_s1_14.000,14.0,16.0,ICA,valence__face__gnb__10,10.02235489911777,5,0.5,8.322702096926822,3.231310125855531
P01,pick_place,1,pick_place_s1_8.000,8.0,10.0,ICA,arousal__face__svm__10,21.222646882034827,6,0.6,17.703811570767883,3.9090272696535395
P01,pick_place,1,pick_place_s1_9.000,9.0,11.0,ICA,arousal__face__svm__10,19.09203440086123,5,0.5,15.489186746917452,3.0871563878243906
P01,pick_place,1,pick_place_s1_10.000,10.0,12.0,ICA,arousal__face__svm__10,17.217273013695603,6,0.6,10.19113812662649,4.392980347269356
P01,pick_place,1,pick_place_s1_11.000,11.0,13.0,ICA,arousal__face__svm__10,15.258668158119885,5,0.5,10.291754552027019,4.296464670335478
P01,pick_place,1,pick_place_s1_12.000,12.0,14.0,ICA,arousal__face__svm__10,13.801534356620367,6,0.6,11.940712779157954,3.1234258557207863
P01,pick_place,1,pick_place_s1_13.000,13.0,15.0,ICA,arousal__face__svm__10,13.84881186374808,3,0.3,13.23836921252575,1.6833124625580367
P01,pick_place,1,pick_place_s1_14.000,14.0,16.0,ICA,arousal__face__svm__10,14.07837841140828,3,0.3,13.096255375955925,1.122800393688288
P01,pick_place,1,pick_place_s1_15.000,15.0,17.0,ICA,arousal__face__svm__10,13.730766169570167,3,0.3,12.90944504751893,0.8096053906792611
P01,pick_place,1,pick_place_s1_16.000,16.0,18.0,ICA,arousal__face__svm__10,13.837271405597965,5,0.5,11.013876541303508,3.3820586598576616
P01,pick_place,1,pick_place_s1_17.000,17.0,19.0,ICA,arousal__face__svm__10,14.06746367125753,5,0.5,11.215202150526418,3.7008578021264835
P01,pick_place,1,pick_place_s1_18.000,18.0,20.0,ICA,arousal__face__svm__10,13.704888291769416,5,0.5,11.940513968875072,3.404291787404599
P01,pick_place,1,pick_place_s1_19.000,19.0,21.0,ICA,arousal__face__svm__10,18.945035671322156,6,0.6,10.616826354593263,5.625676946011377
P01,pick_place,1,pick_place_s1_20.000,20.0,22.0,ICA,arousal__face__svm__10,20.37675030304785,4,0.4,17.225574450581576,2.4427991534599984
P01,pick_place,1,pick_place_s1_21.000,21.0,23.0,ICA,arousal__face__svm__10,18.95148842110873,5,0.5,14.675307165183883,3.1957489289542362
P01,pick_place,1,pick_place_s1_22.000,22.0,24.0,ICA,arousal__face__svm__10,17.5638813719703,5,0.5,13.08972890552294,2.7905794410342626
P01,pick_place,1,pick_place_s1_23.000,23.0,25.0,ICA,arousal__face__svm__10,16.135766532404862,3,0.3,12.708810212352027,2.0418284343434228
P01,pick_place,1,pick_place_s1_24.000,24.0,26.0,ICA,arousal__face__svm__10,14.140709447113235,3,0.3,11.006010996021363,1.0005292692618315
P01,pick_place,1,pick_place_s1_25.000,25.0,27.0,ICA,arousal__face__svm__10,14.270344071453447,3,0.3,11.372659555597693,1.2036620508498688
P01,pick_place,1,pick_place_s1_26.000,26.0,28.0,ICA,arousal__face__svm__10,15.080297843934229,3,0.3,12.445447324091788,1.3789926934856533
P01,pick_place,1,pick_place_s1_27.000,27.0,29.0,ICA,arousal__face__svm__10,14.653254924196673,2,0.2,10.914667781328067,1.6864115548662353
P01,pick_place,1,pick_place_s1_28.000,28.0,30.0,ICA,arousal__face__svm__10,12.835181365265319,3,0.3,9.840941518887302,0.964221957521397
P01,pick_place,1,pick_place_s1_29.000,29.0,31.0,ICA,arousal__face__svm__10,11.639726651790262,3,0.3,9.304061533641216,0.6246037145477441
P01,pick_place,1,pick_place_s1_30.000,30.0,32.0,ICA,arousal__face__svm__10,12.167431076910772,3,0.3,9.55688206757014,0.5875195183076098
P01,pick_place,1,pick_place_s1_31.000,31.0,33.0,ICA,arousal__face__svm__10,12.56260035005322,3,0.3,9.38454845662079,0.4446445157886023
P01,pick_place,1,pick_place_s1_32.000,32.0,34.0,ICA,arousal__face__svm__10,14.817421661508352,5,0.5,10.082359247063376,2.4044573140078827
P01,pick_place,1,pick_place_s1_33.000,33.0,35.0,ICA,arousal__face__svm__10,15.624281224580942,4,0.4,11.77354271810439,2.4371501081864033
P01,pick_place,1,pick_place_s1_34.000,34.0,36.0,ICA,arousal__face__svm__10,13.401825643884154,3,0.3,9.869741906709907,2.893851565598566
P01,pick_place,1,pick_place_s1_35.000,35.0,37.0,ICA,arousal__face__svm__10,12.182778090036187,4,0.4,9.276403545838644,2.4923959097736423
P01,pick_place,1,pick_place_s1_36.000,36.0,38.0,ICA,arousal__face__svm__10,12.041099340817656,3,0.3,9.376677969944156,0.7925337813415474
P01,pick_place,1,pick_place_s1_37.000,37.0,39.0,ICA,arousal__face__svm__10,11.547187562337221,3,0.3,9.141775672974562,1.5728780830429512
P01,pick_place,1,pick_place_s1_38.000,38.0,40.0,ICA,arousal__face__svm__10,12.877823065858985,3,0.3,9.61876404450789,2.045273154729773
P01,pick_place,1,pick_place_s1_39.000,39.0,41.0,ICA,arousal__face__svm__10,14.840083020249072,4,0.4,11.74023047025587,1.9922845964407092
P01,pick_place,1,pick_place_s1_40.000,40.0,42.0,ICA,arousal__face__svm__10,15.719022006075981,4,0.4,10.676625080400747,3.2472709070872483
P01,pick_place,1,pick_place_s1_41.000,41.0,43.0,ICA,arousal__face__svm__10,16.55855619497691,4,0.4,10.70163848461527,2.710967172910226
P01,pick_place,1,pick_place_s1_42.000,42.0,44.0,ICA,arousal__face__svm__10,17.77047193863858,4,0.4,12.747717761848204,1.1041777666313666
P01,shape_sorter_observation,1,shape_sorter_observation_s1_9.000,9.0,11.0,ICA,arousal__face__svm__10,26.542173647413772,5,0.5,19.562556401370657,3.474968723998436
P01,shape_sorter_observation,1,shape_sorter_observation_s1_10.000,10.0,12.0,ICA,arousal__face__svm__10,20.961983810719023,5,0.5,14.555757440825182,3.657442798805714
P01,shape_sorter_observation,1,shape_sorter_observation_s1_11.000,11.0,13.0,ICA,arousal__face__svm__10,18.149832884698693,4,0.4,12.161831313533702,2.633110170171639
P01,shape_sorter_observation,1,shape_sorter_observation_s1_12.000,12.0,14.0,ICA,arousal__face__svm__10,16.94079899180504,3,0.3,11.086728874602276,2.0785161327683475
P01,shape_sorter_observation,1,shape_sorter_observation_s1_13.000,13.0,15.0,ICA,arousal__face__svm__10,16.71019011800638,3,0.3,10.772901693097836,1.5595354919302475
P01,shape_sorter_observation,1,shape_sorter_observation_s1_14.000,14.0,16.0,ICA,arousal__face__svm__10,16.53989782972263,3,0.3,10.104202071552535,2.8237679226435226
P01,shape_sorter_observation,1,shape_sorter_observation_s1_15.000,15.0,17.0,ICA,arousal__face__svm__10,14.94298459741427,5,0.5,12.533339741169074,3.7491710681176573
P01,shape_sorter_observation,1,shape_sorter_observation_s1_16.000,16.0,18.0,ICA,arousal__face__svm__10,13.446830148729273,3,0.3,13.777126707758109,0.9566986909118225
P01,shape_sorter_observation,1,shape_sorter_observation_s1_17.000,17.0,19.0,ICA,arousal__face__svm__10,14.286388475342967,7,0.7,12.580910356059787,3.552621286192788
P01,shape_sorter_observation,1,shape_sorter_observation_s1_18.000,18.0,20.0,ICA,arousal__face__svm__10,14.371084307221116,6,0.6,10.885834812358453,3.9593216649461667
P01,shape_sorter_observation,1,shape_sorter_observation_s1_19.000,19.0,21.0,ICA,arousal__face__svm__10,13.631104657129413,6,0.6,8.867625519945017,4.160845797092364
P01,shape_sorter_observation,1,shape_sorter_observation_s1_20.000,20.0,22.0,ICA,arousal__face__svm__10,13.791110957795894,2,0.2,10.287686016884308,1.641344913843332
P01,shape_sorter_observation,1,shape_sorter_observation_s1_21.000,21.0,23.0,ICA,arousal__face__svm__10,13.180242702876512,3,0.3,9.508950333189494,1.0823066608905374
P01,shape_sorter_observation,1,shape_sorter_observation_s1_22.000,22.0,24.0,ICA,arousal__face__svm__10,13.034074765932967,3,0.3,9.695049842342662,0.9366248883134198
P01,shape_sorter_observation,1,shape_sorter_observation_s1_23.000,23.0,25.0,ICA,arousal__face__svm__10,13.484330700647893,3,0.3,9.205526603692427,2.7744146917728623
P01,shape_sorter_observation,1,shape_sorter_observation_s1_24.000,24.0,26.0,ICA,arousal__face__svm__10,13.99124153179462,5,0.5,8.928893107340375,3.3350311161295942
P01,shape_sorter_observation,1,shape_sorter_observation_s1_25.000,25.0,27.0,ICA,arousal__face__svm__10,15.327623440831335,5,0.5,10.23240303064508,3.368049245889865
P01,shape_sorter_observation,1,shape_sorter_observation_s1_26.000,26.0,28.0,ICA,arousal__face__svm__10,13.255158791170356,5,0.5,7.657318988668795,4.741388923396981
P01,shape_sorter_observation,1,shape_sorter_observation_s1_27.000,27.0,29.0,ICA,arousal__face__svm__10,10.147773368625382,4,0.4,10.286645631586802,1.0975442958606867
P01,shape_sorter_observation,1,shape_sorter_observation_s1_28.000,28.0,30.0,ICA,arousal__face__svm__10,10.169595955273815,4,0.4,9.885794518877344,1.3107494077344568
P01,shape_sorter_observation,1,shape_sorter_observation_s1_29.000,29.0,31.0,ICA,arousal__face__svm__10,9.94973654478189,4,0.4,9.466661651224873,1.200212185378666
P01,shape_sorter_observation,1,shape_sorter_observation_s1_30.000,30.0,32.0,ICA,arousal__face__svm__10,12.431382468395952,7,0.7,7.339103378314983,3.770801815216564
P01,shape_sorter_observation,1,shape_sorter_observation_s1_31.000,31.0,33.0,ICA,arousal__face__svm__10,15.018615306415418,5,0.5,9.911647693878619,3.6359179569777984
P01,shape_sorter_observation,1,shape_sorter_observation_s1_32.000,32.0,34.0,ICA,arousal__face__svm__10,13.733349695607247,3,0.3,10.014208261629166,2.266376847172445
P01,shape_sorter_observation,1,shape_sorter_observation_s1_33.000,33.0,35.0,ICA,arousal__face__svm__10,12.58668467476761,3,0.3,10.172603100731008,1.1147077274810484
P01,shape_sorter_observation,1,shape_sorter_observation_s1_34.000,34.0,36.0,ICA,arousal__face__svm__10,12.793223781144802,3,0.3,10.366875412125554,0.8871332616780697
P01,shape_sorter_observation,1,shape_sorter_observation_s1_35.000,35.0,37.0,ICA,arousal__face__svm__10,12.816713346540265,2,0.2,10.09831674967217,1.0123679476312497
P01,shape_sorter_observation,1,shape_sorter_observation_s1_36.000,36.0,38.0,ICA,arousal__face__svm__10,12.245141803717589,2,0.2,9.38358223092275,1.605291549513269
P01,shape_sorter_observation,1,shape_sorter_observation_s1_37.000,37.0,39.0,ICA,arousal__face__svm__10,9.976551614978828,3,0.3,7.784152780697492,2.048723127379147
P01,shape_sorter_observation,1,shape_sorter_observation_s1_38.000,38.0,40.0,ICA,arousal__face__svm__10,9.725848651249292,5,0.5,8.33869493115933,1.8346637995840887
P01,shape_sorter_observation,1,shape_sorter_observation_s1_39.000,39.0,41.0,ICA,arousal__face__svm__10,10.204688124657485,4,0.4,9.09683409722278,1.315782967743028
P01,shape_sorter_observation,1,shape_sorter_observation_s1_40.000,40.0,42.0,ICA,arousal__face__svm__10,10.740076776882592,5,0.5,7.864397285924664,2.991703573608355
P01,shape_sorter_observation,1,shape_sorter_observation_s1_41.000,41.0,43.0,ICA,arousal__face__svm__10,11.817423402211666,3,0.3,9.00417929064871,2.2727827790247472
P01,shape_sorter_observation,1,shape_sorter_observation_s1_42.000,42.0,44.0,ICA,arousal__face__svm__10,12.381081620224045,2,0.2,9.687856603681013,1.167739021897142
P01,shape_sorter_observation,1,shape_sorter_observation_s1_43.000,43.0,45.0,ICA,arousal__face__svm__10,12.893567517495367,2,0.2,10.119148818764565,1.0722177331326288
P01,shape_sorter_observation,1,shape_sorter_observation_s1_44.000,44.0,46.0,ICA,arousal__face__svm__10,12.131513040716058,2,0.2,9.548097438867153,0.7999670391162761
P01,shape_sorter_observation,1,shape_sorter_observation_s1_45.000,45.0,47.0,ICA,arousal__face__svm__10,11.08972904470139,3,0.3,8.800530304708204,1.5153972858777998
P01,shape_sorter_observation,1,shape_sorter_observation_s1_46.000,46.0,48.0,ICA,arousal__face__svm__10,10.466715708406193,3,0.3,8.695015580592111,0.8189272205656707
P01,shape_sorter_observation,1,shape_sorter_observation_s1_47.000,47.0,49.0,ICA,arousal__face__svm__10,9.945863732251745,3,0.3,8.213519761835869,0.8873346416813997
P01,shape_sorter_observation,1,shape_sorter_observation_s1_48.000,48.0,50.0,ICA,arousal__face__svm__10,8.821858855916991,3,0.3,7.207305509161773,0.3525622824316557
P01,shape_sorter_observation,1,shape_sorter_observation_s1_49.000,49.0,51.0,ICA,arousal__face__svm__10,8.154956084288491,3,0.3,6.521060881193326,0.6780399207727983
P01,shape_sorter_observation,1,shape_sorter_observation_s1_50.000,50.0,52.0,ICA,arousal__face__svm__10,8.012449542902107,3,0.3,5.682934779243389,0.6237400908523721
P01,shape_sorter_observation,1,shape_sorter_observation_s1_51.000,51.0,53.0,ICA,arousal__face__svm__10,8.150480429431484,4,0.4,6.404737108376784,0.7120826395340165
P01,shape_sorter_observation,1,shape_sorter_observation_s1_52.000,52.0,54.0,ICA,arousal__face__svm__10,9.634505670957994,3,0.3,7.346187631377264,2.157656135694572
P01,shape_sorter_observation,1,shape_sorter_observation_s1_53.000,53.0,55.0,ICA,arousal__face__svm__10,11.347967871150232,2,0.2,8.515326571496505,1.9159638620596378
P01,shape_sorter_observation,1,shape_sorter_observation_s1_54.000,54.0,56.0,ICA,arousal__face__svm__10,12.67506019561757,2,0.2,9.31864100914957,2.4048485991305353
P01,shape_sorter_observation,1,shape_sorter_observation_s1_55.000,55.0,57.0,ICA,arousal__face__svm__10,12.258491575279367,2,0.2,9.020176542543213,1.8492197746098793
P01,shape_sorter_observation,1,shape_sorter_observation_s1_56.000,56.0,58.0,ICA,arousal__face__svm__10,11.726306655096609,2,0.2,8.820810030912272,1.4919655924050528
P01,shape_sorter_observation,1,shape_sorter_observation_s1_57.000,57.0,59.0,ICA,arousal__face__svm__10,14.676835864795772,6,0.6,11.580089871912694,3.4777651520528257
P01,shape_sorter_observation,1,shape_sorter_observation_s1_58.000,58.0,60.0,ICA,arousal__face__svm__10,9.215387929099492,5,0.5,7.804459640243117,2.3975034330585894
P01,shape_sorter_observation,1,shape_sorter_observation_s1_59.000,59.0,61.0,ICA,arousal__face__svm__10,13.455567680376172,6,0.6,9.50677589562597,3.4177081210098397
P01,shape_sorter_observation,1,shape_sorter_observation_s1_60.000,60.0,62.0,ICA,arousal__face__svm__10,19.026343634337838,5,0.5,13.76928946113149,5.036899394906195
P01,shape_sorter_observation,1,shape_sorter_observation_s1_61.000,61.0,63.0,ICA,arousal__face__svm__10,21.71316412763701,4,0.4,18.281471636979173,3.336474711176913
P01,shape_sorter_observation,1,shape_sorter_observation_s1_62.000,62.0,64.0,ICA,arousal__face__svm__10,21.09550323270199,4,0.4,18.11335832776834,1.4973494596900068
P01,stack,1,stack_s1_5.000,5.0,7.0,ICA,arousal__face__svm__10,25.018229469708995,5,0.5,20.460970337853922,2.7522626250280138
P01,stack,1,stack_s1_6.000,6.0,8.0,ICA,arousal__face__svm__10,21.77939520874558,6,0.6,12.337074016134643,7.432756855547575
P01,stack,1,stack_s1_7.000,7.0,9.0,ICA,arousal__face__svm__10,14.038332850265174,4,0.4,11.797764407279601,1.6237751608749145
P01,stack,1,stack_s1_8.000,8.0,10.0,ICA,arousal__face__svm__10,13.356419966211035,4,0.4,11.549729807895003,1.1574695739202268
P01,stack,1,stack_s1_9.000,9.0,11.0,ICA,arousal__face__svm__10,13.053386851483728,5,0.5,11.58764884244852,1.685044349156529
P01,stack,1,stack_s1_10.000,10.0,12.0,ICA,arousal__face__svm__10,12.878706198505268,5,0.5,11.080429426228152,1.3658542386920647
P01,stack,1,stack_s1_11.000,11.0,13.0,ICA,arousal__face__svm__10,13.131926422703302,5,0.5,10.95396973104997,1.274190273687871
P01,stack,1,stack_s1_12.000,12.0,14.0,ICA,arousal__face__svm__10,13.084795647559261,5,0.5,10.615806493926952,1.6668274968169499
P01,stack,1,stack_s1_13.000,13.0,15.0,ICA,arousal__face__svm__10,13.178345628134974,3,0.3,8.488104737305552,2.3921656411693526
P01,stack,1,stack_s1_14.000,14.0,16.0,ICA,arousal__face__svm__10,13.236389571706274,3,0.3,9.918745007754675,0.4107283824411603
P01,stack,1,stack_s1_15.000,15.0,17.0,ICA,arousal__face__svm__10,13.234440013067353,4,0.4,9.52309346355088,1.544825961491767
P01,stack,1,stack_s1_16.000,16.0,18.0,ICA,arousal__face__svm__10,12.7444672905053,3,0.3,9.519222763338798,1.3365480762347035
P01,stack,1,stack_s1_17.000,17.0,19.0,ICA,arousal__face__svm__10,12.867791716316933,4,0.4,8.729234977350213,3.046737937838199
P01,stack,1,stack_s1_18.000,18.0,20.0,ICA,arousal__face__svm__10,12.087164800869218,6,0.6,10.105766388334699,3.0802040393268917
P01,stack,1,stack_s1_19.000,19.0,21.0,ICA,arousal__face__svm__10,10.045830909071833,5,0.5,7.125717716003808,3.9404228180802545
P01,stack,1,stack_s1_20.000,20.0,22.0,ICA,arousal__face__svm__10,8.960819914236751,4,0.4,5.939020457597564,4.2106437801181125
P01,stack,1,stack_s1_21.000,21.0,23.0,ICA,arousal__face__svm__10,9.428229316710171,4,0.4,9.78894066023023,1.938849993453533
P01,stack,1,stack_s1_22.000,22.0,24.0,ICA,arousal__face__svm__10,6.977686826570815,4,0.4,8.19037592658555,2.8194376204610223
P01,stack,1,stack_s1_23.000,23.0,25.0,ICA,arousal__face__svm__10,8.268244907416582,6,0.6,6.289232279652562,3.0950881323579473
P01,stack,1,stack_s1_24.000,24.0,26.0,ICA,arousal__face__svm__10,8.433268348461153,5,0.5,6.245399247885818,2.6784223728091545
P01,stack,1,stack_s1_25.000,25.0,27.0,ICA,arousal__face__svm__10,8.040901794169272,4,0.4,7.592596528198359,2.230250173519269
P01,stack,1,stack_s1_26.000,26.0,28.0,ICA,arousal__face__svm__10,46.19110842673014,7,0.7,39.114223390383394,6.967895279920842
P01,stack,1,stack_s1_27.000,27.0,29.0,ICA,arousal__face__svm__10,70.47993779590054,7,0.7,48.42835047494776,9.786338145216872
P01,stack,1,stack_s1_28.000,28.0,30.0,ICA,arousal__face__svm__10,54.01291328140732,6,0.6,40.96439630701149,6.64737690353116
P01,stack,1,stack_s1_29.000,29.0,31.0,ICA,arousal__face__svm__10,31.115882328132848,5,0.5,23.43462002619613,4.235325427056031
P01,stack,1,stack_s1_30.000,30.0,32.0,ICA,arousal__face__svm__10,11.774955805381591,3,0.3,9.587767606510289,0.5764158703100629
P01,stack,1,stack_s1_31.000,31.0,33.0,ICA,arousal__face__svm__10,12.46511669091022,3,0.3,10.051464875853917,1.1073355154347477
P01,stack,1,stack_s1_32.000,32.0,34.0,ICA,arousal__face__svm__10,13.673484403763142,3,0.3,10.993163447442084,0.5036225266147178
P01,stack,1,stack_s1_33.000,33.0,35.0,ICA,arousal__face__svm__10,13.49704975278848,4,0.4,9.74288773705185,2.455539153965114
P01,stack,1,stack_s1_34.000,34.0,36.0,ICA,arousal__face__svm__10,12.830861968065848,6,0.6,9.295673384448639,2.820947433658632
P01,stack,1,stack_s1_35.000,35.0,37.0,ICA,arousal__face__svm__10,13.551652491192815,3,0.3,9.924865635433113,1.9592539147730748
P01,stack,1,stack_s1_36.000,36.0,38.0,ICA,arousal__face__svm__10,11.99800702848651,5,0.5,8.339398754512521,3.064517634166837
P01,stack,1,stack_s1_37.000,37.0,39.0,ICA,arousal__face__svm__10,9.832735417245331,5,0.5,8.437186307521555,1.8875521587941368
P01,stack,1,stack_s1_38.000,38.0,40.0,ICA,arousal__face__svm__10,9.187514627815798,4,0.4,6.631166929806849,2.0251948873353727
P01,stack,1,stack_s1_39.000,39.0,41.0,ICA,arousal__face__svm__10,9.31879897008491,4,0.4,6.097185166489581,1.6326399626833001
P01,stack,1,stack_s1_40.000,40.0,42.0,ICA,arousal__face__svm__10,8.616856538684894,4,0.4,6.310776385911954,1.380001560381718
P01,stack,1,stack_s1_41.000,41.0,43.0,ICA,arousal__face__svm__10,8.71492598763028,4,0.4,6.136661593946952,2.091014092395602
P01,stack,1,stack_s1_42.000,42.0,44.0,ICA,arousal__face__svm__10,11.258932705989578,5,0.5,7.526089003212381,2.7668295743468603
P01,stack,1,stack_s1_43.000,43.0,45.0,ICA,arousal__face__svm__10,11.823693870759566,2,0.2,9.806242827996952,1.5934931671456996
P01,stack,1,stack_s1_44.000,44.0,46.0,ICA,arousal__face__svm__10,11.227169520352257,3,0.3,9.227221331576152,1.2491541699784556
P01,stack,1,stack_s1_45.000,45.0,47.0,ICA,arousal__face__svm__10,11.091351530366882,3,0.3,9.179725947411935,1.018599432688624
P01,stack,1,stack_s1_46.000,46.0,48.0,ICA,arousal__face__svm__10,10.458848938680473,3,0.3,8.581384289466046,1.056699734143644
P01,stack,1,stack_s1_47.000,47.0,49.0,ICA,arousal__face__svm__10,10.261766151109324,3,0.3,7.597193067249728,1.6766638783869894
P01,stack,1,stack_s1_48.000,48.0,50.0,ICA,arousal__face__svm__10,10.768062341778228,3,0.3,7.7128247813013795,2.231638664138976
P01,stack,1,stack_s1_49.000,49.0,51.0,ICA,arousal__face__svm__10,10.83696815277161,3,0.3,7.663106610042569,1.9822389002597511
P01,stack,1,stack_s1_50.000,50.0,52.0,ICA,arousal__face__svm__10,10.038283162092334,4,0.4,6.746413844484969,2.22177137786859
P01,stack,1,stack_s1_51.000,51.0,53.0,ICA,arousal__face__svm__10,8.496981612909964,4,0.4,5.726091036595702,2.377722900556048
P01,stack,1,stack_s1_52.000,52.0,54.0,ICA,arousal__face__svm__10,9.528970344339921,4,0.4,6.170625323101108,2.8275220266743446
P01,stack,1,stack_s1_53.000,53.0,55.0,ICA,arousal__face__svm__10,10.476326237532065,4,0.4,7.260815196447144,1.8683851398043978
P01,stack,1,stack_s1_54.000,54.0,56.0,ICA,arousal__face__svm__10,9.855843905313893,4,0.4,7.212339998206113,0.7004639014450456
P01,stack,1,stack_s1_55.000,55.0,57.0,ICA,arousal__face__svm__10,9.692488659010339,4,0.4,7.4073650602302505,0.9024404925733935
P01,stack,1,stack_s1_56.000,56.0,58.0,ICA,arousal__face__svm__10,11.386325696012715,3,0.3,8.36180479707118,1.9504951267977853
P01,stack,1,stack_s1_57.000,57.0,59.0,ICA,arousal__face__svm__10,11.290750029758073,2,0.2,8.684401718184581,1.1836836774129278
P01,stack,1,stack_s1_58.000,58.0,60.0,ICA,arousal__face__svm__10,10.267864888416673,3,0.3,7.921545756793865,0.6642040403673342
P01,stack,1,stack_s1_59.000,59.0,61.0,ICA,arousal__face__svm__10,10.780419572972693,3,0.3,8.096735345360642,0.49905743709992634
P01,stack,1,stack_s1_60.000,60.0,62.0,ICA,arousal__face__svm__10,10.744284917595454,2,0.2,8.823796248386492,0.8698356989889744
P01,stack,1,stack_s1_61.000,61.0,63.0,ICA,arousal__face__svm__10,9.905292794001303,2,0.2,8.606317329180238,0.7878655978666719
P01,stack,1,stack_s1_62.000,62.0,64.0,ICA,arousal__face__svm__10,9.133359145759414,2,0.2,7.8914039217631125,0.5545078110566697
P01,stack,1,stack_s1_63.000,63.0,65.0,ICA,arousal__face__svm__10,10.752426880762199,2,0.2,8.67548956743831,1.6557705965225216
P01,stack,1,stack_s1_64.000,64.0,66.0,ICA,arousal__face__svm__10,12.10036925349519,3,0.3,10.2408858245682,1.8073546911435245
P01,stack,1,stack_s1_65.000,65.0,67.0,ICA,arousal__face__svm__10,14.544820104565149,5,0.5,11.411384941263732,3.1272695607728966
P01,stack,1,stack_s1_66.000,66.0,68.0,ICA,arousal__face__svm__10,19.65319195947522,4,0.4,16.673453495557958,3.337429378031336
P01,stack,1,stack_s1_67.000,67.0,69.0,ICA,arousal__face__svm__10,26.44102591514916,7,0.7,20.13042124286246,5.985524296749528
P01,stack,1,stack_s1_68.000,68.0,70.0,ICA,arousal__face__svm__10,13.409690541591576,5,0.5,11.96074617012882,4.511436563890792
P01,sisyphus,1,sisyphus_s1_6.000,6.0,8.0,ICA,arousal__face__svm__10,20.300705742542135,6,0.6,14.241657546824129,4.796041306942639
P01,sisyphus,1,sisyphus_s1_7.000,7.0,9.0,ICA,arousal__face__svm__10,18.203226422409156,7,0.7,12.972087955456656,3.9504441048902543
P01,sisyphus,1,sisyphus_s1_8.000,8.0,10.0,ICA,arousal__face__svm__10,13.757416367714676,5,0.5,8.708437503809884,3.661693330142181
P01,sisyphus,1,sisyphus_s1_9.000,9.0,11.0,ICA,arousal__face__svm__10,9.904607270752468,4,0.4,6.727341554671885,3.3854513780514197
P01,sisyphus,1,sisyphus_s1_10.000,10.0,12.0,ICA,arousal__face__svm__10,9.948530412805534,3,0.3,9.419068661980484,2.536723109107371
P01,sisyphus,1,sisyphus_s1_11.000,11.0,13.0,ICA,arousal__face__svm__10,13.825197926856468,5,0.5,11.560439486542094,3.975527290321025
P01,sisyphus,1,sisyphus_s1_12.000,12.0,14.0,ICA,arousal__face__svm__10,13.242128385663799,4,0.4,14.227059061086155,3.2057854175299485
P01,sisyphus,1,sisyphus_s1_13.000,13.0,15.0,ICA,arousal__face__svm__10,12.333856819979715,6,0.6,11.979724791389815,4.0253512493248955
P01,sisyphus,1,sisyphus_s1_14.000,14.0,16.0,ICA,arousal__face__svm__10,7.564370895796558,4,0.4,6.9841105903559315,2.644786586525816
P01,sisyphus,1,sisyphus_s1_15.000,15.0,17.0,ICA,arousal__face__svm__10,8.422100195348225,5,0.5,8.776504378465715,2.935604795239475
P01,sisyphus,1,sisyphus_s1_16.000,16.0,18.0,ICA,arousal__face__svm__10,10.760688133649431,3,0.3,12.142666204614727,2.455331614434157
P01,sisyphus,1,sisyphus_s1_17.000,17.0,19.0,ICA,arousal__face__svm__10,7.783812417503019,3,0.3,9.833545727021079,2.7897391703312646
P01,sisyphus,1,sisyphus_s1_18.000,18.0,20.0,ICA,arousal__face__svm__10,10.151807193855987,5,0.5,9.236318978087803,3.6985566744432745
P01,sisyphus,1,sisyphus_s1_19.000,19.0,21.0,ICA,arousal__face__svm__10,9.960793555325187,5,0.5,9.222510274531901,3.916605734598771
P01,sisyphus,1,sisyphus_s1_20.000,20.0,22.0,ICA,arousal__face__svm__10,9.852943935739034,6,0.6,9.288791713909227,3.659633824600398
P01,sisyphus,1,sisyphus_s1_21.000,21.0,23.0,ICA,arousal__face__svm__10,14.202005469493303,4,0.4,12.146013350187825,3.9367916323389593
P01,sisyphus,1,sisyphus_s1_22.000,22.0,24.0,ICA,arousal__face__svm__10,9.48914556713075,4,0.4,8.861482439907924,1.8818122025131463
P01,sisyphus,1,sisyphus_s1_23.000,23.0,25.0,ICA,arousal__face__svm__10,9.410271653284498,4,0.4,9.16965139788462,1.1338231523233275
P01,sisyphus,1,sisyphus_s1_24.000,24.0,26.0,ICA,arousal__face__svm__10,9.779488044148126,3,0.3,9.663942169950905,1.183357688597717
P01,sisyphus,1,sisyphus_s1_25.000,25.0,27.0,ICA,arousal__face__svm__10,10.21158288467836,3,0.3,10.038127202732714,1.2475604014090296
P01,sisyphus,1,sisyphus_s1_26.000,26.0,28.0,ICA,arousal__face__svm__10,10.398613320856732,4,0.4,10.018937850127747,1.4249527503526778
P01,sisyphus,1,sisyphus_s1_27.000,27.0,29.0,ICA,arousal__face__svm__10,9.07486273581109,4,0.4,9.652669486575292,1.7200894819499881
P01,sisyphus,1,sisyphus_s1_28.000,28.0,30.0,ICA,arousal__face__svm__10,8.993346038169083,3,0.3,9.113873851403143,1.9674181399538437
P01,sisyphus,1,sisyphus_s1_29.000,29.0,31.0,ICA,arousal__face__svm__10,9.141169955422711,3,0.3,8.82365315861673,1.6382436342089393
P01,sisyphus,1,sisyphus_s1_30.000,30.0,32.0,ICA,arousal__face__svm__10,9.869295967009684,5,0.5,9.034690136087857,2.1196077709406764
P01,sisyphus,1,sisyphus_s1_31.000,31.0,33.0,ICA,arousal__face__svm__10,11.19244612399029,6,0.6,9.841600921222136,3.531206821338476
P01,sisyphus,1,sisyphus_s1_32.000,32.0,34.0,ICA,arousal__face__svm__10,24.633371775425054,6,0.6,17.314517787408143,5.868891191716516
P01,sisyphus,1,sisyphus_s1_33.000,33.0,35.0,ICA,arousal__face__svm__10,24.66599607669404,5,0.5,16.71017690794365,4.185148582255483
P01,sisyphus,1,sisyphus_s1_34.000,34.0,36.0,ICA,arousal__face__svm__10,22.62584377898359,6,0.6,18.218543468725773,5.360823720447954
P01,sisyphus,1,sisyphus_s1_35.000,35.0,37.0,ICA,arousal__face__svm__10,8.093404963035134,4,0.4,8.920549139084025,3.186978590697053
P01,sisyphus,1,sisyphus_s1_36.000,36.0,38.0,ICA,arousal__face__svm__10,9.924556094179053,6,0.6,10.664899519321851,3.8290659304928303
P01,sisyphus,1,sisyphus_s1_37.000,37.0,39.0,ICA,arousal__face__svm__10,13.526674526641395,5,0.5,11.053597632754487,2.8743523089171346
P01,sisyphus,1,sisyphus_s1_38.000,38.0,40.0,ICA,arousal__face__svm__10,9.565026286669836,5,0.5,6.297288208724459,2.943132159407413
P01,sisyphus,1,sisyphus_s1_39.000,39.0,41.0,ICA,arousal__face__svm__10,6.583009463066648,5,0.5,7.027705503908027,2.5765901697827087
P01,sisyphus,1,sisyphus_s1_40.000,40.0,42.0,ICA,arousal__face__svm__10,8.843502684722099,4,0.4,8.203139227314503,1.5272008997021418
P01,sisyphus,1,sisyphus_s1_41.000,41.0,43.0,ICA,arousal__face__svm__10,7.515613754807917,4,0.4,6.667827360555629,0.7517460645448683
P01,sisyphus,1,sisyphus_s1_42.000,42.0,44.0,ICA,arousal__face__svm__10,5.798164548951133,3,0.3,5.439082083105923,1.235163525762351
P01,sisyphus,1,sisyphus_s1_43.000,43.0,45.0,ICA,arousal__face__svm__10,6.765585357615972,3,0.3,7.13036823062948,1.9209891103849137
P01,sisyphus,1,sisyphus_s1_44.000,44.0,46.0,ICA,arousal__face__svm__10,8.264086306528055,3,0.3,7.846418846933177,3.1819845044208592
P01,sisyphus,1,sisyphus_s1_45.000,45.0,47.0,ICA,arousal__face__svm__10,7.454328785737936,5,0.5,7.2328608251098245,3.624003325404181
P01,sisyphus,1,sisyphus_s1_46.000,46.0,48.0,ICA,arousal__face__svm__10,10.723488575223138,5,0.5,10.893680857714001,3.689941918347425
P01,sisyphus,1,sisyphus_s1_47.000,47.0,49.0,ICA,arousal__face__svm__10,6.439836815764364,4,0.4,6.854540471268557,1.9082232796157244
P01,sisyphus,1,sisyphus_s1_48.000,48.0,50.0,ICA,arousal__face__svm__10,3.607747438063219,1,0.1,4.185311706605486,2.542198496486808
P01,sisyphus,1,sisyphus_s1_49.000,49.0,51.0,ICA,arousal__face__svm__10,3.9442839900347852,0,0.0,3.08498547194033,1.3970379394379073
P01,sisyphus,1,sisyphus_s1_50.000,50.0,52.0,ICA,arousal__face__svm__10,3.470587230877011,0,0.0,3.5365999461312314,1.4410488531957297
P01,sisyphus,1,sisyphus_s1_51.000,51.0,53.0,ICA,arousal__face__svm__10,4.816494296558192,1,0.1,4.488845596765223,0.7714201362032738
P01,sisyphus,1,sisyphus_s1_52.000,52.0,54.0,ICA,arousal__face__svm__10,5.699659484127313,2,0.2,5.850413602046478,0.7987809621794711
P01,shape_sorter_interaction,1,shape_sorter_interaction_s1_9.000,9.0,11.0,ICA,arousal__face__svm__10,13.355784890753288,4,0.4,9.655139627417514,1.006263876321307
P01,shape_sorter_interaction,1,shape_sorter_interaction_s1_10.000,10.0,12.0,ICA,arousal__face__svm__10,15.467412415919808,4,0.4,9.20770090330886,3.138128924980177
P01,shape_sorter_interaction,1,shape_sorter_interaction_s1_11.000,11.0,13.0,ICA,arousal__face__svm__10,14.72975613985475,6,0.6,8.969128123349678,4.199466925085585
P01,shape_sorter_interaction,1,shape_sorter_interaction_s1_12.000,12.0,14.0,ICA,arousal__face__svm__10,10.879145255060404,3,0.3,9.456291719185582,1.849968163838361
P01,shape_sorter_interaction,1,shape_sorter_interaction_s1_13.000,13.0,15.0,ICA,arousal__face__svm__10,9.44185160466799,5,0.5,9.482806504554738,3.6923685371997603
P01,shape_sorter_interaction,1,shape_sorter_interaction_s1_14.000,14.0,16.0,ICA,arousal__face__svm__10,9.899184180161866,5,0.5,9.752372546634723,3.7584275686848305
P01,shape_sorter_interaction,1,shape_sorter_interaction_s1_15.000,15.0,17.0,ICA,arousal__face__svm__10,8.85726812817065,4,0.4,8.997169982108625,3.4170755789329723
P01,shape_sorter_interaction,1,shape_sorter_interaction_s1_16.000,16.0,18.0,ICA,arousal__face__svm__10,9.058602110274824,5,0.5,8.768302614591558,2.4814595708489433
P01,shape_sorter_interaction,1,shape_sorter_interaction_s1_17.000,17.0,19.0,ICA,arousal__face__svm__10,9.369208500563172,5,0.5,8.991926765989412,1.3547797441762803
P01,shape_sorter_interaction,1,shape_sorter_interaction_s1_18.000,18.0,20.0,ICA,arousal__face__svm__10,9.2358986684517,4,0.4,8.57709249786195,1.3772230384408526
P01,shape_sorter_interaction,1,shape_sorter_interaction_s1_19.000,19.0,21.0,ICA,arousal__face__svm__10,9.335658731189028,4,0.4,8.311361372636489,1.3474791737537886
P01,shape_sorter_interaction,1,shape_sorter_interaction_s1_20.000,20.0,22.0,ICA,arousal__face__svm__10,8.567431153664415,4,0.4,8.469198756428625,1.5515223862268936
P01,shape_sorter_interaction,1,shape_sorter_interaction_s1_21.000,21.0,23.0,ICA,arousal__face__svm__10,8.408737525833661,5,0.5,8.383718667502096,2.8164602118110826
P01,shape_sorter_interaction,1,shape_sorter_interaction_s1_22.000,22.0,24.0,ICA,arousal__face__svm__10,9.142876270941356,4,0.4,8.780357400612225,2.324956060842272
P01,shape_sorter_interaction,1,shape_sorter_interaction_s1_23.000,23.0,25.0,ICA,arousal__face__svm__10,8.8592556223277,4,0.4,8.729923463429074,1.4264041890683172
P01,shape_sorter_interaction,1,shape_sorter_interaction_s1_24.000,24.0,26.0,ICA,arousal__face__svm__10,7.863503634919942,4,0.4,8.186381431722555,1.223197127063413
P01,shape_sorter_interaction,1,shape_sorter_interaction_s1_25.000,25.0,27.0,ICA,arousal__face__svm__10,9.687375869519025,6,0.6,9.145483497050611,4.330023947301127
P01,shape_sorter_interaction,1,shape_sorter_interaction_s1_26.000,26.0,28.0,ICA,arousal__face__svm__10,10.022934388792326,5,0.5,9.863277858607187,4.026277308677726
P01,shape_sorter_interaction,1,shape_sorter_interaction_s1_27.000,27.0,29.0,ICA,arousal__face__svm__10,8.138160280329327,6,0.6,8.990065264732038,3.2552308497886213
P01,shape_sorter_interaction,1,shape_sorter_interaction_s1_28.000,28.0,30.0,ICA,arousal__face__svm__10,8.365864170712216,5,0.5,8.218074594903063,2.382113099480973
P01,shape_sorter_interaction,1,shape_sorter_interaction_s1_29.000,29.0,31.0,ICA,arousal__face__svm__10,8.082511698748842,4,0.4,8.699253400292648,1.299970713276116
P01,shape_sorter_interaction,1,shape_sorter_interaction_s1_30.000,30.0,32.0,ICA,arousal__face__svm__10,7.734192285573307,4,0.4,8.25946228354987,1.2311725399278886
P01,shape_sorter_interaction,1,shape_sorter_interaction_s1_31.000,31.0,33.0,ICA,arousal__face__svm__10,7.485888561931914,4,0.4,7.55998388434522,1.2875446644962256
P01,shape_sorter_interaction,1,shape_sorter_interaction_s1_32.000,32.0,34.0,ICA,arousal__face__svm__10,8.608973605809679,4,0.4,8.298962462856199,0.9054944051484306
P01,shape_sorter_interaction,1,shape_sorter_interaction_s1_33.000,33.0,35.0,ICA,arousal__face__svm__10,9.216906019181872,4,0.4,8.51042651300589,2.1912717129035406
P01,shape_sorter_interaction,1,shape_sorter_interaction_s1_34.000,34.0,36.0,ICA,arousal__face__svm__10,9.25852947478263,5,0.5,8.67764155392687,2.028675494594083
P01,shape_sorter_interaction,1,shape_sorter_interaction_s1_35.000,35.0,37.0,ICA,arousal__face__svm__10,9.149657089651907,5,0.5,8.972321428771242,1.8928358988190896
P01,shape_sorter_interaction,1,shape_sorter_interaction_s1_36.000,36.0,38.0,ICA,arousal__face__svm__10,8.274076214747433,4,0.4,8.719435416259888,1.8325648572391322
P01,shape_sorter_interaction,1,shape_sorter_interaction_s1_37.000,37.0,39.0,ICA,arousal__face__svm__10,7.57016618414532,4,0.4,8.044324140388529,0.8657524989564023
P01,shape_sorter_interaction,1,shape_sorter_interaction_s1_38.000,38.0,40.0,ICA,arousal__face__svm__10,7.58644233813195,4,0.4,7.532382726429805,0.6982151962725855
P01,shape_sorter_interaction,1,shape_sorter_interaction_s1_39.000,39.0,41.0,ICA,arousal__face__svm__10,7.8933791012071275,4,0.4,7.399816383877931,0.8779139105878064
P01,shape_sorter_interaction,1,shape_sorter_interaction_s1_40.000,40.0,42.0,ICA,arousal__face__svm__10,8.070897591223853,4,0.4,7.525064083972406,1.1456999461413009
P01,shape_sorter_interaction,1,shape_sorter_interaction_s1_41.000,41.0,43.0,ICA,arousal__face__svm__10,8.088504869962671,4,0.4,8.336251195022475,3.0658578140331207
P01,shape_sorter_interaction,1,shape_sorter_interaction_s1_42.000,42.0,44.0,ICA,arousal__face__svm__10,11.532051999724148,6,0.6,9.800452161592032,4.621868237530534
P01,shape_sorter_interaction,1,shape_sorter_interaction_s1_43.000,43.0,45.0,ICA,arousal__face__svm__10,13.753340329999473,4,0.4,13.461081649273591,1.9240733919478314
P01,shape_sorter_interaction,1,shape_sorter_interaction_s1_44.000,44.0,46.0,ICA,arousal__face__svm__10,10.371997774026195,6,0.6,9.0496318273479,3.700450925516346
P01,shape_sorter_interaction,1,shape_sorter_interaction_s1_45.000,45.0,47.0,ICA,arousal__face__svm__10,7.078912998544287,5,0.5,7.39016317557772,3.0480886880513074
P01,shape_sorter_interaction,1,shape_sorter_interaction_s1_46.000,46.0,48.0,ICA,arousal__face__svm__10,6.183763770950637,4,0.4,6.572475568824176,3.130870635559849
P01,shape_sorter_interaction,1,shape_sorter_interaction_s1_47.000,47.0,49.0,ICA,arousal__face__svm__10,5.418968351527587,4,0.4,6.041025560240801,2.4019248731135505
P01,shape_sorter_interaction,1,shape_sorter_interaction_s1_48.000,48.0,50.0,ICA,arousal__face__svm__10,5.854823239014047,4,0.4,6.987224934680273,1.713544480652772
P01,shape_sorter_interaction,1,shape_sorter_interaction_s1_49.000,49.0,51.0,ICA,arousal__face__svm__10,7.799418048094844,4,0.4,7.608515226265815,1.1816193157431534
P01,shape_sorter_interaction,1,shape_sorter_interaction_s1_50.000,50.0,52.0,ICA,arousal__face__svm__10,8.066154626530261,6,0.6,7.452582360193666,1.163469422613376
P01,shape_sorter_interaction,1,shape_sorter_interaction_s1_51.000,51.0,53.0,ICA,arousal__face__svm__10,8.368804693411985,4,0.4,8.556820429223874,1.187433566053469
P01,shape_sorter_interaction,1,shape_sorter_interaction_s1_52.000,52.0,54.0,ICA,arousal__face__svm__10,9.06944310138909,4,0.4,9.143316215404392,1.1050054009796528
P01,shape_sorter_interaction,1,shape_sorter_interaction_s1_53.000,53.0,55.0,ICA,arousal__face__svm__10,7.089544649051018,4,0.4,8.31956123369318,2.8290035328326923
P01,shape_sorter_interaction,1,shape_sorter_interaction_s1_54.000,54.0,56.0,ICA,arousal__face__svm__10,7.280624585867856,4,0.4,7.66062504114571,2.8377942093354838
P01,shape_sorter_interaction,1,shape_sorter_interaction_s1_55.000,55.0,57.0,ICA,arousal__face__svm__10,9.100319926617601,4,0.4,8.45130417273919,2.1040465886187913
P01,shape_sorter_interaction,1,shape_sorter_interaction_s1_56.000,56.0,58.0,ICA,arousal__face__svm__10,10.361940370251693,4,0.4,10.082574486980139,1.5602303310189782
P01,shape_sorter_interaction,1,shape_sorter_interaction_s1_57.000,57.0,59.0,ICA,arousal__face__svm__10,11.103459974800568,3,0.3,10.760940234190695,0.7526514072564663
P01,shape_sorter_interaction,1,shape_sorter_interaction_s1_58.000,58.0,60.0,ICA,arousal__face__svm__10,11.932259601137755,3,0.3,11.276815552107967,1.2923559915803624
P01,shape_sorter_interaction,1,shape_sorter_interaction_s1_59.000,59.0,61.0,ICA,arousal__face__svm__10,13.375971943873036,6,0.6,11.026113737052796,4.081779962248308
P01,shape_sorter_interaction,1,shape_sorter_interaction_s1_60.000,60.0,62.0,ICA,arousal__face__svm__10,13.413429267161922,4,0.4,13.510629806013217,1.3706706654975584
P01,shape_sorter_interaction,1,shape_sorter_interaction_s1_61.000,61.0,63.0,ICA,arousal__face__svm__10,9.702147058811299,7,0.7,8.582867077066203,3.681444768255334
P01,shape_sorter_interaction,1,shape_sorter_interaction_s1_62.000,62.0,64.0,ICA,arousal__face__svm__10,5.512565583748958,5,0.5,6.477526236344276,2.555132863495393
P01,shape_sorter_interaction,1,shape_sorter_interaction_s1_63.000,63.0,65.0,ICA,arousal__face__svm__10,5.4355879187709615,4,0.4,6.93100488860805,2.3219644170529135
P01,shape_sorter_interaction,1,shape_sorter_interaction_s1_64.000,64.0,66.0,ICA,arousal__face__svm__10,5.000767598691004,4,0.4,5.36119638925232,1.4133271921324655
P01,shape_sorter_interaction,1,shape_sorter_interaction_s1_65.000,65.0,67.0,ICA,arousal__face__svm__10,5.708759992280807,4,0.4,5.9109519409547175,1.8025239683320855
P01,shape_sorter_interaction,1,shape_sorter_interaction_s1_66.000,66.0,68.0,ICA,arousal__face__svm__10,6.427442305837762,4,0.4,6.171430360093224,1.3924698486503269
P01,shape_sorter_interaction,1,shape_sorter_interaction_s1_67.000,67.0,69.0,ICA,arousal__face__svm__10,6.329366343556752,4,0.4,5.9293934277778995,1.4024561854082345
P01,shape_sorter_interaction,1,shape_sorter_interaction_s1_68.000,68.0,70.0,ICA,arousal__face__svm__10,6.862487583792668,4,0.4,6.462051078585781,1.4291731005490806
P01,shape_sorter_interaction,1,shape_sorter_interaction_s1_69.000,69.0,71.0,ICA,arousal__face__svm__10,7.906271067132867,5,0.5,7.28474317177073,1.5489703782473438
P01,shape_sorter_interaction,1,shape_sorter_interaction_s1_70.000,70.0,72.0,ICA,arousal__face__svm__10,7.598994241259602,5,0.5,7.384062031215693,1.549327767038242
P01,shape_sorter_interaction,1,shape_sorter_interaction_s1_71.000,71.0,73.0,ICA,arousal__face__svm__10,5.0872962327965885,4,0.4,5.7399551377985105,1.956117039381414
P01,shape_sorter_interaction,1,shape_sorter_interaction_s1_72.000,72.0,74.0,ICA,arousal__face__svm__10,5.537291220206182,4,0.4,5.984644830073264,2.0352926627331716
P01,shape_sorter_interaction,1,shape_sorter_interaction_s1_73.000,73.0,75.0,ICA,arousal__face__svm__10,8.880964531931618,4,0.4,7.993670248347625,1.8079113015607513
P01,shape_sorter_interaction,1,shape_sorter_interaction_s1_74.000,74.0,76.0,ICA,arousal__face__svm__10,9.595606434349952,4,0.4,8.894094756801131,0.9544664399498987
P01,shape_sorter_interaction,1,shape_sorter_interaction_s1_75.000,75.0,77.0,ICA,arousal__face__svm__10,9.73868789741885,3,0.3,8.536424676973443,1.5873330446156184
P01,shape_sorter_interaction,1,shape_sorter_interaction_s1_76.000,76.0,78.0,ICA,arousal__face__svm__10,11.40752023481246,5,0.5,8.832943958560206,3.174900847187437
P01,shape_sorter_interaction,1,shape_sorter_interaction_s1_77.000,77.0,79.0,ICA,arousal__face__svm__10,13.14920969588125,6,0.6,11.31049687247989,4.2643800407154995
P01,shape_sorter_interaction,1,shape_sorter_interaction_s1_78.000,78.0,80.0,ICA,arousal__face__svm__10,10.698665350887936,7,0.7,9.754538295033646,4.06302295293303
P01,shape_sorter_interaction,1,shape_sorter_interaction_s1_79.000,79.0,81.0,ICA,arousal__face__svm__10,27.81789783698694,6,0.6,22.066117996914898,5.74468331109228
P01,shape_sorter_interaction,1,shape_sorter_interaction_s1_80.000,80.0,82.0,ICA,arousal__face__svm__10,22.2989006133858,4,0.4,18.847274629709474,2.1662377342372565
P01,shape_sorter_interaction,1,shape_sorter_interaction_s1_81.000,81.0,83.0,ICA,arousal__face__svm__10,24.443096766629036,7,0.7,15.850844180202381,6.781786228863342
P01,shape_sorter_interaction,1,shape_sorter_interaction_s1_82.000,82.0,84.0,ICA,arousal__face__svm__10,23.45918427294273,6,0.6,18.76892062528239,5.8222725514466624
P01,shape_sorter_alone,1,shape_sorter_alone_s1_1.000,1.0,3.0,ICA,arousal__face__svm__10,9.535832600843188,5,0.5,10.266177560686536,4.326451633699769
P01,shape_sorter_alone,1,shape_sorter_alone_s1_2.000,2.0,4.0,ICA,arousal__face__svm__10,11.39010898933986,3,0.3,12.124890526053578,1.2485687630557483
P01,shape_sorter_alone,1,shape_sorter_alone_s1_3.000,3.0,5.0,ICA,arousal__face__svm__10,13.467426212277731,4,0.4,12.729996523637851,0.929781856976462
P01,shape_sorter_alone,1,shape_sorter_alone_s1_4.000,4.0,6.0,ICA,arousal__face__svm__10,9.360328686701541,4,0.4,11.332789941696866,2.571411718132249
P01,shape_sorter_alone,1,shape_sorter_alone_s1_5.000,5.0,7.0,ICA,arousal__face__svm__10,10.767168864172167,5,0.5,12.232918245339365,3.67777256878854
P01,shape_sorter_alone,1,shape_sorter_alone_s1_6.000,6.0,8.0,ICA,arousal__face__svm__10,14.203040351102437,4,0.4,13.629522789486163,2.7054768691413695
P01,shape_sorter_alone,1,shape_sorter_alone_s1_7.000,7.0,9.0,ICA,arousal__face__svm__10,12.474585382367279,4,0.4,12.31951547289661,1.750108855280898
P01,shape_sorter_alone,1,shape_sorter_alone_s1_8.000,8.0,10.0,ICA,arousal__face__svm__10,11.687345211270168,4,0.4,11.754491470468205,1.8201931016919333
P01,shape_sorter_alone,1,shape_sorter_alone_s1_9.000,9.0,11.0,ICA,arousal__face__svm__10,12.361636542376507,5,0.5,11.79769880304846,1.9997898533849823
P01,shape_sorter_alone,1,shape_sorter_alone_s1_10.000,10.0,12.0,ICA,arousal__face__svm__10,12.609611695428747,5,0.5,11.794761554778011,1.8792239771238544
P01,shape_sorter_alone,1,shape_sorter_alone_s1_11.000,11.0,13.0,ICA,arousal__face__svm__10,11.865862892719523,4,0.4,11.556220964632491,1.6177239476395027
P01,shape_sorter_alone,1,shape_sorter_alone_s1_12.000,12.0,14.0,ICA,arousal__face__svm__10,12.756534834671639,4,0.4,12.360694210182686,1.4935928439290254
P01,shape_sorter_alone,1,shape_sorter_alone_s1_13.000,13.0,15.0,ICA,arousal__face__svm__10,12.252360032817558,7,0.7,10.713418789204757,4.1219420082209215
P01,shape_sorter_alone,1,shape_sorter_alone_s1_14.000,14.0,16.0,ICA,arousal__face__svm__10,9.971602208426185,5,0.5,8.27256847701532,3.2229429452210896
P01,pick_place,1,pick_place_s1_8.000,8.0,10.0,ICA,arousal__face__gnb__5,17.487110451297266,4,0.8,17.703811570767883,3.9935614304870186
P01,pick_place,1,pick_place_s1_9.000,9.0,11.0,ICA,arousal__face__gnb__5,14.693335961589888,3,0.6,15.489186746917452,3.404942928537004
P01,pick_place,1,pick_place_s1_10.000,10.0,12.0,ICA,arousal__face__gnb__5,10.846724380835761,3,0.6,10.19113812662649,3.189077320598771
P01,pick_place,1,pick_place_s1_11.000,11.0,13.0,ICA,arousal__face__gnb__5,8.399391326916,3,0.6,7.387785676722743,3.195428076593167
P01,pick_place,1,pick_place_s1_12.000,12.0,14.0,ICA,arousal__face__gnb__5,6.583124011916242,4,0.8,5.293932205365648,3.3611425316824413
P01,pick_place,1,pick_place_s1_13.000,13.0,15.0,ICA,arousal__face__gnb__5,4.5577276307118035,1,0.2,5.324220639977379,0.642297823109016
P01,pick_place,1,pick_place_s1_14.000,14.0,16.0,ICA,arousal__face__gnb__5,4.346727427336581,1,0.2,5.439651612655852,0.8059756721896028
P01,pick_place,1,pick_place_s1_15.000,15.0,17.0,ICA,arousal__face__gnb__5,3.9309681300987434,1,0.2,5.584287506544266,0.6739755346651148
P01,pick_place,1,pick_place_s1_16.000,16.0,18.0,ICA,arousal__face__gnb__5,5.659671971302476,3,0.6,4.7130506957643625,2.745719356957705
P01,pick_place,1,pick_place_s1_17.000,17.0,19.0,ICA,arousal__face__gnb__5,5.602174205422977,3,0.6,4.530707569653645,3.1632231783922196
P01,pick_place,1,pick_place_s1_18.000,18.0,20.0,ICA,arousal__face__gnb__5,5.184412278521621,3,0.6,4.894681025086485,2.276332095431924
P01,pick_place,1,pick_place_s1_19.000,19.0,21.0,ICA,arousal__face__gnb__5,13.866715535509753,4,0.8,10.616826354593263,6.2979305920353
P01,pick_place,1,pick_place_s1_20.000,20.0,22.0,ICA,arousal__face__gnb__5,16.39374959926011,3,0.6,17.225574450581576,2.77860664984588
P01,pick_place,1,pick_place_s1_21.000,21.0,23.0,ICA,arousal__face__gnb__5,14.912590291287493,4,0.8,14.675307165183883,3.9444729890008348
P01,pick_place,1,pick_place_s1_22.000,22.0,24.0,ICA,arousal__face__gnb__5,13.081776930310475,3,0.6,13.08972890552294,3.4753403876872926
P01,pick_place,1,pick_place_s1_23.000,23.0,25.0,ICA,arousal__face__gnb__5,11.528697311558554,1,0.2,12.708810212352027,2.2232962899585162
P01,pick_place,1,pick_place_s1_24.000,24.0,26.0,ICA,arousal__face__gnb__5,9.136291913219713,1,0.2,11.006010996021363,1.0312949844233041
P01,pick_place,1,pick_place_s1_25.000,25.0,27.0,ICA,arousal__face__gnb__5,9.664254385907352,1,0.2,11.372659555597693,1.2259020179157138
P01,pick_place,1,pick_place_s1_26.000,26.0,28.0,ICA,arousal__face__gnb__5,10.899694605844655,2,0.4,12.445447324091788,1.4841644478389842
P01,pick_place,1,pick_place_s1_27.000,27.0,29.0,ICA,arousal__face__gnb__5,9.993284223000858,1,0.2,10.914667781328067,1.9877100910789285
P01,pick_place,1,pick_place_s1_28.000,28.0,30.0,ICA,arousal__face__gnb__5,6.897944110638208,1,0.2,8.432914378531658,0.5247288841485483
P01,pick_place,1,pick_place_s1_29.000,29.0,31.0,ICA,arousal__face__gnb__5,5.901955297277195,1,0.2,7.833592199645639,0.6975501887798098
P01,pick_place,1,pick_place_s1_30.000,30.0,32.0,ICA,arousal__face__gnb__5,6.051403568045454,1,0.2,7.864776016978508,0.7186245312159915
P01,pick_place,1,pick_place_s1_31.000,31.0,33.0,ICA,arousal__face__gnb__5,6.105260539240409,1,0.2,7.715821826114391,0.17648479357271926
P01,pick_place,1,pick_place_s1_32.000,32.0,34.0,ICA,arousal__face__gnb__5,9.830303174784126,3,0.6,10.082359247063376,3.5702651047507468
P01,pick_place,1,pick_place_s1_33.000,33.0,35.0,ICA,arousal__face__gnb__5,10.830013573347683,2,0.4,11.77354271810439,2.397292502782697
P01,pick_place,1,pick_place_s1_34.000,34.0,36.0,ICA,arousal__face__gnb__5,8.033281983916115,2,0.4,8.011543500569328,2.378720238295139
P01,pick_place,1,pick_place_s1_35.000,35.0,37.0,ICA,arousal__face__gnb__5,7.330445929240555,3,0.6,7.247912376499586,2.7101724070464845
P01,pick_place,1,pick_place_s1_36.000,36.0,38.0,ICA,arousal__face__gnb__5,8.51549991837536,2,0.4,9.376677969944156,0.5652565155699683
P01,pick_place,1,pick_place_s1_37.000,37.0,39.0,ICA,arousal__face__gnb__5,8.400297549301879,2,0.4,9.141775672974562,0.9616650665478336
P01,pick_place,1,pick_place_s1_38.000,38.0,40.0,ICA,arousal__face__gnb__5,8.999833576381015,2,0.4,9.61876404450789,0.7794110312749484
P01,pick_place,1,pick_place_s1_39.000,39.0,41.0,ICA,arousal__face__gnb__5,11.274458860838587,2,0.4,11.74023047025587,0.5331304328746754
P01,pick_place,1,pick_place_s1_40.000,40.0,42.0,ICA,arousal__face__gnb__5,10.543676746988739,2,0.4,10.676625080400747,2.3407929238414376
P01,pick_place,1,pick_place_s1_41.000,41.0,43.0,ICA,arousal__face__gnb__5,10.069307231699975,2,0.4,10.45120504635105,2.3370238613240875
P01,pick_place,1,pick_place_s1_42.000,42.0,44.0,ICA,arousal__face__gnb__5,12.051251193832266,2,0.4,12.747717761848204,1.2034985976993968
P01,shape_sorter_observation,1,shape_sorter_observation_s1_9.000,9.0,11.0,ICA,arousal__face__gnb__5,18.83527641614012,2,0.4,19.562556401370657,0.2750253198064679
P01,shape_sorter_observation,1,shape_sorter_observation_s1_10.000,10.0,12.0,ICA,arousal__face__gnb__5,13.536037252541162,2,0.4,14.555757440825182,3.008347738043682
P01,shape_sorter_observation,1,shape_sorter_observation_s1_11.000,11.0,13.0,ICA,arousal__face__gnb__5,11.319952766845192,2,0.4,12.161831313533702,3.168418368071537
P01,shape_sorter_observation,1,shape_sorter_observation_s1_12.000,12.0,14.0,ICA,arousal__face__gnb__5,9.41268582004306,1,0.2,10.19234843579973,2.400405605267317
P01,shape_sorter_observation,1,shape_sorter_observation_s1_13.000,13.0,15.0,ICA,arousal__face__gnb__5,9.163025647167121,1,0.2,10.754880872831503,1.0566458738540152
P01,shape_sorter_observation,1,shape_sorter_observation_s1_14.000,14.0,16.0,ICA,arousal__face__gnb__5,9.374189593908067,1,0.2,9.44982119810319,2.1998612790297387
P01,shape_sorter_observation,1,shape_sorter_observation_s1_15.000,15.0,17.0,ICA,arousal__face__gnb__5,6.009723423308113,3,0.6,4.91181078324023,3.650487315722243
P01,shape_sorter_observation,1,shape_sorter_observation_s1_16.000,16.0,18.0,ICA,arousal__face__gnb__5,4.381323147556033,1,0.2,5.701543599489898,0.5670293059455624
P01,shape_sorter_observation,1,shape_sorter_observation_s1_17.000,17.0,19.0,ICA,arousal__face__gnb__5,5.835966025247894,4,0.8,5.392819452241297,2.915820249147211
P01,shape_sorter_observation,1,shape_sorter_observation_s1_18.000,18.0,20.0,ICA,arousal__face__gnb__5,6.542533184672296,4,0.8,5.222693171509404,3.2909773078968225
P01,shape_sorter_observation,1,shape_sorter_observation_s1_19.000,19.0,21.0,ICA,arousal__face__gnb__5,8.222359434100401,4,0.8,6.984630886892871,3.814960730222853
P01,shape_sorter_observation,1,shape_sorter_observation_s1_20.000,20.0,22.0,ICA,arousal__face__gnb__5,9.049885606128433,1,0.2,10.287686016884308,1.7654829579204028
P01,shape_sorter_observation,1,shape_sorter_observation_s1_21.000,21.0,23.0,ICA,arousal__face__gnb__5,7.544336881321047,1,0.2,9.297933420628418,0.9749471818029799
P01,shape_sorter_observation,1,shape_sorter_observation_s1_22.000,22.0,24.0,ICA,arousal__face__gnb__5,6.142725161505854,1,0.2,8.070008419158306,0.35679295147755485
P01,shape_sorter_observation,1,shape_sorter_observation_s1_23.000,23.0,25.0,ICA,arousal__face__gnb__5,7.365563135893863,1,0.2,7.428425887296119,2.0058995068696204
P01,shape_sorter_observation,1,shape_sorter_observation_s1_24.000,24.0,26.0,ICA,arousal__face__gnb__5,9.042110461513532,3,0.6,8.118703040334264,2.7946494469564094
P01,shape_sorter_observation,1,shape_sorter_observation_s1_25.000,25.0,27.0,ICA,arousal__face__gnb__5,10.871143675155722,3,0.6,10.23240303064508,3.717797491129013
P01,shape_sorter_observation,1,shape_sorter_observation_s1_26.000,26.0,28.0,ICA,arousal__face__gnb__5,9.095122049229404,3,0.6,7.657318988668795,4.815671730880053
P01,shape_sorter_observation,1,shape_sorter_observation_s1_27.000,27.0,29.0,ICA,arousal__face__gnb__5,3.711759518486809,1,0.2,5.37865408059082,0.19766935999884683
P01,shape_sorter_observation,1,shape_sorter_observation_s1_28.000,28.0,30.0,ICA,arousal__face__gnb__5,3.9278742791913364,1,0.2,5.0176375498629415,0.5928069983412388
P01,shape_sorter_observation,1,shape_sorter_observation_s1_29.000,29.0,31.0,ICA,arousal__face__gnb__5,4.025814626012014,1,0.2,4.606390483364792,0.9953572658676916
P01,shape_sorter_observation,1,shape_sorter_observation_s1_30.000,30.0,32.0,ICA,arousal__face__gnb__5,6.7321900722168495,3,0.6,5.6547881480120035,2.896868861372979
P01,shape_sorter_observation,1,shape_sorter_observation_s1_31.000,31.0,33.0,ICA,arousal__face__gnb__5,9.897147265385383,3,0.6,9.415567586447375,3.011367184619505
P01,shape_sorter_observation,1,shape_sorter_observation_s1_32.000,32.0,34.0,ICA,arousal__face__gnb__5,8.262234100708243,1,0.2,8.896016340285456,2.150177357686409
P01,shape_sorter_observation,1,shape_sorter_observation_s1_33.000,33.0,35.0,ICA,arousal__face__gnb__5,6.254275309917178,1,0.2,8.156701542286191,0.607004155615928
P01,shape_sorter_observation,1,shape_sorter_observation_s1_34.000,34.0,36.0,ICA,arousal__face__gnb__5,6.3195857415766925,1,0.2,8.302802487261872,0.4348026631167503
P01,shape_sorter_observation,1,shape_sorter_observation_s1_35.000,35.0,37.0,ICA,arousal__face__gnb__5,7.388627027357349,1,0.2,9.25864318589258,0.6824033855051438
P01,shape_sorter_observation,1,shape_sorter_observation_s1_36.000,36.0,38.0,ICA,arousal__face__gnb__5,7.020150131455288,1,0.2,8.507553313113759,1.2077074547897642
P01,shape_sorter_observation,1,shape_sorter_observation_s1_37.000,37.0,39.0,ICA,arousal__face__gnb__5,4.130177155302892,1,0.2,4.148323848578909,2.1529757614714824
P01,shape_sorter_observation,1,shape_sorter_observation_s1_38.000,38.0,40.0,ICA,arousal__face__gnb__5,2.946956776654468,2,0.4,3.8375992941966146,0.8779234859775206
P01,shape_sorter_observation,1,shape_sorter_observation_s1_39.000,39.0,41.0,ICA,arousal__face__gnb__5,3.6516364658961744,1,0.2,4.536040896831676,1.2011650087139045
P01,shape_sorter_observation,1,shape_sorter_observation_s1_40.000,40.0,42.0,ICA,arousal__face__gnb__5,4.331648763543773,3,0.6,3.7498222375702914,2.5703913720377733
P01,shape_sorter_observation,1,shape_sorter_observation_s1_41.000,41.0,43.0,ICA,arousal__face__gnb__5,6.29106754596795,1,0.2,6.676624503130887,1.8368018461183575
P01,shape_sorter_observation,1,shape_sorter_observation_s1_42.000,42.0,44.0,ICA,arousal__face__gnb__5,7.477192667278148,1,0.2,9.036726046712484,1.2268278875784724
P01,shape_sorter_observation,1,shape_sorter_observation_s1_43.000,43.0,45.0,ICA,arousal__face__gnb__5,8.328230863674072,1,0.2,10.119148818764565,1.221442244484958
P01,shape_sorter_observation,1,shape_sorter_observation_s1_44.000,44.0,46.0,ICA,arousal__face__gnb__5,6.969384706561145,1,0.2,8.626841737590135,0.625836887742794
P01,shape_sorter_observation,1,shape_sorter_observation_s1_45.000,45.0,47.0,ICA,arousal__face__gnb__5,4.699094425041096,1,0.2,5.67891664549329,1.3193339560423851
P01,shape_sorter_observation,1,shape_sorter_observation_s1_46.000,46.0,48.0,ICA,arousal__face__gnb__5,4.192613014465174,1,0.2,5.189760027929885,0.7979206066476089
P01,shape_sorter_observation,1,shape_sorter_observation_s1_47.000,47.0,49.0,ICA,arousal__face__gnb__5,3.826592644749508,1,0.2,5.501037965551195,0.45390915774628543
P01,shape_sorter_observation,1,shape_sorter_observation_s1_48.000,48.0,50.0,ICA,arousal__face__gnb__5,3.3721016639330856,1,0.2,4.6640526353703615,0.23201546387548544
P01,shape_sorter_observation,1,shape_sorter_observation_s1_49.000,49.0,51.0,ICA,arousal__face__gnb__5,3.0602042613154583,1,0.2,3.9384721002505714,0.4664841452061972
P01,shape_sorter_observation,1,shape_sorter_observation_s1_50.000,50.0,52.0,ICA,arousal__face__gnb__5,3.5090946490904953,1,0.2,3.430761252176614,0.2598256393014363
P01,shape_sorter_observation,1,shape_sorter_observation_s1_51.000,51.0,53.0,ICA,arousal__face__gnb__5,3.629078762271635,2,0.4,3.5907360520626,0.3494752505545513
P01,shape_sorter_observation,1,shape_sorter_observation_s1_52.000,52.0,54.0,ICA,arousal__face__gnb__5,4.307415608298156,1,0.2,4.538020967472587,1.7538397227982883
P01,shape_sorter_observation,1,shape_sorter_observation_s1_53.000,53.0,55.0,ICA,arousal__face__gnb__5,6.578041552838675,1,0.2,7.13794834374986,1.894578165904357
P01,shape_sorter_observation,1,shape_sorter_observation_s1_54.000,54.0,56.0,ICA,arousal__face__gnb__5,7.596370783260807,1,0.2,8.303621377393144,1.9905071470523714
P01,shape_sorter_observation,1,shape_sorter_observation_s1_55.000,55.0,57.0,ICA,arousal__face__gnb__5,7.3353579254091725,1,0.2,8.418820369870677,1.4856305227175453
P01,shape_sorter_observation,1,shape_sorter_observation_s1_56.000,56.0,58.0,ICA,arousal__face__gnb__5,6.604074885968676,1,0.2,7.953100057657522,1.2124242802642788
P01,shape_sorter_observation,1,shape_sorter_observation_s1_57.000,57.0,59.0,ICA,arousal__face__gnb__5,7.872273645380112,3,0.6,7.348116321541209,3.1874865996841537
P01,shape_sorter_observation,1,shape_sorter_observation_s1_58.000,58.0,60.0,ICA,arousal__face__gnb__5,5.04737191338254,2,0.4,6.8840056205979225,1.5594950847339384
P01,shape_sorter_observation,1,shape_sorter_observation_s1_59.000,59.0,61.0,ICA,arousal__face__gnb__5,8.664975989938226,3,0.6,8.451676807282926,3.178215254460757
P01,shape_sorter_observation,1,shape_sorter_observation_s1_60.000,60.0,62.0,ICA,arousal__face__gnb__5,14.974521835939768,3,0.6,13.76928946113149,6.104926776605225
P01,shape_sorter_observation,1,shape_sorter_observation_s1_61.000,61.0,63.0,ICA,arousal__face__gnb__5,17.53049207847795,2,0.4,18.281471636979173,1.0338892891537688
P01,shape_sorter_observation,1,shape_sorter_observation_s1_62.000,62.0,64.0,ICA,arousal__face__gnb__5,17.453519012788732,2,0.4,18.11335832776834,1.24551770425815
P01,stack,1,stack_s1_5.000,5.0,7.0,ICA,arousal__face__gnb__5,20.07585987078298,3,0.6,20.460970337853922,2.929760026384736
P01,stack,1,stack_s1_6.000,6.0,8.0,ICA,arousal__face__gnb__5,15.81270852287369,3,0.6,12.337074016134643,7.569942114040847
P01,stack,1,stack_s1_7.000,7.0,9.0,ICA,arousal__face__gnb__5,5.769344202128254,2,0.4,5.306147609380177,0.5160450046131433
P01,stack,1,stack_s1_8.000,8.0,10.0,ICA,arousal__face__gnb__5,5.663555970720963,2,0.4,4.913471286257727,0.547578861413669
P01,stack,1,stack_s1_9.000,9.0,11.0,ICA,arousal__face__gnb__5,5.0687645208255825,2,0.4,4.7718794280642465,0.9431475636338649
P01,stack,1,stack_s1_10.000,10.0,12.0,ICA,arousal__face__gnb__5,4.859552266557689,2,0.4,4.916306014515567,0.5615383572726816
P01,stack,1,stack_s1_11.000,11.0,13.0,ICA,arousal__face__gnb__5,5.445674178678964,2,0.4,4.872176044907632,0.5137288380107924
P01,stack,1,stack_s1_12.000,12.0,14.0,ICA,arousal__face__gnb__5,5.635901932031556,2,0.4,4.777628856300724,0.47841518101542435
P01,stack,1,stack_s1_13.000,13.0,15.0,ICA,arousal__face__gnb__5,6.817957868120042,1,0.2,7.089980589174041,2.114991543815291
P01,stack,1,stack_s1_14.000,14.0,16.0,ICA,arousal__face__gnb__5,7.864022845563815,1,0.2,9.918745007754675,0.21039638481736056
P01,stack,1,stack_s1_15.000,15.0,17.0,ICA,arousal__face__gnb__5,7.693127184404875,1,0.2,8.790426580181126,1.314756532812185
P01,stack,1,stack_s1_16.000,16.0,18.0,ICA,arousal__face__gnb__5,6.8304163339157675,1,0.2,7.962654739634468,1.3438629344712234
P01,stack,1,stack_s1_17.000,17.0,19.0,ICA,arousal__face__gnb__5,6.478228608739555,2,0.4,6.456435155201484,1.5366822245255591
P01,stack,1,stack_s1_18.000,18.0,20.0,ICA,arousal__face__gnb__5,4.589281565160773,2,0.4,6.48177431718963,2.2959714858432885
P01,stack,1,stack_s1_19.000,19.0,21.0,ICA,arousal__face__gnb__5,6.139661650554755,3,0.6,7.125717716003808,3.01228368860061
P01,stack,1,stack_s1_20.000,20.0,22.0,ICA,arousal__face__gnb__5,5.380057667728731,2,0.4,5.824306431528447,2.648457911370737
P01,stack,1,stack_s1_21.000,21.0,23.0,ICA,arousal__face__gnb__5,4.484397584516895,1,0.2,5.889790459767769,0.854965305212935
P01,stack,1,stack_s1_22.000,22.0,24.0,ICA,arousal__face__gnb__5,2.7614920810440635,1,0.2,5.020217265381255,2.0095392681151094
P01,stack,1,stack_s1_23.000,23.0,25.0,ICA,arousal__face__gnb__5,3.799332850398833,3,0.6,4.810495775214169,3.0596218349559714
P01,stack,1,stack_s1_24.000,24.0,26.0,ICA,arousal__face__gnb__5,3.982065234019289,2,0.4,4.442743313761116,2.402281117001478
P01,stack,1,stack_s1_25.000,25.0,27.0,ICA,arousal__face__gnb__5,3.119474209910201,1,0.2,3.894119557561201,1.2724221648316683
P01,stack,1,stack_s1_26.000,26.0,28.0,ICA,arousal__face__gnb__5,25.94274628759011,3,0.6,25.51836109236975,4.0587132551516225
P01,stack,1,stack_s1_27.000,27.0,29.0,ICA,arousal__face__gnb__5,46.00553679377875,2,0.4,38.87418046939501,2.749132907910965
P01,stack,1,stack_s1_28.000,28.0,30.0,ICA,arousal__face__gnb__5,33.372859124908295,3,0.6,26.914346433772455,3.439561363311709
P01,stack,1,stack_s1_29.000,29.0,31.0,ICA,arousal__face__gnb__5,19.498376107464065,2,0.4,15.43998014117665,1.8318848620900987
P01,stack,1,stack_s1_30.000,30.0,32.0,ICA,arousal__face__gnb__5,5.61592845663373,1,0.2,7.629261071816155,0.3065486377560862
P01,stack,1,stack_s1_31.000,31.0,33.0,ICA,arousal__face__gnb__5,5.650780537890021,1,0.2,7.538089963865141,0.6980589166006324
P01,stack,1,stack_s1_32.000,32.0,34.0,ICA,arousal__face__gnb__5,6.928163524280091,1,0.2,8.986994965712348,0.11112084504830333
P01,stack,1,stack_s1_33.000,33.0,35.0,ICA,arousal__face__gnb__5,7.31460519194411,2,0.4,7.5265542488206725,1.8570644905658111
P01,stack,1,stack_s1_34.000,34.0,36.0,ICA,arousal__face__gnb__5,7.41800589668032,3,0.6,6.7717108065951805,2.628135059792183
P01,stack,1,stack_s1_35.000,35.0,37.0,ICA,arousal__face__gnb__5,7.708095566505439,1,0.2,8.478300873423795,1.7128186551320486
P01,stack,1,stack_s1_36.000,36.0,38.0,ICA,arousal__face__gnb__5,5.767090468348264,2,0.4,5.270754471510665,2.425963678783769
P01,stack,1,stack_s1_37.000,37.0,39.0,ICA,arousal__face__gnb__5,3.3576724515737926,2,0.4,4.015606340708076,0.41629247480926534
P01,stack,1,stack_s1_38.000,38.0,40.0,ICA,arousal__face__gnb__5,4.083536857310669,1,0.2,4.179320639926716,1.2318660190088506
P01,stack,1,stack_s1_39.000,39.0,41.0,ICA,arousal__face__gnb__5,3.9078410796381764,1,0.2,4.975551875624401,0.6030573561181529
P01,stack,1,stack_s1_40.000,40.0,42.0,ICA,arousal__face__gnb__5,3.2678596196488088,1,0.2,3.679787480728784,0.494677532494917
P01,stack,1,stack_s1_41.000,41.0,43.0,ICA,arousal__face__gnb__5,3.962399184600787,1,0.2,3.7413857708539484,0.9564461604556851
P01,stack,1,stack_s1_42.000,42.0,44.0,ICA,arousal__face__gnb__5,7.498916881002005,2,0.4,7.526089003212381,2.997868452042558
P01,stack,1,stack_s1_43.000,43.0,45.0,ICA,arousal__face__gnb__5,8.053270765716498,1,0.2,9.806242827996952,0.9163686442398864
P01,stack,1,stack_s1_44.000,44.0,46.0,ICA,arousal__face__gnb__5,7.276979453286997,1,0.2,9.227221331576152,0.42810273139805066
P01,stack,1,stack_s1_45.000,45.0,47.0,ICA,arousal__face__gnb__5,7.105803750986785,1,0.2,9.179725947411935,0.6130992682122272
P01,stack,1,stack_s1_46.000,46.0,48.0,ICA,arousal__face__gnb__5,6.483168826022479,1,0.2,8.581384289466046,0.4594603935462973
P01,stack,1,stack_s1_47.000,47.0,49.0,ICA,arousal__face__gnb__5,6.4552718784953695,1,0.2,7.597193067249728,1.314137215621691
P01,stack,1,stack_s1_48.000,48.0,50.0,ICA,arousal__face__gnb__5,7.370192662740556,1,0.2,7.7128247813013795,2.424316350561381
P01,stack,1,stack_s1_49.000,49.0,51.0,ICA,arousal__face__gnb__5,6.8162626869274225,1,0.2,7.663106610042569,1.815280082445382
P01,stack,1,stack_s1_50.000,50.0,52.0,ICA,arousal__face__gnb__5,5.119525668876674,1,0.2,5.534985607462617,1.7712468943208135
P01,stack,1,stack_s1_51.000,51.0,53.0,ICA,arousal__face__gnb__5,3.878181471335658,1,0.2,3.9486800730584553,1.1708565011089493
P01,stack,1,stack_s1_52.000,52.0,54.0,ICA,arousal__face__gnb__5,4.9215750283451944,1,0.2,5.223037972429619,1.5052374803094173
P01,stack,1,stack_s1_53.000,53.0,55.0,ICA,arousal__face__gnb__5,6.048020239534511,1,0.2,6.935624328464175,1.429238672782543
P01,stack,1,stack_s1_54.000,54.0,56.0,ICA,arousal__face__gnb__5,5.029956023966838,1,0.2,7.004052838871011,0.4410571230857902
P01,stack,1,stack_s1_55.000,55.0,57.0,ICA,arousal__face__gnb__5,4.885140535882262,1,0.2,6.41448455083303,0.7945764140582624
P01,stack,1,stack_s1_56.000,56.0,58.0,ICA,arousal__face__gnb__5,6.529120500070775,1,0.2,7.550837314892997,1.8427136349794702
P01,stack,1,stack_s1_57.000,57.0,59.0,ICA,arousal__face__gnb__5,6.459124568644467,1,0.2,8.117889849242253,1.0773943190031678
P01,stack,1,stack_s1_58.000,58.0,60.0,ICA,arousal__face__gnb__5,4.629262943906539,1,0.2,6.58067646991915,0.23520289785473422
P01,stack,1,stack_s1_59.000,59.0,61.0,ICA,arousal__face__gnb__5,4.975899009212381,1,0.2,7.002983934389288,0.2770440644977449
P01,stack,1,stack_s1_60.000,60.0,62.0,ICA,arousal__face__gnb__5,5.60216270216171,1,0.2,7.56749741670809,0.5842905854584693
P01,stack,1,stack_s1_61.000,61.0,63.0,ICA,arousal__face__gnb__5,5.295990806877691,1,0.2,7.293019762403162,0.6818251080763518
P01,stack,1,stack_s1_62.000,62.0,64.0,ICA,arousal__face__gnb__5,4.7272197390901995,1,0.2,6.8205961965372035,0.5444622114281152
P01,stack,1,stack_s1_63.000,63.0,65.0,ICA,arousal__face__gnb__5,7.462555936662955,1,0.2,8.67548956743831,1.9441051793247988
P01,stack,1,stack_s1_64.000,64.0,66.0,ICA,arousal__face__gnb__5,9.369740007858505,2,0.4,10.2408858245682,2.108920136734652
P01,stack,1,stack_s1_65.000,65.0,67.0,ICA,arousal__face__gnb__5,11.217349403208026,4,0.8,11.411384941263732,3.6483190048818486
P01,stack,1,stack_s1_66.000,66.0,68.0,ICA,arousal__face__gnb__5,16.29466652871349,3,0.6,16.673453495557958,4.244698261574927
P01,stack,1,stack_s1_67.000,67.0,69.0,ICA,arousal__face__gnb__5,20.424344657181567,4,0.8,20.13042124286246,6.341038529861895
P01,stack,1,stack_s1_68.000,68.0,70.0,ICA,arousal__face__gnb__5,9.253737348089519,3,0.6,9.896854934887937,6.29251863100053
P01,sisyphus,1,sisyphus_s1_6.000,6.0,8.0,ICA,arousal__face__gnb__5,14.776730867726354,4,0.8,14.241657546824129,4.256081529540669
P01,sisyphus,1,sisyphus_s1_7.000,7.0,9.0,ICA,arousal__face__gnb__5,12.688276869051991,4,0.8,12.972087955456656,3.2061369130273762
P01,sisyphus,1,sisyphus_s1_8.000,8.0,10.0,ICA,arousal__face__gnb__5,9.766354122498829,3,0.6,8.708437503809884,2.9737883850906734
P01,sisyphus,1,sisyphus_s1_9.000,9.0,11.0,ICA,arousal__face__gnb__5,6.658982718788136,2,0.4,6.727341554671885,1.5622849843316542
P01,sisyphus,1,sisyphus_s1_10.000,10.0,12.0,ICA,arousal__face__gnb__5,6.699989760549969,1,0.2,9.419068661980484,1.5662466500174348
P01,sisyphus,1,sisyphus_s1_11.000,11.0,13.0,ICA,arousal__face__gnb__5,7.599647203337304,2,0.4,11.140800306998923,2.0260547045324495
P01,sisyphus,1,sisyphus_s1_12.000,12.0,14.0,ICA,arousal__face__gnb__5,10.939993097876574,2,0.4,14.227059061086155,1.8714458636944
P01,sisyphus,1,sisyphus_s1_13.000,13.0,15.0,ICA,arousal__face__gnb__5,8.813048132011616,3,0.6,11.979724791389815,4.098670627032029
P01,sisyphus,1,sisyphus_s1_14.000,14.0,16.0,ICA,arousal__face__gnb__5,4.648720125747945,2,0.4,6.770993897028649,2.2895327626655977
P01,sisyphus,1,sisyphus_s1_15.000,15.0,17.0,ICA,arousal__face__gnb__5,6.306163262450411,3,0.6,8.776504378465715,3.6931582876301343
P01,sisyphus,1,sisyphus_s1_16.000,16.0,18.0,ICA,arousal__face__gnb__5,9.395301185244996,2,0.4,12.142666204614727,2.92868934835833
P01,sisyphus,1,sisyphus_s1_17.000,17.0,19.0,ICA,arousal__face__gnb__5,6.338728898599809,2,0.4,9.833545727021079,3.132832091272562
P01,sisyphus,1,sisyphus_s1_18.000,18.0,20.0,ICA,arousal__face__gnb__5,6.2442798042416126,2,0.4,9.236318978087803,2.4415605933222193
P01,sisyphus,1,sisyphus_s1_19.000,19.0,21.0,ICA,arousal__face__gnb__5,5.935613170953628,2,0.4,9.222510274531901,3.3178705498343906
P01,sisyphus,1,sisyphus_s1_20.000,20.0,22.0,ICA,arousal__face__gnb__5,5.253390736722932,3,0.6,8.213626756255946,3.5619342499367392
P01,sisyphus,1,sisyphus_s1_21.000,21.0,23.0,ICA,arousal__face__gnb__5,7.137780052799564,2,0.4,8.494852411492793,0.9849797651790375
P01,sisyphus,1,sisyphus_s1_22.000,22.0,24.0,ICA,arousal__face__gnb__5,6.305799415973623,2,0.4,7.126551328950255,0.9972822621231789
P01,sisyphus,1,sisyphus_s1_23.000,23.0,25.0,ICA,arousal__face__gnb__5,6.073676144629841,2,0.4,6.604359631549028,0.8818812318222333
P01,sisyphus,1,sisyphus_s1_24.000,24.0,26.0,ICA,arousal__face__gnb__5,6.492986857195286,2,0.4,6.947750892757131,0.9401412131899829
P01,sisyphus,1,sisyphus_s1_25.000,25.0,27.0,ICA,arousal__face__gnb__5,6.865387597074633,2,0.4,7.519628444597302,0.8825847709079357
P01,sisyphus,1,sisyphus_s1_26.000,26.0,28.0,ICA,arousal__face__gnb__5,7.183921343603704,2,0.4,8.166176916652494,0.7511907519902614
P01,sisyphus,1,sisyphus_s1_27.000,27.0,29.0,ICA,arousal__face__gnb__5,6.041703063983302,2,0.4,6.5729501904473935,1.6864828276913848
P01,sisyphus,1,sisyphus_s1_28.000,28.0,30.0,ICA,arousal__face__gnb__5,4.306300629341741,1,0.2,5.387192775230037,0.8857778911240876
P01,sisyphus,1,sisyphus_s1_29.000,29.0,31.0,ICA,arousal__face__gnb__5,4.075411139676302,1,0.2,5.231624585762795,0.9940198425717821
P01,sisyphus,1,sisyphus_s1_30.000,30.0,32.0,ICA,arousal__face__gnb__5,5.016644711826983,2,0.4,5.638785490963001,1.457052651724556
P01,sisyphus,1,sisyphus_s1_31.000,31.0,33.0,ICA,arousal__face__gnb__5,5.552432337644036,3,0.6,5.850422847971616,5.0421391353768605
P01,sisyphus,1,sisyphus_s1_32.000,32.0,34.0,ICA,arousal__face__gnb__5,15.447530306282198,3,0.6,14.542909131538954,4.074397290549691
P01,sisyphus,1,sisyphus_s1_33.000,33.0,35.0,ICA,arousal__face__gnb__5,16.107266767825717,2,0.4,16.71017690794365,2.897354429029099
P01,sisyphus,1,sisyphus_s1_34.000,34.0,36.0,ICA,arousal__face__gnb__5,12.438374704734814,3,0.6,11.388016292138326,3.873990250928146
P01,sisyphus,1,sisyphus_s1_35.000,35.0,37.0,ICA,arousal__face__gnb__5,5.053627615527986,3,0.6,7.117429229880598,4.923286609349841
P01,sisyphus,1,sisyphus_s1_36.000,36.0,38.0,ICA,arousal__face__gnb__5,7.0079161407069535,5,1.0,10.664899519321851,3.939257361229658
P01,sisyphus,1,sisyphus_s1_37.000,37.0,39.0,ICA,arousal__face__gnb__5,8.698402349595916,2,0.4,10.745892496310496,2.1060096580742362
P01,sisyphus,1,sisyphus_s1_38.000,38.0,40.0,ICA,arousal__face__gnb__5,6.169077350218714,3,0.6,6.297288208724459,2.314869355045933
P01,sisyphus,1,sisyphus_s1_39.000,39.0,41.0,ICA,arousal__face__gnb__5,3.9667452630398072,3,0.6,7.027705503908027,3.256784972551771
P01,sisyphus,1,sisyphus_s1_40.000,40.0,42.0,ICA,arousal__face__gnb__5,6.4155329981794145,2,0.4,8.203139227314503,0.6621713425597975
P01,sisyphus,1,sisyphus_s1_41.000,41.0,43.0,ICA,arousal__face__gnb__5,4.526055216451613,2,0.4,6.352526685683547,0.4316325949287018
P01,sisyphus,1,sisyphus_s1_42.000,42.0,44.0,ICA,arousal__face__gnb__5,3.883624603244994,2,0.4,5.439082083105923,0.4071723709118156
P01,sisyphus,1,sisyphus_s1_43.000,43.0,45.0,ICA,arousal__face__gnb__5,4.764388780818679,2,0.4,7.13036823062948,1.8615672051559287
P01,sisyphus,1,sisyphus_s1_44.000,44.0,46.0,ICA,arousal__face__gnb__5,5.847914925716025,2,0.4,7.846418846933177,1.2628782290398868
P01,sisyphus,1,sisyphus_s1_45.000,45.0,47.0,ICA,arousal__face__gnb__5,4.800317328304911,2,0.4,6.437911908578398,0.2548308487896524
P01,sisyphus,1,sisyphus_s1_46.000,46.0,48.0,ICA,arousal__face__gnb__5,3.623257297135417,2,0.4,5.087019509837397,0.677538976136139
P01,sisyphus,1,sisyphus_s1_47.000,47.0,49.0,ICA,arousal__face__gnb__5,3.3639378377658185,2,0.4,4.87819321568015,2.0965835770323054
P01,sisyphus,1,sisyphus_s1_48.000,48.0,50.0,ICA,arousal__face__gnb__5,1.4740206353236533,0,0.0,3.930113313798926,2.6883970201069944
P01,sisyphus,1,sisyphus_s1_49.000,49.0,51.0,ICA,arousal__face__gnb__5,0.9722236336842692,0,0.0,1.9361276738504412,1.750997466291402
P01,sisyphus,1,sisyphus_s1_50.000,50.0,52.0,ICA,arousal__face__gnb__5,1.3798493939261471,0,0.0,2.486770393536716,1.3177995813463625
P01,sisyphus,1,sisyphus_s1_51.000,51.0,53.0,ICA,arousal__face__gnb__5,2.7809512823653217,0,0.0,3.823911098353121,0.7230001908164957
P01,sisyphus,1,sisyphus_s1_52.000,52.0,54.0,ICA,arousal__face__gnb__5,3.1262029256227493,1,0.2,3.998687338698334,0.8732508873028161
P01,shape_sorter_interaction,1,shape_sorter_interaction_s1_9.000,9.0,11.0,ICA,arousal__face__gnb__5,5.633004264290797,2,0.4,5.851479772223233,1.128371485338031
P01,shape_sorter_interaction,1,shape_sorter_interaction_s1_10.000,10.0,12.0,ICA,arousal__face__gnb__5,9.091163941313683,2,0.4,8.794923452347643,2.036014492887087
P01,shape_sorter_interaction,1,shape_sorter_interaction_s1_11.000,11.0,13.0,ICA,arousal__face__gnb__5,7.8656884521435595,3,0.6,6.887077357077407,3.24529382562797
P01,shape_sorter_interaction,1,shape_sorter_interaction_s1_12.000,12.0,14.0,ICA,arousal__face__gnb__5,3.8186142335822204,1,0.2,5.313855893256638,0.3539409128107466
P01,shape_sorter_interaction,1,shape_sorter_interaction_s1_13.000,13.0,15.0,ICA,arousal__face__gnb__5,5.273058881593364,2,0.4,5.795926901262939,3.587109254987258
P01,shape_sorter_interaction,1,shape_sorter_interaction_s1_14.000,14.0,16.0,ICA,arousal__face__gnb__5,6.433223124322988,3,0.6,7.48798557406494,4.602121505622498
P01,shape_sorter_interaction,1,shape_sorter_interaction_s1_15.000,15.0,17.0,ICA,arousal__face__gnb__5,6.101933173382776,2,0.4,7.166095329583939,3.314665118411479
P01,shape_sorter_interaction,1,shape_sorter_interaction_s1_16.000,16.0,18.0,ICA,arousal__face__gnb__5,5.629676624930318,2,0.4,5.701393243521728,1.06155601322087
P01,shape_sorter_interaction,1,shape_sorter_interaction_s1_17.000,17.0,19.0,ICA,arousal__face__gnb__5,6.112733267362823,3,0.6,6.06308348805901,1.282109974007985
P01,shape_sorter_interaction,1,shape_sorter_interaction_s1_18.000,18.0,20.0,ICA,arousal__face__gnb__5,6.213918688911076,2,0.4,6.285539105171513,1.2601909721272766
P01,shape_sorter_interaction,1,shape_sorter_interaction_s1_19.000,19.0,21.0,ICA,arousal__face__gnb__5,6.181922257609764,2,0.4,6.271015580783525,1.065650425166835
P01,shape_sorter_interaction,1,shape_sorter_interaction_s1_20.000,20.0,22.0,ICA,arousal__face__gnb__5,5.487168083414117,2,0.4,5.706980598102348,0.8265558462070316
P01,shape_sorter_interaction,1,shape_sorter_interaction_s1_21.000,21.0,23.0,ICA,arousal__face__gnb__5,4.524100071329143,2,0.4,5.74516255904503,1.0271010607268478
P01,shape_sorter_interaction,1,shape_sorter_interaction_s1_22.000,22.0,24.0,ICA,arousal__face__gnb__5,3.8710511639605794,1,0.2,5.727007788953121,0.9173936424710811
P01,shape_sorter_interaction,1,shape_sorter_interaction_s1_23.000,23.0,25.0,ICA,arousal__face__gnb__5,3.375322683253138,1,0.2,5.2113916742607165,0.773738376090015
P01,shape_sorter_interaction,1,shape_sorter_interaction_s1_24.000,24.0,26.0,ICA,arousal__face__gnb__5,3.341974884249547,1,0.2,5.039505563628639,0.7814378198623325
P01,shape_sorter_interaction,1,shape_sorter_interaction_s1_25.000,25.0,27.0,ICA,arousal__face__gnb__5,5.741211031038539,3,0.6,6.365343461830367,5.240835240105072
P01,shape_sorter_interaction,1,shape_sorter_interaction_s1_26.000,26.0,28.0,ICA,arousal__face__gnb__5,7.067353531699268,3,0.6,8.91615570084377,4.380033193191573
P01,shape_sorter_interaction,1,shape_sorter_interaction_s1_27.000,27.0,29.0,ICA,arousal__face__gnb__5,4.956449666789878,3,0.6,5.9451096622826585,3.9109151294445152
P01,shape_sorter_interaction,1,shape_sorter_interaction_s1_28.000,28.0,30.0,ICA,arousal__face__gnb__5,4.854722042267454,2,0.4,5.819144257833053,1.136410067786411
P01,shape_sorter_interaction,1,shape_sorter_interaction_s1_29.000,29.0,31.0,ICA,arousal__face__gnb__5,4.901469065891515,2,0.4,5.84665128981206,1.008954806641105
P01,shape_sorter_interaction,1,shape_sorter_interaction_s1_30.000,30.0,32.0,ICA,arousal__face__gnb__5,4.421919486185988,2,0.4,5.582142011047994,0.9276986906848611
P01,shape_sorter_interaction,1,shape_sorter_interaction_s1_31.000,31.0,33.0,ICA,arousal__face__gnb__5,4.8680288154161,2,0.4,5.463090250311753,1.1514394636792717
P01,shape_sorter_interaction,1,shape_sorter_interaction_s1_32.000,32.0,34.0,ICA,arousal__face__gnb__5,5.585124588621422,2,0.4,5.709818921907705,1.0801671031834401
P01,shape_sorter_interaction,1,shape_sorter_interaction_s1_33.000,33.0,35.0,ICA,arousal__face__gnb__5,5.6465831311414965,2,0.4,5.7940943160088985,1.134202238964873
P01,shape_sorter_interaction,1,shape_sorter_interaction_s1_34.000,34.0,36.0,ICA,arousal__face__gnb__5,5.700402860773982,2,0.4,5.876220274581608,1.150053322038607
P01,shape_sorter_interaction,1,shape_sorter_interaction_s1_35.000,35.0,37.0,ICA,arousal__face__gnb__5,5.462227654756395,2,0.4,5.811394984121272,1.0863723779163028
P01,shape_sorter_interaction,1,shape_sorter_interaction_s1_36.000,36.0,38.0,ICA,arousal__face__gnb__5,4.09704849644506,1,0.2,5.6973987948188345,1.0293770047347246
P01,shape_sorter_interaction,1,shape_sorter_interaction_s1_37.000,37.0,39.0,ICA,arousal__face__gnb__5,3.4677340244057717,1,0.2,5.21141190721171,0.6451402003577998
P01,shape_sorter_interaction,1,shape_sorter_interaction_s1_38.000,38.0,40.0,ICA,arousal__face__gnb__5,3.2005626718518183,1,0.2,4.23378020220195,0.5824598560863474
P01,shape_sorter_interaction,1,shape_sorter_interaction_s1_39.000,39.0,41.0,ICA,arousal__face__gnb__5,3.1320878726633334,1,0.2,4.131936147041503,0.6934361590355842
P01,shape_sorter_interaction,1,shape_sorter_interaction_s1_40.000,40.0,42.0,ICA,arousal__face__gnb__5,3.3669533389997235,1,0.2,4.304273950291163,0.7482040918388476
P01,shape_sorter_interaction,1,shape_sorter_interaction_s1_41.000,41.0,43.0,ICA,arousal__face__gnb__5,3.4253790026030515,1,0.2,4.683448178640346,1.8519680188869954
P01,shape_sorter_interaction,1,shape_sorter_interaction_s1_42.000,42.0,44.0,ICA,arousal__face__gnb__5,7.24064187095551,3,0.6,8.934576919920113,5.90075850738862
P01,shape_sorter_interaction,1,shape_sorter_interaction_s1_43.000,43.0,45.0,ICA,arousal__face__gnb__5,11.452988499353067,2,0.4,13.461081649273591,1.1664569675539305
P01,shape_sorter_interaction,1,shape_sorter_interaction_s1_44.000,44.0,46.0,ICA,arousal__face__gnb__5,6.919509438220465,3,0.6,9.0496318273479,4.251015215561225
P01,shape_sorter_interaction,1,shape_sorter_interaction_s1_45.000,45.0,47.0,ICA,arousal__face__gnb__5,4.115854967039374,2,0.4,4.924650997815384,1.8232854338779685
P01,shape_sorter_interaction,1,shape_sorter_interaction_s1_46.000,46.0,48.0,ICA,arousal__face__gnb__5,3.3556108708048487,1,0.2,4.402004321970864,1.9101902581842836
P01,shape_sorter_interaction,1,shape_sorter_interaction_s1_47.000,47.0,49.0,ICA,arousal__face__gnb__5,2.993134309816353,1,0.2,4.260050922804558,1.8751282919322347
P01,shape_sorter_interaction,1,shape_sorter_interaction_s1_48.000,48.0,50.0,ICA,arousal__face__gnb__5,3.813219110301005,2,0.4,4.67105980798087,1.717210890459825
P01,shape_sorter_interaction,1,shape_sorter_interaction_s1_49.000,49.0,51.0,ICA,arousal__face__gnb__5,5.178173974975879,2,0.4,5.218803238213189,1.0838767171494685
P01,shape_sorter_interaction,1,shape_sorter_interaction_s1_50.000,50.0,52.0,ICA,arousal__face__gnb__5,5.394996291570338,4,0.8,5.221007622140339,1.2859541229118954
P01,shape_sorter_interaction,1,shape_sorter_interaction_s1_51.000,51.0,53.0,ICA,arousal__face__gnb__5,5.535465907307061,2,0.4,6.708161474285196,1.7301279681044186
P01,shape_sorter_interaction,1,shape_sorter_interaction_s1_52.000,52.0,54.0,ICA,arousal__face__gnb__5,5.970580672227081,2,0.4,7.19536621430876,1.3775225550357084
P01,shape_sorter_interaction,1,shape_sorter_interaction_s1_53.000,53.0,55.0,ICA,arousal__face__gnb__5,4.143366197769434,2,0.4,4.727000631280934,2.305604203592357
P01,shape_sorter_interaction,1,shape_sorter_interaction_s1_54.000,54.0,56.0,ICA,arousal__face__gnb__5,2.6720827350466085,1,0.2,4.495198044953681,1.661632474662702
P01,shape_sorter_interaction,1,shape_sorter_interaction_s1_55.000,55.0,57.0,ICA,arousal__face__gnb__5,2.6092918869682906,1,0.2,4.5230531591868255,0.46842015778395213
P01,shape_sorter_interaction,1,shape_sorter_interaction_s1_56.000,56.0,58.0,ICA,arousal__face__gnb__5,3.0439510910527785,1,0.2,4.266722520917766,0.20430920778062453
P01,shape_sorter_interaction,1,shape_sorter_interaction_s1_57.000,57.0,59.0,ICA,arousal__face__gnb__5,3.3828020562549854,1,0.2,4.405835947770722,0.5716101759321149
P01,shape_sorter_interaction,1,shape_sorter_interaction_s1_58.000,58.0,60.0,ICA,arousal__face__gnb__5,3.1190321558053653,1,0.2,4.873576053109832,0.9822526709467582
P01,shape_sorter_interaction,1,shape_sorter_interaction_s1_59.000,59.0,61.0,ICA,arousal__face__gnb__5,6.6741821310884735,3,0.6,7.1300118761473925,5.818836511398535
P01,shape_sorter_interaction,1,shape_sorter_interaction_s1_60.000,60.0,62.0,ICA,arousal__face__gnb__5,11.359104136420179,2,0.4,13.510629806013217,1.3186847611149053
P01,shape_sorter_interaction,1,shape_sorter_interaction_s1_61.000,61.0,63.0,ICA,arousal__face__gnb__5,6.344987414332309,4,0.8,8.582867077066203,3.94002181669796
P01,shape_sorter_interaction,1,shape_sorter_interaction_s1_62.000,62.0,64.0,ICA,arousal__face__gnb__5,2.60494093625869,2,0.4,4.130935826918608,2.3880323766701586
P01,shape_sorter_interaction,1,shape_sorter_interaction_s1_63.000,63.0,65.0,ICA,arousal__face__gnb__5,2.0040429703058775,1,0.2,3.8862667393858126,2.0363310336239664
P01,shape_sorter_interaction,1,shape_sorter_interaction_s1_64.000,64.0,66.0,ICA,arousal__face__gnb__5,2.3192659599953065,1,0.2,3.7691188933778657,0.3853874099405786
P01,shape_sorter_interaction,1,shape_sorter_interaction_s1_65.000,65.0,67.0,ICA,arousal__face__gnb__5,3.070507044346446,1,0.2,4.542965038699621,1.1879818465532017
P01,shape_sorter_interaction,1,shape_sorter_interaction_s1_66.000,66.0,68.0,ICA,arousal__face__gnb__5,4.3342925031710955,2,0.4,5.078206256951539,0.4830797359233955
P01,shape_sorter_interaction,1,shape_sorter_interaction_s1_67.000,67.0,69.0,ICA,arousal__face__gnb__5,4.314137614823941,2,0.4,4.8204744980750585,0.6210226231884347
P01,shape_sorter_interaction,1,shape_sorter_interaction_s1_68.000,68.0,70.0,ICA,arousal__face__gnb__5,4.655291480571389,2,0.4,4.825327111186399,0.9960171817879863
P01,shape_sorter_interaction,1,shape_sorter_interaction_s1_69.000,69.0,71.0,ICA,arousal__face__gnb__5,4.880453822516753,2,0.4,5.685241936021192,0.7970029601833765
P01,shape_sorter_interaction,1,shape_sorter_interaction_s1_70.000,70.0,72.0,ICA,arousal__face__gnb__5,4.784165162281273,2,0.4,5.588978533661423,0.9798296860524652
P01,shape_sorter_interaction,1,shape_sorter_interaction_s1_71.000,71.0,73.0,ICA,arousal__face__gnb__5,2.628755719368937,1,0.2,4.182234405738126,1.3707696658592528
P01,shape_sorter_interaction,1,shape_sorter_interaction_s1_72.000,72.0,74.0,ICA,arousal__face__gnb__5,2.076204430490474,1,0.2,4.142352737349869,1.1683890204191487
P01,shape_sorter_interaction,1,shape_sorter_interaction_s1_73.000,73.0,75.0,ICA,arousal__face__gnb__5,2.811729592546899,1,0.2,4.617279951983022,0.7038450744196115
P01,shape_sorter_interaction,1,shape_sorter_interaction_s1_74.000,74.0,76.0,ICA,arousal__face__gnb__5,3.483979142071661,1,0.2,4.415581210442905,0.584726731565015
P01,shape_sorter_interaction,1,shape_sorter_interaction_s1_75.000,75.0,77.0,ICA,arousal__face__gnb__5,3.0030107060735776,1,0.2,3.803497248380607,0.2882785485881571
P01,shape_sorter_interaction,1,shape_sorter_interaction_s1_76.000,76.0,78.0,ICA,arousal__face__gnb__5,4.401214206656173,2,0.4,5.132026136790291,0.5915786336537249
P01,shape_sorter_interaction,1,shape_sorter_interaction_s1_77.000,77.0,79.0,ICA,arousal__face__gnb__5,7.282626239319148,3,0.6,7.85670803021426,6.02226784787688
P01,shape_sorter_interaction,1,shape_sorter_interaction_s1_78.000,78.0,80.0,ICA,arousal__face__gnb__5,7.753848348070542,4,0.8,9.754538295033646,5.036788315257685
P01,shape_sorter_interaction,1,shape_sorter_interaction_s1_79.000,79.0,81.0,ICA,arousal__face__gnb__5,17.467860117689533,3,0.6,17.58332459820564,5.553944975506211
P01,shape_sorter_interaction,1,shape_sorter_interaction_s1_80.000,80.0,82.0,ICA,arousal__face__gnb__5,17.93360050900035,2,0.4,18.847274629709474,0.6969990251975022
P01,shape_sorter_interaction,1,shape_sorter_interaction_s1_81.000,81.0,83.0,ICA,arousal__face__gnb__5,20.01903892800825,4,0.8,15.850844180202381,6.591514492716498
P01,shape_sorter_interaction,1,shape_sorter_interaction_s1_82.000,82.0,84.0,ICA,arousal__face__gnb__5,18.304683221490613,3,0.6,18.76892062528239,4.665793844027731
P01,shape_sorter_alone,1,shape_sorter_alone_s1_1.000,1.0,3.0,ICA,arousal__face__gnb__5,6.787334619315143,4,0.8,10.266177560686536,4.692543314187061
P01,shape_sorter_alone,1,shape_sorter_alone_s1_2.000,2.0,4.0,ICA,arousal__face__gnb__5,9.287809922583731,2,0.4,12.124890526053578,1.4158841056583387
P01,shape_sorter_alone,1,shape_sorter_alone_s1_3.000,3.0,5.0,ICA,arousal__face__gnb__5,11.356832285803865,3,0.6,12.729996523637851,1.294498514264984
P01,shape_sorter_alone,1,shape_sorter_alone_s1_4.000,4.0,6.0,ICA,arousal__face__gnb__5,7.7565046215687925,3,0.6,11.332789941696866,3.4329702745790596
P01,shape_sorter_alone,1,shape_sorter_alone_s1_5.000,5.0,7.0,ICA,arousal__face__gnb__5,8.64000643629647,4,0.8,12.232918245339365,4.118072929345459
P01,shape_sorter_alone,1,shape_sorter_alone_s1_6.000,6.0,8.0,ICA,arousal__face__gnb__5,11.535139026198419,2,0.4,13.629522789486163,1.0433007535724532
P01,shape_sorter_alone,1,shape_sorter_alone_s1_7.000,7.0,9.0,ICA,arousal__face__gnb__5,10.154821850795159,2,0.4,12.31951547289661,1.080009526861949
P01,shape_sorter_alone,1,shape_sorter_alone_s1_8.000,8.0,10.0,ICA,arousal__face__gnb__5,9.81843509667929,2,0.4,11.754491470468205,1.1169975002176067
P01,shape_sorter_alone,1,shape_sorter_alone_s1_9.000,9.0,11.0,ICA,arousal__face__gnb__5,9.990152199720642,2,0.4,11.79769880304846,1.1342986492395746
P01,shape_sorter_alone,1,shape_sorter_alone_s1_10.000,10.0,12.0,ICA,arousal__face__gnb__5,10.084768964103528,2,0.4,11.794761554778011,1.0645724076472982
P01,shape_sorter_alone,1,shape_sorter_alone_s1_11.000,11.0,13.0,ICA,arousal__face__gnb__5,9.532071599150589,2,0.4,11.556220964632491,0.9683110090631569
P01,shape_sorter_alone,1,shape_sorter_alone_s1_12.000,12.0,14.0,ICA,arousal__face__gnb__5,10.221461893097366,2,0.4,12.360694210182686,0.9016693704563578
P01,shape_sorter_alone,1,shape_sorter_alone_s1_13.000,13.0,15.0,ICA,arousal__face__gnb__5,6.975988586101363,4,0.8,10.713418789204757,4.108179837161809
P01,shape_sorter_alone,1,shape_sorter_alone_s1_14.000,14.0,16.0,ICA,arousal__face__gnb__5,5.567417360357045,2,0.4,7.766733130037843,2.352378285605792
P01,pick_place,1,pick_place_s1_8.000,8.0,10.0,ICA,arousal__face__svm__5,17.487110451297266,4,0.8,17.703811570767883,3.9935614304870186
P01,pick_place,1,pick_place_s1_9.000,9.0,11.0,ICA,arousal__face__svm__5,14.693335961589888,3,0.6,15.489186746917452,3.404942928537004
P01,pick_place,1,pick_place_s1_10.000,10.0,12.0,ICA,arousal__face__svm__5,10.846724380835761,3,0.6,10.19113812662649,3.189077320598771
P01,pick_place,1,pick_place_s1_11.000,11.0,13.0,ICA,arousal__face__svm__5,8.399391326916,3,0.6,7.387785676722743,3.195428076593167
P01,pick_place,1,pick_place_s1_12.000,12.0,14.0,ICA,arousal__face__svm__5,6.583124011916242,4,0.8,5.293932205365648,3.3611425316824413
P01,pick_place,1,pick_place_s1_13.000,13.0,15.0,ICA,arousal__face__svm__5,4.5577276307118035,1,0.2,5.324220639977379,0.642297823109016
P01,pick_place,1,pick_place_s1_14.000,14.0,16.0,ICA,arousal__face__svm__5,4.346727427336581,1,0.2,5.439651612655852,0.8059756721896028
P01,pick_place,1,pick_place_s1_15.000,15.0,17.0,ICA,arousal__face__svm__5,3.9309681300987434,1,0.2,5.584287506544266,0.6739755346651148
P01,pick_place,1,pick_place_s1_16.000,16.0,18.0,ICA,arousal__face__svm__5,5.659671971302476,3,0.6,4.7130506957643625,2.745719356957705
P01,pick_place,1,pick_place_s1_17.000,17.0,19.0,ICA,arousal__face__svm__5,5.602174205422977,3,0.6,4.530707569653645,3.1632231783922196
P01,pick_place,1,pick_place_s1_18.000,18.0,20.0,ICA,arousal__face__svm__5,5.184412278521621,3,0.6,4.894681025086485,2.276332095431924
P01,pick_place,1,pick_place_s1_19.000,19.0,21.0,ICA,arousal__face__svm__5,13.866715535509753,4,0.8,10.616826354593263,6.2979305920353
P01,pick_place,1,pick_place_s1_20.000,20.0,22.0,ICA,arousal__face__svm__5,16.39374959926011,3,0.6,17.225574450581576,2.77860664984588
P01,pick_place,1,pick_place_s1_21.000,21.0,23.0,ICA,arousal__face__svm__5,14.912590291287493,4,0.8,14.675307165183883,3.9444729890008348
P01,pick_place,1,pick_place_s1_22.000,22.0,24.0,ICA,arousal__face__svm__5,13.081776930310475,3,0.6,13.08972890552294,3.4753403876872926
P01,pick_place,1,pick_place_s1_23.000,23.0,25.0,ICA,arousal__face__svm__5,11.528697311558554,1,0.2,12.708810212352027,2.2232962899585162
P01,pick_place,1,pick_place_s1_24.000,24.0,26.0,ICA,arousal__face__svm__5,9.136291913219713,1,0.2,11.006010996021363,1.0312949844233041
P01,pick_place,1,pick_place_s1_25.000,25.0,27.0,ICA,arousal__face__svm__5,9.664254385907352,1,0.2,11.372659555597693,1.2259020179157138
P01,pick_place,1,pick_place_s1_26.000,26.0,28.0,ICA,arousal__face__svm__5,10.899694605844655,2,0.4,12.445447324091788,1.4841644478389842
P01,pick_place,1,pick_place_s1_27.000,27.0,29.0,ICA,arousal__face__svm__5,9.993284223000858,1,0.2,10.914667781328067,1.9877100910789285
P01,pick_place,1,pick_place_s1_28.000,28.0,30.0,ICA,arousal__face__svm__5,6.897944110638208,1,0.2,8.432914378531658,0.5247288841485483
P01,pick_place,1,pick_place_s1_29.000,29.0,31.0,ICA,arousal__face__svm__5,5.901955297277195,1,0.2,7.833592199645639,0.6975501887798098
P01,pick_place,1,pick_place_s1_30.000,30.0,32.0,ICA,arousal__face__svm__5,6.051403568045454,1,0.2,7.864776016978508,0.7186245312159915
P01,pick_place,1,pick_place_s1_31.000,31.0,33.0,ICA,arousal__face__svm__5,6.105260539240409,1,0.2,7.715821826114391,0.17648479357271926
P01,pick_place,1,pick_place_s1_32.000,32.0,34.0,ICA,arousal__face__svm__5,9.830303174784126,3,0.6,10.082359247063376,3.5702651047507468
P01,pick_place,1,pick_place_s1_33.000,33.0,35.0,ICA,arousal__face__svm__5,10.830013573347683,2,0.4,11.77354271810439,2.397292502782697
P01,pick_place,1,pick_place_s1_34.000,34.0,36.0,ICA,arousal__face__svm__5,8.033281983916115,2,0.4,8.011543500569328,2.378720238295139
P01,pick_place,1,pick_place_s1_35.000,35.0,37.0,ICA,arousal__face__svm__5,7.330445929240555,3,0.6,7.247912376499586,2.7101724070464845
P01,pick_place,1,pick_place_s1_36.000,36.0,38.0,ICA,arousal__face__svm__5,8.51549991837536,2,0.4,9.376677969944156,0.5652565155699683
P01,pick_place,1,pick_place_s1_37.000,37.0,39.0,ICA,arousal__face__svm__5,8.400297549301879,2,0.4,9.141775672974562,0.9616650665478336
P01,pick_place,1,pick_place_s1_38.000,38.0,40.0,ICA,arousal__face__svm__5,8.999833576381015,2,0.4,9.61876404450789,0.7794110312749484
P01,pick_place,1,pick_place_s1_39.000,39.0,41.0,ICA,arousal__face__svm__5,11.274458860838587,2,0.4,11.74023047025587,0.5331304328746754
P01,pick_place,1,pick_place_s1_40.000,40.0,42.0,ICA,arousal__face__svm__5,10.543676746988739,2,0.4,10.676625080400747,2.3407929238414376
P01,pick_place,1,pick_place_s1_41.000,41.0,43.0,ICA,arousal__face__svm__5,10.069307231699975,2,0.4,10.45120504635105,2.3370238613240875
P01,pick_place,1,pick_place_s1_42.000,42.0,44.0,ICA,arousal__face__svm__5,12.051251193832266,2,0.4,12.747717761848204,1.2034985976993968
P01,shape_sorter_observation,1,shape_sorter_observation_s1_9.000,9.0,11.0,ICA,arousal__face__svm__5,18.83527641614012,2,0.4,19.562556401370657,0.2750253198064679
P01,shape_sorter_observation,1,shape_sorter_observation_s1_10.000,10.0,12.0,ICA,arousal__face__svm__5,13.536037252541162,2,0.4,14.555757440825182,3.008347738043682
P01,shape_sorter_observation,1,shape_sorter_observation_s1_11.000,11.0,13.0,ICA,arousal__face__svm__5,11.319952766845192,2,0.4,12.161831313533702,3.168418368071537
P01,shape_sorter_observation,1,shape_sorter_observation_s1_12.000,12.0,14.0,ICA,arousal__face__svm__5,9.41268582004306,1,0.2,10.19234843579973,2.400405605267317
P01,shape_sorter_observation,1,shape_sorter_observation_s1_13.000,13.0,15.0,ICA,arousal__face__svm__5,9.163025647167121,1,0.2,10.754880872831503,1.0566458738540152
P01,shape_sorter_observation,1,shape_sorter_observation_s1_14.000,14.0,16.0,ICA,arousal__face__svm__5,9.374189593908067,1,0.2,9.44982119810319,2.1998612790297387
P01,shape_sorter_observation,1,shape_sorter_observation_s1_15.000,15.0,17.0,ICA,arousal__face__svm__5,6.009723423308113,3,0.6,4.91181078324023,3.650487315722243
P01,shape_sorter_observation,1,shape_sorter_observation_s1_16.000,16.0,18.0,ICA,arousal__face__svm__5,4.381323147556033,1,0.2,5.701543599489898,0.5670293059455624
P01,shape_sorter_observation,1,shape_sorter_observation_s1_17.000,17.0,19.0,ICA,arousal__face__svm__5,5.835966025247894,4,0.8,5.392819452241297,2.915820249147211
P01,shape_sorter_observation,1,shape_sorter_observation_s1_18.000,18.0,20.0,ICA,arousal__face__svm__5,6.542533184672296,4,0.8,5.222693171509404,3.2909773078968225
P01,shape_sorter_observation,1,shape_sorter_observation_s1_19.000,19.0,21.0,ICA,arousal__face__svm__5,8.222359434100401,4,0.8,6.984630886892871,3.814960730222853
P01,shape_sorter_observation,1,shape_sorter_observation_s1_20.000,20.0,22.0,ICA,arousal__face__svm__5,9.049885606128433,1,0.2,10.287686016884308,1.7654829579204028
P01,shape_sorter_observation,1,shape_sorter_observation_s1_21.000,21.0,23.0,ICA,arousal__face__svm__5,7.544336881321047,1,0.2,9.297933420628418,0.9749471818029799
P01,shape_sorter_observation,1,shape_sorter_observation_s1_22.000,22.0,24.0,ICA,arousal__face__svm__5,6.142725161505854,1,0.2,8.070008419158306,0.35679295147755485
P01,shape_sorter_observation,1,shape_sorter_observation_s1_23.000,23.0,25.0,ICA,arousal__face__svm__5,7.365563135893863,1,0.2,7.428425887296119,2.0058995068696204
P01,shape_sorter_observation,1,shape_sorter_observation_s1_24.000,24.0,26.0,ICA,arousal__face__svm__5,9.042110461513532,3,0.6,8.118703040334264,2.7946494469564094
P01,shape_sorter_observation,1,shape_sorter_observation_s1_25.000,25.0,27.0,ICA,arousal__face__svm__5,10.871143675155722,3,0.6,10.23240303064508,3.717797491129013
P01,shape_sorter_observation,1,shape_sorter_observation_s1_26.000,26.0,28.0,ICA,arousal__face__svm__5,9.095122049229404,3,0.6,7.657318988668795,4.815671730880053
P01,shape_sorter_observation,1,shape_sorter_observation_s1_27.000,27.0,29.0,ICA,arousal__face__svm__5,3.711759518486809,1,0.2,5.37865408059082,0.19766935999884683
P01,shape_sorter_observation,1,shape_sorter_observation_s1_28.000,28.0,30.0,ICA,arousal__face__svm__5,3.9278742791913364,1,0.2,5.0176375498629415,0.5928069983412388
P01,shape_sorter_observation,1,shape_sorter_observation_s1_29.000,29.0,31.0,ICA,arousal__face__svm__5,4.025814626012014,1,0.2,4.606390483364792,0.9953572658676916
P01,shape_sorter_observation,1,shape_sorter_observation_s1_30.000,30.0,32.0,ICA,arousal__face__svm__5,6.7321900722168495,3,0.6,5.6547881480120035,2.896868861372979
P01,shape_sorter_observation,1,shape_sorter_observation_s1_31.000,31.0,33.0,ICA,arousal__face__svm__5,9.897147265385383,3,0.6,9.415567586447375,3.011367184619505
P01,shape_sorter_observation,1,shape_sorter_observation_s1_32.000,32.0,34.0,ICA,arousal__face__svm__5,8.262234100708243,1,0.2,8.896016340285456,2.150177357686409
P01,shape_sorter_observation,1,shape_sorter_observation_s1_33.000,33.0,35.0,ICA,arousal__face__svm__5,6.254275309917178,1,0.2,8.156701542286191,0.607004155615928
P01,shape_sorter_observation,1,shape_sorter_observation_s1_34.000,34.0,36.0,ICA,arousal__face__svm__5,6.3195857415766925,1,0.2,8.302802487261872,0.4348026631167503
P01,shape_sorter_observation,1,shape_sorter_observation_s1_35.000,35.0,37.0,ICA,arousal__face__svm__5,7.388627027357349,1,0.2,9.25864318589258,0.6824033855051438
P01,shape_sorter_observation,1,shape_sorter_observation_s1_36.000,36.0,38.0,ICA,arousal__face__svm__5,7.020150131455288,1,0.2,8.507553313113759,1.2077074547897642
P01,shape_sorter_observation,1,shape_sorter_observation_s1_37.000,37.0,39.0,ICA,arousal__face__svm__5,4.130177155302892,1,0.2,4.148323848578909,2.1529757614714824
P01,shape_sorter_observation,1,shape_sorter_observation_s1_38.000,38.0,40.0,ICA,arousal__face__svm__5,2.946956776654468,2,0.4,3.8375992941966146,0.8779234859775206
P01,shape_sorter_observation,1,shape_sorter_observation_s1_39.000,39.0,41.0,ICA,arousal__face__svm__5,3.6516364658961744,1,0.2,4.536040896831676,1.2011650087139045
P01,shape_sorter_observation,1,shape_sorter_observation_s1_40.000,40.0,42.0,ICA,arousal__face__svm__5,4.331648763543773,3,0.6,3.7498222375702914,2.5703913720377733
P01,shape_sorter_observation,1,shape_sorter_observation_s1_41.000,41.0,43.0,ICA,arousal__face__svm__5,6.29106754596795,1,0.2,6.676624503130887,1.8368018461183575
P01,shape_sorter_observation,1,shape_sorter_observation_s1_42.000,42.0,44.0,ICA,arousal__face__svm__5,7.477192667278148,1,0.2,9.036726046712484,1.2268278875784724
P01,shape_sorter_observation,1,shape_sorter_observation_s1_43.000,43.0,45.0,ICA,arousal__face__svm__5,8.328230863674072,1,0.2,10.119148818764565,1.221442244484958
P01,shape_sorter_observation,1,shape_sorter_observation_s1_44.000,44.0,46.0,ICA,arousal__face__svm__5,6.969384706561145,1,0.2,8.626841737590135,0.625836887742794
P01,shape_sorter_observation,1,shape_sorter_observation_s1_45.000,45.0,47.0,ICA,arousal__face__svm__5,4.699094425041096,1,0.2,5.67891664549329,1.3193339560423851
P01,shape_sorter_observation,1,shape_sorter_observation_s1_46.000,46.0,48.0,ICA,arousal__face__svm__5,4.192613014465174,1,0.2,5.189760027929885,0.7979206066476089
P01,shape_sorter_observation,1,shape_sorter_observation_s1_47.000,47.0,49.0,ICA,arousal__face__svm__5,3.826592644749508,1,0.2,5.501037965551195,0.45390915774628543
P01,shape_sorter_observation,1,shape_sorter_observation_s1_48.000,48.0,50.0,ICA,arousal__face__svm__5,3.3721016639330856,1,0.2,4.6640526353703615,0.23201546387548544
P01,shape_sorter_observation,1,shape_sorter_observation_s1_49.000,49.0,51.0,ICA,arousal__face__svm__5,3.0602042613154583,1,0.2,3.9384721002505714,0.4664841452061972
P01,shape_sorter_observation,1,shape_sorter_observation_s1_50.000,50.0,52.0,ICA,arousal__face__svm__5,3.5090946490904953,1,0.2,3.430761252176614,0.2598256393014363
P01,shape_sorter_observation,1,shape_sorter_observation_s1_51.000,51.0,53.0,ICA,arousal__face__svm__5,3.629078762271635,2,0.4,3.5907360520626,0.3494752505545513
P01,shape_sorter_observation,1,shape_sorter_observation_s1_52.000,52.0,54.0,ICA,arousal__face__svm__5,4.307415608298156,1,0.2,4.538020967472587,1.7538397227982883
P01,shape_sorter_observation,1,shape_sorter_observation_s1_53.000,53.0,55.0,ICA,arousal__face__svm__5,6.578041552838675,1,0.2,7.13794834374986,1.894578165904357
P01,shape_sorter_observation,1,shape_sorter_observation_s1_54.000,54.0,56.0,ICA,arousal__face__svm__5,7.596370783260807,1,0.2,8.303621377393144,1.9905071470523714
P01,shape_sorter_observation,1,shape_sorter_observation_s1_55.000,55.0,57.0,ICA,arousal__face__svm__5,7.3353579254091725,1,0.2,8.418820369870677,1.4856305227175453
P01,shape_sorter_observation,1,shape_sorter_observation_s1_56.000,56.0,58.0,ICA,arousal__face__svm__5,6.604074885968676,1,0.2,7.953100057657522,1.2124242802642788
P01,shape_sorter_observation,1,shape_sorter_observation_s1_57.000,57.0,59.0,ICA,arousal__face__svm__5,7.872273645380112,3,0.6,7.348116321541209,3.1874865996841537
P01,shape_sorter_observation,1,shape_sorter_observation_s1_58.000,58.0,60.0,ICA,arousal__face__svm__5,5.04737191338254,2,0.4,6.8840056205979225,1.5594950847339384
P01,shape_sorter_observation,1,shape_sorter_observation_s1_59.000,59.0,61.0,ICA,arousal__face__svm__5,8.664975989938226,3,0.6,8.451676807282926,3.178215254460757
P01,shape_sorter_observation,1,shape_sorter_observation_s1_60.000,60.0,62.0,ICA,arousal__face__svm__5,14.974521835939768,3,0.6,13.76928946113149,6.104926776605225
P01,shape_sorter_observation,1,shape_sorter_observation_s1_61.000,61.0,63.0,ICA,arousal__face__svm__5,17.53049207847795,2,0.4,18.281471636979173,1.0338892891537688
P01,shape_sorter_observation,1,shape_sorter_observation_s1_62.000,62.0,64.0,ICA,arousal__face__svm__5,17.453519012788732,2,0.4,18.11335832776834,1.24551770425815
P01,stack,1,stack_s1_5.000,5.0,7.0,ICA,arousal__face__svm__5,20.07585987078298,3,0.6,20.460970337853922,2.929760026384736
P01,stack,1,stack_s1_6.000,6.0,8.0,ICA,arousal__face__svm__5,15.81270852287369,3,0.6,12.337074016134643,7.569942114040847
P01,stack,1,stack_s1_7.000,7.0,9.0,ICA,arousal__face__svm__5,5.769344202128254,2,0.4,5.306147609380177,0.5160450046131433
P01,stack,1,stack_s1_8.000,8.0,10.0,ICA,arousal__face__svm__5,5.663555970720963,2,0.4,4.913471286257727,0.547578861413669
P01,stack,1,stack_s1_9.000,9.0,11.0,ICA,arousal__face__svm__5,5.0687645208255825,2,0.4,4.7718794280642465,0.9431475636338649
P01,stack,1,stack_s1_10.000,10.0,12.0,ICA,arousal__face__svm__5,4.859552266557689,2,0.4,4.916306014515567,0.5615383572726816
P01,stack,1,stack_s1_11.000,11.0,13.0,ICA,arousal__face__svm__5,5.445674178678964,2,0.4,4.872176044907632,0.5137288380107924
P01,stack,1,stack_s1_12.000,12.0,14.0,ICA,arousal__face__svm__5,5.635901932031556,2,0.4,4.777628856300724,0.47841518101542435
P01,stack,1,stack_s1_13.000,13.0,15.0,ICA,arousal__face__svm__5,6.817957868120042,1,0.2,7.089980589174041,2.114991543815291
P01,stack,1,stack_s1_14.000,14.0,16.0,ICA,arousal__face__svm__5,7.864022845563815,1,0.2,9.918745007754675,0.21039638481736056
P01,stack,1,stack_s1_15.000,15.0,17.0,ICA,arousal__face__svm__5,7.693127184404875,1,0.2,8.790426580181126,1.314756532812185
P01,stack,1,stack_s1_16.000,16.0,18.0,ICA,arousal__face__svm__5,6.8304163339157675,1,0.2,7.962654739634468,1.3438629344712234
P01,stack,1,stack_s1_17.000,17.0,19.0,ICA,arousal__face__svm__5,6.478228608739555,2,0.4,6.456435155201484,1.5366822245255591
P01,stack,1,stack_s1_18.000,18.0,20.0,ICA,arousal__face__svm__5,4.589281565160773,2,0.4,6.48177431718963,2.2959714858432885
P01,stack,1,stack_s1_19.000,19.0,21.0,ICA,arousal__face__svm__5,6.139661650554755,3,0.6,7.125717716003808,3.01228368860061
P01,stack,1,stack_s1_20.000,20.0,22.0,ICA,arousal__face__svm__5,5.380057667728731,2,0.4,5.824306431528447,2.648457911370737
P01,stack,1,stack_s1_21.000,21.0,23.0,ICA,arousal__face__svm__5,4.484397584516895,1,0.2,5.889790459767769,0.854965305212935
P01,stack,1,stack_s1_22.000,22.0,24.0,ICA,arousal__face__svm__5,2.7614920810440635,1,0.2,5.020217265381255,2.0095392681151094
P01,stack,1,stack_s1_23.000,23.0,25.0,ICA,arousal__face__svm__5,3.799332850398833,3,0.6,4.810495775214169,3.0596218349559714
P01,stack,1,stack_s1_24.000,24.0,26.0,ICA,arousal__face__svm__5,3.982065234019289,2,0.4,4.442743313761116,2.402281117001478
P01,stack,1,stack_s1_25.000,25.0,27.0,ICA,arousal__face__svm__5,3.119474209910201,1,0.2,3.894119557561201,1.2724221648316683
P01,stack,1,stack_s1_26.000,26.0,28.0,ICA,arousal__face__svm__5,25.94274628759011,3,0.6,25.51836109236975,4.0587132551516225
P01,stack,1,stack_s1_27.000,27.0,29.0,ICA,arousal__face__svm__5,46.00553679377875,2,0.4,38.87418046939501,2.749132907910965
P01,stack,1,stack_s1_28.000,28.0,30.0,ICA,arousal__face__svm__5,33.372859124908295,3,0.6,26.914346433772455,3.439561363311709
P01,stack,1,stack_s1_29.000,29.0,31.0,ICA,arousal__face__svm__5,19.498376107464065,2,0.4,15.43998014117665,1.8318848620900987
P01,stack,1,stack_s1_30.000,30.0,32.0,ICA,arousal__face__svm__5,5.61592845663373,1,0.2,7.629261071816155,0.3065486377560862
P01,stack,1,stack_s1_31.000,31.0,33.0,ICA,arousal__face__svm__5,5.650780537890021,1,0.2,7.538089963865141,0.6980589166006324
P01,stack,1,stack_s1_32.000,32.0,34.0,ICA,arousal__face__svm__5,6.928163524280091,1,0.2,8.986994965712348,0.11112084504830333
P01,stack,1,stack_s1_33.000,33.0,35.0,ICA,arousal__face__svm__5,7.31460519194411,2,0.4,7.5265542488206725,1.8570644905658111
P01,stack,1,stack_s1_34.000,34.0,36.0,ICA,arousal__face__svm__5,7.41800589668032,3,0.6,6.7717108065951805,2.628135059792183
P01,stack,1,stack_s1_35.000,35.0,37.0,ICA,arousal__face__svm__5,7.708095566505439,1,0.2,8.478300873423795,1.7128186551320486
P01,stack,1,stack_s1_36.000,36.0,38.0,ICA,arousal__face__svm__5,5.767090468348264,2,0.4,5.270754471510665,2.425963678783769
P01,stack,1,stack_s1_37.000,37.0,39.0,ICA,arousal__face__svm__5,3.3576724515737926,2,0.4,4.015606340708076,0.41629247480926534
P01,stack,1,stack_s1_38.000,38.0,40.0,ICA,arousal__face__svm__5,4.083536857310669,1,0.2,4.179320639926716,1.2318660190088506
P01,stack,1,stack_s1_39.000,39.0,41.0,ICA,arousal__face__svm__5,3.9078410796381764,1,0.2,4.975551875624401,0.6030573561181529
P01,stack,1,stack_s1_40.000,40.0,42.0,ICA,arousal__face__svm__5,3.2678596196488088,1,0.2,3.679787480728784,0.494677532494917
P01,stack,1,stack_s1_41.000,41.0,43.0,ICA,arousal__face__svm__5,3.962399184600787,1,0.2,3.7413857708539484,0.9564461604556851
P01,stack,1,stack_s1_42.000,42.0,44.0,ICA,arousal__face__svm__5,7.498916881002005,2,0.4,7.526089003212381,2.997868452042558
P01,stack,1,stack_s1_43.000,43.0,45.0,ICA,arousal__face__svm__5,8.053270765716498,1,0.2,9.806242827996952,0.9163686442398864
P01,stack,1,stack_s1_44.000,44.0,46.0,ICA,arousal__face__svm__5,7.276979453286997,1,0.2,9.227221331576152,0.42810273139805066
P01,stack,1,stack_s1_45.000,45.0,47.0,ICA,arousal__face__svm__5,7.105803750986785,1,0.2,9.179725947411935,0.6130992682122272
P01,stack,1,stack_s1_46.000,46.0,48.0,ICA,arousal__face__svm__5,6.483168826022479,1,0.2,8.581384289466046,0.4594603935462973
P01,stack,1,stack_s1_47.000,47.0,49.0,ICA,arousal__face__svm__5,6.4552718784953695,1,0.2,7.597193067249728,1.314137215621691
P01,stack,1,stack_s1_48.000,48.0,50.0,ICA,arousal__face__svm__5,7.370192662740556,1,0.2,7.7128247813013795,2.424316350561381
P01,stack,1,stack_s1_49.000,49.0,51.0,ICA,arousal__face__svm__5,6.8162626869274225,1,0.2,7.663106610042569,1.815280082445382
P01,stack,1,stack_s1_50.000,50.0,52.0,ICA,arousal__face__svm__5,5.119525668876674,1,0.2,5.534985607462617,1.7712468943208135
P01,stack,1,stack_s1_51.000,51.0,53.0,ICA,arousal__face__svm__5,3.878181471335658,1,0.2,3.9486800730584553,1.1708565011089493
P01,stack,1,stack_s1_52.000,52.0,54.0,ICA,arousal__face__svm__5,4.9215750283451944,1,0.2,5.223037972429619,1.5052374803094173
P01,stack,1,stack_s1_53.000,53.0,55.0,ICA,arousal__face__svm__5,6.048020239534511,1,0.2,6.935624328464175,1.429238672782543
P01,stack,1,stack_s1_54.000,54.0,56.0,ICA,arousal__face__svm__5,5.029956023966838,1,0.2,7.004052838871011,0.4410571230857902
P01,stack,1,stack_s1_55.000,55.0,57.0,ICA,arousal__face__svm__5,4.885140535882262,1,0.2,6.41448455083303,0.7945764140582624
P01,stack,1,stack_s1_56.000,56.0,58.0,ICA,arousal__face__svm__5,6.529120500070775,1,0.2,7.550837314892997,1.8427136349794702
P01,stack,1,stack_s1_57.000,57.0,59.0,ICA,arousal__face__svm__5,6.459124568644467,1,0.2,8.117889849242253,1.0773943190031678
P01,stack,1,stack_s1_58.000,58.0,60.0,ICA,arousal__face__svm__5,4.629262943906539,1,0.2,6.58067646991915,0.23520289785473422
P01,stack,1,stack_s1_59.000,59.0,61.0,ICA,arousal__face__svm__5,4.975899009212381,1,0.2,7.002983934389288,0.2770440644977449
P01,stack,1,stack_s1_60.000,60.0,62.0,ICA,arousal__face__svm__5,5.60216270216171,1,0.2,7.56749741670809,0.5842905854584693
P01,stack,1,stack_s1_61.000,61.0,63.0,ICA,arousal__face__svm__5,5.295990806877691,1,0.2,7.293019762403162,0.6818251080763518
P01,stack,1,stack_s1_62.000,62.0,64.0,ICA,arousal__face__svm__5,4.7272197390901995,1,0.2,6.8205961965372035,0.5444622114281152
P01,stack,1,stack_s1_63.000,63.0,65.0,ICA,arousal__face__svm__5,7.462555936662955,1,0.2,8.67548956743831,1.9441051793247988
P01,stack,1,stack_s1_64.000,64.0,66.0,ICA,arousal__face__svm__5,9.369740007858505,2,0.4,10.2408858245682,2.108920136734652
P01,stack,1,stack_s1_65.000,65.0,67.0,ICA,arousal__face__svm__5,11.217349403208026,4,0.8,11.411384941263732,3.6483190048818486
P01,stack,1,stack_s1_66.000,66.0,68.0,ICA,arousal__face__svm__5,16.29466652871349,3,0.6,16.673453495557958,4.244698261574927
P01,stack,1,stack_s1_67.000,67.0,69.0,ICA,arousal__face__svm__5,20.424344657181567,4,0.8,20.13042124286246,6.341038529861895
P01,stack,1,stack_s1_68.000,68.0,70.0,ICA,arousal__face__svm__5,9.253737348089519,3,0.6,9.896854934887937,6.29251863100053
P01,sisyphus,1,sisyphus_s1_6.000,6.0,8.0,ICA,arousal__face__svm__5,14.776730867726354,4,0.8,14.241657546824129,4.256081529540669
P01,sisyphus,1,sisyphus_s1_7.000,7.0,9.0,ICA,arousal__face__svm__5,12.688276869051991,4,0.8,12.972087955456656,3.2061369130273762
P01,sisyphus,1,sisyphus_s1_8.000,8.0,10.0,ICA,arousal__face__svm__5,9.766354122498829,3,0.6,8.708437503809884,2.9737883850906734
P01,sisyphus,1,sisyphus_s1_9.000,9.0,11.0,ICA,arousal__face__svm__5,6.658982718788136,2,0.4,6.727341554671885,1.5622849843316542
P01,sisyphus,1,sisyphus_s1_10.000,10.0,12.0,ICA,arousal__face__svm__5,6.699989760549969,1,0.2,9.419068661980484,1.5662466500174348
P01,sisyphus,1,sisyphus_s1_11.000,11.0,13.0,ICA,arousal__face__svm__5,7.599647203337304,2,0.4,11.140800306998923,2.0260547045324495
P01,sisyphus,1,sisyphus_s1_12.000,12.0,14.0,ICA,arousal__face__svm__5,10.939993097876574,2,0.4,14.227059061086155,1.8714458636944
P01,sisyphus,1,sisyphus_s1_13.000,13.0,15.0,ICA,arousal__face__svm__5,8.813048132011616,3,0.6,11.979724791389815,4.098670627032029
P01,sisyphus,1,sisyphus_s1_14.000,14.0,16.0,ICA,arousal__face__svm__5,4.648720125747945,2,0.4,6.770993897028649,2.2895327626655977
P01,sisyphus,1,sisyphus_s1_15.000,15.0,17.0,ICA,arousal__face__svm__5,6.306163262450411,3,0.6,8.776504378465715,3.6931582876301343
P01,sisyphus,1,sisyphus_s1_16.000,16.0,18.0,ICA,arousal__face__svm__5,9.395301185244996,2,0.4,12.142666204614727,2.92868934835833
P01,sisyphus,1,sisyphus_s1_17.000,17.0,19.0,ICA,arousal__face__svm__5,6.338728898599809,2,0.4,9.833545727021079,3.132832091272562
P01,sisyphus,1,sisyphus_s1_18.000,18.0,20.0,ICA,arousal__face__svm__5,6.2442798042416126,2,0.4,9.236318978087803,2.4415605933222193
P01,sisyphus,1,sisyphus_s1_19.000,19.0,21.0,ICA,arousal__face__svm__5,5.935613170953628,2,0.4,9.222510274531901,3.3178705498343906
P01,sisyphus,1,sisyphus_s1_20.000,20.0,22.0,ICA,arousal__face__svm__5,5.253390736722932,3,0.6,8.213626756255946,3.5619342499367392
P01,sisyphus,1,sisyphus_s1_21.000,21.0,23.0,ICA,arousal__face__svm__5,7.137780052799564,2,0.4,8.494852411492793,0.9849797651790375
P01,sisyphus,1,sisyphus_s1_22.000,22.0,24.0,ICA,arousal__face__svm__5,6.305799415973623,2,0.4,7.126551328950255,0.9972822621231789
P01,sisyphus,1,sisyphus_s1_23.000,23.0,25.0,ICA,arousal__face__svm__5,6.073676144629841,2,0.4,6.604359631549028,0.8818812318222333
P01,sisyphus,1,sisyphus_s1_24.000,24.0,26.0,ICA,arousal__face__svm__5,6.492986857195286,2,0.4,6.947750892757131,0.9401412131899829
P01,sisyphus,1,sisyphus_s1_25.000,25.0,27.0,ICA,arousal__face__svm__5,6.865387597074633,2,0.4,7.519628444597302,0.8825847709079357
P01,sisyphus,1,sisyphus_s1_26.000,26.0,28.0,ICA,arousal__face__svm__5,7.183921343603704,2,0.4,8.166176916652494,0.7511907519902614
P01,sisyphus,1,sisyphus_s1_27.000,27.0,29.0,ICA,arousal__face__svm__5,6.041703063983302,2,0.4,6.5729501904473935,1.6864828276913848
P01,sisyphus,1,sisyphus_s1_28.000,28.0,30.0,ICA,arousal__face__svm__5,4.306300629341741,1,0.2,5.387192775230037,0.8857778911240876
P01,sisyphus,1,sisyphus_s1_29.000,29.0,31.0,ICA,arousal__face__svm__5,4.075411139676302,1,0.2,5.231624585762795,0.9940198425717821
P01,sisyphus,1,sisyphus_s1_30.000,30.0,32.0,ICA,arousal__face__svm__5,5.016644711826983,2,0.4,5.638785490963001,1.457052651724556
P01,sisyphus,1,sisyphus_s1_31.000,31.0,33.0,ICA,arousal__face__svm__5,5.552432337644036,3,0.6,5.850422847971616,5.0421391353768605
P01,sisyphus,1,sisyphus_s1_32.000,32.0,34.0,ICA,arousal__face__svm__5,15.447530306282198,3,0.6,14.542909131538954,4.074397290549691
P01,sisyphus,1,sisyphus_s1_33.000,33.0,35.0,ICA,arousal__face__svm__5,16.107266767825717,2,0.4,16.71017690794365,2.897354429029099
P01,sisyphus,1,sisyphus_s1_34.000,34.0,36.0,ICA,arousal__face__svm__5,12.438374704734814,3,0.6,11.388016292138326,3.873990250928146
P01,sisyphus,1,sisyphus_s1_35.000,35.0,37.0,ICA,arousal__face__svm__5,5.053627615527986,3,0.6,7.117429229880598,4.923286609349841
P01,sisyphus,1,sisyphus_s1_36.000,36.0,38.0,ICA,arousal__face__svm__5,7.0079161407069535,5,1.0,10.664899519321851,3.939257361229658
P01,sisyphus,1,sisyphus_s1_37.000,37.0,39.0,ICA,arousal__face__svm__5,8.698402349595916,2,0.4,10.745892496310496,2.1060096580742362
P01,sisyphus,1,sisyphus_s1_38.000,38.0,40.0,ICA,arousal__face__svm__5,6.169077350218714,3,0.6,6.297288208724459,2.314869355045933
P01,sisyphus,1,sisyphus_s1_39.000,39.0,41.0,ICA,arousal__face__svm__5,3.9667452630398072,3,0.6,7.027705503908027,3.256784972551771
P01,sisyphus,1,sisyphus_s1_40.000,40.0,42.0,ICA,arousal__face__svm__5,6.4155329981794145,2,0.4,8.203139227314503,0.6621713425597975
P01,sisyphus,1,sisyphus_s1_41.000,41.0,43.0,ICA,arousal__face__svm__5,4.526055216451613,2,0.4,6.352526685683547,0.4316325949287018
P01,sisyphus,1,sisyphus_s1_42.000,42.0,44.0,ICA,arousal__face__svm__5,3.883624603244994,2,0.4,5.439082083105923,0.4071723709118156
P01,sisyphus,1,sisyphus_s1_43.000,43.0,45.0,ICA,arousal__face__svm__5,4.764388780818679,2,0.4,7.13036823062948,1.8615672051559287
P01,sisyphus,1,sisyphus_s1_44.000,44.0,46.0,ICA,arousal__face__svm__5,5.847914925716025,2,0.4,7.846418846933177,1.2628782290398868
P01,sisyphus,1,sisyphus_s1_45.000,45.0,47.0,ICA,arousal__face__svm__5,4.800317328304911,2,0.4,6.437911908578398,0.2548308487896524
P01,sisyphus,1,sisyphus_s1_46.000,46.0,48.0,ICA,arousal__face__svm__5,3.623257297135417,2,0.4,5.087019509837397,0.677538976136139
P01,sisyphus,1,sisyphus_s1_47.000,47.0,49.0,ICA,arousal__face__svm__5,3.3639378377658185,2,0.4,4.87819321568015,2.0965835770323054
P01,sisyphus,1,sisyphus_s1_48.000,48.0,50.0,ICA,arousal__face__svm__5,1.4740206353236533,0,0.0,3.930113313798926,2.6883970201069944
P01,sisyphus,1,sisyphus_s1_49.000,49.0,51.0,ICA,arousal__face__svm__5,0.9722236336842692,0,0.0,1.9361276738504412,1.750997466291402
P01,sisyphus,1,sisyphus_s1_50.000,50.0,52.0,ICA,arousal__face__svm__5,1.3798493939261471,0,0.0,2.486770393536716,1.3177995813463625
P01,sisyphus,1,sisyphus_s1_51.000,51.0,53.0,ICA,arousal__face__svm__5,2.7809512823653217,0,0.0,3.823911098353121,0.7230001908164957
P01,sisyphus,1,sisyphus_s1_52.000,52.0,54.0,ICA,arousal__face__svm__5,3.1262029256227493,1,0.2,3.998687338698334,0.8732508873028161
P01,shape_sorter_interaction,1,shape_sorter_interaction_s1_9.000,9.0,11.0,ICA,arousal__face__svm__5,5.633004264290797,2,0.4,5.851479772223233,1.128371485338031
P01,shape_sorter_interaction,1,shape_sorter_interaction_s1_10.000,10.0,12.0,ICA,arousal__face__svm__5,9.091163941313683,2,0.4,8.794923452347643,2.036014492887087
P01,shape_sorter_interaction,1,shape_sorter_interaction_s1_11.000,11.0,13.0,ICA,arousal__face__svm__5,7.8656884521435595,3,0.6,6.887077357077407,3.24529382562797
P01,shape_sorter_interaction,1,shape_sorter_interaction_s1_12.000,12.0,14.0,ICA,arousal__face__svm__5,3.8186142335822204,1,0.2,5.313855893256638,0.3539409128107466
P01,shape_sorter_interaction,1,shape_sorter_interaction_s1_13.000,13.0,15.0,ICA,arousal__face__svm__5,5.273058881593364,2,0.4,5.795926901262939,3.587109254987258
P01,shape_sorter_interaction,1,shape_sorter_interaction_s1_14.000,14.0,16.0,ICA,arousal__face__svm__5,6.433223124322988,3,0.6,7.48798557406494,4.602121505622498
P01,shape_sorter_interaction,1,shape_sorter_interaction_s1_15.000,15.0,17.0,ICA,arousal__face__svm__5,6.101933173382776,2,0.4,7.166095329583939,3.314665118411479
P01,shape_sorter_interaction,1,shape_sorter_interaction_s1_16.000,16.0,18.0,ICA,arousal__face__svm__5,5.629676624930318,2,0.4,5.701393243521728,1.06155601322087
P01,shape_sorter_interaction,1,shape_sorter_interaction_s1_17.000,17.0,19.0,ICA,arousal__face__svm__5,6.112733267362823,3,0.6,6.06308348805901,1.282109974007985
P01,shape_sorter_interaction,1,shape_sorter_interaction_s1_18.000,18.0,20.0,ICA,arousal__face__svm__5,6.213918688911076,2,0.4,6.285539105171513,1.2601909721272766
P01,shape_sorter_interaction,1,shape_sorter_interaction_s1_19.000,19.0,21.0,ICA,arousal__face__svm__5,6.181922257609764,2,0.4,6.271015580783525,1.065650425166835
P01,shape_sorter_interaction,1,shape_sorter_interaction_s1_20.000,20.0,22.0,ICA,arousal__face__svm__5,5.487168083414117,2,0.4,5.706980598102348,0.8265558462070316
P01,shape_sorter_interaction,1,shape_sorter_interaction_s1_21.000,21.0,23.0,ICA,arousal__face__svm__5,4.524100071329143,2,0.4,5.74516255904503,1.0271010607268478
P01,shape_sorter_interaction,1,shape_sorter_interaction_s1_22.000,22.0,24.0,ICA,arousal__face__svm__5,3.8710511639605794,1,0.2,5.727007788953121,0.9173936424710811
P01,shape_sorter_interaction,1,shape_sorter_interaction_s1_23.000,23.0,25.0,ICA,arousal__face__svm__5,3.375322683253138,1,0.2,5.2113916742607165,0.773738376090015
P01,shape_sorter_interaction,1,shape_sorter_interaction_s1_24.000,24.0,26.0,ICA,arousal__face__svm__5,3.341974884249547,1,0.2,5.039505563628639,0.7814378198623325
P01,shape_sorter_interaction,1,shape_sorter_interaction_s1_25.000,25.0,27.0,ICA,arousal__face__svm__5,5.741211031038539,3,0.6,6.365343461830367,5.240835240105072
P01,shape_sorter_interaction,1,shape_sorter_interaction_s1_26.000,26.0,28.0,ICA,arousal__face__svm__5,7.067353531699268,3,0.6,8.91615570084377,4.380033193191573
P01,shape_sorter_interaction,1,shape_sorter_interaction_s1_27.000,27.0,29.0,ICA,arousal__face__svm__5,4.956449666789878,3,0.6,5.9451096622826585,3.9109151294445152
P01,shape_sorter_interaction,1,shape_sorter_interaction_s1_28.000,28.0,30.0,ICA,arousal__face__svm__5,4.854722042267454,2,0.4,5.819144257833053,1.136410067786411
P01,shape_sorter_interaction,1,shape_sorter_interaction_s1_29.000,29.0,31.0,ICA,arousal__face__svm__5,4.901469065891515,2,0.4,5.84665128981206,1.008954806641105
P01,shape_sorter_interaction,1,shape_sorter_interaction_s1_30.000,30.0,32.0,ICA,arousal__face__svm__5,4.421919486185988,2,0.4,5.582142011047994,0.9276986906848611
P01,shape_sorter_interaction,1,shape_sorter_interaction_s1_31.000,31.0,33.0,ICA,arousal__face__svm__5,4.8680288154161,2,0.4,5.463090250311753,1.1514394636792717
P01,shape_sorter_interaction,1,shape_sorter_interaction_s1_32.000,32.0,34.0,ICA,arousal__face__svm__5,5.585124588621422,2,0.4,5.709818921907705,1.0801671031834401
P01,shape_sorter_interaction,1,shape_sorter_interaction_s1_33.000,33.0,35.0,ICA,arousal__face__svm__5,5.6465831311414965,2,0.4,5.7940943160088985,1.134202238964873
P01,shape_sorter_interaction,1,shape_sorter_interaction_s1_34.000,34.0,36.0,ICA,arousal__face__svm__5,5.700402860773982,2,0.4,5.876220274581608,1.150053322038607
P01,shape_sorter_interaction,1,shape_sorter_interaction_s1_35.000,35.0,37.0,ICA,arousal__face__svm__5,5.462227654756395,2,0.4,5.811394984121272,1.0863723779163028
P01,shape_sorter_interaction,1,shape_sorter_interaction_s1_36.000,36.0,38.0,ICA,arousal__face__svm__5,4.09704849644506,1,0.2,5.6973987948188345,1.0293770047347246
P01,shape_sorter_interaction,1,shape_sorter_interaction_s1_37.000,37.0,39.0,ICA,arousal__face__svm__5,3.4677340244057717,1,0.2,5.21141190721171,0.6451402003577998
P01,shape_sorter_interaction,1,shape_sorter_interaction_s1_38.000,38.0,40.0,ICA,arousal__face__svm__5,3.2005626718518183,1,0.2,4.23378020220195,0.5824598560863474
P01,shape_sorter_interaction,1,shape_sorter_interaction_s1_39.000,39.0,41.0,ICA,arousal__face__svm__5,3.1320878726633334,1,0.2,4.131936147041503,0.6934361590355842
P01,shape_sorter_interaction,1,shape_sorter_interaction_s1_40.000,40.0,42.0,ICA,arousal__face__svm__5,3.3669533389997235,1,0.2,4.304273950291163,0.7482040918388476
P01,shape_sorter_interaction,1,shape_sorter_interaction_s1_41.000,41.0,43.0,ICA,arousal__face__svm__5,3.4253790026030515,1,0.2,4.683448178640346,1.8519680188869954
P01,shape_sorter_interaction,1,shape_sorter_interaction_s1_42.000,42.0,44.0,ICA,arousal__face__svm__5,7.24064187095551,3,0.6,8.934576919920113,5.90075850738862
P01,shape_sorter_interaction,1,shape_sorter_interaction_s1_43.000,43.0,45.0,ICA,arousal__face__svm__5,11.452988499353067,2,0.4,13.461081649273591,1.1664569675539305
P01,shape_sorter_interaction,1,shape_sorter_interaction_s1_44.000,44.0,46.0,ICA,arousal__face__svm__5,6.919509438220465,3,0.6,9.0496318273479,4.251015215561225
P01,shape_sorter_interaction,1,shape_sorter_interaction_s1_45.000,45.0,47.0,ICA,arousal__face__svm__5,4.115854967039374,2,0.4,4.924650997815384,1.8232854338779685
P01,shape_sorter_interaction,1,shape_sorter_interaction_s1_46.000,46.0,48.0,ICA,arousal__face__svm__5,3.3556108708048487,1,0.2,4.402004321970864,1.9101902581842836
P01,shape_sorter_interaction,1,shape_sorter_interaction_s1_47.000,47.0,49.0,ICA,arousal__face__svm__5,2.993134309816353,1,0.2,4.260050922804558,1.8751282919322347
P01,shape_sorter_interaction,1,shape_sorter_interaction_s1_48.000,48.0,50.0,ICA,arousal__face__svm__5,3.813219110301005,2,0.4,4.67105980798087,1.717210890459825
P01,shape_sorter_interaction,1,shape_sorter_interaction_s1_49.000,49.0,51.0,ICA,arousal__face__svm__5,5.178173974975879,2,0.4,5.218803238213189,1.0838767171494685
P01,shape_sorter_interaction,1,shape_sorter_interaction_s1_50.000,50.0,52.0,ICA,arousal__face__svm__5,5.394996291570338,4,0.8,5.221007622140339,1.2859541229118954
P01,shape_sorter_interaction,1,shape_sorter_interaction_s1_51.000,51.0,53.0,ICA,arousal__face__svm__5,5.535465907307061,2,0.4,6.708161474285196,1.7301279681044186
P01,shape_sorter_interaction,1,shape_sorter_interaction_s1_52.000,52.0,54.0,ICA,arousal__face__svm__5,5.970580672227081,2,0.4,7.19536621430876,1.3775225550357084
P01,shape_sorter_interaction,1,shape_sorter_interaction_s1_53.000,53.0,55.0,ICA,arousal__face__svm__5,4.143366197769434,2,0.4,4.727000631280934,2.305604203592357
P01,shape_sorter_interaction,1,shape_sorter_interaction_s1_54.000,54.0,56.0,ICA,arousal__face__svm__5,2.6720827350466085,1,0.2,4.495198044953681,1.661632474662702
P01,shape_sorter_interaction,1,shape_sorter_interaction_s1_55.000,55.0,57.0,ICA,arousal__face__svm__5,2.6092918869682906,1,0.2,4.5230531591868255,0.46842015778395213
P01,shape_sorter_interaction,1,shape_sorter_interaction_s1_56.000,56.0,58.0,ICA,arousal__face__svm__5,3.0439510910527785,1,0.2,4.266722520917766,0.20430920778062453
P01,shape_sorter_interaction,1,shape_sorter_interaction_s1_57.000,57.0,59.0,ICA,arousal__face__svm__5,3.3828020562549854,1,0.2,4.405835947770722,0.5716101759321149
P01,shape_sorter_interaction,1,shape_sorter_interaction_s1_58.000,58.0,60.0,ICA,arousal__face__svm__5,3.1190321558053653,1,0.2,4.873576053109832,0.9822526709467582
P01,shape_sorter_interaction,1,shape_sorter_interaction_s1_59.000,59.0,61.0,ICA,arousal__face__svm__5,6.6741821310884735,3,0.6,7.1300118761473925,5.818836511398535
P01,shape_sorter_interaction,1,shape_sorter_interaction_s1_60.000,60.0,62.0,ICA,arousal__face__svm__5,11.359104136420179,2,0.4,13.510629806013217,1.3186847611149053
P01,shape_sorter_interaction,1,shape_sorter_interaction_s1_61.000,61.0,63.0,ICA,arousal__face__svm__5,6.344987414332309,4,0.8,8.582867077066203,3.94002181669796
P01,shape_sorter_interaction,1,shape_sorter_interaction_s1_62.000,62.0,64.0,ICA,arousal__face__svm__5,2.60494093625869,2,0.4,4.130935826918608,2.3880323766701586
P01,shape_sorter_interaction,1,shape_sorter_interaction_s1_63.000,63.0,65.0,ICA,arousal__face__svm__5,2.0040429703058775,1,0.2,3.8862667393858126,2.0363310336239664
P01,shape_sorter_interaction,1,shape_sorter_interaction_s1_64.000,64.0,66.0,ICA,arousal__face__svm__5,2.3192659599953065,1,0.2,3.7691188933778657,0.3853874099405786
P01,shape_sorter_interaction,1,shape_sorter_interaction_s1_65.000,65.0,67.0,ICA,arousal__face__svm__5,3.070507044346446,1,0.2,4.542965038699621,1.1879818465532017
P01,shape_sorter_interaction,1,shape_sorter_interaction_s1_66.000,66.0,68.0,ICA,arousal__face__svm__5,4.3342925031710955,2,0.4,5.078206256951539,0.4830797359233955
P01,shape_sorter_interaction,1,shape_sorter_interaction_s1_67.000,67.0,69.0,ICA,arousal__face__svm__5,4.314137614823941,2,0.4,4.8204744980750585,0.6210226231884347
P01,shape_sorter_interaction,1,shape_sorter_interaction_s1_68.000,68.0,70.0,ICA,arousal__face__svm__5,4.655291480571389,2,0.4,4.825327111186399,0.9960171817879863
P01,shape_sorter_interaction,1,shape_sorter_interaction_s1_69.000,69.0,71.0,ICA,arousal__face__svm__5,4.880453822516753,2,0.4,5.685241936021192,0.7970029601833765
P01,shape_sorter_interaction,1,shape_sorter_interaction_s1_70.000,70.0,72.0,ICA,arousal__face__svm__5,4.784165162281273,2,0.4,5.588978533661423,0.9798296860524652
P01,shape_sorter_interaction,1,shape_sorter_interaction_s1_71.000,71.0,73.0,ICA,arousal__face__svm__5,2.628755719368937,1,0.2,4.182234405738126,1.3707696658592528
P01,shape_sorter_interaction,1,shape_sorter_interaction_s1_72.000,72.0,74.0,ICA,arousal__face__svm__5,2.076204430490474,1,0.2,4.142352737349869,1.1683890204191487
P01,shape_sorter_interaction,1,shape_sorter_interaction_s1_73.000,73.0,75.0,ICA,arousal__face__svm__5,2.811729592546899,1,0.2,4.617279951983022,0.7038450744196115
P01,shape_sorter_interaction,1,shape_sorter_interaction_s1_74.000,74.0,76.0,ICA,arousal__face__svm__5,3.483979142071661,1,0.2,4.415581210442905,0.584726731565015
P01,shape_sorter_interaction,1,shape_sorter_interaction_s1_75.000,75.0,77.0,ICA,arousal__face__svm__5,3.0030107060735776,1,0.2,3.803497248380607,0.2882785485881571
P01,shape_sorter_interaction,1,shape_sorter_interaction_s1_76.000,76.0,78.0,ICA,arousal__face__svm__5,4.401214206656173,2,0.4,5.132026136790291,0.5915786336537249
P01,shape_sorter_interaction,1,shape_sorter_interaction_s1_77.000,77.0,79.0,ICA,arousal__face__svm__5,7.282626239319148,3,0.6,7.85670803021426,6.02226784787688
P01,shape_sorter_interaction,1,shape_sorter_interaction_s1_78.000,78.0,80.0,ICA,arousal__face__svm__5,7.753848348070542,4,0.8,9.754538295033646,5.036788315257685
P01,shape_sorter_interaction,1,shape_sorter_interaction_s1_79.000,79.0,81.0,ICA,arousal__face__svm__5,17.467860117689533,3,0.6,17.58332459820564,5.553944975506211
P01,shape_sorter_interaction,1,shape_sorter_interaction_s1_80.000,80.0,82.0,ICA,arousal__face__svm__5,17.93360050900035,2,0.4,18.847274629709474,0.6969990251975022
P01,shape_sorter_interaction,1,shape_sorter_interaction_s1_81.000,81.0,83.0,ICA,arousal__face__svm__5,20.01903892800825,4,0.8,15.850844180202381,6.591514492716498
P01,shape_sorter_interaction,1,shape_sorter_interaction_s1_82.000,82.0,84.0,ICA,arousal__face__svm__5,18.304683221490613,3,0.6,18.76892062528239,4.665793844027731
P01,shape_sorter_alone,1,shape_sorter_alone_s1_1.000,1.0,3.0,ICA,arousal__face__svm__5,6.787334619315143,4,0.8,10.266177560686536,4.692543314187061
P01,shape_sorter_alone,1,shape_sorter_alone_s1_2.000,2.0,4.0,ICA,arousal__face__svm__5,9.287809922583731,2,0.4,12.124890526053578,1.4158841056583387
P01,shape_sorter_alone,1,shape_sorter_alone_s1_3.000,3.0,5.0,ICA,arousal__face__svm__5,11.356832285803865,3,0.6,12.729996523637851,1.294498514264984
P01,shape_sorter_alone,1,shape_sorter_alone_s1_4.000,4.0,6.0,ICA,arousal__face__svm__5,7.7565046215687925,3,0.6,11.332789941696866,3.4329702745790596
P01,shape_sorter_alone,1,shape_sorter_alone_s1_5.000,5.0,7.0,ICA,arousal__face__svm__5,8.64000643629647,4,0.8,12.232918245339365,4.118072929345459
P01,shape_sorter_alone,1,shape_sorter_alone_s1_6.000,6.0,8.0,ICA,arousal__face__svm__5,11.535139026198419,2,0.4,13.629522789486163,1.0433007535724532
P01,shape_sorter_alone,1,shape_sorter_alone_s1_7.000,7.0,9.0,ICA,arousal__face__svm__5,10.154821850795159,2,0.4,12.31951547289661,1.080009526861949
P01,shape_sorter_alone,1,shape_sorter_alone_s1_8.000,8.0,10.0,ICA,arousal__face__svm__5,9.81843509667929,2,0.4,11.754491470468205,1.1169975002176067
P01,shape_sorter_alone,1,shape_sorter_alone_s1_9.000,9.0,11.0,ICA,arousal__face__svm__5,9.990152199720642,2,0.4,11.79769880304846,1.1342986492395746
P01,shape_sorter_alone,1,shape_sorter_alone_s1_10.000,10.0,12.0,ICA,arousal__face__svm__5,10.084768964103528,2,0.4,11.794761554778011,1.0645724076472982
P01,shape_sorter_alone,1,shape_sorter_alone_s1_11.000,11.0,13.0,ICA,arousal__face__svm__5,9.532071599150589,2,0.4,11.556220964632491,0.9683110090631569
P01,shape_sorter_alone,1,shape_sorter_alone_s1_12.000,12.0,14.0,ICA,arousal__face__svm__5,10.221461893097366,2,0.4,12.360694210182686,0.9016693704563578
P01,shape_sorter_alone,1,shape_sorter_alone_s1_13.000,13.0,15.0,ICA,arousal__face__svm__5,6.975988586101363,4,0.8,10.713418789204757,4.108179837161809
P01,shape_sorter_alone,1,shape_sorter_alone_s1_14.000,14.0,16.0,ICA,arousal__face__svm__5,5.567417360357045,2,0.4,7.766733130037843,2.352378285605792
