participant,task,segment_id,window_id,window_start_s,window_end_s,target,model_rank,modality,classifier,canonical_p_high,canonical_hard_prediction,causal_p_high,causal_hard_prediction,probability_difference,absolute_probability_difference,hard_agree
P41,pick_place,1,pick_place_s1_24.000,24.0,26.0,arousal,1,eeg,gnb,0.9988223696786916,1,0.9992675065046297,1,0.0004451368259380528,0.0004451368259380528,True
P41,pick_place,1,pick_place_s1_25.000,25.0,27.0,arousal,1,eeg,gnb,0.9999998012659276,1,0.9999995936799388,1,-2.0758598873182876e-07,2.0758598873182876e-07,True
P41,pick_place,1,pick_place_s1_26.000,26.0,28.0,arousal,1,eeg,gnb,1.0,1,1.0,1,0.0,0.0,True
P41,pick_place,1,pick_place_s1_27.000,27.0,29.0,arousal,1,eeg,gnb,1.0,1,1.0,1,0.0,0.0,True
P41,shape_sorter_interaction,1,shape_sorter_interaction_s1_24.000,24.0,26.0,arousal,1,eeg,gnb,0.0002721436878428,0,7.296307254884361e-05,0,-0.00019918061529395638,0.00019918061529395638,True
P41,shape_sorter_interaction,1,shape_sorter_interaction_s1_25.000,25.0,27.0,arousal,1,eeg,gnb,1.368921747957983e-05,0,2.2592302755784422e-07,0,-1.3463294452021986e-05,1.3463294452021986e-05,True
P41,shape_sorter_interaction,1,shape_sorter_interaction_s1_26.000,26.0,28.0,arousal,1,eeg,gnb,0.3258475016812265,0,0.06305585155603965,0,-0.26279165012518685,0.26279165012518685,True
P41,shape_sorter_interaction,1,shape_sorter_interaction_s1_27.000,27.0,29.0,arousal,1,eeg,gnb,0.3241459221764855,0,0.07025578994700976,0,-0.25389013222947576,0.25389013222947576,True
P41,shape_sorter_interaction,1,shape_sorter_interaction_s1_28.000,28.0,30.0,arousal,1,eeg,gnb,0.5616545435430905,1,0.17747025415499534,0,-0.3841842893880952,0.3841842893880952,False
P41,shape_sorter_interaction,1,shape_sorter_interaction_s1_29.000,29.0,31.0,arousal,1,eeg,gnb,2.772090284433084e-06,0,3.812118595566802e-10,0,-2.7717090725735277e-06,2.7717090725735277e-06,True
P41,shape_sorter_interaction,1,shape_sorter_interaction_s1_30.000,30.0,32.0,arousal,1,eeg,gnb,0.4972824625031811,0,0.19134676494541544,0,-0.3059356975577656,0.3059356975577656,True
P41,shape_sorter_interaction,1,shape_sorter_interaction_s1_31.000,31.0,33.0,arousal,1,eeg,gnb,0.2500231632729714,0,0.20473797848301611,0,-0.0452851847899553,0.0452851847899553,True
P41,shape_sorter_interaction,1,shape_sorter_interaction_s1_32.000,32.0,34.0,arousal,1,eeg,gnb,0.0666133602118807,0,0.0872407967124465,0,0.020627436500565796,0.020627436500565796,True
P41,shape_sorter_interaction,1,shape_sorter_interaction_s1_33.000,33.0,35.0,arousal,1,eeg,gnb,0.0032501733415445,0,0.005058813416946039,0,0.001808640075401539,0.001808640075401539,True
P41,shape_sorter_interaction,1,shape_sorter_interaction_s1_34.000,34.0,36.0,arousal,1,eeg,gnb,0.7911628420485549,1,0.5754374977362755,1,-0.2157253443122794,0.2157253443122794,True
P41,shape_sorter_interaction,1,shape_sorter_interaction_s1_35.000,35.0,37.0,arousal,1,eeg,gnb,0.921494845661381,1,0.8147084114315147,1,-0.10678643422986622,0.10678643422986622,True
P41,shape_sorter_interaction,1,shape_sorter_interaction_s1_36.000,36.0,38.0,arousal,1,eeg,gnb,0.9213469754668328,1,0.8193850138546803,1,-0.10196196161215243,0.10196196161215243,True
P41,shape_sorter_interaction,1,shape_sorter_interaction_s1_37.000,37.0,39.0,arousal,1,eeg,gnb,0.9772275264563688,1,0.938719195762217,1,-0.03850833069415183,0.03850833069415183,True
P41,shape_sorter_interaction,1,shape_sorter_interaction_s1_38.000,38.0,40.0,arousal,1,eeg,gnb,0.8710339655293469,1,0.7789286799712393,1,-0.0921052855581076,0.0921052855581076,True
P41,shape_sorter_interaction,1,shape_sorter_interaction_s1_39.000,39.0,41.0,arousal,1,eeg,gnb,0.4897765304559043,0,0.6135436150936474,1,0.12376708463774311,0.12376708463774311,False
P41,shape_sorter_interaction,1,shape_sorter_interaction_s1_40.000,40.0,42.0,arousal,1,eeg,gnb,0.9501109965257978,1,0.854582166708053,1,-0.0955288298177448,0.0955288298177448,True
P41,shape_sorter_interaction,1,shape_sorter_interaction_s1_41.000,41.0,43.0,arousal,1,eeg,gnb,0.9522426604804152,1,0.8872124118918682,1,-0.065030248588547,0.065030248588547,True
P41,shape_sorter_interaction,1,shape_sorter_interaction_s1_42.000,42.0,44.0,arousal,1,eeg,gnb,0.2540853460308911,0,0.013657734236205806,0,-0.2404276117946853,0.2404276117946853,True
P41,shape_sorter_interaction,1,shape_sorter_interaction_s1_43.000,43.0,45.0,arousal,1,eeg,gnb,0.2314158722597082,0,0.01186559652210232,0,-0.21955027573760588,0.21955027573760588,True
P41,shape_sorter_interaction,1,shape_sorter_interaction_s1_44.000,44.0,46.0,arousal,1,eeg,gnb,0.0660461224110813,0,0.00042281123813341564,0,-0.0656233111729479,0.0656233111729479,True
P41,shape_sorter_interaction,1,shape_sorter_interaction_s1_45.000,45.0,47.0,arousal,1,eeg,gnb,0.033479502022493,0,2.7940477319497346e-05,0,-0.0334515615451735,0.0334515615451735,True
P41,shape_sorter_interaction,1,shape_sorter_interaction_s1_46.000,46.0,48.0,arousal,1,eeg,gnb,0.6968251720124028,1,0.4181475187502785,0,-0.2786776532621243,0.2786776532621243,False
P41,shape_sorter_interaction,1,shape_sorter_interaction_s1_47.000,47.0,49.0,arousal,1,eeg,gnb,0.9744664393292763,1,0.9593217370157477,1,-0.015144702313528602,0.015144702313528602,True
P41,shape_sorter_interaction,1,shape_sorter_interaction_s1_48.000,48.0,50.0,arousal,1,eeg,gnb,0.937953689416514,1,0.8516196333954057,1,-0.08633405602110833,0.08633405602110833,True
P41,shape_sorter_interaction,1,shape_sorter_interaction_s1_49.000,49.0,51.0,arousal,1,eeg,gnb,0.9398301662174336,1,0.9203257264450723,1,-0.01950443977236138,0.01950443977236138,True
P41,shape_sorter_interaction,1,shape_sorter_interaction_s1_50.000,50.0,52.0,arousal,1,eeg,gnb,0.6568548505362763,1,0.7457417571000822,1,0.08888690656380582,0.08888690656380582,True
P41,shape_sorter_interaction,1,shape_sorter_interaction_s1_51.000,51.0,53.0,arousal,1,eeg,gnb,0.8738645546890567,1,0.6744682426136239,1,-0.19939631207543274,0.19939631207543274,True
P41,shape_sorter_interaction,1,shape_sorter_interaction_s1_52.000,52.0,54.0,arousal,1,eeg,gnb,0.7614444928497903,1,0.7813736763991956,1,0.019929183549405316,0.019929183549405316,True
P41,shape_sorter_interaction,1,shape_sorter_interaction_s1_53.000,53.0,55.0,arousal,1,eeg,gnb,0.8862821238282172,1,0.818101324976049,1,-0.06818079885216821,0.06818079885216821,True
P41,shape_sorter_interaction,1,shape_sorter_interaction_s1_54.000,54.0,56.0,arousal,1,eeg,gnb,0.0634904061913159,0,0.1527186381640915,0,0.0892282319727756,0.0892282319727756,True
P41,shape_sorter_interaction,1,shape_sorter_interaction_s1_55.000,55.0,57.0,arousal,1,eeg,gnb,0.6477647850240473,1,0.7502926368749113,1,0.102527851850864,0.102527851850864,True
P41,shape_sorter_interaction,1,shape_sorter_interaction_s1_56.000,56.0,58.0,arousal,1,eeg,gnb,0.969693808674705,1,0.9496764058697778,1,-0.020017402804927253,0.020017402804927253,True
P41,shape_sorter_interaction,1,shape_sorter_interaction_s1_57.000,57.0,59.0,arousal,1,eeg,gnb,0.9808742567303252,1,0.9636725413972089,1,-0.01720171533311632,0.01720171533311632,True
P41,shape_sorter_interaction,1,shape_sorter_interaction_s1_58.000,58.0,60.0,arousal,1,eeg,gnb,0.9783347448054238,1,0.9655346062277362,1,-0.012800138577687581,0.012800138577687581,True
P41,shape_sorter_interaction,1,shape_sorter_interaction_s1_59.000,59.0,61.0,arousal,1,eeg,gnb,0.9337780130280876,1,0.8255562922284654,1,-0.10822172079962222,0.10822172079962222,True
P41,shape_sorter_interaction,1,shape_sorter_interaction_s1_60.000,60.0,62.0,arousal,1,eeg,gnb,7.795863178586034e-12,0,2.3921736978715453e-22,0,-7.795863178346817e-12,7.795863178346817e-12,True
P41,shape_sorter_interaction,1,shape_sorter_interaction_s1_61.000,61.0,63.0,arousal,1,eeg,gnb,0.1593456420363574,0,0.001103549873431945,0,-0.15824209216292545,0.15824209216292545,True
P41,shape_sorter_interaction,1,shape_sorter_interaction_s1_62.000,62.0,64.0,arousal,1,eeg,gnb,6.521690715956799e-13,0,5.182723536218506e-15,0,-6.469863480594614e-13,6.469863480594614e-13,True
P41,shape_sorter_interaction,1,shape_sorter_interaction_s1_63.000,63.0,65.0,arousal,1,eeg,gnb,3.2625401194387924e-16,0,6.986399280207272e-22,0,-3.262533133039512e-16,3.262533133039512e-16,True
P41,shape_sorter_interaction,1,shape_sorter_interaction_s1_64.000,64.0,66.0,arousal,1,eeg,gnb,0.6849121962183247,1,0.09550188668916358,0,-0.5894103095291611,0.5894103095291611,False
P41,shape_sorter_interaction,1,shape_sorter_interaction_s1_65.000,65.0,67.0,arousal,1,eeg,gnb,0.9999999996330118,1,0.9999999992280131,1,-4.049987012422207e-10,4.049987012422207e-10,True
P41,shape_sorter_interaction,1,shape_sorter_interaction_s1_66.000,66.0,68.0,arousal,1,eeg,gnb,0.9399698797684072,1,0.895478508563735,1,-0.04449137120467217,0.04449137120467217,True
P41,shape_sorter_interaction,1,shape_sorter_interaction_s1_67.000,67.0,69.0,arousal,1,eeg,gnb,0.7419457558564443,1,0.5673364491848262,1,-0.17460930667161811,0.17460930667161811,True
P41,shape_sorter_interaction,1,shape_sorter_interaction_s1_68.000,68.0,70.0,arousal,1,eeg,gnb,0.8550528448357999,1,0.7767155345144477,1,-0.07833731032135216,0.07833731032135216,True
P41,shape_sorter_interaction,1,shape_sorter_interaction_s1_69.000,69.0,71.0,arousal,1,eeg,gnb,0.8832242866018462,1,0.749906705002064,1,-0.13331758159978213,0.13331758159978213,True
P41,shape_sorter_interaction,1,shape_sorter_interaction_s1_70.000,70.0,72.0,arousal,1,eeg,gnb,0.92463936478073,1,0.8276567987002097,1,-0.09698256608052036,0.09698256608052036,True
P41,shape_sorter_interaction,1,shape_sorter_interaction_s1_71.000,71.0,73.0,arousal,1,eeg,gnb,0.9025353986567396,1,0.8560894629135897,1,-0.046445935743149924,0.046445935743149924,True
P41,shape_sorter_interaction,1,shape_sorter_interaction_s1_72.000,72.0,74.0,arousal,1,eeg,gnb,0.7718226279323395,1,0.5164188709838309,1,-0.2554037569485086,0.2554037569485086,True
P41,shape_sorter_interaction,1,shape_sorter_interaction_s1_73.000,73.0,75.0,arousal,1,eeg,gnb,0.9284759504709892,1,0.9190236067613835,1,-0.009452343709605682,0.009452343709605682,True
P41,shape_sorter_interaction,1,shape_sorter_interaction_s1_74.000,74.0,76.0,arousal,1,eeg,gnb,0.9897431863735217,1,0.9904812843609433,1,0.0007380979874216376,0.0007380979874216376,True
P41,shape_sorter_interaction,1,shape_sorter_interaction_s1_75.000,75.0,77.0,arousal,1,eeg,gnb,0.8232955858616794,1,0.5773358187504224,1,-0.245959767111257,0.245959767111257,True
P41,shape_sorter_interaction,1,shape_sorter_interaction_s1_76.000,76.0,78.0,arousal,1,eeg,gnb,0.8681309810056155,1,0.7494922706968503,1,-0.11863871030876516,0.11863871030876516,True
P41,shape_sorter_interaction,1,shape_sorter_interaction_s1_77.000,77.0,79.0,arousal,1,eeg,gnb,0.946301318733449,1,0.8776404794615843,1,-0.06866083927186473,0.06866083927186473,True
P41,shape_sorter_interaction,1,shape_sorter_interaction_s1_78.000,78.0,80.0,arousal,1,eeg,gnb,0.0244412126297905,0,2.366967016912407e-05,0,-0.024417542959621376,0.024417542959621376,True
P41,shape_sorter_interaction,1,shape_sorter_interaction_s1_79.000,79.0,81.0,arousal,1,eeg,gnb,0.2684949796941662,0,0.0033827507545057495,0,-0.26511222893966047,0.26511222893966047,True
P41,shape_sorter_interaction,1,shape_sorter_interaction_s1_80.000,80.0,82.0,arousal,1,eeg,gnb,0.3647845435551084,0,0.022430183894038367,0,-0.34235435966107003,0.34235435966107003,True
P41,shape_sorter_interaction,1,shape_sorter_interaction_s1_81.000,81.0,83.0,arousal,1,eeg,gnb,0.0059879364232897,0,0.0002459036951880936,0,-0.005742032728101607,0.005742032728101607,True
P41,shape_sorter_observation,1,shape_sorter_observation_s1_21.000,21.0,23.0,arousal,1,eeg,gnb,0.8981484894222396,1,0.9354297166458881,1,0.03728122722364857,0.03728122722364857,True
P41,shape_sorter_observation,1,shape_sorter_observation_s1_22.000,22.0,24.0,arousal,1,eeg,gnb,0.5766146213947531,1,0.4866682270561266,0,-0.08994639433862645,0.08994639433862645,False
P41,shape_sorter_observation,1,shape_sorter_observation_s1_23.000,23.0,25.0,arousal,1,eeg,gnb,0.6236868358013743,1,0.6405351937143197,1,0.016848357912945366,0.016848357912945366,True
P41,shape_sorter_observation,1,shape_sorter_observation_s1_24.000,24.0,26.0,arousal,1,eeg,gnb,0.873881990011038,1,0.8289329096345421,1,-0.04494908037649581,0.04494908037649581,True
P41,shape_sorter_observation,1,shape_sorter_observation_s1_25.000,25.0,27.0,arousal,1,eeg,gnb,0.9154983914089436,1,0.7168026616241411,1,-0.19869572978480254,0.19869572978480254,True
P41,shape_sorter_observation,1,shape_sorter_observation_s1_26.000,26.0,28.0,arousal,1,eeg,gnb,0.934583466519321,1,0.6867497238106836,1,-0.24783374270863745,0.24783374270863745,True
P41,shape_sorter_observation,1,shape_sorter_observation_s1_27.000,27.0,29.0,arousal,1,eeg,gnb,0.9267268276504118,1,0.8321647863134726,1,-0.09456204133693924,0.09456204133693924,True
P41,shape_sorter_observation,1,shape_sorter_observation_s1_28.000,28.0,30.0,arousal,1,eeg,gnb,0.9220802663377612,1,0.9175876521886427,1,-0.004492614149118501,0.004492614149118501,True
P41,shape_sorter_observation,1,shape_sorter_observation_s1_29.000,29.0,31.0,arousal,1,eeg,gnb,0.962541481726918,1,0.9695778635432466,1,0.007036381816328596,0.007036381816328596,True
P41,shape_sorter_observation,1,shape_sorter_observation_s1_30.000,30.0,32.0,arousal,1,eeg,gnb,0.7785653993509692,1,0.6864220402591079,1,-0.09214335909186133,0.09214335909186133,True
P41,shape_sorter_observation,1,shape_sorter_observation_s1_31.000,31.0,33.0,arousal,1,eeg,gnb,0.9506990379258792,1,0.9488090239639893,1,-0.0018900139618899248,0.0018900139618899248,True
P41,shape_sorter_observation,1,shape_sorter_observation_s1_32.000,32.0,34.0,arousal,1,eeg,gnb,0.9984279894111464,1,0.9993069608685499,1,0.0008789714574034546,0.0008789714574034546,True
P41,shape_sorter_observation,1,shape_sorter_observation_s1_33.000,33.0,35.0,arousal,1,eeg,gnb,0.9515019194789732,1,0.9743866914306283,1,0.02288477195165506,0.02288477195165506,True
P41,shape_sorter_observation,1,shape_sorter_observation_s1_34.000,34.0,36.0,arousal,1,eeg,gnb,0.9526235219016852,1,0.9402118265641608,1,-0.012411695337524398,0.012411695337524398,True
P41,shape_sorter_observation,1,shape_sorter_observation_s1_35.000,35.0,37.0,arousal,1,eeg,gnb,0.7995954794329907,1,0.688029025531125,1,-0.1115664539018657,0.1115664539018657,True
P41,shape_sorter_observation,1,shape_sorter_observation_s1_36.000,36.0,38.0,arousal,1,eeg,gnb,0.6941768893486171,1,0.6789014155892216,1,-0.01527547375939553,0.01527547375939553,True
P41,shape_sorter_observation,1,shape_sorter_observation_s1_37.000,37.0,39.0,arousal,1,eeg,gnb,0.8975050215073231,1,0.9292409699374558,1,0.03173594843013261,0.03173594843013261,True
P41,shape_sorter_observation,1,shape_sorter_observation_s1_38.000,38.0,40.0,arousal,1,eeg,gnb,0.938349600739406,1,0.963057020115312,1,0.024707419375906037,0.024707419375906037,True
P41,shape_sorter_observation,1,shape_sorter_observation_s1_39.000,39.0,41.0,arousal,1,eeg,gnb,0.949898645342344,1,0.9781344976954333,1,0.02823585235308923,0.02823585235308923,True
P41,shape_sorter_observation,1,shape_sorter_observation_s1_40.000,40.0,42.0,arousal,1,eeg,gnb,0.9985595812025791,1,0.9993307503021058,1,0.0007711690995266807,0.0007711690995266807,True
P41,shape_sorter_observation,1,shape_sorter_observation_s1_41.000,41.0,43.0,arousal,1,eeg,gnb,0.9999984317309836,1,0.9999969786388183,1,-1.453092165260017e-06,1.453092165260017e-06,True
P41,shape_sorter_observation,1,shape_sorter_observation_s1_42.000,42.0,44.0,arousal,1,eeg,gnb,0.9769397714040112,1,0.9906448232291022,1,0.013705051825090964,0.013705051825090964,True
P41,shape_sorter_observation,1,shape_sorter_observation_s1_43.000,43.0,45.0,arousal,1,eeg,gnb,0.9563656058139822,1,0.990147814558648,1,0.033782208744665754,0.033782208744665754,True
P41,shape_sorter_observation,1,shape_sorter_observation_s1_44.000,44.0,46.0,arousal,1,eeg,gnb,0.9252937417565144,1,0.9456212898916363,1,0.020327548135121942,0.020327548135121942,True
P41,shape_sorter_observation,1,shape_sorter_observation_s1_45.000,45.0,47.0,arousal,1,eeg,gnb,0.8331938172139919,1,0.8007448219518944,1,-0.032448995262097435,0.032448995262097435,True
P41,shape_sorter_observation,1,shape_sorter_observation_s1_46.000,46.0,48.0,arousal,1,eeg,gnb,0.6627468173744798,1,0.5436567063050246,1,-0.11909011106945522,0.11909011106945522,True
P41,shape_sorter_observation,1,shape_sorter_observation_s1_47.000,47.0,49.0,arousal,1,eeg,gnb,0.775559448145327,1,0.46802178608167944,0,-0.3075376620636475,0.3075376620636475,False
P41,shape_sorter_observation,1,shape_sorter_observation_s1_48.000,48.0,50.0,arousal,1,eeg,gnb,0.487212854689196,0,0.09819494013047544,0,-0.3890179145587206,0.3890179145587206,True
P41,shape_sorter_observation,1,shape_sorter_observation_s1_49.000,49.0,51.0,arousal,1,eeg,gnb,0.6161157455003197,1,0.11800489520061137,0,-0.4981108502997083,0.4981108502997083,False
P41,shape_sorter_observation,1,shape_sorter_observation_s1_50.000,50.0,52.0,arousal,1,eeg,gnb,0.6463758483592213,1,0.17123747083826457,0,-0.4751383775209568,0.4751383775209568,False
P41,shape_sorter_observation,1,shape_sorter_observation_s1_51.000,51.0,53.0,arousal,1,eeg,gnb,0.870349758985697,1,0.8418851144052283,1,-0.028464644580468712,0.028464644580468712,True
P41,shape_sorter_observation,1,shape_sorter_observation_s1_52.000,52.0,54.0,arousal,1,eeg,gnb,0.9078695400646932,1,0.8829087288755252,1,-0.024960811189168042,0.024960811189168042,True
P41,shape_sorter_observation,1,shape_sorter_observation_s1_53.000,53.0,55.0,arousal,1,eeg,gnb,0.6689838300837769,1,0.7710631327033889,1,0.10207930261961196,0.10207930261961196,True
P41,shape_sorter_observation,1,shape_sorter_observation_s1_54.000,54.0,56.0,arousal,1,eeg,gnb,0.9848080225707164,1,0.9869257710010725,1,0.002117748430356059,0.002117748430356059,True
P41,shape_sorter_observation,1,shape_sorter_observation_s1_55.000,55.0,57.0,arousal,1,eeg,gnb,0.9746194888540636,1,0.9752454010642341,1,0.0006259122101704984,0.0006259122101704984,True
P41,shape_sorter_observation,1,shape_sorter_observation_s1_56.000,56.0,58.0,arousal,1,eeg,gnb,0.9939646904645796,1,0.9947825943612071,1,0.0008179038966275032,0.0008179038966275032,True
P41,shape_sorter_observation,1,shape_sorter_observation_s1_57.000,57.0,59.0,arousal,1,eeg,gnb,0.981976947196212,1,0.9888348371438029,1,0.006857889947590956,0.006857889947590956,True
P41,shape_sorter_observation,1,shape_sorter_observation_s1_58.000,58.0,60.0,arousal,1,eeg,gnb,0.9760846142546784,1,0.9666531884515054,1,-0.009431425803173021,0.009431425803173021,True
P41,shape_sorter_observation,1,shape_sorter_observation_s1_59.000,59.0,61.0,arousal,1,eeg,gnb,0.9141733308774124,1,0.8871555509538639,1,-0.02701777992354848,0.02701777992354848,True
P41,shape_sorter_observation,1,shape_sorter_observation_s1_60.000,60.0,62.0,arousal,1,eeg,gnb,0.9411399141556172,1,0.8673704644888177,1,-0.07376944966679944,0.07376944966679944,True
P41,shape_sorter_observation,1,shape_sorter_observation_s1_61.000,61.0,63.0,arousal,1,eeg,gnb,0.5418979692601845,1,0.20015016220661758,0,-0.34174780705356694,0.34174780705356694,False
P41,sisyphus,1,sisyphus_s1_100.000,100.0,102.0,arousal,1,eeg,gnb,0.936473802386937,1,0.869139687441206,1,-0.06733411494573105,0.06733411494573105,True
P41,sisyphus,1,sisyphus_s1_101.000,101.0,103.0,arousal,1,eeg,gnb,0.9647334676939814,1,0.9522015580435697,1,-0.012531909650411732,0.012531909650411732,True
P41,sisyphus,1,sisyphus_s1_102.000,102.0,104.0,arousal,1,eeg,gnb,2.4241966429876908e-05,0,2.810696738705214e-10,0,-2.424168536020304e-05,2.424168536020304e-05,True
P41,sisyphus,1,sisyphus_s1_103.000,103.0,105.0,arousal,1,eeg,gnb,0.751697445573476,1,0.0942876171414405,0,-0.6574098284320354,0.6574098284320354,False
P41,sisyphus,1,sisyphus_s1_104.000,104.0,106.0,arousal,1,eeg,gnb,0.9722562821074974,1,0.8685177148469537,1,-0.10373856726054365,0.10373856726054365,True
P41,sisyphus,1,sisyphus_s1_105.000,105.0,107.0,arousal,1,eeg,gnb,0.862223993710034,1,0.6891723484339244,1,-0.1730516452761096,0.1730516452761096,True
P41,sisyphus,1,sisyphus_s1_106.000,106.0,108.0,arousal,1,eeg,gnb,0.4393900705088925,0,0.18180565958758252,0,-0.25758441092131,0.25758441092131,True
P41,sisyphus,1,sisyphus_s1_107.000,107.0,109.0,arousal,1,eeg,gnb,0.8380608664772576,1,0.6032166413818709,1,-0.23484422509538672,0.23484422509538672,True
P41,sisyphus,1,sisyphus_s1_108.000,108.0,110.0,arousal,1,eeg,gnb,0.9176670550925812,1,0.628698921578952,1,-0.28896813351362916,0.28896813351362916,True
P41,sisyphus,1,sisyphus_s1_109.000,109.0,111.0,arousal,1,eeg,gnb,0.9131296611113452,1,0.7965883302461548,1,-0.11654133086519036,0.11654133086519036,True
P41,sisyphus,1,sisyphus_s1_110.000,110.0,112.0,arousal,1,eeg,gnb,0.0358740527089005,0,0.294246338294832,0,0.2583722855859315,0.2583722855859315,True
P41,sisyphus,1,sisyphus_s1_111.000,111.0,113.0,arousal,1,eeg,gnb,0.5570037719070956,1,0.19918796075133732,0,-0.3578158111557583,0.3578158111557583,False
P41,sisyphus,1,sisyphus_s1_112.000,112.0,114.0,arousal,1,eeg,gnb,0.623000921657194,1,0.26132223435206836,0,-0.36167868730512565,0.36167868730512565,False
P41,sisyphus,1,sisyphus_s1_113.000,113.0,115.0,arousal,1,eeg,gnb,0.7558671883160372,1,0.28137649687985566,0,-0.4744906914361815,0.4744906914361815,False
P41,sisyphus,1,sisyphus_s1_114.000,114.0,116.0,arousal,1,eeg,gnb,0.9225932938573076,1,0.7901804468815311,1,-0.1324128469757765,0.1324128469757765,True
P41,sisyphus,1,sisyphus_s1_115.000,115.0,117.0,arousal,1,eeg,gnb,0.8826840178020461,1,0.7224363015945686,1,-0.16024771620747746,0.16024771620747746,True
P41,sisyphus,1,sisyphus_s1_116.000,116.0,118.0,arousal,1,eeg,gnb,2.5050970099757248e-05,0,3.864966884238797e-08,0,-2.5012320430914858e-05,2.5012320430914858e-05,True
P41,sisyphus,1,sisyphus_s1_117.000,117.0,119.0,arousal,1,eeg,gnb,7.177783066228819e-06,0,1.0878521697514824e-08,0,-7.1669045445313034e-06,7.1669045445313034e-06,True
P41,sisyphus,1,sisyphus_s1_118.000,118.0,120.0,arousal,1,eeg,gnb,0.0061834252285397,0,0.0005322659562981699,0,-0.005651159272241531,0.005651159272241531,True
P41,sisyphus,1,sisyphus_s1_119.000,119.0,121.0,arousal,1,eeg,gnb,0.2372853245321384,0,0.08459814414009593,0,-0.1526871803920425,0.1526871803920425,True
P41,sisyphus,1,sisyphus_s1_120.000,120.0,122.0,arousal,1,eeg,gnb,0.0916882015312631,0,0.04526151448048117,0,-0.04642668705078193,0.04642668705078193,True
P41,sisyphus,1,sisyphus_s1_121.000,121.0,123.0,arousal,1,eeg,gnb,0.7710951775487479,1,0.5865439861267475,1,-0.18455119142200038,0.18455119142200038,True
P41,sisyphus,1,sisyphus_s1_122.000,122.0,124.0,arousal,1,eeg,gnb,0.5031235345285737,1,0.34854821514304735,0,-0.15457531938552638,0.15457531938552638,False
P41,sisyphus,1,sisyphus_s1_123.000,123.0,125.0,arousal,1,eeg,gnb,0.7764529732818866,1,0.5924274871341889,1,-0.18402548614769765,0.18402548614769765,True
P41,sisyphus,1,sisyphus_s1_124.000,124.0,126.0,arousal,1,eeg,gnb,0.6611843231726662,1,0.2922727725568009,0,-0.3689115506158653,0.3689115506158653,False
P41,sisyphus,1,sisyphus_s1_125.000,125.0,127.0,arousal,1,eeg,gnb,0.6966650785987865,1,0.3895074101126075,0,-0.307157668486179,0.307157668486179,False
P41,sisyphus,1,sisyphus_s1_126.000,126.0,128.0,arousal,1,eeg,gnb,0.9050727915416648,1,0.7667943012800106,1,-0.13827849026165417,0.13827849026165417,True
P41,sisyphus,1,sisyphus_s1_127.000,127.0,129.0,arousal,1,eeg,gnb,0.8177463405144401,1,0.5615951790581043,1,-0.25615116145633576,0.25615116145633576,True
P41,sisyphus,1,sisyphus_s1_128.000,128.0,130.0,arousal,1,eeg,gnb,0.5210838921175537,1,0.08526049328592752,0,-0.43582339883162613,0.43582339883162613,False
P41,sisyphus,1,sisyphus_s1_129.000,129.0,131.0,arousal,1,eeg,gnb,0.6815651700700053,1,0.1758375691898463,0,-0.505727600880159,0.505727600880159,False
P41,sisyphus,1,sisyphus_s1_130.000,130.0,132.0,arousal,1,eeg,gnb,0.9469866311121397,1,0.7618395452087724,1,-0.18514708590336726,0.18514708590336726,True
P41,sisyphus,1,sisyphus_s1_131.000,131.0,133.0,arousal,1,eeg,gnb,0.803577572725426,1,0.6107102443795489,1,-0.19286732834587705,0.19286732834587705,True
P41,sisyphus,1,sisyphus_s1_132.000,132.0,134.0,arousal,1,eeg,gnb,5.6377298567517856e-05,0,1.6836427853226723e-08,0,-5.6360462139664626e-05,5.6360462139664626e-05,True
P41,sisyphus,1,sisyphus_s1_133.000,133.0,135.0,arousal,1,eeg,gnb,2.7849777586973165e-72,0,1.3394793224859364e-115,0,-2.7849777586973165e-72,2.7849777586973165e-72,True
P41,sisyphus,1,sisyphus_s1_24.000,24.0,26.0,arousal,1,eeg,gnb,0.941412649155446,1,0.9070819478746264,1,-0.03433070128081961,0.03433070128081961,True
P41,sisyphus,1,sisyphus_s1_25.000,25.0,27.0,arousal,1,eeg,gnb,0.9656697342962742,1,0.9431735944124984,1,-0.022496139883775856,0.022496139883775856,True
P41,sisyphus,1,sisyphus_s1_26.000,26.0,28.0,arousal,1,eeg,gnb,0.9510354537931214,1,0.8788008737970179,1,-0.0722345799961035,0.0722345799961035,True
P41,sisyphus,1,sisyphus_s1_27.000,27.0,29.0,arousal,1,eeg,gnb,2.8212155718998545e-05,0,1.7408173480087318e-09,0,-2.8210414901650535e-05,2.8210414901650535e-05,True
P41,sisyphus,1,sisyphus_s1_28.000,28.0,30.0,arousal,1,eeg,gnb,1.1892979143099046e-05,0,2.6547789240614097e-10,0,-1.189271366520664e-05,1.189271366520664e-05,True
P41,sisyphus,1,sisyphus_s1_29.000,29.0,31.0,arousal,1,eeg,gnb,0.9090188473853202,1,0.9443252597049364,1,0.035306412319616176,0.035306412319616176,True
P41,sisyphus,1,sisyphus_s1_30.000,30.0,32.0,arousal,1,eeg,gnb,0.0509058745046875,0,0.20735071151085557,0,0.15644483700616807,0.15644483700616807,True
P41,sisyphus,1,sisyphus_s1_31.000,31.0,33.0,arousal,1,eeg,gnb,0.0128294777766889,0,0.06923570496947434,0,0.056406227192785444,0.056406227192785444,True
P41,sisyphus,1,sisyphus_s1_32.000,32.0,34.0,arousal,1,eeg,gnb,0.9185372064238424,1,0.8815805612487522,1,-0.03695664517509023,0.03695664517509023,True
P41,sisyphus,1,sisyphus_s1_33.000,33.0,35.0,arousal,1,eeg,gnb,0.9654158023351356,1,0.9338759933676489,1,-0.03153980896748665,0.03153980896748665,True
P41,sisyphus,1,sisyphus_s1_34.000,34.0,36.0,arousal,1,eeg,gnb,0.911157374819578,1,0.9315775892921865,1,0.020420214472608444,0.020420214472608444,True
P41,sisyphus,1,sisyphus_s1_35.000,35.0,37.0,arousal,1,eeg,gnb,0.6527320427230521,1,0.6586183022858502,1,0.005886259562798091,0.005886259562798091,True
P41,sisyphus,1,sisyphus_s1_36.000,36.0,38.0,arousal,1,eeg,gnb,0.9486095973107106,1,0.8762110869575603,1,-0.07239851035315026,0.07239851035315026,True
P41,sisyphus,1,sisyphus_s1_37.000,37.0,39.0,arousal,1,eeg,gnb,0.9537266771311924,1,0.9233215301840028,1,-0.030405146947189654,0.030405146947189654,True
P41,sisyphus,1,sisyphus_s1_38.000,38.0,40.0,arousal,1,eeg,gnb,0.7563356424895745,1,0.6562771309092935,1,-0.100058511580281,0.100058511580281,True
P41,sisyphus,1,sisyphus_s1_39.000,39.0,41.0,arousal,1,eeg,gnb,0.9308712724868472,1,0.8729452425620192,1,-0.05792602992482798,0.05792602992482798,True
P41,sisyphus,1,sisyphus_s1_40.000,40.0,42.0,arousal,1,eeg,gnb,0.9534642069460352,1,0.9051704398597415,1,-0.048293767086293626,0.048293767086293626,True
P41,sisyphus,1,sisyphus_s1_41.000,41.0,43.0,arousal,1,eeg,gnb,0.964341169535366,1,0.930040703376036,1,-0.03430046615933002,0.03430046615933002,True
P41,sisyphus,1,sisyphus_s1_42.000,42.0,44.0,arousal,1,eeg,gnb,0.7505986362528373,1,0.826359544212796,1,0.07576090795995871,0.07576090795995871,True
P41,sisyphus,1,sisyphus_s1_43.000,43.0,45.0,arousal,1,eeg,gnb,0.8136871853117051,1,0.6632112749627705,1,-0.1504759103489346,0.1504759103489346,True
P41,sisyphus,1,sisyphus_s1_44.000,44.0,46.0,arousal,1,eeg,gnb,0.3268491828655868,0,0.44837019888448715,0,0.12152101601890036,0.12152101601890036,True
P41,sisyphus,1,sisyphus_s1_45.000,45.0,47.0,arousal,1,eeg,gnb,0.3605359182052542,0,0.2429281592164897,0,-0.11760775898876452,0.11760775898876452,True
P41,sisyphus,1,sisyphus_s1_46.000,46.0,48.0,arousal,1,eeg,gnb,0.5549352205255395,1,0.539659658872554,1,-0.015275561652985492,0.015275561652985492,True
P41,sisyphus,1,sisyphus_s1_47.000,47.0,49.0,arousal,1,eeg,gnb,0.3473651573312732,0,0.48840117693539625,0,0.14103601960412304,0.14103601960412304,True
P41,sisyphus,1,sisyphus_s1_48.000,48.0,50.0,arousal,1,eeg,gnb,0.8770337002780891,1,0.7808899935496,1,-0.09614370672848915,0.09614370672848915,True
P41,sisyphus,1,sisyphus_s1_49.000,49.0,51.0,arousal,1,eeg,gnb,0.8282534242091953,1,0.7197876789258916,1,-0.10846574528330377,0.10846574528330377,True
P41,sisyphus,1,sisyphus_s1_50.000,50.0,52.0,arousal,1,eeg,gnb,0.656011083075805,1,0.4491715613742904,0,-0.20683952170151465,0.20683952170151465,False
P41,sisyphus,1,sisyphus_s1_51.000,51.0,53.0,arousal,1,eeg,gnb,0.9304509323740384,1,0.9050537357069105,1,-0.02539719666712792,0.02539719666712792,True
P41,sisyphus,1,sisyphus_s1_52.000,52.0,54.0,arousal,1,eeg,gnb,0.9642974991172628,1,0.9288210868438889,1,-0.03547641227337395,0.03547641227337395,True
P41,sisyphus,1,sisyphus_s1_53.000,53.0,55.0,arousal,1,eeg,gnb,0.929525365025666,1,0.783591476967492,1,-0.14593388805817398,0.14593388805817398,True
P41,sisyphus,1,sisyphus_s1_54.000,54.0,56.0,arousal,1,eeg,gnb,0.8351337924985938,1,0.7407415953252793,1,-0.09439219717331448,0.09439219717331448,True
P41,sisyphus,1,sisyphus_s1_55.000,55.0,57.0,arousal,1,eeg,gnb,0.923450311736952,1,0.8306478762850031,1,-0.09280243545194888,0.09280243545194888,True
P41,sisyphus,1,sisyphus_s1_56.000,56.0,58.0,arousal,1,eeg,gnb,0.9622078599896694,1,0.8940845292748775,1,-0.06812333071479193,0.06812333071479193,True
P41,sisyphus,1,sisyphus_s1_57.000,57.0,59.0,arousal,1,eeg,gnb,0.3665437534744566,0,0.03673825837211514,0,-0.3298054951023415,0.3298054951023415,True
P41,sisyphus,1,sisyphus_s1_58.000,58.0,60.0,arousal,1,eeg,gnb,0.7997316342551912,1,0.4275125587807118,0,-0.3722190754744794,0.3722190754744794,False
P41,sisyphus,1,sisyphus_s1_59.000,59.0,61.0,arousal,1,eeg,gnb,0.954402857886372,1,0.8280700568198933,1,-0.1263328010664787,0.1263328010664787,True
P41,sisyphus,1,sisyphus_s1_60.000,60.0,62.0,arousal,1,eeg,gnb,0.551781439428119,1,0.11670404641418586,0,-0.4350773930139331,0.4350773930139331,False
P41,sisyphus,1,sisyphus_s1_61.000,61.0,63.0,arousal,1,eeg,gnb,0.737043783175822,1,0.4552278916030342,0,-0.2818158915727878,0.2818158915727878,False
P41,sisyphus,1,sisyphus_s1_62.000,62.0,64.0,arousal,1,eeg,gnb,0.8058280626893061,1,0.7074205987650332,1,-0.09840746392427291,0.09840746392427291,True
P41,sisyphus,1,sisyphus_s1_63.000,63.0,65.0,arousal,1,eeg,gnb,0.7247681358947288,1,0.6724553070742763,1,-0.05231282882045252,0.05231282882045252,True
P41,sisyphus,1,sisyphus_s1_64.000,64.0,66.0,arousal,1,eeg,gnb,0.9746291305182802,1,0.9492797559869718,1,-0.025349374531308366,0.025349374531308366,True
P41,sisyphus,1,sisyphus_s1_65.000,65.0,67.0,arousal,1,eeg,gnb,0.8801791711350436,1,0.8202628617749516,1,-0.05991630936009207,0.05991630936009207,True
P41,sisyphus,1,sisyphus_s1_66.000,66.0,68.0,arousal,1,eeg,gnb,0.8385841786698346,1,0.7377705077757574,1,-0.10081367089407722,0.10081367089407722,True
P41,sisyphus,1,sisyphus_s1_67.000,67.0,69.0,arousal,1,eeg,gnb,0.9174647705028692,1,0.8632354727282942,1,-0.05422929777457508,0.05422929777457508,True
P41,sisyphus,1,sisyphus_s1_68.000,68.0,70.0,arousal,1,eeg,gnb,0.96525072184248,1,0.9320286692839574,1,-0.03322205255852251,0.03322205255852251,True
P41,sisyphus,1,sisyphus_s1_69.000,69.0,71.0,arousal,1,eeg,gnb,0.6373075431756152,1,0.2736182840589039,0,-0.3636892591167113,0.3636892591167113,False
P41,sisyphus,1,sisyphus_s1_70.000,70.0,72.0,arousal,1,eeg,gnb,0.5766466786846103,1,0.4712505277989887,0,-0.1053961508856216,0.1053961508856216,False
P41,sisyphus,1,sisyphus_s1_71.000,71.0,73.0,arousal,1,eeg,gnb,0.2213098441188101,0,0.3086436590828104,0,0.08733381496400028,0.08733381496400028,True
P41,sisyphus,1,sisyphus_s1_72.000,72.0,74.0,arousal,1,eeg,gnb,0.7197363613386658,1,0.6507326915245567,1,-0.0690036698141091,0.0690036698141091,True
P41,sisyphus,1,sisyphus_s1_73.000,73.0,75.0,arousal,1,eeg,gnb,0.5788697938237086,1,0.09160523704045656,0,-0.4872645567832521,0.4872645567832521,False
P41,sisyphus,1,sisyphus_s1_74.000,74.0,76.0,arousal,1,eeg,gnb,0.9604837178450288,1,0.890637245172141,1,-0.0698464726728878,0.0698464726728878,True
P41,sisyphus,1,sisyphus_s1_75.000,75.0,77.0,arousal,1,eeg,gnb,0.920324846733157,1,0.8650782506879064,1,-0.05524659604525051,0.05524659604525051,True
P41,sisyphus,1,sisyphus_s1_76.000,76.0,78.0,arousal,1,eeg,gnb,0.6733292818792715,1,0.6368889572433707,1,-0.036440324635900856,0.036440324635900856,True
P41,sisyphus,1,sisyphus_s1_77.000,77.0,79.0,arousal,1,eeg,gnb,0.6852742977500721,1,0.7810139550098698,1,0.09573965725979772,0.09573965725979772,True
P41,sisyphus,1,sisyphus_s1_78.000,78.0,80.0,arousal,1,eeg,gnb,0.9569225801059592,1,0.9472149372766917,1,-0.009707642829267504,0.009707642829267504,True
P41,sisyphus,1,sisyphus_s1_79.000,79.0,81.0,arousal,1,eeg,gnb,0.9858378228263472,1,0.9619651292612769,1,-0.02387269356507038,0.02387269356507038,True
P41,sisyphus,1,sisyphus_s1_80.000,80.0,82.0,arousal,1,eeg,gnb,0.9880640624767985,1,0.9806051566803963,1,-0.007458905796402182,0.007458905796402182,True
P41,sisyphus,1,sisyphus_s1_81.000,81.0,83.0,arousal,1,eeg,gnb,0.6875525394652979,1,0.4692942911321555,0,-0.21825824833314245,0.21825824833314245,False
P41,sisyphus,1,sisyphus_s1_82.000,82.0,84.0,arousal,1,eeg,gnb,0.8358817194317469,1,0.7160916624699574,1,-0.11979005696178957,0.11979005696178957,True
P41,sisyphus,1,sisyphus_s1_83.000,83.0,85.0,arousal,1,eeg,gnb,0.9099012298957198,1,0.8510180273127385,1,-0.0588832025829813,0.0588832025829813,True
P41,sisyphus,1,sisyphus_s1_84.000,84.0,86.0,arousal,1,eeg,gnb,0.905148257483463,1,0.9343674301244658,1,0.029219172641002822,0.029219172641002822,True
P41,sisyphus,1,sisyphus_s1_85.000,85.0,87.0,arousal,1,eeg,gnb,0.936529073949508,1,0.8319009707070404,1,-0.10462810324246763,0.10462810324246763,True
P41,sisyphus,1,sisyphus_s1_86.000,86.0,88.0,arousal,1,eeg,gnb,0.9811678991219488,1,0.9484469292822241,1,-0.03272096983972472,0.03272096983972472,True
P41,sisyphus,1,sisyphus_s1_87.000,87.0,89.0,arousal,1,eeg,gnb,0.9325948138108217,1,0.724978414991901,1,-0.2076163988189207,0.2076163988189207,True
P41,sisyphus,1,sisyphus_s1_88.000,88.0,90.0,arousal,1,eeg,gnb,0.986091271861238,1,0.9462820732584291,1,-0.03980919860280896,0.03980919860280896,True
P41,sisyphus,1,sisyphus_s1_89.000,89.0,91.0,arousal,1,eeg,gnb,0.925541419629752,1,0.927471675635952,1,0.001930256006200004,0.001930256006200004,True
P41,sisyphus,1,sisyphus_s1_90.000,90.0,92.0,arousal,1,eeg,gnb,0.9708980170321556,1,0.9427769111823445,1,-0.02812110584981109,0.02812110584981109,True
P41,sisyphus,1,sisyphus_s1_91.000,91.0,93.0,arousal,1,eeg,gnb,0.899815565145264,1,0.792248240247455,1,-0.10756732489780896,0.10756732489780896,True
P41,sisyphus,1,sisyphus_s1_92.000,92.0,94.0,arousal,1,eeg,gnb,0.8358353545195983,1,0.7504137802717622,1,-0.08542157424783614,0.08542157424783614,True
P41,sisyphus,1,sisyphus_s1_93.000,93.0,95.0,arousal,1,eeg,gnb,0.6659675746523936,1,0.49680764873325806,0,-0.1691599259191356,0.1691599259191356,False
P41,sisyphus,1,sisyphus_s1_94.000,94.0,96.0,arousal,1,eeg,gnb,0.9116603386114166,1,0.8390896648232112,1,-0.07257067378820536,0.07257067378820536,True
P41,sisyphus,1,sisyphus_s1_95.000,95.0,97.0,arousal,1,eeg,gnb,0.9578077015364176,1,0.8673767590321054,1,-0.09043094250431216,0.09043094250431216,True
P41,sisyphus,1,sisyphus_s1_96.000,96.0,98.0,arousal,1,eeg,gnb,0.9168865318956356,1,0.819346383021131,1,-0.09754014887450457,0.09754014887450457,True
P41,sisyphus,1,sisyphus_s1_97.000,97.0,99.0,arousal,1,eeg,gnb,0.7096224357581028,1,0.7014701344826649,1,-0.008152301275437868,0.008152301275437868,True
P41,sisyphus,1,sisyphus_s1_98.000,98.0,100.0,arousal,1,eeg,gnb,0.7659631855804852,1,0.716693259895413,1,-0.04926992568507216,0.04926992568507216,True
P41,sisyphus,1,sisyphus_s1_99.000,99.0,101.0,arousal,1,eeg,gnb,0.9660041011869128,1,0.8961438505153455,1,-0.06986025067156731,0.06986025067156731,True
P41,stack,1,stack_s1_100.000,100.0,102.0,arousal,1,eeg,gnb,0.6714983705102971,1,0.6636760898789338,1,-0.007822280631363365,0.007822280631363365,True
P41,stack,1,stack_s1_101.000,101.0,103.0,arousal,1,eeg,gnb,0.917477275856695,1,0.8692290838074792,1,-0.04824819204921582,0.04824819204921582,True
P41,stack,1,stack_s1_102.000,102.0,104.0,arousal,1,eeg,gnb,0.840902637075435,1,0.7598770837652338,1,-0.08102555331020123,0.08102555331020123,True
P41,stack,1,stack_s1_103.000,103.0,105.0,arousal,1,eeg,gnb,0.9595891037827264,1,0.9154800785658117,1,-0.04410902521691473,0.04410902521691473,True
P41,stack,1,stack_s1_104.000,104.0,106.0,arousal,1,eeg,gnb,0.97904782292926,1,0.9790774082762906,1,2.958534703068061e-05,2.958534703068061e-05,True
P41,stack,1,stack_s1_105.000,105.0,107.0,arousal,1,eeg,gnb,0.9238653294875976,1,0.8461135395266652,1,-0.07775178996093235,0.07775178996093235,True
P41,stack,1,stack_s1_106.000,106.0,108.0,arousal,1,eeg,gnb,0.9173720642614658,1,0.8931023353925736,1,-0.024269728868892226,0.024269728868892226,True
P41,stack,1,stack_s1_107.000,107.0,109.0,arousal,1,eeg,gnb,0.6593778219621815,1,0.763334957964749,1,0.10395713600256751,0.10395713600256751,True
P41,stack,1,stack_s1_108.000,108.0,110.0,arousal,1,eeg,gnb,0.9409351139160388,1,0.9227035401614246,1,-0.01823157375461415,0.01823157375461415,True
P41,stack,1,stack_s1_109.000,109.0,111.0,arousal,1,eeg,gnb,0.9048729840170492,1,0.8111497490385773,1,-0.0937232349784719,0.0937232349784719,True
P41,stack,1,stack_s1_110.000,110.0,112.0,arousal,1,eeg,gnb,0.9335233102359036,1,0.905019973064592,1,-0.028503337171311594,0.028503337171311594,True
P41,stack,1,stack_s1_111.000,111.0,113.0,arousal,1,eeg,gnb,0.3127278360702009,0,0.5138465161360929,1,0.201118680065892,0.201118680065892,False
P41,stack,1,stack_s1_112.000,112.0,114.0,arousal,1,eeg,gnb,0.994159245669065,1,0.9896032317202546,1,-0.0045560139488104445,0.0045560139488104445,True
P41,stack,1,stack_s1_113.000,113.0,115.0,arousal,1,eeg,gnb,0.9438055126941488,1,0.877630223217495,1,-0.06617528947665385,0.06617528947665385,True
P41,stack,1,stack_s1_114.000,114.0,116.0,arousal,1,eeg,gnb,0.8874057547932787,1,0.7414296364355812,1,-0.14597611835769742,0.14597611835769742,True
P41,stack,1,stack_s1_115.000,115.0,117.0,arousal,1,eeg,gnb,6.780459387959263e-10,0,6.977978918872257e-18,0,-6.780459318179474e-10,6.780459318179474e-10,True
P41,stack,1,stack_s1_116.000,116.0,118.0,arousal,1,eeg,gnb,0.2245968512542216,0,0.0025779647366614795,0,-0.22201888651756013,0.22201888651756013,True
P41,stack,1,stack_s1_117.000,117.0,119.0,arousal,1,eeg,gnb,0.9463087744327942,1,0.8983107609514618,1,-0.04799801348133237,0.04799801348133237,True
P41,stack,1,stack_s1_118.000,118.0,120.0,arousal,1,eeg,gnb,0.2421194646200921,0,0.10038574532014906,0,-0.14173371929994305,0.14173371929994305,True
P41,stack,1,stack_s1_119.000,119.0,121.0,arousal,1,eeg,gnb,0.6434318845353215,1,0.1873437036432146,0,-0.4560881808921069,0.4560881808921069,False
P41,stack,1,stack_s1_120.000,120.0,122.0,arousal,1,eeg,gnb,0.6944544672072231,1,0.11881459150149493,0,-0.5756398757057282,0.5756398757057282,False
P41,stack,1,stack_s1_121.000,121.0,123.0,arousal,1,eeg,gnb,1.0993358507904636e-29,0,8.396348493835421e-48,0,-1.0993358507904636e-29,1.0993358507904636e-29,True
P41,stack,1,stack_s1_20.000,20.0,22.0,arousal,1,eeg,gnb,0.3077369726436107,0,0.7273873048349447,1,0.419650332191334,0.419650332191334,False
P41,stack,1,stack_s1_21.000,21.0,23.0,arousal,1,eeg,gnb,0.9223123830179004,1,0.90872985516459,1,-0.013582527853310378,0.013582527853310378,True
P41,stack,1,stack_s1_22.000,22.0,24.0,arousal,1,eeg,gnb,0.957381802547938,1,0.9600714836391392,1,0.002689681091201157,0.002689681091201157,True
P41,stack,1,stack_s1_23.000,23.0,25.0,arousal,1,eeg,gnb,0.6823621159740116,1,0.7181270019989513,1,0.03576488602493966,0.03576488602493966,True
P41,stack,1,stack_s1_24.000,24.0,26.0,arousal,1,eeg,gnb,0.4632691186469828,0,0.2933211614322947,0,-0.16994795721468808,0.16994795721468808,True
P41,stack,1,stack_s1_25.000,25.0,27.0,arousal,1,eeg,gnb,4.4109138803848535e-29,0,4.669432630047689e-45,0,-4.410913880384853e-29,4.410913880384853e-29,True
P41,stack,1,stack_s1_26.000,26.0,28.0,arousal,1,eeg,gnb,0.000717279019653,0,6.903797723987394e-07,0,-0.0007165886398806012,0.0007165886398806012,True
P41,stack,1,stack_s1_27.000,27.0,29.0,arousal,1,eeg,gnb,0.0002217576221477,0,8.972866432363081e-08,0,-0.00022166789348337636,0.00022166789348337636,True
P41,stack,1,stack_s1_28.000,28.0,30.0,arousal,1,eeg,gnb,0.9040275234273206,1,0.7905244081380234,1,-0.11350311528929724,0.11350311528929724,True
P41,stack,1,stack_s1_29.000,29.0,31.0,arousal,1,eeg,gnb,0.1223705648486171,0,0.15292938888155666,0,0.030558824032939566,0.030558824032939566,True
P41,stack,1,stack_s1_30.000,30.0,32.0,arousal,1,eeg,gnb,0.884174280319371,1,0.828864837243079,1,-0.05530944307629193,0.05530944307629193,True
P41,stack,1,stack_s1_31.000,31.0,33.0,arousal,1,eeg,gnb,0.6471457956002541,1,0.8259771486283953,1,0.17883135302814124,0.17883135302814124,True
P41,stack,1,stack_s1_32.000,32.0,34.0,arousal,1,eeg,gnb,0.8785451089215076,1,0.7562130992565268,1,-0.12233200966498081,0.12233200966498081,True
P41,stack,1,stack_s1_33.000,33.0,35.0,arousal,1,eeg,gnb,0.2966819667354853,0,0.18286183124471,0,-0.1138201354907753,0.1138201354907753,True
P41,stack,1,stack_s1_34.000,34.0,36.0,arousal,1,eeg,gnb,0.9074696517176264,1,0.8302423020121225,1,-0.07722734970550393,0.07722734970550393,True
P41,stack,1,stack_s1_35.000,35.0,37.0,arousal,1,eeg,gnb,0.9017464318292656,1,0.7199773664623722,1,-0.1817690653668934,0.1817690653668934,True
P41,stack,1,stack_s1_36.000,36.0,38.0,arousal,1,eeg,gnb,0.558875586916462,1,0.3243871390502334,0,-0.23448844786622858,0.23448844786622858,False
P41,stack,1,stack_s1_37.000,37.0,39.0,arousal,1,eeg,gnb,0.4015203836827167,0,0.6509673513958295,1,0.2494469677131128,0.2494469677131128,False
P41,stack,1,stack_s1_38.000,38.0,40.0,arousal,1,eeg,gnb,0.938082974773864,1,0.8876492808753201,1,-0.05043369389854391,0.05043369389854391,True
P41,stack,1,stack_s1_39.000,39.0,41.0,arousal,1,eeg,gnb,0.974380515094182,1,0.9628826427379528,1,-0.011497872356229233,0.011497872356229233,True
P41,stack,1,stack_s1_40.000,40.0,42.0,arousal,1,eeg,gnb,0.8479346002226286,1,0.8273057789750933,1,-0.02062882124753529,0.02062882124753529,True
P41,stack,1,stack_s1_41.000,41.0,43.0,arousal,1,eeg,gnb,0.803061534708768,1,0.5581461539503174,1,-0.24491538075845054,0.24491538075845054,True
P41,stack,1,stack_s1_42.000,42.0,44.0,arousal,1,eeg,gnb,0.920203823512952,1,0.8408069508210186,1,-0.0793968726919334,0.0793968726919334,True
P41,stack,1,stack_s1_43.000,43.0,45.0,arousal,1,eeg,gnb,0.8760865746380115,1,0.8838051487200717,1,0.0077185740820601145,0.0077185740820601145,True
P41,stack,1,stack_s1_44.000,44.0,46.0,arousal,1,eeg,gnb,0.4231411883763756,0,0.04005425721159253,0,-0.3830869311647831,0.3830869311647831,True
P41,stack,1,stack_s1_45.000,45.0,47.0,arousal,1,eeg,gnb,0.6178306868081608,1,0.024410474441026623,0,-0.5934202123671342,0.5934202123671342,False
P41,stack,1,stack_s1_46.000,46.0,48.0,arousal,1,eeg,gnb,0.9506040106112706,1,0.8858287205496129,1,-0.06477529006165772,0.06477529006165772,True
P41,stack,1,stack_s1_47.000,47.0,49.0,arousal,1,eeg,gnb,0.9506980830562728,1,0.8772446253598936,1,-0.07345345769637923,0.07345345769637923,True
P41,stack,1,stack_s1_48.000,48.0,50.0,arousal,1,eeg,gnb,0.8398066937384944,1,0.6399390168546589,1,-0.19986767688383544,0.19986767688383544,True
P41,stack,1,stack_s1_49.000,49.0,51.0,arousal,1,eeg,gnb,0.911196707209988,1,0.9126125098877661,1,0.0014158026777780774,0.0014158026777780774,True
P41,stack,1,stack_s1_50.000,50.0,52.0,arousal,1,eeg,gnb,0.8763531736503121,1,0.8622433693613201,1,-0.014109804288992,0.014109804288992,True
P41,stack,1,stack_s1_51.000,51.0,53.0,arousal,1,eeg,gnb,0.0023962469186065,0,0.06803231766644321,0,0.06563607074783671,0.06563607074783671,True
P41,stack,1,stack_s1_52.000,52.0,54.0,arousal,1,eeg,gnb,0.6431392430422237,1,0.40591033205299193,0,-0.23722891098923177,0.23722891098923177,False
P41,stack,1,stack_s1_53.000,53.0,55.0,arousal,1,eeg,gnb,0.0274595449571401,0,0.018026972620784745,0,-0.009432572336355353,0.009432572336355353,True
P41,stack,1,stack_s1_54.000,54.0,56.0,arousal,1,eeg,gnb,0.6565388704631446,1,0.578349702273706,1,-0.07818916818943866,0.07818916818943866,True
P41,stack,1,stack_s1_55.000,55.0,57.0,arousal,1,eeg,gnb,0.5289795307209161,1,0.5788685453134123,1,0.04988901459249617,0.04988901459249617,True
P41,stack,1,stack_s1_56.000,56.0,58.0,arousal,1,eeg,gnb,0.9160262159244422,1,0.7487290660031034,1,-0.16729714992133882,0.16729714992133882,True
P41,stack,1,stack_s1_57.000,57.0,59.0,arousal,1,eeg,gnb,0.9316299729428572,1,0.8210903322791628,1,-0.11053964066369437,0.11053964066369437,True
P41,stack,1,stack_s1_58.000,58.0,60.0,arousal,1,eeg,gnb,0.8402053828056837,1,0.5856740776222642,1,-0.2545313051834195,0.2545313051834195,True
P41,stack,1,stack_s1_59.000,59.0,61.0,arousal,1,eeg,gnb,0.4980431901179482,0,0.7096862395256439,1,0.21164304940769574,0.21164304940769574,False
P41,stack,1,stack_s1_60.000,60.0,62.0,arousal,1,eeg,gnb,0.9534555363865788,1,0.9365691075952463,1,-0.01688642879133251,0.01688642879133251,True
P41,stack,1,stack_s1_61.000,61.0,63.0,arousal,1,eeg,gnb,0.9944759160253748,1,0.9887764402660408,1,-0.0056994757593339385,0.0056994757593339385,True
P41,stack,1,stack_s1_62.000,62.0,64.0,arousal,1,eeg,gnb,0.9686792663775295,1,0.9299077096609032,1,-0.038771556716626354,0.038771556716626354,True
P41,stack,1,stack_s1_63.000,63.0,65.0,arousal,1,eeg,gnb,0.8128936756326476,1,0.5032549616433188,1,-0.30963871398932874,0.30963871398932874,True
P41,stack,1,stack_s1_64.000,64.0,66.0,arousal,1,eeg,gnb,0.8712178664932184,1,0.7512539931754401,1,-0.11996387331777836,0.11996387331777836,True
P41,stack,1,stack_s1_65.000,65.0,67.0,arousal,1,eeg,gnb,0.016742569383739,0,0.016854168326786465,0,0.00011159894304746398,0.00011159894304746398,True
P41,stack,1,stack_s1_66.000,66.0,68.0,arousal,1,eeg,gnb,0.5678309491507194,1,0.621158698030969,1,0.053327748880249604,0.053327748880249604,True
P41,stack,1,stack_s1_67.000,67.0,69.0,arousal,1,eeg,gnb,0.8669776679522573,1,0.7084796161456709,1,-0.15849805180658638,0.15849805180658638,True
P41,stack,1,stack_s1_68.000,68.0,70.0,arousal,1,eeg,gnb,0.1984386927232409,0,0.0017076847054013527,0,-0.19673100801783955,0.19673100801783955,True
P41,stack,1,stack_s1_69.000,69.0,71.0,arousal,1,eeg,gnb,2.266983049194736e-09,0,2.6532046245918715e-14,0,-2.26695651714849e-09,2.26695651714849e-09,True
P41,stack,1,stack_s1_70.000,70.0,72.0,arousal,1,eeg,gnb,0.2062347492150807,0,0.015719230104544627,0,-0.19051551911053607,0.19051551911053607,True
P41,stack,1,stack_s1_71.000,71.0,73.0,arousal,1,eeg,gnb,0.3866310488814736,0,0.04036979511533259,0,-0.34626125376614103,0.34626125376614103,True
P41,stack,1,stack_s1_72.000,72.0,74.0,arousal,1,eeg,gnb,0.4086693413680522,0,0.3380630211901378,0,-0.0706063201779144,0.0706063201779144,True
P41,stack,1,stack_s1_73.000,73.0,75.0,arousal,1,eeg,gnb,0.8906442536060537,1,0.8271096567275025,1,-0.06353459687855123,0.06353459687855123,True
P41,stack,1,stack_s1_74.000,74.0,76.0,arousal,1,eeg,gnb,0.9126525606935412,1,0.8486262727752446,1,-0.06402628791829656,0.06402628791829656,True
P41,stack,1,stack_s1_75.000,75.0,77.0,arousal,1,eeg,gnb,0.8491098682121607,1,0.674548094191192,1,-0.17456177402096873,0.17456177402096873,True
P41,stack,1,stack_s1_76.000,76.0,78.0,arousal,1,eeg,gnb,0.9523398379733612,1,0.9545048943047949,1,0.0021650563314337123,0.0021650563314337123,True
P41,stack,1,stack_s1_77.000,77.0,79.0,arousal,1,eeg,gnb,0.641981477867414,1,0.7903066497561833,1,0.14832517188876926,0.14832517188876926,True
P41,stack,1,stack_s1_78.000,78.0,80.0,arousal,1,eeg,gnb,0.9592529006590106,1,0.9373885209946642,1,-0.0218643796643464,0.0218643796643464,True
P41,stack,1,stack_s1_79.000,79.0,81.0,arousal,1,eeg,gnb,0.7605135627346623,1,0.6667463131670693,1,-0.09376724956759297,0.09376724956759297,True
P41,stack,1,stack_s1_80.000,80.0,82.0,arousal,1,eeg,gnb,0.8112939809185324,1,0.8049722299020993,1,-0.006321751016433175,0.006321751016433175,True
P41,stack,1,stack_s1_81.000,81.0,83.0,arousal,1,eeg,gnb,0.8303095025908156,1,0.6218673283315558,1,-0.20844217425925982,0.20844217425925982,True
P41,stack,1,stack_s1_82.000,82.0,84.0,arousal,1,eeg,gnb,0.1351866986777827,0,0.11624127809029546,0,-0.018945420587487258,0.018945420587487258,True
P41,stack,1,stack_s1_83.000,83.0,85.0,arousal,1,eeg,gnb,0.9045230582848298,1,0.8295994586246193,1,-0.07492359966021056,0.07492359966021056,True
P41,stack,1,stack_s1_84.000,84.0,86.0,arousal,1,eeg,gnb,0.9512007558073402,1,0.9331048624060205,1,-0.018095893401319674,0.018095893401319674,True
P41,stack,1,stack_s1_85.000,85.0,87.0,arousal,1,eeg,gnb,0.6346865584592882,1,0.569974557978935,1,-0.0647120004803532,0.0647120004803532,True
P41,stack,1,stack_s1_86.000,86.0,88.0,arousal,1,eeg,gnb,0.0389837905119762,0,0.06442350930177906,0,0.025439718789802862,0.025439718789802862,True
P41,stack,1,stack_s1_87.000,87.0,89.0,arousal,1,eeg,gnb,0.0078598188416241,0,0.06838032328969083,0,0.06052050444806673,0.06052050444806673,True
P41,stack,1,stack_s1_88.000,88.0,90.0,arousal,1,eeg,gnb,0.0755895581529774,0,0.21123654632640826,0,0.13564698817343085,0.13564698817343085,True
P41,stack,1,stack_s1_89.000,89.0,91.0,arousal,1,eeg,gnb,0.8951172951492767,1,0.9507458026358733,1,0.055628507486596535,0.055628507486596535,True
P41,stack,1,stack_s1_90.000,90.0,92.0,arousal,1,eeg,gnb,0.9970458148049496,1,0.9983338319574595,1,0.0012880171525099238,0.0012880171525099238,True
P41,stack,1,stack_s1_91.000,91.0,93.0,arousal,1,eeg,gnb,0.0739042389496896,0,0.15728532295757583,0,0.08338108400788623,0.08338108400788623,True
P41,stack,1,stack_s1_92.000,92.0,94.0,arousal,1,eeg,gnb,0.7363942516295046,1,0.8738714127452782,1,0.13747716111577368,0.13747716111577368,True
P41,stack,1,stack_s1_93.000,93.0,95.0,arousal,1,eeg,gnb,0.9929600906096598,1,0.9867623330297747,1,-0.006197757579885166,0.006197757579885166,True
P41,stack,1,stack_s1_94.000,94.0,96.0,arousal,1,eeg,gnb,0.6545651094900772,1,0.3707349176895391,0,-0.2838301918005381,0.2838301918005381,False
P41,stack,1,stack_s1_95.000,95.0,97.0,arousal,1,eeg,gnb,0.7240926298866438,1,0.7837956983326804,1,0.05970306844603657,0.05970306844603657,True
P41,stack,1,stack_s1_96.000,96.0,98.0,arousal,1,eeg,gnb,0.5130305333152857,1,0.6763247356552293,1,0.16329420233994363,0.16329420233994363,True
P41,stack,1,stack_s1_97.000,97.0,99.0,arousal,1,eeg,gnb,0.984731524046018,1,0.9756710293865969,1,-0.009060494659421159,0.009060494659421159,True
P41,stack,1,stack_s1_98.000,98.0,100.0,arousal,1,eeg,gnb,0.9542506816566356,1,0.9270015247943866,1,-0.027249156862249047,0.027249156862249047,True
P41,stack,1,stack_s1_99.000,99.0,101.0,arousal,1,eeg,gnb,0.9607341936439912,1,0.9417159488524656,1,-0.019018244791525585,0.019018244791525585,True
P41,pick_place,1,pick_place_s1_24.000,24.0,26.0,arousal,2,eeg,svm,0.8791618256770026,1,0.8512342727593,1,-0.027927552917702658,0.027927552917702658,True
P41,pick_place,1,pick_place_s1_25.000,25.0,27.0,arousal,2,eeg,svm,0.9287952254984724,1,0.925002946845578,1,-0.003792278652894332,0.003792278652894332,True
P41,pick_place,1,pick_place_s1_26.000,26.0,28.0,arousal,2,eeg,svm,0.9422215040512344,1,0.9364401830911275,1,-0.005781320960106862,0.005781320960106862,True
P41,pick_place,1,pick_place_s1_27.000,27.0,29.0,arousal,2,eeg,svm,0.9133852126091052,1,0.9113133336048981,1,-0.0020718790042071333,0.0020718790042071333,True
P41,shape_sorter_interaction,1,shape_sorter_interaction_s1_24.000,24.0,26.0,arousal,2,eeg,svm,0.2592210696616289,0,0.2321006081629689,0,-0.027120461498659987,0.027120461498659987,True
P41,shape_sorter_interaction,1,shape_sorter_interaction_s1_25.000,25.0,27.0,arousal,2,eeg,svm,0.312980099342695,0,0.45406939335614677,0,0.14108929401345177,0.14108929401345177,True
P41,shape_sorter_interaction,1,shape_sorter_interaction_s1_26.000,26.0,28.0,arousal,2,eeg,svm,0.5948411491892744,1,0.5206019007974734,1,-0.07423924839180107,0.07423924839180107,True
P41,shape_sorter_interaction,1,shape_sorter_interaction_s1_27.000,27.0,29.0,arousal,2,eeg,svm,0.6303384837466038,1,0.4711067283485682,0,-0.15923175539803563,0.15923175539803563,False
P41,shape_sorter_interaction,1,shape_sorter_interaction_s1_28.000,28.0,30.0,arousal,2,eeg,svm,0.4755281371112332,0,0.32011799987445955,0,-0.15541013723677366,0.15541013723677366,True
P41,shape_sorter_interaction,1,shape_sorter_interaction_s1_29.000,29.0,31.0,arousal,2,eeg,svm,0.724116675754157,1,0.7443427692132912,1,0.020226093459134287,0.020226093459134287,True
P41,shape_sorter_interaction,1,shape_sorter_interaction_s1_30.000,30.0,32.0,arousal,2,eeg,svm,0.497373693065252,0,0.38136979258531717,0,-0.11600390047993481,0.11600390047993481,True
P41,shape_sorter_interaction,1,shape_sorter_interaction_s1_31.000,31.0,33.0,arousal,2,eeg,svm,0.2832721045150781,0,0.26209833320909226,0,-0.021173771305985856,0.021173771305985856,True
P41,shape_sorter_interaction,1,shape_sorter_interaction_s1_32.000,32.0,34.0,arousal,2,eeg,svm,0.559878094698975,1,0.4625159662355411,0,-0.0973621284634339,0.0973621284634339,False
P41,shape_sorter_interaction,1,shape_sorter_interaction_s1_33.000,33.0,35.0,arousal,2,eeg,svm,0.3028138914068589,0,0.2091121089569435,0,-0.0937017824499154,0.0937017824499154,True
P41,shape_sorter_interaction,1,shape_sorter_interaction_s1_34.000,34.0,36.0,arousal,2,eeg,svm,0.4636617665344965,0,0.348707435421166,0,-0.11495433111333048,0.11495433111333048,True
P41,shape_sorter_interaction,1,shape_sorter_interaction_s1_35.000,35.0,37.0,arousal,2,eeg,svm,0.6844074537751866,1,0.5711882813357326,1,-0.11321917243945401,0.11321917243945401,True
P41,shape_sorter_interaction,1,shape_sorter_interaction_s1_36.000,36.0,38.0,arousal,2,eeg,svm,0.812082621441475,1,0.7495743002335905,1,-0.06250832120788452,0.06250832120788452,True
P41,shape_sorter_interaction,1,shape_sorter_interaction_s1_37.000,37.0,39.0,arousal,2,eeg,svm,0.792583165170867,1,0.7377616470587877,1,-0.05482151811207936,0.05482151811207936,True
P41,shape_sorter_interaction,1,shape_sorter_interaction_s1_38.000,38.0,40.0,arousal,2,eeg,svm,0.3509263469401822,0,0.24803413140107564,0,-0.10289221553910657,0.10289221553910657,True
P41,shape_sorter_interaction,1,shape_sorter_interaction_s1_39.000,39.0,41.0,arousal,2,eeg,svm,0.5840190733187031,1,0.45365430009408253,0,-0.13036477322462053,0.13036477322462053,False
P41,shape_sorter_interaction,1,shape_sorter_interaction_s1_40.000,40.0,42.0,arousal,2,eeg,svm,0.8331634030074778,1,0.7487324830284622,1,-0.08443091997901564,0.08443091997901564,True
P41,shape_sorter_interaction,1,shape_sorter_interaction_s1_41.000,41.0,43.0,arousal,2,eeg,svm,0.815333965034996,1,0.7577780096805783,1,-0.05755595535441771,0.05755595535441771,True
P41,shape_sorter_interaction,1,shape_sorter_interaction_s1_42.000,42.0,44.0,arousal,2,eeg,svm,0.1529565368572525,0,0.10769572724328332,0,-0.04526080961396918,0.04526080961396918,True
P41,shape_sorter_interaction,1,shape_sorter_interaction_s1_43.000,43.0,45.0,arousal,2,eeg,svm,0.3768325677491099,0,0.2891659796920227,0,-0.08766658805708721,0.08766658805708721,True
P41,shape_sorter_interaction,1,shape_sorter_interaction_s1_44.000,44.0,46.0,arousal,2,eeg,svm,0.2906647801151005,0,0.22902726552253208,0,-0.061637514592568415,0.061637514592568415,True
P41,shape_sorter_interaction,1,shape_sorter_interaction_s1_45.000,45.0,47.0,arousal,2,eeg,svm,0.4508149012407578,0,0.3523400450565185,0,-0.09847485618423929,0.09847485618423929,True
P41,shape_sorter_interaction,1,shape_sorter_interaction_s1_46.000,46.0,48.0,arousal,2,eeg,svm,0.6950433636483471,1,0.6044578863748707,1,-0.09058547727347632,0.09058547727347632,True
P41,shape_sorter_interaction,1,shape_sorter_interaction_s1_47.000,47.0,49.0,arousal,2,eeg,svm,0.8253828091553331,1,0.7908046245821956,1,-0.03457818457313755,0.03457818457313755,True
P41,shape_sorter_interaction,1,shape_sorter_interaction_s1_48.000,48.0,50.0,arousal,2,eeg,svm,0.687959024082343,1,0.617870278969987,1,-0.07008874511235597,0.07008874511235597,True
P41,shape_sorter_interaction,1,shape_sorter_interaction_s1_49.000,49.0,51.0,arousal,2,eeg,svm,0.7411335407060702,1,0.6945584481846735,1,-0.04657509252139669,0.04657509252139669,True
P41,shape_sorter_interaction,1,shape_sorter_interaction_s1_50.000,50.0,52.0,arousal,2,eeg,svm,0.9060298910749106,1,0.8731226507274753,1,-0.03290724034743531,0.03290724034743531,True
P41,shape_sorter_interaction,1,shape_sorter_interaction_s1_51.000,51.0,53.0,arousal,2,eeg,svm,0.8926110401851625,1,0.8633748881429374,1,-0.029236152042225072,0.029236152042225072,True
P41,shape_sorter_interaction,1,shape_sorter_interaction_s1_52.000,52.0,54.0,arousal,2,eeg,svm,0.6763221629092893,1,0.5526898717948321,1,-0.12363229111445717,0.12363229111445717,True
P41,shape_sorter_interaction,1,shape_sorter_interaction_s1_53.000,53.0,55.0,arousal,2,eeg,svm,0.7031334867309039,1,0.5986606687588993,1,-0.10447281797200458,0.10447281797200458,True
P41,shape_sorter_interaction,1,shape_sorter_interaction_s1_54.000,54.0,56.0,arousal,2,eeg,svm,0.3316162532804157,0,0.22881175684838567,0,-0.10280449643203005,0.10280449643203005,True
P41,shape_sorter_interaction,1,shape_sorter_interaction_s1_55.000,55.0,57.0,arousal,2,eeg,svm,0.3047258822458228,0,0.2076936784099989,0,-0.09703220383582392,0.09703220383582392,True
P41,shape_sorter_interaction,1,shape_sorter_interaction_s1_56.000,56.0,58.0,arousal,2,eeg,svm,0.8748753609973299,1,0.8456813633730944,1,-0.029193997624235468,0.029193997624235468,True
P41,shape_sorter_interaction,1,shape_sorter_interaction_s1_57.000,57.0,59.0,arousal,2,eeg,svm,0.6977435284550261,1,0.6236827912973962,1,-0.07406073715762984,0.07406073715762984,True
P41,shape_sorter_interaction,1,shape_sorter_interaction_s1_58.000,58.0,60.0,arousal,2,eeg,svm,0.8086004869737676,1,0.7614929704471631,1,-0.0471075165266045,0.0471075165266045,True
P41,shape_sorter_interaction,1,shape_sorter_interaction_s1_59.000,59.0,61.0,arousal,2,eeg,svm,0.6648563331089259,1,0.5603946421271918,1,-0.10446169098173408,0.10446169098173408,True
P41,shape_sorter_interaction,1,shape_sorter_interaction_s1_60.000,60.0,62.0,arousal,2,eeg,svm,0.2936021253953442,0,0.34686286422694507,0,0.05326073883160087,0.05326073883160087,True
P41,shape_sorter_interaction,1,shape_sorter_interaction_s1_61.000,61.0,63.0,arousal,2,eeg,svm,0.5671204812413386,1,0.3954775729914064,0,-0.17164290824993222,0.17164290824993222,False
P41,shape_sorter_interaction,1,shape_sorter_interaction_s1_62.000,62.0,64.0,arousal,2,eeg,svm,0.3829172633817216,0,0.4560319614317894,0,0.07311469805006782,0.07311469805006782,True
P41,shape_sorter_interaction,1,shape_sorter_interaction_s1_63.000,63.0,65.0,arousal,2,eeg,svm,0.3824509564066737,0,0.540776223522069,1,0.1583252671153953,0.1583252671153953,False
P41,shape_sorter_interaction,1,shape_sorter_interaction_s1_64.000,64.0,66.0,arousal,2,eeg,svm,0.6661457153998895,1,0.5045721836526672,0,-0.16157353174722233,0.16157353174722233,False
P41,shape_sorter_interaction,1,shape_sorter_interaction_s1_65.000,65.0,67.0,arousal,2,eeg,svm,0.9386507313158226,1,0.9308618720245894,1,-0.0077888592912331855,0.0077888592912331855,True
P41,shape_sorter_interaction,1,shape_sorter_interaction_s1_66.000,66.0,68.0,arousal,2,eeg,svm,0.822574846946435,1,0.768355139484204,1,-0.05421970746223104,0.05421970746223104,True
P41,shape_sorter_interaction,1,shape_sorter_interaction_s1_67.000,67.0,69.0,arousal,2,eeg,svm,0.4662509474770948,0,0.38775443057802234,0,-0.07849651689907244,0.07849651689907244,True
P41,shape_sorter_interaction,1,shape_sorter_interaction_s1_68.000,68.0,70.0,arousal,2,eeg,svm,0.5882595525170193,1,0.4673258248810441,0,-0.12093372763597521,0.12093372763597521,False
P41,shape_sorter_interaction,1,shape_sorter_interaction_s1_69.000,69.0,71.0,arousal,2,eeg,svm,0.7424031429647546,1,0.6451391935576848,1,-0.09726394940706984,0.09726394940706984,True
P41,shape_sorter_interaction,1,shape_sorter_interaction_s1_70.000,70.0,72.0,arousal,2,eeg,svm,0.8491132095462728,1,0.7972974770532856,1,-0.05181573249298721,0.05181573249298721,True
P41,shape_sorter_interaction,1,shape_sorter_interaction_s1_71.000,71.0,73.0,arousal,2,eeg,svm,0.8959092168145104,1,0.8688723620240766,1,-0.02703685479043383,0.02703685479043383,True
P41,shape_sorter_interaction,1,shape_sorter_interaction_s1_72.000,72.0,74.0,arousal,2,eeg,svm,0.5641223036937206,1,0.42651510603101783,0,-0.1376071976627028,0.1376071976627028,False
P41,shape_sorter_interaction,1,shape_sorter_interaction_s1_73.000,73.0,75.0,arousal,2,eeg,svm,0.8031407386877472,1,0.7270456598177755,1,-0.07609507886997169,0.07609507886997169,True
P41,shape_sorter_interaction,1,shape_sorter_interaction_s1_74.000,74.0,76.0,arousal,2,eeg,svm,0.935002589921479,1,0.915462594886706,1,-0.019539995034772994,0.019539995034772994,True
P41,shape_sorter_interaction,1,shape_sorter_interaction_s1_75.000,75.0,77.0,arousal,2,eeg,svm,0.7509446574458112,1,0.6030552313036877,1,-0.14788942614212353,0.14788942614212353,True
P41,shape_sorter_interaction,1,shape_sorter_interaction_s1_76.000,76.0,78.0,arousal,2,eeg,svm,0.7571187495402764,1,0.6915905640815279,1,-0.0655281854587485,0.0655281854587485,True
P41,shape_sorter_interaction,1,shape_sorter_interaction_s1_77.000,77.0,79.0,arousal,2,eeg,svm,0.729242075911307,1,0.6126550109599999,1,-0.1165870649513071,0.1165870649513071,True
P41,shape_sorter_interaction,1,shape_sorter_interaction_s1_78.000,78.0,80.0,arousal,2,eeg,svm,0.568588159493513,1,0.4204459320147464,0,-0.14814222747876665,0.14814222747876665,False
P41,shape_sorter_interaction,1,shape_sorter_interaction_s1_79.000,79.0,81.0,arousal,2,eeg,svm,0.5654235785962575,1,0.466017855299766,0,-0.09940572329649144,0.09940572329649144,False
P41,shape_sorter_interaction,1,shape_sorter_interaction_s1_80.000,80.0,82.0,arousal,2,eeg,svm,0.6246693155510815,1,0.455990325735697,0,-0.16867898981538454,0.16867898981538454,False
P41,shape_sorter_interaction,1,shape_sorter_interaction_s1_81.000,81.0,83.0,arousal,2,eeg,svm,0.3905538366063024,0,0.27709449279179593,0,-0.11345934381450645,0.11345934381450645,True
P41,shape_sorter_observation,1,shape_sorter_observation_s1_21.000,21.0,23.0,arousal,2,eeg,svm,0.9013795349719148,1,0.8798847900056447,1,-0.02149474496627013,0.02149474496627013,True
P41,shape_sorter_observation,1,shape_sorter_observation_s1_22.000,22.0,24.0,arousal,2,eeg,svm,0.768580205985082,1,0.6537021599616256,1,-0.11487804602345641,0.11487804602345641,True
P41,shape_sorter_observation,1,shape_sorter_observation_s1_23.000,23.0,25.0,arousal,2,eeg,svm,0.7047319094904254,1,0.6211116613307092,1,-0.08362024815971625,0.08362024815971625,True
P41,shape_sorter_observation,1,shape_sorter_observation_s1_24.000,24.0,26.0,arousal,2,eeg,svm,0.7093227447463345,1,0.6397078818375971,1,-0.06961486290873742,0.06961486290873742,True
P41,shape_sorter_observation,1,shape_sorter_observation_s1_25.000,25.0,27.0,arousal,2,eeg,svm,0.8092395770574139,1,0.6825515308227783,1,-0.1266880462346356,0.1266880462346356,True
P41,shape_sorter_observation,1,shape_sorter_observation_s1_26.000,26.0,28.0,arousal,2,eeg,svm,0.8615294186413568,1,0.8053309944699982,1,-0.05619842417135856,0.05619842417135856,True
P41,shape_sorter_observation,1,shape_sorter_observation_s1_27.000,27.0,29.0,arousal,2,eeg,svm,0.8494464970424442,1,0.7864876491263392,1,-0.06295884791610507,0.06295884791610507,True
P41,shape_sorter_observation,1,shape_sorter_observation_s1_28.000,28.0,30.0,arousal,2,eeg,svm,0.8244361597966379,1,0.7856735994772146,1,-0.03876256031942327,0.03876256031942327,True
P41,shape_sorter_observation,1,shape_sorter_observation_s1_29.000,29.0,31.0,arousal,2,eeg,svm,0.8817348571103,1,0.8840990869718085,1,0.0023642298615085267,0.0023642298615085267,True
P41,shape_sorter_observation,1,shape_sorter_observation_s1_30.000,30.0,32.0,arousal,2,eeg,svm,0.736222655666091,1,0.6355121072636106,1,-0.1007105484024804,0.1007105484024804,True
P41,shape_sorter_observation,1,shape_sorter_observation_s1_31.000,31.0,33.0,arousal,2,eeg,svm,0.8770621117890806,1,0.8277957148362228,1,-0.04926639695285773,0.04926639695285773,True
P41,shape_sorter_observation,1,shape_sorter_observation_s1_32.000,32.0,34.0,arousal,2,eeg,svm,0.8882728705993889,1,0.8783350993128435,1,-0.009937771286545383,0.009937771286545383,True
P41,shape_sorter_observation,1,shape_sorter_observation_s1_33.000,33.0,35.0,arousal,2,eeg,svm,0.8903533136290669,1,0.877520332040286,1,-0.012832981588780878,0.012832981588780878,True
P41,shape_sorter_observation,1,shape_sorter_observation_s1_34.000,34.0,36.0,arousal,2,eeg,svm,0.8516554957875206,1,0.8023549341691959,1,-0.049300561618324745,0.049300561618324745,True
P41,shape_sorter_observation,1,shape_sorter_observation_s1_35.000,35.0,37.0,arousal,2,eeg,svm,0.7055071038544612,1,0.6050308819175968,1,-0.10047622193686445,0.10047622193686445,True
P41,shape_sorter_observation,1,shape_sorter_observation_s1_36.000,36.0,38.0,arousal,2,eeg,svm,0.6583405844190954,1,0.5457027236086524,1,-0.11263786081044302,0.11263786081044302,True
P41,shape_sorter_observation,1,shape_sorter_observation_s1_37.000,37.0,39.0,arousal,2,eeg,svm,0.7881283114790814,1,0.6972185891066055,1,-0.09090972237247585,0.09090972237247585,True
P41,shape_sorter_observation,1,shape_sorter_observation_s1_38.000,38.0,40.0,arousal,2,eeg,svm,0.6354305369754004,1,0.5976282770897651,1,-0.03780225988563535,0.03780225988563535,True
P41,shape_sorter_observation,1,shape_sorter_observation_s1_39.000,39.0,41.0,arousal,2,eeg,svm,0.8913426272902026,1,0.8686474297333888,1,-0.022695197556813818,0.022695197556813818,True
P41,shape_sorter_observation,1,shape_sorter_observation_s1_40.000,40.0,42.0,arousal,2,eeg,svm,0.8878865584372411,1,0.8589909657147944,1,-0.028895592722446684,0.028895592722446684,True
P41,shape_sorter_observation,1,shape_sorter_observation_s1_41.000,41.0,43.0,arousal,2,eeg,svm,0.9409892298787674,1,0.9300734934992001,1,-0.010915736379567331,0.010915736379567331,True
P41,shape_sorter_observation,1,shape_sorter_observation_s1_42.000,42.0,44.0,arousal,2,eeg,svm,0.9334964406544332,1,0.9208326919953197,1,-0.01266374865911346,0.01266374865911346,True
P41,shape_sorter_observation,1,shape_sorter_observation_s1_43.000,43.0,45.0,arousal,2,eeg,svm,0.761890649700935,1,0.7184494275640387,1,-0.043441222136896274,0.043441222136896274,True
P41,shape_sorter_observation,1,shape_sorter_observation_s1_44.000,44.0,46.0,arousal,2,eeg,svm,0.8821345603807902,1,0.8575062612669009,1,-0.024628299113889307,0.024628299113889307,True
P41,shape_sorter_observation,1,shape_sorter_observation_s1_45.000,45.0,47.0,arousal,2,eeg,svm,0.721187448788241,1,0.663255966218253,1,-0.057931482569988035,0.057931482569988035,True
P41,shape_sorter_observation,1,shape_sorter_observation_s1_46.000,46.0,48.0,arousal,2,eeg,svm,0.5742326163242463,1,0.4768967747924607,0,-0.0973358415317856,0.0973358415317856,False
P41,shape_sorter_observation,1,shape_sorter_observation_s1_47.000,47.0,49.0,arousal,2,eeg,svm,0.5468760672817111,1,0.45819465138040694,0,-0.08868141590130418,0.08868141590130418,False
P41,shape_sorter_observation,1,shape_sorter_observation_s1_48.000,48.0,50.0,arousal,2,eeg,svm,0.5155209618553973,1,0.34245683418559086,0,-0.17306412766980644,0.17306412766980644,False
P41,shape_sorter_observation,1,shape_sorter_observation_s1_49.000,49.0,51.0,arousal,2,eeg,svm,0.3919344246712898,0,0.19925605753552722,0,-0.19267836713576258,0.19267836713576258,True
P41,shape_sorter_observation,1,shape_sorter_observation_s1_50.000,50.0,52.0,arousal,2,eeg,svm,0.5512612059442447,1,0.3803190195989992,0,-0.17094218634524544,0.17094218634524544,False
P41,shape_sorter_observation,1,shape_sorter_observation_s1_51.000,51.0,53.0,arousal,2,eeg,svm,0.6688229180277709,1,0.6016831701713705,1,-0.06713974785640042,0.06713974785640042,True
P41,shape_sorter_observation,1,shape_sorter_observation_s1_52.000,52.0,54.0,arousal,2,eeg,svm,0.8960696148988935,1,0.8734040786743602,1,-0.022665536224533267,0.022665536224533267,True
P41,shape_sorter_observation,1,shape_sorter_observation_s1_53.000,53.0,55.0,arousal,2,eeg,svm,0.8888909470122203,1,0.8582955136081166,1,-0.030595433404103645,0.030595433404103645,True
P41,shape_sorter_observation,1,shape_sorter_observation_s1_54.000,54.0,56.0,arousal,2,eeg,svm,0.8501689653906647,1,0.8353576547754589,1,-0.014811310615205797,0.014811310615205797,True
P41,shape_sorter_observation,1,shape_sorter_observation_s1_55.000,55.0,57.0,arousal,2,eeg,svm,0.9303113746999796,1,0.9284725966849576,1,-0.001838778015021969,0.001838778015021969,True
P41,shape_sorter_observation,1,shape_sorter_observation_s1_56.000,56.0,58.0,arousal,2,eeg,svm,0.929647207979966,1,0.9210120920654329,1,-0.008635115914533142,0.008635115914533142,True
P41,shape_sorter_observation,1,shape_sorter_observation_s1_57.000,57.0,59.0,arousal,2,eeg,svm,0.82527125770145,1,0.7598089210651555,1,-0.06546233663629453,0.06546233663629453,True
P41,shape_sorter_observation,1,shape_sorter_observation_s1_58.000,58.0,60.0,arousal,2,eeg,svm,0.5399533594610131,1,0.4352536199574109,0,-0.10469973950360217,0.10469973950360217,False
P41,shape_sorter_observation,1,shape_sorter_observation_s1_59.000,59.0,61.0,arousal,2,eeg,svm,0.7704574254215487,1,0.7107235988999833,1,-0.05973382652156545,0.05973382652156545,True
P41,shape_sorter_observation,1,shape_sorter_observation_s1_60.000,60.0,62.0,arousal,2,eeg,svm,0.8670413676330783,1,0.8008044775530407,1,-0.06623689008003752,0.06623689008003752,True
P41,shape_sorter_observation,1,shape_sorter_observation_s1_61.000,61.0,63.0,arousal,2,eeg,svm,0.5092046021584156,1,0.4445809284595122,0,-0.06462367369890337,0.06462367369890337,False
P41,sisyphus,1,sisyphus_s1_100.000,100.0,102.0,arousal,2,eeg,svm,0.9024681387978222,1,0.8640629686027738,1,-0.03840517019504841,0.03840517019504841,True
P41,sisyphus,1,sisyphus_s1_101.000,101.0,103.0,arousal,2,eeg,svm,0.8377195561180004,1,0.8052012154874606,1,-0.03251834063053982,0.03251834063053982,True
P41,sisyphus,1,sisyphus_s1_102.000,102.0,104.0,arousal,2,eeg,svm,0.2876543921560489,0,0.28606032143555277,0,-0.0015940707204961102,0.0015940707204961102,True
P41,sisyphus,1,sisyphus_s1_103.000,103.0,105.0,arousal,2,eeg,svm,0.2889406596326004,0,0.10961851704685598,0,-0.17932214258574442,0.17932214258574442,True
P41,sisyphus,1,sisyphus_s1_104.000,104.0,106.0,arousal,2,eeg,svm,0.6290382546733061,1,0.48747494784843287,0,-0.14156330682487323,0.14156330682487323,False
P41,sisyphus,1,sisyphus_s1_105.000,105.0,107.0,arousal,2,eeg,svm,0.757353324553046,1,0.7428580443859631,1,-0.014495280167082902,0.014495280167082902,True
P41,sisyphus,1,sisyphus_s1_106.000,106.0,108.0,arousal,2,eeg,svm,0.6694278775330651,1,0.5996589447874024,1,-0.06976893274566265,0.06976893274566265,True
P41,sisyphus,1,sisyphus_s1_107.000,107.0,109.0,arousal,2,eeg,svm,0.2924104949990994,0,0.19861009983859623,0,-0.09380039516050315,0.09380039516050315,True
P41,sisyphus,1,sisyphus_s1_108.000,108.0,110.0,arousal,2,eeg,svm,0.2575841330555606,0,0.141537595820582,0,-0.1160465372349786,0.1160465372349786,True
P41,sisyphus,1,sisyphus_s1_109.000,109.0,111.0,arousal,2,eeg,svm,0.8160596426976967,1,0.7340335404563135,1,-0.08202610224138318,0.08202610224138318,True
P41,sisyphus,1,sisyphus_s1_110.000,110.0,112.0,arousal,2,eeg,svm,0.8705804281812602,1,0.8472681289852897,1,-0.023312299195970554,0.023312299195970554,True
P41,sisyphus,1,sisyphus_s1_111.000,111.0,113.0,arousal,2,eeg,svm,0.76506529535221,1,0.5920956148500498,1,-0.17296968050216022,0.17296968050216022,True
P41,sisyphus,1,sisyphus_s1_112.000,112.0,114.0,arousal,2,eeg,svm,0.6632050748368558,1,0.48238137868617864,0,-0.18082369615067712,0.18082369615067712,False
P41,sisyphus,1,sisyphus_s1_113.000,113.0,115.0,arousal,2,eeg,svm,0.8314812308548101,1,0.737729293370384,1,-0.09375193748442612,0.09375193748442612,True
P41,sisyphus,1,sisyphus_s1_114.000,114.0,116.0,arousal,2,eeg,svm,0.7862292270710647,1,0.6445267856206454,1,-0.14170244145041933,0.14170244145041933,True
P41,sisyphus,1,sisyphus_s1_115.000,115.0,117.0,arousal,2,eeg,svm,0.2933325801645461,0,0.22327168771141911,0,-0.070060892453127,0.070060892453127,True
P41,sisyphus,1,sisyphus_s1_116.000,116.0,118.0,arousal,2,eeg,svm,0.2281712196433845,0,0.2071336254550324,0,-0.021037594188352104,0.021037594188352104,True
P41,sisyphus,1,sisyphus_s1_117.000,117.0,119.0,arousal,2,eeg,svm,0.1305680615955508,0,0.15073621371182952,0,0.02016815211627873,0.02016815211627873,True
P41,sisyphus,1,sisyphus_s1_118.000,118.0,120.0,arousal,2,eeg,svm,0.3205226251400422,0,0.2279842332426699,0,-0.09253839189737231,0.09253839189737231,True
P41,sisyphus,1,sisyphus_s1_119.000,119.0,121.0,arousal,2,eeg,svm,0.5074391550445773,1,0.3961978991673255,0,-0.11124125587725175,0.11124125587725175,False
P41,sisyphus,1,sisyphus_s1_120.000,120.0,122.0,arousal,2,eeg,svm,0.1643955415523737,0,0.10999423758026722,0,-0.05440130397210649,0.05440130397210649,True
P41,sisyphus,1,sisyphus_s1_121.000,121.0,123.0,arousal,2,eeg,svm,0.3133742951606308,0,0.18499164425276837,0,-0.12838265090786244,0.12838265090786244,True
P41,sisyphus,1,sisyphus_s1_122.000,122.0,124.0,arousal,2,eeg,svm,0.4515758489429535,0,0.3119499463741919,0,-0.13962590256876162,0.13962590256876162,True
P41,sisyphus,1,sisyphus_s1_123.000,123.0,125.0,arousal,2,eeg,svm,0.6318051912735043,1,0.5228270000615294,1,-0.10897819121197494,0.10897819121197494,True
P41,sisyphus,1,sisyphus_s1_124.000,124.0,126.0,arousal,2,eeg,svm,0.5668961199672778,1,0.4231090091556202,0,-0.14378711081165763,0.14378711081165763,False
P41,sisyphus,1,sisyphus_s1_125.000,125.0,127.0,arousal,2,eeg,svm,0.4913902073236074,0,0.35099385098838237,0,-0.14039635633522501,0.14039635633522501,True
P41,sisyphus,1,sisyphus_s1_126.000,126.0,128.0,arousal,2,eeg,svm,0.5159943756183359,1,0.3995447350314808,0,-0.11644964058685514,0.11644964058685514,False
P41,sisyphus,1,sisyphus_s1_127.000,127.0,129.0,arousal,2,eeg,svm,0.6203659909884417,1,0.4777710663908582,0,-0.1425949245975835,0.1425949245975835,False
P41,sisyphus,1,sisyphus_s1_128.000,128.0,130.0,arousal,2,eeg,svm,0.5224872775443968,1,0.3873311183930785,0,-0.13515615915131834,0.13515615915131834,False
P41,sisyphus,1,sisyphus_s1_129.000,129.0,131.0,arousal,2,eeg,svm,0.5456122354846592,1,0.37386318432853327,0,-0.17174905115612593,0.17174905115612593,False
P41,sisyphus,1,sisyphus_s1_130.000,130.0,132.0,arousal,2,eeg,svm,0.8528807219570538,1,0.7745255027795803,1,-0.07835521917747346,0.07835521917747346,True
P41,sisyphus,1,sisyphus_s1_131.000,131.0,133.0,arousal,2,eeg,svm,0.8340949281321294,1,0.761984214112762,1,-0.07211071401936742,0.07211071401936742,True
P41,sisyphus,1,sisyphus_s1_132.000,132.0,134.0,arousal,2,eeg,svm,0.2017443020528658,0,0.11353229076539718,0,-0.08821201128746863,0.08821201128746863,True
P41,sisyphus,1,sisyphus_s1_133.000,133.0,135.0,arousal,2,eeg,svm,0.6795260792689171,1,0.6775544642666794,1,-0.0019716150022376366,0.0019716150022376366,True
P41,sisyphus,1,sisyphus_s1_24.000,24.0,26.0,arousal,2,eeg,svm,0.8415662525072638,1,0.7990771666899038,1,-0.042489085817359995,0.042489085817359995,True
P41,sisyphus,1,sisyphus_s1_25.000,25.0,27.0,arousal,2,eeg,svm,0.9148470141470466,1,0.8952734450504226,1,-0.019573569096624,0.019573569096624,True
P41,sisyphus,1,sisyphus_s1_26.000,26.0,28.0,arousal,2,eeg,svm,0.8403400136658409,1,0.803776755479394,1,-0.0365632581864469,0.0365632581864469,True
P41,sisyphus,1,sisyphus_s1_27.000,27.0,29.0,arousal,2,eeg,svm,0.1808129928930194,0,0.11546131675099647,0,-0.06535167614202292,0.06535167614202292,True
P41,sisyphus,1,sisyphus_s1_28.000,28.0,30.0,arousal,2,eeg,svm,0.0795196552829152,0,0.05916223586786566,0,-0.020357419415049538,0.020357419415049538,True
P41,sisyphus,1,sisyphus_s1_29.000,29.0,31.0,arousal,2,eeg,svm,0.7165456434402858,1,0.7198753553640882,1,0.003329711923802381,0.003329711923802381,True
P41,sisyphus,1,sisyphus_s1_30.000,30.0,32.0,arousal,2,eeg,svm,0.3450436158972725,0,0.2850055902842226,0,-0.060038025613049883,0.060038025613049883,True
P41,sisyphus,1,sisyphus_s1_31.000,31.0,33.0,arousal,2,eeg,svm,0.648674617503002,1,0.553005269818588,1,-0.09566934768441404,0.09566934768441404,True
P41,sisyphus,1,sisyphus_s1_32.000,32.0,34.0,arousal,2,eeg,svm,0.6331171325546725,1,0.5634458348395507,1,-0.06967129771512182,0.06967129771512182,True
P41,sisyphus,1,sisyphus_s1_33.000,33.0,35.0,arousal,2,eeg,svm,0.8343119501736259,1,0.8133115803263223,1,-0.02100036984730358,0.02100036984730358,True
P41,sisyphus,1,sisyphus_s1_34.000,34.0,36.0,arousal,2,eeg,svm,0.8157112747975772,1,0.7905280005501879,1,-0.02518327424738931,0.02518327424738931,True
P41,sisyphus,1,sisyphus_s1_35.000,35.0,37.0,arousal,2,eeg,svm,0.552160051505763,1,0.4797194514441649,0,-0.07244060006159808,0.07244060006159808,False
P41,sisyphus,1,sisyphus_s1_36.000,36.0,38.0,arousal,2,eeg,svm,0.8107486926043321,1,0.7543223099657012,1,-0.05642638263863098,0.05642638263863098,True
P41,sisyphus,1,sisyphus_s1_37.000,37.0,39.0,arousal,2,eeg,svm,0.8515187065662689,1,0.8051558299547693,1,-0.046362876611499626,0.046362876611499626,True
P41,sisyphus,1,sisyphus_s1_38.000,38.0,40.0,arousal,2,eeg,svm,0.4732057949399172,0,0.4577932253044756,0,-0.01541256963544163,0.01541256963544163,True
P41,sisyphus,1,sisyphus_s1_39.000,39.0,41.0,arousal,2,eeg,svm,0.2558366126334571,0,0.19212210061236715,0,-0.06371451202108994,0.06371451202108994,True
P41,sisyphus,1,sisyphus_s1_40.000,40.0,42.0,arousal,2,eeg,svm,0.4832413185038976,0,0.3633912819009302,0,-0.11985003660296745,0.11985003660296745,True
P41,sisyphus,1,sisyphus_s1_41.000,41.0,43.0,arousal,2,eeg,svm,0.7350205862094374,1,0.6588379345745871,1,-0.07618265163485038,0.07618265163485038,True
P41,sisyphus,1,sisyphus_s1_42.000,42.0,44.0,arousal,2,eeg,svm,0.7948450981214046,1,0.7357380621910006,1,-0.059107035930404006,0.059107035930404006,True
P41,sisyphus,1,sisyphus_s1_43.000,43.0,45.0,arousal,2,eeg,svm,0.3669331251460276,0,0.30108729311618493,0,-0.06584583202984268,0.06584583202984268,True
P41,sisyphus,1,sisyphus_s1_44.000,44.0,46.0,arousal,2,eeg,svm,0.7490784266747867,1,0.6547397604496733,1,-0.09433866622511344,0.09433866622511344,True
P41,sisyphus,1,sisyphus_s1_45.000,45.0,47.0,arousal,2,eeg,svm,0.6791618428348156,1,0.5301991588196218,1,-0.14896268401519386,0.14896268401519386,True
P41,sisyphus,1,sisyphus_s1_46.000,46.0,48.0,arousal,2,eeg,svm,0.5284980912164575,1,0.42317501066400975,0,-0.10532308055244777,0.10532308055244777,False
P41,sisyphus,1,sisyphus_s1_47.000,47.0,49.0,arousal,2,eeg,svm,0.7539365780343815,1,0.691345385824904,1,-0.06259119220947751,0.06259119220947751,True
P41,sisyphus,1,sisyphus_s1_48.000,48.0,50.0,arousal,2,eeg,svm,0.7850854235428328,1,0.7277095634592103,1,-0.0573758600836225,0.0573758600836225,True
P41,sisyphus,1,sisyphus_s1_49.000,49.0,51.0,arousal,2,eeg,svm,0.6370421115487231,1,0.5882958864267084,1,-0.048746225122014764,0.048746225122014764,True
P41,sisyphus,1,sisyphus_s1_50.000,50.0,52.0,arousal,2,eeg,svm,0.5490836164652556,1,0.4432341393751598,0,-0.10584947709009579,0.10584947709009579,False
P41,sisyphus,1,sisyphus_s1_51.000,51.0,53.0,arousal,2,eeg,svm,0.6202422143884466,1,0.5214894830741745,1,-0.09875273131427209,0.09875273131427209,True
P41,sisyphus,1,sisyphus_s1_52.000,52.0,54.0,arousal,2,eeg,svm,0.5088466158627557,1,0.4118521122873086,0,-0.09699450357544709,0.09699450357544709,False
P41,sisyphus,1,sisyphus_s1_53.000,53.0,55.0,arousal,2,eeg,svm,0.4096469738077911,0,0.304539639498938,0,-0.1051073343088531,0.1051073343088531,True
P41,sisyphus,1,sisyphus_s1_54.000,54.0,56.0,arousal,2,eeg,svm,0.4375458403633523,0,0.3422943281004,0,-0.09525151226295231,0.09525151226295231,True
P41,sisyphus,1,sisyphus_s1_55.000,55.0,57.0,arousal,2,eeg,svm,0.7986127120293219,1,0.6715526904512765,1,-0.1270600215780454,0.1270600215780454,True
P41,sisyphus,1,sisyphus_s1_56.000,56.0,58.0,arousal,2,eeg,svm,0.8566885224238572,1,0.7873042826035711,1,-0.06938423982028608,0.06938423982028608,True
P41,sisyphus,1,sisyphus_s1_57.000,57.0,59.0,arousal,2,eeg,svm,0.8563304967510266,1,0.8212191295555501,1,-0.03511136719547647,0.03511136719547647,True
P41,sisyphus,1,sisyphus_s1_58.000,58.0,60.0,arousal,2,eeg,svm,0.9085352464237272,1,0.8718773897121949,1,-0.03665785671153232,0.03665785671153232,True
P41,sisyphus,1,sisyphus_s1_59.000,59.0,61.0,arousal,2,eeg,svm,0.8391979223304561,1,0.7699387694104304,1,-0.06925915292002571,0.06925915292002571,True
P41,sisyphus,1,sisyphus_s1_60.000,60.0,62.0,arousal,2,eeg,svm,0.4277367480523915,0,0.269522802959825,0,-0.15821394509256648,0.15821394509256648,True
P41,sisyphus,1,sisyphus_s1_61.000,61.0,63.0,arousal,2,eeg,svm,0.8771073844485758,1,0.8040096839414085,1,-0.07309770050716735,0.07309770050716735,True
P41,sisyphus,1,sisyphus_s1_62.000,62.0,64.0,arousal,2,eeg,svm,0.8941240110569249,1,0.8463229746538636,1,-0.047801036403061214,0.047801036403061214,True
P41,sisyphus,1,sisyphus_s1_63.000,63.0,65.0,arousal,2,eeg,svm,0.8886469608808573,1,0.8437111890576483,1,-0.04493577182320896,0.04493577182320896,True
P41,sisyphus,1,sisyphus_s1_64.000,64.0,66.0,arousal,2,eeg,svm,0.9211767744616216,1,0.8937151355611751,1,-0.027461638900446506,0.027461638900446506,True
P41,sisyphus,1,sisyphus_s1_65.000,65.0,67.0,arousal,2,eeg,svm,0.7897796747883539,1,0.6897446916294686,1,-0.10003498315888526,0.10003498315888526,True
P41,sisyphus,1,sisyphus_s1_66.000,66.0,68.0,arousal,2,eeg,svm,0.769459924486054,1,0.6810688282567477,1,-0.0883910962293063,0.0883910962293063,True
P41,sisyphus,1,sisyphus_s1_67.000,67.0,69.0,arousal,2,eeg,svm,0.8179707362194625,1,0.7494063281564993,1,-0.06856440806296316,0.06856440806296316,True
P41,sisyphus,1,sisyphus_s1_68.000,68.0,70.0,arousal,2,eeg,svm,0.9041229275052473,1,0.8849784452503636,1,-0.019144482254883632,0.019144482254883632,True
P41,sisyphus,1,sisyphus_s1_69.000,69.0,71.0,arousal,2,eeg,svm,0.8473278041288487,1,0.8005529649689487,1,-0.046774839159899995,0.046774839159899995,True
P41,sisyphus,1,sisyphus_s1_70.000,70.0,72.0,arousal,2,eeg,svm,0.5178664123521474,1,0.4465064278912511,0,-0.07135998446089625,0.07135998446089625,False
P41,sisyphus,1,sisyphus_s1_71.000,71.0,73.0,arousal,2,eeg,svm,0.5143110548671549,1,0.42220897086915066,0,-0.09210208399800424,0.09210208399800424,False
P41,sisyphus,1,sisyphus_s1_72.000,72.0,74.0,arousal,2,eeg,svm,0.6220351942673588,1,0.4744249504099394,0,-0.14761024385741933,0.14761024385741933,False
P41,sisyphus,1,sisyphus_s1_73.000,73.0,75.0,arousal,2,eeg,svm,0.6255604405051964,1,0.45241410847214564,0,-0.1731463320330508,0.1731463320330508,False
P41,sisyphus,1,sisyphus_s1_74.000,74.0,76.0,arousal,2,eeg,svm,0.6133639758080857,1,0.45813900530003343,0,-0.15522497050805223,0.15522497050805223,False
P41,sisyphus,1,sisyphus_s1_75.000,75.0,77.0,arousal,2,eeg,svm,0.2607210634386575,0,0.18669094149381982,0,-0.07403012194483766,0.07403012194483766,True
P41,sisyphus,1,sisyphus_s1_76.000,76.0,78.0,arousal,2,eeg,svm,0.494687193848864,0,0.42203199456768453,0,-0.07265519928117947,0.07265519928117947,True
P41,sisyphus,1,sisyphus_s1_77.000,77.0,79.0,arousal,2,eeg,svm,0.2166414103636841,0,0.1629111973888725,0,-0.05373021297481159,0.05373021297481159,True
P41,sisyphus,1,sisyphus_s1_78.000,78.0,80.0,arousal,2,eeg,svm,0.7021974969411219,1,0.5998027745163843,1,-0.10239472242473757,0.10239472242473757,True
P41,sisyphus,1,sisyphus_s1_79.000,79.0,81.0,arousal,2,eeg,svm,0.9151022887992054,1,0.8873291220200095,1,-0.027773166779195946,0.027773166779195946,True
P41,sisyphus,1,sisyphus_s1_80.000,80.0,82.0,arousal,2,eeg,svm,0.7562933725247999,1,0.7054491550403749,1,-0.050844217484425025,0.050844217484425025,True
P41,sisyphus,1,sisyphus_s1_81.000,81.0,83.0,arousal,2,eeg,svm,0.8329398595194918,1,0.7733229643436196,1,-0.05961689517587221,0.05961689517587221,True
P41,sisyphus,1,sisyphus_s1_82.000,82.0,84.0,arousal,2,eeg,svm,0.7802207274711387,1,0.6646196510573065,1,-0.11560107641383222,0.11560107641383222,True
P41,sisyphus,1,sisyphus_s1_83.000,83.0,85.0,arousal,2,eeg,svm,0.6733706939696716,1,0.5797509195401266,1,-0.09361977442954506,0.09361977442954506,True
P41,sisyphus,1,sisyphus_s1_84.000,84.0,86.0,arousal,2,eeg,svm,0.5861200841124957,1,0.5118691804459121,1,-0.0742509036665836,0.0742509036665836,True
P41,sisyphus,1,sisyphus_s1_85.000,85.0,87.0,arousal,2,eeg,svm,0.6896659910744795,1,0.5808986866538951,1,-0.10876730442058435,0.10876730442058435,True
P41,sisyphus,1,sisyphus_s1_86.000,86.0,88.0,arousal,2,eeg,svm,0.6759725942886803,1,0.5447617825113227,1,-0.1312108117773576,0.1312108117773576,True
P41,sisyphus,1,sisyphus_s1_87.000,87.0,89.0,arousal,2,eeg,svm,0.8533258680413872,1,0.7835668619817846,1,-0.06975900605960261,0.06975900605960261,True
P41,sisyphus,1,sisyphus_s1_88.000,88.0,90.0,arousal,2,eeg,svm,0.7895472532858777,1,0.7188244556266064,1,-0.07072279765927136,0.07072279765927136,True
P41,sisyphus,1,sisyphus_s1_89.000,89.0,91.0,arousal,2,eeg,svm,0.9233760744603366,1,0.9086399484100679,1,-0.01473612605026875,0.01473612605026875,True
P41,sisyphus,1,sisyphus_s1_90.000,90.0,92.0,arousal,2,eeg,svm,0.9175003857198682,1,0.899134151250159,1,-0.018366234469709197,0.018366234469709197,True
P41,sisyphus,1,sisyphus_s1_91.000,91.0,93.0,arousal,2,eeg,svm,0.8384012794972711,1,0.7717083046148512,1,-0.06669297488241988,0.06669297488241988,True
P41,sisyphus,1,sisyphus_s1_92.000,92.0,94.0,arousal,2,eeg,svm,0.8213450717297728,1,0.7677032016957985,1,-0.05364187003397425,0.05364187003397425,True
P41,sisyphus,1,sisyphus_s1_93.000,93.0,95.0,arousal,2,eeg,svm,0.8045755481122513,1,0.759826375562237,1,-0.044749172550014316,0.044749172550014316,True
P41,sisyphus,1,sisyphus_s1_94.000,94.0,96.0,arousal,2,eeg,svm,0.7886249765854952,1,0.7103194489144297,1,-0.07830552767106558,0.07830552767106558,True
P41,sisyphus,1,sisyphus_s1_95.000,95.0,97.0,arousal,2,eeg,svm,0.6952227304953671,1,0.5812041219579639,1,-0.1140186085374032,0.1140186085374032,True
P41,sisyphus,1,sisyphus_s1_96.000,96.0,98.0,arousal,2,eeg,svm,0.5195265239148871,1,0.3769129389514612,0,-0.14261358496342585,0.14261358496342585,False
P41,sisyphus,1,sisyphus_s1_97.000,97.0,99.0,arousal,2,eeg,svm,0.8227471179143675,1,0.7563063975024201,1,-0.06644072041194737,0.06644072041194737,True
P41,sisyphus,1,sisyphus_s1_98.000,98.0,100.0,arousal,2,eeg,svm,0.8324526504658979,1,0.7931189673897063,1,-0.03933368307619156,0.03933368307619156,True
P41,sisyphus,1,sisyphus_s1_99.000,99.0,101.0,arousal,2,eeg,svm,0.8317399636571073,1,0.7522922774208045,1,-0.07944768623630283,0.07944768623630283,True
P41,stack,1,stack_s1_100.000,100.0,102.0,arousal,2,eeg,svm,0.8973031060479443,1,0.8802237890204603,1,-0.017079317027483998,0.017079317027483998,True
P41,stack,1,stack_s1_101.000,101.0,103.0,arousal,2,eeg,svm,0.7925453620312668,1,0.7260008089683121,1,-0.0665445530629547,0.0665445530629547,True
P41,stack,1,stack_s1_102.000,102.0,104.0,arousal,2,eeg,svm,0.8114104638895543,1,0.783142455316221,1,-0.028268008573333336,0.028268008573333336,True
P41,stack,1,stack_s1_103.000,103.0,105.0,arousal,2,eeg,svm,0.919791498537265,1,0.9122843079159794,1,-0.0075071906212856865,0.0075071906212856865,True
P41,stack,1,stack_s1_104.000,104.0,106.0,arousal,2,eeg,svm,0.9195696026759648,1,0.9115937527392624,1,-0.007975849936702417,0.007975849936702417,True
P41,stack,1,stack_s1_105.000,105.0,107.0,arousal,2,eeg,svm,0.8337398514850615,1,0.788981593658114,1,-0.04475825782694742,0.04475825782694742,True
P41,stack,1,stack_s1_106.000,106.0,108.0,arousal,2,eeg,svm,0.8257773102059064,1,0.77274612994307,1,-0.053031180262836375,0.053031180262836375,True
P41,stack,1,stack_s1_107.000,107.0,109.0,arousal,2,eeg,svm,0.8215675558147003,1,0.7613110356294487,1,-0.06025652018525163,0.06025652018525163,True
P41,stack,1,stack_s1_108.000,108.0,110.0,arousal,2,eeg,svm,0.6089953167892976,1,0.5368694615071341,1,-0.07212585528216353,0.07212585528216353,True
P41,stack,1,stack_s1_109.000,109.0,111.0,arousal,2,eeg,svm,0.7325348001166753,1,0.5972522571209311,1,-0.13528254299574416,0.13528254299574416,True
P41,stack,1,stack_s1_110.000,110.0,112.0,arousal,2,eeg,svm,0.9084988801078414,1,0.8753459381813605,1,-0.03315294192648088,0.03315294192648088,True
P41,stack,1,stack_s1_111.000,111.0,113.0,arousal,2,eeg,svm,0.8653539452683212,1,0.8531443821174055,1,-0.012209563150915703,0.012209563150915703,True
P41,stack,1,stack_s1_112.000,112.0,114.0,arousal,2,eeg,svm,0.5450107210841124,1,0.4916477488316362,0,-0.053362972252476215,0.053362972252476215,False
P41,stack,1,stack_s1_113.000,113.0,115.0,arousal,2,eeg,svm,0.2844786193866239,0,0.23232953426580905,0,-0.05214908512081484,0.05214908512081484,True
P41,stack,1,stack_s1_114.000,114.0,116.0,arousal,2,eeg,svm,0.687933933226398,1,0.5975601120104591,1,-0.09037382121593884,0.09037382121593884,True
P41,stack,1,stack_s1_115.000,115.0,117.0,arousal,2,eeg,svm,0.3267268057187489,0,0.319325106041317,0,-0.007401699677431928,0.007401699677431928,True
P41,stack,1,stack_s1_116.000,116.0,118.0,arousal,2,eeg,svm,0.8276519738301824,1,0.7716434023024568,1,-0.05600857152772565,0.05600857152772565,True
P41,stack,1,stack_s1_117.000,117.0,119.0,arousal,2,eeg,svm,0.6033155112103474,1,0.5684593333733278,1,-0.034856177837019664,0.034856177837019664,True
P41,stack,1,stack_s1_118.000,118.0,120.0,arousal,2,eeg,svm,0.755558993147271,1,0.6794050939698564,1,-0.07615389917741466,0.07615389917741466,True
P41,stack,1,stack_s1_119.000,119.0,121.0,arousal,2,eeg,svm,0.6927243663268193,1,0.5962319777163045,1,-0.09649238861051479,0.09649238861051479,True
P41,stack,1,stack_s1_120.000,120.0,122.0,arousal,2,eeg,svm,0.4474744385861184,0,0.2755739304039808,0,-0.1719005081821376,0.1719005081821376,True
P41,stack,1,stack_s1_121.000,121.0,123.0,arousal,2,eeg,svm,0.5145240974029612,1,0.669173284643179,1,0.1546491872402178,0.1546491872402178,True
P41,stack,1,stack_s1_20.000,20.0,22.0,arousal,2,eeg,svm,0.6457857657849583,1,0.5418444465822511,1,-0.10394131920270722,0.10394131920270722,True
P41,stack,1,stack_s1_21.000,21.0,23.0,arousal,2,eeg,svm,0.7529141906396616,1,0.6692126226092443,1,-0.08370156803041728,0.08370156803041728,True
P41,stack,1,stack_s1_22.000,22.0,24.0,arousal,2,eeg,svm,0.7805374687939599,1,0.7415877863752185,1,-0.038949682418741416,0.038949682418741416,True
P41,stack,1,stack_s1_23.000,23.0,25.0,arousal,2,eeg,svm,0.5521551173897337,1,0.468555151573674,0,-0.08359996581605966,0.08359996581605966,False
P41,stack,1,stack_s1_24.000,24.0,26.0,arousal,2,eeg,svm,0.6271186820429183,1,0.5408430254036197,1,-0.08627565663929859,0.08627565663929859,True
P41,stack,1,stack_s1_25.000,25.0,27.0,arousal,2,eeg,svm,0.483036445423407,0,0.6352845417568255,1,0.15224809633341846,0.15224809633341846,False
P41,stack,1,stack_s1_26.000,26.0,28.0,arousal,2,eeg,svm,0.3798974121778641,0,0.2600012783002803,0,-0.1198961338775838,0.1198961338775838,True
P41,stack,1,stack_s1_27.000,27.0,29.0,arousal,2,eeg,svm,0.3088295482743109,0,0.2595447829674061,0,-0.04928476530690484,0.04928476530690484,True
P41,stack,1,stack_s1_28.000,28.0,30.0,arousal,2,eeg,svm,0.8079695199488407,1,0.7234863967260347,1,-0.08448312322280604,0.08448312322280604,True
P41,stack,1,stack_s1_29.000,29.0,31.0,arousal,2,eeg,svm,0.7072487645860215,1,0.5837195779271936,1,-0.12352918665882784,0.12352918665882784,True
P41,stack,1,stack_s1_30.000,30.0,32.0,arousal,2,eeg,svm,0.862493757777963,1,0.7944733559878396,1,-0.06802040179012336,0.06802040179012336,True
P41,stack,1,stack_s1_31.000,31.0,33.0,arousal,2,eeg,svm,0.6782728176955387,1,0.5933768654306926,1,-0.08489595226484614,0.08489595226484614,True
P41,stack,1,stack_s1_32.000,32.0,34.0,arousal,2,eeg,svm,0.7052999558126356,1,0.6115147223282875,1,-0.09378523348434809,0.09378523348434809,True
P41,stack,1,stack_s1_33.000,33.0,35.0,arousal,2,eeg,svm,0.8521929394332616,1,0.8290108765687546,1,-0.02318206286450697,0.02318206286450697,True
P41,stack,1,stack_s1_34.000,34.0,36.0,arousal,2,eeg,svm,0.7547519950004601,1,0.7027719788631392,1,-0.05198001613732084,0.05198001613732084,True
P41,stack,1,stack_s1_35.000,35.0,37.0,arousal,2,eeg,svm,0.812621639246796,1,0.7124576847914348,1,-0.10016395445536119,0.10016395445536119,True
P41,stack,1,stack_s1_36.000,36.0,38.0,arousal,2,eeg,svm,0.6987378513769227,1,0.6065142824096876,1,-0.09222356896723505,0.09222356896723505,True
P41,stack,1,stack_s1_37.000,37.0,39.0,arousal,2,eeg,svm,0.876300449201469,1,0.836915624046806,1,-0.03938482515466302,0.03938482515466302,True
P41,stack,1,stack_s1_38.000,38.0,40.0,arousal,2,eeg,svm,0.8567228103566418,1,0.8122499152072189,1,-0.044472895149422875,0.044472895149422875,True
P41,stack,1,stack_s1_39.000,39.0,41.0,arousal,2,eeg,svm,0.8615078529186562,1,0.8172135253310502,1,-0.044294327587605986,0.044294327587605986,True
P41,stack,1,stack_s1_40.000,40.0,42.0,arousal,2,eeg,svm,0.8302550946431041,1,0.8000292915588196,1,-0.030225803084284464,0.030225803084284464,True
P41,stack,1,stack_s1_41.000,41.0,43.0,arousal,2,eeg,svm,0.7545670538945393,1,0.6462635408998416,1,-0.10830351299469765,0.10830351299469765,True
P41,stack,1,stack_s1_42.000,42.0,44.0,arousal,2,eeg,svm,0.8547697342562386,1,0.7946197807684414,1,-0.06014995348779717,0.06014995348779717,True
P41,stack,1,stack_s1_43.000,43.0,45.0,arousal,2,eeg,svm,0.7259287310709404,1,0.6410649809125111,1,-0.08486375015842929,0.08486375015842929,True
P41,stack,1,stack_s1_44.000,44.0,46.0,arousal,2,eeg,svm,0.7916563254354891,1,0.6816665401284283,1,-0.10998978530706083,0.10998978530706083,True
P41,stack,1,stack_s1_45.000,45.0,47.0,arousal,2,eeg,svm,0.2296777050480597,0,0.1547739402387469,0,-0.0749037648093128,0.0749037648093128,True
P41,stack,1,stack_s1_46.000,46.0,48.0,arousal,2,eeg,svm,0.6758462514229353,1,0.5634560930753686,1,-0.11239015834756672,0.11239015834756672,True
P41,stack,1,stack_s1_47.000,47.0,49.0,arousal,2,eeg,svm,0.9252060179776042,1,0.9069245477338516,1,-0.018281470243752596,0.018281470243752596,True
P41,stack,1,stack_s1_48.000,48.0,50.0,arousal,2,eeg,svm,0.839623258079479,1,0.7865124591814386,1,-0.05311079889804038,0.05311079889804038,True
P41,stack,1,stack_s1_49.000,49.0,51.0,arousal,2,eeg,svm,0.789638472036594,1,0.7620767060238215,1,-0.027561766012772493,0.027561766012772493,True
P41,stack,1,stack_s1_50.000,50.0,52.0,arousal,2,eeg,svm,0.7075247123516812,1,0.5847178752499111,1,-0.1228068371017701,0.1228068371017701,True
P41,stack,1,stack_s1_51.000,51.0,53.0,arousal,2,eeg,svm,0.806844173082018,1,0.7358706733071844,1,-0.07097349977483358,0.07097349977483358,True
P41,stack,1,stack_s1_52.000,52.0,54.0,arousal,2,eeg,svm,0.39350426830921,0,0.2978369051312661,0,-0.09566736317794389,0.09566736317794389,True
P41,stack,1,stack_s1_53.000,53.0,55.0,arousal,2,eeg,svm,0.2002654998673617,0,0.1266223940441894,0,-0.0736431058231723,0.0736431058231723,True
P41,stack,1,stack_s1_54.000,54.0,56.0,arousal,2,eeg,svm,0.5614429000252821,1,0.3986209909070444,0,-0.16282190911823768,0.16282190911823768,False
P41,stack,1,stack_s1_55.000,55.0,57.0,arousal,2,eeg,svm,0.8579701616745249,1,0.8003400755494144,1,-0.05763008612511045,0.05763008612511045,True
P41,stack,1,stack_s1_56.000,56.0,58.0,arousal,2,eeg,svm,0.8997677407147221,1,0.884365173319177,1,-0.01540256739554513,0.01540256739554513,True
P41,stack,1,stack_s1_57.000,57.0,59.0,arousal,2,eeg,svm,0.8147474046413973,1,0.7463055997671163,1,-0.06844180487428098,0.06844180487428098,True
P41,stack,1,stack_s1_58.000,58.0,60.0,arousal,2,eeg,svm,0.7851901361497164,1,0.6937639698040943,1,-0.09142616634562217,0.09142616634562217,True
P41,stack,1,stack_s1_59.000,59.0,61.0,arousal,2,eeg,svm,0.8093206045126787,1,0.72403412120026,1,-0.08528648331241873,0.08528648331241873,True
P41,stack,1,stack_s1_60.000,60.0,62.0,arousal,2,eeg,svm,0.6757803085719231,1,0.6027667102050787,1,-0.0730135983668444,0.0730135983668444,True
P41,stack,1,stack_s1_61.000,61.0,63.0,arousal,2,eeg,svm,0.5604679501590883,1,0.4941737536803856,0,-0.06629419647870277,0.06629419647870277,False
P41,stack,1,stack_s1_62.000,62.0,64.0,arousal,2,eeg,svm,0.3238531629782316,0,0.26205997085111354,0,-0.061793192127118035,0.061793192127118035,True
P41,stack,1,stack_s1_63.000,63.0,65.0,arousal,2,eeg,svm,0.5253760884211901,1,0.38240301890183487,0,-0.14297306951935523,0.14297306951935523,False
P41,stack,1,stack_s1_64.000,64.0,66.0,arousal,2,eeg,svm,0.5689460705222993,1,0.45491142842535753,0,-0.11403464209694175,0.11403464209694175,False
P41,stack,1,stack_s1_65.000,65.0,67.0,arousal,2,eeg,svm,0.5468148871593865,1,0.48407473369976817,0,-0.06274015345961836,0.06274015345961836,False
P41,stack,1,stack_s1_66.000,66.0,68.0,arousal,2,eeg,svm,0.7085208885673907,1,0.6573730085826307,1,-0.05114787998476,0.05114787998476,True
P41,stack,1,stack_s1_67.000,67.0,69.0,arousal,2,eeg,svm,0.775475389294373,1,0.6922074978906484,1,-0.08326789140372459,0.08326789140372459,True
P41,stack,1,stack_s1_68.000,68.0,70.0,arousal,2,eeg,svm,0.5577168630402775,1,0.3729763704323787,0,-0.18474049260789877,0.18474049260789877,False
P41,stack,1,stack_s1_69.000,69.0,71.0,arousal,2,eeg,svm,0.3499090193778985,0,0.24985783610500578,0,-0.1000511832728927,0.1000511832728927,True
P41,stack,1,stack_s1_70.000,70.0,72.0,arousal,2,eeg,svm,0.681345631535844,1,0.5435187248580069,1,-0.13782690667783715,0.13782690667783715,True
P41,stack,1,stack_s1_71.000,71.0,73.0,arousal,2,eeg,svm,0.2614667019986035,0,0.1879722698244973,0,-0.0734944321741062,0.0734944321741062,True
P41,stack,1,stack_s1_72.000,72.0,74.0,arousal,2,eeg,svm,0.8728775979320966,1,0.8053215384808553,1,-0.06755605945124132,0.06755605945124132,True
P41,stack,1,stack_s1_73.000,73.0,75.0,arousal,2,eeg,svm,0.6278411669106152,1,0.563900561332572,1,-0.06394060557804315,0.06394060557804315,True
P41,stack,1,stack_s1_74.000,74.0,76.0,arousal,2,eeg,svm,0.7665384266841233,1,0.7208405887724199,1,-0.045697837911703454,0.045697837911703454,True
P41,stack,1,stack_s1_75.000,75.0,77.0,arousal,2,eeg,svm,0.7773394825764576,1,0.6788088154443194,1,-0.0985306671321382,0.0985306671321382,True
P41,stack,1,stack_s1_76.000,76.0,78.0,arousal,2,eeg,svm,0.5188051516889909,1,0.41410631432336015,0,-0.10469883736563074,0.10469883736563074,False
P41,stack,1,stack_s1_77.000,77.0,79.0,arousal,2,eeg,svm,0.4743079992209076,0,0.4047915238550363,0,-0.0695164753658713,0.0695164753658713,True
P41,stack,1,stack_s1_78.000,78.0,80.0,arousal,2,eeg,svm,0.7147060684421755,1,0.6830206286368247,1,-0.03168543980535088,0.03168543980535088,True
P41,stack,1,stack_s1_79.000,79.0,81.0,arousal,2,eeg,svm,0.8041170905577306,1,0.7854242626635527,1,-0.01869282789417792,0.01869282789417792,True
P41,stack,1,stack_s1_80.000,80.0,82.0,arousal,2,eeg,svm,0.8972475156665174,1,0.8810215790640815,1,-0.016225936602435875,0.016225936602435875,True
P41,stack,1,stack_s1_81.000,81.0,83.0,arousal,2,eeg,svm,0.8488059609456408,1,0.8030484805281327,1,-0.045757480417508045,0.045757480417508045,True
P41,stack,1,stack_s1_82.000,82.0,84.0,arousal,2,eeg,svm,0.7336924572425554,1,0.6686056982966547,1,-0.06508675894590066,0.06508675894590066,True
P41,stack,1,stack_s1_83.000,83.0,85.0,arousal,2,eeg,svm,0.46296279198858,0,0.4075128124212634,0,-0.055449979567316565,0.055449979567316565,True
P41,stack,1,stack_s1_84.000,84.0,86.0,arousal,2,eeg,svm,0.8713370584391518,1,0.8561527478549329,1,-0.015184310584218874,0.015184310584218874,True
P41,stack,1,stack_s1_85.000,85.0,87.0,arousal,2,eeg,svm,0.5818444026436357,1,0.4934559065192724,0,-0.08838849612436328,0.08838849612436328,False
P41,stack,1,stack_s1_86.000,86.0,88.0,arousal,2,eeg,svm,0.4989044752195511,0,0.3919482819271221,0,-0.106956193292429,0.106956193292429,True
P41,stack,1,stack_s1_87.000,87.0,89.0,arousal,2,eeg,svm,0.6055212183007204,1,0.5194834993470241,1,-0.08603771895369627,0.08603771895369627,True
P41,stack,1,stack_s1_88.000,88.0,90.0,arousal,2,eeg,svm,0.7222795431366538,1,0.6965803836484326,1,-0.025699159488221213,0.025699159488221213,True
P41,stack,1,stack_s1_89.000,89.0,91.0,arousal,2,eeg,svm,0.6934599475659476,1,0.6566601418690696,1,-0.03679980569687802,0.03679980569687802,True
P41,stack,1,stack_s1_90.000,90.0,92.0,arousal,2,eeg,svm,0.6419777804146051,1,0.5889624363586772,1,-0.05301534405592789,0.05301534405592789,True
P41,stack,1,stack_s1_91.000,91.0,93.0,arousal,2,eeg,svm,0.4681343379124885,0,0.35937670104195013,0,-0.10875763687053835,0.10875763687053835,True
P41,stack,1,stack_s1_92.000,92.0,94.0,arousal,2,eeg,svm,0.920756854273894,1,0.9065604269506461,1,-0.014196427323247884,0.014196427323247884,True
P41,stack,1,stack_s1_93.000,93.0,95.0,arousal,2,eeg,svm,0.7441747334310841,1,0.7114261806414579,1,-0.032748552789626184,0.032748552789626184,True
P41,stack,1,stack_s1_94.000,94.0,96.0,arousal,2,eeg,svm,0.5613557973150489,1,0.43185322947088467,0,-0.12950256784416425,0.12950256784416425,False
P41,stack,1,stack_s1_95.000,95.0,97.0,arousal,2,eeg,svm,0.8220644177830784,1,0.7767286825205725,1,-0.045335735262505894,0.045335735262505894,True
P41,stack,1,stack_s1_96.000,96.0,98.0,arousal,2,eeg,svm,0.825231123041131,1,0.7917881281805198,1,-0.0334429948606112,0.0334429948606112,True
P41,stack,1,stack_s1_97.000,97.0,99.0,arousal,2,eeg,svm,0.6178388641220407,1,0.5532694589805908,1,-0.06456940514144993,0.06456940514144993,True
P41,stack,1,stack_s1_98.000,98.0,100.0,arousal,2,eeg,svm,0.738218959541259,1,0.6844799532459731,1,-0.05373900629528594,0.05373900629528594,True
P41,stack,1,stack_s1_99.000,99.0,101.0,arousal,2,eeg,svm,0.9049382155434452,1,0.8886228901543115,1,-0.016315325389133717,0.016315325389133717,True
P41,pick_place,1,pick_place_s1_24.000,24.0,26.0,arousal,3,eeg,logreg,0.9783388792030524,1,0.9665060806383295,1,-0.011832798564722857,0.011832798564722857,True
P41,pick_place,1,pick_place_s1_25.000,25.0,27.0,arousal,3,eeg,logreg,0.996819711092286,1,0.9958258206635203,1,-0.0009938904287656314,0.0009938904287656314,True
P41,pick_place,1,pick_place_s1_26.000,26.0,28.0,arousal,3,eeg,logreg,0.9998763238356134,1,0.9998740868249915,1,-2.2370106219637975e-06,2.2370106219637975e-06,True
P41,pick_place,1,pick_place_s1_27.000,27.0,29.0,arousal,3,eeg,logreg,0.9999253058020436,1,0.9999194794613955,1,-5.826340648162898e-06,5.826340648162898e-06,True
P41,shape_sorter_interaction,1,shape_sorter_interaction_s1_24.000,24.0,26.0,arousal,3,eeg,logreg,0.0787854003580109,0,0.030611843384173706,0,-0.0481735569738372,0.0481735569738372,True
P41,shape_sorter_interaction,1,shape_sorter_interaction_s1_25.000,25.0,27.0,arousal,3,eeg,logreg,0.0061494621181551,0,0.0016899744585298481,0,-0.004459487659625252,0.004459487659625252,True
P41,shape_sorter_interaction,1,shape_sorter_interaction_s1_26.000,26.0,28.0,arousal,3,eeg,logreg,0.6833941753551248,1,0.5393237583341691,1,-0.1440704170209557,0.1440704170209557,True
P41,shape_sorter_interaction,1,shape_sorter_interaction_s1_27.000,27.0,29.0,arousal,3,eeg,logreg,0.6478251936659292,1,0.4452516923225853,0,-0.20257350134334384,0.20257350134334384,False
P41,shape_sorter_interaction,1,shape_sorter_interaction_s1_28.000,28.0,30.0,arousal,3,eeg,logreg,0.4681350604252839,0,0.2475647016187157,0,-0.22057035880656822,0.22057035880656822,True
P41,shape_sorter_interaction,1,shape_sorter_interaction_s1_29.000,29.0,31.0,arousal,3,eeg,logreg,0.4454493293994457,0,0.15021823751565405,0,-0.29523109188379165,0.29523109188379165,True
P41,shape_sorter_interaction,1,shape_sorter_interaction_s1_30.000,30.0,32.0,arousal,3,eeg,logreg,0.4369185505609076,0,0.2991234467945671,0,-0.13779510376634052,0.13779510376634052,True
P41,shape_sorter_interaction,1,shape_sorter_interaction_s1_31.000,31.0,33.0,arousal,3,eeg,logreg,0.2261203431882256,0,0.1859706658917441,0,-0.0401496772964815,0.0401496772964815,True
P41,shape_sorter_interaction,1,shape_sorter_interaction_s1_32.000,32.0,34.0,arousal,3,eeg,logreg,0.5771087109159405,1,0.4642257097145229,0,-0.11288300120141759,0.11288300120141759,False
P41,shape_sorter_interaction,1,shape_sorter_interaction_s1_33.000,33.0,35.0,arousal,3,eeg,logreg,0.2590067780898024,0,0.15694421758369398,0,-0.1020625605061084,0.1020625605061084,True
P41,shape_sorter_interaction,1,shape_sorter_interaction_s1_34.000,34.0,36.0,arousal,3,eeg,logreg,0.380421744300636,0,0.27125079011001957,0,-0.10917095419061645,0.10917095419061645,True
P41,shape_sorter_interaction,1,shape_sorter_interaction_s1_35.000,35.0,37.0,arousal,3,eeg,logreg,0.6593924732056762,1,0.538113580933667,1,-0.12127889227200916,0.12127889227200916,True
P41,shape_sorter_interaction,1,shape_sorter_interaction_s1_36.000,36.0,38.0,arousal,3,eeg,logreg,0.8115695577656319,1,0.7559420644511349,1,-0.05562749331449701,0.05562749331449701,True
P41,shape_sorter_interaction,1,shape_sorter_interaction_s1_37.000,37.0,39.0,arousal,3,eeg,logreg,0.7970471146430433,1,0.7429361275819006,1,-0.0541109870611427,0.0541109870611427,True
P41,shape_sorter_interaction,1,shape_sorter_interaction_s1_38.000,38.0,40.0,arousal,3,eeg,logreg,0.2446074542844572,0,0.1596659856672439,0,-0.0849414686172133,0.0849414686172133,True
P41,shape_sorter_interaction,1,shape_sorter_interaction_s1_39.000,39.0,41.0,arousal,3,eeg,logreg,0.5285186027296989,1,0.40314229292832876,0,-0.1253763098013701,0.1253763098013701,False
P41,shape_sorter_interaction,1,shape_sorter_interaction_s1_40.000,40.0,42.0,arousal,3,eeg,logreg,0.8851032354172474,1,0.7938621570651544,1,-0.09124107835209305,0.09124107835209305,True
P41,shape_sorter_interaction,1,shape_sorter_interaction_s1_41.000,41.0,43.0,arousal,3,eeg,logreg,0.8479231696205334,1,0.7847732432876416,1,-0.06314992633289174,0.06314992633289174,True
P41,shape_sorter_interaction,1,shape_sorter_interaction_s1_42.000,42.0,44.0,arousal,3,eeg,logreg,0.0778677679859642,0,0.04167838271534714,0,-0.03618938527061706,0.03618938527061706,True
P41,shape_sorter_interaction,1,shape_sorter_interaction_s1_43.000,43.0,45.0,arousal,3,eeg,logreg,0.2689222527444525,0,0.14746766847467435,0,-0.12145458426977812,0.12145458426977812,True
P41,shape_sorter_interaction,1,shape_sorter_interaction_s1_44.000,44.0,46.0,arousal,3,eeg,logreg,0.2304674107262918,0,0.09097175188365557,0,-0.1394956588426362,0.1394956588426362,True
P41,shape_sorter_interaction,1,shape_sorter_interaction_s1_45.000,45.0,47.0,arousal,3,eeg,logreg,0.4440146111513162,0,0.22244355152565928,0,-0.2215710596256569,0.2215710596256569,True
P41,shape_sorter_interaction,1,shape_sorter_interaction_s1_46.000,46.0,48.0,arousal,3,eeg,logreg,0.712280263949244,1,0.6171356087300843,1,-0.09514465521915971,0.09514465521915971,True
P41,shape_sorter_interaction,1,shape_sorter_interaction_s1_47.000,47.0,49.0,arousal,3,eeg,logreg,0.8975230884205698,1,0.8716465146867027,1,-0.025876573733867092,0.025876573733867092,True
P41,shape_sorter_interaction,1,shape_sorter_interaction_s1_48.000,48.0,50.0,arousal,3,eeg,logreg,0.826899275317977,1,0.7763090011106606,1,-0.05059027420731643,0.05059027420731643,True
P41,shape_sorter_interaction,1,shape_sorter_interaction_s1_49.000,49.0,51.0,arousal,3,eeg,logreg,0.7831872197730847,1,0.7439844898177793,1,-0.03920272995530538,0.03920272995530538,True
P41,shape_sorter_interaction,1,shape_sorter_interaction_s1_50.000,50.0,52.0,arousal,3,eeg,logreg,0.9722461245330248,1,0.9512574113773835,1,-0.020988713155641325,0.020988713155641325,True
P41,shape_sorter_interaction,1,shape_sorter_interaction_s1_51.000,51.0,53.0,arousal,3,eeg,logreg,0.9394894511418036,1,0.917353092448888,1,-0.022136358692915636,0.022136358692915636,True
P41,shape_sorter_interaction,1,shape_sorter_interaction_s1_52.000,52.0,54.0,arousal,3,eeg,logreg,0.5957708826202035,1,0.474810107960666,0,-0.12096077465953753,0.12096077465953753,False
P41,shape_sorter_interaction,1,shape_sorter_interaction_s1_53.000,53.0,55.0,arousal,3,eeg,logreg,0.7028891089367353,1,0.6049356301391088,1,-0.0979534787976265,0.0979534787976265,True
P41,shape_sorter_interaction,1,shape_sorter_interaction_s1_54.000,54.0,56.0,arousal,3,eeg,logreg,0.313940594931261,0,0.21015849287560012,0,-0.10378210205566085,0.10378210205566085,True
P41,shape_sorter_interaction,1,shape_sorter_interaction_s1_55.000,55.0,57.0,arousal,3,eeg,logreg,0.2513437772153181,0,0.16346816705095701,0,-0.08787561016436107,0.08787561016436107,True
P41,shape_sorter_interaction,1,shape_sorter_interaction_s1_56.000,56.0,58.0,arousal,3,eeg,logreg,0.9192019424147908,1,0.8839170246734182,1,-0.03528491774137266,0.03528491774137266,True
P41,shape_sorter_interaction,1,shape_sorter_interaction_s1_57.000,57.0,59.0,arousal,3,eeg,logreg,0.6389603637877743,1,0.5637513378773424,1,-0.07520902591043188,0.07520902591043188,True
P41,shape_sorter_interaction,1,shape_sorter_interaction_s1_58.000,58.0,60.0,arousal,3,eeg,logreg,0.7949940336671453,1,0.7436799572025466,1,-0.051314076464598624,0.051314076464598624,True
P41,shape_sorter_interaction,1,shape_sorter_interaction_s1_59.000,59.0,61.0,arousal,3,eeg,logreg,0.6003419265415928,1,0.47636132396905323,0,-0.12398060257253957,0.12398060257253957,False
P41,shape_sorter_interaction,1,shape_sorter_interaction_s1_60.000,60.0,62.0,arousal,3,eeg,logreg,0.057621968059646,0,0.010096733885324744,0,-0.04752523417432125,0.04752523417432125,True
P41,shape_sorter_interaction,1,shape_sorter_interaction_s1_61.000,61.0,63.0,arousal,3,eeg,logreg,0.4987942511954051,0,0.26915906247948085,0,-0.22963518871592425,0.22963518871592425,True
P41,shape_sorter_interaction,1,shape_sorter_interaction_s1_62.000,62.0,64.0,arousal,3,eeg,logreg,0.0112528544730306,0,0.004868817776459819,0,-0.006384036696570781,0.006384036696570781,True
P41,shape_sorter_interaction,1,shape_sorter_interaction_s1_63.000,63.0,65.0,arousal,3,eeg,logreg,0.0018647161699833,0,0.0003052283040684285,0,-0.0015594878659148715,0.0015594878659148715,True
P41,shape_sorter_interaction,1,shape_sorter_interaction_s1_64.000,64.0,66.0,arousal,3,eeg,logreg,0.7509718079495463,1,0.5372149344185976,1,-0.21375687353094874,0.21375687353094874,True
P41,shape_sorter_interaction,1,shape_sorter_interaction_s1_65.000,65.0,67.0,arousal,3,eeg,logreg,0.9906631634380776,1,0.98720623699971,1,-0.0034569264383675913,0.0034569264383675913,True
P41,shape_sorter_interaction,1,shape_sorter_interaction_s1_66.000,66.0,68.0,arousal,3,eeg,logreg,0.8300670312878843,1,0.779925631497878,1,-0.050141399790006314,0.050141399790006314,True
P41,shape_sorter_interaction,1,shape_sorter_interaction_s1_67.000,67.0,69.0,arousal,3,eeg,logreg,0.4106259649742231,0,0.36917585855600915,0,-0.04145010641821395,0.04145010641821395,True
P41,shape_sorter_interaction,1,shape_sorter_interaction_s1_68.000,68.0,70.0,arousal,3,eeg,logreg,0.5430655281089362,1,0.4370332165492103,0,-0.10603231155972587,0.10603231155972587,False
P41,shape_sorter_interaction,1,shape_sorter_interaction_s1_69.000,69.0,71.0,arousal,3,eeg,logreg,0.7547184217639485,1,0.6527093120914284,1,-0.10200910967252019,0.10200910967252019,True
P41,shape_sorter_interaction,1,shape_sorter_interaction_s1_70.000,70.0,72.0,arousal,3,eeg,logreg,0.8828372699390077,1,0.8418313637741042,1,-0.041005906164903516,0.041005906164903516,True
P41,shape_sorter_interaction,1,shape_sorter_interaction_s1_71.000,71.0,73.0,arousal,3,eeg,logreg,0.9197927231416592,1,0.897028376381298,1,-0.02276434676036121,0.02276434676036121,True
P41,shape_sorter_interaction,1,shape_sorter_interaction_s1_72.000,72.0,74.0,arousal,3,eeg,logreg,0.4851392948639256,0,0.35543551970443954,0,-0.12970377515948606,0.12970377515948606,True
P41,shape_sorter_interaction,1,shape_sorter_interaction_s1_73.000,73.0,75.0,arousal,3,eeg,logreg,0.8066506528833297,1,0.7168151781163682,1,-0.08983547476696152,0.08983547476696152,True
P41,shape_sorter_interaction,1,shape_sorter_interaction_s1_74.000,74.0,76.0,arousal,3,eeg,logreg,0.974347090039381,1,0.9596589983828694,1,-0.014688091656511637,0.014688091656511637,True
P41,shape_sorter_interaction,1,shape_sorter_interaction_s1_75.000,75.0,77.0,arousal,3,eeg,logreg,0.7834893809632635,1,0.6426895714851121,1,-0.1407998094781514,0.1407998094781514,True
P41,shape_sorter_interaction,1,shape_sorter_interaction_s1_76.000,76.0,78.0,arousal,3,eeg,logreg,0.7947080931357372,1,0.7345875159396668,1,-0.060120577196070446,0.060120577196070446,True
P41,shape_sorter_interaction,1,shape_sorter_interaction_s1_77.000,77.0,79.0,arousal,3,eeg,logreg,0.6747800085099761,1,0.5391558062864622,1,-0.1356242022235139,0.1356242022235139,True
P41,shape_sorter_interaction,1,shape_sorter_interaction_s1_78.000,78.0,80.0,arousal,3,eeg,logreg,0.5114764442280892,1,0.22661860174023077,0,-0.2848578424878585,0.2848578424878585,False
P41,shape_sorter_interaction,1,shape_sorter_interaction_s1_79.000,79.0,81.0,arousal,3,eeg,logreg,0.5925808136314056,1,0.3969384754657149,0,-0.19564233816569065,0.19564233816569065,False
P41,shape_sorter_interaction,1,shape_sorter_interaction_s1_80.000,80.0,82.0,arousal,3,eeg,logreg,0.6251123329402,1,0.40536639922422046,0,-0.2197459337159795,0.2197459337159795,False
P41,shape_sorter_interaction,1,shape_sorter_interaction_s1_81.000,81.0,83.0,arousal,3,eeg,logreg,0.2414180395892864,0,0.10707963045007196,0,-0.13433840913921444,0.13433840913921444,True
P41,shape_sorter_observation,1,shape_sorter_observation_s1_21.000,21.0,23.0,arousal,3,eeg,logreg,0.9302013659963994,1,0.9137361982727676,1,-0.016465167723631713,0.016465167723631713,True
P41,shape_sorter_observation,1,shape_sorter_observation_s1_22.000,22.0,24.0,arousal,3,eeg,logreg,0.8529547829932459,1,0.7353003732964505,1,-0.11765440969679541,0.11765440969679541,True
P41,shape_sorter_observation,1,shape_sorter_observation_s1_23.000,23.0,25.0,arousal,3,eeg,logreg,0.8004561211544476,1,0.7056284986777904,1,-0.09482762247665721,0.09482762247665721,True
P41,shape_sorter_observation,1,shape_sorter_observation_s1_24.000,24.0,26.0,arousal,3,eeg,logreg,0.6852746356559826,1,0.6145300027712344,1,-0.0707446328847482,0.0707446328847482,True
P41,shape_sorter_observation,1,shape_sorter_observation_s1_25.000,25.0,27.0,arousal,3,eeg,logreg,0.847588153226269,1,0.6864606366064794,1,-0.16112751661978963,0.16112751661978963,True
P41,shape_sorter_observation,1,shape_sorter_observation_s1_26.000,26.0,28.0,arousal,3,eeg,logreg,0.9237475956430908,1,0.8646441540640577,1,-0.059103441579033134,0.059103441579033134,True
P41,shape_sorter_observation,1,shape_sorter_observation_s1_27.000,27.0,29.0,arousal,3,eeg,logreg,0.9301461008782632,1,0.8636079821622067,1,-0.06653811871605653,0.06653811871605653,True
P41,shape_sorter_observation,1,shape_sorter_observation_s1_28.000,28.0,30.0,arousal,3,eeg,logreg,0.9241978969622048,1,0.9013015965798739,1,-0.022896300382330925,0.022896300382330925,True
P41,shape_sorter_observation,1,shape_sorter_observation_s1_29.000,29.0,31.0,arousal,3,eeg,logreg,0.9431359700932616,1,0.9590702831252272,1,0.015934313031965686,0.015934313031965686,True
P41,shape_sorter_observation,1,shape_sorter_observation_s1_30.000,30.0,32.0,arousal,3,eeg,logreg,0.7658284714482472,1,0.6707580163782016,1,-0.09507045507004552,0.09507045507004552,True
P41,shape_sorter_observation,1,shape_sorter_observation_s1_31.000,31.0,33.0,arousal,3,eeg,logreg,0.9039386361153968,1,0.8514792720360533,1,-0.052459364079343485,0.052459364079343485,True
P41,shape_sorter_observation,1,shape_sorter_observation_s1_32.000,32.0,34.0,arousal,3,eeg,logreg,0.9511204677659312,1,0.9422470778605286,1,-0.00887338990540254,0.00887338990540254,True
P41,shape_sorter_observation,1,shape_sorter_observation_s1_33.000,33.0,35.0,arousal,3,eeg,logreg,0.9625932677128012,1,0.9550531013907628,1,-0.007540166322038355,0.007540166322038355,True
P41,shape_sorter_observation,1,shape_sorter_observation_s1_34.000,34.0,36.0,arousal,3,eeg,logreg,0.8486626530044281,1,0.7899634978110648,1,-0.05869915519336333,0.05869915519336333,True
P41,shape_sorter_observation,1,shape_sorter_observation_s1_35.000,35.0,37.0,arousal,3,eeg,logreg,0.6743107020503587,1,0.5749767426117747,1,-0.09933395943858403,0.09933395943858403,True
P41,shape_sorter_observation,1,shape_sorter_observation_s1_36.000,36.0,38.0,arousal,3,eeg,logreg,0.6539173240318683,1,0.5358206955366853,1,-0.11809662849518299,0.11809662849518299,True
P41,shape_sorter_observation,1,shape_sorter_observation_s1_37.000,37.0,39.0,arousal,3,eeg,logreg,0.8235187419617617,1,0.7304365265890154,1,-0.0930822153727463,0.0930822153727463,True
P41,shape_sorter_observation,1,shape_sorter_observation_s1_38.000,38.0,40.0,arousal,3,eeg,logreg,0.534781532016678,1,0.5098570570098021,1,-0.02492447500687589,0.02492447500687589,True
P41,shape_sorter_observation,1,shape_sorter_observation_s1_39.000,39.0,41.0,arousal,3,eeg,logreg,0.9521228356672442,1,0.926935735595022,1,-0.025187100072222246,0.025187100072222246,True
P41,shape_sorter_observation,1,shape_sorter_observation_s1_40.000,40.0,42.0,arousal,3,eeg,logreg,0.949224848425587,1,0.919164217042932,1,-0.030060631382654912,0.030060631382654912,True
P41,shape_sorter_observation,1,shape_sorter_observation_s1_41.000,41.0,43.0,arousal,3,eeg,logreg,0.9818044008734496,1,0.9706242393357181,1,-0.011180161537731492,0.011180161537731492,True
P41,shape_sorter_observation,1,shape_sorter_observation_s1_42.000,42.0,44.0,arousal,3,eeg,logreg,0.971531325890496,1,0.963712998408743,1,-0.007818327481752929,0.007818327481752929,True
P41,shape_sorter_observation,1,shape_sorter_observation_s1_43.000,43.0,45.0,arousal,3,eeg,logreg,0.8782414564294364,1,0.8381996960419785,1,-0.04004176038745788,0.04004176038745788,True
P41,shape_sorter_observation,1,shape_sorter_observation_s1_44.000,44.0,46.0,arousal,3,eeg,logreg,0.90314827552815,1,0.8827043257822959,1,-0.020443949745854173,0.020443949745854173,True
P41,shape_sorter_observation,1,shape_sorter_observation_s1_45.000,45.0,47.0,arousal,3,eeg,logreg,0.6521284895405816,1,0.607046446682482,1,-0.04508204285809958,0.04508204285809958,True
P41,shape_sorter_observation,1,shape_sorter_observation_s1_46.000,46.0,48.0,arousal,3,eeg,logreg,0.5487588347814123,1,0.4588933137395425,0,-0.08986552104186979,0.08986552104186979,False
P41,shape_sorter_observation,1,shape_sorter_observation_s1_47.000,47.0,49.0,arousal,3,eeg,logreg,0.460006807810781,0,0.3559878791491339,0,-0.10401892866164714,0.10401892866164714,True
P41,shape_sorter_observation,1,shape_sorter_observation_s1_48.000,48.0,50.0,arousal,3,eeg,logreg,0.3926590715820351,0,0.21086141730198185,0,-0.18179765428005326,0.18179765428005326,True
P41,shape_sorter_observation,1,shape_sorter_observation_s1_49.000,49.0,51.0,arousal,3,eeg,logreg,0.3208264387129376,0,0.11257484075562758,0,-0.20825159795731002,0.20825159795731002,True
P41,shape_sorter_observation,1,shape_sorter_observation_s1_50.000,50.0,52.0,arousal,3,eeg,logreg,0.5464710472364286,1,0.33388238530171205,0,-0.21258866193471654,0.21258866193471654,False
P41,shape_sorter_observation,1,shape_sorter_observation_s1_51.000,51.0,53.0,arousal,3,eeg,logreg,0.6749940217747041,1,0.630880312345902,1,-0.044113709428802106,0.044113709428802106,True
P41,shape_sorter_observation,1,shape_sorter_observation_s1_52.000,52.0,54.0,arousal,3,eeg,logreg,0.9381887378275168,1,0.922235674303119,1,-0.015953063524397737,0.015953063524397737,True
P41,shape_sorter_observation,1,shape_sorter_observation_s1_53.000,53.0,55.0,arousal,3,eeg,logreg,0.9407770628581464,1,0.9129314792850826,1,-0.02784558357306388,0.02784558357306388,True
P41,shape_sorter_observation,1,shape_sorter_observation_s1_54.000,54.0,56.0,arousal,3,eeg,logreg,0.907671933486738,1,0.9039087806022675,1,-0.0037631528844704887,0.0037631528844704887,True
P41,shape_sorter_observation,1,shape_sorter_observation_s1_55.000,55.0,57.0,arousal,3,eeg,logreg,0.9631233232611708,1,0.968959704110133,1,0.005836380848962208,0.005836380848962208,True
P41,shape_sorter_observation,1,shape_sorter_observation_s1_56.000,56.0,58.0,arousal,3,eeg,logreg,0.98305455795733,1,0.9760574069039936,1,-0.006997151053336426,0.006997151053336426,True
P41,shape_sorter_observation,1,shape_sorter_observation_s1_57.000,57.0,59.0,arousal,3,eeg,logreg,0.894531531833417,1,0.8333264112950993,1,-0.061205120538317725,0.061205120538317725,True
P41,shape_sorter_observation,1,shape_sorter_observation_s1_58.000,58.0,60.0,arousal,3,eeg,logreg,0.4973311423667907,0,0.40550065203751395,0,-0.09183049032927676,0.09183049032927676,True
P41,shape_sorter_observation,1,shape_sorter_observation_s1_59.000,59.0,61.0,arousal,3,eeg,logreg,0.8419860811013778,1,0.778145980823523,1,-0.0638401002778548,0.0638401002778548,True
P41,shape_sorter_observation,1,shape_sorter_observation_s1_60.000,60.0,62.0,arousal,3,eeg,logreg,0.9432079595009564,1,0.8827667279634807,1,-0.060441231537475715,0.060441231537475715,True
P41,shape_sorter_observation,1,shape_sorter_observation_s1_61.000,61.0,63.0,arousal,3,eeg,logreg,0.5301748607339938,1,0.4141771098704197,0,-0.11599775086357406,0.11599775086357406,False
P41,sisyphus,1,sisyphus_s1_100.000,100.0,102.0,arousal,3,eeg,logreg,0.9336292398226548,1,0.8944141261870823,1,-0.03921511363557251,0.03921511363557251,True
P41,sisyphus,1,sisyphus_s1_101.000,101.0,103.0,arousal,3,eeg,logreg,0.8921232300921889,1,0.867182356396351,1,-0.024940873695837862,0.024940873695837862,True
P41,sisyphus,1,sisyphus_s1_102.000,102.0,104.0,arousal,3,eeg,logreg,0.1081940919139596,0,0.024274683379142077,0,-0.08391940853481752,0.08391940853481752,True
P41,sisyphus,1,sisyphus_s1_103.000,103.0,105.0,arousal,3,eeg,logreg,0.2222799908977726,0,0.0657885336691072,0,-0.1564914572286654,0.1564914572286654,True
P41,sisyphus,1,sisyphus_s1_104.000,104.0,106.0,arousal,3,eeg,logreg,0.5057147821901755,1,0.37520883849056924,0,-0.13050594369960627,0.13050594369960627,False
P41,sisyphus,1,sisyphus_s1_105.000,105.0,107.0,arousal,3,eeg,logreg,0.8056483883494929,1,0.8099473046171607,1,0.004298916267667763,0.004298916267667763,True
P41,sisyphus,1,sisyphus_s1_106.000,106.0,108.0,arousal,3,eeg,logreg,0.7071298938190783,1,0.6410639799653767,1,-0.06606591385370164,0.06606591385370164,True
P41,sisyphus,1,sisyphus_s1_107.000,107.0,109.0,arousal,3,eeg,logreg,0.1979658089534688,0,0.13261918709852225,0,-0.06534662185494655,0.06534662185494655,True
P41,sisyphus,1,sisyphus_s1_108.000,108.0,110.0,arousal,3,eeg,logreg,0.1877193210069045,0,0.09079406599042211,0,-0.09692525501648239,0.09692525501648239,True
P41,sisyphus,1,sisyphus_s1_109.000,109.0,111.0,arousal,3,eeg,logreg,0.8285669129558165,1,0.7478570929421148,1,-0.08070982001370175,0.08070982001370175,True
P41,sisyphus,1,sisyphus_s1_110.000,110.0,112.0,arousal,3,eeg,logreg,0.8897523341833127,1,0.8785291827080688,1,-0.011223151475243887,0.011223151475243887,True
P41,sisyphus,1,sisyphus_s1_111.000,111.0,113.0,arousal,3,eeg,logreg,0.7310480814522919,1,0.5360964347800341,1,-0.19495164667225784,0.19495164667225784,True
P41,sisyphus,1,sisyphus_s1_112.000,112.0,114.0,arousal,3,eeg,logreg,0.6663231057645947,1,0.46981896371735843,0,-0.19650414204723632,0.19650414204723632,False
P41,sisyphus,1,sisyphus_s1_113.000,113.0,115.0,arousal,3,eeg,logreg,0.8874692951161786,1,0.7716471166300253,1,-0.11582217848615328,0.11582217848615328,True
P41,sisyphus,1,sisyphus_s1_114.000,114.0,116.0,arousal,3,eeg,logreg,0.754153457656032,1,0.5975669300607824,1,-0.1565865275952496,0.1565865275952496,True
P41,sisyphus,1,sisyphus_s1_115.000,115.0,117.0,arousal,3,eeg,logreg,0.2381119564292477,0,0.17898316996855568,0,-0.05912878646069203,0.05912878646069203,True
P41,sisyphus,1,sisyphus_s1_116.000,116.0,118.0,arousal,3,eeg,logreg,0.0607471252627623,0,0.022842620979012407,0,-0.03790450428374989,0.03790450428374989,True
P41,sisyphus,1,sisyphus_s1_117.000,117.0,119.0,arousal,3,eeg,logreg,0.0153686310428388,0,0.004769115219175429,0,-0.01059951582366337,0.01059951582366337,True
P41,sisyphus,1,sisyphus_s1_118.000,118.0,120.0,arousal,3,eeg,logreg,0.1650262157146851,0,0.055831747534592635,0,-0.10919446818009246,0.10919446818009246,True
P41,sisyphus,1,sisyphus_s1_119.000,119.0,121.0,arousal,3,eeg,logreg,0.4152742419189594,0,0.2760641660833579,0,-0.13921007583560152,0.13921007583560152,True
P41,sisyphus,1,sisyphus_s1_120.000,120.0,122.0,arousal,3,eeg,logreg,0.0999031155739952,0,0.04799264642170021,0,-0.05191046915229499,0.05191046915229499,True
P41,sisyphus,1,sisyphus_s1_121.000,121.0,123.0,arousal,3,eeg,logreg,0.218166787727573,0,0.11851620954443341,0,-0.09965057818313959,0.09965057818313959,True
P41,sisyphus,1,sisyphus_s1_122.000,122.0,124.0,arousal,3,eeg,logreg,0.4266761420172462,0,0.2871027888384577,0,-0.1395733531787885,0.1395733531787885,True
P41,sisyphus,1,sisyphus_s1_123.000,123.0,125.0,arousal,3,eeg,logreg,0.6154934202828914,1,0.5094559213070425,1,-0.10603749897584891,0.10603749897584891,True
P41,sisyphus,1,sisyphus_s1_124.000,124.0,126.0,arousal,3,eeg,logreg,0.474645958296911,0,0.3241542652154338,0,-0.1504916930814772,0.1504916930814772,True
P41,sisyphus,1,sisyphus_s1_125.000,125.0,127.0,arousal,3,eeg,logreg,0.4176982186130858,0,0.29808567511977513,0,-0.11961254349331069,0.11961254349331069,True
P41,sisyphus,1,sisyphus_s1_126.000,126.0,128.0,arousal,3,eeg,logreg,0.4560013588462657,0,0.35189910676150327,0,-0.10410225208476243,0.10410225208476243,True
P41,sisyphus,1,sisyphus_s1_127.000,127.0,129.0,arousal,3,eeg,logreg,0.634557333425719,1,0.47758068890431987,0,-0.1569766445213991,0.1569766445213991,False
P41,sisyphus,1,sisyphus_s1_128.000,128.0,130.0,arousal,3,eeg,logreg,0.5077011919007648,1,0.3468980697399794,0,-0.1608031221607854,0.1608031221607854,False
P41,sisyphus,1,sisyphus_s1_129.000,129.0,131.0,arousal,3,eeg,logreg,0.5208545083018584,1,0.3378213040664274,0,-0.183033204235431,0.183033204235431,False
P41,sisyphus,1,sisyphus_s1_130.000,130.0,132.0,arousal,3,eeg,logreg,0.8722556728792384,1,0.775005130936764,1,-0.0972505419424744,0.0972505419424744,True
P41,sisyphus,1,sisyphus_s1_131.000,131.0,133.0,arousal,3,eeg,logreg,0.9132639351473036,1,0.8578478832035726,1,-0.055416051943731004,0.055416051943731004,True
P41,sisyphus,1,sisyphus_s1_132.000,132.0,134.0,arousal,3,eeg,logreg,0.0570449569095641,0,0.008345510536074801,0,-0.048699446373489295,0.048699446373489295,True
P41,sisyphus,1,sisyphus_s1_133.000,133.0,135.0,arousal,3,eeg,logreg,1.1981671724075937e-06,0,2.549640919146586e-08,0,-1.1726707632161278e-06,1.1726707632161278e-06,True
P41,sisyphus,1,sisyphus_s1_24.000,24.0,26.0,arousal,3,eeg,logreg,0.8316483140906701,1,0.7876822475806783,1,-0.0439660665099918,0.0439660665099918,True
P41,sisyphus,1,sisyphus_s1_25.000,25.0,27.0,arousal,3,eeg,logreg,0.95127067885918,1,0.9335345181262827,1,-0.0177361607328973,0.0177361607328973,True
P41,sisyphus,1,sisyphus_s1_26.000,26.0,28.0,arousal,3,eeg,logreg,0.881987349473923,1,0.8551354518002576,1,-0.02685189767366536,0.02685189767366536,True
P41,sisyphus,1,sisyphus_s1_27.000,27.0,29.0,arousal,3,eeg,logreg,0.1079393585449199,0,0.028007089639119968,0,-0.07993226890579994,0.07993226890579994,True
P41,sisyphus,1,sisyphus_s1_28.000,28.0,30.0,arousal,3,eeg,logreg,0.0387676043601331,0,0.010086173821170536,0,-0.028681430538962563,0.028681430538962563,True
P41,sisyphus,1,sisyphus_s1_29.000,29.0,31.0,arousal,3,eeg,logreg,0.7253084454740949,1,0.790717375371429,1,0.06540892989733416,0.06540892989733416,True
P41,sisyphus,1,sisyphus_s1_30.000,30.0,32.0,arousal,3,eeg,logreg,0.2480248321167609,0,0.20801030704698376,0,-0.04001452506977715,0.04001452506977715,True
P41,sisyphus,1,sisyphus_s1_31.000,31.0,33.0,arousal,3,eeg,logreg,0.566172144672408,1,0.4437592271574673,0,-0.12241291751494066,0.12241291751494066,False
P41,sisyphus,1,sisyphus_s1_32.000,32.0,34.0,arousal,3,eeg,logreg,0.6868321181916387,1,0.6034787793247719,1,-0.0833533388668668,0.0833533388668668,True
P41,sisyphus,1,sisyphus_s1_33.000,33.0,35.0,arousal,3,eeg,logreg,0.8680603406292712,1,0.8594175627829386,1,-0.008642777846332605,0.008642777846332605,True
P41,sisyphus,1,sisyphus_s1_34.000,34.0,36.0,arousal,3,eeg,logreg,0.8389414938576842,1,0.8277113448866718,1,-0.011230148971012488,0.011230148971012488,True
P41,sisyphus,1,sisyphus_s1_35.000,35.0,37.0,arousal,3,eeg,logreg,0.5332679747691234,1,0.45711455635800025,0,-0.07615341841112311,0.07615341841112311,False
P41,sisyphus,1,sisyphus_s1_36.000,36.0,38.0,arousal,3,eeg,logreg,0.8879462009800828,1,0.8325029813927194,1,-0.055443219587363424,0.055443219587363424,True
P41,sisyphus,1,sisyphus_s1_37.000,37.0,39.0,arousal,3,eeg,logreg,0.8871321856261142,1,0.8420968094883308,1,-0.04503537613778341,0.04503537613778341,True
P41,sisyphus,1,sisyphus_s1_38.000,38.0,40.0,arousal,3,eeg,logreg,0.383561911469557,0,0.40289688316822664,0,0.019334971698669656,0.019334971698669656,True
P41,sisyphus,1,sisyphus_s1_39.000,39.0,41.0,arousal,3,eeg,logreg,0.164495959818697,0,0.10940550851812951,0,-0.055090451300567486,0.055090451300567486,True
P41,sisyphus,1,sisyphus_s1_40.000,40.0,42.0,arousal,3,eeg,logreg,0.4113354210084612,0,0.29460100436855635,0,-0.11673441663990486,0.11673441663990486,True
P41,sisyphus,1,sisyphus_s1_41.000,41.0,43.0,arousal,3,eeg,logreg,0.6825826315253936,1,0.6003021187049242,1,-0.08228051282046933,0.08228051282046933,True
P41,sisyphus,1,sisyphus_s1_42.000,42.0,44.0,arousal,3,eeg,logreg,0.7533243598604292,1,0.6932576893842705,1,-0.06006667047615877,0.06006667047615877,True
P41,sisyphus,1,sisyphus_s1_43.000,43.0,45.0,arousal,3,eeg,logreg,0.2538293631534471,0,0.21452281987687538,0,-0.03930654327657174,0.03930654327657174,True
P41,sisyphus,1,sisyphus_s1_44.000,44.0,46.0,arousal,3,eeg,logreg,0.7495389796364273,1,0.64686503428958,1,-0.10267394534684737,0.10267394534684737,True
P41,sisyphus,1,sisyphus_s1_45.000,45.0,47.0,arousal,3,eeg,logreg,0.6527066584289103,1,0.5090454455325262,1,-0.14366121289638412,0.14366121289638412,True
P41,sisyphus,1,sisyphus_s1_46.000,46.0,48.0,arousal,3,eeg,logreg,0.5263965568423903,1,0.41878596156275105,0,-0.10761059527963923,0.10761059527963923,False
P41,sisyphus,1,sisyphus_s1_47.000,47.0,49.0,arousal,3,eeg,logreg,0.7978425688585535,1,0.747795924208433,1,-0.05004664465012054,0.05004664465012054,True
P41,sisyphus,1,sisyphus_s1_48.000,48.0,50.0,arousal,3,eeg,logreg,0.8323616500989911,1,0.7718553825767215,1,-0.06050626752226962,0.06050626752226962,True
P41,sisyphus,1,sisyphus_s1_49.000,49.0,51.0,arousal,3,eeg,logreg,0.6643294766458758,1,0.6341204799176064,1,-0.030208996728269377,0.030208996728269377,True
P41,sisyphus,1,sisyphus_s1_50.000,50.0,52.0,arousal,3,eeg,logreg,0.5083391402516073,1,0.41056651198001015,0,-0.09777262827159716,0.09777262827159716,False
P41,sisyphus,1,sisyphus_s1_51.000,51.0,53.0,arousal,3,eeg,logreg,0.579220493993876,1,0.4586204675438766,0,-0.1206000264499994,0.1206000264499994,False
P41,sisyphus,1,sisyphus_s1_52.000,52.0,54.0,arousal,3,eeg,logreg,0.4418395360360991,0,0.33351516820547156,0,-0.10832436783062754,0.10832436783062754,True
P41,sisyphus,1,sisyphus_s1_53.000,53.0,55.0,arousal,3,eeg,logreg,0.3870711425773873,0,0.29050812398241393,0,-0.09656301859497335,0.09656301859497335,True
P41,sisyphus,1,sisyphus_s1_54.000,54.0,56.0,arousal,3,eeg,logreg,0.4170073336438093,0,0.33714876352859874,0,-0.07985857011521058,0.07985857011521058,True
P41,sisyphus,1,sisyphus_s1_55.000,55.0,57.0,arousal,3,eeg,logreg,0.7715867498127846,1,0.6086931654390771,1,-0.1628935843737075,0.1628935843737075,True
P41,sisyphus,1,sisyphus_s1_56.000,56.0,58.0,arousal,3,eeg,logreg,0.8609557962885306,1,0.7813456121500457,1,-0.07961018413848486,0.07961018413848486,True
P41,sisyphus,1,sisyphus_s1_57.000,57.0,59.0,arousal,3,eeg,logreg,0.8957140659160323,1,0.8700105738912876,1,-0.025703492024744756,0.025703492024744756,True
P41,sisyphus,1,sisyphus_s1_58.000,58.0,60.0,arousal,3,eeg,logreg,0.9620487312581636,1,0.9359997614551117,1,-0.026048969803051936,0.026048969803051936,True
P41,sisyphus,1,sisyphus_s1_59.000,59.0,61.0,arousal,3,eeg,logreg,0.857998827193786,1,0.7824035710914621,1,-0.07559525610232387,0.07559525610232387,True
P41,sisyphus,1,sisyphus_s1_60.000,60.0,62.0,arousal,3,eeg,logreg,0.2955648278161349,0,0.16203241535552804,0,-0.13353241246060688,0.13353241246060688,True
P41,sisyphus,1,sisyphus_s1_61.000,61.0,63.0,arousal,3,eeg,logreg,0.9300954051738852,1,0.855527752554439,1,-0.0745676526194462,0.0745676526194462,True
P41,sisyphus,1,sisyphus_s1_62.000,62.0,64.0,arousal,3,eeg,logreg,0.955301203471752,1,0.9232267340562744,1,-0.032074469415477536,0.032074469415477536,True
P41,sisyphus,1,sisyphus_s1_63.000,63.0,65.0,arousal,3,eeg,logreg,0.9397680109663604,1,0.911152915940134,1,-0.02861509502622639,0.02861509502622639,True
P41,sisyphus,1,sisyphus_s1_64.000,64.0,66.0,arousal,3,eeg,logreg,0.95796404828903,1,0.9271296414153923,1,-0.0308344068736377,0.0308344068736377,True
P41,sisyphus,1,sisyphus_s1_65.000,65.0,67.0,arousal,3,eeg,logreg,0.7791416434437338,1,0.6689551584153633,1,-0.11018648502837047,0.11018648502837047,True
P41,sisyphus,1,sisyphus_s1_66.000,66.0,68.0,arousal,3,eeg,logreg,0.7678767596911898,1,0.6731849388209707,1,-0.0946918208702191,0.0946918208702191,True
P41,sisyphus,1,sisyphus_s1_67.000,67.0,69.0,arousal,3,eeg,logreg,0.8797923930147656,1,0.7899523022567264,1,-0.08984009075803923,0.08984009075803923,True
P41,sisyphus,1,sisyphus_s1_68.000,68.0,70.0,arousal,3,eeg,logreg,0.9380530205865396,1,0.916624706477768,1,-0.021428314108771662,0.021428314108771662,True
P41,sisyphus,1,sisyphus_s1_69.000,69.0,71.0,arousal,3,eeg,logreg,0.900899727739703,1,0.8715366565534177,1,-0.029363071186285228,0.029363071186285228,True
P41,sisyphus,1,sisyphus_s1_70.000,70.0,72.0,arousal,3,eeg,logreg,0.5241504362864662,1,0.47948125526668767,0,-0.044669181019778514,0.044669181019778514,False
P41,sisyphus,1,sisyphus_s1_71.000,71.0,73.0,arousal,3,eeg,logreg,0.4036551914601031,0,0.34553630689952597,0,-0.05811888456057712,0.05811888456057712,True
P41,sisyphus,1,sisyphus_s1_72.000,72.0,74.0,arousal,3,eeg,logreg,0.528391506869046,1,0.37628213263580795,0,-0.15210937423323806,0.15210937423323806,False
P41,sisyphus,1,sisyphus_s1_73.000,73.0,75.0,arousal,3,eeg,logreg,0.6262924873972933,1,0.39367967692629235,0,-0.2326128104710009,0.2326128104710009,False
P41,sisyphus,1,sisyphus_s1_74.000,74.0,76.0,arousal,3,eeg,logreg,0.5228317969173778,1,0.375824105033755,0,-0.14700769188362278,0.14700769188362278,False
P41,sisyphus,1,sisyphus_s1_75.000,75.0,77.0,arousal,3,eeg,logreg,0.2120054355570296,0,0.15341906038043615,0,-0.05858637517659346,0.05858637517659346,True
P41,sisyphus,1,sisyphus_s1_76.000,76.0,78.0,arousal,3,eeg,logreg,0.4818133821456244,0,0.40329210172862257,0,-0.07852128041700185,0.07852128041700185,True
P41,sisyphus,1,sisyphus_s1_77.000,77.0,79.0,arousal,3,eeg,logreg,0.1110823833745261,0,0.08765872268694894,0,-0.02342366068757716,0.02342366068757716,True
P41,sisyphus,1,sisyphus_s1_78.000,78.0,80.0,arousal,3,eeg,logreg,0.6470647394335338,1,0.5385872189072122,1,-0.10847752052632165,0.10847752052632165,True
P41,sisyphus,1,sisyphus_s1_79.000,79.0,81.0,arousal,3,eeg,logreg,0.9366410095264824,1,0.901635240331656,1,-0.03500576919482645,0.03500576919482645,True
P41,sisyphus,1,sisyphus_s1_80.000,80.0,82.0,arousal,3,eeg,logreg,0.7738214638857885,1,0.7123408794091511,1,-0.0614805844766374,0.0614805844766374,True
P41,sisyphus,1,sisyphus_s1_81.000,81.0,83.0,arousal,3,eeg,logreg,0.8790888456706917,1,0.8208004918395556,1,-0.058288353831136064,0.058288353831136064,True
P41,sisyphus,1,sisyphus_s1_82.000,82.0,84.0,arousal,3,eeg,logreg,0.7733831087898874,1,0.6673155195435828,1,-0.10606758924630455,0.10606758924630455,True
P41,sisyphus,1,sisyphus_s1_83.000,83.0,85.0,arousal,3,eeg,logreg,0.6210849744157635,1,0.5439439487527613,1,-0.07714102566300218,0.07714102566300218,True
P41,sisyphus,1,sisyphus_s1_84.000,84.0,86.0,arousal,3,eeg,logreg,0.5480792616189609,1,0.49075116337109687,0,-0.05732809824786406,0.05732809824786406,False
P41,sisyphus,1,sisyphus_s1_85.000,85.0,87.0,arousal,3,eeg,logreg,0.6616031657692395,1,0.5523031576030916,1,-0.10930000816614793,0.10930000816614793,True
P41,sisyphus,1,sisyphus_s1_86.000,86.0,88.0,arousal,3,eeg,logreg,0.5616587027476065,1,0.4205053394459334,0,-0.14115336330167316,0.14115336330167316,False
P41,sisyphus,1,sisyphus_s1_87.000,87.0,89.0,arousal,3,eeg,logreg,0.9347779312341468,1,0.8738912533134476,1,-0.06088667792069913,0.06088667792069913,True
P41,sisyphus,1,sisyphus_s1_88.000,88.0,90.0,arousal,3,eeg,logreg,0.886023200457245,1,0.820849056974308,1,-0.06517414348293704,0.06517414348293704,True
P41,sisyphus,1,sisyphus_s1_89.000,89.0,91.0,arousal,3,eeg,logreg,0.9588654108145368,1,0.9491539407729406,1,-0.009711470041596226,0.009711470041596226,True
P41,sisyphus,1,sisyphus_s1_90.000,90.0,92.0,arousal,3,eeg,logreg,0.9483414521440188,1,0.9340198259603778,1,-0.014321626183640968,0.014321626183640968,True
P41,sisyphus,1,sisyphus_s1_91.000,91.0,93.0,arousal,3,eeg,logreg,0.8589708548750411,1,0.7957483784063062,1,-0.06322247646873491,0.06322247646873491,True
P41,sisyphus,1,sisyphus_s1_92.000,92.0,94.0,arousal,3,eeg,logreg,0.8512249481369086,1,0.8134107219179512,1,-0.03781422621895747,0.03781422621895747,True
P41,sisyphus,1,sisyphus_s1_93.000,93.0,95.0,arousal,3,eeg,logreg,0.7858959389023522,1,0.7490560196579468,1,-0.03683991924440544,0.03683991924440544,True
P41,sisyphus,1,sisyphus_s1_94.000,94.0,96.0,arousal,3,eeg,logreg,0.7150238963422063,1,0.6172297456185323,1,-0.09779415072367403,0.09779415072367403,True
P41,sisyphus,1,sisyphus_s1_95.000,95.0,97.0,arousal,3,eeg,logreg,0.630212872908858,1,0.5120315166630341,1,-0.11818135624582382,0.11818135624582382,True
P41,sisyphus,1,sisyphus_s1_96.000,96.0,98.0,arousal,3,eeg,logreg,0.5017206489948011,1,0.3379692875863533,0,-0.16375136140844776,0.16375136140844776,False
P41,sisyphus,1,sisyphus_s1_97.000,97.0,99.0,arousal,3,eeg,logreg,0.8301611545091714,1,0.7600486312755247,1,-0.0701125232336467,0.0701125232336467,True
P41,sisyphus,1,sisyphus_s1_98.000,98.0,100.0,arousal,3,eeg,logreg,0.859695719189313,1,0.8285314716941468,1,-0.03116424749516622,0.03116424749516622,True
P41,sisyphus,1,sisyphus_s1_99.000,99.0,101.0,arousal,3,eeg,logreg,0.7939949478025857,1,0.6936106654128888,1,-0.10038428238969688,0.10038428238969688,True
P41,stack,1,stack_s1_100.000,100.0,102.0,arousal,3,eeg,logreg,0.978825475232949,1,0.9690255118397778,1,-0.00979996339317124,0.00979996339317124,True
P41,stack,1,stack_s1_101.000,101.0,103.0,arousal,3,eeg,logreg,0.8675643400701101,1,0.8150520664487694,1,-0.0525122736213407,0.0525122736213407,True
P41,stack,1,stack_s1_102.000,102.0,104.0,arousal,3,eeg,logreg,0.8812722435280327,1,0.854660121131156,1,-0.026612122396876714,0.026612122396876714,True
P41,stack,1,stack_s1_103.000,103.0,105.0,arousal,3,eeg,logreg,0.9824835062507932,1,0.974344711287924,1,-0.008138794962869178,0.008138794962869178,True
P41,stack,1,stack_s1_104.000,104.0,106.0,arousal,3,eeg,logreg,0.9574126009046148,1,0.9564310264056571,1,-0.000981574498957638,0.000981574498957638,True
P41,stack,1,stack_s1_105.000,105.0,107.0,arousal,3,eeg,logreg,0.8161023664916642,1,0.7686161618174877,1,-0.047486204674176524,0.047486204674176524,True
P41,stack,1,stack_s1_106.000,106.0,108.0,arousal,3,eeg,logreg,0.8562189775841186,1,0.8039939816221587,1,-0.05222499596195984,0.05222499596195984,True
P41,stack,1,stack_s1_107.000,107.0,109.0,arousal,3,eeg,logreg,0.8930941348191456,1,0.8456665623091018,1,-0.047427572510043814,0.047427572510043814,True
P41,stack,1,stack_s1_108.000,108.0,110.0,arousal,3,eeg,logreg,0.6314843431906181,1,0.5538404265468773,1,-0.07764391664374082,0.07764391664374082,True
P41,stack,1,stack_s1_109.000,109.0,111.0,arousal,3,eeg,logreg,0.6685339887398222,1,0.5122585670857619,1,-0.15627542165406028,0.15627542165406028,True
P41,stack,1,stack_s1_110.000,110.0,112.0,arousal,3,eeg,logreg,0.9427824049895404,1,0.9097625297028871,1,-0.03301987528665329,0.03301987528665329,True
P41,stack,1,stack_s1_111.000,111.0,113.0,arousal,3,eeg,logreg,0.9102615395662292,1,0.9048899640776931,1,-0.005371575488536173,0.005371575488536173,True
P41,stack,1,stack_s1_112.000,112.0,114.0,arousal,3,eeg,logreg,0.6525455722100639,1,0.5919864440685104,1,-0.06055912814155351,0.06055912814155351,True
P41,stack,1,stack_s1_113.000,113.0,115.0,arousal,3,eeg,logreg,0.2812071373763369,0,0.2349482983295767,0,-0.0462588390467602,0.0462588390467602,True
P41,stack,1,stack_s1_114.000,114.0,116.0,arousal,3,eeg,logreg,0.6283319913687888,1,0.5403156452754597,1,-0.08801634609332909,0.08801634609332909,True
P41,stack,1,stack_s1_115.000,115.0,117.0,arousal,3,eeg,logreg,0.1190783400317098,0,0.02344520488584764,0,-0.09563313514586216,0.09563313514586216,True
P41,stack,1,stack_s1_116.000,116.0,118.0,arousal,3,eeg,logreg,0.9418807038808318,1,0.9062508144704652,1,-0.0356298894103666,0.0356298894103666,True
P41,stack,1,stack_s1_117.000,117.0,119.0,arousal,3,eeg,logreg,0.5239851795924723,1,0.5225717605693683,1,-0.00141341902310399,0.00141341902310399,True
P41,stack,1,stack_s1_118.000,118.0,120.0,arousal,3,eeg,logreg,0.8127163133769916,1,0.7085191401500693,1,-0.10419717322692224,0.10419717322692224,True
P41,stack,1,stack_s1_119.000,119.0,121.0,arousal,3,eeg,logreg,0.7592464144880764,1,0.6286332795959846,1,-0.1306131348920918,0.1306131348920918,True
P41,stack,1,stack_s1_120.000,120.0,122.0,arousal,3,eeg,logreg,0.4585240842066522,0,0.2353100887501245,0,-0.2232139954565277,0.2232139954565277,True
P41,stack,1,stack_s1_121.000,121.0,123.0,arousal,3,eeg,logreg,9.52713276645895e-05,0,4.39269604707606e-06,0,-9.087863161751344e-05,9.087863161751344e-05,True
P41,stack,1,stack_s1_20.000,20.0,22.0,arousal,3,eeg,logreg,0.6162750224387475,1,0.5115617037168667,1,-0.10471331872188083,0.10471331872188083,True
P41,stack,1,stack_s1_21.000,21.0,23.0,arousal,3,eeg,logreg,0.7696734854706822,1,0.6891351606727995,1,-0.0805383247978827,0.0805383247978827,True
P41,stack,1,stack_s1_22.000,22.0,24.0,arousal,3,eeg,logreg,0.7904415890522725,1,0.7456911082545971,1,-0.04475048079767541,0.04475048079767541,True
P41,stack,1,stack_s1_23.000,23.0,25.0,arousal,3,eeg,logreg,0.6383734410202655,1,0.536929268140296,1,-0.10144417287996954,0.10144417287996954,True
P41,stack,1,stack_s1_24.000,24.0,26.0,arousal,3,eeg,logreg,0.6300436607689583,1,0.5385002782951418,1,-0.09154338247381655,0.09154338247381655,True
P41,stack,1,stack_s1_25.000,25.0,27.0,arousal,3,eeg,logreg,0.0003544290010182,0,2.7887471075690533e-05,0,-0.00032654152994250943,0.00032654152994250943,True
P41,stack,1,stack_s1_26.000,26.0,28.0,arousal,3,eeg,logreg,0.2142989530074673,0,0.05323721410657807,0,-0.1610617389008892,0.1610617389008892,True
P41,stack,1,stack_s1_27.000,27.0,29.0,arousal,3,eeg,logreg,0.1738356795272224,0,0.07336510979603116,0,-0.10047056973119124,0.10047056973119124,True
P41,stack,1,stack_s1_28.000,28.0,30.0,arousal,3,eeg,logreg,0.8052724247853535,1,0.6966695312001766,1,-0.10860289358517694,0.10860289358517694,True
P41,stack,1,stack_s1_29.000,29.0,31.0,arousal,3,eeg,logreg,0.7365943559793033,1,0.5756555689400115,1,-0.16093878703929188,0.16093878703929188,True
P41,stack,1,stack_s1_30.000,30.0,32.0,arousal,3,eeg,logreg,0.8962887612230998,1,0.8320143891388004,1,-0.06427437208429931,0.06427437208429931,True
P41,stack,1,stack_s1_31.000,31.0,33.0,arousal,3,eeg,logreg,0.6198072459867477,1,0.5451931602530122,1,-0.07461408573373551,0.07461408573373551,True
P41,stack,1,stack_s1_32.000,32.0,34.0,arousal,3,eeg,logreg,0.695811779931601,1,0.5950518729375508,1,-0.10075990699405024,0.10075990699405024,True
P41,stack,1,stack_s1_33.000,33.0,35.0,arousal,3,eeg,logreg,0.9602764926891908,1,0.9470217682957974,1,-0.013254724393393369,0.013254724393393369,True
P41,stack,1,stack_s1_34.000,34.0,36.0,arousal,3,eeg,logreg,0.7823422058961668,1,0.74124472695285,1,-0.04109747894331672,0.04109747894331672,True
P41,stack,1,stack_s1_35.000,35.0,37.0,arousal,3,eeg,logreg,0.8369961980311208,1,0.7270437904788428,1,-0.10995240755227798,0.10995240755227798,True
P41,stack,1,stack_s1_36.000,36.0,38.0,arousal,3,eeg,logreg,0.7419915518302866,1,0.6387250046183292,1,-0.1032665472119575,0.1032665472119575,True
P41,stack,1,stack_s1_37.000,37.0,39.0,arousal,3,eeg,logreg,0.9079847042150772,1,0.8721249350382805,1,-0.035859769176796674,0.035859769176796674,True
P41,stack,1,stack_s1_38.000,38.0,40.0,arousal,3,eeg,logreg,0.8637498653999677,1,0.8055818353021555,1,-0.05816803009781213,0.05816803009781213,True
P41,stack,1,stack_s1_39.000,39.0,41.0,arousal,3,eeg,logreg,0.819097030918991,1,0.7599386563998943,1,-0.05915837451909667,0.05915837451909667,True
P41,stack,1,stack_s1_40.000,40.0,42.0,arousal,3,eeg,logreg,0.8552748381428289,1,0.834762713248481,1,-0.02051212489434795,0.02051212489434795,True
P41,stack,1,stack_s1_41.000,41.0,43.0,arousal,3,eeg,logreg,0.765493741845143,1,0.6553714614127882,1,-0.11012228043235472,0.11012228043235472,True
P41,stack,1,stack_s1_42.000,42.0,44.0,arousal,3,eeg,logreg,0.8594648474477841,1,0.7891781276111058,1,-0.07028671983667822,0.07028671983667822,True
P41,stack,1,stack_s1_43.000,43.0,45.0,arousal,3,eeg,logreg,0.6638013210481777,1,0.5624893815687991,1,-0.10131193947937855,0.10131193947937855,True
P41,stack,1,stack_s1_44.000,44.0,46.0,arousal,3,eeg,logreg,0.8339033748837426,1,0.7013359507739503,1,-0.13256742410979228,0.13256742410979228,True
P41,stack,1,stack_s1_45.000,45.0,47.0,arousal,3,eeg,logreg,0.1599563369861392,0,0.07371029967067425,0,-0.08624603731546496,0.08624603731546496,True
P41,stack,1,stack_s1_46.000,46.0,48.0,arousal,3,eeg,logreg,0.7795706176333924,1,0.6585649494539244,1,-0.121005668179468,0.121005668179468,True
P41,stack,1,stack_s1_47.000,47.0,49.0,arousal,3,eeg,logreg,0.9873224517956488,1,0.9767125123235696,1,-0.010609939472079222,0.010609939472079222,True
P41,stack,1,stack_s1_48.000,48.0,50.0,arousal,3,eeg,logreg,0.8780667783623544,1,0.8219190118326781,1,-0.056147766529676235,0.056147766529676235,True
P41,stack,1,stack_s1_49.000,49.0,51.0,arousal,3,eeg,logreg,0.7637736203087508,1,0.739782978799679,1,-0.02399064150907182,0.02399064150907182,True
P41,stack,1,stack_s1_50.000,50.0,52.0,arousal,3,eeg,logreg,0.6519924804380948,1,0.5160211307952537,1,-0.13597134964284108,0.13597134964284108,True
P41,stack,1,stack_s1_51.000,51.0,53.0,arousal,3,eeg,logreg,0.813903265472486,1,0.737081584057771,1,-0.07682168141471502,0.07682168141471502,True
P41,stack,1,stack_s1_52.000,52.0,54.0,arousal,3,eeg,logreg,0.3686698562443816,0,0.2572908966231002,0,-0.11137895962128141,0.11137895962128141,True
P41,stack,1,stack_s1_53.000,53.0,55.0,arousal,3,eeg,logreg,0.1460690958355577,0,0.07628499017140825,0,-0.06978410566414944,0.06978410566414944,True
P41,stack,1,stack_s1_54.000,54.0,56.0,arousal,3,eeg,logreg,0.5243190409788311,1,0.3405243893104018,0,-0.1837946516684293,0.1837946516684293,False
P41,stack,1,stack_s1_55.000,55.0,57.0,arousal,3,eeg,logreg,0.9032747405381024,1,0.8460129792489887,1,-0.057261761289113755,0.057261761289113755,True
P41,stack,1,stack_s1_56.000,56.0,58.0,arousal,3,eeg,logreg,0.982851982278726,1,0.9762370126571287,1,-0.006614969621597355,0.006614969621597355,True
P41,stack,1,stack_s1_57.000,57.0,59.0,arousal,3,eeg,logreg,0.8836825017853022,1,0.8210218935742402,1,-0.06266060821106201,0.06266060821106201,True
P41,stack,1,stack_s1_58.000,58.0,60.0,arousal,3,eeg,logreg,0.7575135251777426,1,0.6539299142253804,1,-0.10358361095236224,0.10358361095236224,True
P41,stack,1,stack_s1_59.000,59.0,61.0,arousal,3,eeg,logreg,0.7957827396419196,1,0.687308220125246,1,-0.10847451951667364,0.10847451951667364,True
P41,stack,1,stack_s1_60.000,60.0,62.0,arousal,3,eeg,logreg,0.7027670058391395,1,0.6157097925636301,1,-0.08705721327550942,0.08705721327550942,True
P41,stack,1,stack_s1_61.000,61.0,63.0,arousal,3,eeg,logreg,0.6879081255235115,1,0.6169790373813392,1,-0.07092908814217236,0.07092908814217236,True
P41,stack,1,stack_s1_62.000,62.0,64.0,arousal,3,eeg,logreg,0.2936464893334927,0,0.23249280075054676,0,-0.061153688582945925,0.061153688582945925,True
P41,stack,1,stack_s1_63.000,63.0,65.0,arousal,3,eeg,logreg,0.5261588529588079,1,0.3619766906291407,0,-0.16418216232966726,0.16418216232966726,False
P41,stack,1,stack_s1_64.000,64.0,66.0,arousal,3,eeg,logreg,0.5464333753864499,1,0.4176214476091505,0,-0.12881192777729938,0.12881192777729938,False
P41,stack,1,stack_s1_65.000,65.0,67.0,arousal,3,eeg,logreg,0.5191307913100283,1,0.47431610647786043,0,-0.04481468483216783,0.04481468483216783,False
P41,stack,1,stack_s1_66.000,66.0,68.0,arousal,3,eeg,logreg,0.6424584605080194,1,0.6015057821919774,1,-0.04095267831604199,0.04095267831604199,True
P41,stack,1,stack_s1_67.000,67.0,69.0,arousal,3,eeg,logreg,0.7648460294065331,1,0.6543223347941692,1,-0.11052369461236389,0.11052369461236389,True
P41,stack,1,stack_s1_68.000,68.0,70.0,arousal,3,eeg,logreg,0.5674540450757876,1,0.28759836196129657,0,-0.279855683114491,0.279855683114491,False
P41,stack,1,stack_s1_69.000,69.0,71.0,arousal,3,eeg,logreg,0.2559080257188628,0,0.10157475556796282,0,-0.15433327015089998,0.15433327015089998,True
P41,stack,1,stack_s1_70.000,70.0,72.0,arousal,3,eeg,logreg,0.6599398728992556,1,0.4680429585313801,0,-0.19189691436787548,0.19189691436787548,False
P41,stack,1,stack_s1_71.000,71.0,73.0,arousal,3,eeg,logreg,0.1977705655507634,0,0.12627941541965879,0,-0.0714911501311046,0.0714911501311046,True
P41,stack,1,stack_s1_72.000,72.0,74.0,arousal,3,eeg,logreg,0.936318021913894,1,0.8746997591375354,1,-0.06161826277635862,0.06161826277635862,True
P41,stack,1,stack_s1_73.000,73.0,75.0,arousal,3,eeg,logreg,0.7486428011531993,1,0.6703894674044225,1,-0.07825333374877674,0.07825333374877674,True
P41,stack,1,stack_s1_74.000,74.0,76.0,arousal,3,eeg,logreg,0.783605022238034,1,0.7517190954870153,1,-0.031885926751018645,0.031885926751018645,True
P41,stack,1,stack_s1_75.000,75.0,77.0,arousal,3,eeg,logreg,0.8395831148611611,1,0.7543339538916854,1,-0.08524916096947566,0.08524916096947566,True
P41,stack,1,stack_s1_76.000,76.0,78.0,arousal,3,eeg,logreg,0.4711632349082721,0,0.3600361537553617,0,-0.11112708115291042,0.11112708115291042,True
P41,stack,1,stack_s1_77.000,77.0,79.0,arousal,3,eeg,logreg,0.4595513265337396,0,0.3829470404467072,0,-0.0766042860870324,0.0766042860870324,True
P41,stack,1,stack_s1_78.000,78.0,80.0,arousal,3,eeg,logreg,0.7774234264312487,1,0.7373077115133095,1,-0.040115714917939194,0.040115714917939194,True
P41,stack,1,stack_s1_79.000,79.0,81.0,arousal,3,eeg,logreg,0.8400190735867397,1,0.8302340911207015,1,-0.009784982466038206,0.009784982466038206,True
P41,stack,1,stack_s1_80.000,80.0,82.0,arousal,3,eeg,logreg,0.9430295563371566,1,0.9313887390327179,1,-0.011640817304438666,0.011640817304438666,True
P41,stack,1,stack_s1_81.000,81.0,83.0,arousal,3,eeg,logreg,0.914577227407255,1,0.8801146911594396,1,-0.03446253624781537,0.03446253624781537,True
P41,stack,1,stack_s1_82.000,82.0,84.0,arousal,3,eeg,logreg,0.776617070608421,1,0.7159474755190078,1,-0.060669595089413164,0.060669595089413164,True
P41,stack,1,stack_s1_83.000,83.0,85.0,arousal,3,eeg,logreg,0.4296579125508629,0,0.3923284642354557,0,-0.03732944831540719,0.03732944831540719,True
P41,stack,1,stack_s1_84.000,84.0,86.0,arousal,3,eeg,logreg,0.9059706338251116,1,0.9040938947348329,1,-0.001876739090278634,0.001876739090278634,True
P41,stack,1,stack_s1_85.000,85.0,87.0,arousal,3,eeg,logreg,0.5795644339741712,1,0.5073528739021209,1,-0.07221156007205032,0.07221156007205032,True
P41,stack,1,stack_s1_86.000,86.0,88.0,arousal,3,eeg,logreg,0.516614861700182,1,0.3803038471865915,0,-0.1363110145135905,0.1363110145135905,False
P41,stack,1,stack_s1_87.000,87.0,89.0,arousal,3,eeg,logreg,0.642397723075237,1,0.55669404649509,1,-0.08570367658014699,0.08570367658014699,True
P41,stack,1,stack_s1_88.000,88.0,90.0,arousal,3,eeg,logreg,0.7297120007989294,1,0.7275215485561192,1,-0.0021904522428102258,0.0021904522428102258,True
P41,stack,1,stack_s1_89.000,89.0,91.0,arousal,3,eeg,logreg,0.7074767323811995,1,0.6758367786485542,1,-0.031639953732645276,0.031639953732645276,True
P41,stack,1,stack_s1_90.000,90.0,92.0,arousal,3,eeg,logreg,0.6753973651441997,1,0.6114993618731375,1,-0.06389800327106221,0.06389800327106221,True
P41,stack,1,stack_s1_91.000,91.0,93.0,arousal,3,eeg,logreg,0.457152364258209,0,0.35058236187686953,0,-0.10657000238133946,0.10657000238133946,True
P41,stack,1,stack_s1_92.000,92.0,94.0,arousal,3,eeg,logreg,0.968063861860738,1,0.9565607925552679,1,-0.01150306930547007,0.01150306930547007,True
P41,stack,1,stack_s1_93.000,93.0,95.0,arousal,3,eeg,logreg,0.7742421056712926,1,0.7520320197720008,1,-0.022210085899291743,0.022210085899291743,True
P41,stack,1,stack_s1_94.000,94.0,96.0,arousal,3,eeg,logreg,0.5866112559736062,1,0.4525465212952994,0,-0.13406473467830682,0.13406473467830682,False
P41,stack,1,stack_s1_95.000,95.0,97.0,arousal,3,eeg,logreg,0.8540463448558999,1,0.8184244080194971,1,-0.0356219368364028,0.0356219368364028,True
P41,stack,1,stack_s1_96.000,96.0,98.0,arousal,3,eeg,logreg,0.8909666765556541,1,0.8729730107177259,1,-0.017993665837928163,0.017993665837928163,True
P41,stack,1,stack_s1_97.000,97.0,99.0,arousal,3,eeg,logreg,0.5520009469854985,1,0.5039135942105768,1,-0.04808735277492171,0.04808735277492171,True
P41,stack,1,stack_s1_98.000,98.0,100.0,arousal,3,eeg,logreg,0.695655735434825,1,0.6478666851930945,1,-0.04778905024173041,0.04778905024173041,True
P41,stack,1,stack_s1_99.000,99.0,101.0,arousal,3,eeg,logreg,0.945041960598308,1,0.9313132726333614,1,-0.01372868796494664,0.01372868796494664,True
P41,pick_place,1,pick_place_s1_24.000,24.0,26.0,valence,1,multimodal,gnb,7.493557891325466e-11,0,6.5953934911177994e-12,0,-6.834018542213686e-11,6.834018542213686e-11,True
P41,pick_place,1,pick_place_s1_25.000,25.0,27.0,valence,1,multimodal,gnb,3.588969016875388e-14,0,4.1848193131743483e-16,0,-3.5471208237436445e-14,3.5471208237436445e-14,True
P41,shape_sorter_observation,1,shape_sorter_observation_s1_21.000,21.0,23.0,valence,1,multimodal,gnb,0.0002820820474419,0,6.932667871769845e-06,0,-0.00027514937957013013,0.00027514937957013013,True
P41,shape_sorter_observation,1,shape_sorter_observation_s1_22.000,22.0,24.0,valence,1,multimodal,gnb,0.0027004559986261,0,0.0012665719109147312,0,-0.0014338840877113686,0.0014338840877113686,True
P41,shape_sorter_observation,1,shape_sorter_observation_s1_23.000,23.0,25.0,valence,1,multimodal,gnb,0.2560558101722803,0,0.14409090381048476,0,-0.11196490636179554,0.11196490636179554,True
P41,shape_sorter_observation,1,shape_sorter_observation_s1_24.000,24.0,26.0,valence,1,multimodal,gnb,0.7832320882186435,1,0.7936237472695551,1,0.01039165905091155,0.01039165905091155,True
P41,shape_sorter_observation,1,shape_sorter_observation_s1_25.000,25.0,27.0,valence,1,multimodal,gnb,0.9273564930291536,1,0.9609219108335628,1,0.03356541780440925,0.03356541780440925,True
P41,shape_sorter_observation,1,shape_sorter_observation_s1_26.000,26.0,28.0,valence,1,multimodal,gnb,0.0078160237432539,0,0.006755022032743319,0,-0.0010610017105105807,0.0010610017105105807,True
P41,shape_sorter_observation,1,shape_sorter_observation_s1_27.000,27.0,29.0,valence,1,multimodal,gnb,1.11176620180831e-06,0,3.190003704255381e-06,0,2.0782375024470713e-06,2.0782375024470713e-06,True
P41,shape_sorter_observation,1,shape_sorter_observation_s1_28.000,28.0,30.0,valence,1,multimodal,gnb,2.115577905340826e-09,0,1.3985476605679299e-11,0,-2.101592428735147e-09,2.101592428735147e-09,True
P41,shape_sorter_observation,1,shape_sorter_observation_s1_29.000,29.0,31.0,valence,1,multimodal,gnb,0.1865923208608484,0,5.239957573418904e-07,0,-0.18659179686509106,0.18659179686509106,True
P41,shape_sorter_observation,1,shape_sorter_observation_s1_30.000,30.0,32.0,valence,1,multimodal,gnb,0.7159037665104359,1,0.4805364813330665,0,-0.23536728517736938,0.23536728517736938,False
P41,shape_sorter_observation,1,shape_sorter_observation_s1_31.000,31.0,33.0,valence,1,multimodal,gnb,0.2650896901015467,0,0.30328969489607616,0,0.03820000479452945,0.03820000479452945,True
P41,shape_sorter_observation,1,shape_sorter_observation_s1_32.000,32.0,34.0,valence,1,multimodal,gnb,0.682062336505222,1,0.42543956726242493,0,-0.25662276924279703,0.25662276924279703,False
P41,shape_sorter_observation,1,shape_sorter_observation_s1_33.000,33.0,35.0,valence,1,multimodal,gnb,0.916341773385229,1,0.6732631348974656,1,-0.24307863848776345,0.24307863848776345,True
P41,shape_sorter_observation,1,shape_sorter_observation_s1_34.000,34.0,36.0,valence,1,multimodal,gnb,0.3270092918875991,0,0.11341925569881181,0,-0.21359003618878727,0.21359003618878727,True
P41,shape_sorter_observation,1,shape_sorter_observation_s1_35.000,35.0,37.0,valence,1,multimodal,gnb,0.7794181540259114,1,0.5877664375765478,1,-0.19165171644936363,0.19165171644936363,True
P41,shape_sorter_observation,1,shape_sorter_observation_s1_36.000,36.0,38.0,valence,1,multimodal,gnb,0.201662334843049,0,0.10384530758720487,0,-0.09781702725584412,0.09781702725584412,True
P41,shape_sorter_observation,1,shape_sorter_observation_s1_37.000,37.0,39.0,valence,1,multimodal,gnb,0.5964409477784577,1,0.25371241254775506,0,-0.3427285352307026,0.3427285352307026,False
P41,shape_sorter_observation,1,shape_sorter_observation_s1_38.000,38.0,40.0,valence,1,multimodal,gnb,0.4810728777976285,0,0.3755022881758122,0,-0.10557058962181626,0.10557058962181626,True
P41,shape_sorter_observation,1,shape_sorter_observation_s1_39.000,39.0,41.0,valence,1,multimodal,gnb,0.6280594171626998,1,0.49547541230340225,0,-0.1325840048592975,0.1325840048592975,False
P41,shape_sorter_observation,1,shape_sorter_observation_s1_40.000,40.0,42.0,valence,1,multimodal,gnb,0.1520251043494974,0,0.049964719142888636,0,-0.10206038520660876,0.10206038520660876,True
P41,shape_sorter_observation,1,shape_sorter_observation_s1_41.000,41.0,43.0,valence,1,multimodal,gnb,0.4582322797693294,0,0.49739099352635446,0,0.039158713757025065,0.039158713757025065,True
P41,shape_sorter_observation,1,shape_sorter_observation_s1_42.000,42.0,44.0,valence,1,multimodal,gnb,0.5092220285627581,1,0.27509053108124165,0,-0.23413149748151646,0.23413149748151646,False
P41,shape_sorter_observation,1,shape_sorter_observation_s1_43.000,43.0,45.0,valence,1,multimodal,gnb,0.3125622762711988,0,0.035187774064051866,0,-0.27737450220714693,0.27737450220714693,True
P41,shape_sorter_observation,1,shape_sorter_observation_s1_44.000,44.0,46.0,valence,1,multimodal,gnb,0.8522261718688043,1,0.5855670833699965,1,-0.2666590884988078,0.2666590884988078,True
P41,shape_sorter_observation,1,shape_sorter_observation_s1_45.000,45.0,47.0,valence,1,multimodal,gnb,0.7793679843572432,1,0.49307843635979626,0,-0.28628954799744694,0.28628954799744694,False
P41,shape_sorter_observation,1,shape_sorter_observation_s1_46.000,46.0,48.0,valence,1,multimodal,gnb,0.9009008434908082,1,0.9271533212818333,1,0.02625247779102502,0.02625247779102502,True
P41,shape_sorter_observation,1,shape_sorter_observation_s1_47.000,47.0,49.0,valence,1,multimodal,gnb,0.6441387289582644,1,0.6656395732911222,1,0.021500844332857816,0.021500844332857816,True
P41,shape_sorter_observation,1,shape_sorter_observation_s1_48.000,48.0,50.0,valence,1,multimodal,gnb,0.6475653098904313,1,0.5413148014148184,1,-0.1062505084756129,0.1062505084756129,True
P41,shape_sorter_observation,1,shape_sorter_observation_s1_49.000,49.0,51.0,valence,1,multimodal,gnb,0.8524809763521234,1,0.6076241821880867,1,-0.24485679416403672,0.24485679416403672,True
P41,shape_sorter_observation,1,shape_sorter_observation_s1_50.000,50.0,52.0,valence,1,multimodal,gnb,0.4556848295993017,0,0.23883003362665262,0,-0.21685479597264906,0.21685479597264906,True
P41,shape_sorter_observation,1,shape_sorter_observation_s1_51.000,51.0,53.0,valence,1,multimodal,gnb,0.3425015533088344,0,0.004695661649869107,0,-0.3378058916589653,0.3378058916589653,True
P41,shape_sorter_observation,1,shape_sorter_observation_s1_52.000,52.0,54.0,valence,1,multimodal,gnb,0.0045224678555143,0,0.0002727083730428321,0,-0.004249759482471468,0.004249759482471468,True
P41,shape_sorter_observation,1,shape_sorter_observation_s1_53.000,53.0,55.0,valence,1,multimodal,gnb,2.961538912526424e-07,0,1.489578012358908e-05,0,1.4599626232336437e-05,1.4599626232336437e-05,True
P41,shape_sorter_observation,1,shape_sorter_observation_s1_54.000,54.0,56.0,valence,1,multimodal,gnb,3.107495558153904e-08,0,4.9749547676233865e-12,0,-3.106998062677142e-08,3.106998062677142e-08,True
P41,shape_sorter_observation,1,shape_sorter_observation_s1_55.000,55.0,57.0,valence,1,multimodal,gnb,0.0055246624547445,0,1.3263315236430602e-06,0,-0.005523336123220857,0.005523336123220857,True
P41,shape_sorter_observation,1,shape_sorter_observation_s1_56.000,56.0,58.0,valence,1,multimodal,gnb,0.0016452985755935,0,0.0015631937076210267,0,-8.210486797247335e-05,8.210486797247335e-05,True
P41,shape_sorter_observation,1,shape_sorter_observation_s1_57.000,57.0,59.0,valence,1,multimodal,gnb,0.0159000968816318,0,0.00752859803367241,0,-0.008371498847959392,0.008371498847959392,True
P41,shape_sorter_observation,1,shape_sorter_observation_s1_58.000,58.0,60.0,valence,1,multimodal,gnb,0.0642300642436552,0,0.004273065268639241,0,-0.059956998975015954,0.059956998975015954,True
P41,shape_sorter_observation,1,shape_sorter_observation_s1_59.000,59.0,61.0,valence,1,multimodal,gnb,0.1222531590982867,0,0.09582281994337488,0,-0.026430339154911817,0.026430339154911817,True
P41,stack,1,stack_s1_20.000,20.0,22.0,valence,1,multimodal,gnb,0.6302446272719968,1,0.2817285596816961,0,-0.34851606759030074,0.34851606759030074,False
P41,stack,1,stack_s1_21.000,21.0,23.0,valence,1,multimodal,gnb,0.403387200712422,0,0.1079585300707678,0,-0.29542867064165423,0.29542867064165423,True
P41,stack,1,stack_s1_22.000,22.0,24.0,valence,1,multimodal,gnb,0.0687408161221488,0,0.03485212873727067,0,-0.03388868738487813,0.03388868738487813,True
P41,stack,1,stack_s1_23.000,23.0,25.0,valence,1,multimodal,gnb,0.0577844847178187,0,0.005708588064970142,0,-0.052075896652848556,0.052075896652848556,True
P41,stack,1,stack_s1_24.000,24.0,26.0,valence,1,multimodal,gnb,0.9364958724423382,1,0.7970078316302305,1,-0.13948804081210775,0.13948804081210775,True
P41,stack,1,stack_s1_25.000,25.0,27.0,valence,1,multimodal,gnb,0.7767493606433025,1,0.7485420177865739,1,-0.028207342856728546,0.028207342856728546,True
P41,stack,1,stack_s1_26.000,26.0,28.0,valence,1,multimodal,gnb,0.3539780447873574,0,0.31091571053292405,0,-0.04306233425443334,0.04306233425443334,True
P41,stack,1,stack_s1_27.000,27.0,29.0,valence,1,multimodal,gnb,0.6117544667452833,1,0.6173224391494854,1,0.005567972404202037,0.005567972404202037,True
P41,stack,1,stack_s1_28.000,28.0,30.0,valence,1,multimodal,gnb,0.192387945873039,0,0.0995480790935295,0,-0.0928398667795095,0.0928398667795095,True
P41,stack,1,stack_s1_29.000,29.0,31.0,valence,1,multimodal,gnb,0.4277546928978167,0,0.1538896640705874,0,-0.2738650288272293,0.2738650288272293,True
P41,stack,1,stack_s1_30.000,30.0,32.0,valence,1,multimodal,gnb,0.1595621810117155,0,0.06591071719612238,0,-0.09365146381559311,0.09365146381559311,True
P41,stack,1,stack_s1_31.000,31.0,33.0,valence,1,multimodal,gnb,0.7216784484360609,1,0.6799022272271098,1,-0.04177622120895108,0.04177622120895108,True
P41,stack,1,stack_s1_32.000,32.0,34.0,valence,1,multimodal,gnb,0.5451551369646349,1,0.690558821934734,1,0.14540368497009903,0.14540368497009903,True
P41,stack,1,stack_s1_33.000,33.0,35.0,valence,1,multimodal,gnb,0.0814370166711885,0,0.05178869794328306,0,-0.029648318727905437,0.029648318727905437,True
P41,stack,1,stack_s1_34.000,34.0,36.0,valence,1,multimodal,gnb,0.0996100348783577,0,0.060471556565028,0,-0.03913847831332971,0.03913847831332971,True
P41,stack,1,stack_s1_35.000,35.0,37.0,valence,1,multimodal,gnb,0.452272660398007,0,0.4770995575137511,0,0.024826897115744095,0.024826897115744095,True
P41,stack,1,stack_s1_36.000,36.0,38.0,valence,1,multimodal,gnb,0.8960596635594646,1,0.8229168627967229,1,-0.07314280076274171,0.07314280076274171,True
P41,stack,1,stack_s1_37.000,37.0,39.0,valence,1,multimodal,gnb,0.0898018834834048,0,0.08485717078987434,0,-0.004944712693530459,0.004944712693530459,True
P41,stack,1,stack_s1_38.000,38.0,40.0,valence,1,multimodal,gnb,0.715373835837265,1,0.7918004341945166,1,0.07642659835725163,0.07642659835725163,True
P41,stack,1,stack_s1_39.000,39.0,41.0,valence,1,multimodal,gnb,0.0783189016823095,0,0.05735842221193092,0,-0.020960479470378574,0.020960479470378574,True
P41,stack,1,stack_s1_40.000,40.0,42.0,valence,1,multimodal,gnb,0.0315742411592234,0,0.00175612888504458,0,-0.029818112274178823,0.029818112274178823,True
P41,stack,1,stack_s1_41.000,41.0,43.0,valence,1,multimodal,gnb,0.7097752589712061,1,0.6930942445495323,1,-0.0166810144216738,0.0166810144216738,True
P41,stack,1,stack_s1_42.000,42.0,44.0,valence,1,multimodal,gnb,0.648525039922237,1,0.6195578637519382,1,-0.02896717617029876,0.02896717617029876,True
P41,stack,1,stack_s1_43.000,43.0,45.0,valence,1,multimodal,gnb,0.7221282202998625,1,0.4412582367514445,0,-0.28086998354841797,0.28086998354841797,False
P41,stack,1,stack_s1_44.000,44.0,46.0,valence,1,multimodal,gnb,0.6060584615056189,1,0.3696538134338862,0,-0.23640464807173273,0.23640464807173273,False
P41,stack,1,stack_s1_45.000,45.0,47.0,valence,1,multimodal,gnb,0.1906822111533505,0,0.250189773017011,0,0.05950756186366052,0.05950756186366052,True
P41,stack,1,stack_s1_46.000,46.0,48.0,valence,1,multimodal,gnb,0.0007172657034434,0,0.0006832517338899559,0,-3.4013969553444096e-05,3.4013969553444096e-05,True
P41,stack,1,stack_s1_47.000,47.0,49.0,valence,1,multimodal,gnb,6.0420629752195616e-05,0,2.3967046787535207e-05,0,-3.645358296466041e-05,3.645358296466041e-05,True
P41,stack,1,stack_s1_48.000,48.0,50.0,valence,1,multimodal,gnb,0.2843389577720615,0,0.17678058890953313,0,-0.10755836886252834,0.10755836886252834,True
P41,stack,1,stack_s1_49.000,49.0,51.0,valence,1,multimodal,gnb,0.2887785877830694,0,0.1450932181935334,0,-0.143685369589536,0.143685369589536,True
P41,stack,1,stack_s1_50.000,50.0,52.0,valence,1,multimodal,gnb,0.6270486711112399,1,0.645662513716219,1,0.018613842604979114,0.018613842604979114,True
P41,stack,1,stack_s1_51.000,51.0,53.0,valence,1,multimodal,gnb,0.5329648642571421,1,0.4225502350864982,0,-0.11041462917064387,0.11041462917064387,False
P41,stack,1,stack_s1_52.000,52.0,54.0,valence,1,multimodal,gnb,0.8014682575794657,1,0.7058222620849995,1,-0.09564599549446617,0.09564599549446617,True
P41,stack,1,stack_s1_53.000,53.0,55.0,valence,1,multimodal,gnb,0.793027461945812,1,0.7445311008324457,1,-0.048496361113366304,0.048496361113366304,True
P41,stack,1,stack_s1_54.000,54.0,56.0,valence,1,multimodal,gnb,0.0365187455483613,0,0.19671824145645403,0,0.16019949590809274,0.16019949590809274,True
P41,stack,1,stack_s1_55.000,55.0,57.0,valence,1,multimodal,gnb,0.0183510644899478,0,0.007161349863634668,0,-0.011189714626313133,0.011189714626313133,True
P41,stack,1,stack_s1_56.000,56.0,58.0,valence,1,multimodal,gnb,0.0019360844141955,0,0.0024940588209940518,0,0.0005579744067985518,0.0005579744067985518,True
P41,stack,1,stack_s1_57.000,57.0,59.0,valence,1,multimodal,gnb,0.1564961620443769,0,0.21744540497308576,0,0.06094924292870885,0.06094924292870885,True
P41,stack,1,stack_s1_58.000,58.0,60.0,valence,1,multimodal,gnb,0.94907829260353,1,0.9443907429589733,1,-0.004687549644556754,0.004687549644556754,True
P41,stack,1,stack_s1_59.000,59.0,61.0,valence,1,multimodal,gnb,0.8085615910059526,1,0.8219141100774675,1,0.013352519071514912,0.013352519071514912,True
P41,stack,1,stack_s1_60.000,60.0,62.0,valence,1,multimodal,gnb,0.7648115800041914,1,0.8021018692530925,1,0.0372902892489011,0.0372902892489011,True
P41,stack,1,stack_s1_61.000,61.0,63.0,valence,1,multimodal,gnb,0.9999990260936986,1,0.9999977039051123,1,-1.3221885862835236e-06,1.3221885862835236e-06,True
P41,stack,1,stack_s1_62.000,62.0,64.0,valence,1,multimodal,gnb,0.6426658799622238,1,0.5749434025737299,1,-0.0677224773884939,0.0677224773884939,True
P41,stack,1,stack_s1_63.000,63.0,65.0,valence,1,multimodal,gnb,0.8870996887369373,1,0.8604401209599541,1,-0.026659567776983195,0.026659567776983195,True
P41,stack,1,stack_s1_64.000,64.0,66.0,valence,1,multimodal,gnb,0.8080365795711558,1,0.8356907619061932,1,0.02765418233503736,0.02765418233503736,True
P41,stack,1,stack_s1_65.000,65.0,67.0,valence,1,multimodal,gnb,0.735497386122045,1,0.6291654510721871,1,-0.10633193504985783,0.10633193504985783,True
P41,stack,1,stack_s1_66.000,66.0,68.0,valence,1,multimodal,gnb,0.804776694427137,1,0.6572914846105864,1,-0.14748520981655056,0.14748520981655056,True
P41,stack,1,stack_s1_67.000,67.0,69.0,valence,1,multimodal,gnb,0.2698721182916883,0,0.2930410778590776,0,0.023168959567389347,0.023168959567389347,True
P41,stack,1,stack_s1_68.000,68.0,70.0,valence,1,multimodal,gnb,0.1050583011864804,0,0.0728983138484958,0,-0.0321599873379846,0.0321599873379846,True
P41,stack,1,stack_s1_69.000,69.0,71.0,valence,1,multimodal,gnb,0.257710811762352,0,0.09016415823189908,0,-0.16754665353045292,0.16754665353045292,True
P41,stack,1,stack_s1_70.000,70.0,72.0,valence,1,multimodal,gnb,0.2551347372767082,0,0.11475917979632587,0,-0.14037555748038233,0.14037555748038233,True
P41,stack,1,stack_s1_71.000,71.0,73.0,valence,1,multimodal,gnb,0.717305469069334,1,0.6611371913191431,1,-0.056168277750190954,0.056168277750190954,True
P41,stack,1,stack_s1_72.000,72.0,74.0,valence,1,multimodal,gnb,0.6420825999213592,1,0.6597553333302337,1,0.01767273340887454,0.01767273340887454,True
P41,stack,1,stack_s1_73.000,73.0,75.0,valence,1,multimodal,gnb,0.3439498194252227,0,0.22043571562782457,0,-0.1235141037973981,0.1235141037973981,True
P41,stack,1,stack_s1_74.000,74.0,76.0,valence,1,multimodal,gnb,0.0852900668122405,0,0.14424865976933515,0,0.05895859295709466,0.05895859295709466,True
P41,stack,1,stack_s1_75.000,75.0,77.0,valence,1,multimodal,gnb,0.0651725058167958,0,0.12277137826559636,0,0.05759887244880056,0.05759887244880056,True
P41,stack,1,stack_s1_76.000,76.0,78.0,valence,1,multimodal,gnb,0.8685163040810765,1,0.6069430837387133,1,-0.2615732203423632,0.2615732203423632,True
P41,stack,1,stack_s1_77.000,77.0,79.0,valence,1,multimodal,gnb,0.9505314539462916,1,0.8765317148015138,1,-0.07399973914477775,0.07399973914477775,True
P41,stack,1,stack_s1_78.000,78.0,80.0,valence,1,multimodal,gnb,0.5961267549859316,1,0.5482587652290393,1,-0.047867989756892326,0.047867989756892326,True
P41,stack,1,stack_s1_79.000,79.0,81.0,valence,1,multimodal,gnb,0.7115132764741493,1,0.7880073320655838,1,0.07649405559143452,0.07649405559143452,True
P41,stack,1,stack_s1_80.000,80.0,82.0,valence,1,multimodal,gnb,0.8091667514796762,1,0.797508264845198,1,-0.011658486634478216,0.011658486634478216,True
P41,stack,1,stack_s1_81.000,81.0,83.0,valence,1,multimodal,gnb,0.6742191467920581,1,0.6948370933926706,1,0.020617946600612558,0.020617946600612558,True
P41,stack,1,stack_s1_82.000,82.0,84.0,valence,1,multimodal,gnb,0.8546194440791677,1,0.8263387707023393,1,-0.02828067337682838,0.02828067337682838,True
P41,stack,1,stack_s1_83.000,83.0,85.0,valence,1,multimodal,gnb,0.276279792503759,0,0.2181334961100565,0,-0.0581462963937025,0.0581462963937025,True
P41,stack,1,stack_s1_84.000,84.0,86.0,valence,1,multimodal,gnb,0.8814261802547194,1,0.890212987069449,1,0.008786806814729542,0.008786806814729542,True
P41,stack,1,stack_s1_85.000,85.0,87.0,valence,1,multimodal,gnb,0.9917954965967696,1,0.9903223744687434,1,-0.0014731221280261941,0.0014731221280261941,True
P41,stack,1,stack_s1_86.000,86.0,88.0,valence,1,multimodal,gnb,0.4641675231710295,0,0.6363530600317775,1,0.172185536860748,0.172185536860748,False
P41,stack,1,stack_s1_87.000,87.0,89.0,valence,1,multimodal,gnb,0.8372753785790018,1,0.3700085005935093,0,-0.4672668779854925,0.4672668779854925,False
P41,stack,1,stack_s1_88.000,88.0,90.0,valence,1,multimodal,gnb,0.8001781909857677,1,0.27877260100559953,0,-0.5214055899801682,0.5214055899801682,False
P41,stack,1,stack_s1_89.000,89.0,91.0,valence,1,multimodal,gnb,0.5832490963526176,1,0.5322597317196057,1,-0.05098936463301185,0.05098936463301185,True
P41,stack,1,stack_s1_90.000,90.0,92.0,valence,1,multimodal,gnb,0.7620993553451669,1,0.8017610610209113,1,0.03966170567574434,0.03966170567574434,True
P41,stack,1,stack_s1_91.000,91.0,93.0,valence,1,multimodal,gnb,0.4645787309006366,0,0.33571889581267494,0,-0.12885983508796167,0.12885983508796167,True
P41,stack,1,stack_s1_92.000,92.0,94.0,valence,1,multimodal,gnb,0.027942601475042,0,0.02762788932825814,0,-0.0003147121467838611,0.0003147121467838611,True
P41,stack,1,stack_s1_93.000,93.0,95.0,valence,1,multimodal,gnb,0.4285189957553956,0,0.48225682759645283,0,0.05373783184105724,0.05373783184105724,True
P41,stack,1,stack_s1_94.000,94.0,96.0,valence,1,multimodal,gnb,0.0847656373810697,0,0.2007823632944957,0,0.116016725913426,0.116016725913426,True
P41,stack,1,stack_s1_95.000,95.0,97.0,valence,1,multimodal,gnb,0.7122263528269022,1,0.7351853294196256,1,0.02295897659272339,0.02295897659272339,True
P41,stack,1,stack_s1_96.000,96.0,98.0,valence,1,multimodal,gnb,0.0922753194947522,0,0.07127061485536217,0,-0.02100470463939004,0.02100470463939004,True
P41,stack,1,stack_s1_97.000,97.0,99.0,valence,1,multimodal,gnb,0.7539389503388135,1,0.7504576656378066,1,-0.003481284701006948,0.003481284701006948,True
P41,stack,1,stack_s1_98.000,98.0,100.0,valence,1,multimodal,gnb,0.2257378819351929,0,0.1202694246341061,0,-0.1054684573010868,0.1054684573010868,True
P41,stack,1,stack_s1_99.000,99.0,101.0,valence,1,multimodal,gnb,0.0335498815024943,0,0.04615746159931376,0,0.012607580096819462,0.012607580096819462,True
P41,stack,1,stack_s1_100.000,100.0,102.0,valence,1,multimodal,gnb,0.0001143322020752,0,8.98420120608861e-05,0,-2.44901900143139e-05,2.44901900143139e-05,True
P41,stack,1,stack_s1_101.000,101.0,103.0,valence,1,multimodal,gnb,0.0066008201494279,0,0.0011134578147158432,0,-0.005487362334712057,0.005487362334712057,True
P41,stack,1,stack_s1_102.000,102.0,104.0,valence,1,multimodal,gnb,0.2531327497182257,0,0.2528947131886689,0,-0.00023803652955678434,0.00023803652955678434,True
P41,stack,1,stack_s1_103.000,103.0,105.0,valence,1,multimodal,gnb,0.002538751870075,0,0.001187179612876409,0,-0.001351572257198591,0.001351572257198591,True
P41,stack,1,stack_s1_104.000,104.0,106.0,valence,1,multimodal,gnb,0.0579272137189789,0,0.0024820748902791576,0,-0.055445138828699746,0.055445138828699746,True
P41,stack,1,stack_s1_105.000,105.0,107.0,valence,1,multimodal,gnb,0.7118441506552973,1,0.6060200487168345,1,-0.10582410193846281,0.10582410193846281,True
P41,stack,1,stack_s1_106.000,106.0,108.0,valence,1,multimodal,gnb,0.861367264402316,1,0.879715194461314,1,0.01834793005899793,0.01834793005899793,True
P41,stack,1,stack_s1_107.000,107.0,109.0,valence,1,multimodal,gnb,0.0258364118228308,0,0.018629671527620406,0,-0.007206740295210394,0.007206740295210394,True
P41,stack,1,stack_s1_108.000,108.0,110.0,valence,1,multimodal,gnb,0.2340894147604021,0,0.2188833608251705,0,-0.015206053935231612,0.015206053935231612,True
P41,stack,1,stack_s1_109.000,109.0,111.0,valence,1,multimodal,gnb,0.8184498073297574,1,0.8131633238894804,1,-0.0052864834402769345,0.0052864834402769345,True
P41,stack,1,stack_s1_110.000,110.0,112.0,valence,1,multimodal,gnb,0.0054047574614485,0,0.0022581663059135925,0,-0.0031465911555349072,0.0031465911555349072,True
P41,stack,1,stack_s1_111.000,111.0,113.0,valence,1,multimodal,gnb,0.1110461031591097,0,0.028292572222096843,0,-0.08275353093701286,0.08275353093701286,True
P41,stack,1,stack_s1_112.000,112.0,114.0,valence,1,multimodal,gnb,0.9973386405942906,1,0.9932779918852288,1,-0.004060648709061754,0.004060648709061754,True
P41,stack,1,stack_s1_113.000,113.0,115.0,valence,1,multimodal,gnb,0.9900991458642024,1,0.9378391978310358,1,-0.05225994803316669,0.05225994803316669,True
P41,stack,1,stack_s1_114.000,114.0,116.0,valence,1,multimodal,gnb,0.4847677482232784,0,0.3900971126609759,0,-0.09467063556230249,0.09467063556230249,True
P41,stack,1,stack_s1_115.000,115.0,117.0,valence,1,multimodal,gnb,6.538587987407391e-09,0,3.0641337791437606e-07,0,2.9987478992696867e-07,2.9987478992696867e-07,True
P41,stack,1,stack_s1_116.000,116.0,118.0,valence,1,multimodal,gnb,2.9984192137661905e-06,0,4.351341329737789e-12,0,-2.9984148624248606e-06,2.9984148624248606e-06,True
P41,stack,1,stack_s1_117.000,117.0,119.0,valence,1,multimodal,gnb,0.3003444054782543,0,0.0005392802783150939,0,-0.29980512519993924,0.29980512519993924,True
P41,stack,1,stack_s1_118.000,118.0,120.0,valence,1,multimodal,gnb,0.0008947150409726,0,0.0009918520526450657,0,9.713701167246569e-05,9.713701167246569e-05,True
P41,stack,1,stack_s1_119.000,119.0,121.0,valence,1,multimodal,gnb,0.0002458805795663,0,0.00017979260000268178,0,-6.60879795636182e-05,6.60879795636182e-05,True
P41,stack,1,stack_s1_120.000,120.0,122.0,valence,1,multimodal,gnb,0.0001023490380951,0,9.05520518619438e-05,0,-1.1796986233156197e-05,1.1796986233156197e-05,True
P41,stack,1,stack_s1_121.000,121.0,123.0,valence,1,multimodal,gnb,0.0043904811220208,0,0.06999366384145064,0,0.06560318271942985,0.06560318271942985,True
P41,sisyphus,1,sisyphus_s1_24.000,24.0,26.0,valence,1,multimodal,gnb,0.1214563644828267,0,0.1566732833029561,0,0.035216918820129395,0.035216918820129395,True
P41,sisyphus,1,sisyphus_s1_25.000,25.0,27.0,valence,1,multimodal,gnb,0.4454029482601734,0,0.6163930999721217,1,0.17099015171194826,0.17099015171194826,False
P41,sisyphus,1,sisyphus_s1_26.000,26.0,28.0,valence,1,multimodal,gnb,0.0063454099516812,0,0.0032420291931265304,0,-0.0031033807585546694,0.0031033807585546694,True
P41,sisyphus,1,sisyphus_s1_27.000,27.0,29.0,valence,1,multimodal,gnb,0.3118815424505615,0,0.5618381243862948,1,0.24995658193573328,0.24995658193573328,False
P41,sisyphus,1,sisyphus_s1_28.000,28.0,30.0,valence,1,multimodal,gnb,0.0716612218851243,0,0.05951619270975422,0,-0.012145029175370081,0.012145029175370081,True
P41,sisyphus,1,sisyphus_s1_29.000,29.0,31.0,valence,1,multimodal,gnb,0.9856570528286984,1,0.12063268201936232,0,-0.8650243708093361,0.8650243708093361,False
P41,sisyphus,1,sisyphus_s1_30.000,30.0,32.0,valence,1,multimodal,gnb,0.99598031506286,1,0.983660827899721,1,-0.01231948716313902,0.01231948716313902,True
P41,sisyphus,1,sisyphus_s1_31.000,31.0,33.0,valence,1,multimodal,gnb,0.9985781970462432,1,0.9810043841876739,1,-0.017573812858569293,0.017573812858569293,True
P41,sisyphus,1,sisyphus_s1_32.000,32.0,34.0,valence,1,multimodal,gnb,0.2248526256529187,0,0.5056096008398265,1,0.28075697518690784,0.28075697518690784,False
P41,sisyphus,1,sisyphus_s1_33.000,33.0,35.0,valence,1,multimodal,gnb,0.0054718003271331,0,0.0002997821951105137,0,-0.005172018132022586,0.005172018132022586,True
P41,sisyphus,1,sisyphus_s1_34.000,34.0,36.0,valence,1,multimodal,gnb,0.6566611670961707,1,0.5188027682962304,1,-0.13785839879994033,0.13785839879994033,True
P41,sisyphus,1,sisyphus_s1_35.000,35.0,37.0,valence,1,multimodal,gnb,0.8815873430442176,1,0.805428469264706,1,-0.07615887377951158,0.07615887377951158,True
P41,sisyphus,1,sisyphus_s1_36.000,36.0,38.0,valence,1,multimodal,gnb,0.2117372556963913,0,0.3172681569712893,0,0.105530901274898,0.105530901274898,True
P41,sisyphus,1,sisyphus_s1_37.000,37.0,39.0,valence,1,multimodal,gnb,0.2403318893549883,0,0.16812037276092082,0,-0.07221151659406749,0.07221151659406749,True
P41,sisyphus,1,sisyphus_s1_38.000,38.0,40.0,valence,1,multimodal,gnb,0.7950958911175078,1,0.7214708028025695,1,-0.0736250883149383,0.0736250883149383,True
P41,sisyphus,1,sisyphus_s1_39.000,39.0,41.0,valence,1,multimodal,gnb,0.3598459653276022,0,0.36820536027026823,0,0.00835939494266602,0.00835939494266602,True
P41,sisyphus,1,sisyphus_s1_40.000,40.0,42.0,valence,1,multimodal,gnb,0.3040787460620036,0,0.4209619812661878,0,0.1168832352041842,0.1168832352041842,True
P41,sisyphus,1,sisyphus_s1_41.000,41.0,43.0,valence,1,multimodal,gnb,0.5844191463234976,1,0.7087379247843935,1,0.1243187784608959,0.1243187784608959,True
P41,sisyphus,1,sisyphus_s1_42.000,42.0,44.0,valence,1,multimodal,gnb,0.471570665481124,0,0.45675501423692416,0,-0.014815651244199812,0.014815651244199812,True
P41,sisyphus,1,sisyphus_s1_43.000,43.0,45.0,valence,1,multimodal,gnb,0.7904432159726499,1,0.8290725687769763,1,0.038629352804326444,0.038629352804326444,True
P41,sisyphus,1,sisyphus_s1_44.000,44.0,46.0,valence,1,multimodal,gnb,0.7822818370070447,1,0.8469446239584135,1,0.06466278695136884,0.06466278695136884,True
P41,sisyphus,1,sisyphus_s1_45.000,45.0,47.0,valence,1,multimodal,gnb,0.8202931623664489,1,0.8342882377228202,1,0.013995075356371345,0.013995075356371345,True
P41,sisyphus,1,sisyphus_s1_46.000,46.0,48.0,valence,1,multimodal,gnb,0.263289983603798,0,0.21016986450543013,0,-0.05312011909836789,0.05312011909836789,True
P41,sisyphus,1,sisyphus_s1_47.000,47.0,49.0,valence,1,multimodal,gnb,0.247903948001904,0,0.18128261586934566,0,-0.06662133213255833,0.06662133213255833,True
P41,sisyphus,1,sisyphus_s1_48.000,48.0,50.0,valence,1,multimodal,gnb,0.9663325739632936,1,0.964262507790488,1,-0.0020700661728055847,0.0020700661728055847,True
P41,sisyphus,1,sisyphus_s1_49.000,49.0,51.0,valence,1,multimodal,gnb,0.6495180533796465,1,0.6007311595329634,1,-0.04878689384668311,0.04878689384668311,True
P41,sisyphus,1,sisyphus_s1_50.000,50.0,52.0,valence,1,multimodal,gnb,0.744644654216613,1,0.6467280734508648,1,-0.09791658076574816,0.09791658076574816,True
P41,sisyphus,1,sisyphus_s1_51.000,51.0,53.0,valence,1,multimodal,gnb,0.4853291049670886,0,0.4918386392715422,0,0.0065095343044536125,0.0065095343044536125,True
P41,sisyphus,1,sisyphus_s1_52.000,52.0,54.0,valence,1,multimodal,gnb,0.9675255208592908,1,0.9769216524912558,1,0.009396131631965066,0.009396131631965066,True
P41,sisyphus,1,sisyphus_s1_53.000,53.0,55.0,valence,1,multimodal,gnb,0.7755750731715471,1,0.9135804112451421,1,0.13800533807359505,0.13800533807359505,True
P41,sisyphus,1,sisyphus_s1_54.000,54.0,56.0,valence,1,multimodal,gnb,0.887948657186137,1,0.8421088527339259,1,-0.04583980445221114,0.04583980445221114,True
P41,sisyphus,1,sisyphus_s1_55.000,55.0,57.0,valence,1,multimodal,gnb,0.0972307153973457,0,0.1489526739605371,0,0.05172195856319141,0.05172195856319141,True
P41,sisyphus,1,sisyphus_s1_56.000,56.0,58.0,valence,1,multimodal,gnb,0.0024022006728772,0,0.0028729811278922516,0,0.00047078045501505175,0.00047078045501505175,True
P41,sisyphus,1,sisyphus_s1_57.000,57.0,59.0,valence,1,multimodal,gnb,0.007124334780763,0,0.00048708790286400164,0,-0.006637246877898998,0.006637246877898998,True
P41,sisyphus,1,sisyphus_s1_58.000,58.0,60.0,valence,1,multimodal,gnb,7.423152090878499e-07,0,1.0534423267139499e-08,0,-7.317807858207104e-07,7.317807858207104e-07,True
P41,sisyphus,1,sisyphus_s1_59.000,59.0,61.0,valence,1,multimodal,gnb,7.269534564949966e-05,0,2.5054039836534483e-08,0,-7.267029160966313e-05,7.267029160966313e-05,True
P41,sisyphus,1,sisyphus_s1_60.000,60.0,62.0,valence,1,multimodal,gnb,0.4851125743730081,0,0.21275563188878852,0,-0.2723569424842196,0.2723569424842196,True
P41,sisyphus,1,sisyphus_s1_61.000,61.0,63.0,valence,1,multimodal,gnb,0.2913490804072331,0,0.5192379254314762,1,0.22788884502424306,0.22788884502424306,False
P41,sisyphus,1,sisyphus_s1_62.000,62.0,64.0,valence,1,multimodal,gnb,0.00780917737362,0,0.010645787462866579,0,0.0028366100892465787,0.0028366100892465787,True
P41,sisyphus,1,sisyphus_s1_63.000,63.0,65.0,valence,1,multimodal,gnb,0.1582057192080235,0,0.05010026077153209,0,-0.10810545843649141,0.10810545843649141,True
P41,sisyphus,1,sisyphus_s1_64.000,64.0,66.0,valence,1,multimodal,gnb,0.0563762122571474,0,0.05145593348257815,0,-0.004920278774569249,0.004920278774569249,True
P41,sisyphus,1,sisyphus_s1_65.000,65.0,67.0,valence,1,multimodal,gnb,0.3067832066774401,0,0.30425152719528314,0,-0.0025316794821569344,0.0025316794821569344,True
P41,sisyphus,1,sisyphus_s1_66.000,66.0,68.0,valence,1,multimodal,gnb,0.9798555873379738,1,0.9576450220666017,1,-0.022210565271372107,0.022210565271372107,True
P41,sisyphus,1,sisyphus_s1_67.000,67.0,69.0,valence,1,multimodal,gnb,0.0011502556831997,0,0.0053375666922175205,0,0.00418731100901782,0.00418731100901782,True
P41,sisyphus,1,sisyphus_s1_68.000,68.0,70.0,valence,1,multimodal,gnb,0.0059450993371707,0,0.024018546703017476,0,0.018073447365846776,0.018073447365846776,True
P41,sisyphus,1,sisyphus_s1_69.000,69.0,71.0,valence,1,multimodal,gnb,0.3564044877328033,0,0.08348961420752606,0,-0.27291487352527727,0.27291487352527727,True
P41,sisyphus,1,sisyphus_s1_70.000,70.0,72.0,valence,1,multimodal,gnb,0.935059091226633,1,0.75331669947328,1,-0.18174239175335305,0.18174239175335305,True
P41,sisyphus,1,sisyphus_s1_71.000,71.0,73.0,valence,1,multimodal,gnb,0.8827342925429748,1,0.8791696677462579,1,-0.00356462479671682,0.00356462479671682,True
P41,sisyphus,1,sisyphus_s1_72.000,72.0,74.0,valence,1,multimodal,gnb,0.9188385889954672,1,0.7801988306388742,1,-0.13863975835659303,0.13863975835659303,True
P41,sisyphus,1,sisyphus_s1_73.000,73.0,75.0,valence,1,multimodal,gnb,0.0076494893899828,0,0.026330429310427797,0,0.018680939920445,0.018680939920445,True
P41,sisyphus,1,sisyphus_s1_74.000,74.0,76.0,valence,1,multimodal,gnb,0.480603909020208,0,0.41921359727161256,0,-0.06139031174859544,0.06139031174859544,True
P41,sisyphus,1,sisyphus_s1_75.000,75.0,77.0,valence,1,multimodal,gnb,0.4771789460262143,0,0.5391810489352978,1,0.062002102909083534,0.062002102909083534,False
P41,sisyphus,1,sisyphus_s1_76.000,76.0,78.0,valence,1,multimodal,gnb,0.6317022031225369,1,0.6012216914481547,1,-0.03048051167438215,0.03048051167438215,True
P41,sisyphus,1,sisyphus_s1_77.000,77.0,79.0,valence,1,multimodal,gnb,0.9978460472907368,1,0.9914833490309276,1,-0.006362698259809174,0.006362698259809174,True
P41,sisyphus,1,sisyphus_s1_78.000,78.0,80.0,valence,1,multimodal,gnb,0.7380977342362127,1,0.5663153411284421,1,-0.17178239310777066,0.17178239310777066,True
P41,sisyphus,1,sisyphus_s1_79.000,79.0,81.0,valence,1,multimodal,gnb,0.0002830445989609,0,0.0001990734399201815,0,-8.397115904071851e-05,8.397115904071851e-05,True
P41,sisyphus,1,sisyphus_s1_80.000,80.0,82.0,valence,1,multimodal,gnb,0.0286403176837472,0,0.006148891982902464,0,-0.022491425700844735,0.022491425700844735,True
P41,sisyphus,1,sisyphus_s1_81.000,81.0,83.0,valence,1,multimodal,gnb,0.1790777926459811,0,0.17393939096115232,0,-0.005138401684828764,0.005138401684828764,True
P41,sisyphus,1,sisyphus_s1_82.000,82.0,84.0,valence,1,multimodal,gnb,0.6794329762465882,1,0.6938151266670233,1,0.014382150420435114,0.014382150420435114,True
P41,sisyphus,1,sisyphus_s1_83.000,83.0,85.0,valence,1,multimodal,gnb,0.6165598165214604,1,0.43798662883087197,0,-0.17857318769058844,0.17857318769058844,False
P41,sisyphus,1,sisyphus_s1_84.000,84.0,86.0,valence,1,multimodal,gnb,0.986689427075938,1,0.985783092316546,1,-0.0009063347593919469,0.0009063347593919469,True
P41,sisyphus,1,sisyphus_s1_85.000,85.0,87.0,valence,1,multimodal,gnb,0.625016149154085,1,0.7254798656303704,1,0.10046371647628538,0.10046371647628538,True
P41,sisyphus,1,sisyphus_s1_86.000,86.0,88.0,valence,1,multimodal,gnb,0.0100614845341928,0,0.013249941073414298,0,0.0031884565392214983,0.0031884565392214983,True
P41,sisyphus,1,sisyphus_s1_87.000,87.0,89.0,valence,1,multimodal,gnb,1.9480014644476866e-06,0,1.8027997575213134e-06,0,-1.452017069263732e-07,1.452017069263732e-07,True
P41,sisyphus,1,sisyphus_s1_88.000,88.0,90.0,valence,1,multimodal,gnb,0.0001917033352323,0,3.6450318193113566e-05,0,-0.00015525301703918644,0.00015525301703918644,True
P41,sisyphus,1,sisyphus_s1_89.000,89.0,91.0,valence,1,multimodal,gnb,0.9309679671983974,1,0.9117352640062035,1,-0.019232703192193834,0.019232703192193834,True
P41,sisyphus,1,sisyphus_s1_90.000,90.0,92.0,valence,1,multimodal,gnb,0.0165661135469084,0,0.011745902110630146,0,-0.0048202114362782544,0.0048202114362782544,True
P41,sisyphus,1,sisyphus_s1_91.000,91.0,93.0,valence,1,multimodal,gnb,0.0007989050644641,0,0.0009481288124579081,0,0.00014922374799380815,0.00014922374799380815,True
P41,sisyphus,1,sisyphus_s1_92.000,92.0,94.0,valence,1,multimodal,gnb,0.9044430480878912,1,0.8737419899555353,1,-0.030701058132355907,0.030701058132355907,True
P41,sisyphus,1,sisyphus_s1_93.000,93.0,95.0,valence,1,multimodal,gnb,0.7245665221985219,1,0.6771894621604397,1,-0.047377060038082175,0.047377060038082175,True
P41,sisyphus,1,sisyphus_s1_94.000,94.0,96.0,valence,1,multimodal,gnb,0.9387648096274744,1,0.921947457062813,1,-0.016817352564661436,0.016817352564661436,True
P41,sisyphus,1,sisyphus_s1_95.000,95.0,97.0,valence,1,multimodal,gnb,0.4167225627065467,0,0.38904420858868477,0,-0.027678354117861903,0.027678354117861903,True
P41,sisyphus,1,sisyphus_s1_96.000,96.0,98.0,valence,1,multimodal,gnb,0.2393925408209418,0,0.3679362817975482,0,0.12854374097660642,0.12854374097660642,True
P41,sisyphus,1,sisyphus_s1_97.000,97.0,99.0,valence,1,multimodal,gnb,0.4890947959277656,0,0.43034689106155255,0,-0.05874790486621306,0.05874790486621306,True
P41,sisyphus,1,sisyphus_s1_98.000,98.0,100.0,valence,1,multimodal,gnb,0.5420763773907522,1,0.23599174953779675,0,-0.3060846278529554,0.3060846278529554,False
P41,sisyphus,1,sisyphus_s1_99.000,99.0,101.0,valence,1,multimodal,gnb,0.2378602873130119,0,0.33750022461702694,0,0.09963993730401505,0.09963993730401505,True
P41,sisyphus,1,sisyphus_s1_100.000,100.0,102.0,valence,1,multimodal,gnb,0.708473785890624,1,0.6800474919642397,1,-0.028426293926384294,0.028426293926384294,True
P41,sisyphus,1,sisyphus_s1_101.000,101.0,103.0,valence,1,multimodal,gnb,4.081915072772583e-05,0,3.0870162083914827e-06,0,-3.773213451933435e-05,3.773213451933435e-05,True
P41,sisyphus,1,sisyphus_s1_102.000,102.0,104.0,valence,1,multimodal,gnb,0.0014246103107443,0,3.499660787943063e-05,0,-0.0013896137028648694,0.0013896137028648694,True
P41,sisyphus,1,sisyphus_s1_103.000,103.0,105.0,valence,1,multimodal,gnb,0.3491990076268201,0,0.5156030584166394,1,0.16640405078981935,0.16640405078981935,False
P41,sisyphus,1,sisyphus_s1_104.000,104.0,106.0,valence,1,multimodal,gnb,0.0472127608108186,0,0.0014751851293755612,0,-0.045737575681443036,0.045737575681443036,True
P41,sisyphus,1,sisyphus_s1_105.000,105.0,107.0,valence,1,multimodal,gnb,0.1429295156377942,0,0.006530397633450769,0,-0.13639911800434346,0.13639911800434346,True
P41,sisyphus,1,sisyphus_s1_106.000,106.0,108.0,valence,1,multimodal,gnb,0.3788283534946672,0,0.1813631869078354,0,-0.1974651665868318,0.1974651665868318,True
P41,sisyphus,1,sisyphus_s1_107.000,107.0,109.0,valence,1,multimodal,gnb,0.7088421092333035,1,0.5819399183604413,1,-0.12690219087286214,0.12690219087286214,True
P41,sisyphus,1,sisyphus_s1_108.000,108.0,110.0,valence,1,multimodal,gnb,0.1416273042777734,0,0.402721209440522,0,0.26109390516274855,0.26109390516274855,True
P41,sisyphus,1,sisyphus_s1_109.000,109.0,111.0,valence,1,multimodal,gnb,0.3553590387787375,0,0.3943677369578545,0,0.03900869817911701,0.03900869817911701,True
P41,sisyphus,1,sisyphus_s1_110.000,110.0,112.0,valence,1,multimodal,gnb,0.2741574126119339,0,0.057909083541710336,0,-0.21624832907022354,0.21624832907022354,True
P41,sisyphus,1,sisyphus_s1_111.000,111.0,113.0,valence,1,multimodal,gnb,0.6753671442029646,1,0.4668994540424312,0,-0.2084676901605334,0.2084676901605334,False
P41,sisyphus,1,sisyphus_s1_112.000,112.0,114.0,valence,1,multimodal,gnb,0.0046798915827614,0,0.015273043404393422,0,0.010593151821632021,0.010593151821632021,True
P41,sisyphus,1,sisyphus_s1_113.000,113.0,115.0,valence,1,multimodal,gnb,6.395946279149129e-05,0,0.0004342088232529279,0,0.00037024936046143664,0.00037024936046143664,True
P41,sisyphus,1,sisyphus_s1_114.000,114.0,116.0,valence,1,multimodal,gnb,9.006549820231158e-05,0,0.0009712860247867805,0,0.0008812205265844689,0.0008812205265844689,True
P41,sisyphus,1,sisyphus_s1_115.000,115.0,117.0,valence,1,multimodal,gnb,0.0689313896178069,0,0.006389741952184253,0,-0.06254164766562265,0.06254164766562265,True
P41,sisyphus,1,sisyphus_s1_116.000,116.0,118.0,valence,1,multimodal,gnb,0.4127576336644138,0,0.43688903591629163,0,0.02413140225187782,0.02413140225187782,True
P41,sisyphus,1,sisyphus_s1_117.000,117.0,119.0,valence,1,multimodal,gnb,0.018336435372068,0,0.003491268614804011,0,-0.014845166757263988,0.014845166757263988,True
P41,sisyphus,1,sisyphus_s1_118.000,118.0,120.0,valence,1,multimodal,gnb,0.0476260073588737,0,0.0023848707576190785,0,-0.045241136601254624,0.045241136601254624,True
P41,sisyphus,1,sisyphus_s1_119.000,119.0,121.0,valence,1,multimodal,gnb,0.4971391938594686,0,0.3023347206957204,0,-0.19480447316374816,0.19480447316374816,True
P41,sisyphus,1,sisyphus_s1_120.000,120.0,122.0,valence,1,multimodal,gnb,0.6955727604912251,1,0.16949023027278717,0,-0.5260825302184379,0.5260825302184379,False
P41,sisyphus,1,sisyphus_s1_121.000,121.0,123.0,valence,1,multimodal,gnb,0.4462802312912149,0,0.4407603927506876,0,-0.005519838540527289,0.005519838540527289,True
P41,sisyphus,1,sisyphus_s1_122.000,122.0,124.0,valence,1,multimodal,gnb,0.8584104252498038,1,0.7355915468372609,1,-0.12281887841254291,0.12281887841254291,True
P41,sisyphus,1,sisyphus_s1_123.000,123.0,125.0,valence,1,multimodal,gnb,0.724828928128341,1,0.7399876564838882,1,0.015158728355547213,0.015158728355547213,True
P41,sisyphus,1,sisyphus_s1_124.000,124.0,126.0,valence,1,multimodal,gnb,0.2520655325572201,0,0.20584229099217777,0,-0.04622324156504232,0.04622324156504232,True
P41,sisyphus,1,sisyphus_s1_125.000,125.0,127.0,valence,1,multimodal,gnb,0.9451619457100336,1,0.9400502054735622,1,-0.005111740236471429,0.005111740236471429,True
P41,sisyphus,1,sisyphus_s1_126.000,126.0,128.0,valence,1,multimodal,gnb,0.5553400015092441,1,0.5072646710409859,1,-0.04807533046825818,0.04807533046825818,True
P41,sisyphus,1,sisyphus_s1_127.000,127.0,129.0,valence,1,multimodal,gnb,0.168197445093374,0,0.1345497467011778,0,-0.033647698392196196,0.033647698392196196,True
P41,sisyphus,1,sisyphus_s1_128.000,128.0,130.0,valence,1,multimodal,gnb,0.6588912572135303,1,0.6417375148397342,1,-0.017153742373796077,0.017153742373796077,True
P41,sisyphus,1,sisyphus_s1_129.000,129.0,131.0,valence,1,multimodal,gnb,0.7440734696474552,1,0.9071864336469927,1,0.16311296399953745,0.16311296399953745,True
P41,shape_sorter_interaction,1,shape_sorter_interaction_s1_24.000,24.0,26.0,valence,1,multimodal,gnb,0.4393312712455453,0,0.40959670824981975,0,-0.029734562995725522,0.029734562995725522,True
P41,shape_sorter_interaction,1,shape_sorter_interaction_s1_25.000,25.0,27.0,valence,1,multimodal,gnb,4.8567379736106015e-05,0,2.753187045796497e-05,0,-2.1035509278141046e-05,2.1035509278141046e-05,True
P41,shape_sorter_interaction,1,shape_sorter_interaction_s1_26.000,26.0,28.0,valence,1,multimodal,gnb,0.0818464087296547,0,0.008476887292288777,0,-0.07336952143736591,0.07336952143736591,True
P41,shape_sorter_interaction,1,shape_sorter_interaction_s1_27.000,27.0,29.0,valence,1,multimodal,gnb,0.7353085175319282,1,0.6899428211195725,1,-0.04536569641235566,0.04536569641235566,True
P41,shape_sorter_interaction,1,shape_sorter_interaction_s1_28.000,28.0,30.0,valence,1,multimodal,gnb,0.9666670161186476,1,0.9304003845727284,1,-0.03626663154591914,0.03626663154591914,True
P41,shape_sorter_interaction,1,shape_sorter_interaction_s1_29.000,29.0,31.0,valence,1,multimodal,gnb,0.148667809190449,0,0.2622328231164961,0,0.11356501392604709,0.11356501392604709,True
P41,shape_sorter_interaction,1,shape_sorter_interaction_s1_30.000,30.0,32.0,valence,1,multimodal,gnb,0.6581927949446414,1,0.40459110283680033,0,-0.2536016921078411,0.2536016921078411,False
P41,shape_sorter_interaction,1,shape_sorter_interaction_s1_31.000,31.0,33.0,valence,1,multimodal,gnb,0.9737500115589888,1,0.818906411214652,1,-0.15484360034433675,0.15484360034433675,True
P41,shape_sorter_interaction,1,shape_sorter_interaction_s1_32.000,32.0,34.0,valence,1,multimodal,gnb,0.909906221631656,1,0.8174579982522793,1,-0.09244822337937675,0.09244822337937675,True
P41,shape_sorter_interaction,1,shape_sorter_interaction_s1_33.000,33.0,35.0,valence,1,multimodal,gnb,0.8084161202906052,1,0.7944986509818055,1,-0.013917469308799668,0.013917469308799668,True
P41,shape_sorter_interaction,1,shape_sorter_interaction_s1_34.000,34.0,36.0,valence,1,multimodal,gnb,0.7364223370775946,1,0.7224370204990762,1,-0.013985316578518425,0.013985316578518425,True
P41,shape_sorter_interaction,1,shape_sorter_interaction_s1_35.000,35.0,37.0,valence,1,multimodal,gnb,0.1056526553985435,0,0.13184014521370557,0,0.02618748981516207,0.02618748981516207,True
P41,shape_sorter_interaction,1,shape_sorter_interaction_s1_36.000,36.0,38.0,valence,1,multimodal,gnb,0.8391838869535799,1,0.8915923755282714,1,0.05240848857469149,0.05240848857469149,True
P41,shape_sorter_interaction,1,shape_sorter_interaction_s1_37.000,37.0,39.0,valence,1,multimodal,gnb,0.1166286861731557,0,0.10077838936438534,0,-0.015850296808770356,0.015850296808770356,True
P41,shape_sorter_interaction,1,shape_sorter_interaction_s1_38.000,38.0,40.0,valence,1,multimodal,gnb,0.0854994250194982,0,0.045687522547064714,0,-0.039811902472433484,0.039811902472433484,True
P41,shape_sorter_interaction,1,shape_sorter_interaction_s1_39.000,39.0,41.0,valence,1,multimodal,gnb,0.7028175242209792,1,0.6976085514287609,1,-0.005208972792218325,0.005208972792218325,True
P41,shape_sorter_interaction,1,shape_sorter_interaction_s1_40.000,40.0,42.0,valence,1,multimodal,gnb,0.0179501207543875,0,0.043571889219101906,0,0.025621768464714405,0.025621768464714405,True
P41,shape_sorter_interaction,1,shape_sorter_interaction_s1_41.000,41.0,43.0,valence,1,multimodal,gnb,0.0002914026015846,0,0.0002290939967464173,0,-6.230860483818273e-05,6.230860483818273e-05,True
P41,shape_sorter_interaction,1,shape_sorter_interaction_s1_42.000,42.0,44.0,valence,1,multimodal,gnb,0.5973888482397273,1,0.45266546065351,0,-0.14472338758621728,0.14472338758621728,False
P41,shape_sorter_interaction,1,shape_sorter_interaction_s1_43.000,43.0,45.0,valence,1,multimodal,gnb,0.986332013265872,1,0.9708937660842049,1,-0.015438247181667197,0.015438247181667197,True
P41,shape_sorter_interaction,1,shape_sorter_interaction_s1_44.000,44.0,46.0,valence,1,multimodal,gnb,0.5687470079202719,1,0.5317219421384999,1,-0.037025065781772004,0.037025065781772004,True
P41,shape_sorter_interaction,1,shape_sorter_interaction_s1_45.000,45.0,47.0,valence,1,multimodal,gnb,0.4715553229589121,0,0.255666372494911,0,-0.21588895046400114,0.21588895046400114,True
P41,shape_sorter_interaction,1,shape_sorter_interaction_s1_46.000,46.0,48.0,valence,1,multimodal,gnb,0.7387295783567587,1,0.6064860050645171,1,-0.13224357329224157,0.13224357329224157,True
P41,shape_sorter_interaction,1,shape_sorter_interaction_s1_47.000,47.0,49.0,valence,1,multimodal,gnb,0.3301172311415091,0,0.2825220495999412,0,-0.04759518154156789,0.04759518154156789,True
P41,shape_sorter_interaction,1,shape_sorter_interaction_s1_48.000,48.0,50.0,valence,1,multimodal,gnb,0.5141603384896928,1,0.2473680285710243,0,-0.2667923099186685,0.2667923099186685,False
P41,shape_sorter_interaction,1,shape_sorter_interaction_s1_49.000,49.0,51.0,valence,1,multimodal,gnb,0.3104160487360656,0,0.15501248150485564,0,-0.15540356723120996,0.15540356723120996,True
P41,shape_sorter_interaction,1,shape_sorter_interaction_s1_50.000,50.0,52.0,valence,1,multimodal,gnb,0.4866803364979425,0,0.42782884470904625,0,-0.05885149178889626,0.05885149178889626,True
P41,shape_sorter_interaction,1,shape_sorter_interaction_s1_51.000,51.0,53.0,valence,1,multimodal,gnb,0.1535461138778688,0,0.1340901145021648,0,-0.019455999375703997,0.019455999375703997,True
P41,shape_sorter_interaction,1,shape_sorter_interaction_s1_52.000,52.0,54.0,valence,1,multimodal,gnb,0.6757272752822956,1,0.8055270424249997,1,0.12979976714270414,0.12979976714270414,True
P41,shape_sorter_interaction,1,shape_sorter_interaction_s1_53.000,53.0,55.0,valence,1,multimodal,gnb,0.6978132150538352,1,0.7606175579604524,1,0.06280434290661718,0.06280434290661718,True
P41,shape_sorter_interaction,1,shape_sorter_interaction_s1_54.000,54.0,56.0,valence,1,multimodal,gnb,0.9123796488683698,1,0.8757455202923554,1,-0.036634128576014335,0.036634128576014335,True
P41,shape_sorter_interaction,1,shape_sorter_interaction_s1_55.000,55.0,57.0,valence,1,multimodal,gnb,0.5743396253260714,1,0.4326761640722906,0,-0.14166346125378082,0.14166346125378082,False
P41,shape_sorter_interaction,1,shape_sorter_interaction_s1_56.000,56.0,58.0,valence,1,multimodal,gnb,0.0742025678879297,0,0.08857669425980791,0,0.01437412637187821,0.01437412637187821,True
P41,shape_sorter_interaction,1,shape_sorter_interaction_s1_57.000,57.0,59.0,valence,1,multimodal,gnb,0.4004921421210723,0,0.4317158617699699,0,0.031223719648897585,0.031223719648897585,True
P41,shape_sorter_interaction,1,shape_sorter_interaction_s1_58.000,58.0,60.0,valence,1,multimodal,gnb,0.0027317932988609,0,0.001354603272700759,0,-0.0013771900261601413,0.0013771900261601413,True
P41,shape_sorter_interaction,1,shape_sorter_interaction_s1_59.000,59.0,61.0,valence,1,multimodal,gnb,0.0008239925194113,0,4.921820811200472e-05,0,-0.0007747743112992953,0.0007747743112992953,True
P41,shape_sorter_interaction,1,shape_sorter_interaction_s1_60.000,60.0,62.0,valence,1,multimodal,gnb,0.1109580192169996,0,0.0936575430906324,0,-0.017300476126367204,0.017300476126367204,True
P41,shape_sorter_interaction,1,shape_sorter_interaction_s1_61.000,61.0,63.0,valence,1,multimodal,gnb,0.0006074179090343,0,6.765723077844026e-05,0,-0.0005397606782558598,0.0005397606782558598,True
P41,shape_sorter_interaction,1,shape_sorter_interaction_s1_62.000,62.0,64.0,valence,1,multimodal,gnb,0.033423418251013,0,0.02260658533315994,0,-0.01081683291785306,0.01081683291785306,True
P41,shape_sorter_interaction,1,shape_sorter_interaction_s1_63.000,63.0,65.0,valence,1,multimodal,gnb,0.8440254110030018,1,0.8096607803913668,1,-0.03436463061163497,0.03436463061163497,True
P41,shape_sorter_interaction,1,shape_sorter_interaction_s1_64.000,64.0,66.0,valence,1,multimodal,gnb,0.4871961717376999,0,0.615495785870761,1,0.12829961413306112,0.12829961413306112,False
P41,shape_sorter_interaction,1,shape_sorter_interaction_s1_65.000,65.0,67.0,valence,1,multimodal,gnb,0.307710113976016,0,0.03560556869639749,0,-0.2721045452796185,0.2721045452796185,True
P41,shape_sorter_interaction,1,shape_sorter_interaction_s1_66.000,66.0,68.0,valence,1,multimodal,gnb,0.2240077106085304,0,0.20137218077209632,0,-0.022635529836434076,0.022635529836434076,True
P41,shape_sorter_interaction,1,shape_sorter_interaction_s1_67.000,67.0,69.0,valence,1,multimodal,gnb,0.4792192465748777,0,0.2829306326754971,0,-0.19628861389938057,0.19628861389938057,True
P41,shape_sorter_interaction,1,shape_sorter_interaction_s1_68.000,68.0,70.0,valence,1,multimodal,gnb,0.2998849651723519,0,0.22750025975447985,0,-0.07238470541787206,0.07238470541787206,True
P41,shape_sorter_interaction,1,shape_sorter_interaction_s1_69.000,69.0,71.0,valence,1,multimodal,gnb,0.9505129725899398,1,0.9255116998389802,1,-0.025001272750959647,0.025001272750959647,True
P41,shape_sorter_interaction,1,shape_sorter_interaction_s1_70.000,70.0,72.0,valence,1,multimodal,gnb,0.733779586133318,1,0.6484630664540135,1,-0.08531651967930443,0.08531651967930443,True
P41,shape_sorter_interaction,1,shape_sorter_interaction_s1_71.000,71.0,73.0,valence,1,multimodal,gnb,0.9232783811095792,1,0.8658959930149911,1,-0.057382388094588066,0.057382388094588066,True
P41,shape_sorter_interaction,1,shape_sorter_interaction_s1_72.000,72.0,74.0,valence,1,multimodal,gnb,0.93938010611919,1,0.9135843088898474,1,-0.025795797229342554,0.025795797229342554,True
P41,shape_sorter_interaction,1,shape_sorter_interaction_s1_73.000,73.0,75.0,valence,1,multimodal,gnb,0.6171282329668535,1,0.6383350749439728,1,0.021206841977119306,0.021206841977119306,True
P41,shape_sorter_interaction,1,shape_sorter_interaction_s1_74.000,74.0,76.0,valence,1,multimodal,gnb,0.2377904907468887,0,0.1573362186323495,0,-0.0804542721145392,0.0804542721145392,True
P41,shape_sorter_interaction,1,shape_sorter_interaction_s1_75.000,75.0,77.0,valence,1,multimodal,gnb,0.3835099053003483,0,0.5084259204892557,1,0.12491601518890744,0.12491601518890744,False
P41,shape_sorter_interaction,1,shape_sorter_interaction_s1_76.000,76.0,78.0,valence,1,multimodal,gnb,0.0177197024691093,0,0.009372766730480675,0,-0.008346935738628625,0.008346935738628625,True
P41,shape_sorter_interaction,1,shape_sorter_interaction_s1_77.000,77.0,79.0,valence,1,multimodal,gnb,0.00052886207904,0,0.00016214967637255827,0,-0.0003667124026674417,0.0003667124026674417,True
P41,shape_sorter_interaction,1,shape_sorter_interaction_s1_78.000,78.0,80.0,valence,1,multimodal,gnb,0.7896744662157779,1,0.7575995257875172,1,-0.032074940428260645,0.032074940428260645,True
P41,shape_sorter_interaction,1,shape_sorter_interaction_s1_79.000,79.0,81.0,valence,1,multimodal,gnb,0.3430713015494703,0,0.22628676577201298,0,-0.11678453577745732,0.11678453577745732,True
P41,shape_sorter_interaction,1,shape_sorter_interaction_s1_80.000,80.0,82.0,valence,1,multimodal,gnb,0.0359362771722814,0,0.02252145453328432,0,-0.01341482263899708,0.01341482263899708,True
P41,shape_sorter_interaction,1,shape_sorter_interaction_s1_81.000,81.0,83.0,valence,1,multimodal,gnb,0.4606459690632389,0,0.43621842169453817,0,-0.02442754736870073,0.02442754736870073,True
P41,pick_place,1,pick_place_s1_24.000,24.0,26.0,valence,2,eeg,gnb,1.0568941249146124e-10,0,1.0289990422702668e-11,0,-9.539942206875858e-11,9.539942206875858e-11,True
P41,pick_place,1,pick_place_s1_25.000,25.0,27.0,valence,2,eeg,gnb,4.10583048422571e-14,0,4.3740579947936833e-16,0,-4.0620899042777734e-14,4.0620899042777734e-14,True
P41,pick_place,1,pick_place_s1_26.000,26.0,28.0,valence,2,eeg,gnb,1.5215575938897684e-05,0,1.9939287243824678e-11,0,-1.521555599961044e-05,1.521555599961044e-05,True
P41,pick_place,1,pick_place_s1_27.000,27.0,29.0,valence,2,eeg,gnb,0.0030658385688715,0,2.32105363949718e-07,0,-0.0030656064635075503,0.0030656064635075503,True
P41,shape_sorter_interaction,1,shape_sorter_interaction_s1_24.000,24.0,26.0,valence,2,eeg,gnb,0.1641628318913022,0,0.27069763043724565,0,0.10653479854594344,0.10653479854594344,True
P41,shape_sorter_interaction,1,shape_sorter_interaction_s1_25.000,25.0,27.0,valence,2,eeg,gnb,2.0686624200780583e-05,0,1.4793974961707054e-05,0,-5.892649239073529e-06,5.892649239073529e-06,True
P41,shape_sorter_interaction,1,shape_sorter_interaction_s1_26.000,26.0,28.0,valence,2,eeg,gnb,0.0856385463158948,0,0.008931370402872292,0,-0.07670717591302251,0.07670717591302251,True
P41,shape_sorter_interaction,1,shape_sorter_interaction_s1_27.000,27.0,29.0,valence,2,eeg,gnb,0.7370924441862675,1,0.7273134343495535,1,-0.009779009836713981,0.009779009836713981,True
P41,shape_sorter_interaction,1,shape_sorter_interaction_s1_28.000,28.0,30.0,valence,2,eeg,gnb,0.803993208944658,1,0.8364376381607919,1,0.032444429216133885,0.032444429216133885,True
P41,shape_sorter_interaction,1,shape_sorter_interaction_s1_29.000,29.0,31.0,valence,2,eeg,gnb,0.1307324465019876,0,0.2512222815399525,0,0.12048983503796493,0.12048983503796493,True
P41,shape_sorter_interaction,1,shape_sorter_interaction_s1_30.000,30.0,32.0,valence,2,eeg,gnb,0.3221182601242599,0,0.24291552442285988,0,-0.07920273570140005,0.07920273570140005,True
P41,shape_sorter_interaction,1,shape_sorter_interaction_s1_31.000,31.0,33.0,valence,2,eeg,gnb,0.791196370470393,1,0.49673373455029074,0,-0.2944626359201023,0.2944626359201023,False
P41,shape_sorter_interaction,1,shape_sorter_interaction_s1_32.000,32.0,34.0,valence,2,eeg,gnb,0.7289874645786193,1,0.6852053604661719,1,-0.04378210411244743,0.04378210411244743,True
P41,shape_sorter_interaction,1,shape_sorter_interaction_s1_33.000,33.0,35.0,valence,2,eeg,gnb,0.7928032567660795,1,0.7922100548437586,1,-0.0005932019223209295,0.0005932019223209295,True
P41,shape_sorter_interaction,1,shape_sorter_interaction_s1_34.000,34.0,36.0,valence,2,eeg,gnb,0.7580520648069783,1,0.7236103392049051,1,-0.03444172560207315,0.03444172560207315,True
P41,shape_sorter_interaction,1,shape_sorter_interaction_s1_35.000,35.0,37.0,valence,2,eeg,gnb,0.1317040487974052,0,0.130045880624222,0,-0.0016581681731831777,0.0016581681731831777,True
P41,shape_sorter_interaction,1,shape_sorter_interaction_s1_36.000,36.0,38.0,valence,2,eeg,gnb,0.8926171469262615,1,0.9067932992667019,1,0.014176152340440451,0.014176152340440451,True
P41,shape_sorter_interaction,1,shape_sorter_interaction_s1_37.000,37.0,39.0,valence,2,eeg,gnb,0.1329487902630367,0,0.08956863047283091,0,-0.04338015979020578,0.04338015979020578,True
P41,shape_sorter_interaction,1,shape_sorter_interaction_s1_38.000,38.0,40.0,valence,2,eeg,gnb,0.0498109060422389,0,0.03178192482142707,0,-0.018028981220811834,0.018028981220811834,True
P41,shape_sorter_interaction,1,shape_sorter_interaction_s1_39.000,39.0,41.0,valence,2,eeg,gnb,0.6138346195222104,1,0.6587860023539461,1,0.04495138283173572,0.04495138283173572,True
P41,shape_sorter_interaction,1,shape_sorter_interaction_s1_40.000,40.0,42.0,valence,2,eeg,gnb,0.0210015887634392,0,0.053204930547468055,0,0.03220334178402885,0.03220334178402885,True
P41,shape_sorter_interaction,1,shape_sorter_interaction_s1_41.000,41.0,43.0,valence,2,eeg,gnb,0.0002532472043049,0,0.00018718369189960526,0,-6.606351240529473e-05,6.606351240529473e-05,True
P41,shape_sorter_interaction,1,shape_sorter_interaction_s1_42.000,42.0,44.0,valence,2,eeg,gnb,0.566810937506183,1,0.40507429965426156,0,-0.1617366378519215,0.1617366378519215,False
P41,shape_sorter_interaction,1,shape_sorter_interaction_s1_43.000,43.0,45.0,valence,2,eeg,gnb,0.9851009710677664,1,0.9725593678429076,1,-0.012541603224858755,0.012541603224858755,True
P41,shape_sorter_interaction,1,shape_sorter_interaction_s1_44.000,44.0,46.0,valence,2,eeg,gnb,0.3889707625350219,0,0.4412057008151131,0,0.052234938280091237,0.052234938280091237,True
P41,shape_sorter_interaction,1,shape_sorter_interaction_s1_45.000,45.0,47.0,valence,2,eeg,gnb,0.3966312684907048,0,0.2155603452854658,0,-0.181070923205239,0.181070923205239,True
P41,shape_sorter_interaction,1,shape_sorter_interaction_s1_46.000,46.0,48.0,valence,2,eeg,gnb,0.6747952608026864,1,0.6005911069014834,1,-0.07420415390120294,0.07420415390120294,True
P41,shape_sorter_interaction,1,shape_sorter_interaction_s1_47.000,47.0,49.0,valence,2,eeg,gnb,0.2859004669019311,0,0.25117462501896987,0,-0.03472584188296124,0.03472584188296124,True
P41,shape_sorter_interaction,1,shape_sorter_interaction_s1_48.000,48.0,50.0,valence,2,eeg,gnb,0.3476825169019723,0,0.17945003435565465,0,-0.16823248254631767,0.16823248254631767,True
P41,shape_sorter_interaction,1,shape_sorter_interaction_s1_49.000,49.0,51.0,valence,2,eeg,gnb,0.0888988187977022,0,0.07742445393494093,0,-0.011474364862761266,0.011474364862761266,True
P41,shape_sorter_interaction,1,shape_sorter_interaction_s1_50.000,50.0,52.0,valence,2,eeg,gnb,0.4152339042089421,0,0.4208609052324531,0,0.005627001023511047,0.005627001023511047,True
P41,shape_sorter_interaction,1,shape_sorter_interaction_s1_51.000,51.0,53.0,valence,2,eeg,gnb,0.1162406645943269,0,0.08359602551485797,0,-0.032644639079468935,0.032644639079468935,True
P41,shape_sorter_interaction,1,shape_sorter_interaction_s1_52.000,52.0,54.0,valence,2,eeg,gnb,0.6356509508725615,1,0.7337578632105736,1,0.09810691233801205,0.09810691233801205,True
P41,shape_sorter_interaction,1,shape_sorter_interaction_s1_53.000,53.0,55.0,valence,2,eeg,gnb,0.6675904811918084,1,0.7304435292549154,1,0.06285304806310699,0.06285304806310699,True
P41,shape_sorter_interaction,1,shape_sorter_interaction_s1_54.000,54.0,56.0,valence,2,eeg,gnb,0.8691030242584297,1,0.8614143195698257,1,-0.007688704688603942,0.007688704688603942,True
P41,shape_sorter_interaction,1,shape_sorter_interaction_s1_55.000,55.0,57.0,valence,2,eeg,gnb,0.6494291424724381,1,0.5216213507157497,1,-0.12780779175668844,0.12780779175668844,True
P41,shape_sorter_interaction,1,shape_sorter_interaction_s1_56.000,56.0,58.0,valence,2,eeg,gnb,0.086224488848104,0,0.11437986531401449,0,0.028155376465910487,0.028155376465910487,True
P41,shape_sorter_interaction,1,shape_sorter_interaction_s1_57.000,57.0,59.0,valence,2,eeg,gnb,0.3990672622469898,0,0.4283831292548788,0,0.029315867007889018,0.029315867007889018,True
P41,shape_sorter_interaction,1,shape_sorter_interaction_s1_58.000,58.0,60.0,valence,2,eeg,gnb,0.0011910344095288,0,0.0007721918849480164,0,-0.00041884252458078365,0.00041884252458078365,True
P41,shape_sorter_interaction,1,shape_sorter_interaction_s1_59.000,59.0,61.0,valence,2,eeg,gnb,0.000822008255169,0,4.327726355451246e-05,0,-0.0007787309916144875,0.0007787309916144875,True
P41,shape_sorter_interaction,1,shape_sorter_interaction_s1_60.000,60.0,62.0,valence,2,eeg,gnb,0.1692026424890408,0,0.1093468252954055,0,-0.059855817193635294,0.059855817193635294,True
P41,shape_sorter_interaction,1,shape_sorter_interaction_s1_61.000,61.0,63.0,valence,2,eeg,gnb,0.0009895964592014,0,9.150932148619732e-05,0,-0.0008980871377152026,0.0008980871377152026,True
P41,shape_sorter_interaction,1,shape_sorter_interaction_s1_62.000,62.0,64.0,valence,2,eeg,gnb,0.0379097928812049,0,0.02344295835788027,0,-0.014466834523324628,0.014466834523324628,True
P41,shape_sorter_interaction,1,shape_sorter_interaction_s1_63.000,63.0,65.0,valence,2,eeg,gnb,0.863466342133789,1,0.8171041586631055,1,-0.04636218347068355,0.04636218347068355,True
P41,shape_sorter_interaction,1,shape_sorter_interaction_s1_64.000,64.0,66.0,valence,2,eeg,gnb,0.4921472410749748,0,0.5896951017725087,1,0.0975478606975339,0.0975478606975339,False
P41,shape_sorter_interaction,1,shape_sorter_interaction_s1_65.000,65.0,67.0,valence,2,eeg,gnb,0.4156984178493035,0,0.05555141655970377,0,-0.36014700128959976,0.36014700128959976,True
P41,shape_sorter_interaction,1,shape_sorter_interaction_s1_66.000,66.0,68.0,valence,2,eeg,gnb,0.2545297517454861,0,0.18447474339265557,0,-0.07005500835283052,0.07005500835283052,True
P41,shape_sorter_interaction,1,shape_sorter_interaction_s1_67.000,67.0,69.0,valence,2,eeg,gnb,0.5282570364875391,1,0.28467535428776536,0,-0.24358168219977372,0.24358168219977372,False
P41,shape_sorter_interaction,1,shape_sorter_interaction_s1_68.000,68.0,70.0,valence,2,eeg,gnb,0.2841315528458121,0,0.20301552358716166,0,-0.08111602925865044,0.08111602925865044,True
P41,shape_sorter_interaction,1,shape_sorter_interaction_s1_69.000,69.0,71.0,valence,2,eeg,gnb,0.7160130304880056,1,0.7456569670880687,1,0.029643936600063148,0.029643936600063148,True
P41,shape_sorter_interaction,1,shape_sorter_interaction_s1_70.000,70.0,72.0,valence,2,eeg,gnb,0.5783185477475654,1,0.5745655016612925,1,-0.0037530460862729154,0.0037530460862729154,True
P41,shape_sorter_interaction,1,shape_sorter_interaction_s1_71.000,71.0,73.0,valence,2,eeg,gnb,0.9050498912812924,1,0.8441513766741453,1,-0.060898514607147125,0.060898514607147125,True
P41,shape_sorter_interaction,1,shape_sorter_interaction_s1_72.000,72.0,74.0,valence,2,eeg,gnb,0.8144115607364524,1,0.8437909682112885,1,0.02937940747483614,0.02937940747483614,True
P41,shape_sorter_interaction,1,shape_sorter_interaction_s1_73.000,73.0,75.0,valence,2,eeg,gnb,0.5802692737734145,1,0.5779529498966469,1,-0.002316323876767612,0.002316323876767612,True
P41,shape_sorter_interaction,1,shape_sorter_interaction_s1_74.000,74.0,76.0,valence,2,eeg,gnb,0.2652182421907119,0,0.15247189208950482,0,-0.11274635010120707,0.11274635010120707,True
P41,shape_sorter_interaction,1,shape_sorter_interaction_s1_75.000,75.0,77.0,valence,2,eeg,gnb,0.27330859124913,0,0.42898589151746547,0,0.15567730026833548,0.15567730026833548,True
P41,shape_sorter_interaction,1,shape_sorter_interaction_s1_76.000,76.0,78.0,valence,2,eeg,gnb,0.0077289292879907,0,0.005295270692828317,0,-0.002433658595162383,0.002433658595162383,True
P41,shape_sorter_interaction,1,shape_sorter_interaction_s1_77.000,77.0,79.0,valence,2,eeg,gnb,0.0004339555976957,0,0.00012984617570840025,0,-0.0003041094219872997,0.0003041094219872997,True
P41,shape_sorter_interaction,1,shape_sorter_interaction_s1_78.000,78.0,80.0,valence,2,eeg,gnb,0.7817756183961807,1,0.7401272539437146,1,-0.04164836445246611,0.04164836445246611,True
P41,shape_sorter_interaction,1,shape_sorter_interaction_s1_79.000,79.0,81.0,valence,2,eeg,gnb,0.3467442046658796,0,0.24293803525418514,0,-0.10380616941169443,0.10380616941169443,True
P41,shape_sorter_interaction,1,shape_sorter_interaction_s1_80.000,80.0,82.0,valence,2,eeg,gnb,0.0375980776080451,0,0.02379297626276813,0,-0.01380510134527697,0.01380510134527697,True
P41,shape_sorter_interaction,1,shape_sorter_interaction_s1_81.000,81.0,83.0,valence,2,eeg,gnb,0.5387379688124629,1,0.4851691603692889,0,-0.05356880844317402,0.05356880844317402,False
P41,shape_sorter_observation,1,shape_sorter_observation_s1_21.000,21.0,23.0,valence,2,eeg,gnb,0.0002288454153535,0,5.513752611452944e-06,0,-0.00022333166274204707,0.00022333166274204707,True
P41,shape_sorter_observation,1,shape_sorter_observation_s1_22.000,22.0,24.0,valence,2,eeg,gnb,0.0025914815917782,0,0.0011747750106480125,0,-0.0014167065811301874,0.0014167065811301874,True
P41,shape_sorter_observation,1,shape_sorter_observation_s1_23.000,23.0,25.0,valence,2,eeg,gnb,0.2747540964404003,0,0.15682007669632314,0,-0.11793401974407713,0.11793401974407713,True
P41,shape_sorter_observation,1,shape_sorter_observation_s1_24.000,24.0,26.0,valence,2,eeg,gnb,0.8245186216801144,1,0.8152695270160267,1,-0.009249094664087631,0.009249094664087631,True
P41,shape_sorter_observation,1,shape_sorter_observation_s1_25.000,25.0,27.0,valence,2,eeg,gnb,0.9218634132555223,1,0.9504932187367011,1,0.02862980548117877,0.02862980548117877,True
P41,shape_sorter_observation,1,shape_sorter_observation_s1_26.000,26.0,28.0,valence,2,eeg,gnb,0.0085441143965183,0,0.0060098731812369376,0,-0.0025342412152813618,0.0025342412152813618,True
P41,shape_sorter_observation,1,shape_sorter_observation_s1_27.000,27.0,29.0,valence,2,eeg,gnb,1.2506991205211757e-06,0,4.096338444221567e-06,0,2.845639323700391e-06,2.845639323700391e-06,True
P41,shape_sorter_observation,1,shape_sorter_observation_s1_28.000,28.0,30.0,valence,2,eeg,gnb,8.635330234194195e-11,0,1.6377110733205836e-12,0,-8.471559126862136e-11,8.471559126862136e-11,True
P41,shape_sorter_observation,1,shape_sorter_observation_s1_29.000,29.0,31.0,valence,2,eeg,gnb,0.0760320500671394,0,2.958324003854885e-07,0,-0.07603175423473901,0.07603175423473901,True
P41,shape_sorter_observation,1,shape_sorter_observation_s1_30.000,30.0,32.0,valence,2,eeg,gnb,0.7317916692866061,1,0.5568033028968565,1,-0.17498836638974957,0.17498836638974957,True
P41,shape_sorter_observation,1,shape_sorter_observation_s1_31.000,31.0,33.0,valence,2,eeg,gnb,0.2806515254031682,0,0.33264123363468934,0,0.05198970823152116,0.05198970823152116,True
P41,shape_sorter_observation,1,shape_sorter_observation_s1_32.000,32.0,34.0,valence,2,eeg,gnb,0.489116707233993,0,0.3067507447284268,0,-0.1823659625055662,0.1823659625055662,True
P41,shape_sorter_observation,1,shape_sorter_observation_s1_33.000,33.0,35.0,valence,2,eeg,gnb,0.8186222165038353,1,0.5795088510861245,1,-0.23911336541771078,0.23911336541771078,True
P41,shape_sorter_observation,1,shape_sorter_observation_s1_34.000,34.0,36.0,valence,2,eeg,gnb,0.374106094380633,0,0.14394436543267303,0,-0.23016172894796,0.23016172894796,True
P41,shape_sorter_observation,1,shape_sorter_observation_s1_35.000,35.0,37.0,valence,2,eeg,gnb,0.7311640832288928,1,0.5213743495383947,1,-0.20978973369049814,0.20978973369049814,True
P41,shape_sorter_observation,1,shape_sorter_observation_s1_36.000,36.0,38.0,valence,2,eeg,gnb,0.2455574913070088,0,0.11581249711143697,0,-0.12974499419557184,0.12974499419557184,True
P41,shape_sorter_observation,1,shape_sorter_observation_s1_37.000,37.0,39.0,valence,2,eeg,gnb,0.5763528364366094,1,0.25290817561684015,0,-0.32344466081976925,0.32344466081976925,False
P41,shape_sorter_observation,1,shape_sorter_observation_s1_38.000,38.0,40.0,valence,2,eeg,gnb,0.4419757318680942,0,0.3530430057737727,0,-0.08893272609432151,0.08893272609432151,True
P41,shape_sorter_observation,1,shape_sorter_observation_s1_39.000,39.0,41.0,valence,2,eeg,gnb,0.6679179124596756,1,0.5263163937465571,1,-0.14160151871311843,0.14160151871311843,True
P41,shape_sorter_observation,1,shape_sorter_observation_s1_40.000,40.0,42.0,valence,2,eeg,gnb,0.1518039176644362,0,0.04876924666253895,0,-0.10303467100189725,0.10303467100189725,True
P41,shape_sorter_observation,1,shape_sorter_observation_s1_41.000,41.0,43.0,valence,2,eeg,gnb,0.4082041278998563,0,0.383412857072203,0,-0.024791270827653256,0.024791270827653256,True
P41,shape_sorter_observation,1,shape_sorter_observation_s1_42.000,42.0,44.0,valence,2,eeg,gnb,0.5182116303435732,1,0.2825538826050033,0,-0.2356577477385699,0.2356577477385699,False
P41,shape_sorter_observation,1,shape_sorter_observation_s1_43.000,43.0,45.0,valence,2,eeg,gnb,0.3274002792963161,0,0.037766471105361035,0,-0.2896338081909551,0.2896338081909551,True
P41,shape_sorter_observation,1,shape_sorter_observation_s1_44.000,44.0,46.0,valence,2,eeg,gnb,0.7554033336216662,1,0.49986674035595435,0,-0.2555365932657119,0.2555365932657119,False
P41,shape_sorter_observation,1,shape_sorter_observation_s1_45.000,45.0,47.0,valence,2,eeg,gnb,0.7555042660368305,1,0.43175928787102436,0,-0.32374497816580616,0.32374497816580616,False
P41,shape_sorter_observation,1,shape_sorter_observation_s1_46.000,46.0,48.0,valence,2,eeg,gnb,0.8851441684086112,1,0.9016648611144272,1,0.01652069270581602,0.01652069270581602,True
P41,shape_sorter_observation,1,shape_sorter_observation_s1_47.000,47.0,49.0,valence,2,eeg,gnb,0.6149074563533282,1,0.6067595176095815,1,-0.008147938743746752,0.008147938743746752,True
P41,shape_sorter_observation,1,shape_sorter_observation_s1_48.000,48.0,50.0,valence,2,eeg,gnb,0.6798786061248491,1,0.5618846705534702,1,-0.11799393557137883,0.11799393557137883,True
P41,shape_sorter_observation,1,shape_sorter_observation_s1_49.000,49.0,51.0,valence,2,eeg,gnb,0.8706956163590336,1,0.6061747680388727,1,-0.2645208483201609,0.2645208483201609,True
P41,shape_sorter_observation,1,shape_sorter_observation_s1_50.000,50.0,52.0,valence,2,eeg,gnb,0.5064916401124199,1,0.2439330093542475,0,-0.2625586307581724,0.2625586307581724,False
P41,shape_sorter_observation,1,shape_sorter_observation_s1_51.000,51.0,53.0,valence,2,eeg,gnb,0.4000424482441178,0,0.005323751645517908,0,-0.39471869659859987,0.39471869659859987,True
P41,shape_sorter_observation,1,shape_sorter_observation_s1_52.000,52.0,54.0,valence,2,eeg,gnb,0.0067302262742073,0,0.00036988028851369265,0,-0.006360345985693607,0.006360345985693607,True
P41,shape_sorter_observation,1,shape_sorter_observation_s1_53.000,53.0,55.0,valence,2,eeg,gnb,6.493602609485655e-08,0,5.345464097405149e-06,0,5.280528071310292e-06,5.280528071310292e-06,True
P41,shape_sorter_observation,1,shape_sorter_observation_s1_54.000,54.0,56.0,valence,2,eeg,gnb,3.210713098651568e-08,0,4.831366831659311e-12,0,-3.210229961968402e-08,3.210229961968402e-08,True
P41,shape_sorter_observation,1,shape_sorter_observation_s1_55.000,55.0,57.0,valence,2,eeg,gnb,0.0052632367851751,0,1.2381739658141242e-06,0,-0.005261998611209287,0.005261998611209287,True
P41,shape_sorter_observation,1,shape_sorter_observation_s1_56.000,56.0,58.0,valence,2,eeg,gnb,0.0020265880863611,0,0.0018573161576788658,0,-0.0001692719286822341,0.0001692719286822341,True
P41,shape_sorter_observation,1,shape_sorter_observation_s1_57.000,57.0,59.0,valence,2,eeg,gnb,0.0163880286580684,0,0.008619630400479398,0,-0.007768398257589003,0.007768398257589003,True
P41,shape_sorter_observation,1,shape_sorter_observation_s1_58.000,58.0,60.0,valence,2,eeg,gnb,0.0581608985141179,0,0.004354270435465626,0,-0.053806628078652274,0.053806628078652274,True
P41,shape_sorter_observation,1,shape_sorter_observation_s1_59.000,59.0,61.0,valence,2,eeg,gnb,0.1458983902051486,0,0.10124222038279163,0,-0.044656169822356984,0.044656169822356984,True
P41,shape_sorter_observation,1,shape_sorter_observation_s1_60.000,60.0,62.0,valence,2,eeg,gnb,0.02647054636739,0,0.03956360985933998,0,0.01309306349194998,0.01309306349194998,True
P41,shape_sorter_observation,1,shape_sorter_observation_s1_61.000,61.0,63.0,valence,2,eeg,gnb,0.5631789656110819,1,0.29581117029146936,0,-0.2673677953196126,0.2673677953196126,False
P41,sisyphus,1,sisyphus_s1_100.000,100.0,102.0,valence,2,eeg,gnb,0.6733451491115353,1,0.6041574030113207,1,-0.06918774610021461,0.06918774610021461,True
P41,sisyphus,1,sisyphus_s1_101.000,101.0,103.0,valence,2,eeg,gnb,3.5753890751939576e-05,0,2.475422661752267e-06,0,-3.327846809018731e-05,3.327846809018731e-05,True
P41,sisyphus,1,sisyphus_s1_102.000,102.0,104.0,valence,2,eeg,gnb,0.0014338933755115,0,2.9049502672299614e-05,0,-0.0014048438728392005,0.0014048438728392005,True
P41,sisyphus,1,sisyphus_s1_103.000,103.0,105.0,valence,2,eeg,gnb,0.4784526676614941,0,0.5586502658003579,1,0.08019759813886385,0.08019759813886385,False
P41,sisyphus,1,sisyphus_s1_104.000,104.0,106.0,valence,2,eeg,gnb,0.0649119127174516,0,0.001542812693782822,0,-0.06336910002366877,0.06336910002366877,True
P41,sisyphus,1,sisyphus_s1_105.000,105.0,107.0,valence,2,eeg,gnb,0.1423042716956937,0,0.006852034137948573,0,-0.13545223755774513,0.13545223755774513,True
P41,sisyphus,1,sisyphus_s1_106.000,106.0,108.0,valence,2,eeg,gnb,0.4536191407992096,0,0.21861155975726046,0,-0.23500758104194916,0.23500758104194916,True
P41,sisyphus,1,sisyphus_s1_107.000,107.0,109.0,valence,2,eeg,gnb,0.6934360276395888,1,0.52861757058501,1,-0.16481845705457876,0.16481845705457876,True
P41,sisyphus,1,sisyphus_s1_108.000,108.0,110.0,valence,2,eeg,gnb,0.1733743596783472,0,0.39402211814320093,0,0.22064775846485374,0.22064775846485374,True
P41,sisyphus,1,sisyphus_s1_109.000,109.0,111.0,valence,2,eeg,gnb,0.3071832929632551,0,0.2869746157822324,0,-0.020208677181022705,0.020208677181022705,True
P41,sisyphus,1,sisyphus_s1_110.000,110.0,112.0,valence,2,eeg,gnb,0.2913288290393839,0,0.04801526811595046,0,-0.24331356092343343,0.24331356092343343,True
P41,sisyphus,1,sisyphus_s1_111.000,111.0,113.0,valence,2,eeg,gnb,0.6462577464304012,1,0.3906632129778918,0,-0.25559453345250943,0.25559453345250943,False
P41,sisyphus,1,sisyphus_s1_112.000,112.0,114.0,valence,2,eeg,gnb,0.0041832892476795,0,0.013097723974398259,0,0.008914434726718759,0.008914434726718759,True
P41,sisyphus,1,sisyphus_s1_113.000,113.0,115.0,valence,2,eeg,gnb,5.869867529023055e-05,0,0.000420962027013393,0,0.00036226335172316246,0.00036226335172316246,True
P41,sisyphus,1,sisyphus_s1_114.000,114.0,116.0,valence,2,eeg,gnb,0.0001311354028539,0,0.001070139272361491,0,0.0009390038695075909,0.0009390038695075909,True
P41,sisyphus,1,sisyphus_s1_115.000,115.0,117.0,valence,2,eeg,gnb,0.0934189316320291,0,0.007745335545954318,0,-0.08567359608607479,0.08567359608607479,True
P41,sisyphus,1,sisyphus_s1_116.000,116.0,118.0,valence,2,eeg,gnb,0.4255434926059999,0,0.4290837431185544,0,0.0035402505125545214,0.0035402505125545214,True
P41,sisyphus,1,sisyphus_s1_117.000,117.0,119.0,valence,2,eeg,gnb,0.0151642724882669,0,0.00311823438846186,0,-0.012046038099805041,0.012046038099805041,True
P41,sisyphus,1,sisyphus_s1_118.000,118.0,120.0,valence,2,eeg,gnb,0.049011125110222,0,0.002990560365568051,0,-0.04602056474465395,0.04602056474465395,True
P41,sisyphus,1,sisyphus_s1_119.000,119.0,121.0,valence,2,eeg,gnb,0.6013927428051791,1,0.32734007875951276,0,-0.2740526640456663,0.2740526640456663,False
P41,sisyphus,1,sisyphus_s1_120.000,120.0,122.0,valence,2,eeg,gnb,0.3071635709556742,0,0.07177273293911408,0,-0.23539083801656013,0.23539083801656013,True
P41,sisyphus,1,sisyphus_s1_121.000,121.0,123.0,valence,2,eeg,gnb,0.4413356699552322,0,0.38319854338515597,0,-0.05813712657007625,0.05813712657007625,True
P41,sisyphus,1,sisyphus_s1_122.000,122.0,124.0,valence,2,eeg,gnb,0.8496712743068121,1,0.7236381253510312,1,-0.12603314895578088,0.12603314895578088,True
P41,sisyphus,1,sisyphus_s1_123.000,123.0,125.0,valence,2,eeg,gnb,0.7606398862464382,1,0.7682324710446296,1,0.00759258479819136,0.00759258479819136,True
P41,sisyphus,1,sisyphus_s1_124.000,124.0,126.0,valence,2,eeg,gnb,0.2415114326168919,0,0.2218290201950334,0,-0.019682412421858503,0.019682412421858503,True
P41,sisyphus,1,sisyphus_s1_125.000,125.0,127.0,valence,2,eeg,gnb,0.9563227405586344,1,0.9461245167504785,1,-0.010198223808155937,0.010198223808155937,True
P41,sisyphus,1,sisyphus_s1_126.000,126.0,128.0,valence,2,eeg,gnb,0.6208531469901553,1,0.5667658365026366,1,-0.05408731048751869,0.05408731048751869,True
P41,sisyphus,1,sisyphus_s1_127.000,127.0,129.0,valence,2,eeg,gnb,0.1293129172920841,0,0.11863935372793677,0,-0.010673563564147337,0.010673563564147337,True
P41,sisyphus,1,sisyphus_s1_128.000,128.0,130.0,valence,2,eeg,gnb,0.5986407027312665,1,0.5694034845801669,1,-0.029237218151099587,0.029237218151099587,True
P41,sisyphus,1,sisyphus_s1_129.000,129.0,131.0,valence,2,eeg,gnb,0.7492473655758828,1,0.8906093229892955,1,0.14136195741341273,0.14136195741341273,True
P41,sisyphus,1,sisyphus_s1_130.000,130.0,132.0,valence,2,eeg,gnb,1.1240602740983928e-08,0,1.8182392288510997e-07,0,1.7058332014412605e-07,1.7058332014412605e-07,True
P41,sisyphus,1,sisyphus_s1_131.000,131.0,133.0,valence,2,eeg,gnb,4.314687078693528e-09,0,7.973683585822748e-11,0,-4.2349502428353e-09,4.2349502428353e-09,True
P41,sisyphus,1,sisyphus_s1_132.000,132.0,134.0,valence,2,eeg,gnb,0.4508804285422154,0,0.25653469483308344,0,-0.19434573370913194,0.19434573370913194,True
P41,sisyphus,1,sisyphus_s1_133.000,133.0,135.0,valence,2,eeg,gnb,0.3174608359224257,0,0.1642835154471621,0,-0.15317732047526358,0.15317732047526358,True
P41,sisyphus,1,sisyphus_s1_24.000,24.0,26.0,valence,2,eeg,gnb,0.1030161046452942,0,0.139552878013355,0,0.0365367733680608,0.0365367733680608,True
P41,sisyphus,1,sisyphus_s1_25.000,25.0,27.0,valence,2,eeg,gnb,0.4987364464794681,0,0.6882237295714314,1,0.18948728309196333,0.18948728309196333,False
P41,sisyphus,1,sisyphus_s1_26.000,26.0,28.0,valence,2,eeg,gnb,0.0088696359533683,0,0.00439009572198049,0,-0.00447954023138781,0.00447954023138781,True
P41,sisyphus,1,sisyphus_s1_27.000,27.0,29.0,valence,2,eeg,gnb,0.2251618407067866,0,0.4337165804546868,0,0.2085547397479002,0.2085547397479002,True
P41,sisyphus,1,sisyphus_s1_28.000,28.0,30.0,valence,2,eeg,gnb,0.0573540893051925,0,0.04367126690935654,0,-0.013682822395835958,0.013682822395835958,True
P41,sisyphus,1,sisyphus_s1_29.000,29.0,31.0,valence,2,eeg,gnb,0.9781824698163204,1,0.10111566709577767,0,-0.8770668027205427,0.8770668027205427,False
P41,sisyphus,1,sisyphus_s1_30.000,30.0,32.0,valence,2,eeg,gnb,0.7540556932293838,1,0.6997328565919394,1,-0.054322836637444416,0.054322836637444416,True
P41,sisyphus,1,sisyphus_s1_31.000,31.0,33.0,valence,2,eeg,gnb,0.5433080811087629,1,0.35492670923131586,0,-0.18838137187744708,0.18838137187744708,False
P41,sisyphus,1,sisyphus_s1_32.000,32.0,34.0,valence,2,eeg,gnb,0.0292363155130561,0,0.20104750437473634,0,0.17181118886168023,0.17181118886168023,True
P41,sisyphus,1,sisyphus_s1_33.000,33.0,35.0,valence,2,eeg,gnb,0.0071991270543742,0,0.00036853097701095196,0,-0.006830596077363248,0.006830596077363248,True
P41,sisyphus,1,sisyphus_s1_34.000,34.0,36.0,valence,2,eeg,gnb,0.5045815457678252,1,0.44507451344052396,0,-0.05950703232730126,0.05950703232730126,False
P41,sisyphus,1,sisyphus_s1_35.000,35.0,37.0,valence,2,eeg,gnb,0.7588870882864035,1,0.7186213074404546,1,-0.040265780845948895,0.040265780845948895,True
P41,sisyphus,1,sisyphus_s1_36.000,36.0,38.0,valence,2,eeg,gnb,0.2794712780807449,0,0.34915215524581955,0,0.06968087716507465,0.06968087716507465,True
P41,sisyphus,1,sisyphus_s1_37.000,37.0,39.0,valence,2,eeg,gnb,0.2564544297832252,0,0.1642128568785771,0,-0.0922415729046481,0.0922415729046481,True
P41,sisyphus,1,sisyphus_s1_38.000,38.0,40.0,valence,2,eeg,gnb,0.801226366566383,1,0.7178230928564409,1,-0.08340327370994216,0.08340327370994216,True
P41,sisyphus,1,sisyphus_s1_39.000,39.0,41.0,valence,2,eeg,gnb,0.118204684732551,0,0.20440695010136875,0,0.08620226536881775,0.08620226536881775,True
P41,sisyphus,1,sisyphus_s1_40.000,40.0,42.0,valence,2,eeg,gnb,0.3965579397116059,0,0.5157907326861846,1,0.11923279297457867,0.11923279297457867,False
P41,sisyphus,1,sisyphus_s1_41.000,41.0,43.0,valence,2,eeg,gnb,0.7241653849923898,1,0.7614035095191745,1,0.037238124526784655,0.037238124526784655,True
P41,sisyphus,1,sisyphus_s1_42.000,42.0,44.0,valence,2,eeg,gnb,0.4621360797558092,0,0.45559247659676544,0,-0.006543603159043787,0.006543603159043787,True
P41,sisyphus,1,sisyphus_s1_43.000,43.0,45.0,valence,2,eeg,gnb,0.714192624881507,1,0.7949426733833004,1,0.08075004850179335,0.08075004850179335,True
P41,sisyphus,1,sisyphus_s1_44.000,44.0,46.0,valence,2,eeg,gnb,0.6894032908727354,1,0.7996063065198992,1,0.11020301564716373,0.11020301564716373,True
P41,sisyphus,1,sisyphus_s1_45.000,45.0,47.0,valence,2,eeg,gnb,0.7223816424128588,1,0.7781534923924303,1,0.05577184997957141,0.05577184997957141,True
P41,sisyphus,1,sisyphus_s1_46.000,46.0,48.0,valence,2,eeg,gnb,0.2137008131177024,0,0.19265691017167608,0,-0.021043902946026316,0.021043902946026316,True
P41,sisyphus,1,sisyphus_s1_47.000,47.0,49.0,valence,2,eeg,gnb,0.1327622800548335,0,0.11792186871376821,0,-0.014840411341065299,0.014840411341065299,True
P41,sisyphus,1,sisyphus_s1_48.000,48.0,50.0,valence,2,eeg,gnb,0.8832237687569515,1,0.9151824087640902,1,0.03195864000713866,0.03195864000713866,True
P41,sisyphus,1,sisyphus_s1_49.000,49.0,51.0,valence,2,eeg,gnb,0.5057286334413761,1,0.5052110271167619,1,-0.0005176063246141727,0.0005176063246141727,True
P41,sisyphus,1,sisyphus_s1_50.000,50.0,52.0,valence,2,eeg,gnb,0.6260831539720721,1,0.6164420789491959,1,-0.009641075022876255,0.009641075022876255,True
P41,sisyphus,1,sisyphus_s1_51.000,51.0,53.0,valence,2,eeg,gnb,0.5378685716790749,1,0.5055276590758765,1,-0.03234091260319838,0.03234091260319838,True
P41,sisyphus,1,sisyphus_s1_52.000,52.0,54.0,valence,2,eeg,gnb,0.9728817105672416,1,0.9770526670482619,1,0.004170956481020283,0.004170956481020283,True
P41,sisyphus,1,sisyphus_s1_53.000,53.0,55.0,valence,2,eeg,gnb,0.8042202220390257,1,0.9266735825732404,1,0.12245336053421474,0.12245336053421474,True
P41,sisyphus,1,sisyphus_s1_54.000,54.0,56.0,valence,2,eeg,gnb,0.8633934808482494,1,0.8314481977603873,1,-0.03194528308786215,0.03194528308786215,True
P41,sisyphus,1,sisyphus_s1_55.000,55.0,57.0,valence,2,eeg,gnb,0.2121614382326882,0,0.2594461063246681,0,0.04728466809197987,0.04728466809197987,True
P41,sisyphus,1,sisyphus_s1_56.000,56.0,58.0,valence,2,eeg,gnb,0.0033117423561299,0,0.0031036895758958724,0,-0.0002080527802340278,0.0002080527802340278,True
P41,sisyphus,1,sisyphus_s1_57.000,57.0,59.0,valence,2,eeg,gnb,0.010282799746655,0,0.0005684090265475214,0,-0.009714390720107479,0.009714390720107479,True
P41,sisyphus,1,sisyphus_s1_58.000,58.0,60.0,valence,2,eeg,gnb,8.771736370460564e-07,0,1.1319067946782052e-08,0,-8.658545690992744e-07,8.658545690992744e-07,True
P41,sisyphus,1,sisyphus_s1_59.000,59.0,61.0,valence,2,eeg,gnb,6.927677279113967e-05,0,2.271881817091669e-08,0,-6.925405397296875e-05,6.925405397296875e-05,True
P41,sisyphus,1,sisyphus_s1_60.000,60.0,62.0,valence,2,eeg,gnb,0.5138317127589018,1,0.23526246696217526,0,-0.2785692457967266,0.2785692457967266,False
P41,sisyphus,1,sisyphus_s1_61.000,61.0,63.0,valence,2,eeg,gnb,0.1882808262582963,0,0.4607753069248902,0,0.2724944806665939,0.2724944806665939,True
P41,sisyphus,1,sisyphus_s1_62.000,62.0,64.0,valence,2,eeg,gnb,0.009879232771802,0,0.01209748175022412,0,0.0022182489784221184,0.0022182489784221184,True
P41,sisyphus,1,sisyphus_s1_63.000,63.0,65.0,valence,2,eeg,gnb,0.1778349977767574,0,0.05351250154480361,0,-0.1243224962319538,0.1243224962319538,True
P41,sisyphus,1,sisyphus_s1_64.000,64.0,66.0,valence,2,eeg,gnb,0.0407413511094574,0,0.044332517350118436,0,0.0035911662406610395,0.0035911662406610395,True
P41,sisyphus,1,sisyphus_s1_65.000,65.0,67.0,valence,2,eeg,gnb,0.2114994050092957,0,0.28607295860863124,0,0.07457355359933554,0.07457355359933554,True
P41,sisyphus,1,sisyphus_s1_66.000,66.0,68.0,valence,2,eeg,gnb,0.7310876488680368,1,0.7356876371740871,1,0.004599988306050351,0.004599988306050351,True
P41,sisyphus,1,sisyphus_s1_67.000,67.0,69.0,valence,2,eeg,gnb,0.0007090135251491,0,0.0041573171131596715,0,0.0034483035880105714,0.0034483035880105714,True
P41,sisyphus,1,sisyphus_s1_68.000,68.0,70.0,valence,2,eeg,gnb,0.0081884128378894,0,0.023488681129849035,0,0.015300268291959636,0.015300268291959636,True
P41,sisyphus,1,sisyphus_s1_69.000,69.0,71.0,valence,2,eeg,gnb,0.2441872568679658,0,0.07099883676145556,0,-0.17318842010651025,0.17318842010651025,True
P41,sisyphus,1,sisyphus_s1_70.000,70.0,72.0,valence,2,eeg,gnb,0.8146433460231451,1,0.6324990685817747,1,-0.1821442774413704,0.1821442774413704,True
P41,sisyphus,1,sisyphus_s1_71.000,71.0,73.0,valence,2,eeg,gnb,0.7342979703779301,1,0.8052158162502349,1,0.07091784587230476,0.07091784587230476,True
P41,sisyphus,1,sisyphus_s1_72.000,72.0,74.0,valence,2,eeg,gnb,0.6801134809189422,1,0.5681648549498792,1,-0.11194862596906296,0.11194862596906296,True
P41,sisyphus,1,sisyphus_s1_73.000,73.0,75.0,valence,2,eeg,gnb,0.0077970524298074,0,0.021208821173041327,0,0.013411768743233927,0.013411768743233927,True
P41,sisyphus,1,sisyphus_s1_74.000,74.0,76.0,valence,2,eeg,gnb,0.4220557013070636,0,0.32477021661359856,0,-0.09728548469346504,0.09728548469346504,True
P41,sisyphus,1,sisyphus_s1_75.000,75.0,77.0,valence,2,eeg,gnb,0.5218821241033202,1,0.5310549353156968,1,0.009172811212376564,0.009172811212376564,True
P41,sisyphus,1,sisyphus_s1_76.000,76.0,78.0,valence,2,eeg,gnb,0.6612314340374993,1,0.6250479069366159,1,-0.03618352710088335,0.03618352710088335,True
P41,sisyphus,1,sisyphus_s1_77.000,77.0,79.0,valence,2,eeg,gnb,0.9989182102216576,1,0.9935361532274786,1,-0.005382056994179041,0.005382056994179041,True
P41,sisyphus,1,sisyphus_s1_78.000,78.0,80.0,valence,2,eeg,gnb,0.7285151378560437,1,0.49283984770334066,0,-0.23567529015270305,0.23567529015270305,False
P41,sisyphus,1,sisyphus_s1_79.000,79.0,81.0,valence,2,eeg,gnb,0.0002753455795945,0,0.00017654397502313965,0,-9.880160457136037e-05,9.880160457136037e-05,True
P41,sisyphus,1,sisyphus_s1_80.000,80.0,82.0,valence,2,eeg,gnb,0.040906154917644,0,0.007752363557736199,0,-0.0331537913599078,0.0331537913599078,True
P41,sisyphus,1,sisyphus_s1_81.000,81.0,83.0,valence,2,eeg,gnb,0.2261307485185686,0,0.20702133069288714,0,-0.019109417825681457,0.019109417825681457,True
P41,sisyphus,1,sisyphus_s1_82.000,82.0,84.0,valence,2,eeg,gnb,0.7694912378337437,1,0.7467868586704711,1,-0.022704379163272614,0.022704379163272614,True
P41,sisyphus,1,sisyphus_s1_83.000,83.0,85.0,valence,2,eeg,gnb,0.6207050225826549,1,0.4276582939083015,0,-0.1930467286743534,0.1930467286743534,False
P41,sisyphus,1,sisyphus_s1_84.000,84.0,86.0,valence,2,eeg,gnb,0.987859063803756,1,0.9836287798323647,1,-0.004230283971391247,0.004230283971391247,True
P41,sisyphus,1,sisyphus_s1_85.000,85.0,87.0,valence,2,eeg,gnb,0.5999869013397168,1,0.6392414947501963,1,0.039254593410479544,0.039254593410479544,True
P41,sisyphus,1,sisyphus_s1_86.000,86.0,88.0,valence,2,eeg,gnb,0.0123952245424494,0,0.013332977980689154,0,0.0009377534382397548,0.0009377534382397548,True
P41,sisyphus,1,sisyphus_s1_87.000,87.0,89.0,valence,2,eeg,gnb,2.582093658090224e-06,0,1.964423236605316e-06,0,-6.176704214849079e-07,6.176704214849079e-07,True
P41,sisyphus,1,sisyphus_s1_88.000,88.0,90.0,valence,2,eeg,gnb,0.0002693238741092,0,4.169110760203315e-05,0,-0.00022763276650716684,0.00022763276650716684,True
P41,sisyphus,1,sisyphus_s1_89.000,89.0,91.0,valence,2,eeg,gnb,0.9314586200696116,1,0.9081282585802549,1,-0.023330361489356632,0.023330361489356632,True
P41,sisyphus,1,sisyphus_s1_90.000,90.0,92.0,valence,2,eeg,gnb,0.0169156615531066,0,0.0103286184452952,0,-0.006587043107811401,0.006587043107811401,True
P41,sisyphus,1,sisyphus_s1_91.000,91.0,93.0,valence,2,eeg,gnb,0.0009128681038762,0,0.0010174836868547135,0,0.00010461558297851351,0.00010461558297851351,True
P41,sisyphus,1,sisyphus_s1_92.000,92.0,94.0,valence,2,eeg,gnb,0.9012485723012844,1,0.8475604145210414,1,-0.05368815778024305,0.05368815778024305,True
P41,sisyphus,1,sisyphus_s1_93.000,93.0,95.0,valence,2,eeg,gnb,0.7449624750340721,1,0.6863936757429323,1,-0.058568799291139784,0.058568799291139784,True
P41,sisyphus,1,sisyphus_s1_94.000,94.0,96.0,valence,2,eeg,gnb,0.9471078380726764,1,0.9255819637157772,1,-0.021525874356899233,0.021525874356899233,True
P41,sisyphus,1,sisyphus_s1_95.000,95.0,97.0,valence,2,eeg,gnb,0.4432817349280118,0,0.3965398614357699,0,-0.0467418734922419,0.0467418734922419,True
P41,sisyphus,1,sisyphus_s1_96.000,96.0,98.0,valence,2,eeg,gnb,0.1887199261742123,0,0.34665460048305247,0,0.15793467430884017,0.15793467430884017,True
P41,sisyphus,1,sisyphus_s1_97.000,97.0,99.0,valence,2,eeg,gnb,0.5475595449128314,1,0.4656718364448354,0,-0.08188770846799603,0.08188770846799603,False
P41,sisyphus,1,sisyphus_s1_98.000,98.0,100.0,valence,2,eeg,gnb,0.6284046027497351,1,0.28910714850225716,0,-0.3392974542474779,0.3392974542474779,False
P41,sisyphus,1,sisyphus_s1_99.000,99.0,101.0,valence,2,eeg,gnb,0.2032372736040766,0,0.29277775311092546,0,0.08954047950684887,0.08954047950684887,True
P41,stack,1,stack_s1_100.000,100.0,102.0,valence,2,eeg,gnb,8.990873493666652e-05,0,7.553412575576427e-05,0,-1.437460918090225e-05,1.437460918090225e-05,True
P41,stack,1,stack_s1_101.000,101.0,103.0,valence,2,eeg,gnb,0.0109946893448611,0,0.0018965260801497596,0,-0.00909816326471134,0.00909816326471134,True
P41,stack,1,stack_s1_102.000,102.0,104.0,valence,2,eeg,gnb,0.2631405550526336,0,0.27780316824173545,0,0.014662613189101836,0.014662613189101836,True
P41,stack,1,stack_s1_103.000,103.0,105.0,valence,2,eeg,gnb,0.0014022038063941,0,0.000906388465755429,0,-0.0004958153406386711,0.0004958153406386711,True
P41,stack,1,stack_s1_104.000,104.0,106.0,valence,2,eeg,gnb,0.0726133764551683,0,0.003162770189239829,0,-0.06945060626592847,0.06945060626592847,True
P41,stack,1,stack_s1_105.000,105.0,107.0,valence,2,eeg,gnb,0.5328286229679382,1,0.5095890566321785,1,-0.023239566335759743,0.023239566335759743,True
P41,stack,1,stack_s1_106.000,106.0,108.0,valence,2,eeg,gnb,0.897794548366952,1,0.9032711520704111,1,0.005476603703459038,0.005476603703459038,True
P41,stack,1,stack_s1_107.000,107.0,109.0,valence,2,eeg,gnb,0.012361582017367,0,0.015202814933438658,0,0.0028412329160716586,0.0028412329160716586,True
P41,stack,1,stack_s1_108.000,108.0,110.0,valence,2,eeg,gnb,0.2237033252139169,0,0.205444377934935,0,-0.01825894727898189,0.01825894727898189,True
P41,stack,1,stack_s1_109.000,109.0,111.0,valence,2,eeg,gnb,0.800967771714483,1,0.7814047624241576,1,-0.019563009290325395,0.019563009290325395,True
P41,stack,1,stack_s1_110.000,110.0,112.0,valence,2,eeg,gnb,0.0042526678656217,0,0.0017719383269604986,0,-0.0024807295386612017,0.0024807295386612017,True
P41,stack,1,stack_s1_111.000,111.0,113.0,valence,2,eeg,gnb,0.0386862386243169,0,0.019577529115113197,0,-0.019108709509203705,0.019108709509203705,True
P41,stack,1,stack_s1_112.000,112.0,114.0,valence,2,eeg,gnb,0.9888407105832094,1,0.9840052738114928,1,-0.004835436771716606,0.004835436771716606,True
P41,stack,1,stack_s1_113.000,113.0,115.0,valence,2,eeg,gnb,0.9866128538110552,1,0.9277547866159987,1,-0.058858067195056485,0.058858067195056485,True
P41,stack,1,stack_s1_114.000,114.0,116.0,valence,2,eeg,gnb,0.511576372261332,1,0.4022647716100641,0,-0.10931160065126794,0.10931160065126794,False
P41,stack,1,stack_s1_115.000,115.0,117.0,valence,2,eeg,gnb,4.257916064236677e-09,0,1.681751648228335e-07,0,1.6391724875859683e-07,1.6391724875859683e-07,True
P41,stack,1,stack_s1_116.000,116.0,118.0,valence,2,eeg,gnb,2.801945682271091e-06,0,3.4959227451608124e-12,0,-2.801942186348346e-06,2.801942186348346e-06,True
P41,stack,1,stack_s1_117.000,117.0,119.0,valence,2,eeg,gnb,0.3074073265371877,0,0.0005393809876837735,0,-0.306867945549504,0.306867945549504,True
P41,stack,1,stack_s1_118.000,118.0,120.0,valence,2,eeg,gnb,0.0013536079456353,0,0.0013792726537406835,0,2.566470810538347e-05,2.566470810538347e-05,True
P41,stack,1,stack_s1_119.000,119.0,121.0,valence,2,eeg,gnb,0.0002418074515627,0,0.00013464807206427337,0,-0.00010715937949842662,0.00010715937949842662,True
P41,stack,1,stack_s1_120.000,120.0,122.0,valence,2,eeg,gnb,0.0001126460990114,0,8.541513071439862e-05,0,-2.7230968297001373e-05,2.7230968297001373e-05,True
P41,stack,1,stack_s1_121.000,121.0,123.0,valence,2,eeg,gnb,0.0046820021227813,0,0.0629398710951667,0,0.0582578689723854,0.0582578689723854,True
P41,stack,1,stack_s1_20.000,20.0,22.0,valence,2,eeg,gnb,0.6731943728967087,1,0.2989949542462758,0,-0.3741994186504329,0.3741994186504329,False
P41,stack,1,stack_s1_21.000,21.0,23.0,valence,2,eeg,gnb,0.5022016420472378,1,0.13176969888460902,0,-0.37043194316262884,0.37043194316262884,False
P41,stack,1,stack_s1_22.000,22.0,24.0,valence,2,eeg,gnb,0.0872817672472267,0,0.03485927478441505,0,-0.052422492462811644,0.052422492462811644,True
P41,stack,1,stack_s1_23.000,23.0,25.0,valence,2,eeg,gnb,0.0232027959501593,0,0.0035692564987492687,0,-0.019633539451410033,0.019633539451410033,True
P41,stack,1,stack_s1_24.000,24.0,26.0,valence,2,eeg,gnb,0.9148274902475462,1,0.7451428339294561,1,-0.16968465631809004,0.16968465631809004,True
P41,stack,1,stack_s1_25.000,25.0,27.0,valence,2,eeg,gnb,0.778176904640611,1,0.7032245544604361,1,-0.07495235018017488,0.07495235018017488,True
P41,stack,1,stack_s1_26.000,26.0,28.0,valence,2,eeg,gnb,0.4608233188905315,0,0.343414716687698,0,-0.1174086022028335,0.1174086022028335,True
P41,stack,1,stack_s1_27.000,27.0,29.0,valence,2,eeg,gnb,0.67751036715306,1,0.6396311762905226,1,-0.03787919086253744,0.03787919086253744,True
P41,stack,1,stack_s1_28.000,28.0,30.0,valence,2,eeg,gnb,0.1901638699800767,0,0.0983595531420335,0,-0.0918043168380432,0.0918043168380432,True
P41,stack,1,stack_s1_29.000,29.0,31.0,valence,2,eeg,gnb,0.2419222574894262,0,0.11634894941598602,0,-0.1255733080734402,0.1255733080734402,True
P41,stack,1,stack_s1_30.000,30.0,32.0,valence,2,eeg,gnb,0.1992537978081528,0,0.07395238953028846,0,-0.12530140827786435,0.12530140827786435,True
P41,stack,1,stack_s1_31.000,31.0,33.0,valence,2,eeg,gnb,0.7523446009623178,1,0.7167931876476767,1,-0.03555141331464107,0.03555141331464107,True
P41,stack,1,stack_s1_32.000,32.0,34.0,valence,2,eeg,gnb,0.4770087352602785,0,0.6500458323079812,1,0.1730370970477027,0.1730370970477027,False
P41,stack,1,stack_s1_33.000,33.0,35.0,valence,2,eeg,gnb,0.047406972281997,0,0.04067760734157573,0,-0.00672936494042127,0.00672936494042127,True
P41,stack,1,stack_s1_34.000,34.0,36.0,valence,2,eeg,gnb,0.1050359504018519,0,0.08096008338944541,0,-0.024075867012406493,0.024075867012406493,True
P41,stack,1,stack_s1_35.000,35.0,37.0,valence,2,eeg,gnb,0.5237491275113741,1,0.5693247458821573,1,0.045575618370783166,0.045575618370783166,True
P41,stack,1,stack_s1_36.000,36.0,38.0,valence,2,eeg,gnb,0.8393098120885866,1,0.7784176296362777,1,-0.060892182452308874,0.060892182452308874,True
P41,stack,1,stack_s1_37.000,37.0,39.0,valence,2,eeg,gnb,0.1060535688036998,0,0.11005695993212745,0,0.0040033911284276524,0.0040033911284276524,True
P41,stack,1,stack_s1_38.000,38.0,40.0,valence,2,eeg,gnb,0.7152334048186805,1,0.7856028835337814,1,0.07036947871510091,0.07036947871510091,True
P41,stack,1,stack_s1_39.000,39.0,41.0,valence,2,eeg,gnb,0.0753421914353469,0,0.056910808101598466,0,-0.018431383333748434,0.018431383333748434,True
P41,stack,1,stack_s1_40.000,40.0,42.0,valence,2,eeg,gnb,0.0165742196481664,0,0.0012174460467904913,0,-0.015356773601375908,0.015356773601375908,True
P41,stack,1,stack_s1_41.000,41.0,43.0,valence,2,eeg,gnb,0.632987705276452,1,0.6414655753136472,1,0.008477870037195245,0.008477870037195245,True
P41,stack,1,stack_s1_42.000,42.0,44.0,valence,2,eeg,gnb,0.5168409031239153,1,0.584226690634952,1,0.06738578751103674,0.06738578751103674,True
P41,stack,1,stack_s1_43.000,43.0,45.0,valence,2,eeg,gnb,0.3719845161516493,0,0.25699958318070204,0,-0.11498493297094725,0.11498493297094725,True
P41,stack,1,stack_s1_44.000,44.0,46.0,valence,2,eeg,gnb,0.5226300792874017,1,0.32037450728557665,0,-0.20225557200182503,0.20225557200182503,False
P41,stack,1,stack_s1_45.000,45.0,47.0,valence,2,eeg,gnb,0.1850598910347755,0,0.2326585750920889,0,0.047598684057313406,0.047598684057313406,True
P41,stack,1,stack_s1_46.000,46.0,48.0,valence,2,eeg,gnb,0.0012984753466398,0,0.0011184051648838462,0,-0.00018007018175595388,0.00018007018175595388,True
P41,stack,1,stack_s1_47.000,47.0,49.0,valence,2,eeg,gnb,5.6797132536611655e-05,0,2.1762985636927523e-05,0,-3.503414689968413e-05,3.503414689968413e-05,True
P41,stack,1,stack_s1_48.000,48.0,50.0,valence,2,eeg,gnb,0.2329547244874978,0,0.14611351742719367,0,-0.08684120706030413,0.08684120706030413,True
P41,stack,1,stack_s1_49.000,49.0,51.0,valence,2,eeg,gnb,0.4468454221134671,0,0.2093696838872542,0,-0.23747573822621293,0.23747573822621293,True
P41,stack,1,stack_s1_50.000,50.0,52.0,valence,2,eeg,gnb,0.7206400259889301,1,0.7001947766547111,1,-0.020445249334218984,0.020445249334218984,True
P41,stack,1,stack_s1_51.000,51.0,53.0,valence,2,eeg,gnb,0.6476356499539032,1,0.522928958211223,1,-0.12470669174268023,0.12470669174268023,True
P41,stack,1,stack_s1_52.000,52.0,54.0,valence,2,eeg,gnb,0.7061578692909218,1,0.6477898726056435,1,-0.05836799668527837,0.05836799668527837,True
P41,stack,1,stack_s1_53.000,53.0,55.0,valence,2,eeg,gnb,0.7834791357502658,1,0.7459982986181197,1,-0.037480837132146116,0.037480837132146116,True
P41,stack,1,stack_s1_54.000,54.0,56.0,valence,2,eeg,gnb,0.0262614624894265,0,0.17786936631314373,0,0.15160790382371725,0.15160790382371725,True
P41,stack,1,stack_s1_55.000,55.0,57.0,valence,2,eeg,gnb,0.0224189941571556,0,0.009921442445597176,0,-0.012497551711558422,0.012497551711558422,True
P41,stack,1,stack_s1_56.000,56.0,58.0,valence,2,eeg,gnb,0.0024736155548137,0,0.0024939464800674657,0,2.0330925253765793e-05,2.0330925253765793e-05,True
P41,stack,1,stack_s1_57.000,57.0,59.0,valence,2,eeg,gnb,0.1495617632885094,0,0.19697644950227747,0,0.04741468621376807,0.04741468621376807,True
P41,stack,1,stack_s1_58.000,58.0,60.0,valence,2,eeg,gnb,0.9354336012769112,1,0.9304981248608684,1,-0.004935476416042861,0.004935476416042861,True
P41,stack,1,stack_s1_59.000,59.0,61.0,valence,2,eeg,gnb,0.8745281707523739,1,0.8687694269879115,1,-0.005758743764462393,0.005758743764462393,True
P41,stack,1,stack_s1_60.000,60.0,62.0,valence,2,eeg,gnb,0.8166112857778534,1,0.8018036447116962,1,-0.014807641066157173,0.014807641066157173,True
P41,stack,1,stack_s1_61.000,61.0,63.0,valence,2,eeg,gnb,0.9999989833552032,1,0.9999969072460331,1,-2.076109170134899e-06,2.076109170134899e-06,True
P41,stack,1,stack_s1_62.000,62.0,64.0,valence,2,eeg,gnb,0.6428223017144735,1,0.6093055063673578,1,-0.03351679534711571,0.03351679534711571,True
P41,stack,1,stack_s1_63.000,63.0,65.0,valence,2,eeg,gnb,0.7593103796522179,1,0.8091574154124658,1,0.04984703576024785,0.04984703576024785,True
P41,stack,1,stack_s1_64.000,64.0,66.0,valence,2,eeg,gnb,0.713353709917811,1,0.7744992532370123,1,0.0611455433192013,0.0611455433192013,True
P41,stack,1,stack_s1_65.000,65.0,67.0,valence,2,eeg,gnb,0.7138579153454538,1,0.6349773664680023,1,-0.07888054887745155,0.07888054887745155,True
P41,stack,1,stack_s1_66.000,66.0,68.0,valence,2,eeg,gnb,0.7735019642578306,1,0.6558434981781848,1,-0.11765846607964581,0.11765846607964581,True
P41,stack,1,stack_s1_67.000,67.0,69.0,valence,2,eeg,gnb,0.2836919342693776,0,0.3124566435701013,0,0.028764709300723668,0.028764709300723668,True
P41,stack,1,stack_s1_68.000,68.0,70.0,valence,2,eeg,gnb,0.1062111590212074,0,0.06098424503510635,0,-0.04522691398610105,0.04522691398610105,True
P41,stack,1,stack_s1_69.000,69.0,71.0,valence,2,eeg,gnb,0.2716066022800882,0,0.0970825399046698,0,-0.1745240623754184,0.1745240623754184,True
P41,stack,1,stack_s1_70.000,70.0,72.0,valence,2,eeg,gnb,0.314280703338787,0,0.1324375521923016,0,-0.1818431511464854,0.1818431511464854,True
P41,stack,1,stack_s1_71.000,71.0,73.0,valence,2,eeg,gnb,0.7438125787334323,1,0.678830123371243,1,-0.06498245536218927,0.06498245536218927,True
P41,stack,1,stack_s1_72.000,72.0,74.0,valence,2,eeg,gnb,0.6562864620686557,1,0.6527390609058294,1,-0.003547401162826258,0.003547401162826258,True
P41,stack,1,stack_s1_73.000,73.0,75.0,valence,2,eeg,gnb,0.3464193265450699,0,0.2345990629949984,0,-0.11182026355007152,0.11182026355007152,True
P41,stack,1,stack_s1_74.000,74.0,76.0,valence,2,eeg,gnb,0.1284605769821984,0,0.20350110249944917,0,0.07504052551725077,0.07504052551725077,True
P41,stack,1,stack_s1_75.000,75.0,77.0,valence,2,eeg,gnb,0.1083932416825319,0,0.1438661066513512,0,0.035472864968819295,0.035472864968819295,True
P41,stack,1,stack_s1_76.000,76.0,78.0,valence,2,eeg,gnb,0.8180287451097151,1,0.5507831415037704,1,-0.26724560360594474,0.26724560360594474,True
P41,stack,1,stack_s1_77.000,77.0,79.0,valence,2,eeg,gnb,0.6806970377048099,1,0.6474863346048135,1,-0.03321070309999641,0.03321070309999641,True
P41,stack,1,stack_s1_78.000,78.0,80.0,valence,2,eeg,gnb,0.5832558634065441,1,0.5598509766563513,1,-0.02340488675019281,0.02340488675019281,True
P41,stack,1,stack_s1_79.000,79.0,81.0,valence,2,eeg,gnb,0.6922554794412352,1,0.7725468670992655,1,0.08029138765803023,0.08029138765803023,True
P41,stack,1,stack_s1_80.000,80.0,82.0,valence,2,eeg,gnb,0.713757935974802,1,0.7544317949739351,1,0.04067385899913312,0.04067385899913312,True
P41,stack,1,stack_s1_81.000,81.0,83.0,valence,2,eeg,gnb,0.680462372455978,1,0.70541165319165,1,0.02494928073567204,0.02494928073567204,True
P41,stack,1,stack_s1_82.000,82.0,84.0,valence,2,eeg,gnb,0.4406122890088376,0,0.5071429835532288,1,0.06653069454439126,0.06653069454439126,False
P41,stack,1,stack_s1_83.000,83.0,85.0,valence,2,eeg,gnb,0.2415787349818711,0,0.20019384187582176,0,-0.04138489310604934,0.04138489310604934,True
P41,stack,1,stack_s1_84.000,84.0,86.0,valence,2,eeg,gnb,0.9522887266975716,1,0.9425681544885931,1,-0.009720572208978484,0.009720572208978484,True
P41,stack,1,stack_s1_85.000,85.0,87.0,valence,2,eeg,gnb,0.9921802720356808,1,0.9903868359281212,1,-0.001793436107559665,0.001793436107559665,True
P41,stack,1,stack_s1_86.000,86.0,88.0,valence,2,eeg,gnb,0.5728469566403694,1,0.7298949554778761,1,0.15704799883750664,0.15704799883750664,True
P41,stack,1,stack_s1_87.000,87.0,89.0,valence,2,eeg,gnb,0.6458977020078633,1,0.24302233808691773,0,-0.4028753639209456,0.4028753639209456,False
P41,stack,1,stack_s1_88.000,88.0,90.0,valence,2,eeg,gnb,0.8341079894986951,1,0.29547311866012776,0,-0.5386348708385673,0.5386348708385673,False
P41,stack,1,stack_s1_89.000,89.0,91.0,valence,2,eeg,gnb,0.2216194776257141,0,0.32240106980249555,0,0.10078159217678145,0.10078159217678145,True
P41,stack,1,stack_s1_90.000,90.0,92.0,valence,2,eeg,gnb,0.2231425288030303,0,0.4335239761341502,0,0.21038144733111994,0.21038144733111994,True
P41,stack,1,stack_s1_91.000,91.0,93.0,valence,2,eeg,gnb,0.0925792001884707,0,0.11368853590863304,0,0.02110933572016234,0.02110933572016234,True
P41,stack,1,stack_s1_92.000,92.0,94.0,valence,2,eeg,gnb,0.022888076884325,0,0.025577685613475412,0,0.0026896087291504132,0.0026896087291504132,True
P41,stack,1,stack_s1_93.000,93.0,95.0,valence,2,eeg,gnb,0.4373269187229502,0,0.45938895823936854,0,0.02206203951641833,0.02206203951641833,True
P41,stack,1,stack_s1_94.000,94.0,96.0,valence,2,eeg,gnb,0.0839443824153613,0,0.18526335027284843,0,0.10131896785748713,0.10131896785748713,True
P41,stack,1,stack_s1_95.000,95.0,97.0,valence,2,eeg,gnb,0.6080435593790441,1,0.682814063119237,1,0.0747705037401929,0.0747705037401929,True
P41,stack,1,stack_s1_96.000,96.0,98.0,valence,2,eeg,gnb,0.0469315326950044,0,0.04427500927833331,0,-0.0026565234166710874,0.0026565234166710874,True
P41,stack,1,stack_s1_97.000,97.0,99.0,valence,2,eeg,gnb,0.6718562510902503,1,0.6960265417672739,1,0.024170290677023587,0.024170290677023587,True
P41,stack,1,stack_s1_98.000,98.0,100.0,valence,2,eeg,gnb,0.2548416016599473,0,0.1290848859452324,0,-0.1257567157147149,0.1257567157147149,True
P41,stack,1,stack_s1_99.000,99.0,101.0,valence,2,eeg,gnb,0.041930210146974,0,0.04890606067647433,0,0.006975850529500331,0.006975850529500331,True
P41,pick_place,1,pick_place_s1_24.000,24.0,26.0,valence,3,multimodal,svm,0.4726363922929972,1,0.4747221598948757,1,0.0020857676018785076,0.0020857676018785076,True
P41,pick_place,1,pick_place_s1_25.000,25.0,27.0,valence,3,multimodal,svm,0.475723324289084,1,0.4757239228730168,1,5.985839328093157e-07,5.985839328093157e-07,True
P41,shape_sorter_observation,1,shape_sorter_observation_s1_21.000,21.0,23.0,valence,3,multimodal,svm,0.3767197520785219,0,0.3885346824696103,0,0.01181493039108844,0.01181493039108844,True
P41,shape_sorter_observation,1,shape_sorter_observation_s1_22.000,22.0,24.0,valence,3,multimodal,svm,0.295606288021758,0,0.3803986207283458,0,0.08479233270658781,0.08479233270658781,True
P41,shape_sorter_observation,1,shape_sorter_observation_s1_23.000,23.0,25.0,valence,3,multimodal,svm,0.3943188790375346,0,0.514070059630459,1,0.11975118059292444,0.11975118059292444,False
P41,shape_sorter_observation,1,shape_sorter_observation_s1_24.000,24.0,26.0,valence,3,multimodal,svm,0.6854036924995414,1,0.7245989932081907,1,0.039195300708649294,0.039195300708649294,True
P41,shape_sorter_observation,1,shape_sorter_observation_s1_25.000,25.0,27.0,valence,3,multimodal,svm,0.4874252173670719,1,0.4857243053342874,1,-0.0017009120327844962,0.0017009120327844962,True
P41,shape_sorter_observation,1,shape_sorter_observation_s1_26.000,26.0,28.0,valence,3,multimodal,svm,0.4756327186004134,1,0.4756656749047602,1,3.2956304346798415e-05,3.2956304346798415e-05,True
P41,shape_sorter_observation,1,shape_sorter_observation_s1_27.000,27.0,29.0,valence,3,multimodal,svm,0.4751360827843565,1,0.4752351632201216,1,9.908043576511982e-05,9.908043576511982e-05,True
P41,shape_sorter_observation,1,shape_sorter_observation_s1_28.000,28.0,30.0,valence,3,multimodal,svm,0.4711430837490604,0,0.4746750192562411,1,0.003531935507180728,0.003531935507180728,False
P41,shape_sorter_observation,1,shape_sorter_observation_s1_29.000,29.0,31.0,valence,3,multimodal,svm,0.458348574991863,0,0.4489319747492888,0,-0.00941660024257418,0.00941660024257418,True
P41,shape_sorter_observation,1,shape_sorter_observation_s1_30.000,30.0,32.0,valence,3,multimodal,svm,0.5314925677052891,1,0.567041255019979,1,0.035548687314689964,0.035548687314689964,True
P41,shape_sorter_observation,1,shape_sorter_observation_s1_31.000,31.0,33.0,valence,3,multimodal,svm,0.6320381630283046,1,0.6645825165831092,1,0.03254435355480456,0.03254435355480456,True
P41,shape_sorter_observation,1,shape_sorter_observation_s1_32.000,32.0,34.0,valence,3,multimodal,svm,0.6049544273240106,1,0.6671789991012071,1,0.062224571777196536,0.062224571777196536,True
P41,shape_sorter_observation,1,shape_sorter_observation_s1_33.000,33.0,35.0,valence,3,multimodal,svm,0.6668268294278826,1,0.6971024085629992,1,0.03027557913511658,0.03027557913511658,True
P41,shape_sorter_observation,1,shape_sorter_observation_s1_34.000,34.0,36.0,valence,3,multimodal,svm,0.5498424735336821,1,0.5498147861159736,1,-2.768741770853289e-05,2.768741770853289e-05,True
P41,shape_sorter_observation,1,shape_sorter_observation_s1_35.000,35.0,37.0,valence,3,multimodal,svm,0.5665113943908935,1,0.5744344258665562,1,0.007923031475662756,0.007923031475662756,True
P41,shape_sorter_observation,1,shape_sorter_observation_s1_36.000,36.0,38.0,valence,3,multimodal,svm,0.5292407932894958,1,0.5442446592052212,1,0.015003865915725445,0.015003865915725445,True
P41,shape_sorter_observation,1,shape_sorter_observation_s1_37.000,37.0,39.0,valence,3,multimodal,svm,0.4760637311140787,1,0.5226169518567363,1,0.04655322074265761,0.04655322074265761,True
P41,shape_sorter_observation,1,shape_sorter_observation_s1_38.000,38.0,40.0,valence,3,multimodal,svm,0.6438841430564,1,0.6197645619800194,1,-0.02411958107638057,0.02411958107638057,True
P41,shape_sorter_observation,1,shape_sorter_observation_s1_39.000,39.0,41.0,valence,3,multimodal,svm,0.5284613080254112,1,0.5635084373299754,1,0.035047129304564106,0.035047129304564106,True
P41,shape_sorter_observation,1,shape_sorter_observation_s1_40.000,40.0,42.0,valence,3,multimodal,svm,0.2473270713732783,0,0.3448545693848218,0,0.09752749801154348,0.09752749801154348,True
P41,shape_sorter_observation,1,shape_sorter_observation_s1_41.000,41.0,43.0,valence,3,multimodal,svm,0.6051908121871304,1,0.6443497796881119,1,0.03915896750098147,0.03915896750098147,True
P41,shape_sorter_observation,1,shape_sorter_observation_s1_42.000,42.0,44.0,valence,3,multimodal,svm,0.4098654898576545,0,0.4250420863901806,0,0.015176596532526121,0.015176596532526121,True
P41,shape_sorter_observation,1,shape_sorter_observation_s1_43.000,43.0,45.0,valence,3,multimodal,svm,0.564008982368508,1,0.562926867421461,1,-0.0010821149470470193,0.0010821149470470193,True
P41,shape_sorter_observation,1,shape_sorter_observation_s1_44.000,44.0,46.0,valence,3,multimodal,svm,0.841696468766551,1,0.8061908069309384,1,-0.035505661835612656,0.035505661835612656,True
P41,shape_sorter_observation,1,shape_sorter_observation_s1_45.000,45.0,47.0,valence,3,multimodal,svm,0.7922075933591302,1,0.7793076915869961,1,-0.01289990177213407,0.01289990177213407,True
P41,shape_sorter_observation,1,shape_sorter_observation_s1_46.000,46.0,48.0,valence,3,multimodal,svm,0.8022710840900249,1,0.8019849751796382,1,-0.0002861089103867176,0.0002861089103867176,True
P41,shape_sorter_observation,1,shape_sorter_observation_s1_47.000,47.0,49.0,valence,3,multimodal,svm,0.6330920064203988,1,0.6567427179709894,1,0.02365071155059062,0.02365071155059062,True
P41,shape_sorter_observation,1,shape_sorter_observation_s1_48.000,48.0,50.0,valence,3,multimodal,svm,0.5768445049691266,1,0.6084199163569028,1,0.0315754113877762,0.0315754113877762,True
P41,shape_sorter_observation,1,shape_sorter_observation_s1_49.000,49.0,51.0,valence,3,multimodal,svm,0.6810334899209263,1,0.6551924994751636,1,-0.025840990445762713,0.025840990445762713,True
P41,shape_sorter_observation,1,shape_sorter_observation_s1_50.000,50.0,52.0,valence,3,multimodal,svm,0.4925097112120186,1,0.4994461684039752,1,0.006936457191956624,0.006936457191956624,True
P41,shape_sorter_observation,1,shape_sorter_observation_s1_51.000,51.0,53.0,valence,3,multimodal,svm,0.4917429198549372,1,0.4817894082831135,1,-0.00995351157182367,0.00995351157182367,True
P41,shape_sorter_observation,1,shape_sorter_observation_s1_52.000,52.0,54.0,valence,3,multimodal,svm,0.4398534030763156,0,0.4590141688108451,0,0.019160765734529517,0.019160765734529517,True
P41,shape_sorter_observation,1,shape_sorter_observation_s1_53.000,53.0,55.0,valence,3,multimodal,svm,0.4625411774061359,0,0.46375381396618265,0,0.0012126365600467759,0.0012126365600467759,True
P41,shape_sorter_observation,1,shape_sorter_observation_s1_54.000,54.0,56.0,valence,3,multimodal,svm,0.4743754248804749,1,0.4762281784979377,1,0.0018527536174627879,0.0018527536174627879,True
P41,shape_sorter_observation,1,shape_sorter_observation_s1_55.000,55.0,57.0,valence,3,multimodal,svm,0.4859958977879866,1,0.4740489331796002,1,-0.011946964608386401,0.011946964608386401,True
P41,shape_sorter_observation,1,shape_sorter_observation_s1_56.000,56.0,58.0,valence,3,multimodal,svm,0.4066010253278818,0,0.4363248951766983,0,0.02972386984881653,0.02972386984881653,True
P41,shape_sorter_observation,1,shape_sorter_observation_s1_57.000,57.0,59.0,valence,3,multimodal,svm,0.2980544137278613,0,0.3255045046874912,0,0.027450090959629914,0.027450090959629914,True
P41,shape_sorter_observation,1,shape_sorter_observation_s1_58.000,58.0,60.0,valence,3,multimodal,svm,0.4987166682894186,1,0.46158399043731435,0,-0.03713267785210422,0.03713267785210422,False
P41,shape_sorter_observation,1,shape_sorter_observation_s1_59.000,59.0,61.0,valence,3,multimodal,svm,0.3213975749815144,0,0.3387308542915718,0,0.017333279310057403,0.017333279310057403,True
P41,stack,1,stack_s1_20.000,20.0,22.0,valence,3,multimodal,svm,0.526875310770804,1,0.5516472412278755,1,0.02477193045707149,0.02477193045707149,True
P41,stack,1,stack_s1_21.000,21.0,23.0,valence,3,multimodal,svm,0.5550219100158206,1,0.5489889783300367,1,-0.006032931685783893,0.006032931685783893,True
P41,stack,1,stack_s1_22.000,22.0,24.0,valence,3,multimodal,svm,0.5298788197657788,1,0.5519174606669871,1,0.02203864090120833,0.02203864090120833,True
P41,stack,1,stack_s1_23.000,23.0,25.0,valence,3,multimodal,svm,0.4038274757157329,0,0.43846380172516936,0,0.03463632600943645,0.03463632600943645,True
P41,stack,1,stack_s1_24.000,24.0,26.0,valence,3,multimodal,svm,0.504225565830196,1,0.5109401816372956,1,0.006714615807099644,0.006714615807099644,True
P41,stack,1,stack_s1_25.000,25.0,27.0,valence,3,multimodal,svm,0.5067882265657645,1,0.5062126954372914,1,-0.0005755311284730835,0.0005755311284730835,True
P41,stack,1,stack_s1_26.000,26.0,28.0,valence,3,multimodal,svm,0.5069439394154509,1,0.5010781053112623,1,-0.005865834104188616,0.005865834104188616,True
P41,stack,1,stack_s1_27.000,27.0,29.0,valence,3,multimodal,svm,0.5458021323137396,1,0.5579136163280912,1,0.012111484014351581,0.012111484014351581,True
P41,stack,1,stack_s1_28.000,28.0,30.0,valence,3,multimodal,svm,0.4987952055841813,1,0.5096646210328709,1,0.010869415448689634,0.010869415448689634,True
P41,stack,1,stack_s1_29.000,29.0,31.0,valence,3,multimodal,svm,0.507209840358584,1,0.5258882382490147,1,0.018678397890430687,0.018678397890430687,True
P41,stack,1,stack_s1_30.000,30.0,32.0,valence,3,multimodal,svm,0.5273852222717572,1,0.5472712852746929,1,0.019886063002935717,0.019886063002935717,True
P41,stack,1,stack_s1_31.000,31.0,33.0,valence,3,multimodal,svm,0.658003810229892,1,0.6925273105968629,1,0.03452350036697094,0.03452350036697094,True
P41,stack,1,stack_s1_32.000,32.0,34.0,valence,3,multimodal,svm,0.4844322809046222,1,0.48939380355807194,1,0.004961522653449735,0.004961522653449735,True
P41,stack,1,stack_s1_33.000,33.0,35.0,valence,3,multimodal,svm,0.342296074878896,0,0.3535650034641224,0,0.011268928585226379,0.011268928585226379,True
P41,stack,1,stack_s1_34.000,34.0,36.0,valence,3,multimodal,svm,0.3649659887218542,0,0.39136433462541814,0,0.026398345903563936,0.026398345903563936,True
P41,stack,1,stack_s1_35.000,35.0,37.0,valence,3,multimodal,svm,0.5868642079373689,1,0.6290893790011486,1,0.042225171063779654,0.042225171063779654,True
P41,stack,1,stack_s1_36.000,36.0,38.0,valence,3,multimodal,svm,0.645075968637526,1,0.6769535401268443,1,0.031877571489318246,0.031877571489318246,True
P41,stack,1,stack_s1_37.000,37.0,39.0,valence,3,multimodal,svm,0.4520985087679593,0,0.4735791551671602,1,0.021480646399200887,0.021480646399200887,False
P41,stack,1,stack_s1_38.000,38.0,40.0,valence,3,multimodal,svm,0.6763008475236925,1,0.6955086912188175,1,0.01920784369512507,0.01920784369512507,True
P41,stack,1,stack_s1_39.000,39.0,41.0,valence,3,multimodal,svm,0.6085035588966067,1,0.612652552745937,1,0.004148993849330318,0.004148993849330318,True
P41,stack,1,stack_s1_40.000,40.0,42.0,valence,3,multimodal,svm,0.5275367949302734,1,0.499328870970995,1,-0.028207923959278403,0.028207923959278403,True
P41,stack,1,stack_s1_41.000,41.0,43.0,valence,3,multimodal,svm,0.6622606512464574,1,0.660951176410986,1,-0.0013094748354713914,0.0013094748354713914,True
P41,stack,1,stack_s1_42.000,42.0,44.0,valence,3,multimodal,svm,0.5070423929769087,1,0.5298818127695865,1,0.022839419792677784,0.022839419792677784,True
P41,stack,1,stack_s1_43.000,43.0,45.0,valence,3,multimodal,svm,0.4946459455110478,1,0.5077390761435508,1,0.013093130632503058,0.013093130632503058,True
P41,stack,1,stack_s1_44.000,44.0,46.0,valence,3,multimodal,svm,0.4955066392506883,1,0.5014246732514352,1,0.0059180340007469745,0.0059180340007469745,True
P41,stack,1,stack_s1_45.000,45.0,47.0,valence,3,multimodal,svm,0.5479472873575961,1,0.5664755357056817,1,0.01852824834808553,0.01852824834808553,True
P41,stack,1,stack_s1_46.000,46.0,48.0,valence,3,multimodal,svm,0.45529286071826,0,0.4674316369403475,0,0.012138776222087533,0.012138776222087533,True
P41,stack,1,stack_s1_47.000,47.0,49.0,valence,3,multimodal,svm,0.4758976022439693,1,0.47702943322062313,1,0.0011318309766538137,0.0011318309766538137,True
P41,stack,1,stack_s1_48.000,48.0,50.0,valence,3,multimodal,svm,0.4762122636443844,1,0.4766351683814754,1,0.00042290473709100107,0.00042290473709100107,True
P41,stack,1,stack_s1_49.000,49.0,51.0,valence,3,multimodal,svm,0.4941691079499093,1,0.5088919092856898,1,0.014722801335780522,0.014722801335780522,True
P41,stack,1,stack_s1_50.000,50.0,52.0,valence,3,multimodal,svm,0.5043172831182492,1,0.5133578037219025,1,0.009040520603653346,0.009040520603653346,True
P41,stack,1,stack_s1_51.000,51.0,53.0,valence,3,multimodal,svm,0.5238734637792116,1,0.5502918185298179,1,0.026418354750606277,0.026418354750606277,True
P41,stack,1,stack_s1_52.000,52.0,54.0,valence,3,multimodal,svm,0.7348600554381565,1,0.7552619067676801,1,0.020401851329523657,0.020401851329523657,True
P41,stack,1,stack_s1_53.000,53.0,55.0,valence,3,multimodal,svm,0.6761097529400898,1,0.6765465472600144,1,0.00043679431992460493,0.00043679431992460493,True
P41,stack,1,stack_s1_54.000,54.0,56.0,valence,3,multimodal,svm,0.4850227165380604,1,0.5085598560263647,1,0.02353713948830427,0.02353713948830427,True
P41,stack,1,stack_s1_55.000,55.0,57.0,valence,3,multimodal,svm,0.4674598378470089,0,0.477295275157247,1,0.009835437310238115,0.009835437310238115,False
P41,stack,1,stack_s1_56.000,56.0,58.0,valence,3,multimodal,svm,0.4761436229833981,1,0.4764333157579846,1,0.0002896927745865141,0.0002896927745865141,True
P41,stack,1,stack_s1_57.000,57.0,59.0,valence,3,multimodal,svm,0.4835172019241981,1,0.48646082820389724,1,0.0029436262796991297,0.0029436262796991297,True
P41,stack,1,stack_s1_58.000,58.0,60.0,valence,3,multimodal,svm,0.4855812357504878,1,0.48875497595450695,1,0.003173740204019171,0.003173740204019171,True
P41,stack,1,stack_s1_59.000,59.0,61.0,valence,3,multimodal,svm,0.4932621794276098,1,0.4953580759975756,1,0.0020958965699657828,0.0020958965699657828,True
P41,stack,1,stack_s1_60.000,60.0,62.0,valence,3,multimodal,svm,0.499579974789904,1,0.5109728333920912,1,0.011392858602187195,0.011392858602187195,True
P41,stack,1,stack_s1_61.000,61.0,63.0,valence,3,multimodal,svm,0.567719305359792,1,0.5639109035037946,1,-0.003808401855997401,0.003808401855997401,True
P41,stack,1,stack_s1_62.000,62.0,64.0,valence,3,multimodal,svm,0.5842259920587426,1,0.6108724136917327,1,0.026646421632990136,0.026646421632990136,True
P41,stack,1,stack_s1_63.000,63.0,65.0,valence,3,multimodal,svm,0.5919706044292966,1,0.620921261202422,1,0.02895065677312536,0.02895065677312536,True
P41,stack,1,stack_s1_64.000,64.0,66.0,valence,3,multimodal,svm,0.7910752537500428,1,0.8080948580522272,1,0.01701960430218441,0.01701960430218441,True
P41,stack,1,stack_s1_65.000,65.0,67.0,valence,3,multimodal,svm,0.7001059645395995,1,0.7237629858226614,1,0.023657021283061908,0.023657021283061908,True
P41,stack,1,stack_s1_66.000,66.0,68.0,valence,3,multimodal,svm,0.7199814434228073,1,0.7024493726153352,1,-0.0175320708074721,0.0175320708074721,True
P41,stack,1,stack_s1_67.000,67.0,69.0,valence,3,multimodal,svm,0.2429260417265205,0,0.27907176918267923,0,0.03614572745615874,0.03614572745615874,True
P41,stack,1,stack_s1_68.000,68.0,70.0,valence,3,multimodal,svm,0.5650958387798328,1,0.5944919922212657,1,0.02939615344143287,0.02939615344143287,True
P41,stack,1,stack_s1_69.000,69.0,71.0,valence,3,multimodal,svm,0.5196290897163323,1,0.5311404455164328,1,0.011511355800100542,0.011511355800100542,True
P41,stack,1,stack_s1_70.000,70.0,72.0,valence,3,multimodal,svm,0.4385216407728216,0,0.4565442656494186,0,0.018022624876597004,0.018022624876597004,True
P41,stack,1,stack_s1_71.000,71.0,73.0,valence,3,multimodal,svm,0.4851722754304318,1,0.4863134385949864,1,0.0011411631645545928,0.0011411631645545928,True
P41,stack,1,stack_s1_72.000,72.0,74.0,valence,3,multimodal,svm,0.5068626571467171,1,0.5154933308493623,1,0.008630673702645253,0.008630673702645253,True
P41,stack,1,stack_s1_73.000,73.0,75.0,valence,3,multimodal,svm,0.4804917919817391,1,0.48803907806735486,1,0.007547286085615779,0.007547286085615779,True
P41,stack,1,stack_s1_74.000,74.0,76.0,valence,3,multimodal,svm,0.4792575613803669,1,0.4882769761272392,1,0.00901941474687229,0.00901941474687229,True
P41,stack,1,stack_s1_75.000,75.0,77.0,valence,3,multimodal,svm,0.3577232235657747,0,0.3986266219446576,0,0.040903398378882905,0.040903398378882905,True
P41,stack,1,stack_s1_76.000,76.0,78.0,valence,3,multimodal,svm,0.597369942654135,1,0.593340265842277,1,-0.004029676811858063,0.004029676811858063,True
P41,stack,1,stack_s1_77.000,77.0,79.0,valence,3,multimodal,svm,0.4821447908924446,1,0.48737931839376514,1,0.0052345275013205295,0.0052345275013205295,True
P41,stack,1,stack_s1_78.000,78.0,80.0,valence,3,multimodal,svm,0.5704968963758952,1,0.5867796058299078,1,0.016282709454012667,0.016282709454012667,True
P41,stack,1,stack_s1_79.000,79.0,81.0,valence,3,multimodal,svm,0.4976726627170226,1,0.5034934896281346,1,0.005820826911111965,0.005820826911111965,True
P41,stack,1,stack_s1_80.000,80.0,82.0,valence,3,multimodal,svm,0.5077505575491689,1,0.5156631937686056,1,0.00791263621943672,0.00791263621943672,True
P41,stack,1,stack_s1_81.000,81.0,83.0,valence,3,multimodal,svm,0.5016232994371599,1,0.5084350325256305,1,0.006811733088470606,0.006811733088470606,True
P41,stack,1,stack_s1_82.000,82.0,84.0,valence,3,multimodal,svm,0.4811731561863204,1,0.4859090247655038,1,0.0047358685791834,0.0047358685791834,True
P41,stack,1,stack_s1_83.000,83.0,85.0,valence,3,multimodal,svm,0.5364956040105117,1,0.5435593130527199,1,0.0070637090422082105,0.0070637090422082105,True
P41,stack,1,stack_s1_84.000,84.0,86.0,valence,3,multimodal,svm,0.4943078617664265,1,0.5030243659805235,1,0.008716504214096976,0.008716504214096976,True
P41,stack,1,stack_s1_85.000,85.0,87.0,valence,3,multimodal,svm,0.5195698664485702,1,0.5242321983271759,1,0.004662331878605763,0.004662331878605763,True
P41,stack,1,stack_s1_86.000,86.0,88.0,valence,3,multimodal,svm,0.4531337913340927,0,0.5015534936734689,1,0.0484197023393762,0.0484197023393762,False
P41,stack,1,stack_s1_87.000,87.0,89.0,valence,3,multimodal,svm,0.4765434224010496,1,0.47674852814508567,1,0.00020510574403609372,0.00020510574403609372,True
P41,stack,1,stack_s1_88.000,88.0,90.0,valence,3,multimodal,svm,0.5155987560270155,1,0.5165805540764676,1,0.0009817980494520873,0.0009817980494520873,True
P41,stack,1,stack_s1_89.000,89.0,91.0,valence,3,multimodal,svm,0.5097024212402215,1,0.5339345308832616,1,0.024232109643040123,0.024232109643040123,True
P41,stack,1,stack_s1_90.000,90.0,92.0,valence,3,multimodal,svm,0.4897825216272793,1,0.5041605942783421,1,0.014378072651062834,0.014378072651062834,True
P41,stack,1,stack_s1_91.000,91.0,93.0,valence,3,multimodal,svm,0.4907154898954375,1,0.50095489448382,1,0.010239404588382517,0.010239404588382517,True
P41,stack,1,stack_s1_92.000,92.0,94.0,valence,3,multimodal,svm,0.3624728545897709,0,0.3673148162210288,0,0.004841961631257885,0.004841961631257885,True
P41,stack,1,stack_s1_93.000,93.0,95.0,valence,3,multimodal,svm,0.5720476375052286,1,0.5723991076274022,1,0.00035147012217362494,0.00035147012217362494,True
P41,stack,1,stack_s1_94.000,94.0,96.0,valence,3,multimodal,svm,0.4537051304702026,0,0.463381849228458,0,0.009676718758255376,0.009676718758255376,True
P41,stack,1,stack_s1_95.000,95.0,97.0,valence,3,multimodal,svm,0.479343659456563,1,0.49008223167105164,1,0.01073857221448865,0.01073857221448865,True
P41,stack,1,stack_s1_96.000,96.0,98.0,valence,3,multimodal,svm,0.4724251550992927,1,0.47834784678240544,1,0.005922691683112713,0.005922691683112713,True
P41,stack,1,stack_s1_97.000,97.0,99.0,valence,3,multimodal,svm,0.6383422302873706,1,0.6341716191109951,1,-0.004170611176375516,0.004170611176375516,True
P41,stack,1,stack_s1_98.000,98.0,100.0,valence,3,multimodal,svm,0.4557989569120593,0,0.47933156841871716,1,0.023532611506657863,0.023532611506657863,False
P41,stack,1,stack_s1_99.000,99.0,101.0,valence,3,multimodal,svm,0.4775460011385856,1,0.47886725014479053,1,0.0013212490062049498,0.0013212490062049498,True
P41,stack,1,stack_s1_100.000,100.0,102.0,valence,3,multimodal,svm,0.4755448421664303,1,0.4757054859493392,1,0.00016064378290892023,0.00016064378290892023,True
P41,stack,1,stack_s1_101.000,101.0,103.0,valence,3,multimodal,svm,0.4768773933361834,1,0.4767049470924555,1,-0.0001724462437279195,0.0001724462437279195,True
P41,stack,1,stack_s1_102.000,102.0,104.0,valence,3,multimodal,svm,0.4768226753491121,1,0.47741798271459135,1,0.0005953073654792473,0.0005953073654792473,True
P41,stack,1,stack_s1_103.000,103.0,105.0,valence,3,multimodal,svm,0.4754471498309501,1,0.476403928917401,1,0.0009567790864509207,0.0009567790864509207,True
P41,stack,1,stack_s1_104.000,104.0,106.0,valence,3,multimodal,svm,0.4762880661071652,1,0.47980070314428475,1,0.0035126370371195703,0.0035126370371195703,True
P41,stack,1,stack_s1_105.000,105.0,107.0,valence,3,multimodal,svm,0.5150426421974728,1,0.5358254736357261,1,0.020782831438253324,0.020782831438253324,True
P41,stack,1,stack_s1_106.000,106.0,108.0,valence,3,multimodal,svm,0.5859393626164738,1,0.6009587677237881,1,0.015019405107314254,0.015019405107314254,True
P41,stack,1,stack_s1_107.000,107.0,109.0,valence,3,multimodal,svm,0.4163623327503966,0,0.43189065662538617,0,0.015528323874989591,0.015528323874989591,True
P41,stack,1,stack_s1_108.000,108.0,110.0,valence,3,multimodal,svm,0.5070232994836839,1,0.5169928376227615,1,0.009969538139077638,0.009969538139077638,True
P41,stack,1,stack_s1_109.000,109.0,111.0,valence,3,multimodal,svm,0.5502440381148751,1,0.5400158778260492,1,-0.010228160288825894,0.010228160288825894,True
P41,stack,1,stack_s1_110.000,110.0,112.0,valence,3,multimodal,svm,0.4761563727292899,1,0.477282595258001,1,0.001126222528711085,0.001126222528711085,True
P41,stack,1,stack_s1_111.000,111.0,113.0,valence,3,multimodal,svm,0.4808870612370838,1,0.49024467547888584,1,0.009357614241802037,0.009357614241802037,True
P41,stack,1,stack_s1_112.000,112.0,114.0,valence,3,multimodal,svm,0.710311603905682,1,0.7322894578757145,1,0.02197785397003249,0.02197785397003249,True
P41,stack,1,stack_s1_113.000,113.0,115.0,valence,3,multimodal,svm,0.6291822732407614,1,0.5689540258996255,1,-0.060228247341135854,0.060228247341135854,True
P41,stack,1,stack_s1_114.000,114.0,116.0,valence,3,multimodal,svm,0.5761061432406707,1,0.5613005200646348,1,-0.014805623176035843,0.014805623176035843,True
P41,stack,1,stack_s1_115.000,115.0,117.0,valence,3,multimodal,svm,0.4757311474423136,1,0.47577631509800833,1,4.5167655694733355e-05,4.5167655694733355e-05,True
P41,stack,1,stack_s1_116.000,116.0,118.0,valence,3,multimodal,svm,0.4708152877158142,0,0.47568385247587747,1,0.004868564760063254,0.004868564760063254,False
P41,stack,1,stack_s1_117.000,117.0,119.0,valence,3,multimodal,svm,0.4554010554244185,0,0.43304123566387076,0,-0.02235981976054774,0.02235981976054774,True
P41,stack,1,stack_s1_118.000,118.0,120.0,valence,3,multimodal,svm,0.4744549321162274,1,0.47677628166885155,1,0.0023213495526241412,0.0023213495526241412,True
P41,stack,1,stack_s1_119.000,119.0,121.0,valence,3,multimodal,svm,0.4776773851637583,1,0.48360197256530474,1,0.005924587401546444,0.005924587401546444,True
P41,stack,1,stack_s1_120.000,120.0,122.0,valence,3,multimodal,svm,0.4423651217520786,0,0.4624650973983378,0,0.020099975646259205,0.020099975646259205,True
P41,stack,1,stack_s1_121.000,121.0,123.0,valence,3,multimodal,svm,0.4772746254765793,1,0.4774781522620291,1,0.00020352678544982572,0.00020352678544982572,True
P41,sisyphus,1,sisyphus_s1_24.000,24.0,26.0,valence,3,multimodal,svm,0.6025532564737435,1,0.6381332603358738,1,0.03558000386213034,0.03558000386213034,True
P41,sisyphus,1,sisyphus_s1_25.000,25.0,27.0,valence,3,multimodal,svm,0.4377445114003074,0,0.4704592577397353,0,0.03271474633942789,0.03271474633942789,True
P41,sisyphus,1,sisyphus_s1_26.000,26.0,28.0,valence,3,multimodal,svm,0.4621331828476891,0,0.46976883432191746,0,0.007635651474228344,0.007635651474228344,True
P41,sisyphus,1,sisyphus_s1_27.000,27.0,29.0,valence,3,multimodal,svm,0.4679129644002406,0,0.5324908642297284,1,0.06457789982948775,0.06457789982948775,False
P41,sisyphus,1,sisyphus_s1_28.000,28.0,30.0,valence,3,multimodal,svm,0.4768198135932485,1,0.48023278255214696,1,0.003412968958898477,0.003412968958898477,True
P41,sisyphus,1,sisyphus_s1_29.000,29.0,31.0,valence,3,multimodal,svm,0.4822556611352772,1,0.4651500695007276,0,-0.017105591634549555,0.017105591634549555,False
P41,sisyphus,1,sisyphus_s1_30.000,30.0,32.0,valence,3,multimodal,svm,0.543115051062256,1,0.5667031386178402,1,0.02358808755558417,0.02358808755558417,True
P41,sisyphus,1,sisyphus_s1_31.000,31.0,33.0,valence,3,multimodal,svm,0.5347376186898247,1,0.542863937339449,1,0.00812631864962432,0.00812631864962432,True
P41,sisyphus,1,sisyphus_s1_32.000,32.0,34.0,valence,3,multimodal,svm,0.420081187476062,0,0.5155717753841405,1,0.09549058790807846,0.09549058790807846,False
P41,sisyphus,1,sisyphus_s1_33.000,33.0,35.0,valence,3,multimodal,svm,0.3462391452976253,0,0.3589123239354214,0,0.012673178637796101,0.012673178637796101,True
P41,sisyphus,1,sisyphus_s1_34.000,34.0,36.0,valence,3,multimodal,svm,0.531642443641934,1,0.4893960852329946,1,-0.04224635840893942,0.04224635840893942,True
P41,sisyphus,1,sisyphus_s1_35.000,35.0,37.0,valence,3,multimodal,svm,0.6395275848985025,1,0.6477414126760691,1,0.008213827777566629,0.008213827777566629,True
P41,sisyphus,1,sisyphus_s1_36.000,36.0,38.0,valence,3,multimodal,svm,0.5375789839408096,1,0.5494388745299286,1,0.01185989058911896,0.01185989058911896,True
P41,sisyphus,1,sisyphus_s1_37.000,37.0,39.0,valence,3,multimodal,svm,0.4653769003909853,0,0.5701815282949583,1,0.10480462790397299,0.10480462790397299,False
P41,sisyphus,1,sisyphus_s1_38.000,38.0,40.0,valence,3,multimodal,svm,0.6101646617890533,1,0.5351591735740767,1,-0.07500548821497655,0.07500548821497655,True
P41,sisyphus,1,sisyphus_s1_39.000,39.0,41.0,valence,3,multimodal,svm,0.3956514997572642,0,0.3971229179255082,0,0.0014714181682439764,0.0014714181682439764,True
P41,sisyphus,1,sisyphus_s1_40.000,40.0,42.0,valence,3,multimodal,svm,0.5676516271261546,1,0.5781896048618592,1,0.01053797773570464,0.01053797773570464,True
P41,sisyphus,1,sisyphus_s1_41.000,41.0,43.0,valence,3,multimodal,svm,0.3215214279773646,0,0.3681364228667353,0,0.04661499488937071,0.04661499488937071,True
P41,sisyphus,1,sisyphus_s1_42.000,42.0,44.0,valence,3,multimodal,svm,0.356663788388734,0,0.38533062734731605,0,0.02866683895858202,0.02866683895858202,True
P41,sisyphus,1,sisyphus_s1_43.000,43.0,45.0,valence,3,multimodal,svm,0.6016921346196819,1,0.6452719055081442,1,0.04357977088846232,0.04357977088846232,True
P41,sisyphus,1,sisyphus_s1_44.000,44.0,46.0,valence,3,multimodal,svm,0.6875884682863063,1,0.7010126983624716,1,0.013424230076165333,0.013424230076165333,True
P41,sisyphus,1,sisyphus_s1_45.000,45.0,47.0,valence,3,multimodal,svm,0.7076714710867653,1,0.7158479835508299,1,0.00817651246406459,0.00817651246406459,True
P41,sisyphus,1,sisyphus_s1_46.000,46.0,48.0,valence,3,multimodal,svm,0.5613801037688331,1,0.565430687936826,1,0.004050584167992977,0.004050584167992977,True
P41,sisyphus,1,sisyphus_s1_47.000,47.0,49.0,valence,3,multimodal,svm,0.4853622352109951,1,0.48415311938806616,1,-0.00120911582292893,0.00120911582292893,True
P41,sisyphus,1,sisyphus_s1_48.000,48.0,50.0,valence,3,multimodal,svm,0.6460442943789358,1,0.6834651910671874,1,0.03742089668825155,0.03742089668825155,True
P41,sisyphus,1,sisyphus_s1_49.000,49.0,51.0,valence,3,multimodal,svm,0.5943209310923105,1,0.6107433924584823,1,0.01642246136617176,0.01642246136617176,True
P41,sisyphus,1,sisyphus_s1_50.000,50.0,52.0,valence,3,multimodal,svm,0.6302109807373674,1,0.6462990431404194,1,0.01608806240305205,0.01608806240305205,True
P41,sisyphus,1,sisyphus_s1_51.000,51.0,53.0,valence,3,multimodal,svm,0.4956478790237975,1,0.5399501249312371,1,0.044302245907439586,0.044302245907439586,True
P41,sisyphus,1,sisyphus_s1_52.000,52.0,54.0,valence,3,multimodal,svm,0.4906451555739863,1,0.49321653476544164,1,0.0025713791914553363,0.0025713791914553363,True
P41,sisyphus,1,sisyphus_s1_53.000,53.0,55.0,valence,3,multimodal,svm,0.5448046149936032,1,0.5716550095136319,1,0.026850394520028686,0.026850394520028686,True
P41,sisyphus,1,sisyphus_s1_54.000,54.0,56.0,valence,3,multimodal,svm,0.6422591169241078,1,0.6289509607672448,1,-0.013308156156862982,0.013308156156862982,True
P41,sisyphus,1,sisyphus_s1_55.000,55.0,57.0,valence,3,multimodal,svm,0.4753347654390666,1,0.5189112822907316,1,0.04357651685166497,0.04357651685166497,True
P41,sisyphus,1,sisyphus_s1_56.000,56.0,58.0,valence,3,multimodal,svm,0.5052456214380053,1,0.5679702430292745,1,0.06272462159126913,0.06272462159126913,True
P41,sisyphus,1,sisyphus_s1_57.000,57.0,59.0,valence,3,multimodal,svm,0.4471060874110426,0,0.4640421125822452,0,0.01693602517120263,0.01693602517120263,True
P41,sisyphus,1,sisyphus_s1_58.000,58.0,60.0,valence,3,multimodal,svm,0.4745464206205824,1,0.47867353913647676,1,0.004127118515894368,0.004127118515894368,True
P41,sisyphus,1,sisyphus_s1_59.000,59.0,61.0,valence,3,multimodal,svm,0.4967772114429671,1,0.4829481808507713,1,-0.013829030592195812,0.013829030592195812,True
P41,sisyphus,1,sisyphus_s1_60.000,60.0,62.0,valence,3,multimodal,svm,0.5396860518434553,1,0.5245129149448667,1,-0.015173136898588568,0.015173136898588568,True
P41,sisyphus,1,sisyphus_s1_61.000,61.0,63.0,valence,3,multimodal,svm,0.4812999068298205,1,0.5277102684144368,1,0.04641036158461631,0.04641036158461631,True
P41,sisyphus,1,sisyphus_s1_62.000,62.0,64.0,valence,3,multimodal,svm,0.3879109000693186,0,0.495855447146749,1,0.1079445470774304,0.1079445470774304,False
P41,sisyphus,1,sisyphus_s1_63.000,63.0,65.0,valence,3,multimodal,svm,0.5766628304836565,1,0.5722341273307713,1,-0.004428703152885238,0.004428703152885238,True
P41,sisyphus,1,sisyphus_s1_64.000,64.0,66.0,valence,3,multimodal,svm,0.4524497099058799,0,0.49085772922907744,1,0.03840801932319754,0.03840801932319754,False
P41,sisyphus,1,sisyphus_s1_65.000,65.0,67.0,valence,3,multimodal,svm,0.5098496534175858,1,0.5804050286980691,1,0.07055537528048328,0.07055537528048328,True
P41,sisyphus,1,sisyphus_s1_66.000,66.0,68.0,valence,3,multimodal,svm,0.6149394615222703,1,0.6718252659914437,1,0.05688580446917335,0.05688580446917335,True
P41,sisyphus,1,sisyphus_s1_67.000,67.0,69.0,valence,3,multimodal,svm,0.383805315016598,0,0.4904320788271942,1,0.10662676381059621,0.10662676381059621,False
P41,sisyphus,1,sisyphus_s1_68.000,68.0,70.0,valence,3,multimodal,svm,0.4417622577839945,0,0.5301056664287234,1,0.08834340864472884,0.08834340864472884,False
P41,sisyphus,1,sisyphus_s1_69.000,69.0,71.0,valence,3,multimodal,svm,0.4625289939974797,0,0.4502041300047932,0,-0.012324863992686508,0.012324863992686508,True
P41,sisyphus,1,sisyphus_s1_70.000,70.0,72.0,valence,3,multimodal,svm,0.4763870602220093,1,0.4791798256019424,1,0.0027927653799331154,0.0027927653799331154,True
P41,sisyphus,1,sisyphus_s1_71.000,71.0,73.0,valence,3,multimodal,svm,0.5326360825087484,1,0.5496919962163103,1,0.017055913707561876,0.017055913707561876,True
P41,sisyphus,1,sisyphus_s1_72.000,72.0,74.0,valence,3,multimodal,svm,0.6035590173642831,1,0.60970047779737,1,0.006141460433086943,0.006141460433086943,True
P41,sisyphus,1,sisyphus_s1_73.000,73.0,75.0,valence,3,multimodal,svm,0.4433615314731516,0,0.48822343222149334,1,0.04486190074834173,0.04486190074834173,False
P41,sisyphus,1,sisyphus_s1_74.000,74.0,76.0,valence,3,multimodal,svm,0.5602102139767572,1,0.5583172288470823,1,-0.0018929851296748401,0.0018929851296748401,True
P41,sisyphus,1,sisyphus_s1_75.000,75.0,77.0,valence,3,multimodal,svm,0.4996294133858637,1,0.5082203614488859,1,0.008590948063022241,0.008590948063022241,True
P41,sisyphus,1,sisyphus_s1_76.000,76.0,78.0,valence,3,multimodal,svm,0.5344250488800516,1,0.5432645787730183,1,0.008839529892966658,0.008839529892966658,True
P41,sisyphus,1,sisyphus_s1_77.000,77.0,79.0,valence,3,multimodal,svm,0.5123257547504918,1,0.525707293612684,1,0.013381538862192177,0.013381538862192177,True
P41,sisyphus,1,sisyphus_s1_78.000,78.0,80.0,valence,3,multimodal,svm,0.5528309576446114,1,0.5541324335119855,1,0.0013014758673740578,0.0013014758673740578,True
P41,sisyphus,1,sisyphus_s1_79.000,79.0,81.0,valence,3,multimodal,svm,0.3420308406035577,0,0.3855103901311119,0,0.04347954952755417,0.04347954952755417,True
P41,sisyphus,1,sisyphus_s1_80.000,80.0,82.0,valence,3,multimodal,svm,0.4966090052443508,1,0.5013288572067836,1,0.004719851962432742,0.004719851962432742,True
P41,sisyphus,1,sisyphus_s1_81.000,81.0,83.0,valence,3,multimodal,svm,0.460397623107106,0,0.48781762974993825,1,0.02742000664283223,0.02742000664283223,False
P41,sisyphus,1,sisyphus_s1_82.000,82.0,84.0,valence,3,multimodal,svm,0.5421787732508754,1,0.5435297985787596,1,0.0013510253278842255,0.0013510253278842255,True
P41,sisyphus,1,sisyphus_s1_83.000,83.0,85.0,valence,3,multimodal,svm,0.5328115814880642,1,0.5180589597778065,1,-0.014752621710257707,0.014752621710257707,True
P41,sisyphus,1,sisyphus_s1_84.000,84.0,86.0,valence,3,multimodal,svm,0.6526577491315441,1,0.6029109557717576,1,-0.04974679335978649,0.04974679335978649,True
P41,sisyphus,1,sisyphus_s1_85.000,85.0,87.0,valence,3,multimodal,svm,0.7121425881154176,1,0.7183884225033464,1,0.006245834387928806,0.006245834387928806,True
P41,sisyphus,1,sisyphus_s1_86.000,86.0,88.0,valence,3,multimodal,svm,0.4798838720016163,1,0.5381416327764518,1,0.058257760774835465,0.058257760774835465,True
P41,sisyphus,1,sisyphus_s1_87.000,87.0,89.0,valence,3,multimodal,svm,0.4765270985774592,1,0.47758001565952657,1,0.001052917082067395,0.001052917082067395,True
P41,sisyphus,1,sisyphus_s1_88.000,88.0,90.0,valence,3,multimodal,svm,0.4746431420945604,1,0.47572090842056525,1,0.0010777663260048698,0.0010777663260048698,True
P41,sisyphus,1,sisyphus_s1_89.000,89.0,91.0,valence,3,multimodal,svm,0.4878982755439326,1,0.4922096347041311,1,0.00431135916019848,0.00431135916019848,True
P41,sisyphus,1,sisyphus_s1_90.000,90.0,92.0,valence,3,multimodal,svm,0.4768773432373982,1,0.5007176600913573,1,0.023840316853959098,0.023840316853959098,True
P41,sisyphus,1,sisyphus_s1_91.000,91.0,93.0,valence,3,multimodal,svm,0.3654027067346977,0,0.3913816970893568,0,0.02597899035465906,0.02597899035465906,True
P41,sisyphus,1,sisyphus_s1_92.000,92.0,94.0,valence,3,multimodal,svm,0.6372863066393171,1,0.6419255182264191,1,0.00463921158710201,0.00463921158710201,True
P41,sisyphus,1,sisyphus_s1_93.000,93.0,95.0,valence,3,multimodal,svm,0.640841866025612,1,0.6900543650121866,1,0.04921249898657465,0.04921249898657465,True
P41,sisyphus,1,sisyphus_s1_94.000,94.0,96.0,valence,3,multimodal,svm,0.634755484001163,1,0.6380547696446446,1,0.0032992856434815865,0.0032992856434815865,True
P41,sisyphus,1,sisyphus_s1_95.000,95.0,97.0,valence,3,multimodal,svm,0.4809718526830275,1,0.5031663159565908,1,0.02219446327356328,0.02219446327356328,True
P41,sisyphus,1,sisyphus_s1_96.000,96.0,98.0,valence,3,multimodal,svm,0.5481924499497163,1,0.6130013228673002,1,0.06480887291758397,0.06480887291758397,True
P41,sisyphus,1,sisyphus_s1_97.000,97.0,99.0,valence,3,multimodal,svm,0.5661166656084908,1,0.5894827951379467,1,0.023366129529455826,0.023366129529455826,True
P41,sisyphus,1,sisyphus_s1_98.000,98.0,100.0,valence,3,multimodal,svm,0.5341694187063799,1,0.5364140403935955,1,0.00224462168721562,0.00224462168721562,True
P41,sisyphus,1,sisyphus_s1_99.000,99.0,101.0,valence,3,multimodal,svm,0.5428974786935755,1,0.593921696292489,1,0.05102421759891351,0.05102421759891351,True
P41,sisyphus,1,sisyphus_s1_100.000,100.0,102.0,valence,3,multimodal,svm,0.6547170295063958,1,0.6572087848176955,1,0.002491755311299748,0.002491755311299748,True
P41,sisyphus,1,sisyphus_s1_101.000,101.0,103.0,valence,3,multimodal,svm,0.4768225722399156,1,0.47777541864715256,1,0.0009528464072369736,0.0009528464072369736,True
P41,sisyphus,1,sisyphus_s1_102.000,102.0,104.0,valence,3,multimodal,svm,0.4916595455646003,1,0.48631843162210864,1,-0.005341113942491649,0.005341113942491649,True
P41,sisyphus,1,sisyphus_s1_103.000,103.0,105.0,valence,3,multimodal,svm,0.4904183932325681,1,0.5012621001674993,1,0.010843706934931197,0.010843706934931197,True
P41,sisyphus,1,sisyphus_s1_104.000,104.0,106.0,valence,3,multimodal,svm,0.3718848799833428,0,0.4051803020469446,0,0.03329542206360181,0.03329542206360181,True
P41,sisyphus,1,sisyphus_s1_105.000,105.0,107.0,valence,3,multimodal,svm,0.450276049572861,0,0.4404518453262525,0,-0.009824204246608514,0.009824204246608514,True
P41,sisyphus,1,sisyphus_s1_106.000,106.0,108.0,valence,3,multimodal,svm,0.45953524091565,0,0.46382004384137904,0,0.0042848029257290254,0.0042848029257290254,True
P41,sisyphus,1,sisyphus_s1_107.000,107.0,109.0,valence,3,multimodal,svm,0.4729774931728657,1,0.4654843403845924,0,-0.007493152788273283,0.007493152788273283,False
P41,sisyphus,1,sisyphus_s1_108.000,108.0,110.0,valence,3,multimodal,svm,0.4706367836886185,0,0.4899764955225478,1,0.019339711833929296,0.019339711833929296,False
P41,sisyphus,1,sisyphus_s1_109.000,109.0,111.0,valence,3,multimodal,svm,0.5530263750273181,1,0.5582377889226064,1,0.0052114138952883415,0.0052114138952883415,True
P41,sisyphus,1,sisyphus_s1_110.000,110.0,112.0,valence,3,multimodal,svm,0.4933926307187349,1,0.4848585361594442,1,-0.008534094559290717,0.008534094559290717,True
P41,sisyphus,1,sisyphus_s1_111.000,111.0,113.0,valence,3,multimodal,svm,0.5028767376158452,1,0.500862583575982,1,-0.0020141540398631586,0.0020141540398631586,True
P41,sisyphus,1,sisyphus_s1_112.000,112.0,114.0,valence,3,multimodal,svm,0.4755065918100437,1,0.47558734739335645,1,8.075558331277488e-05,8.075558331277488e-05,True
P41,sisyphus,1,sisyphus_s1_113.000,113.0,115.0,valence,3,multimodal,svm,0.475702308631583,1,0.47569206259709446,1,-1.02460344885702e-05,1.02460344885702e-05,True
P41,sisyphus,1,sisyphus_s1_114.000,114.0,116.0,valence,3,multimodal,svm,0.4754312471080297,1,0.4754550934048282,1,2.3846296798524236e-05,2.3846296798524236e-05,True
P41,sisyphus,1,sisyphus_s1_115.000,115.0,117.0,valence,3,multimodal,svm,0.4812074332732717,1,0.4794655527094799,1,-0.00174188056379182,0.00174188056379182,True
P41,sisyphus,1,sisyphus_s1_116.000,116.0,118.0,valence,3,multimodal,svm,0.4867762605816946,1,0.483183318952773,1,-0.0035929416289215976,0.0035929416289215976,True
P41,sisyphus,1,sisyphus_s1_117.000,117.0,119.0,valence,3,multimodal,svm,0.5656404591433374,1,0.5546834919736772,1,-0.010956967169660214,0.010956967169660214,True
P41,sisyphus,1,sisyphus_s1_118.000,118.0,120.0,valence,3,multimodal,svm,0.5014867245337397,1,0.48948446230373005,1,-0.012002262230009608,0.012002262230009608,True
P41,sisyphus,1,sisyphus_s1_119.000,119.0,121.0,valence,3,multimodal,svm,0.4882582353167191,1,0.4839227541387358,1,-0.004335481177983269,0.004335481177983269,True
P41,sisyphus,1,sisyphus_s1_120.000,120.0,122.0,valence,3,multimodal,svm,0.5496501262278869,1,0.550115531828103,1,0.00046540560021612887,0.00046540560021612887,True
P41,sisyphus,1,sisyphus_s1_121.000,121.0,123.0,valence,3,multimodal,svm,0.4951889825199398,1,0.4933106815825283,1,-0.0018783009374115367,0.0018783009374115367,True
P41,sisyphus,1,sisyphus_s1_122.000,122.0,124.0,valence,3,multimodal,svm,0.4966256295237513,1,0.49366089968314664,1,-0.0029647298406046407,0.0029647298406046407,True
P41,sisyphus,1,sisyphus_s1_123.000,123.0,125.0,valence,3,multimodal,svm,0.5084533132425026,1,0.5135241838799057,1,0.00507087063740308,0.00507087063740308,True
P41,sisyphus,1,sisyphus_s1_124.000,124.0,126.0,valence,3,multimodal,svm,0.5241432169034348,1,0.567333575439878,1,0.04319035853644315,0.04319035853644315,True
P41,sisyphus,1,sisyphus_s1_125.000,125.0,127.0,valence,3,multimodal,svm,0.7111551584606893,1,0.6916452809442614,1,-0.019509877516427965,0.019509877516427965,True
P41,sisyphus,1,sisyphus_s1_126.000,126.0,128.0,valence,3,multimodal,svm,0.6195570933004477,1,0.605204900123974,1,-0.014352193176473738,0.014352193176473738,True
P41,sisyphus,1,sisyphus_s1_127.000,127.0,129.0,valence,3,multimodal,svm,0.5850035340493817,1,0.5835940173947667,1,-0.0014095166546149729,0.0014095166546149729,True
P41,sisyphus,1,sisyphus_s1_128.000,128.0,130.0,valence,3,multimodal,svm,0.7270545822601975,1,0.6875758423848434,1,-0.03947873987535411,0.03947873987535411,True
P41,sisyphus,1,sisyphus_s1_129.000,129.0,131.0,valence,3,multimodal,svm,0.6312437209502386,1,0.5919108807509151,1,-0.03933284019932348,0.03933284019932348,True
P41,shape_sorter_interaction,1,shape_sorter_interaction_s1_24.000,24.0,26.0,valence,3,multimodal,svm,0.4757805474989604,1,0.4758391590973865,1,5.8611598426072664e-05,5.8611598426072664e-05,True
P41,shape_sorter_interaction,1,shape_sorter_interaction_s1_25.000,25.0,27.0,valence,3,multimodal,svm,0.4756497923600319,1,0.4759430201679943,1,0.0002932278079623707,0.0002932278079623707,True
P41,shape_sorter_interaction,1,shape_sorter_interaction_s1_26.000,26.0,28.0,valence,3,multimodal,svm,0.4757024574918385,1,0.47647598093377913,1,0.0007735234419406489,0.0007735234419406489,True
P41,shape_sorter_interaction,1,shape_sorter_interaction_s1_27.000,27.0,29.0,valence,3,multimodal,svm,0.5080755011392994,1,0.5150774024705588,1,0.00700190133125933,0.00700190133125933,True
P41,shape_sorter_interaction,1,shape_sorter_interaction_s1_28.000,28.0,30.0,valence,3,multimodal,svm,0.6968181658474689,1,0.7454420743216563,1,0.048623908474187405,0.048623908474187405,True
P41,shape_sorter_interaction,1,shape_sorter_interaction_s1_29.000,29.0,31.0,valence,3,multimodal,svm,0.4651267189069602,0,0.4796830823415308,1,0.014556363434570563,0.014556363434570563,False
P41,shape_sorter_interaction,1,shape_sorter_interaction_s1_30.000,30.0,32.0,valence,3,multimodal,svm,0.4736431810767158,1,0.4861693449786705,1,0.012526163901954657,0.012526163901954657,True
P41,shape_sorter_interaction,1,shape_sorter_interaction_s1_31.000,31.0,33.0,valence,3,multimodal,svm,0.542863379831985,1,0.5388797068789689,1,-0.003983672953016049,0.003983672953016049,True
P41,shape_sorter_interaction,1,shape_sorter_interaction_s1_32.000,32.0,34.0,valence,3,multimodal,svm,0.4987603647001364,1,0.4853148636378309,1,-0.01344550106230552,0.01344550106230552,True
P41,shape_sorter_interaction,1,shape_sorter_interaction_s1_33.000,33.0,35.0,valence,3,multimodal,svm,0.6298234208312574,1,0.6702265919504101,1,0.0404031711191527,0.0404031711191527,True
P41,shape_sorter_interaction,1,shape_sorter_interaction_s1_34.000,34.0,36.0,valence,3,multimodal,svm,0.5904599693957439,1,0.6068254683235402,1,0.016365498927796374,0.016365498927796374,True
P41,shape_sorter_interaction,1,shape_sorter_interaction_s1_35.000,35.0,37.0,valence,3,multimodal,svm,0.4818522395331283,1,0.4836566887879703,1,0.0018044492548420221,0.0018044492548420221,True
P41,shape_sorter_interaction,1,shape_sorter_interaction_s1_36.000,36.0,38.0,valence,3,multimodal,svm,0.5590511222039146,1,0.5845647133724554,1,0.025513591168540795,0.025513591168540795,True
P41,shape_sorter_interaction,1,shape_sorter_interaction_s1_37.000,37.0,39.0,valence,3,multimodal,svm,0.5095436219485432,1,0.5103290121927122,1,0.0007853902441690153,0.0007853902441690153,True
P41,shape_sorter_interaction,1,shape_sorter_interaction_s1_38.000,38.0,40.0,valence,3,multimodal,svm,0.4775815717084919,1,0.4800322410549223,1,0.002450669346430401,0.002450669346430401,True
P41,shape_sorter_interaction,1,shape_sorter_interaction_s1_39.000,39.0,41.0,valence,3,multimodal,svm,0.5018953540530713,1,0.5100543139063465,1,0.008158959853275194,0.008158959853275194,True
P41,shape_sorter_interaction,1,shape_sorter_interaction_s1_40.000,40.0,42.0,valence,3,multimodal,svm,0.475728501746391,1,0.47572915600434584,1,6.54257954868509e-07,6.54257954868509e-07,True
P41,shape_sorter_interaction,1,shape_sorter_interaction_s1_41.000,41.0,43.0,valence,3,multimodal,svm,0.4759868833742392,1,0.4760323738868981,1,4.54905126588967e-05,4.54905126588967e-05,True
P41,shape_sorter_interaction,1,shape_sorter_interaction_s1_42.000,42.0,44.0,valence,3,multimodal,svm,0.5271788388319042,1,0.4926079335130185,1,-0.03457090531888568,0.03457090531888568,True
P41,shape_sorter_interaction,1,shape_sorter_interaction_s1_43.000,43.0,45.0,valence,3,multimodal,svm,0.4918772848287877,1,0.4965552342378048,1,0.0046779494090171125,0.0046779494090171125,True
P41,shape_sorter_interaction,1,shape_sorter_interaction_s1_44.000,44.0,46.0,valence,3,multimodal,svm,0.4854698965490931,1,0.4905132347723518,1,0.005043338223258698,0.005043338223258698,True
P41,shape_sorter_interaction,1,shape_sorter_interaction_s1_45.000,45.0,47.0,valence,3,multimodal,svm,0.4816983043711862,1,0.48130921896489204,1,-0.0003890854062941762,0.0003890854062941762,True
P41,shape_sorter_interaction,1,shape_sorter_interaction_s1_46.000,46.0,48.0,valence,3,multimodal,svm,0.50931408109327,1,0.5229732401035443,1,0.013659159010274258,0.013659159010274258,True
P41,shape_sorter_interaction,1,shape_sorter_interaction_s1_47.000,47.0,49.0,valence,3,multimodal,svm,0.6652504478759035,1,0.7236144287013762,1,0.05836398082547267,0.05836398082547267,True
P41,shape_sorter_interaction,1,shape_sorter_interaction_s1_48.000,48.0,50.0,valence,3,multimodal,svm,0.5338663061336819,1,0.5389012106516867,1,0.005034904518004812,0.005034904518004812,True
P41,shape_sorter_interaction,1,shape_sorter_interaction_s1_49.000,49.0,51.0,valence,3,multimodal,svm,0.4728641525585378,1,0.4735529355694981,1,0.0006887830109603144,0.0006887830109603144,True
P41,shape_sorter_interaction,1,shape_sorter_interaction_s1_50.000,50.0,52.0,valence,3,multimodal,svm,0.5150035289891003,1,0.5550289053393445,1,0.04002537635024417,0.04002537635024417,True
P41,shape_sorter_interaction,1,shape_sorter_interaction_s1_51.000,51.0,53.0,valence,3,multimodal,svm,0.5287442799219394,1,0.5285536361923984,1,-0.00019064372954102904,0.00019064372954102904,True
P41,shape_sorter_interaction,1,shape_sorter_interaction_s1_52.000,52.0,54.0,valence,3,multimodal,svm,0.6250494644827247,1,0.6207623939746271,1,-0.0042870705080976235,0.0042870705080976235,True
P41,shape_sorter_interaction,1,shape_sorter_interaction_s1_53.000,53.0,55.0,valence,3,multimodal,svm,0.6590010002348274,1,0.6552660455683851,1,-0.0037349546664423583,0.0037349546664423583,True
P41,shape_sorter_interaction,1,shape_sorter_interaction_s1_54.000,54.0,56.0,valence,3,multimodal,svm,0.6603136248376011,1,0.6985243990041237,1,0.03821077416652252,0.03821077416652252,True
P41,shape_sorter_interaction,1,shape_sorter_interaction_s1_55.000,55.0,57.0,valence,3,multimodal,svm,0.4713825960061352,1,0.49718900704529195,1,0.025806411039156762,0.025806411039156762,True
P41,shape_sorter_interaction,1,shape_sorter_interaction_s1_56.000,56.0,58.0,valence,3,multimodal,svm,0.2215854004974345,0,0.22963828218590804,0,0.00805288168847354,0.00805288168847354,True
P41,shape_sorter_interaction,1,shape_sorter_interaction_s1_57.000,57.0,59.0,valence,3,multimodal,svm,0.4926965626313311,1,0.49831933333280426,1,0.0056227707014731565,0.0056227707014731565,True
P41,shape_sorter_interaction,1,shape_sorter_interaction_s1_58.000,58.0,60.0,valence,3,multimodal,svm,0.4758045719018457,1,0.4758222937073975,1,1.7721805551762504e-05,1.7721805551762504e-05,True
P41,shape_sorter_interaction,1,shape_sorter_interaction_s1_59.000,59.0,61.0,valence,3,multimodal,svm,0.4958923969400047,1,0.48826843218422744,1,-0.007623964755777257,0.007623964755777257,True
P41,shape_sorter_interaction,1,shape_sorter_interaction_s1_60.000,60.0,62.0,valence,3,multimodal,svm,0.5122789116484217,1,0.5424466436657012,1,0.030167732017279514,0.030167732017279514,True
P41,shape_sorter_interaction,1,shape_sorter_interaction_s1_61.000,61.0,63.0,valence,3,multimodal,svm,0.4779114474981295,1,0.4787562268556567,1,0.0008447793575271922,0.0008447793575271922,True
P41,shape_sorter_interaction,1,shape_sorter_interaction_s1_62.000,62.0,64.0,valence,3,multimodal,svm,0.4874318473436608,1,0.4933965960992733,1,0.005964748755612481,0.005964748755612481,True
P41,shape_sorter_interaction,1,shape_sorter_interaction_s1_63.000,63.0,65.0,valence,3,multimodal,svm,0.5815030832819348,1,0.5743097912769753,1,-0.0071932920049594395,0.0071932920049594395,True
P41,shape_sorter_interaction,1,shape_sorter_interaction_s1_64.000,64.0,66.0,valence,3,multimodal,svm,0.5012970020337424,1,0.5121082642939608,1,0.010811262260218446,0.010811262260218446,True
P41,shape_sorter_interaction,1,shape_sorter_interaction_s1_65.000,65.0,67.0,valence,3,multimodal,svm,0.4700085467393048,0,0.48480345232598643,1,0.014794905586681617,0.014794905586681617,False
P41,shape_sorter_interaction,1,shape_sorter_interaction_s1_66.000,66.0,68.0,valence,3,multimodal,svm,0.5131543169882107,1,0.49148367830448847,1,-0.02167063868372221,0.02167063868372221,True
P41,shape_sorter_interaction,1,shape_sorter_interaction_s1_67.000,67.0,69.0,valence,3,multimodal,svm,0.5545815082627054,1,0.5395433385176427,1,-0.015038169745062668,0.015038169745062668,True
P41,shape_sorter_interaction,1,shape_sorter_interaction_s1_68.000,68.0,70.0,valence,3,multimodal,svm,0.4752204372719246,1,0.4805413525623221,1,0.005320915290397521,0.005320915290397521,True
P41,shape_sorter_interaction,1,shape_sorter_interaction_s1_69.000,69.0,71.0,valence,3,multimodal,svm,0.6368845221536636,1,0.6577590736539108,1,0.020874551500247196,0.020874551500247196,True
P41,shape_sorter_interaction,1,shape_sorter_interaction_s1_70.000,70.0,72.0,valence,3,multimodal,svm,0.4826000144913053,1,0.46125537631963376,0,-0.021344638171671537,0.021344638171671537,False
P41,shape_sorter_interaction,1,shape_sorter_interaction_s1_71.000,71.0,73.0,valence,3,multimodal,svm,0.4769938634691895,1,0.47753682194212754,1,0.0005429584729380599,0.0005429584729380599,True
P41,shape_sorter_interaction,1,shape_sorter_interaction_s1_72.000,72.0,74.0,valence,3,multimodal,svm,0.476901786647508,1,0.47679915104284315,1,-0.00010263560466483579,0.00010263560466483579,True
P41,shape_sorter_interaction,1,shape_sorter_interaction_s1_73.000,73.0,75.0,valence,3,multimodal,svm,0.5915024850208189,1,0.6055840536318176,1,0.01408156861099863,0.01408156861099863,True
P41,shape_sorter_interaction,1,shape_sorter_interaction_s1_74.000,74.0,76.0,valence,3,multimodal,svm,0.5239307259846049,1,0.5331677574920765,1,0.009237031507471571,0.009237031507471571,True
P41,shape_sorter_interaction,1,shape_sorter_interaction_s1_75.000,75.0,77.0,valence,3,multimodal,svm,0.517487992108513,1,0.5389254264977272,1,0.021437434389214194,0.021437434389214194,True
P41,shape_sorter_interaction,1,shape_sorter_interaction_s1_76.000,76.0,78.0,valence,3,multimodal,svm,0.4757483743364625,1,0.475758481501986,1,1.0107165523520756e-05,1.0107165523520756e-05,True
P41,shape_sorter_interaction,1,shape_sorter_interaction_s1_77.000,77.0,79.0,valence,3,multimodal,svm,0.4653228555848914,0,0.4608077881424998,0,-0.004515067442391607,0.004515067442391607,True
P41,shape_sorter_interaction,1,shape_sorter_interaction_s1_78.000,78.0,80.0,valence,3,multimodal,svm,0.4757240809792861,1,0.47572394459016737,1,-1.3638911872115855e-07,1.3638911872115855e-07,True
P41,shape_sorter_interaction,1,shape_sorter_interaction_s1_79.000,79.0,81.0,valence,3,multimodal,svm,0.4758017631934759,1,0.4758587892110249,1,5.702601754903336e-05,5.702601754903336e-05,True
P41,shape_sorter_interaction,1,shape_sorter_interaction_s1_80.000,80.0,82.0,valence,3,multimodal,svm,0.4785971058203475,1,0.4796247875995098,1,0.0010276817791623483,0.0010276817791623483,True
P41,shape_sorter_interaction,1,shape_sorter_interaction_s1_81.000,81.0,83.0,valence,3,multimodal,svm,0.4793044407978707,1,0.4791997368186684,1,-0.00010470397920231411,0.00010470397920231411,True
